Date,SPY/Gold/BTC/BIL/IEF/VXUS/TIP 35/40/10/15/0/0/0,SPY/Gold/BTC/BIL/IEF/VXUS/TIP 10/10/0/50/0/0/30
2016-01-05,10015.587808794684,10002.854053038734
2016-01-06,10014.341727954443,10010.122728288346
2016-01-07,10057.232265076213,9999.73143837396
2016-01-08,9972.187391438641,9982.37862568474
2016-01-09,9959.213170061743,9982.37862568474
2016-01-10,9960.090595082844,9982.37862568474
2016-01-11,9959.571568562867,9966.312879404377
2016-01-12,9916.919902153282,9973.15302554092
2016-01-13,9831.902827214164,9956.064423372529
2016-01-14,9830.180984519951,9955.017283703904
2016-01-15,9671.593848535442,9950.892367564085
2016-01-16,9725.173851136995,9950.892367564085
2016-01-17,9713.081705443854,9950.892367564085
2016-01-18,9724.324118698074,9950.892367564085
2016-01-19,9706.845165134237,9948.745513846092
2016-01-20,9821.423859759492,9954.388808488497
2016-01-21,9787.080457127642,9942.32039488749
2016-01-22,9781.91914862306,9961.77538376049
2016-01-23,9793.46174101235,9961.77538376049
2016-01-24,9829.20483164263,9961.77538376049
2016-01-25,9786.909204825282,9962.63408314472
2016-01-26,9889.809229279555,9996.322843467282
2016-01-27,9839.769287025403,9989.538287677244
2016-01-28,9821.070424343048,10000.215793613368
2016-01-29,9902.758626935287,10037.246274977735
2016-01-30,9899.9439895242,10037.246274977735
2016-01-31,9878.036338437207,10037.246274977735
2016-02-01,9928.328510095273,10039.621833476116
2016-02-02,9867.649014091381,10030.190174579233
2016-02-03,9925.815349707033,10053.564000049206
2016-02-04,10041.805853555827,10071.413604565943
2016-02-05,9969.215573586724,10044.302205539954
2016-02-06,9942.356567653895,10044.302205539954
2016-02-07,9942.619055344458,10044.302205539954
2016-02-08,10030.566368999738,10068.30879356254
2016-02-09,10040.816237808585,10063.421120864003
2016-02-10,10038.533869868746,10068.979353481302
2016-02-11,10178.792183960233,10115.965085225289
2016-02-12,10226.950587282827,10115.134221002787
2016-02-13,10247.300372618778,10115.134221002787
2016-02-14,10288.471538272574,10115.134221002787
2016-02-15,10269.60030007435,10115.134221002787
2016-02-16,10234.955925607639,10090.970739190505
2016-02-17,10325.271718635871,10104.775609180531
2016-02-18,10380.792693098521,10123.646592522859
2016-02-19,10390.152487977695,10129.47867566752
2016-02-20,10434.026353109986,10129.47867566752
2016-02-21,10438.403300607928,10129.47867566752
2016-02-22,10411.235656245399,10132.388141670055
2016-02-23,10366.73961155916,10139.242547505786
2016-02-24,10452.114442232958,10166.404896196073
2016-02-25,10490.681056701867,10189.413221881454
2016-02-26,10437.907710936921,10162.700592831505
2016-02-27,10438.890793143935,10162.700592831505
2016-02-28,10441.52923995199,10162.700592831505
2016-02-29,10475.68167781517,10178.820563543259
2016-03-01,10543.486012805499,10191.382621744917
2016-03-02,10570.026676021962,10210.356764423579
2016-03-03,10634.905010947154,10235.24753076249
2016-03-04,10664.028818541503,10239.499153029736
2016-03-05,10639.212057119885,10239.499153029736
2016-03-06,10656.293479342106,10239.499153029736
2016-03-07,10652.401561247178,10222.62802189881
2016-03-08,10606.002578884249,10220.73462625393
2016-03-09,10608.35850224169,10220.569240594983
2016-03-10,10669.122213553275,10223.552862477549
2016-03-11,10695.517617647529,10227.316588298909
2016-03-12,10671.425994061083,10227.316588298909
2016-03-13,10677.268218076175,10227.316588298909
2016-03-14,10629.461067124965,10210.632428957413
2016-03-15,10576.604411788618,10191.39038057246
2016-03-16,10595.809348887997,10229.977104676247
2016-03-17,10748.077797571834,10271.453590039122
2016-03-18,10700.471928606816,10277.146692038874
2016-03-19,10702.616373292618,10277.146692038874
2016-03-20,10710.540812195402,10277.146692038874
2016-03-21,10681.374557747371,10272.356890800402
2016-03-22,10705.666937903621,10267.551516740643
2016-03-23,10596.303515723961,10242.33983028054
2016-03-24,10583.180853017322,10234.040834376394
2016-03-25,10585.054831808313,10234.040834376394
2016-03-26,10586.892948121762,10234.040834376394
2016-03-27,10608.0024350571,10234.040834376394
2016-03-28,10599.128992285483,10237.228777776807
2016-03-29,10669.775962205757,10292.344318540894
2016-03-30,10653.298417796346,10291.819547607744
2016-03-31,10673.147911672126,10298.44870241756
2016-04-01,10660.237275707545,10297.876443687244
2016-04-02,10667.697956304057,10297.876443687244
2016-04-03,10667.77736765295,10297.876443687244
2016-04-04,10642.453679539458,10294.788130854542
2016-04-05,10647.958062969492,10297.501394415378
2016-04-06,10666.503557098136,10295.668501084752
2016-04-07,10666.93618759198,10304.377593422269
2016-04-08,10692.938584830385,10307.315742167857
2016-04-09,10690.536235204763,10307.315742167857
2016-04-10,10696.050399824035,10307.315742167857
2016-04-11,10738.449211528252,10307.820120090913
2016-04-12,10789.257411734234,10306.657655852006
2016-04-13,10780.100629875684,10310.38746625163
2016-04-14,10706.276447302376,10284.97042907849
2016-04-15,10743.675481547672,10300.501339074257
2016-04-16,10745.875472923008,10300.501339074257
2016-04-17,10737.74886251096,10300.501339074257
2016-04-18,10769.41791789724,10308.819326502107
2016-04-19,10866.240711930335,10333.704700477805
2016-04-20,10885.627427709827,10321.93887979024
2016-04-21,10870.790816223958,10307.872784654632
2016-04-22,10791.474412453554,10290.173525688178
2016-04-23,10803.114975054197,10290.173525688178
2016-04-24,10824.30350178702,10290.173525688178
2016-04-25,10860.046625742027,10292.253022876408
2016-04-26,10889.389120479542,10296.336051128243
2016-04-27,10866.60443546622,10322.927266689383
2016-04-28,10899.52866306363,10343.176955304545
2016-04-29,10977.088466208557,10357.119701008163
2016-04-30,10959.726300287886,10357.119701008163
2016-05-01,10968.421873957592,10357.119701008163
2016-05-02,10999.639941078807,10358.361957684683
2016-05-03,10966.522336106715,10348.547744534199
2016-05-04,10876.858851245472,10331.178363602545
2016-05-05,10872.719577052234,10339.459687819406
2016-05-06,10988.556741354669,10350.811437727825
2016-05-07,10985.948352749932,10350.811437727825
2016-05-08,10985.977672222567,10350.811437727825
2016-05-09,10901.035629394635,10331.626536217049
2016-05-10,10919.408598303262,10352.577501020014
2016-05-11,10923.304461921482,10348.580255464181
2016-05-12,10914.778043588361,10343.26220427068
2016-05-13,10888.965594203873,10343.084330134983
2016-05-14,10888.967981540067,10343.084330134983
2016-05-15,10893.605456701214,10343.084330134983
2016-05-16,10927.93526487535,10350.913341218189
2016-05-17,10900.647141562638,10345.639912372673
2016-05-18,10895.6648220687,10318.015705242186
2016-05-19,10776.917510233283,10296.303580982612
2016-05-20,10804.821388406717,10300.83966295854
2016-05-21,10806.07302401069,10300.83966295854
2016-05-22,10796.624544188793,10300.83966295854
2016-05-23,10799.170675510797,10301.147480728365
2016-05-24,10776.878249356112,10291.424758343035
2016-05-25,10793.932398957002,10297.73010959887
2016-05-26,10792.738205713546,10304.223993725322
2016-05-27,10837.495667033676,10300.756597999714
2016-05-28,10975.80315447269,10300.756597999714
2016-05-29,10966.496422737313,10300.756597999714
2016-05-30,10985.151515382948,10300.756597999714
2016-05-31,10975.058170028362,10294.95556779668
2016-06-01,10983.879012478988,10289.897145881956
2016-06-02,10989.817677313893,10300.686850889399
2016-06-03,11152.627196507083,10344.431491444668
2016-06-04,11159.924171065664,10344.431491444668
2016-06-05,11164.571241466072,10344.431491444668
2016-06-06,11222.59297683497,10358.140658919296
2016-06-07,11209.446268773863,10367.981546782938
2016-06-08,11288.154496088027,10391.7253427445
2016-06-09,11305.219298243957,10397.944103053527
2016-06-10,11285.856457458547,10390.795240221165
2016-06-11,11346.282869546867,10390.795240221165
2016-06-12,11482.714674527646,10390.795240221165
2016-06-13,11558.059164352286,10388.108240433463
2016-06-14,11516.02541243929,10379.264378435148
2016-06-15,11529.842719988572,10392.626130114679
2016-06-16,11727.147856120086,10399.29953912598
2016-06-17,11663.63793939229,10383.464790656308
2016-06-18,11678.752263580333,10383.464790656308
2016-06-19,11694.354061217766,10383.464790656308
2016-06-20,11655.30759788319,10380.101359165805
2016-06-21,11449.934826192744,10357.010356433857
2016-06-22,11288.960686942948,10361.605651894593
2016-06-23,11371.796637350886,10370.29201176047
2016-06-24,11529.976501813377,10401.14940971279
2016-06-25,11529.612945198936,10401.14940971279
2016-06-26,11455.76380608249,10401.14940971279
2016-06-27,11451.328278063067,10394.52158881064
2016-06-28,11474.46366153858,10416.99852886316
2016-06-29,11554.522797169926,10439.457905684132
2016-06-30,11655.616911859552,10454.658101767905
2016-07-01,11734.789836575243,10498.009417477911
2016-07-02,11782.23025900782,10498.009417477911
2016-07-03,11704.268408679849,10498.009417477911
2016-07-04,11747.540493429844,10498.009417477911
2016-07-05,11765.233665104126,10511.225359714994
2016-07-06,11830.858097801158,10530.620163594358
2016-07-07,11748.08627316502,10520.82917627394
2016-07-08,11841.026186982594,10539.50073937542
2016-07-09,11814.086298617827,10539.50073937542
2016-07-10,11811.316598662213,10539.50073937542
2016-07-11,11817.702334894238,10527.728874772438
2016-07-12,11802.451897253331,10506.071738205714
2016-07-13,11814.148745510507,10520.399144752573
2016-07-14,11804.897341069944,10510.629435159124
2016-07-15,11790.853635348407,10500.721403728967
2016-07-16,11786.546891907981,10500.721403728967
2016-07-17,11818.903094147423,10500.721403728967
2016-07-18,11825.921260657984,10502.963536048966
2016-07-19,11832.56227651023,10505.73741749937
2016-07-20,11792.751188266093,10494.48734864215
2016-07-21,11816.992139655582,10501.02419132463
2016-07-22,11784.798136328143,10497.296201946667
2016-07-23,11793.344216435322,10497.296201946667
2016-07-24,11803.26114746465,10497.296201946667
2016-07-25,11765.508668867706,10483.443602064473
2016-07-26,11768.403130374736,10490.453015875792
2016-07-27,11789.616643792764,10507.280220568246
2016-07-28,11815.441677580206,10516.221889253962
2016-07-29,11885.084503249649,10539.377711051391
2016-07-30,11881.717651123556,10539.377711051391
2016-07-31,11829.153468666282,10539.377711051391
2016-08-01,11798.890976872419,10520.515586765474
2016-08-02,11707.01410384751,10509.601853099155
2016-08-03,11725.294852729063,10513.981340236656
2016-08-04,11761.751012891684,10530.242195150691
2016-08-05,11710.785886847174,10513.730143746556
2016-08-06,11734.901249543384,10513.730143746556
2016-08-07,11744.202740840126,10513.730143746556
2016-08-08,11728.103210204235,10512.926502976865
2016-08-09,11744.064321426415,10525.537118169952
2016-08-10,11760.504335766092,10527.870782958687
2016-08-11,11767.80128646319,10522.948752012218
2016-08-12,11737.721669874534,10524.939065407501
2016-08-13,11733.989307509097,10524.939065407501
2016-08-14,11705.367093852064,10524.939065407501
2016-08-15,11727.041781861384,10523.365647988323
2016-08-16,11760.584707738395,10521.506270769443
2016-08-17,11733.04712283613,10526.905020911152
2016-08-18,11774.679858500625,10542.508352464345
2016-08-19,11732.79310279208,10526.206011606639
2016-08-20,11744.281793339545,10526.206011606639
2016-08-21,11743.545098770526,10526.206011606639
2016-08-22,11744.193861634962,10530.56424764564
2016-08-23,11756.436081549606,10539.310738564036
2016-08-24,11672.523078679395,10517.482644561438
2016-08-25,11649.607009355566,10510.61288411188
2016-08-26,11650.279125971012,10497.497113651638
2016-08-27,11631.903369847982,10497.497113651638
2016-08-28,11639.411551930276,10497.497113651638
2016-08-29,11665.483408430997,10516.344002011256
2016-08-30,11625.763978957411,10503.12894556214
2016-08-31,11593.260619438335,10496.91344125558
2016-09-01,11605.867069656062,10503.88686854268
2016-09-02,11666.184983798394,10514.177865433281
2016-09-03,11711.86523408702,10514.177865433281
2016-09-04,11732.861030822434,10514.177865433281
2016-09-05,11728.743368916561,10514.177865433281
2016-09-06,11845.679979504408,10554.273056771333
2016-09-07,11835.106182198522,10553.017558864723
2016-09-08,11822.875481965455,10533.411764089506
2016-09-09,11694.897873002414,10482.135192191708
2016-09-10,11696.203209206213,10482.135192191708
2016-09-11,11662.37869712125,10482.135192191708
2016-09-12,11689.516107596211,10488.395293412179
2016-09-13,11626.761226278759,10459.028881850974
2016-09-14,11637.044569723454,10465.552754446257
2016-09-15,11641.306300762444,10468.596086579093
2016-09-16,11598.085034257263,10463.568003765957
2016-09-17,11596.092601340315,10463.568003765957
2016-09-18,11603.92929101748,10463.568003765957
2016-09-19,11630.698454848023,10466.133231144426
2016-09-20,11629.751763640179,10465.79732450966
2016-09-21,11699.127120299809,10502.75638300557
2016-09-22,11771.20891577378,10536.871623664349
2016-09-23,11750.713016340138,10537.242185354478
2016-09-24,11750.27589593655,10537.242185354478
2016-09-25,11746.651669805527,10537.242185354478
2016-09-26,11737.230032520218,10532.117109815608
2016-09-27,11709.053337736144,10529.064627981405
2016-09-28,11703.166770226237,10532.849177251934
2016-09-29,11676.500541720829,10524.638221072848
2016-09-30,11685.61096590802,10526.901288744035
2016-10-01,11693.75225861808,10526.901288744035
2016-10-02,11687.828447278507,10526.901288744035
2016-10-03,11664.68641325523,10516.794152174274
2016-10-04,11488.595967180165,10462.910326988514
2016-10-05,11507.065783054797,10461.500781473993
2016-10-06,11456.06927905063,10451.513031938302
2016-10-07,11446.729998723413,10446.376574562619
2016-10-08,11450.53809631355,10446.376574562619
2016-10-09,11446.0228892185,10446.376574562619
2016-10-10,11471.497142616236,10447.490368568575
2016-10-11,11476.39832590108,10433.899859478464
2016-10-12,11465.961383677355,10433.806909203726
2016-10-13,11467.36161059954,10437.254224822156
2016-10-14,11469.563268726839,10433.285670404033
2016-10-15,11466.243889666317,10433.285670404033
2016-10-16,11471.964633660888,10433.285670404033
2016-10-17,11457.927058970963,10444.8227805506
2016-10-18,11503.490808186949,10458.322480779818
2016-10-19,11525.662988998649,10472.276794674744
2016-10-20,11510.176115307138,10462.455460288385
2016-10-21,11516.911321447897,10466.707381669674
2016-10-22,11563.800577387197,10466.707381669674
2016-10-23,11563.37315337877,10466.707381669674
2016-10-24,11560.35622045567,10463.130051595741
2016-10-25,11589.31143256011,10472.441381560098
2016-10-26,11595.99680163023,10462.553709307957
2016-10-27,11615.052330023065,10447.559830324746
2016-10-28,11633.136094336272,10455.260458127543
2016-10-29,11680.719124712898,10455.260458127543
2016-10-30,11656.54241323018,10455.260458127543
2016-10-31,11641.168035058738,10459.218270074985
2016-11-01,11713.6958662878,10463.023906838758
2016-11-02,11782.770241909804,10476.054236774775
2016-11-03,11660.201354814028,10457.382271816881
2016-11-04,11684.706765856394,10466.504600956989
2016-11-05,11685.010751044872,10466.504600956989
2016-11-06,11698.469114966125,10466.504600956989
2016-11-07,11680.777166535436,10465.808941474115
2016-11-08,11692.771642021977,10462.229016661007
2016-11-09,11754.887043990244,10447.164791079893
2016-11-10,11726.384486138842,10438.564930633649
2016-11-11,11717.493056237907,10425.149824943
2016-11-12,11698.632290657646,10425.149824943
2016-11-13,11693.611923068447,10425.149824943
2016-11-14,11540.365889438981,10368.002113398745
2016-11-15,11594.354365209987,10381.658571912325
2016-11-16,11638.401901827363,10385.648602008136
2016-11-17,11629.636090787571,10381.479603047168
2016-11-18,11608.179578572082,10366.741285435794
2016-11-19,11608.231070561325,10366.741285435794
2016-11-20,11574.036842026268,10366.741285435794
2016-11-21,11622.966451651253,10381.934930425947
2016-11-22,11656.4304236198,10387.91225471382
2016-11-23,11567.312926701261,10360.195646446155
2016-11-24,11560.163547808716,10360.195646446155
2016-11-25,11538.605561567452,10351.263302317766
2016-11-26,11528.197895284598,10351.263302317766
2016-11-27,11522.639395862918,10351.263302317766
2016-11-28,11554.006962531415,10359.805581535004
2016-11-29,11552.015638134964,10362.67921041316
2016-11-30,11495.983996281439,10347.629513614942
2016-12-01,11483.75663545734,10333.81867829578
2016-12-02,11550.228826261742,10342.093785280076
2016-12-03,11539.762620725012,10342.093785280076
2016-12-04,11543.951267128567,10342.093785280076
2016-12-05,11540.341551412703,10351.706310962836
2016-12-06,11536.878472911532,10356.502244761117
2016-12-07,11624.914920535573,10379.400041643043
2016-12-08,11618.661923641885,10374.37076263484
2016-12-09,11605.704269499845,10357.306991915886
2016-12-10,11608.565609463581,10357.306991915886
2016-12-11,11600.982197588892,10357.306991915886
2016-12-12,11627.925608640502,10358.028262840198
2016-12-13,11629.886629016859,10359.142612055206
2016-12-14,11615.056908079547,10329.979866207026
2016-12-15,11495.231675980524,10285.546057233672
2016-12-16,11526.724551818572,10287.313910465336
2016-12-17,11535.854229589018,10287.313910465336
2016-12-18,11535.39335145615,10287.313910465336
2016-12-19,11568.559491913882,10307.969432783306
2016-12-20,11561.394491505955,10306.007217842742
2016-12-21,11600.129664312135,10311.488765439684
2016-12-22,11630.206781291465,10316.077596919831
2016-12-23,11737.000801163964,10323.941103586807
2016-12-24,11701.293002240012,10323.941103586807
2016-12-25,11697.224515365993,10323.941103586807
2016-12-26,11714.841012719102,10323.941103586807
2016-12-27,11786.158593114387,10331.119365856086
2016-12-28,11825.891850972572,10331.984073700256
2016-12-29,11888.381873517832,10351.742284705804
2016-12-30,11828.531673344507,10350.09217426159
2016-12-31,11832.393527229597,10350.09217426159
2017-01-01,11874.85175632244,10350.09217426159
2017-01-02,11903.611880070548,10350.09217426159
2017-01-03,12005.994080419177,10372.65361278431
2017-01-04,12180.959245924607,10388.777117496742
2017-01-05,12069.130668279695,10411.823405014515
2017-01-06,11915.92381640379,10396.789272455764
2017-01-07,11923.761839055356,10396.789272455764
2017-01-08,11926.971130004327,10396.789272455764
2017-01-09,11950.539062954529,10408.696294492664
2017-01-10,11958.987754368007,10410.66486963276
2017-01-11,11858.639161936719,10434.894796415992
2017-01-12,11894.904045638319,10437.970390714925
2017-01-13,11913.234172005004,10431.65163536367
2017-01-14,11906.393100033738,10431.65163536367
2017-01-15,11910.55025847783,10431.65163536367
2017-01-16,11922.503700132045,10431.65163536367
2017-01-17,12070.21832135836,10452.854866238065
2017-01-18,12050.036733157433,10438.044913405385
2017-01-19,12006.962708185092,10422.325900954636
2017-01-20,12031.753624890278,10430.907558203766
2017-01-21,12064.612007260264,10430.907558203766
2017-01-22,12068.152815783624,10430.907558203766
2017-01-23,12096.37570612528,10449.295956638238
2017-01-24,12069.119964778472,10446.567233082316
2017-01-25,12063.37524061286,10434.967909988936
2017-01-26,12046.912866395947,10432.633372013373
2017-01-27,12036.361990735462,10432.656416134236
2017-01-28,12038.621091168334,10432.656416134236
2017-01-29,12036.050106435143,10432.656416134236
2017-01-30,12032.595182993766,10432.110094672391
2017-01-31,12156.630510011002,10451.330756991452
2017-02-01,12169.690174088328,10442.905248991434
2017-02-02,12245.688071643663,10453.468397299663
2017-02-03,12304.576140505405,10457.793183657508
2017-02-04,12320.849225929167,10457.793183657508
2017-02-05,12301.356512068245,10457.793183657508
2017-02-06,12354.301112072153,10475.83383443502
2017-02-07,12400.448347175374,10478.138589675835
2017-02-08,12421.89335592165,10489.871765681484
2017-02-09,12351.219984708167,10487.914831056933
2017-02-10,12357.869900873977,10492.817392646983
2017-02-11,12377.633134479614,10492.817392646983
2017-02-12,12371.032468000689,10492.817392646983
2017-02-13,12343.663289964412,10485.01355555349
2017-02-14,12376.863851104372,10482.582380435853
2017-02-15,12434.333503437478,10497.908478645933
2017-02-16,12488.990544993942,10504.16679663732
2017-02-17,12510.165868047763,10512.073120654168
2017-02-18,12520.450970631498,10512.073120654168
2017-02-19,12512.245459912343,10512.073120654168
2017-02-20,12552.470935463429,10512.073120654168
2017-02-21,12622.09839189178,10517.001311284941
2017-02-22,12598.722661289643,10517.047765696741
2017-02-23,12736.675593203237,10540.934626347607
2017-02-24,12777.96144824492,10557.167018050162
2017-02-25,12740.579564922813,10557.167018050162
2017-02-26,12767.338081288473,10557.167018050162
2017-02-27,12794.771940565937,10550.788020401345
2017-02-28,12764.286625838879,10545.979648095776
2017-03-01,12856.993250015974,10536.507846594126
2017-03-02,12790.01184430589,10505.527758689406
2017-03-03,12793.120377137024,10509.140288737133
2017-03-04,12771.658558898853,10509.140288737133
2017-03-05,12784.607035618694,10509.140288737133
2017-03-06,12773.71179395938,10502.97373970692
2017-03-07,12667.825224076023,10484.064141338651
2017-03-08,12553.058492665563,10463.022586735193
2017-03-09,12575.497996898242,10450.946703157473
2017-03-10,12507.033894402648,10460.16999843844
2017-03-11,12570.975928031427,10460.16999843844
2017-03-12,12620.249544606319,10460.16999843844
2017-03-13,12640.426362275542,10453.801758533404
2017-03-14,12629.936667155313,10447.11682661696
2017-03-15,12672.145193022496,10484.049318236814
2017-03-16,12704.441338106848,10503.123926208676
2017-03-17,12615.241604246032,10510.932860357025
2017-03-18,12478.495849780991,10510.932860357025
2017-03-19,12546.561514638299,10510.932860357025
2017-03-20,12575.6182753682,10516.507623084577
2017-03-21,12641.034142015504,10516.774192244731
2017-03-22,12587.278002044624,10527.175583281938
2017-03-23,12560.921279865008,10519.295465184632
2017-03-24,12454.07999451739,10529.886202053174
2017-03-25,12492.221272520952,10529.886202053174
2017-03-26,12485.672360359962,10529.886202053174
2017-03-27,12595.971957824193,10540.943752771173
2017-03-28,12629.314932582747,10537.988826315997
2017-03-29,12617.978578904449,10545.652426758521
2017-03-30,12583.322354750957,10534.213403390513
2017-03-31,12630.91120389627,10541.917306264053
2017-04-01,12641.175783634968,10541.917306264053
2017-04-02,12666.71365867411,10541.917306264053
2017-04-03,12722.439707092277,10551.09650521552
2017-04-04,12729.821136786779,10551.726460970425
2017-04-05,12667.825300288006,10546.558411974296
2017-04-06,12768.285621801517,10551.993690709052
2017-04-07,12773.175086666082,10541.871351362213
2017-04-08,12772.055437264438,10541.871351362213
2017-04-09,12786.103059572204,10541.871351362213
2017-04-10,12774.893720971126,10541.45179427487
2017-04-11,12872.548221299217,10564.41977660199
2017-04-12,12863.957832581205,10574.001709497215
2017-04-13,12842.166617668136,10582.01378670091
2017-04-14,12840.116060997048,10582.01378670091
2017-04-15,12845.984905528667,10582.01378670091
2017-04-16,12858.26465278866,10582.01378670091
2017-04-17,12924.000401139057,10586.725787792035
2017-04-18,12941.531988952753,10593.595046754299
2017-04-19,12890.122028315247,10577.166394975522
2017-04-20,12949.919821470245,10582.769376922806
2017-04-21,12949.850134776454,10579.644944284359
2017-04-22,12961.234220058466,10579.644944284359
2017-04-23,12932.361277297576,10579.644944284359
2017-04-24,12983.947058765238,10579.4009259284
2017-04-25,12986.58772220176,10571.703693384345
2017-04-26,12988.38271706069,10575.851794326378
2017-04-27,13041.392753404223,10579.710351052194
2017-04-28,13040.717145183393,10586.413111710162
2017-04-29,13046.974982646017,10586.413111710162
2017-04-30,13077.733476570647,10586.413111710162
2017-05-01,13107.773068476088,10567.349849706063
2017-05-02,13146.801216647418,10568.094611098028
2017-05-03,13141.441463534613,10552.610225299151
2017-05-04,13111.198547519163,10526.47253674029
2017-05-05,13139.06789293818,10530.56276974682
2017-05-06,13161.72303174637,10530.56276974682
2017-05-07,13179.099898895009,10530.56276974682
2017-05-08,13303.696720981536,10519.782349044364
2017-05-09,13285.07627484264,10506.837844426955
2017-05-10,13336.990907686752,10513.520225095555
2017-05-11,13409.49332897462,10525.269536581725
2017-05-12,13295.203808850902,10530.244861357289
2017-05-13,13373.47290520111,10530.244861357289
2017-05-14,13377.353854932748,10530.244861357289
2017-05-15,13344.694014936851,10530.97062479724
2017-05-16,13363.04659744936,10537.559329612173
2017-05-17,13476.06279948306,10556.858619686971
2017-05-18,13518.449161759234,10561.215787460436
2017-05-19,13647.86987669713,10573.278079873531
2017-05-20,13742.002331387972,10573.278079873531
2017-05-21,13699.76786750849,10573.278079873531
2017-05-22,13884.778253958772,10581.523698730472
2017-05-23,14013.236322493685,10574.24166078888
2017-05-24,14133.209643900274,10575.50279648915
2017-05-25,14035.26283477302,10579.634876468193
2017-05-26,13983.975912447597,10597.910875144093
2017-05-27,13825.293651357533,10597.910875144093
2017-05-28,13938.743566500025,10597.910875144093
2017-05-29,14035.583021528588,10597.910875144093
2017-05-30,13930.207884111429,10596.98256866134
2017-05-31,14077.596206781189,10605.824254384403
2017-06-01,14170.221833076574,10610.620235991215
2017-06-02,14279.342411029427,10633.97881271451
2017-06-03,14295.843400800606,10633.97881271451
2017-06-04,14293.663772370282,10633.97881271451
2017-06-05,14409.268786934179,10628.091448639141
2017-06-06,14568.339879240768,10639.707950039312
2017-06-07,14478.727581800642,10632.91194482185
2017-06-08,14464.854731088519,10617.438613225067
2017-06-09,14434.43561048642,10607.687203424483
2017-06-10,14510.721703632586,10607.687203424483
2017-06-11,14517.125151322474,10607.687203424483
2017-06-12,14321.241850638171,10597.634660986192
2017-06-13,14379.994463159323,10609.053813454157
2017-06-14,14274.497036267187,10612.926557345127
2017-06-15,14147.9796563663,10578.11206393109
2017-06-16,14191.194979532318,10584.947569677825
2017-06-17,14275.743818579043,10584.947569677825
2017-06-18,14209.499950047795,10584.947569677825
2017-06-19,14232.513008197759,10580.9175951638
2017-06-20,14265.8994426098,10574.301175563945
2017-06-21,14255.629392860445,10582.204906499961
2017-06-22,14282.47015220737,10596.669252617374
2017-06-23,14350.346633811296,10606.463738526489
2017-06-24,14266.493472031849,10606.463738526489
2017-06-25,14254.604125061634,10606.463738526489
2017-06-26,14145.279517689436,10602.76005246979
2017-06-27,14151.090338719294,10579.175881755678
2017-06-28,14217.146966831308,10594.86641826017
2017-06-29,14134.139338508901,10568.579773085448
2017-06-30,14092.32711747437,10564.356442474853
2017-07-01,14066.032219389903,10564.356442474853
2017-07-02,14106.886084589552,10564.356442474853
2017-07-03,14044.607468982249,10541.484737767489
2017-07-04,14065.95456491613,10541.484737767489
2017-07-05,14088.472457903688,10549.669600994663
2017-07-06,14055.559892669084,10534.53290654323
2017-07-07,13974.524736508525,10519.964196067149
2017-07-08,14004.449529861353,10519.964196067149
2017-07-09,13974.399782904307,10519.964196067149
2017-07-10,13912.737599721951,10522.67912561874
2017-07-11,13896.13030470393,10533.25437947152
2017-07-12,13987.917785688509,10553.12875173317
2017-07-13,13964.84769654556,10552.266794904412
2017-07-14,13965.06632081049,10568.048068278114
2017-07-15,13831.870701969576,10568.048068278114
2017-07-16,13792.652744334135,10568.048068278114
2017-07-17,13989.359101722997,10578.480760089435
2017-07-18,14081.11157905214,10595.080242396256
2017-07-19,14082.87977436413,10603.498337402629
2017-07-20,14410.593497504373,10599.20183062521
2017-07-21,14364.150901558838,10611.090485230883
2017-07-22,14445.018072807017,10611.090485230883
2017-07-23,14399.733277912854,10611.090485230883
2017-07-24,14410.586945737059,10610.487831273711
2017-07-25,14311.502209651286,10598.910184439372
2017-07-26,14273.186171564912,10607.057376700408
2017-07-27,14397.966996856447,10613.991707615167
2017-07-28,14509.52394575402,10626.625946657596
2017-07-29,14462.625987347912,10626.625946657596
2017-07-30,14480.082047462109,10626.625946657596
2017-07-31,14536.169154012814,10624.481706567976
2017-08-01,14496.21225035076,10636.002152997256
2017-08-02,14491.65575599092,10635.325027102703
2017-08-03,14510.948043506098,10638.61316993336
2017-08-04,14522.700569801758,10628.086878057764
2017-08-05,14703.190641815549,10628.086878057764
2017-08-06,14683.489525817022,10628.086878057764
2017-08-07,14775.927979469636,10633.635481536097
2017-08-08,14775.81642597775,10631.74661089899
2017-08-09,14812.650748768974,10651.527928189957
2017-08-10,14809.43670966697,10653.625669471758
2017-08-11,14971.86137232182,10657.724406086882
2017-08-12,15090.204575629043,10657.724406086882
2017-08-13,15185.525314045542,10657.724406086882
2017-08-14,15346.206842407424,10651.405027757904
2017-08-15,15225.469954298615,10634.075927588137
2017-08-16,15346.977668084022,10643.069188062284
2017-08-17,15288.971291932407,10643.490514517025
2017-08-18,15190.962796529766,10640.668574887388
2017-08-19,15207.686300412945,10640.668574887388
2017-08-20,15154.078050722004,10640.668574887388
2017-08-21,15138.447992654941,10648.04787423607
2017-08-22,15215.062714699901,10651.432254124009
2017-08-23,15240.146821677767,10659.541158649035
2017-08-24,15309.974281872132,10646.925955496723
2017-08-25,15367.456416399242,10658.588623102482
2017-08-26,15357.749832888374,10658.588623102482
2017-08-27,15373.158867589025,10658.588623102482
2017-08-28,15452.690414989143,10676.750625718145
2017-08-29,15573.340461094751,10685.866934814521
2017-08-30,15567.366669870888,10685.823236914453
2017-08-31,15705.353001392124,10708.301931097036
2017-09-01,15815.879979211328,10709.535782599125
2017-09-02,15711.284344074393,10709.535782599125
2017-09-03,15712.683430837931,10709.535782599125
2017-09-04,15596.931623610544,10709.535782599125
2017-09-05,15673.348320652352,10732.232650455422
2017-09-06,15741.399398517235,10729.968279343158
2017-09-07,15795.11057890854,10752.431155148855
2017-09-08,15668.524171249986,10751.29540444075
2017-09-09,15667.625957873885,10751.29540444075
2017-09-10,15633.192542934921,10751.29540444075
2017-09-11,15632.810558341935,10738.114742873497
2017-09-12,15628.00754389121,10736.311469697666
2017-09-13,15525.831834975139,10727.188415373672
2017-09-14,15286.77770984181,10731.790463755375
2017-09-15,15434.868993558886,10728.064335836569
2017-09-16,15430.70173349721,10728.064335836569
2017-09-17,15416.623799980045,10728.064335836569
2017-09-18,15522.209155034214,10717.492953447614
2017-09-19,15481.516041759722,10717.187309412739
2017-09-20,15504.857866614486,10713.311707320976
2017-09-21,15295.964420959552,10685.683875495255
2017-09-22,15309.855166599407,10696.244293671292
2017-09-23,15363.849301460477,10696.244293671292
2017-09-24,15327.265571199187,10696.244293671292
2017-09-25,15461.533208000725,10713.995242458584
2017-09-26,15406.848069206593,10704.14825826174
2017-09-27,15466.539513265237,10687.470844099991
2017-09-28,15474.08144208255,10687.062355474001
2017-09-29,15471.770006553075,10682.961430632153
2017-09-30,15530.418986718372,10682.961430632153
2017-10-01,15553.696583109882,10682.961430632153
2017-10-02,15536.720818034857,10676.20295208431
2017-10-03,15509.712573775845,10680.60451415903
2017-10-04,15494.816797290538,10685.369444165577
2017-10-05,15544.815746601367,10686.360667910085
2017-10-06,15561.447367744922,10682.835098062513
2017-10-07,15581.521240346008,10682.835098062513
2017-10-08,15647.237253188858,10682.835098062513
2017-10-09,15745.420663261028,10690.68289984767
2017-10-10,15806.143355063918,10706.513132818425
2017-10-11,15807.45578930791,10708.16464981824
2017-10-12,16058.691373914073,10721.063156863784
2017-10-13,16176.8451786269,10733.733218963904
2017-10-14,16242.915646016776,10733.733218963904
2017-10-15,16187.934467406554,10733.733218963904
2017-10-16,16203.99286938199,10725.339671351376
2017-10-17,16083.48946880551,10707.254183328225
2017-10-18,16068.566266344782,10701.781478946601
2017-10-19,16146.191401681215,10712.149905214332
2017-10-20,16237.642244665263,10703.67372413242
2017-10-21,16244.85490531226,10703.67372413242
2017-10-22,16236.557557821652,10703.67372413242
2017-10-23,16187.909233261698,10698.783373386834
2017-10-24,16041.078476822328,10696.26288827837
2017-10-25,16095.777828709251,10687.808385923003
2017-10-26,16113.940310143162,10680.214087115932
2017-10-27,16125.462519825322,10701.09879510593
2017-10-28,16115.507905068982,10701.09879510593
2017-10-29,16258.960099671149,10701.09879510593
2017-10-30,16256.48286310911,10708.989047453106
2017-10-31,16352.167896351091,10707.346883493723
2017-11-01,16472.223670614017,10718.69110449841
2017-11-02,16556.71294422945,10723.420026381596
2017-11-03,16565.16290839471,10722.165540725635
2017-11-04,16608.692789955905,10722.165540725635
2017-11-05,16615.634690556617,10722.165540725635
2017-11-06,16594.430916213296,10741.275505450363
2017-11-07,16591.744285612003,10740.234529446028
2017-11-08,16722.03066073298,10746.762024884216
2017-11-09,16641.311272151397,10744.492548171338
2017-11-10,16439.09072784448,10720.03475322552
2017-11-11,16373.225992719987,10720.03475322552
2017-11-12,16270.202006035408,10720.03475322552
2017-11-13,16454.90168194233,10724.892963959248
2017-11-14,16482.508699581813,10729.901487506399
2017-11-15,16599.83574532364,10729.355232924416
2017-11-16,16794.13133045891,10733.57431868978
2017-11-17,16830.541982502782,10750.448539139075
2017-11-18,16851.059212993685,10750.448539139075
2017-11-19,16913.33425055836,10750.448539139075
2017-11-20,16855.713787422945,10730.724516392089
2017-11-21,16894.71312574421,10744.145683059445
2017-11-22,16989.883485012415,10761.676460350496
2017-11-23,16935.586979529744,10761.676460350496
2017-11-24,16977.440632869704,10754.900218206662
2017-11-25,17113.252688211833,10754.900218206662
2017-11-26,17249.67156426866,10754.900218206662
2017-11-27,17406.748005752117,10759.794650676695
2017-11-28,17532.009023602397,10773.605499952757
2017-11-29,17419.841519388316,10752.356846355846
2017-11-30,17512.29794877256,10751.01888029794
2017-12-01,17657.534616320005,10766.151143819321
2017-12-02,17674.47604028719,10766.151143819321
2017-12-03,17717.017938518078,10766.151143819321
2017-12-04,17742.3023036859,10762.7761114134
2017-12-05,17695.15264736169,10752.209523615627
2017-12-06,18109.01039225159,10756.254581332176
2017-12-07,18674.427768586775,10744.961714127337
2017-12-08,18455.06498212561,10746.082861075249
2017-12-09,18216.995160590046,10746.082861075249
2017-12-10,18264.431181121112,10746.082861075249
2017-12-11,18527.89774433449,10744.90773259152
2017-12-12,18592.347186899602,10745.577309110931
2017-12-13,18456.96970975588,10756.39205248349
2017-12-14,18504.924966769504,10759.651832420783
2017-12-15,18754.708949130618,10769.63423217666
2017-12-16,19061.109147244217,10769.63423217666
2017-12-17,19000.08586270932,10769.63423217666
2017-12-18,19078.57267207718,10778.088018706214
2017-12-19,18817.55323505495,10763.048874555732
2017-12-20,18646.855263222267,10756.211013075563
2017-12-21,18525.62853800637,10767.913102658322
2017-12-22,18231.83472616995,10777.63744751733
2017-12-23,18380.26904704753,10777.63744751733
2017-12-24,18247.920522664044,10777.63744751733
2017-12-25,18265.169939098596,10777.63744751733
2017-12-26,18660.08559134411,10785.944686935323
2017-12-27,18634.925478206613,10803.515808377633
2017-12-28,18475.94724891487,10812.894716859502
2017-12-29,18527.51839190814,10826.175012893482
2017-12-30,18235.920549078997,10826.175012893482
2017-12-31,18441.98990312099,10826.175012893482
2018-01-01,18376.95751700901,10826.175012893482
2018-01-02,18637.8454521643,10832.676273979956
2018-01-03,18722.205018913737,10845.962195191116
2018-01-04,18820.028620336212,10854.687935800728
2018-01-05,19107.33067648468,10862.206112954367
2018-01-06,19120.032309427646,10862.206112954367
2018-01-07,18983.32360612582,10862.206112954367
2018-01-08,18815.78406753737,10860.000913788252
2018-01-09,18716.95027324304,10846.26363841038
2018-01-10,18788.20740299601,10848.144950053866
2018-01-11,18650.149088445625,10854.904127388956
2018-01-12,18841.75882792397,10877.721143009061
2018-01-13,18891.21059518053,10877.721143009061
2018-01-14,18814.583897971894,10877.721143009061
2018-01-15,18820.810929498926,10877.721143009061
2018-01-16,18505.07713999564,10879.749425613803
2018-01-17,18544.88944575578,10891.521595399036
2018-01-18,18503.053827504904,10876.823088327388
2018-01-19,18584.651675683766,10882.046605632382
2018-01-20,18752.938516247254,10882.046605632382
2018-01-21,18583.700579851615,10882.046605632382
2018-01-22,18546.39029756247,10889.351841186939
2018-01-23,18579.801458149366,10900.605253935995
2018-01-24,18755.478554888356,10915.212697531551
2018-01-25,18782.06072148859,10927.0647851771
2018-01-26,18789.55057643996,10930.616482407877
2018-01-27,18824.63311255026,10930.616482407877
2018-01-28,18869.655465201693,10930.616482407877
2018-01-29,18759.27211320197,10914.033132280709
2018-01-30,18442.425727690155,10881.66876448915
2018-01-31,18481.401791299708,10893.78672665931
2018-02-01,18313.238565694603,10879.885890395031
2018-02-02,18052.92129657796,10844.125483606773
2018-02-03,18115.151021082147,10844.125483606773
2018-02-04,17952.796103099692,10844.125483606773
2018-02-05,17445.295937237075,10810.577501100719
2018-02-06,17671.249619751892,10812.364310115428
2018-02-07,17534.00139485525,10788.29425437609
2018-02-08,17449.080225718706,10746.56662502264
2018-02-09,17602.742540375748,10749.506082659664
2018-02-10,17581.934200341067,10749.506082659664
2018-02-11,17492.985265497122,10749.506082659664
2018-02-12,17786.42034189652,10775.688312518254
2018-02-13,17763.739960286995,10783.723711738605
2018-02-14,18159.458882689334,10816.998110335451
2018-02-15,18341.394602557903,10829.856370605465
2018-02-16,18361.80877501047,10836.857613517152
2018-02-17,18520.709998022212,10836.857613517152
2018-02-18,18419.290132447968,10836.857613517152
2018-02-19,18541.06982917477,10836.857613517152
2018-02-20,18399.380625008802,10807.796667462177
2018-02-21,18245.74886847492,10793.712928586714
2018-02-22,18133.463694956507,10799.038076870955
2018-02-23,18273.25587893616,10826.779519103544
2018-02-24,18185.01228611177,10826.779519103544
2018-02-25,18158.190042333932,10826.779519103544
2018-02-26,18371.51139752543,10843.996799456523
2018-02-27,18273.471622075303,10811.318585524214
2018-02-28,18150.732965033934,10805.798934025113
2018-03-01,18085.638452818148,10790.118373782527
2018-03-02,18242.28678413052,10808.539625297062
2018-03-03,18312.687411033363,10808.539625297062
2018-03-04,18316.68476755814,10808.539625297062
2018-03-05,18383.454787123323,10816.418061010569
2018-03-06,18346.63989319436,10831.025952726422
2018-03-07,18160.20819941368,10824.385748397268
2018-03-08,18057.512314178894,10827.222126774495
2018-03-09,18173.427338624064,10844.507720428926
2018-03-10,18091.112887984455,10844.507720428926
2018-03-11,18215.510643491856,10844.507720428926
2018-03-12,18125.865235156594,10843.558224186101
2018-03-13,18117.8527221171,10844.344213861432
2018-03-14,17914.888381034514,10842.966412928086
2018-03-15,17871.051457362224,10835.229993907704
2018-03-16,17854.811652923192,10827.578420895494
2018-03-17,17781.239256840425,10827.578420895494
2018-03-18,17834.794697067842,10827.578420895494
2018-03-19,17849.082918224336,10815.252638213537
2018-03-20,17877.49401004129,10806.890914067448
2018-03-21,17921.62306382195,10820.83293866653
2018-03-22,17760.70800064455,10808.83144442536
2018-03-23,17780.71716022555,10807.360184958532
2018-03-24,17743.797398755574,10807.360184958532
2018-03-25,17713.71349368218,10807.360184958532
2018-03-26,17857.336166424375,10833.361591690516
2018-03-27,17614.043285994227,10818.227627009925
2018-03-28,17523.083442310523,10801.693728213337
2018-03-29,17456.217289014654,10821.938667224795
2018-03-30,17408.18141926945,10821.938667224795
2018-03-31,17422.67173012786,10821.938667224795
2018-04-01,17390.36745781178,10821.938667224795
2018-04-02,17420.13490067181,10817.297545190047
2018-04-03,17540.34128533794,10820.655149578695
2018-04-04,17470.90217556246,10834.03857164954
2018-04-05,17448.212571527198,10824.559748517548
2018-04-06,17307.309760757995,10819.389186261604
2018-04-07,17375.958321803275,10819.389186261604
2018-04-08,17404.047884844458,10819.389186261604
2018-04-09,17394.01827006248,10828.2669823094
2018-04-10,17535.928010588777,10847.967764746385
2018-04-11,17614.050865298235,10864.801464360165
2018-04-12,17799.06311096655,10853.735684944686
2018-04-13,17816.38377249606,10860.372165271025
2018-04-14,17838.939402374574,10860.372165271025
2018-04-15,17924.602096617935,10860.372165271025
2018-04-16,17922.345599481803,10869.846044170708
2018-04-17,17947.919647669256,10886.257396518606
2018-04-18,18038.6335511396,10883.137486230802
2018-04-19,18013.96441340942,10869.37014206396
2018-04-20,18045.711052456398,10840.501581834631
2018-04-21,18058.140595962745,10840.501581834631
2018-04-22,18034.87545932158,10840.501581834631
2018-04-23,17991.22227206603,10827.855359695906
2018-04-24,18146.740349040654,10812.040525492905
2018-04-25,17895.544614130806,10802.061845542257
2018-04-26,18040.992022399903,10818.018901337586
2018-04-27,17994.577255993612,10833.275765636643
2018-04-28,18084.877118576358,10833.275765636643
2018-04-29,18102.51572995842,10833.275765636643
2018-04-30,17988.520677679135,10823.489966973953
2018-05-01,17908.466565704755,10806.33632887384
2018-05-02,17882.59345132748,10802.713490392201
2018-05-03,18011.94736351009,10811.054666561575
2018-05-04,18096.008085528476,10828.661425536537
2018-05-05,18126.647220343257,10828.661425536537
2018-05-06,18087.061088594914,10828.661425536537
2018-05-07,18050.894720647404,10832.513386964612
2018-05-08,18023.196451312506,10827.148782739205
2018-05-09,18098.370024091262,10835.103085367364
2018-05-10,18155.537231812283,10859.598933389092
2018-05-11,18048.17484697148,10861.515102817915
2018-05-12,18060.516771369068,10861.515102817915
2018-05-13,18103.15925034774,10861.515102817915
2018-05-14,18091.194689609576,10851.882101358453
2018-05-15,17855.970437647018,10812.246446889743
2018-05-16,17862.952550704653,10813.943568530403
2018-05-17,17793.10445788212,10805.274710609823
2018-05-18,17818.64282335274,10813.415336953916
2018-05-19,17817.905018812035,10813.415336953916
2018-05-20,17869.700760616215,10813.415336953916
2018-05-21,17899.906723895772,10822.921128266225
2018-05-22,17816.585475642947,10819.596441104884
2018-05-23,17727.40172433457,10830.550703029801
2018-05-24,17799.130662657746,10845.050902908122
2018-05-25,17760.900256144956,10847.289664394297
2018-05-26,17736.710590009807,10847.289664394297
2018-05-27,17739.11287475049,10847.289664394297
2018-05-28,17693.904809278887,10847.289664394297
2018-05-29,17659.778306549542,10849.814763155642
2018-05-30,17747.380007614567,10860.131835441247
2018-05-31,17717.630622333967,10855.357216538245
2018-06-01,17760.97097743143,10857.182320553598
2018-06-02,17785.085700507065,10857.182320553598
2018-06-03,17803.242622294343,10857.182320553598
2018-06-04,17775.372775150525,10854.888349988845
2018-06-05,17832.137549265022,10866.623283902109
2018-06-06,17887.08867472486,10867.939480050989
2018-06-07,17901.15005274716,10879.6248852791
2018-06-08,17904.622243549205,10878.077103313288
2018-06-09,17882.6494891406,10878.077103313288
2018-06-10,17706.29049028253,10878.077103313288
2018-06-11,17747.994417371196,10880.821735418322
2018-06-12,17658.785634005824,10876.478387669898
2018-06-13,17592.980396346,10871.788877931986
2018-06-14,17725.51975612473,10890.723172613381
2018-06-15,17505.394183070537,10865.911330936393
2018-06-16,17527.518277868392,10865.911330936393
2018-06-17,17515.486890081585,10865.911330936393
2018-06-18,17566.50261671262,10866.972266073848
2018-06-19,17547.746623706014,10868.621330442842
2018-06-20,17535.836317036836,10857.24261361721
2018-06-21,17463.48401067152,10853.342196987689
2018-06-22,17323.62208180271,10860.760955351321
2018-06-23,17342.249532519483,10860.760955351321
2018-06-24,17344.791035196573,10860.760955351321
2018-06-25,17267.5318385812,10846.845450296456
2018-06-26,17195.209494095616,10845.797282444599
2018-06-27,17138.35193403149,10845.503262582628
2018-06-28,17086.522518318277,10843.168565322843
2018-06-29,17189.59094593727,10850.00994637902
2018-06-30,17233.493973241715,10850.00994637902
2018-07-01,17228.601594263597,10850.00994637902
2018-07-02,17239.228810210956,10842.774862877895
2018-07-03,17260.69107272203,10857.302667291198
2018-07-04,17278.979448381586,10857.302667291198
2018-07-05,17370.711182304836,10874.8456211942
2018-07-06,17415.358081457696,10887.301296994829
2018-07-07,17464.720086904872,10887.301296994829
2018-07-08,17442.370825141086,10887.301296994829
2018-07-09,17509.79872839521,10893.856507047723
2018-07-10,17397.809021944762,10889.80135994829
2018-07-11,17309.279428334128,10875.57794787549
2018-07-12,17332.562978918173,10884.919249055705
2018-07-13,17310.473847715268,10888.076226364727
2018-07-14,17320.71876497055,10888.076226364727
2018-07-15,17343.194432572625,10888.076226364727
2018-07-16,17432.48295076084,10877.684010328676
2018-07-17,17545.186364403886,10867.109240570326
2018-07-18,17575.2781327266,10865.37145565215
2018-07-19,17556.3630477404,10862.976171638938
2018-07-20,17558.307119318393,10860.62762422535
2018-07-21,17575.84205311024,10860.62762422535
2018-07-22,17575.626821547747,10860.62762422535
2018-07-23,17635.35319438698,10842.003475240812
2018-07-24,17858.632635599966,10850.478843383251
2018-07-25,17887.668945179434,10866.566405093718
2018-07-26,17777.608538080964,10856.005548604484
2018-07-27,17778.045454505987,10852.096676672001
2018-07-28,17785.34913653859,10852.096676672001
2018-07-29,17792.429177472677,10852.096676672001
2018-07-30,17742.07999474744,10842.75945407671
2018-07-31,17678.89665376927,10856.467698196366
2018-08-01,17599.847081834258,10841.850735635537
2018-08-02,17578.47719067743,10843.62668542501
2018-08-03,17595.726996191323,10857.924020981769
2018-08-04,17504.488134296662,10857.924020981769
2018-08-05,17512.584039165435,10857.924020981769
2018-08-06,17476.87540017774,10858.146005172915
2018-08-07,17458.476013247593,10858.869835512041
2018-08-08,17371.240549289007,10860.764038341758
2018-08-09,17418.539639274095,10866.838103798807
2018-08-10,17285.340446623737,10870.467414781158
2018-08-11,17310.566673759648,10870.467414781158
2018-08-12,17316.692578808626,10870.467414781158
2018-08-13,17173.542501006097,10848.825152075806
2018-08-14,17200.137370647262,10851.99560814655
2018-08-15,17089.244904136365,10837.688366128581
2018-08-16,17137.83243942346,10843.283007498989
2018-08-17,17217.72513065997,10849.462843218487
2018-08-18,17182.080737660242,10849.462843218487
2018-08-19,17200.783420675638,10849.462843218487
2018-08-20,17228.83589025319,10867.387569801898
2018-08-21,17318.328863508246,10873.664473682245
2018-08-22,17310.51383535774,10883.30980308707
2018-08-23,17285.221658359485,10878.008143296445
2018-08-24,17476.63896222039,10904.985350068417
2018-08-25,17486.46177896092,10904.985350068417
2018-08-26,17473.753194293342,10904.985350068417
2018-08-27,17579.87713605778,10911.760705285033
2018-08-28,17621.799460505197,10904.448915865643
2018-08-29,17627.900995675715,10907.30408167188
2018-08-30,17548.147508331254,10902.014047785011
2018-08-31,17576.589845774102,10899.965116613788
2018-09-01,17615.46892548256,10899.965116613788
2018-09-02,17635.316875427823,10899.965116613788
2018-09-03,17632.154959381125,10899.965116613788
2018-09-04,17602.648349763884,10887.15386679295
2018-09-05,17456.64942533152,10882.406164710397
2018-09-06,17390.513161112256,10885.98366733003
2018-09-07,17338.525356551054,10871.800022362873
2018-09-08,17278.312367817227,10871.800022362873
2018-09-09,17297.01386710085,10871.800022362873
2018-09-10,17311.301488036665,10874.012403825509
2018-09-11,17343.652928675056,10873.621401161095
2018-09-12,17407.25266731085,10885.25662610159
2018-09-13,17469.009368718507,10884.541722372715
2018-09-14,17428.20853559551,10873.114086189764
2018-09-15,17435.823572837882,10873.114086189764
2018-09-16,17429.324986590866,10873.114086189764
2018-09-17,17365.86090681425,10873.377505245933
2018-09-18,17404.646529720943,10869.906666747604
2018-09-19,17449.646175529386,10872.4619540353
2018-09-20,17553.915932390133,10890.53725575534
2018-09-21,17543.425683446436,10880.742148942694
2018-09-22,17540.186329236756,10880.742148942694
2018-09-23,17537.351604672363,10880.742148942694
2018-09-24,17506.374397473322,10877.275705279531
2018-09-25,17467.5287107083,10875.72197840057
2018-09-26,17425.985683551196,10872.552593487511
2018-09-27,17420.664583291607,10867.346300748102
2018-09-28,17467.04429930282,10874.349519749354
2018-09-29,17456.512221338562,10874.349519749354
2018-09-30,17462.406424064775,10874.349519749354
2018-10-01,17448.545195288963,10864.756762425872
2018-10-02,17526.116790564818,10883.991885645808
2018-10-03,17491.341896292066,10865.202972541361
2018-10-04,17457.061826669375,10848.889888056628
2018-10-05,17458.810273548916,10838.222639848538
2018-10-06,17449.80440750917,10838.222639848538
2018-10-07,17453.662979693647,10838.222639848538
2018-10-08,17368.164556107185,10821.415217202977
2018-10-09,17372.933086174595,10830.953215176258
2018-10-10,17179.455835745743,10796.773433846387
2018-10-11,17164.57347789014,10810.96678326465
2018-10-12,17217.220103360734,10815.159581504624
2018-10-13,17220.227377976582,10815.159581504624
2018-10-14,17221.529354923194,10815.159581504624
2018-10-15,17318.43522427434,10819.597353808245
2018-10-16,17450.02110485128,10843.753167240411
2018-10-17,17416.34984278935,10832.979748233467
2018-10-18,17329.769949820056,10818.025492853922
2018-10-19,17316.88884150502,10814.008940151474
2018-10-20,17323.156270513333,10814.008940151474
2018-10-21,17321.353553001405,10814.008940151474
2018-10-22,17273.09055556604,10805.048511747571
2018-10-23,17312.16942286919,10811.832482590966
2018-10-24,17110.64410856786,10786.933616666758
2018-10-25,17213.467250928275,10792.940177215329
2018-10-26,17133.419178151806,10795.105104192884
2018-10-27,17134.902996891993,10795.105104192884
2018-10-28,17136.48706669884,10795.105104192884
2018-10-29,17018.158263312685,10779.05759719872
2018-10-30,17089.653994610246,10783.387385580165
2018-10-31,17085.294895795876,10777.902987505478
2018-11-01,17299.368098951047,10807.489589773442
2018-11-02,17237.705969967054,10786.692114504142
2018-11-03,17230.355384403974,10786.692114504142
2018-11-04,17234.37684731133,10786.692114504142
2018-11-05,17273.372484737836,10798.22187892002
2018-11-06,17288.959215668267,10798.589551356032
2018-11-07,17451.60744798918,10827.14881034103
2018-11-08,17401.347838500704,10818.313267395994
2018-11-09,17229.9351151981,10801.640047901616
2018-11-10,17236.317507222182,10801.640047901616
2018-11-11,17236.871854804933,10801.640047901616
2018-11-12,17082.345368036342,10782.687515832808
2018-11-13,17056.330778411942,10776.70071614996
2018-11-14,16896.018878904863,10776.73822598754
2018-11-15,16962.362353640125,10796.7658220868
2018-11-16,17003.83147169753,10820.676301111145
2018-11-17,16998.092825377567,10820.676301111145
2018-11-18,17016.80991329426,10820.676301111145
2018-11-19,16723.804139657193,10802.204820018913
2018-11-20,16477.729240188113,10775.148612293622
2018-11-21,16577.159942876046,10784.47083242021
2018-11-22,16513.274090997238,10784.47083242021
2018-11-23,16442.01284883756,10768.099869759828
2018-11-24,16315.893557770933,10768.099869759828
2018-11-25,16350.836998943554,10768.099869759828
2018-11-26,16378.086647321885,10781.3346287898
2018-11-27,16358.485493624954,10768.293673455755
2018-11-28,16670.918822733776,10806.430514239895
2018-11-29,16678.95635232107,10826.058344116404
2018-11-30,16623.411331593463,10830.427690484745
2018-12-01,16705.096599757773,10830.427690484745
2018-12-02,16674.146950733397,10830.427690484745
2018-12-03,16724.074415367188,10862.855343843894
2018-12-04,16598.533472283576,10844.107724483067
2018-12-05,16514.574128861925,10844.107724483067
2018-12-06,16393.748372318416,10841.3157483663
2018-12-07,16267.225014295775,10829.755363155777
2018-12-08,16290.471195501483,10829.755363155777
2018-12-09,16347.624939967893,10829.755363155777
2018-12-10,16295.388310667417,10821.525071470898
2018-12-11,16254.26709174864,10806.465806995973
2018-12-12,16322.31586338192,10810.332493656251
2018-12-13,16239.723482763477,10809.657971201059
2018-12-14,16076.049810847362,10788.31886174787
2018-12-15,16073.681580186205,10788.31886174787
2018-12-16,16080.334386846438,10788.31886174787
2018-12-17,16150.678041471556,10783.723575934646
2018-12-18,16216.726209631966,10792.692306231733
2018-12-19,16172.272031109676,10785.330271375355
2018-12-20,16309.91450588015,10771.407178132373
2018-12-21,16051.721469958422,10742.508530016177
2018-12-22,16100.40031885561,10742.508530016177
2018-12-23,16094.109586194592,10742.508530016177
2018-12-24,16066.958622796594,10734.897739888478
2018-12-25,15958.084668454661,10734.897739888478
2018-12-26,16235.744032875906,10776.04446247906
2018-12-27,16237.052122038747,10792.483877710996
2018-12-28,16356.044934037956,10803.661474444983
2018-12-29,16313.212610387016,10803.661474444983
2018-12-30,16332.058642866219,10803.661474444983
2018-12-31,16318.682044279967,10813.798842976945
2019-01-01,16362.640749972512,10813.798842976945
2019-01-02,16425.655080010645,10821.65099000808
2019-01-03,16298.663364730448,10825.690714883911
2019-01-04,16448.548448066256,10847.162436041144
2019-01-05,16443.08827218888,10847.162436041144
2019-01-06,16543.998377200685,10847.162436041144
2019-01-07,16588.010063907815,10857.166795480342
2019-01-08,16626.687562998013,10867.12959173792
2019-01-09,16687.201122772505,10881.33331773787
2019-01-10,16529.392623092026,10874.267484640039
2019-01-11,16548.148505971923,10886.50380784243
2019-01-12,16536.784050545004,10886.50380784243
2019-01-13,16489.54289498786,10886.50380784243
2019-01-14,16530.132479113952,10874.843740521475
2019-01-15,16550.41231052425,10883.375917249241
2019-01-16,16603.258910551765,10890.962022859025
2019-01-17,16656.253214175063,10897.540969003974
2019-01-18,16677.672696361067,10900.62877969612
2019-01-19,16708.511502317535,10900.62877969612
2019-01-20,16652.89592681948,10900.62877969612
2019-01-21,16642.003783950906,10900.62877969612
2019-01-22,16578.57210135034,10888.729574522136
2019-01-23,16585.722946042577,10887.76566324843
2019-01-24,16576.163252961735,10891.797911016021
2019-01-25,16719.825779212784,10911.298872379572
2019-01-26,16721.000652709852,10911.298872379572
2019-01-27,16712.936743414128,10911.298872379572
2019-01-28,16643.077865988012,10902.937083457227
2019-01-29,16654.958939562413,10915.809383316955
2019-01-30,16776.070464012053,10954.246012330657
2019-01-31,16867.440285251363,10991.07158541649
2019-02-01,16870.928400954206,10978.234809948584
2019-02-02,16887.082444902662,10978.234809948584
2019-02-03,16859.254200984822,10978.234809948584
2019-02-04,16885.42222711717,10977.87502236638
2019-02-05,16913.357080698916,10986.887867579462
2019-02-06,16856.352661692206,10980.630700934278
2019-02-07,16792.0058425619,10975.00753284711
2019-02-08,16952.15601987603,10982.618702219748
2019-02-09,16954.313766930813,10982.618702219748
2019-02-10,16963.57464388893,10982.618702219748
2019-02-11,16911.95276268634,10970.219014622491
2019-02-12,17002.34992818859,10988.017000223894
2019-02-13,17019.530100955086,10992.38044094212
2019-02-14,16994.220829964164,10999.46739226196
2019-02-15,17103.964539282813,11018.554577056153
2019-02-16,17108.34351055212,11018.554577056153
2019-02-17,17129.830826859965,11018.554577056153
2019-02-18,17247.82129009146,11018.554577056153
2019-02-19,17386.65730639374,11047.753934296265
2019-02-20,17440.984629541435,11053.885535447256
2019-02-21,17296.087618418125,11028.326018443515
2019-02-22,17388.477028979738,11049.887783055654
2019-02-23,17455.30704515336,11049.887783055654
2019-02-24,17293.30583056368,11049.887783055654
2019-02-25,17319.720418156234,11045.707848451842
2019-02-26,17297.709215828138,11049.580535293788
2019-02-27,17255.91407042217,11035.809968445235
2019-02-28,17221.869637409625,11025.470406599787
2019-03-01,17175.87335140151,11012.622157872243
2019-03-02,17178.031811340392,11012.622157872243
2019-03-03,17170.329897489042,11012.622157872243
2019-03-04,17048.86544351226,11003.0166681917
2019-03-05,17086.465870144744,10998.568959932069
2019-03-06,17068.795017022883,10998.802414962442
2019-03-07,17016.776393770626,10999.150798340404
2019-03-08,17069.801926949167,11011.646263752282
2019-03-09,17097.582786493036,11011.646263752282
2019-03-10,17092.349429180005,11011.646263752282
2019-03-11,17114.688067252442,11019.908765356642
2019-03-12,17178.793625932994,11037.230468309228
2019-03-13,17276.768408629883,11058.436331046769
2019-03-14,17206.775092533535,11044.988427581104
2019-03-15,17297.50421595907,11069.774883991264
2019-03-16,17336.73683493713,11069.774883991264
2019-03-17,17326.239252446965,11069.774883991264
2019-03-18,17344.063257418555,11072.87212939967
2019-03-19,17387.52869518591,11074.115124456268
2019-03-20,17352.72593735706,11089.033057622184
2019-03-21,17426.063703152948,11107.883291254342
2019-03-22,17333.479686373445,11100.86951344238
2019-03-23,17338.7775062578,11100.86951344238
2019-03-24,17332.675485800934,11100.86951344238
2019-03-25,17355.760437676956,11107.791230151046
2019-03-26,17371.18174782267,11104.308050276964
2019-03-27,17362.00463525897,11096.866280927865
2019-03-28,17272.099259492126,11088.086260171976
2019-03-29,17340.421780441215,11103.774958648728
2019-03-30,17344.123524511444,11103.774958648728
2019-03-31,17343.562449271383,11103.774958648728
2019-04-01,17413.62278779219,11101.591778889724
2019-04-02,17729.81517257547,11106.148731042647
2019-04-03,17778.58300952465,11098.128472488906
2019-04-04,17769.72061241955,11104.519150947734
2019-04-05,17855.214839522032,11115.014294256429
2019-04-06,17864.98889900458,11115.014294256429
2019-04-07,17923.74402706128,11115.014294256429
2019-04-08,18002.80892527297,11118.392103502525
2019-04-09,17969.797386356793,11121.919614620181
2019-04-10,18071.426984320624,11142.660134061049
2019-04-11,17850.706203430058,11118.905980318163
2019-04-12,17913.922941267934,11122.100533220239
2019-04-13,17916.900148293906,11122.100533220239
2019-04-14,17946.95193120706,11122.100533220239
2019-04-15,17880.261589456408,11120.464095569134
2019-04-16,17879.317373329923,11101.356676804546
2019-04-17,17869.40416663276,11098.849135504837
2019-04-18,17899.949972543138,11110.86640319698
2019-04-19,17902.24254365702,11110.86640319698
2019-04-20,17916.637225143426,11110.86640319698
2019-04-21,17906.770753220808,11110.86640319698
2019-04-22,17956.565729458318,11109.981109589
2019-04-23,18063.202968391855,11124.292330135546
2019-04-24,18037.65620608519,11139.766801431813
2019-04-25,17928.5132740528,11140.530574246268
2019-04-26,18035.358798512654,11160.451307858826
2019-04-27,18030.687638455624,11160.451307858826
2019-04-28,18037.805252841485,11160.451307858826
2019-04-29,17998.20755740477,11148.027914311051
2019-04-30,18067.923406857397,11158.431223264082
2019-05-01,18030.171560411138,11141.828948891822
2019-05-02,17985.638783455553,11116.278890999454
2019-05-03,18189.566473336774,11145.127758211986
2019-05-04,18210.798610772792,11145.127758211986
2019-05-05,18198.825092666622,11145.127758211986
2019-05-06,18170.666917385126,11148.343750860802
2019-05-07,18103.85450462761,11133.735311039065
2019-05-08,18123.801794750205,11120.081761473442
2019-05-09,18193.3448364444,11126.570413114576
2019-05-10,18306.295732117258,11142.558010500097
2019-05-11,18585.186866348646,11142.558010500097
2019-05-12,18506.71184830649,11142.558010500097
2019-05-13,18716.328606750987,11134.087644115594
2019-05-14,18801.445079115663,11142.005359576342
2019-05-15,18917.62546301422,11157.104630600781
2019-05-16,18802.89854010439,11152.587581728649
2019-05-17,18521.346438474284,11133.752112745495
2019-05-18,18496.80188051013,11133.752112745495
2019-05-19,18809.649034933955,11133.752112745495
2019-05-20,18704.229384843242,11124.149444321223
2019-05-21,18731.13391946284,11132.071476891764
2019-05-22,18626.16455195099,11132.524974997581
2019-05-23,18682.932267346296,11137.33608783182
2019-05-24,18722.18681277489,11143.812907476175
2019-05-25,18744.193716963604,11143.812907476175
2019-05-26,18953.777439235724,11143.812907476175
2019-05-27,18998.540128351768,11143.812907476175
2019-05-28,18876.67150586194,11130.560823556096
2019-05-29,18838.915430397457,11132.901824909784
2019-05-30,18777.956758345634,11154.501309858233
2019-05-31,18888.559899699183,11177.773215267656
2019-06-01,18886.25010733876,11177.773215267656
2019-06-02,18925.668670527237,11177.773215267656
2019-06-03,18888.890175691588,11198.194020990173
2019-06-04,18926.28757233422,11217.487324407104
2019-06-05,19038.652296402568,11233.596772962925
2019-06-06,19137.092363496537,11248.81344354272
2019-06-07,19274.949185062847,11275.144972498134
2019-06-08,19255.162243503808,11275.144972498134
2019-06-09,19196.5545698981,11275.144972498134
2019-06-10,19202.192474331736,11249.465549308601
2019-06-11,19194.042529348484,11245.63844765656
2019-06-12,19261.981532617265,11250.641431060189
2019-06-13,19352.462728984057,11264.724391945361
2019-06-14,19452.2711978926,11259.54321595571
2019-06-15,19484.111998587283,11259.54321595571
2019-06-16,19518.501810148926,11259.54321595571
2019-06-17,19584.824366680423,11252.354747120771
2019-06-18,19650.748695653314,11285.171588947509
2019-06-19,19697.88634050305,11306.666573334158
2019-06-20,20100.78389464171,11379.007808207734
2019-06-21,20245.55349441132,11364.875349700278
2019-06-22,20368.283344497566,11364.875349700278
2019-06-23,20402.13706566504,11364.875349700278
2019-06-24,20532.793746020725,11385.94664108446
2019-06-25,20638.54249828558,11368.858699352451
2019-06-26,20882.991203558402,11362.853022889522
2019-06-27,20485.45187778075,11370.751395941923
2019-06-28,20799.231816371754,11379.766869623789
2019-06-29,20700.55160092659,11379.766869623789
2019-06-30,20448.935681327974,11379.766869623789
2019-07-01,20329.66800281779,11363.263275722506
2019-07-02,20500.372596422705,11383.995953819816
2019-07-03,20854.492265581765,11414.557752703047
2019-07-04,20713.49890040786,11414.557752703047
2019-07-05,20538.20858920761,11385.259132733574
2019-07-06,20581.7053521411,11385.259132733574
2019-07-07,20627.509383956793,11385.259132733574
2019-07-08,20747.061607329513,11379.724818089351
2019-07-09,20813.752861159883,11385.757623666914
2019-07-10,20842.995435592096,11408.008813564833
2019-07-11,20676.286694279523,11396.59203882673
2019-07-12,20828.299657993284,11412.882349748656
2019-07-13,20748.22018510889,11412.882349748656
2019-07-14,20533.40824614414,11412.882349748656
2019-07-15,20665.360336556645,11423.100224903103
2019-07-16,20361.27531654885,11412.530778120568
2019-07-17,20422.518863888286,11421.507905299106
2019-07-18,20661.875875943868,11438.614508314344
2019-07-19,20589.86477594768,11426.011918123335
2019-07-20,20634.555603141856,11426.011918123335
2019-07-21,20602.79013388644,11426.011918123335
2019-07-22,20573.38634910039,11429.89986450649
2019-07-23,20511.29110852941,11432.462801078978
2019-07-24,20545.27617614432,11442.252859913593
2019-07-25,20478.01789098819,11425.07355144672
2019-07-26,20545.61978035007,11433.594161372806
2019-07-27,20471.397092974385,11433.594161372806
2019-07-28,20485.60974375325,11433.594161372806
2019-07-29,20472.85526385928,11430.619027428887
2019-07-30,20530.066993693756,11440.949674069163
2019-07-31,20519.55089584818,11431.23455877694
2019-08-01,20491.819521623725,11431.207951798437
2019-08-02,20604.485520165115,11444.86142409626
2019-08-03,20666.24415123283,11444.86142409626
2019-08-04,20696.448434678958,11444.86142409626
2019-08-05,20762.954462173388,11437.572777066385
2019-08-06,20837.660464712597,11472.575086939552
2019-08-07,21137.65966889785,11504.239066833949
2019-08-08,21224.146820485537,11527.836313103071
2019-08-09,21148.13431547066,11515.059851613796
2019-08-10,21044.594426802993,11515.059851613796
2019-08-11,21079.090901033862,11515.059851613796
2019-08-12,21015.43832689692,11523.661044673394
2019-08-13,21007.067219886256,11533.350894867997
2019-08-14,20704.97460585175,11517.024482473225
2019-08-15,20798.592099436202,11540.884867532859
2019-08-16,20871.58193240954,11540.569222269554
2019-08-17,20842.570553350375,11540.569222269554
2019-08-18,20865.77774922227,11540.569222269554
2019-08-19,20996.183323392666,11531.11892286858
2019-08-20,20935.51465779788,11530.976687178996
2019-08-21,20864.96796062647,11535.842321551974
2019-08-22,20820.36631486112,11528.53750116517
2019-08-23,20863.6628292128,11542.519158897669
2019-08-24,20813.205596285472,11542.519158897669
2019-08-25,20808.842872346606,11542.519158897669
2019-08-26,20930.77664401477,11551.133294988851
2019-08-27,20950.73073633211,11575.606745596024
2019-08-28,20893.045952476554,11587.03803275674
2019-08-29,20868.09417955635,11595.501242557672
2019-08-30,20840.601572026986,11576.271043999754
2019-08-31,20847.211820020693,11576.271043999754
2019-09-01,20874.769509562982,11576.271043999754
2019-09-02,21002.223136666944,11576.271043999754
2019-09-03,21167.200965442564,11586.899749380535
2019-09-04,21267.060977348945,11611.248184970229
2019-09-05,21166.02890585028,11584.59538517483
2019-09-06,21073.501263438877,11582.080601211888
2019-09-07,21108.991496974617,11582.080601211888
2019-09-08,21092.5446538626,11582.080601211888
2019-09-09,21051.31773089803,11561.906427979617
2019-09-10,20937.524228289934,11534.03719880336
2019-09-11,21026.09150356564,11541.086091172898
2019-09-12,21126.495221291036,11547.085689100213
2019-09-13,21067.95576117163,11520.266079530273
2019-09-14,21067.415016400533,11520.266079530273
2019-09-15,21065.177626776906,11520.266079530273
2019-09-16,21093.594249263497,11546.261250414716
2019-09-17,21116.188378349914,11555.857066416354
2019-09-18,21125.222808348826,11549.031816942337
2019-09-19,21089.525212593104,11548.808817639294
2019-09-20,21084.8806272747,11569.497025853312
2019-09-21,21049.829246805723,11569.497025853312
2019-09-22,21060.79888232626,11569.497025853312
2019-09-23,21075.92160398356,11587.706658354107
2019-09-24,20823.37267912828,11592.480635522437
2019-09-25,20687.3642515061,11560.467095513786
2019-09-26,20608.761368971394,11563.545496626095
2019-09-27,20551.312695732086,11545.467342929187
2019-09-28,20550.02890253629,11545.467342929187
2019-09-29,20519.349141248782,11545.467342929187
2019-09-30,20411.742082371486,11529.047301970117
2019-10-01,20429.6250836698,11534.69956575721
2019-10-02,20423.015965322553,11529.521463356175
2019-10-03,20482.06995913928,11556.404784682109
2019-10-04,20558.356465781977,11581.68933173405
2019-10-05,20544.95868699359,11581.68933173405
2019-10-06,20504.75850098682,11581.68933173405
2019-10-07,20490.53802199854,11561.164564576049
2019-10-08,20374.075868346965,11539.818056942957
2019-10-09,20579.921682401713,11550.31138968569
2019-10-10,20562.789195169848,11539.31478798248
2019-10-11,20503.753800458293,11531.5128292067
2019-10-12,20507.395887079798,11531.5128292067
2019-10-13,20503.568980304408,11531.5128292067
2019-10-14,20558.6373862194,11542.339547675569
2019-10-15,20509.291961857296,11531.644042773281
2019-10-16,20517.155603385832,11543.951141442918
2019-10-17,20576.505551607566,11556.149457335
2019-10-18,20489.964102266982,11553.198575800903
2019-10-19,20493.742580874616,11553.198575800903
2019-10-20,20551.212756215005,11553.198575800903
2019-10-21,20573.192221641046,11546.09002951047
2019-10-22,20504.96780274754,11552.160147298608
2019-10-23,20432.897739194585,11564.373424666288
2019-10-24,20490.286652507966,11576.700487992399
2019-10-25,20810.49516657804,11582.546227795501
2019-10-26,20954.288370696766,11582.546227795501
2019-10-27,21029.77959256308,11582.546227795501
2019-10-28,20944.708720953062,11564.364856450451
2019-10-29,20968.718275772717,11554.277365947966
2019-10-30,20971.348641109256,11576.206439780492
2019-10-31,21052.058107033623,11598.729393544192
2019-11-01,21115.419624383765,11611.9053024935
2019-11-02,21129.97669950118,11611.9053024935
2019-11-03,21109.527070550543,11611.9053024935
2019-11-04,21180.30979010245,11614.839848918165
2019-11-05,21004.124714328867,11585.437991541821
2019-11-06,21062.739046721428,11604.64552881626
2019-11-07,20923.45091758066,11570.599931458779
2019-11-08,20819.87731568133,11569.180948854457
2019-11-09,20821.86846611572,11569.180948854457
2019-11-10,20877.234292296478,11569.180948854457
2019-11-11,20762.453371061696,11564.273347771279
2019-11-12,20772.88754138092,11564.184060781381
2019-11-13,20827.10846632957,11574.9318753725
2019-11-14,20871.73636219044,11593.133736455211
2019-11-15,20851.281867657264,11593.414489840734
2019-11-16,20864.7302898785,11593.414489840734
2019-11-17,20870.958054222556,11593.414489840734
2019-11-18,20835.802538557225,11605.219034800168
2019-11-19,20823.044462989514,11612.382268889613
2019-11-20,20754.27503088481,11622.072079127103
2019-11-21,20597.30540967826,11604.535599231049
2019-11-22,20535.19822895019,11609.01042403794
2019-11-23,20558.36094003873,11609.01042403794
2019-11-24,20478.29546257723,11609.01042403794
2019-11-25,20523.099411806972,11617.135130029881
2019-11-26,20575.048571005842,11630.435457093141
2019-11-27,20645.78133314359,11625.249955371679
2019-11-28,20630.09281081525,11625.249955371679
2019-11-29,20737.86881562037,11622.040829568501
2019-11-30,20694.020487381567,11622.040829568501
2019-12-01,20654.28782900532,11622.040829568501
2019-12-02,20546.39406271823,11605.019477411934
2019-12-03,20587.19127297606,11630.857384516074
2019-12-04,20589.202497569888,11632.823315741845
2019-12-05,20672.82188328758,11633.368531529053
2019-12-06,20664.944362038783,11627.39063446176
2019-12-07,20667.470744588914,11627.39063446176
2019-12-08,20669.687169394067,11627.39063446176
2019-12-09,20603.658036839395,11625.422776435971
2019-12-10,20580.665951734463,11625.845662561072
2019-12-11,20622.988800024374,11646.824082842837
2019-12-12,20677.894184334287,11638.883787647555
2019-12-13,20739.118729372472,11659.46563117116
2019-12-14,20699.47537406745,11659.46563117116
2019-12-15,20707.02835818726,11659.46563117116
2019-12-16,20694.460599109298,11660.226228156977
2019-12-17,20613.65259708783,11664.328456736384
2019-12-18,20777.450828602738,11660.191656698045
2019-12-19,20819.384767691146,11675.781787483586
2019-12-20,20836.57490399029,11676.727360213457
2019-12-21,20829.013777139025,11676.727360213457
2019-12-22,20916.613682617215,11676.727360213457
2019-12-23,20929.377736347957,11678.729906894325
2019-12-24,21014.657003139735,11696.76922009515
2019-12-25,21001.705121089035,11696.76922009515
2019-12-26,21089.361691220274,11714.251624377748
2019-12-27,21126.559064466823,11718.085749300468
2019-12-28,21134.18693501856,11718.085749300468
2019-12-29,21162.79982592197,11718.085749300468
2019-12-30,21090.42633398412,11713.863576611435
2019-12-31,21109.555783315827,11717.126803991348
2020-01-01,21111.485268819524,11717.126803991348
2020-01-02,21146.39845453964,11751.04618217374
2020-01-03,21332.654923174006,11777.421062403575
2020-01-04,21351.95579621119,11777.421062403575
2020-01-05,21352.14966179017,11777.421062403575
2020-01-06,21579.535019463336,11785.322808408731
2020-01-07,21705.521331620384,11775.471236640567
2020-01-08,21641.079618665535,11768.595452694373
2020-01-09,21601.328145905016,11772.54806039649
2020-01-10,21696.343315356495,11784.153881945658
2020-01-11,21658.483502739593,11784.153881945658
2020-01-12,21703.955369224295,11784.153881945658
2020-01-13,21690.633672210246,11784.687391310024
2020-01-14,21846.40493411234,11783.064588237983
2020-01-15,21911.550316036373,11796.589740591193
2020-01-16,21933.26148246098,11799.691566826255
2020-01-17,22071.248676739215,11804.627725821389
2020-01-18,22075.289620610838,11804.627725821389
2020-01-19,22005.870268479466,11804.627725821389
2020-01-20,21991.6078944956,11804.627725821389
2020-01-21,21989.594386391156,11812.510282149822
2020-01-22,21965.318251367178,11809.39552225342
2020-01-23,21945.558775036527,11825.828974201439
2020-01-24,21925.381808443857,11827.94195833143
2020-01-25,21902.61399412883,11827.94195833143
2020-01-26,21969.80869217359,11827.94195833143
2020-01-27,21972.701798404105,11821.933614347628
2020-01-28,22139.977820744167,11822.986223221658
2020-01-29,22125.149154530234,11836.076267291603
2020-01-30,22282.06199589424,11854.42136851886
2020-01-31,22095.644788891328,11847.675106925379
2020-02-01,22105.65123435424,11847.675106925379
2020-02-02,22094.188198241405,11847.675106925379
2020-02-03,22108.084777596854,11844.27045596726
2020-02-04,22050.58795833176,11827.161149730315
2020-02-05,22286.164966587527,11837.530117869108
2020-02-06,22381.711066274685,11854.341236899301
2020-02-07,22374.097938833547,11864.750880825497
2020-02-08,22390.444430480868,11864.750880825497
2020-02-09,22449.887728753172,11864.750880825497
2020-02-10,22481.741534086756,11883.18007295308
2020-02-11,22528.327564551295,11868.693699184205
2020-02-12,22618.503441120094,11875.056533051655
2020-02-13,22626.81237211172,11887.60936192557
2020-02-14,22705.324906640606,11897.977432885882
2020-02-15,22605.44137201612,11897.977432885882
2020-02-16,22616.077114485113,11897.977432885882
2020-02-17,22558.350248604143,11897.977432885882
2020-02-18,22741.170175477204,11916.141539493332
2020-02-19,22701.560271400922,11926.189622216636
2020-02-20,22713.076059448897,11934.756544095098
2020-02-21,22805.152940600416,11950.80358535996
2020-02-22,22799.65657239702,11950.80358535996
2020-02-23,22861.410754504606,11950.80358535996
2020-02-24,22685.594886928247,11946.672790966417
2020-02-25,22235.47601349135,11885.631592277967
2020-02-26,22046.87583194368,11875.735067425287
2020-02-27,21702.807142783142,11835.973223448069
2020-02-28,21222.130315254057,11779.591023218292
2020-02-29,21204.89283873675,11779.591023218292
2020-03-01,21195.755797344224,11779.591023218292
2020-03-02,21746.781086699986,11861.824038271327
2020-03-03,21775.64298042787,11901.350619496001
2020-03-04,22079.734348801372,11948.050221580987
2020-03-05,22036.870511751433,11938.231047019402
2020-03-06,21946.270092255123,11945.51191447292
2020-03-07,21893.848653057783,11945.51191447292
2020-03-08,21696.129376738565,11945.51191447292
2020-03-09,21090.154132151252,11784.314453087336
2020-03-10,21357.995731096926,11726.574121258342
2020-03-11,20910.90075496348,11580.897957107769
2020-03-12,19246.007572097704,11429.984336182584
2020-03-13,19525.118824548892,11473.421789516482
2020-03-14,19435.525298364413,11473.421789516482
2020-03-15,19482.856516460244,11473.421789516482
2020-03-16,18490.17050608009,11311.188383704522
2020-03-17,19078.145742851837,11298.721201716293
2020-03-18,18503.212823311602,11173.520898743847
2020-03-19,18757.274220533647,11237.360780114435
2020-03-20,18529.826945289744,11347.592050367557
2020-03-21,18526.445825792787,11347.592050367557
2020-03-22,18438.95547585547,11347.592050367557
2020-03-23,18885.460144184115,11449.59915453256
2020-03-24,19978.42116321269,11602.641193702397
2020-03-25,19905.59352020449,11629.750690857256
2020-03-26,20373.958229698324,11718.748545975566
2020-03-27,19974.31749432173,11678.092149331389
2020-03-28,19918.19418559752,11678.092149331389
2020-03-29,19839.250547699638,11678.092149331389
2020-03-30,20161.54606459176,11653.344392472693
2020-03-31,19856.466709532553,11596.954401492503
2020-04-01,19569.20208018122,11561.60727018858
2020-04-02,20018.568690527398,11676.06568180768
2020-04-03,19940.999018109018,11694.970482618339
2020-04-04,19982.367184129682,11694.970482618339
2020-04-05,19958.806428011285,11694.970482618339
2020-04-06,20774.03717854115,11799.954866056047
2020-04-07,20690.06119032223,11788.605189851985
2020-04-08,20981.995841412474,11805.197635218554
2020-04-09,21439.053399896162,11909.705656977043
2020-04-10,21304.40925704761,11909.705656977043
2020-04-11,21302.432396024094,11909.705656977043
2020-04-12,21336.975362022604,11909.705656977043
2020-04-13,21273.40552534123,11912.347140799457
2020-04-14,21551.830352971938,11968.910666256457
2020-04-15,21179.16268447331,11923.383790882828
2020-04-16,21327.25205494312,11892.477990033294
2020-04-17,21368.341312351768,11887.679338169166
2020-04-18,21418.14110385154,11887.679338169166
2020-04-19,21397.096147330933,11887.679338169166
2020-04-20,21227.986199800765,11862.47641648773
2020-04-21,20879.56795771583,11824.890879877452
2020-04-22,21369.335335244225,11910.713650970358
2020-04-23,21488.574883675803,11912.557200665395
2020-04-24,21581.348933955887,11942.63740912856
2020-04-25,21587.21928360098,11942.63740912856
2020-04-26,21621.121516536186,11942.63740912856
2020-04-27,21708.634398979684,11945.406755648233
2020-04-28,21669.55515800282,11950.853637828342
2020-04-29,22141.836435206184,11974.242366482113
2020-04-30,21928.625918447717,11922.272821556106
2020-05-01,21830.73342407539,11896.900747606001
2020-05-02,21862.0945907472,11896.900747606001
2020-05-03,21839.015559911888,11896.900747606001
2020-05-04,21928.0526414635,11912.426242744208
2020-05-05,22007.157410231473,11925.547902231652
2020-05-06,21918.34300564851,11886.499925640708
2020-05-07,22377.34923729221,11949.005749095237
2020-05-08,22413.57271062208,11958.935791237001
2020-05-09,22350.569417314586,11958.935791237001
2020-05-10,22138.473086839433,11958.935791237001
2020-05-11,22025.21523522872,11937.084419365303
2020-05-12,21969.903457493794,11922.849148082172
2020-05-13,22003.315470131143,11912.016572283314
2020-05-14,22336.195552755365,11947.768978073695
2020-05-15,22347.07032251975,11968.880051799764
2020-05-16,22359.433550225865,11968.880051799764
2020-05-17,22433.822399815886,11968.880051799764
2020-05-18,22565.869889455622,11989.084310526634
2020-05-19,22551.01229878609,11981.287063005271
2020-05-20,22663.210105900467,12016.814623528
2020-05-21,22340.90068110599,11983.904136623105
2020-05-22,22454.3018612298,11997.599847281681
2020-05-23,22461.06641754311,11997.599847281681
2020-05-24,22354.97113710032,11997.599847281681
2020-05-25,22384.492708515707,11997.599847281681
2020-05-26,22307.6224922201,11978.795857258696
2020-05-27,22541.105765977896,12003.849794036776
2020-05-28,22629.241859220972,12014.90671503547
2020-05-29,22765.879938329283,12038.631180919117
2020-05-30,22832.054171510747,12038.631180919117
2020-05-31,22771.435080713596,12038.631180919117
2020-06-01,22978.719976921126,12049.226405035764
2020-06-02,22825.473067563555,12042.495801707251
2020-06-03,22819.706441430906,12027.863329932892
2020-06-04,22943.51991304597,12025.60367028325
2020-06-05,22895.322167922695,12025.961133980154
2020-06-06,22892.469193714172,12025.961133980154
2020-06-07,22917.782817320636,12025.961133980154
2020-06-08,23138.188607803404,12064.919103461172
2020-06-09,23166.902929573993,12070.310884887233
2020-06-10,23130.961264805395,12090.49276021837
2020-06-11,22614.68022501029,12030.573220565073
2020-06-12,22733.834471646467,12034.474417429406
2020-06-13,22732.49471608636,12034.474417429406
2020-06-14,22711.196598442857,12034.474417429406
2020-06-15,22753.76104894122,12040.954767853562
2020-06-16,22978.32942834535,12069.000203960126
2020-06-17,22928.28109736149,12061.208198035609
2020-06-18,22891.51163219364,12074.285074498628
2020-06-19,22925.695374106384,12088.977146345214
2020-06-20,22936.36311899253,12088.977146345214
2020-06-21,22929.452800840394,12088.977146345214
2020-06-22,23121.230221321504,12113.522237803685
2020-06-23,23235.01745916228,12131.953684332013
2020-06-24,22916.52683197415,12090.918260722861
2020-06-25,22971.505455838374,12105.226755352287
2020-06-26,22809.11992799632,12088.99880075045
2020-06-27,22780.83275218092,12088.99880075045
2020-06-28,22804.46604026121,12088.99880075045
2020-06-29,22943.912206776233,12112.266351872693
2020-06-30,23129.21993169172,12134.4460274561
2020-07-01,23106.623063069128,12131.912983132346
2020-07-02,23181.067148816033,12156.678917723671
2020-07-03,23171.92822849085,12156.678917723671
2020-07-04,23183.364917548435,12156.678917723671
2020-07-05,23168.546336085874,12156.678917723671
2020-07-06,23394.244313055213,12185.130944726458
2020-07-07,23358.227345252613,12183.776711132628
2020-07-08,23524.100919742308,12194.357075462927
2020-07-09,23354.681430265155,12185.714495594793
2020-07-10,23434.382911288143,12194.483675448588
2020-07-11,23424.648044274723,12194.483675448588
2020-07-12,23433.798829154468,12194.483675448588
2020-07-13,23419.3285963051,12200.316054611285
2020-07-14,23524.273138589353,12216.69199824781
2020-07-15,23592.57028103689,12226.69145546577
2020-07-16,23483.49194886049,12220.66092532898
2020-07-17,23562.671093342567,12238.289321221482
2020-07-18,23564.606745982775,12238.289321221482
2020-07-19,23571.384372773042,12238.289321221482
2020-07-20,23673.39403802838,12258.694474358383
2020-07-21,23881.56610400663,12287.632283070656
2020-07-22,24079.80662966338,12308.93440885403
2020-07-23,24120.901121691735,12312.946084883777
2020-07-24,24097.045690456045,12308.758153455148
2020-07-25,24132.537022341792,12308.758153455148
2020-07-26,24190.25981050557,12308.758153455148
2020-07-27,24700.384218272797,12340.773724204524
2020-07-28,24697.877547829536,12349.449142047777
2020-07-29,24894.477712664524,12379.531486582655
2020-07-30,24808.574917382168,12370.571561214565
2020-07-31,25035.66192747692,12406.133204507845
2020-08-01,25132.0873659303,12406.133204507845
2020-08-02,24975.998777847646,12406.133204507845
2020-08-03,25095.4456743812,12421.129762760673
2020-08-04,25300.582658397758,12457.160476703355
2020-08-05,25627.37879707756,12484.944890218623
2020-08-06,25798.275995460204,12510.41280936066
2020-08-07,25554.48494074989,12475.780952359639
2020-08-08,25588.21817968728,12475.780952359639
2020-08-09,25570.90494323301,12475.780952359639
2020-08-10,25715.44083466826,12484.183519985974
2020-08-11,25068.947325554873,12406.677961626494
2020-08-12,25243.763325529897,12428.128067162725
2020-08-13,25383.06978201623,12430.804273867694
2020-08-14,25279.042113710642,12411.502724216596
2020-08-15,25300.450148874854,12411.502724216596
2020-08-16,25306.44304278432,12411.502724216596
2020-08-17,25660.002712356494,12453.891152610093
2020-08-18,25695.286781506624,12483.005290357145
2020-08-19,25398.29395984822,12440.684860757858
2020-08-20,25325.981027934344,12425.388577913636
2020-08-21,25299.057092817577,12443.168956918229
2020-08-22,25318.808855853982,12443.168956918229
2020-08-23,25315.05520040593,12443.168956918229
2020-08-24,25396.432802207957,12459.270765701962
2020-08-25,25256.79306414246,12451.918975172392
2020-08-26,25523.851993415177,12490.685930948766
2020-08-27,25410.322633063246,12466.716953802781
2020-08-28,25738.944667674987,12514.949702751268
2020-08-29,25731.06598563303,12514.949702751268
2020-08-30,25776.311082351483,12514.949702751268
2020-08-31,25750.750971930545,12528.876252158789
2020-09-01,25902.635671513584,12543.131897544106
2020-09-02,25734.612206477217,12541.380791363617
2020-09-03,25123.32209385287,12479.188936438448
2020-09-04,25090.369906895066,12455.858886564554
2020-09-05,25014.920634536677,12455.858886564554
2020-09-06,25039.343369810747,12455.858886564554
2020-09-07,25059.0104284701,12455.858886564554
2020-09-08,24812.668596079704,12431.633722119861
2020-09-09,25067.70205073613,12464.071555669314
2020-09-10,24991.833450030957,12452.215661017974
2020-09-11,24918.27223975621,12439.625029596822
2020-09-12,24927.36722908467,12439.625029596822
2020-09-13,24901.262245867296,12439.625029596822
2020-09-14,25174.446851248977,12464.150557520623
2020-09-15,25260.075571686226,12473.614577939432
2020-09-16,25285.733720494085,12472.626715172246
2020-09-17,25097.38399518861,12451.147713332346
2020-09-18,25059.150263504893,12440.358099953939
2020-09-19,25092.165509645743,12440.358099953939
2020-09-20,25057.75822163116,12440.358099953939
2020-09-21,24591.031558616814,12387.886583789903
2020-09-22,24680.484450046162,12399.407646963813
2020-09-23,24215.02793215914,12343.332288691327
2020-09-24,24394.988164979964,12355.12798629438
2020-09-25,24459.711451729236,12371.557819445625
2020-09-26,24472.49924870697,12371.557819445625
2020-09-27,24477.91047241503,12371.557819445625
2020-09-28,24684.35525323962,12409.217908286004
2020-09-29,24779.517788502875,12422.57100588129
2020-09-30,24795.51853159621,12415.381299654606
2020-10-01,24923.10905585562,12436.418689965396
2020-10-02,24787.098490235087,12419.752617387538
2020-10-03,24780.972200456312,12419.752617387538
2020-10-04,24808.620773788123,12419.752617387538
2020-10-05,25055.120755664935,12438.564771788382
2020-10-06,24827.019750520063,12414.431109992787
2020-10-07,24900.579162770202,12423.55801119531
2020-10-08,25061.837000760053,12452.812908321033
2020-10-09,25337.973852464405,12485.701834544323
2020-10-10,25391.29266893778,12485.701834544323
2020-10-11,25411.484165629205,12485.701834544323
2020-10-12,25611.614005519205,12511.405092565497
2020-10-13,25343.176014979606,12479.833408691635
2020-10-14,25354.254013549067,12480.096792119779
2020-10-15,25368.234766042628,12478.57143938672
2020-10-16,25310.762482829297,12478.371855508443
2020-10-17,25319.034601870153,12478.371855508443
2020-10-18,25347.833664805283,12478.371855508443
2020-10-19,25299.905359809163,12453.61803008115
2020-10-20,25396.09299988943,12457.398145038667
2020-10-21,25662.482302932804,12463.148034101263
2020-10-22,25620.818994150497,12449.727098823421
2020-10-23,25647.96960407825,12459.088440820406
2020-10-24,25688.555572207682,12459.088440820406
2020-10-25,25670.87745971209,12459.088440820406
2020-10-26,25519.09809859228,12438.812813244813
2020-10-27,25653.54003131472,12445.192147664877
2020-10-28,25094.62387651591,12376.165848201874
2020-10-29,25163.67028463935,12369.478740304887
2020-10-30,25161.509123035372,12353.26299779813
2020-10-31,25215.418676851903,12353.26299779813
2020-11-01,25207.388796906427,12353.26299779813
2020-11-02,25342.005479526695,12389.25110903838
2020-11-03,25669.967592815505,12420.249672984814
2020-11-04,25831.406591121387,12445.068855232637
2020-11-05,26549.885163198895,12507.418856690309
2020-11-06,26571.61661312658,12492.8180807131
2020-11-07,26437.657581208554,12492.8180807131
2020-11-08,26555.823628436647,12492.8180807131
2020-11-09,26126.553400589568,12435.56748799539
2020-11-10,26223.77637626677,12451.092169194551
2020-11-11,26290.98020122204,12457.895063861355
2020-11-12,26366.608245037307,12463.019624997947
2020-11-13,26577.14886779208,12490.519375614926
2020-11-14,26531.466160864453,12490.519375614926
2020-11-15,26510.872473344123,12490.519375614926
2020-11-16,26779.436258031732,12503.439376738765
2020-11-17,26881.724098297862,12500.449831146876
2020-11-18,26734.348008567238,12477.980260555763
2020-11-19,26710.66621376615,12479.353596422941
2020-11-20,26853.382504688358,12485.958719562546
2020-11-21,26857.209915810814,12485.958719562546
2020-11-22,26807.399251285107,12485.958719562546
2020-11-23,26676.933372195712,12468.151634779986
2020-11-24,26791.328829055376,12469.414890191774
2020-11-25,26711.939113555538,12473.442360731244
2020-11-26,26422.56860693051,12473.442360731244
2020-11-27,26314.69206758021,12471.477090409531
2020-11-28,26426.12440854548,12471.477090409531
2020-11-29,26510.30458168848,12471.477090409531
2020-11-30,26698.074106855132,12464.783795241627
2020-12-01,26918.977067848355,12496.397278820608
2020-12-02,27063.20865056908,12510.539259940899
2020-12-03,27160.61961810882,12528.350951336664
2020-12-04,27135.764416635542,12531.282581245918
2020-12-05,27197.58769955729,12531.282581245918
2020-12-06,27223.55557205344,12531.282581245918
2020-12-07,27337.953713375657,12555.256338682098
2020-12-08,27301.5376615503,12571.510888152066
2020-12-09,27029.801188715515,12529.930869955484
2020-12-10,26981.386223303514,12537.40253925134
2020-12-11,26979.982903665175,12540.661664242862
2020-12-12,27081.295494369984,12540.661664242862
2020-12-13,27127.37427998903,12540.661664242862
2020-12-14,27032.037354987515,12526.540846271242
2020-12-15,27324.39044479834,12566.890297428286
2020-12-16,27620.240270950424,12571.942594802236
2020-12-17,28064.011168244237,12603.061344278223
2020-12-18,28061.90615857487,12595.11462347109
2020-12-19,28161.46649709919,12595.11462347109
2020-12-20,28108.06757503972,12595.11462347109
2020-12-21,27943.044997186822,12585.394252272858
2020-12-22,27984.504505462653,12577.960071495234
2020-12-23,27967.64499758923,12585.880530218259
2020-12-24,28103.705196200204,12596.640460316541
2020-12-25,28230.060512760912,12596.640460316541
2020-12-26,28471.148625884867,12596.640460316541
2020-12-27,28448.737865169212,12596.640460316541
2020-12-28,28625.193914306154,12608.36967242576
2020-12-29,28659.591980299334,12605.893928844118
2020-12-30,28941.979457443394,12617.935739070632
2020-12-31,29025.907733115993,12634.62441223145
2021-01-01,29063.18195745713,12634.62441223145
2021-01-02,29338.723086859827,12634.62441223145
2021-01-03,29404.253278521483,12634.62441223145
2021-01-04,29501.33025129841,12656.018339016084
2021-01-05,29821.15183842127,12668.059953528898
2021-01-06,29884.488378810827,12634.405215822944
2021-01-07,30323.294387528455,12654.38853506848
2021-01-08,30044.6845085298,12593.958584954265
2021-01-09,29990.33296787581,12593.958584954265
2021-01-10,29800.364121655854,12593.958584954265
2021-01-11,29546.858095417203,12588.292188403853
2021-01-12,29342.957832782242,12588.447076979148
2021-01-13,29775.920644462625,12607.349873316994
2021-01-14,29907.275780253203,12603.126219676382
2021-01-15,29467.091969860856,12583.941047929207
2021-01-16,29402.315335819545,12583.941047929207
2021-01-17,29363.59674383723,12583.941047929207
2021-01-18,29447.546385825026,12583.941047929207
2021-01-19,29534.186035928225,12609.626888710993
2021-01-20,29786.229032579784,12650.595423565037
2021-01-21,29319.46007708211,12660.58241749648
2021-01-22,29441.340225886044,12642.948282500318
2021-01-23,29347.45007399752,12642.948282500318
2021-01-24,29369.642199310074,12642.948282500318
2021-01-25,29413.95159337896,12658.008498187819
2021-01-26,29391.77297328717,12646.843106890454
2021-01-27,28887.421513445068,12610.087555447282
2021-01-28,29236.070064183466,12624.412152572206
2021-01-29,29173.40128970229,12601.277906927406
2021-01-30,29168.711053245086,12601.277906927406
2021-01-31,29053.098307925728,12601.277906927406
2021-02-01,29344.380553103536,12623.190961859687
2021-02-02,29472.58089609272,12625.560431925227
2021-02-03,29663.6396704691,12625.672946224315
2021-02-04,29463.065965157828,12608.946392515512
2021-02-05,29750.114252498217,12628.242536965965
2021-02-06,29848.527604826377,12628.242536965965
2021-02-07,29816.717262934184,12628.242536965965
2021-02-08,30665.623166276946,12655.64706764184
2021-02-09,30704.8390115551,12659.149550767566
2021-02-10,30595.909331179617,12664.743488234342
2021-02-11,30777.35987472957,12652.43979738704
2021-02-12,30773.666547844146,12649.866652754125
2021-02-13,30738.630549959693,12649.866652754125
2021-02-14,30880.040539503814,12649.866652754125
2021-02-15,30812.288397688542,12649.866652754125
2021-02-16,30760.016303456545,12614.441614181353
2021-02-17,30857.041933029617,12595.468331395308
2021-02-18,30783.979012811913,12575.005753006795
2021-02-19,31149.81612063188,12559.034144219466
2021-02-20,31168.362271717833,12559.034144219466
2021-02-21,31294.738963333733,12559.034144219466
2021-02-22,31113.82856830439,12568.91133283006
2021-02-23,30640.00049151654,12569.828707778634
2021-02-24,30783.81613309458,12575.270414747944
2021-02-25,30157.382851740575,12483.320175010651
2021-02-26,29745.82171740094,12490.514980892602
2021-02-27,29732.546559638497,12490.514980892602
2021-02-28,29640.364152018712,12490.514980892602
2021-03-01,30147.99927005632,12503.555955204518
2021-03-02,30055.576904686463,12516.421416330426
2021-03-03,29936.087068520894,12477.894891303196
2021-03-04,29573.924281569085,12437.186849202397
2021-03-05,29771.888194329833,12462.22627341096
2021-03-06,29770.908327993006,12462.22627341096
2021-03-07,29921.567394451253,12462.22627341096
2021-03-08,29797.99477016966,12420.051004920628
2021-03-09,30382.787938775335,12489.293124481275
2021-03-10,30559.913592717843,12517.722560503165
2021-03-11,30791.595369857623,12535.22950134431
2021-03-12,30755.293209699266,12504.783173027721
2021-03-13,31012.114381014824,12504.783173027721
2021-03-14,30884.670964473014,12504.783173027721
2021-03-15,30790.315697703536,12530.313331334368
2021-03-16,30847.28813037801,12537.64171718402
2021-03-17,30994.191002326665,12536.734357907524
2021-03-18,30806.65422612062,12494.471720593243
2021-03-19,30882.04458362168,12505.889337382583
2021-03-20,30879.877078243095,12505.889337382583
2021-03-21,30827.985973441813,12505.889337382583
2021-03-22,30691.7645489124,12531.401002438874
2021-03-23,30531.593180300435,12520.176863954845
2021-03-24,30404.17263167766,12528.725436522212
2021-03-25,30338.67083935541,12527.445929394818
2021-03-26,30786.042901126686,12554.306268687547
2021-03-27,30840.95312288725,12554.306268687547
2021-03-28,30839.45818544981,12554.306268687547
2021-03-29,30814.248954445025,12528.99362822252
2021-03-30,30669.190298301597,12499.281430351646
2021-03-31,30917.70142648435,12526.375978950991
2021-04-01,31135.997272064178,12560.674531171087
2021-04-02,31151.13653624559,12560.674531171087
2021-04-03,31057.70876443362,12560.674531171087
2021-04-04,31118.299847965845,12560.674531171087
2021-04-05,31294.10455839854,12567.72465808315
2021-04-06,31346.26200401233,12578.980924940484
2021-04-07,31236.515394411595,12581.84471989523
2021-04-08,31529.610316176288,12609.238494328085
2021-04-09,31508.63331262233,12599.971227959286
2021-04-10,31589.876822926155,12599.971227959286
2021-04-11,31611.48241024371,12599.971227959286
2021-04-12,31511.913387164535,12592.201226882897
2021-04-13,31842.90346553754,12620.827861391408
2021-04-14,31702.201238173566,12608.112242754483
2021-04-15,32054.20192549647,12665.468906274966
2021-04-16,32098.927609022558,12678.602681339518
2021-04-17,32052.27890699907,12678.602681339518
2021-04-18,31817.83933413203,12678.602681339518
2021-04-19,31666.26866171892,12657.818014540648
2021-04-20,31679.568594366792,12656.386594622956
2021-04-21,31759.591257847827,12683.27712857585
2021-04-22,31463.743452550905,12668.340571387478
2021-04-23,31520.399913233374,12681.199885464863
2021-04-24,31465.67968372202,12681.199885464863
2021-04-25,31410.758573063347,12681.199885464863
2021-04-26,31713.175246284725,12686.974123936663
2021-04-27,31755.635899182296,12686.197424997283
2021-04-28,31706.278390336392,12693.630366272542
2021-04-29,31675.482562744877,12696.509172406259
2021-04-30,31814.997875966936,12685.4854823102
2021-05-01,31819.288067167356,12685.4854823102
2021-05-02,31753.34596049666,12685.4854823102
2021-05-03,31982.25838649073,12714.99885680914
2021-05-04,31587.535437155042,12703.990524054258
2021-05-05,31876.63964493424,12728.18871218891
2021-05-06,32134.730391421566,12756.305020734813
2021-05-07,32380.80700002241,12784.205362532548
2021-05-08,32460.543956538622,12784.205362532548
2021-05-09,32429.061751910136,12784.205362532548
2021-05-10,32232.906528671283,12777.897265353084
2021-05-11,32168.39312893737,12755.179909002523
2021-05-12,31421.12301261742,12711.569640840113
2021-05-13,31590.878050018455,12728.137853380767
2021-05-14,31869.573501115847,12770.95014299971
2021-05-15,31697.67124677136,12770.95014299971
2021-05-16,31680.916560962236,12770.95014299971
2021-05-17,31705.511378539275,12797.189377203822
2021-05-18,31577.541012650046,12780.805482876425
2021-05-19,31319.99281848777,12760.342685874155
2021-05-20,31649.795988321588,12778.651168529675
2021-05-21,31412.909152656426,12781.569488579877
2021-05-22,31425.686975835957,12781.569488579877
2021-05-23,31273.303197709247,12781.569488579877
2021-05-24,31659.348954644538,12808.734381794813
2021-05-25,31715.010790873406,12826.429995424358
2021-05-26,31809.338750092757,12822.523479027328
2021-05-27,31728.18192960519,12819.564066685296
2021-05-28,31646.24767749393,12829.13301839562
2021-05-29,31586.66489266129,12829.13301839562
2021-05-30,31645.174699297437,12829.13301839562
2021-05-31,31736.33480636041,12829.13301839562
2021-06-01,31673.618937900523,12838.807664463526
2021-06-02,31797.442839224677,12839.080266516232
2021-06-03,31652.84558022576,12796.815164304366
2021-06-04,31682.017358205154,12840.228540128946
2021-06-05,31567.896921041036,12840.228540128946
2021-06-06,31594.28561387613,12840.228540128946
2021-06-07,31433.44749320319,12833.814719593582
2021-06-08,31397.64560917429,12834.92464602765
2021-06-09,31716.854159524635,12833.976609588792
2021-06-10,31720.738014562474,12860.62548229782
2021-06-11,31681.380258703008,12842.142731014097
2021-06-12,31529.903955020487,12842.142731014097
2021-06-13,31831.29053485985,12842.142731014097
2021-06-14,31861.742442018563,12833.18744351316
2021-06-15,31793.690393839428,12830.757859003665
2021-06-16,31589.848006670014,12792.463888241093
2021-06-17,30988.835229537053,12748.080910684868
2021-06-18,30606.79756715263,12728.9309193331
2021-06-19,30592.229127880706,12728.9309193331
2021-06-20,30599.236071650692,12728.9309193331
2021-06-21,30507.184493764962,12749.141238811477
2021-06-22,30600.651546990055,12773.526658892322
2021-06-23,30730.641245415736,12776.91763211847
2021-06-24,30832.64213517098,12773.49457858281
2021-06-25,30622.254259175937,12782.733169113624
2021-06-26,30668.88159972542,12782.733169113624
2021-06-27,30878.290295716924,12782.733169113624
2021-06-28,30902.298454251737,12792.443088804113
2021-06-29,30918.15937805507,12783.938429041034
2021-06-30,30910.792725851443,12795.584539457443
2021-07-01,30877.249521818856,12810.768544308185
2021-07-02,31035.33697672408,12841.041571381124
2021-07-03,31103.393790866678,12841.041571381124
2021-07-04,31158.018701780584,12841.041571381124
2021-07-05,31022.012928439228,12841.041571381124
2021-07-06,31120.798565068915,12855.817007678257
2021-07-07,31181.818215767886,12863.455565330138
2021-07-08,30993.320770409482,12847.070080026871
2021-07-09,31263.40935197374,12868.938153369701
2021-07-10,31238.930759322146,12868.938153369701
2021-07-11,31302.415281932117,12868.938153369701
2021-07-12,31214.76812323952,12880.612268882403
2021-07-13,31164.30891184012,12878.976589366443
2021-07-14,31294.87992217178,12901.248398377087
2021-07-15,31194.472430281246,12912.228924983108
2021-07-16,30979.54769468438,12891.991718492018
2021-07-17,30989.386098610335,12891.991718492018
2021-07-18,31012.65175387443,12891.991718492018
2021-07-19,30724.290722091704,12869.568286050207
2021-07-20,30804.432609032767,12888.75880308917
2021-07-21,31039.966564107075,12883.44978710649
2021-07-22,31095.993340676083,12899.253256921564
2021-07-23,31295.471673858698,12926.849988318303
2021-07-24,31358.182259715166,12926.849988318303
2021-07-25,31451.489535755947,12926.849988318303
2021-07-26,31635.749833032256,12945.730916917186
2021-07-27,31772.577089503156,12938.6950518338
2021-07-28,31819.98404604421,12951.438205325192
2021-07-29,32088.932760019492,12973.540824292999
2021-07-30,32100.932887776642,12959.041599315504
2021-07-31,32047.179775610006,12959.041599315504
2021-08-01,31920.049413098994,12959.041599315504
2021-08-02,31875.90527088228,12961.663073718479
2021-08-03,31829.629817885518,12970.058622615532
2021-08-04,31899.71358236961,12956.443771371609
2021-08-05,32019.01519552767,12947.020158046384
2021-08-06,31869.15413776696,12908.957390254598
2021-08-07,32003.059445235307,12908.957390254598
2021-08-08,31944.726892477003,12908.957390254598
2021-08-09,31874.331015539887,12874.838002525243
2021-08-10,31865.984819537643,12883.20836259842
2021-08-11,32047.54141473829,12908.193419874884
2021-08-12,31981.939266242884,12908.12693376239
2021-08-13,32447.541027932755,12939.84575386011
2021-08-14,32393.92850185705,12939.84575386011
2021-08-15,32390.083612329374,12939.84575386011
2021-08-16,32418.372092060537,12953.790039018968
2021-08-17,32229.202704750507,12933.28981362824
2021-08-18,32088.99141900825,12917.095521991236
2021-08-19,32245.074183348326,12921.016642552919
2021-08-20,32542.089137428422,12919.952801173342
2021-08-21,32508.700700194848,12919.952801173342
2021-08-22,32540.740042831545,12919.952801173342
2021-08-23,32813.731468399084,12954.919028692773
2021-08-24,32707.204795927104,12958.73308572099
2021-08-25,32704.7875784914,12947.574382381797
2021-08-26,32510.41317915143,12943.909279866233
2021-08-27,32947.97216597889,13002.197109732804
2021-08-28,32935.94158634141,13002.197109732804
2021-08-29,32930.35454233319,13002.197109732804
2021-08-30,32790.61091972503,13002.016394504773
2021-08-31,32823.97923526072,12992.236977713228
2021-09-01,32933.27686500587,12993.263169165377
2021-09-02,32971.34153968665,12997.046852070971
2021-09-03,33176.61083033071,13005.750839364979
2021-09-04,33170.99132117344,13005.750839364979
2021-09-05,33296.86729329846,13005.750839364979
2021-09-06,33358.116463540566,13005.750839364979
2021-09-07,32658.525325631446,12966.343496229963
2021-09-08,32556.824270873523,12976.788620386687
2021-09-09,32577.07321204454,12996.626687474156
2021-09-10,32326.21215625144,12970.663078470641
2021-09-11,32348.310702033825,12970.663078470641
2021-09-12,32408.285478945363,12970.663078470641
2021-09-13,32378.08500713237,12975.660927409905
2021-09-14,32556.2920504335,12979.229095272496
2021-09-15,32637.13285617873,12983.219032724153
2021-09-16,32318.814010389226,12948.46696051145
2021-09-17,32133.940790902983,12920.297241486753
2021-09-18,32204.286867803323,12920.297241486753
2021-09-19,32133.43271898856,12920.297241486753
2021-09-20,31728.47737398188,12912.273534696884
2021-09-21,31670.566756529122,12917.818382120358
2021-09-22,31984.073400505007,12926.591552268255
2021-09-23,32002.51120371655,12907.965817572842
2021-09-24,31892.038346180852,12901.104505111023
2021-09-25,31883.467724822945,12901.104505111023
2021-09-26,31917.702909819523,12901.104505111023
2021-09-27,31819.76174801156,12899.469777975954
2021-09-28,31405.7812043166,12855.080310205598
2021-09-29,31358.376556673666,12849.77788006405
2021-09-30,31622.304128145508,12859.25293376826
2021-10-01,32078.477164491025,12892.514061492888
2021-10-02,32049.198561791305,12892.514061492888
2021-10-03,32084.471611155357,12892.514061492888
2021-10-04,32071.231058763264,12880.766348112691
2021-10-05,32312.660662093338,12893.938456900552
2021-10-06,32643.342377949768,12897.870149104658
2021-10-07,32609.261045385992,12903.896878044956
2021-10-08,32588.784512895203,12901.237394083915
2021-10-09,32661.02364578073,12901.237394083915
2021-10-10,32646.82354039607,12901.237394083915
2021-10-11,32748.74129240415,12888.067820335387
2021-10-12,32643.55498727417,12894.847024179524
2021-10-13,33037.09506765727,12943.038914816396
2021-10-14,33241.23885460308,12974.047465972546
2021-10-15,33424.61196539321,12956.869876115376
2021-10-16,33373.9357465523,12956.869876115376
2021-10-17,33421.69950660026,12956.869876115376
2021-10-18,33472.047559880506,12950.1798195837
2021-10-19,33757.795297784345,12954.71071530466
2021-10-20,34032.199548346885,12977.53615506297
2021-10-21,33768.57994028895,12987.739361910455
2021-10-22,33749.897338109,13004.687769510001
2021-10-23,33800.54337456824,13004.687769510001
2021-10-24,33767.12499024668,13004.687769510001
2021-10-25,34058.26970080926,13029.761124024082
2021-10-26,33778.72836044743,13033.48444483862
2021-10-27,33628.24221377679,13049.732770676392
2021-10-28,33923.41986128139,13032.717391695696
2021-10-29,33929.330614401806,13011.872252867463
2021-10-30,33904.84113764756,13011.872252867463
2021-10-31,33863.689293735886,13011.872252867463
2021-11-01,33958.62954665017,13007.515434741506
2021-11-02,34079.61095380609,13022.181350354338
2021-11-03,33947.55114984206,13006.387625741685
2021-11-04,34144.152834519475,13060.569955016961
2021-11-05,34345.699304303824,13095.901799293377
2021-11-06,34367.889161654675,13095.901799293377
2021-11-07,34467.26784712888,13095.901799293377
2021-11-08,34795.858958743134,13118.83098996927
2021-11-09,34743.160098994136,13138.139775838921
2021-11-10,34669.15046122295,13128.038491064373
2021-11-11,34789.58828293752,13139.950982757491
2021-11-12,34871.772971218124,13152.69027717325
2021-11-13,34889.090905619676,13152.69027717325
2021-11-14,34944.16796867466,13152.69027717325
2021-11-15,34829.19976306218,13152.437371281992
2021-11-16,34593.846818655715,13142.075427557606
2021-11-17,34698.15767620104,13158.490202211207
2021-11-18,34484.455063813424,13159.78532110303
2021-11-19,34453.35235196524,13142.967759998799
2021-11-20,34540.47702082536,13142.967759998799
2021-11-21,34487.08951234614,13142.967759998799
2021-11-22,33974.82287722397,13074.356754266855
2021-11-23,33890.01220344839,13043.798660880102
2021-11-24,33856.217697160566,13060.635607778006
2021-11-25,33911.12584790289,13060.635607778006
2021-11-26,33444.87347726868,13050.570992711517
2021-11-27,33513.64645974474,13050.570992711517
2021-11-28,33648.030981603435,13050.570992711517
2021-11-29,33801.916549139154,13055.93448297223
2021-11-30,33457.71803611944,13026.90563855334
2021-12-01,33401.73779850493,13006.82836789045
2021-12-02,33377.257041513054,13022.67938747845
2021-12-03,33266.121119332645,13034.380274497582
2021-12-04,33008.01980584583,13034.380274497582
2021-12-05,33017.888572263735,13034.380274497582
2021-12-06,33193.207924460665,13028.622844411992
2021-12-07,33482.52539234672,13065.844364968623
2021-12-08,33509.52281435406,13064.048049726392
2021-12-09,33194.83126489322,13031.811194747155
2021-12-10,33345.68697401139,13050.870422907361
2021-12-11,33470.06759155049,13050.870422907361
2021-12-12,33513.254936600366,13050.870422907361
2021-12-13,33234.462484630145,13045.367093524532
2021-12-14,33024.64653031033,13012.134028602944
2021-12-15,33285.951186891616,13030.428746473699
2021-12-16,33363.012689943076,13050.902100732086
2021-12-17,33204.39853804428,13043.009176562244
2021-12-18,33242.35081717741,13043.009176562244
2021-12-19,33234.03051511975,13043.009176562244
2021-12-20,33041.30045822507,13018.72059353132
2021-12-21,33326.10115388217,13045.435582181577
2021-12-22,33530.82735721923,13081.236178858482
2021-12-23,33804.87306977136,13087.829523741731
2021-12-24,33807.083196575135,13087.829523741731
2021-12-25,33784.05615135547,13087.829523741731
2021-12-26,33806.33899827586,13087.829523741731
2021-12-27,33945.37212181715,13118.438750123843
2021-12-28,33771.5028832881,13115.716723644166
2021-12-29,33681.60109870395,13117.062499314769
2021-12-30,33748.496703435136,13139.920593610674
2021-12-31,33778.05829123447,13142.488885894656
2022-01-01,33878.7486443981,13142.488885894656
2022-01-02,33853.83121979002,13142.488885894656
2022-01-03,33649.263530207456,13106.58497751928
2022-01-04,33712.89166105166,13102.410642942239
2022-01-05,33393.15149657153,13052.922614920268
2022-01-06,33087.014383644055,13009.103117307712
2022-01-07,32985.39663082027,13005.374963326489
2022-01-08,32998.23773247368,13005.374963326489
2022-01-09,33011.1970841867,13005.374963326489
2022-01-10,32999.9655923484,13008.938247153623
2022-01-11,33321.00898030547,13061.334265199292
2022-01-12,33505.25636018023,13046.726474882775
2022-01-13,33200.887083636415,13026.091935493385
2022-01-14,33207.931857662246,13005.84319495194
2022-01-15,33213.59959726612,13005.84319495194
2022-01-16,33208.966189508916,13005.84319495194
2022-01-17,33145.991051741556,13005.84319495194
2022-01-18,32918.09917810635,12960.299324417378
2022-01-19,32982.88697832563,12962.839656413216
2022-01-20,32776.389786120104,12953.14946295725
2022-01-21,32170.37730785003,12944.268065629305
2022-01-22,32066.280498150063,12944.268065629305
2022-01-23,32157.209950008073,12944.268065629305
2022-01-24,32304.796082617053,12966.10552317897
2022-01-25,32273.204776192695,12951.004885137967
2022-01-26,32070.62827443083,12907.897147134378
2022-01-27,31768.195735867168,12891.939869037997
2022-01-28,32018.694242297814,12927.521194125353
2022-01-29,32044.505523380547,12927.521194125353
2022-01-30,32028.41553695697,12927.521194125353
2022-01-31,32343.58416716828,12968.626476865422
2022-02-01,32479.605423333305,12955.17525905638
2022-02-02,32504.527188116797,12979.32043901371
2022-02-03,32206.303313325854,12919.480835176431
2022-02-04,32649.313640485743,12904.500068096986
2022-02-05,32644.295166199332,12904.500068096986
2022-02-06,32725.92662890667,12904.500068096986
2022-02-07,32910.60437246371,12908.920786195396
2022-02-08,33070.34952437867,12919.634598536288
2022-02-09,33316.38655975049,12951.568906545699
2022-02-10,33051.74527590127,12898.053546325727
2022-02-11,32764.716921765423,12909.776743043803
2022-02-12,32750.97800302032,12909.776743043803
2022-02-13,32747.0317737306,12909.776743043803
2022-02-14,32939.03925166463,12914.386580495458
2022-02-15,33190.209453208845,12910.941112375389
2022-02-16,33262.23642916126,12930.91292330428
2022-02-17,32953.73407942007,12933.380343673976
2022-02-18,32825.309205923055,12937.06350997331
2022-02-19,32832.97250742727,12937.06350997331
2022-02-20,32690.869184670813,12937.06350997331
2022-02-21,32576.89440044053,12937.06350997331
2022-02-22,32615.457649664455,12940.77302572025
2022-02-23,32362.383872213886,12923.117257366159
2022-02-24,32723.830784334066,12968.643138850024
2022-02-25,32757.49216776502,12964.600803451238
2022-02-26,32748.325228145426,12964.600803451238
2022-02-27,32631.05031938767,12964.600803451238
2022-02-28,33156.70839077842,13037.644432650868
2022-03-01,33370.56726081335,13076.879800762583
2022-03-02,33397.627833795166,13060.169731986238
2022-03-03,33321.47299256167,13059.015887381373
2022-03-04,33187.34041064359,13099.404668478202
2022-03-05,33207.52775442783,13099.404668478202
2022-03-06,33132.25318764482,13099.404668478202
2022-03-07,32967.26604223272,13102.39044246363
2022-03-08,33257.17501202622,13143.70844391524
2022-03-09,33424.48262008727,13100.391886026826
2022-03-10,33262.97451465153,13094.376865473238
2022-03-11,32961.79174821091,13094.670588329453
2022-03-12,32970.1619859364,13094.670588329453
2022-03-13,32889.226398947765,13094.670588329453
2022-03-14,32786.363194684855,13026.607648002575
2022-03-15,32786.663514396205,13001.946823635086
2022-03-16,33034.34331020156,12995.02886126287
2022-03-17,33402.51941729852,13087.393820114954
2022-03-18,33498.548666587616,13079.55020019966
2022-03-19,33528.44781303192,13079.55020019966
2022-03-20,33456.07287363322,13079.55020019966
2022-03-21,33442.36437680886,13044.92851654189
2022-03-22,33624.157051550625,13037.210899314001
2022-03-23,33622.90609701518,13080.580207431736
2022-03-24,34057.81253770293,13093.747226865136
2022-03-25,34090.683405054035,13067.059932937289
2022-03-26,34102.358978111195,13067.059932937289
2022-03-27,34280.42488588076,13067.059932937289
2022-03-28,34290.724437638215,13062.643921783441
2022-03-29,34274.29755027553,13046.730104519864
2022-03-30,34318.587423004734,13073.168820359293
2022-03-31,34123.00120513755,13050.476233836227
2022-04-01,34001.74678862857,13012.447867768926
2022-04-02,33970.82273911637,13012.447867768926
2022-04-03,34014.629223717355,13012.447867768926
2022-04-04,34200.067167528905,13026.860625948504
2022-04-05,33922.8863143089,12977.106313287179
2022-04-06,33596.635060902525,12944.691565138914
2022-04-07,33786.23721967291,12956.443077088405
2022-04-08,33717.43200157918,12964.444974809281
2022-04-09,33754.483783950236,12964.444974809281
2022-04-10,33711.43803389428,12964.444974809281
2022-04-11,33327.35979819009,12938.215845613953
2022-04-12,33524.28038389413,12951.80323732954
2022-04-13,33797.243888459765,12964.99167088073
2022-04-14,33487.73658747734,12941.251520156207
2022-04-15,33534.040704965104,12941.251520156207
2022-04-16,33524.37595162064,12941.251520156207
2022-04-17,33471.359281104356,12941.251520156207
2022-04-18,33643.82456609832,12949.251631886396
2022-04-19,33690.450463430076,12931.77979037075
2022-04-20,33649.416491481825,12958.128357266114
2022-04-21,33358.2786035425,12949.142560386495
2022-04-22,32883.55497753226,12889.20386411825
2022-04-23,32864.553005262664,12889.20386411825
2022-04-24,32863.246380018725,12889.20386411825
2022-04-25,32738.53744868873,12868.90068451542
2022-04-26,32291.827961924522,12846.04101166106
2022-04-27,32298.423750123548,12832.718008514812
2022-04-28,32637.78680059953,12888.303087451028
2022-04-29,32275.62090596744,12823.033870910649
2022-04-30,32208.560648403873,12823.033870910649
2022-05-01,32272.971044438695,12823.033870910649
2022-05-02,32025.985068042664,12743.771059828689
2022-05-03,32058.159568768173,12767.45259850666
2022-05-04,32560.37164558363,12836.893791764754
2022-05-05,31923.613074369878,12753.782989228092
2022-05-06,31858.992060706805,12741.004780895018
2022-05-07,31812.964047430956,12741.004780895018
2022-05-08,31689.758315367828,12741.004780895018
2022-05-09,30844.956088485742,12668.397306824048
2022-05-10,30816.063157492667,12642.736841759752
2022-05-11,30550.095680092032,12677.004890479746
2022-05-12,30354.58408476381,12640.756614517648
2022-05-13,30521.19892068634,12679.168358846342
2022-05-14,30591.070089343346,12679.168358846342
2022-05-15,30693.878862401107,12679.168358846342
2022-05-16,30566.751920993556,12678.774923066474
2022-05-17,30871.724916896233,12688.332335219147
2022-05-18,30260.176099491317,12661.816768600815
2022-05-19,30502.415800434603,12659.293073256587
2022-05-20,30416.01701789866,12661.825187999502
2022-05-21,30435.78598555052,12661.825187999502
2022-05-22,30511.91988763388,12661.825187999502
2022-05-23,30647.272825692737,12675.09603725226
2022-05-24,30728.11377386146,12697.072844647988
2022-05-25,30688.367904632123,12699.117655194279
2022-05-26,30889.567208855136,12741.728414286597
2022-05-27,31132.45239196597,12786.08358470269
2022-05-28,31148.45007555333,12786.08358470269
2022-05-29,31202.34240870345,12786.08358470269
2022-05-30,31397.091784669705,12786.08358470269
2022-05-31,31280.404483796323,12745.13162025678
2022-06-01,30999.864035306087,12719.602742595061
2022-06-02,31430.98963235737,12778.678080816084
2022-06-03,31029.99504588833,12763.663466656297
2022-06-04,31042.640446746256,12763.663466656297
2022-06-05,31049.896505511595,12763.663466656297
2022-06-06,31185.494491939928,12738.887879417416
2022-06-07,31324.895679631245,12765.230603417693
2022-06-08,31142.847425194694,12745.587315145553
2022-06-09,30852.9404691032,12713.303104985436
2022-06-10,30596.272127736025,12674.774493449246
2022-06-11,30525.136847634818,12674.774493449246
2022-06-12,30367.893928350233,12674.774493449246
2022-06-13,29259.994024367188,12535.636155197068
2022-06-14,29076.29793151553,12467.275625497152
2022-06-15,29293.525357094713,12539.491548462971
2022-06-16,28952.639833347468,12512.120216301715
2022-06-17,28913.33997851481,12508.826227667198
2022-06-18,28770.29690430947,12508.826227667198
2022-06-19,28921.38719154633,12508.826227667198
2022-06-20,28925.93925913375,12508.826227667198
2022-06-21,29176.344151207406,12525.06981809403
2022-06-22,29085.523222293235,12544.917500927342
2022-06-23,29232.96703895483,12561.401929466136
2022-06-24,29571.7832707627,12601.398119355536
2022-06-25,29598.4155949299,12601.398119355536
2022-06-26,29551.676191740644,12601.398119355536
2022-06-27,29445.264191526006,12565.91401020874
2022-06-28,29167.027377379498,12527.336305088724
2022-06-29,29116.10668279128,12517.93954165328
2022-06-30,28937.73834467268,12499.165606683526
2022-07-01,28935.785925588752,12568.679535648213
2022-07-02,28931.820540891727,12568.679535648213
2022-07-03,28939.838725293146,12568.679535648213
2022-07-04,29076.47552355996,12568.679535648213
2022-07-05,28851.756123405044,12534.776105366378
2022-07-06,28766.178137601382,12486.006373387147
2022-07-07,29098.863729268443,12501.14863614825
2022-07-08,29120.798986056972,12497.306190933456
2022-07-09,29100.481567252715,12497.306190933456
2022-07-10,28993.45246051777,12497.306190933456
2022-07-11,28676.55672441147,12481.889095878249
2022-07-12,28447.23282285881,12463.97627974118
2022-07-13,28593.37647445531,12484.419350756247
2022-07-14,28430.93658257469,12452.214164977553
2022-07-15,28649.794316043713,12495.834093992795
2022-07-16,28701.569710702483,12495.834093992795
2022-07-17,28641.459609328027,12495.834093992795
2022-07-18,28849.289749553016,12485.046882574108
2022-07-19,29263.67254095212,12515.822943562076
2022-07-20,29240.35518757093,12513.523123356945
2022-07-21,29424.58239326033,12561.525765348051
2022-07-22,29352.345941963624,12592.016993993675
2022-07-23,29315.853318756584,12592.016993993675
2022-07-24,29336.86920060992,12592.016993993675
2022-07-25,29114.85247421758,12580.032710887623
2022-07-26,28963.03049814545,12563.626293909536
2022-07-27,29491.81339704742,12622.706757021713
2022-07-28,29961.0985070517,12701.041119870404
2022-07-29,30195.612612815115,12749.587853276058
2022-07-30,30173.90340997196,12749.587853276058
2022-07-31,30127.20008543031,12749.587853276058
2022-08-01,30135.087697338426,12752.477092130792
2022-08-02,30037.190342599126,12701.220801067899
2022-08-03,30093.70285828029,12730.753628581382
2022-08-04,30268.191894045383,12752.685821250929
2022-08-05,30229.617562889332,12702.410254265624
2022-08-06,30187.269254946947,12702.410254265624
2022-08-07,30214.974903070935,12702.410254265624
2022-08-08,30379.999242022448,12737.48406884441
2022-08-09,30303.45957070142,12726.137106602453
2022-08-10,30637.147470548065,12748.196606906065
2022-08-11,30598.09226718038,12731.188141058608
2022-08-12,30899.380699249614,12775.723282433879
2022-08-13,30902.124007479324,12775.723282433879
2022-08-14,30888.60312875597,12775.723282433879
2022-08-15,30792.035253011658,12764.113303064847
2022-08-16,30725.22607967943,12762.459253961453
2022-08-17,30488.32740327069,12732.257180693568
2022-08-18,30471.95000548626,12754.542371465737
2022-08-19,29970.683413814477,12724.645373829622
2022-08-20,30007.928865878835,12724.645373829622
2022-08-21,30055.44432598588,12724.645373829622
2022-08-22,29720.54427957712,12681.11911996903
2022-08-23,29798.138695871836,12692.095628382267
2022-08-24,29823.060228186896,12698.340398021675
2022-08-25,30067.280129055594,12736.034937943514
2022-08-26,29383.08636419735,12670.916615049182
2022-08-27,29354.906940690667,12670.916615049182
2022-08-28,29300.050609646132,12670.916615049182
2022-08-29,29322.812859514805,12648.281090471528
2022-08-30,29053.87889778142,12619.074211300203
2022-08-31,28938.881746850213,12570.248994288777
2022-09-01,28873.250381201015,12535.042901154455
2022-09-02,28833.085452081257,12554.25235913842
2022-09-03,28813.21285256727,12554.25235913842
2022-09-04,28835.53069462933,12554.25235913842
2022-09-05,28810.36702324713,12554.25235913842
2022-09-06,28568.221649072686,12506.77016606949
2022-09-07,28914.65653219705,12556.145042144584
2022-09-08,28938.610646270576,12539.64695299793
2022-09-09,29449.528407358364,12567.125340539198
2022-09-10,29492.740472060337,12567.125340539198
2022-09-11,29505.545435429187,12567.125340539198
2022-09-12,29784.27071040552,12578.006309607268
2022-09-13,28871.77745579437,12494.522191910226
2022-09-14,28844.748474899556,12502.443420357606
2022-09-15,28443.244180811766,12448.654951708102
2022-09-16,28419.842237639506,12428.387774345063
2022-09-17,28471.08013302443,12428.387774345063
2022-09-18,28368.880608993946,12428.387774345063
2022-09-19,28426.64611875013,12417.137108011395
2022-09-20,28173.161337471207,12391.73522530877
2022-09-21,27985.235604600934,12382.347435097225
2022-09-22,28072.469192067398,12337.94608947783
2022-09-23,27722.043136726574,12283.78252821064
2022-09-24,27669.991945889597,12283.78252821064
2022-09-25,27650.51908743316,12283.78252821064
2022-09-26,27467.91324531912,12196.96797197274
2022-09-27,27452.196232740105,12179.775369006771
2022-09-28,27910.070185982153,12290.397619602385
2022-09-29,27720.106724768542,12215.364978004032
2022-09-30,27581.695689144926,12176.168489005748
2022-10-01,27564.70628171736,12176.168489005748
2022-10-02,27526.667729539175,12176.168489005748
2022-10-03,28065.070437604125,12275.996058213665
2022-10-04,28661.85313681871,12352.002302026895
2022-10-05,28548.693140491137,12312.647291997288
2022-10-06,28417.31817149711,12288.749298500306
2022-10-07,28003.636962872566,12246.1029556204
2022-10-08,27985.144698573364,12246.1029556204
2022-10-09,27989.382693961077,12246.1029556204
2022-10-10,27651.35187414095,12192.117499943632
2022-10-11,27652.60315008385,12213.588150937305
2022-10-12,27580.012867761267,12210.725671505395
2022-10-13,27865.706395212652,12240.40006165135
2022-10-14,27424.486754221718,12194.376521445243
2022-10-15,27407.7346545754,12194.376521445243
2022-10-16,27436.18802388382,12194.376521445243
2022-10-17,27826.230020843996,12247.008679560346
2022-10-18,27858.91610334813,12246.09191255939
2022-10-19,27617.48635719863,12202.574865527029
2022-10-20,27545.504853647628,12193.638492921451
2022-10-21,27936.871791273923,12248.77481875568
2022-10-22,27941.94202726829,12248.77481875568
2022-10-23,27992.873100902976,12248.77481875568
2022-10-24,28069.509432810126,12270.742303239615
2022-10-25,28366.731633723564,12309.34353877158
2022-10-26,28459.337015767218,12303.420371806353
2022-10-27,28314.874415357965,12324.601500514658
2022-10-28,28462.647451717257,12334.770079511001
2022-10-29,28494.318060279576,12334.770079511001
2022-10-30,28468.360858333686,12334.770079511001
2022-10-31,28348.010608272853,12317.256402987681
2022-11-01,28366.59277444483,12318.566447284767
2022-11-02,28079.870222464317,12282.00038968819
2022-11-03,27861.548284570257,12216.874286844959
2022-11-04,28442.599142890267,12282.83254964236
2022-11-05,28461.334947640287,12282.83254964236
2022-11-06,28412.067690836342,12282.83254964236
2022-11-07,28487.044281187067,12301.166017041705
2022-11-08,28501.800997257946,12340.393603649236
2022-11-09,27920.103231182602,12309.514275139227
2022-11-10,28963.365513024706,12466.81036564988
2022-11-11,29093.446045540353,12488.055225193439
2022-11-12,29060.927986586783,12488.055225193439
2022-11-13,28999.265912761304,12488.055225193439
2022-11-14,29001.48414189672,12455.527413341251
2022-11-15,29127.22574263871,12491.738465090923
2022-11-16,29014.28624358059,12491.494288035861
2022-11-17,28902.535696838273,12455.11654940546
2022-11-18,28888.24888990761,12435.368661821894
2022-11-19,28890.15337435723,12435.368661821894
2022-11-20,28832.10198693652,12435.368661821894
2022-11-21,28625.28128766565,12439.98196400959
2022-11-22,28824.53287562149,12473.876344524488
2022-11-23,28994.170102627835,12508.721590417648
2022-11-24,28993.30673634401,12508.721590417648
2022-11-25,29037.79086124497,12511.285835237011
2022-11-26,29029.829575966294,12511.285835237011
2022-11-27,29027.111160786648,12511.285835237011
2022-11-28,28739.714204841213,12472.866918312928
2022-11-29,28812.657183048872,12462.990354007006
2022-11-30,29215.944540464956,12555.767366868362
2022-12-01,29543.899317324736,12636.255051425986
2022-12-02,29518.466371790713,12659.950547957795
2022-12-03,29487.76344394253,12659.950547957795
2022-12-04,29525.583978985884,12659.950547957795
2022-12-05,29125.212989721815,12578.262751647626
2022-12-06,29014.40863480915,12563.253192773062
2022-12-07,29064.95921987807,12589.200530293281
2022-12-08,29232.081353121386,12604.06347825853
2022-12-09,29203.202185119364,12564.816415634388
2022-12-10,29202.44871252952,12564.816415634388
2022-12-11,29198.274201842083,12564.816415634388
2022-12-12,29240.569515128394,12570.659369647754
2022-12-13,29637.701640828676,12615.11740790719
2022-12-14,29537.68318983665,12595.26244939077
2022-12-15,29014.07263996844,12545.422081030643
2022-12-16,28862.289927766673,12520.203916728267
2022-12-17,28887.40845047391,12520.203916728267
2022-12-18,28881.09250886616,12520.203916728267
2022-12-19,28730.16658089881,12496.329138657231
2022-12-20,29011.90817027593,12517.859359588656
2022-12-21,29140.65710604404,12556.408740216753
2022-12-22,28813.446531112273,12502.105883720453
2022-12-23,28922.517788416666,12506.900665125882
2022-12-24,28931.162947452565,12506.900665125882
2022-12-25,28930.181139763816,12506.900665125882
2022-12-26,28943.4235784039,12506.900665125882
2022-12-27,28997.395190586256,12498.70776049074
2022-12-28,28805.20792139326,12476.95768072516
2022-12-29,29070.88815301009,12524.397680431694
2022-12-30,29039.532780675767,12509.553847056222
2022-12-31,29030.15807936607,12509.553847056222
2023-01-01,29043.769053002638,12509.553847056222
2023-01-02,29054.890009636045,12509.553847056222
2023-01-03,29138.703080935004,12532.116275798799
2023-01-04,29332.107231568873,12552.52447746083
2023-01-05,29097.652341868245,12528.929552912645
2023-01-06,29536.14458400555,12611.467480653691
2023-01-07,29536.690078304302,12611.467480653691
2023-01-08,29560.560936229576,12611.467480653691
2023-01-09,29628.404114699366,12626.774902559826
2023-01-10,29736.987810047387,12618.718028784586
2023-01-11,29973.097989084898,12653.158291992766
2023-01-12,30312.0335601509,12706.991390644514
2023-01-13,30682.011431436276,12698.487238536094
2023-01-14,30869.152639156542,12698.487238536094
2023-01-15,30852.39856300585,12698.487238536094
2023-01-16,30903.070254829156,12698.487238536094
2023-01-17,30810.77871030392,12677.46947165759
2023-01-18,30543.603457681336,12681.778078975687
2023-01-19,30652.56292404267,12710.980508124934
2023-01-20,31151.73416331289,12716.443862205671
2023-01-21,31169.465811846967,12716.443862205671
2023-01-22,31159.429333514796,12716.443862205671
2023-01-23,31327.6413198303,12728.936171331114
2023-01-24,31307.815285817494,12754.749978500206
2023-01-25,31443.306906693244,12768.696797806298
2023-01-26,31470.449426149346,12777.83820723838
2023-01-27,31500.507160787387,12772.760446966007
2023-01-28,31492.149653600874,12772.760446966007
2023-01-29,31622.581726316886,12772.760446966007
2023-01-30,31287.044539076483,12733.505532417177
2023-01-31,31538.605840467782,12759.401905098082
2023-02-01,31724.78089678394,12797.97740437481
2023-02-02,31779.722753580685,12806.648828095713
2023-02-03,31308.24344204545,12722.892477539119
2023-02-04,31292.231773192885,12722.892477539119
2023-02-05,31240.958601141945,12722.892477539119
2023-02-06,31167.963912018437,12702.714197486555
2023-02-07,31418.719649176386,12733.738912700055
2023-02-08,31288.4144789405,12742.98582906358
2023-02-09,30967.358682943683,12707.122093847714
2023-02-10,30948.570520144207,12694.815057729638
2023-02-11,30978.51423364403,12694.815057729638
2023-02-12,30967.246141815824,12694.815057729638
2023-02-13,31029.801275293445,12710.378110249081
2023-02-14,31094.624755513767,12698.488623640576
2023-02-15,31287.05348297196,12690.997279420293
2023-02-16,31092.567641627218,12672.592991994285
2023-02-17,31183.338235395284,12676.43027274091
2023-02-18,31193.65276681599,12676.43027274091
2023-02-19,31150.904669720316,12676.43027274091
2023-02-20,31219.2594043362,12676.43027274091
2023-02-21,30895.471617356805,12628.97973783753
2023-02-22,30841.815940422715,12626.573924529654
2023-02-23,30776.50820642497,12638.393588959705
2023-02-24,30498.507570908532,12594.911868745541
2023-02-25,30495.40650301714,12594.911868745541
2023-02-26,30547.995812045934,12594.911868745541
2023-02-27,30633.563657041715,12613.020015311975
2023-02-28,30620.78280407753,12631.067094353328
2023-03-01,30704.895005416758,12618.502957796669
2023-03-02,30738.673951924524,12630.289752941175
2023-03-03,30860.121956769704,12702.469293891494
2023-03-04,30858.887715042605,12702.469293891494
2023-03-05,30869.756896741557,12702.469293891494
2023-03-06,30878.411780682756,12683.684897473633
2023-03-07,30455.245002452713,12616.400039574793
2023-03-08,30399.427670772544,12600.994176423788
2023-03-09,30133.291020108612,12600.27859725746
2023-03-10,30177.225446026066,12661.739413095658
2023-03-11,30236.114821293126,12661.739413095658
2023-03-12,30438.716492180112,12661.739413095658
2023-03-13,31026.70331675108,12724.681579829201
2023-03-14,31235.222133818144,12720.668809990932
2023-03-15,31259.130368263257,12777.067130687938
2023-03-16,31484.49806312471,12752.511582591174
2023-03-17,32014.1214366506,12782.345725930829
2023-03-18,31953.527583118153,12782.345725930829
2023-03-19,32095.44393688228,12782.345725930829
2023-03-20,32224.79759029644,12805.06223455366
2023-03-21,32143.290096757235,12785.0185183829
2023-03-22,31903.73904238644,12823.39850913893
2023-03-23,32385.086937719945,12869.082328555525
2023-03-24,32266.568579299063,12860.741003955363
2023-03-25,32266.75667391437,12860.741003955363
2023-03-26,32332.849969599094,12860.741003955363
2023-03-27,32040.504040125394,12811.500612981868
2023-03-28,32168.251604074725,12835.866177928976
2023-03-29,32425.07843066858,12857.337041751087
2023-03-30,32543.328321314053,12879.935567185974
2023-03-31,32679.98328218452,12908.400019529416
2023-04-01,32672.243265854573,12908.400019529416
2023-04-02,32647.94695699283,12908.400019529416
2023-04-03,32744.690890250193,12931.570901060679
2023-04-04,32979.15337785198,12961.448148510173
2023-04-05,32944.44584448982,12969.894364606396
2023-04-06,32914.29562471691,12978.505478836765
2023-04-07,32900.72246814827,12978.505478836765
2023-04-08,32903.239643204775,12978.505478836765
2023-04-09,32947.44900097099,12978.505478836765
2023-04-10,32959.817936603125,12937.806120368321
2023-04-11,33134.454440856985,12955.833430324114
2023-04-12,33118.34777981464,12957.384448263898
2023-04-13,33504.115719120484,12988.437068268066
2023-04-14,33226.25802527877,12942.738450354296
2023-04-15,33207.0709250884,12942.738450354296
2023-04-16,33206.71052819668,12942.738450354296
2023-04-17,33096.15038276226,12925.991899290619
2023-04-18,33301.168090430445,12940.071176468879
2023-04-19,33038.03295702406,12928.689949227308
2023-04-20,32994.78832705306,12946.9435763005
2023-04-21,32705.433377910213,12930.580761194513
2023-04-22,32767.467813534102,12930.580761194513
2023-04-23,32741.520357967576,12930.580761194513
2023-04-24,32810.226603128176,12953.707538925724
2023-04-25,32748.98388818072,12958.417912429277
2023-04-26,32660.10594969896,12935.24820258419
2023-04-27,33035.12327655302,12952.490962767235
2023-04-28,33119.47340359146,12968.290993921653
2023-04-29,33108.94210437007,12968.290993921653
2023-04-30,33111.27370192264,12968.290993921653
2023-05-01,32921.96732280678,12930.4946372296
2023-05-02,33063.036876694285,12964.112381521672
2023-05-03,33117.029662065994,12983.093476729064
2023-05-04,33149.30850708274,12987.788420565215
2023-05-05,33233.39496531294,12984.839026251037
2023-05-06,33162.15115652853,12984.839026251037
2023-05-07,33111.28368070146,12984.839026251037
2023-05-08,33088.06606551114,12977.140083519436
2023-05-09,33100.04644253807,12972.978237961235
2023-05-10,33111.96519224346,12988.736058604873
2023-05-11,32919.76455736851,12988.970224102924
2023-05-12,32882.32359391044,12974.73320005218
2023-05-13,32879.95784464808,12974.73320005218
2023-05-14,32896.537975300715,12974.73320005218
2023-05-15,32989.58471085952,12976.470690515953
2023-05-16,32697.494328109828,12937.574902106237
2023-05-17,32827.05870318024,12947.726764151386
2023-05-18,32716.074949503814,12935.198305856095
2023-05-19,32853.37350929415,12938.534941678
2023-05-20,32880.46285187966,12938.534941678
2023-05-21,32837.953826491146,12938.534941678
2023-05-22,32828.30355397849,12930.133092728309
2023-05-23,32723.73803472454,12925.627296800714
2023-05-24,32475.472837087636,12897.950146548957
2023-05-25,32462.80906365738,12883.076664183149
2023-05-26,32647.67888883864,12906.505616371185
2023-05-27,32664.542060941258,12906.505616371185
2023-05-28,32802.252221654686,12906.505616371185
2023-05-29,32763.815590461963,12906.505616371185
2023-05-30,32856.395071318955,12932.032080881387
2023-05-31,32777.22454376717,12935.002053019016
2023-06-01,32934.96487238954,12966.40402259577
2023-06-02,32983.8073868395,12950.087152132992
2023-06-03,32962.79924162371,12950.087152132992
2023-06-04,32968.09008433983,12950.087152132992
2023-06-05,32819.31943079622,12956.26908156744
2023-06-06,33074.0547844384,12967.656751443863
2023-06-07,32774.24008672895,12930.798559739529
2023-06-08,33006.827582335536,12975.137003833628
2023-06-09,33015.80390091063,12966.523542606496
2023-06-10,32940.04508231235,12966.523542606496
2023-06-11,32950.75353535766,12966.523542606496
2023-06-12,33007.76506460267,12977.991206078634
2023-06-13,33017.88853736788,12961.452645471769
2023-06-14,33009.05343341556,12981.224694567722
2023-06-15,33231.09495800228,13026.915313910618
2023-06-16,33284.69056085522,13013.290548975569
2023-06-17,33306.75259414937,13013.290548975569
2023-06-18,33285.74421374321,13013.290548975569
2023-06-19,33347.737104397995,13013.290548975569
2023-06-20,33310.89405689966,13000.802579446294
2023-06-21,33439.16562800404,12992.753367468673
2023-06-22,33333.206279172206,12973.23781850253
2023-06-23,33379.8428286284,12977.252405210416
2023-06-24,33362.1687421939,12977.252405210416
2023-06-25,33353.92814177216,12977.252405210416
2023-06-26,33311.21761816723,12977.287436901523
2023-06-27,33428.09768029808,12976.229131970591
2023-06-28,33350.869426042154,12984.407113215308
2023-06-29,33422.427051632825,12964.319706196498
2023-06-30,33649.79500269279,13007.231608532553
2023-07-01,33662.25208891687,13007.231608532553
2023-07-02,33665.64071309547,13007.231608532553
2023-07-03,33743.80748789709,13006.179318190154
2023-07-04,33701.978012585634,13006.179318190154
2023-07-05,33641.197283578316,12984.952644713192
2023-07-06,33407.51252010516,12949.12502421473
2023-07-07,33548.98107027683,12955.876936759967
2023-07-08,33543.490998814246,12955.876936759967
2023-07-09,33530.09758789986,12955.876936759967
2023-07-10,33579.14514281124,12968.853541311715
2023-07-11,33721.02451229536,12977.672436644083
2023-07-12,33965.853292203305,13049.022802562846
2023-07-13,34202.86264312428,13084.32361244467
2023-07-14,34076.197170461644,13064.056847848426
2023-07-15,34071.97271152956,13064.056847848426
2023-07-16,34066.81947543462,13064.056847848426
2023-07-17,34043.46920251621,13071.41746165545
2023-07-18,34274.287262658516,13096.216277013222
2023-07-19,34310.66161897525,13114.285086324484
2023-07-20,34155.26386127461,13101.291983234667
2023-07-21,34140.1263635436,13098.583694905303
2023-07-22,34125.006725281,13098.583694905303
2023-07-23,34159.53580076158,13098.583694905303
2023-07-24,34085.5231172073,13104.335634935582
2023-07-25,34137.20431810997,13102.98356436627
2023-07-26,34201.34643872951,13109.962677721762
2023-07-27,33943.285894021676,13059.962715024585
2023-07-28,34178.62181466047,13098.769388951103
2023-07-29,34182.781149212904,13098.769388951103
2023-07-30,34173.770695306914,13098.769388951103
2023-07-31,34263.21080105163,13109.964222890718
2023-08-01,34075.213057690824,13064.60524460766
2023-08-02,33825.08505164024,13037.954604394023
2023-08-03,33759.11631838874,13009.264131703821
2023-08-04,33747.662213540534,13047.451681802868
2023-08-05,33743.91533017313,13047.451681802868
2023-08-06,33743.88350707719,13047.451681802868
2023-08-07,33819.87846429524,13057.87205902853
2023-08-08,33772.84559593511,13046.705274040869
2023-08-09,33610.398098174046,13031.204082401198
2023-08-10,33594.9861927092,13014.356525807607
2023-08-11,33574.564994787776,13007.811283669038
2023-08-12,33576.704239452636,13007.811283669038
2023-08-13,33561.108175126916,13007.811283669038
2023-08-14,33624.82971472033,13005.953140114943
2023-08-15,33404.405283439766,12974.197295162587
2023-08-16,33220.954756928346,12950.66361343739
2023-08-17,32813.18418531808,12934.851547334938
2023-08-18,32761.067812283618,12944.120683814272
2023-08-19,32766.535890149145,12944.120683814272
2023-08-20,32777.48166149192,12944.120683814272
2023-08-21,32894.84635264847,12947.465022202437
2023-08-22,32874.95477565742,12953.454433287403
2023-08-23,33204.513262684806,13018.507552322359
2023-08-24,33011.707173565555,12985.221594197094
2023-08-25,33030.68733784941,12990.018490205533
2023-08-26,33026.09176227603,12990.018490205533
2023-08-27,33035.61350731151,12990.018490205533
2023-08-28,33159.04941042549,13006.172223277397
2023-08-29,33645.54526351435,13055.28166820251
2023-08-30,33698.9645015095,13061.320038264195
2023-08-31,33482.52441105932,13067.764195633268
2023-09-01,33499.380572494585,13052.073810285512
2023-09-02,33508.17026493232,13052.073810285512
2023-09-03,33521.18129958947,13052.073810285512
2023-09-04,33500.8901581643,13052.073810285512
2023-09-05,33353.0810314419,13030.889572385573
2023-09-06,33215.070887069975,13010.733911471249
2023-09-07,33240.89955135308,13024.015154201603
2023-09-08,33221.9053452515,13036.176510853962
2023-09-09,33220.61717892993,13036.176510853962
2023-09-10,33212.424410862426,13036.176510853962
2023-09-11,33236.07398114521,13044.2747455144
2023-09-12,33177.38646993379,13033.044746153577
2023-09-13,33227.26340613666,13038.974407325599
2023-09-14,33375.51355570811,13046.593272621194
2023-09-15,33338.99521351683,13031.874706345974
2023-09-16,33333.777232044704,13031.874706345974
2023-09-17,33329.375072430514,13031.874706345974
2023-09-18,33419.03229080571,13046.762511391735
2023-09-19,33457.99623625957,13034.012152521816
2023-09-20,33436.02674432098,13023.887881386807
2023-09-21,32994.15336661278,12968.160012885892
2023-09-22,33013.75603980456,12983.577000712885
2023-09-23,33013.7330908744,12983.577000712885
2023-09-24,32972.08380886459,12983.577000712885
2023-09-25,32964.46725922173,12954.341549552124
2023-09-26,32676.765600252336,12916.002117568762
2023-09-27,32501.33276650269,12892.919751365818
2023-09-28,32576.45019388807,12914.355072209466
2023-09-29,32450.666145067098,12895.962183582053
2023-09-30,32457.922041974733,12895.962183582053
2023-10-01,32580.185327922856,12895.962183582053
2023-10-02,32394.73980336438,12860.305312324435
2023-10-03,32193.726171503753,12813.418160911322
2023-10-04,32277.45498745294,12835.9409400193
2023-10-05,32216.89378242773,12832.759454472573
2023-10-06,32510.245871641677,12843.631161007479
2023-10-07,32512.92288675659,12843.631161007479
2023-10-08,32508.8608195643,12843.631161007479
2023-10-09,32675.765160873754,12903.835632453618
2023-10-10,32793.16130082402,12920.1428114554
2023-10-11,32862.11668004344,12952.34230720397
2023-10-12,32754.943401710585,12920.036996311279
2023-10-13,33119.47446853992,12980.5056613521
2023-10-14,33119.39407346008,12980.5056613521
2023-10-15,33155.254040245396,12980.5056613521
2023-10-16,33395.84473822575,12979.301856870186
2023-10-17,33394.60147060381,12962.383948745904
2023-10-18,33459.23456708384,12960.091169680143
2023-10-19,33500.055364343425,12957.286663553296
2023-10-20,33576.84300803222,12964.309516141526
2023-10-21,33605.182743825135,12964.309516141526
2023-10-22,33614.26785799457,12964.309516141526
2023-10-23,33924.032119537835,12959.234427383008
2023-10-24,34097.80153769594,12971.958736656361
2023-10-25,34073.055276662555,12944.605562752186
2023-10-26,33922.42353091509,12955.054184488241
2023-10-27,33854.452617219555,12958.111614937206
2023-10-28,33876.08970707185,12958.111614937206
2023-10-29,33930.118961902706,12958.111614937206
2023-10-30,34110.17807294748,12972.953844157159
2023-10-31,34122.17247934859,12963.438303478633
2023-11-01,34282.84084985702,13008.96321278255
2023-11-02,34513.47457572196,13058.499117815481
2023-11-03,34646.56165797083,13095.382204235957
2023-11-04,34680.998132922556,13095.382204235957
2023-11-05,34677.765832578465,13095.382204235957
2023-11-06,34637.63668473544,13082.465701486037
2023-11-07,34612.391646000666,13088.70328317526
2023-11-08,34537.73800701508,13089.153385785852
2023-11-09,34632.62320705813,13056.983651509532
2023-11-10,34670.366767379586,13059.563792622486
2023-11-11,34653.051833872254,13059.563792622486
2023-11-12,34644.8301720954,13059.563792622486
2023-11-13,34667.73760029611,13064.733108519393
2023-11-14,34929.29453791171,13134.856129273217
2023-11-15,35176.461976985534,13121.011617544467
2023-11-16,35188.17670653052,13155.533249595257
2023-11-17,35232.97031921251,13161.364696426544
2023-11-18,35231.8895536282,13161.364696426544
2023-11-19,35310.713544034305,13161.364696426544
2023-11-20,35391.89229832444,13181.353593949658
2023-11-21,35350.111400928894,13186.157277407809
2023-11-22,35507.31708417416,13193.060081701722
2023-11-23,35493.26982291904,13193.060081701722
2023-11-24,35618.46744809045,13184.970272772265
2023-11-25,35625.99820422697,13184.970272772265
2023-11-26,35594.73097534831,13184.970272772265
2023-11-27,35615.73736333355,13202.32676467269
2023-11-28,35878.31193134268,13238.937751093452
2023-11-29,35923.30792055454,13259.444632690029
2023-11-30,35900.44116013733,13254.733368748803
2023-12-01,36300.6143744522,13305.660799152089
2023-12-02,36375.58781261388,13305.660799152089
2023-12-03,36423.381004228875,13305.660799152089
2023-12-04,36217.130995262356,13251.486875511207
2023-12-05,36376.33614703738,13270.633096272868
2023-12-06,36379.00280526594,13277.985025052414
2023-12-07,36429.46752315698,13287.163300350998
2023-12-08,36345.42636993754,13268.856179056453
2023-12-09,36303.48205918736,13268.856179056453
2023-12-10,36308.59541418589,13268.856179056453
2023-12-11,35974.62166454125,13253.965896929516
2023-12-12,36050.95137994451,13257.689334383698
2023-12-13,36396.57562687475,13334.118631066649
2023-12-14,36790.681676499145,13416.889877734639
2023-12-15,36602.770711505415,13404.066644157378
2023-12-16,36632.315201458456,13404.066644157378
2023-12-17,36548.97692287118,13404.066644157378
2023-12-18,36779.083787217634,13403.825902665838
2023-12-19,36910.06956049781,13422.716665377226
2023-12-20,36833.41559893592,13418.742019165764
2023-12-21,37012.75870689047,13432.228287833612
2023-12-22,37178.692857698465,13439.476031717595
2023-12-23,37154.09847913664,13439.476031717595
2023-12-24,37085.23235989692,13439.476031717595
2023-12-25,37142.065677565995,13439.476031717595
2023-12-26,37102.2610976447,13449.754538744824
2023-12-27,37380.83305997537,13486.243717944637
2023-12-28,37255.40912229801,13472.67169860288
2023-12-29,37085.93054173968,13456.243009644251
2023-12-30,37091.40422260498,13456.243009644251
2023-12-31,37101.71236847907,13456.243009644251
2024-01-01,37268.68860461126,13456.243009644251
2024-01-02,37280.42047450511,13445.118909849221
2024-01-03,36774.27462220402,13423.082403677903
2024-01-04,36910.038531595186,13407.522201604123
2024-01-05,36927.33852795617,13401.12158904967
2024-01-06,36912.108494569075,13401.12158904967
2024-01-07,36908.06189715827,13401.12158904967
2024-01-08,37243.23093754274,13421.349454406418
2024-01-09,37149.801893753625,13412.03146070461
2024-01-10,37233.261367760344,13414.646047200056
2024-01-11,37154.566751624836,13434.310979563525
2024-01-12,37089.35344826763,13475.135757246462
2024-01-13,37088.40669329337,13475.135757246462
2024-01-14,36996.57557562524,13475.135757246462
2024-01-15,37059.40190653033,13475.135757246462
2024-01-16,36919.68477976874,13436.751440988883
2024-01-17,36644.20597369665,13403.092404937897
2024-01-18,36746.54637420167,13429.491906181904
2024-01-19,36997.56684194635,13455.203751788307
2024-01-20,37001.70842346722,13455.203751788307
2024-01-21,36991.191933678885,13455.203751788307
2024-01-22,36792.519082768194,13456.334104102134
2024-01-23,36889.39611211268,13450.460025203061
2024-01-24,36854.293307721586,13436.915815084263
2024-01-25,36938.47254050956,13463.545560660841
2024-01-26,37086.72378546737,13458.70731545226
2024-01-27,37113.33819594445,13458.70731545226
2024-01-28,37105.92394891313,13458.70731545226
2024-01-29,37382.39660186009,13493.502197377553
2024-01-30,37388.4949339315,13495.396149001946
2024-01-31,37259.39756363726,13510.770127254187
2024-02-01,37509.51271930327,13542.03085272986
2024-02-02,37536.48967334151,13507.68710105058
2024-02-03,37519.54902681282,13507.68710105058
2024-02-04,37483.79094636761,13507.68710105058
2024-02-05,37366.080802531986,13473.242054259277
2024-02-06,37507.22384025905,13498.053960642797
2024-02-07,37732.1289376524,13503.264844280493
2024-02-08,37804.73259435506,13501.85410288569
2024-02-09,37979.857551299225,13499.142726167927
2024-02-10,38034.46382706412,13499.142726167927
2024-02-11,38080.19441262934,13499.142726167927
2024-02-12,38183.992008161025,13498.144120494626
2024-02-13,37794.692152808806,13436.595354124049
2024-02-14,38080.62988703829,13465.837794473415
2024-02-15,38272.23055829425,13491.826559742847
2024-02-16,38293.72573878161,13488.376413966647
2024-02-17,38250.22056984032,13488.376413966647
2024-02-18,38290.43085070686,13488.376413966647
2024-02-19,38260.38345386673,13488.376413966647
2024-02-20,38347.391996874,13493.85322425219
2024-02-21,38283.32308676007,13487.910970431056
2024-02-22,38498.615749234166,13513.421900013136
2024-02-23,38596.053243530245,13537.75415306826
2024-02-24,38669.478320385126,13537.75415306826
2024-02-25,38683.6651377418,13537.75415306826
2024-02-26,38803.99747278408,13524.385066776316
2024-02-27,39094.88207245471,13527.236166566106
2024-02-28,39544.31651286144,13538.218333992789
2024-02-29,39574.00769372041,13567.046893976969
2024-03-01,40104.8034049616,13624.219570506131
2024-03-02,40078.2399335318,13624.219570506131
2024-03-03,40151.79802313906,13624.219570506131
2024-03-04,40709.651515343125,13640.484864867922
2024-03-05,40399.45119294159,13655.979582893355
2024-03-06,40749.90268191119,13676.993074750939
2024-03-07,41002.96317168473,13696.29097140874
2024-03-08,41167.66717585566,13705.87614132977
2024-03-09,41180.52189444015,13705.87614132977
2024-03-10,41214.20635961362,13705.87614132977
2024-03-11,41433.76663744824,13700.78224939812
2024-03-12,41373.089184391494,13695.031158926911
2024-03-13,41570.68302831638,13697.094913621664
2024-03-14,41340.439613129216,13664.326251901755
2024-03-15,41072.3728774565,13649.919169423642
2024-03-16,40807.979430344974,13649.919169423642
2024-03-17,41006.85751215127,13649.919169423642
2024-03-18,41062.22164123666,13657.218232406796
2024-03-19,40742.972271221595,13669.139274401434
2024-03-20,41274.48712297758,13699.734652433004
2024-03-21,41356.41293593104,13730.063252620053
2024-03-22,41031.21211393324,13726.147810647073
2024-03-23,41049.54088648597,13726.147810647073
2024-03-24,41254.65662639257,13726.147810647073
2024-03-25,41521.99045899857,13721.8836327446
2024-03-26,41504.4545704872,13721.72714824205
2024-03-27,41709.2156362244,13760.393915697796
2024-03-28,41997.24861552821,13779.42427835751
2024-03-29,41942.145850134344,13779.42427835751
2024-03-30,41926.13971734157,13779.42427835751
2024-03-31,42035.31666856404,13779.42427835751
2024-04-01,42060.13626792024,13764.016544080492
2024-04-02,41903.16794035533,13773.157068175338
2024-04-03,42203.92170641578,13795.413929881863
2024-04-04,42134.86816791137,13793.653875909247
2024-04-05,42527.25956333864,13814.881997479279
2024-04-06,42589.632749155724,13814.881997479279
2024-04-07,42617.11932365315,13814.881997479279
2024-04-08,42805.157496967084,13818.587471339417
2024-04-09,42765.33215301292,13839.03669613668
2024-04-10,42600.430787745565,13778.542923407242
2024-04-11,42871.64938321974,13803.220425862226
2024-04-12,42513.033880697105,13800.257805449293
2024-04-13,42314.18839081579,13800.257805449293
2024-04-14,42427.167856816144,13800.257805449293
2024-04-15,42185.06187630744,13777.78005291311
2024-04-16,42372.1710445614,13775.08605244723
2024-04-17,41994.81570260299,13771.907230620258
2024-04-18,42181.43852489406,13774.160564514359
2024-04-19,42201.07133652303,13779.593511552912
2024-04-20,42268.8895848955,13779.593511552912
2024-04-21,42264.89446734272,13779.593511552912
2024-04-22,42005.165237976464,13752.36189175631
2024-04-23,42113.16175716208,13769.790731130945
2024-04-24,41956.60798533602,13758.697106421063
2024-04-25,41958.31159931289,13754.541185265472
2024-04-26,42087.5879272562,13780.6123127257
2024-04-27,42067.77761342655,13780.6123127257
2024-04-28,42049.75101507954,13780.6123127257
2024-04-29,42225.03009881855,13803.462001863838
2024-04-30,41400.16028553679,13729.732629847318
2024-05-01,41253.07515587773,13738.517400113496
2024-05-02,41445.86459631773,13769.583805730512
2024-05-03,41882.95156913142,13808.552958863005
2024-05-04,41951.33888965383,13808.552958863005
2024-05-05,41960.874266792955,13808.552958863005
2024-05-06,42217.2724894555,13838.50010148333
2024-05-07,42131.68079607583,13836.189813867852
2024-05-08,42044.61400203554,13832.153608397932
2024-05-09,42394.863240468025,13870.075132067132
2024-05-10,42514.48562233948,13886.320872768816
2024-05-11,42514.549363987346,13886.320872768816
2024-05-12,42559.24826123068,13886.320872768816
2024-05-13,42436.3503770338,13870.89073243861
2024-05-14,42538.96393134119,13896.400543778638
2024-05-15,43303.71012931939,13957.24364784443
2024-05-16,43141.36499952451,13946.161473488335
2024-05-17,43520.969747888375,13964.355083116421
2024-05-18,43513.38635870219,13964.355083116421
2024-05-19,43468.15805906966,13964.355083116421
2024-05-20,43996.92706712033,13978.956294383082
2024-05-21,43857.40795816159,13983.809780819702
2024-05-22,43510.48011138864,13960.86882123568
2024-05-23,42929.70045754054,13906.205980885734
2024-05-24,43053.49525757187,13920.08483223519
2024-05-25,43104.00851324694,13920.08483223519
2024-05-26,43052.94851958805,13920.08483223519
2024-05-27,43112.78939196841,13920.08483223519
2024-05-28,43211.85583215344,13921.374254105689
2024-05-29,42949.4072400058,13893.979279395571
2024-05-30,42922.538845148796,13903.602711938784
2024-05-31,42857.11505941375,13922.64238330724
2024-06-01,42870.800819131844,13922.64238330724
2024-06-02,42873.63699154306,13922.64238330724
2024-06-03,43128.703928235394,13956.741590189607
2024-06-04,43103.12714949734,13960.182817223507
2024-06-05,43526.223273536736,14005.305085097178
2024-06-06,43625.51752331446,14012.2067202265
2024-06-07,43039.582414090524,13939.83275905552
2024-06-08,43037.244816679,13939.83275905552
2024-06-09,43058.97574134248,13939.83275905552
2024-06-10,43117.14288400411,13941.295424346576
2024-06-11,43014.61452951532,13956.773871421521
2024-06-12,43409.51922758415,13993.328334272319
2024-06-13,43082.73711780051,13992.062559800272
2024-06-14,43278.56907724166,14020.567306831712
2024-06-15,43289.99314201087,14020.567306831712
2024-06-16,43318.444163137945,14020.567306831712
2024-06-17,43292.35422031974,14015.433104214548
2024-06-18,43380.4408459466,14048.362675651188
2024-06-19,43368.98230260776,14048.362675651188
2024-06-20,43492.33818669222,14060.763212750633
2024-06-21,43151.07007218663,14032.39055859948
2024-06-22,43161.00014828759,14032.39055859948
2024-06-23,43092.941932308844,14032.39055859948
2024-06-24,42959.843833155835,14039.74304350309
2024-06-25,43017.570435434514,14042.370666464132
2024-06-26,42846.18664729436,14021.891315813073
2024-06-27,43109.234004758175,14048.739814614328
2024-06-28,42992.030134932975,14034.23868111781
2024-06-29,43028.05007025945,14034.23868111781
2024-06-30,43141.77329135986,14034.23868111781
2024-07-01,43186.33172839229,14022.7764539461
2024-07-02,43198.11770108839,14038.154917633785
2024-07-03,43413.353354976716,14085.591455926606
2024-07-04,43193.35606696691,14085.591455926606
2024-07-05,43474.77730952976,14132.402815458447
2024-07-06,43587.739428574074,14132.402815458447
2024-07-07,43418.79984180119,14132.402815458447
2024-07-08,43250.01778131777,14113.92955200865
2024-07-09,43391.0902552496,14111.941646201172
2024-07-10,43616.45095219383,14142.872555942044
2024-07-11,43772.8091989487,14169.636183690782
2024-07-12,43903.78439288861,14187.884058524647
2024-07-13,43995.500208077996,14187.884058524647
2024-07-14,44102.58941972929,14187.884058524647
2024-07-15,44493.703461607714,14195.986484684445
2024-07-16,44894.55793262537,14241.453640736798
2024-07-17,44553.257840872844,14220.334766947592
2024-07-18,44403.01310795975,14198.756386811014
2024-07-19,44074.250145875536,14147.357114321
2024-07-20,44105.46423326665,14147.357114321
2024-07-21,44173.66664048821,14147.357114321
2024-07-22,44266.99131985735,14156.232554975559
2024-07-23,44222.175632535014,14159.210885572444
2024-07-24,43902.35158822828,14121.725287040957
2024-07-25,43396.79536480487,14087.726549931876
2024-07-26,43922.905177205525,14137.519933405163
2024-07-27,43916.109779986684,14137.519933405163
2024-07-28,43946.56942072923,14137.519933405163
2024-07-29,43836.594464907794,14141.071470051545
2024-07-30,43923.481490827726,14154.58788918889
2024-07-31,44219.8583289982,14215.169021702573
2024-08-01,44114.76594424118,14207.374029465465
2024-08-02,43496.73888128999,14200.253291787949
2024-08-03,43446.443672455054,14200.253291787949
2024-08-04,43271.04597144202,14200.253291787949
2024-08-05,42377.691651446294,14158.379499894558
2024-08-06,42561.127115821924,14139.98942567951
2024-08-07,42405.81345480197,14120.327773270334
2024-08-08,43431.827184898546,14166.673161053235
2024-08-09,43514.393290238506,14191.121840303742
2024-08-10,43518.8891798464,14191.121840303742
2024-08-11,43366.53842634591,14191.121840303742
2024-08-12,43640.91033333921,14223.378060459849
2024-08-13,44005.2894626317,14258.38973596187
2024-08-14,43726.93650078693,14245.218390246308
2024-08-15,44008.84962899327,14268.992344751397
2024-08-16,44470.2837241958,14301.157563308556
2024-08-17,44510.30700545104,14301.157563308556
2024-08-18,44442.21722646878,14301.157563308556
2024-08-19,44683.54160074965,14319.47298079316
2024-08-20,44695.784979387645,14341.226032803444
2024-08-21,44878.01910446219,14355.510984449136
2024-08-22,44485.05864011554,14313.449964692809
2024-08-23,45123.11189758793,14371.995006566296
2024-08-24,45128.90370685925,14371.995006566296
2024-08-25,45139.479833402824,14371.995006566296
2024-08-26,45070.92396984623,14375.156720594827
2024-08-27,44850.56413604183,14377.704846933719
2024-08-28,44617.735924248875,14360.885625846448
2024-08-29,44823.86181205559,14369.561733556433
2024-08-30,44726.3336371374,14354.699377553245
2024-08-31,44716.09779642954,14354.699377553245
2024-09-01,44591.40433872882,14354.699377553245
2024-09-02,44726.909604186236,14354.699377553245
2024-09-03,44252.00137874924,14334.444402580533
2024-09-04,44287.450121856884,14345.840038092392
2024-09-05,44242.75268074826,14356.345935716268
2024-09-06,43693.49503174611,14329.180758600483
2024-09-07,43707.973274844655,14329.180758600483
2024-09-08,43761.195828460535,14329.180758600483
2024-09-09,44153.85934545724,14359.257368358609
2024-09-10,44345.160702035246,14383.214235505075
2024-09-11,44476.87399770128,14400.205762817835
2024-09-12,44947.147349079314,14436.179283405098
2024-09-13,45433.12769093956,14479.506684378899
2024-09-14,45390.195030467985,14479.506684378899
2024-09-15,45327.84222939881,14479.506684378899
2024-09-16,45270.801358220146,14497.7089188963
2024-09-17,45322.90262977972,14488.228723131959
2024-09-18,45425.604712086824,14473.008049137885
2024-09-19,45915.02045202147,14521.988296972691
2024-09-20,46138.49734468169,14535.044795619959
2024-09-21,46153.804371597216,14535.044795619959
2024-09-22,46173.05508247956,14535.044795619959
2024-09-23,46236.48866537093,14543.650228946119
2024-09-24,46533.49143946952,14573.499631343722
2024-09-25,46469.37670357822,14559.837504429071
2024-09-26,46763.59170718846,14566.229836776689
2024-09-27,46605.29166416485,14562.413275977435
2024-09-28,46612.64586166583,14562.413275977435
2024-09-29,46593.510967249706,14562.413275977435
2024-09-30,46424.36379966868,14561.557216910809
2024-10-01,46317.474797428295,14581.750966686704
2024-10-02,46167.76271721586,14568.039674198597
2024-10-03,46219.56152010866,14553.909740644578
2024-10-04,46383.49868197085,14532.665127061357
2024-10-05,46385.14606394812,14532.665127061357
2024-10-06,46438.58647095454,14532.665127061357
2024-10-07,46243.6871383553,14515.806992742424
2024-10-08,46178.163970919966,14520.100876832406
2024-10-09,46114.34075254769,14518.084332611792
2024-10-10,46166.7973142313,14533.090714009826
2024-10-11,46688.06813039596,14566.664309787982
2024-10-12,46742.89619828571,14566.664309787982
2024-10-13,46717.85129606149,14566.664309787982
2024-10-14,47016.47998768523,14568.127915151656
2024-10-15,47058.93849450657,14571.257176039104
2024-10-16,47260.96625392012,14585.404377941353
2024-10-17,47368.05288966279,14583.451644802872
2024-10-18,47668.3765385685,14611.190779362894
2024-10-19,47664.267390059234,14611.190779362894
2024-10-20,47711.107674139515,14611.190779362894
2024-10-21,47631.89038556613,14584.263481907508
2024-10-22,47772.03717539161,14601.865661631404
2024-10-23,47343.053387005624,14561.187547481482
2024-10-24,47650.35814227418,14580.836549973366
2024-10-25,47578.68436025258,14575.348778624622
2024-10-26,47605.97483339037,14575.348778624622
2024-10-27,47673.02067406374,14575.348778624622
2024-10-28,47882.83603045521,14572.682870952278
2024-10-29,48296.79898133156,14597.078273334262
2024-10-30,48361.38965454878,14612.826008277076
2024-10-31,47531.56304115217,14553.080971397536
2024-11-01,47557.300885614015,14543.890792172468
2024-11-02,47544.222696261684,14543.890792172468
2024-11-03,47507.115733678576,14543.890792172468
2024-11-04,47392.40156166073,14548.264348732024
2024-11-05,47727.927256566305,14572.164230787303
2024-11-06,48069.331143755684,14564.960307501891
2024-11-07,48435.65234787327,14609.959286131058
2024-11-08,48482.71815339389,14626.850929005555
2024-11-09,48498.51732961257,14626.850929005555
2024-11-10,48748.66883763332,14626.850929005555
2024-11-11,48791.735207633,14572.439852437428
2024-11-12,48609.85947708388,14539.527597799493
2024-11-13,48664.51798238242,14523.589450856929
2024-11-14,48239.01587276654,14506.258792724662
2024-11-15,48259.944905541866,14489.07613198527
2024-11-16,48225.58801714826,14489.07613198527
2024-11-17,48177.34748498105,14489.07613198527
2024-11-18,48607.26256826979,14530.366959114457
2024-11-19,48908.99049111459,14553.884348636788
2024-11-20,49197.21880796722,14564.388076714144
2024-11-21,49738.643680403766,14580.348562125282
2024-11-22,50090.63685602623,14610.762112583681
2024-11-23,50008.02409851321,14610.762112583681
2024-11-24,50024.036405481565,14610.762112583681
2024-11-25,49105.02105311873,14591.052661750078
2024-11-26,49144.98756888443,14590.812307425203
2024-11-27,49499.40061363176,14612.674093840225
2024-11-28,49478.411201240815,14612.674093840225
2024-11-29,49829.99287626533,14645.380563692324
2024-11-30,49761.45468113792,14645.380563692324
2024-12-01,49804.315185149666,14645.380563692324
2024-12-02,49599.03556795188,14635.39794619678
2024-12-03,49689.235587740615,14645.104323535073
2024-12-04,50009.340844372615,14672.579594489707
2024-12-05,49665.27722321276,14650.697107102133
2024-12-06,49963.33844315131,14666.952442097096
2024-12-07,49963.47387612053,14666.952442097096
2024-12-08,50031.19963143459,14666.952442097096
2024-12-09,49942.34222305539,14666.549504232418
2024-12-10,50095.527542362855,14679.984788290334
2024-12-11,50734.27797642692,14705.591978561175
2024-12-12,50240.28488613359,14659.90095800755
2024-12-13,50076.356909422204,14632.510174555775
2024-12-14,50071.90495363374,14632.510174555775
2024-12-15,50222.853462378545,14632.510174555775
2024-12-16,50353.094022625286,14632.189795018328
2024-12-17,50234.9254063488,14620.625501678382
2024-12-18,49340.50082755727,14544.937642249932
2024-12-19,48872.89986723558,14503.701046773187
2024-12-20,49366.76503344817,14552.657842882452
2024-12-21,49339.35839860161,14552.657842882452
2024-12-22,49229.99103599869,14552.657842882452
2024-12-23,49188.19632047973,14546.577761135519
2024-12-24,49645.073029610154,14578.277461352045
2024-12-25,49677.221027602,14578.277461352045
2024-12-26,49640.09224865803,14590.344948184864
2024-12-27,49213.84427026406,14555.276511832793
2024-12-28,49265.38981650068,14555.276511832793
2024-12-29,49181.101334586034,14555.276511832793
2024-12-30,48855.2600326096,14545.163662754489
2024-12-31,49008.4359522115,14549.014984687627
2025-01-01,49060.39565467687,14549.014984687627
2025-01-02,49370.71492050717,14570.02060445933
2025-01-03,49545.84881089894,14572.259655972684
2025-01-04,49552.604871304204,14572.259655972684
2025-01-05,49556.734895370944,14572.259655972684
2025-01-06,49805.52287815828,14577.866864305483
2025-01-07,49476.18538705147,14565.914935698116
2025-01-08,49462.543558143494,14585.424133533805
2025-01-09,49472.187002468156,14596.104062973194
2025-01-10,49511.67465544026,14574.253038248307
2025-01-11,49504.600585640685,14574.253038248307
2025-01-12,49500.500887212074,14574.253038248307
2025-01-13,49268.15976069862,14557.916594680293
2025-01-14,49428.83403682376,14565.345544329715
2025-01-15,50208.80826701223,14642.109742954508
2025-01-16,50388.98673755868,14663.773449194689
2025-01-17,50798.00682937524,14682.975582815936
2025-01-18,50795.17589007646,14682.975582815936
2025-01-19,50621.105497869656,14682.975582815936
2025-01-20,50669.734297813244,14682.975582815936
2025-01-21,51126.22594372578,14705.752257441078
2025-01-22,51190.214187015765,14717.815029639432
2025-01-23,51269.6446677962,14727.638239335754
2025-01-24,51371.719463663314,14742.04451633148
2025-01-25,51366.220278016204,14742.04451633148
2025-01-26,51259.6236110069,14742.04451633148
2025-01-27,50680.77576833883,14717.898255581726
2025-01-28,51010.34724970565,14749.764359126362
2025-01-29,51073.34446763384,14739.781093607098
2025-01-30,51624.69941178034,14782.926763538593
2025-01-31,51332.34995369166,14774.789570140161
2025-02-01,51244.672325617525,14774.789570140161
2025-02-02,51095.94966739783,14774.789570140161
2025-02-03,51319.75845981759,14788.447149022179
2025-02-04,51403.97597854074,14815.870409816085
2025-02-05,51548.2821271883,14851.978957175803
2025-02-06,51497.65707549802,14842.757702419498
2025-02-07,51412.93690347531,14824.785468876558
2025-02-08,51410.59935032584,14824.785468876558
2025-02-09,51411.48361821183,14824.785468876558
2025-02-10,51924.24317358637,14862.351494647164
2025-02-11,51840.9573534603,14862.11280897687
2025-02-12,51865.22520968789,14829.619512866038
2025-02-13,52117.19586253455,14880.374996199054
2025-02-14,51854.37994214455,14868.711090248798
2025-02-15,51857.95813332007,14868.711090248798
2025-02-16,51787.513938634336,14868.711090248798
2025-02-17,51767.380592183144,14868.711090248798
2025-02-18,52161.20900038932,14885.574336674401
2025-02-19,52170.91456060977,14892.53799186707
2025-02-20,52331.99901298978,14907.742609208864
2025-02-21,51894.63403685738,14892.302933627614
2025-02-22,51917.30191907392,14892.302933627614
2025-02-23,51902.07159916509,14892.302933627614
2025-02-24,51653.210978138595,14901.671222595216
2025-02-25,51113.26064527405,14890.457269264562
2025-02-26,50993.681693637285,14902.964829023693
2025-02-27,50483.81880367441,14857.487419716366
2025-02-28,50402.71792053072,14888.332094587944
2025-03-01,50501.817604118114,14888.332094587944
2025-03-02,50992.65086034679,14888.332094587944
2025-03-03,50575.84872846129,14903.963945009187
2025-03-04,50577.65793585386,14881.044948153938
2025-03-05,51006.25902966339,14877.716335539188
2025-03-06,50669.505847809436,14851.256592369535
2025-03-07,50491.241433175586,14849.024101167724
2025-03-08,50456.11084269637,14849.024101167724
2025-03-09,50124.352786858944,14849.024101167724
2025-03-10,49448.775054186124,14824.044187005646
2025-03-11,49725.568799715445,14812.532882522799
2025-03-12,50051.56754689984,14829.226416439338
2025-03-13,49994.625228219076,14842.387084806236
2025-03-14,50580.31968675252,14867.384055697725
2025-03-15,50602.662152384895,14867.384055697725
2025-03-16,50497.31891804384,14867.384055697725
2025-03-17,50756.279447931425,14883.9871861702
2025-03-18,50742.66404604979,14891.906976425877
2025-03-19,51177.63798291736,14931.119568065686
2025-03-20,50999.22070076547,14934.838611965371
2025-03-21,50844.90351799642,14921.04500370203
2025-03-22,50832.31327515881,14921.04500370203
2025-03-23,50965.0444996649,14921.04500370203
2025-03-24,51315.86246283476,14932.418033644306
2025-03-25,51431.49281962218,14949.55057181842
2025-03-26,51173.73850698958,14925.960349247078
2025-03-27,51426.229909149275,14953.73082615642
2025-03-28,51106.85026218196,14963.942361267305
2025-03-29,51001.97653090999,14963.942361267305
2025-03-30,50986.26171247843,14963.942361267305
2025-03-31,51368.13040828009,15010.178953230587
2025-04-01,51558.070481805364,15017.083720662122
2025-04-02,51644.201397531026,15030.588411315928
2025-04-03,50507.040868119984,14964.289283794189
2025-04-04,48986.55622772048,14826.491941998334
2025-04-05,48965.46061705171,14826.491941998334
2025-04-06,48636.25766449099,14826.491941998334
2025-04-07,48272.30713310541,14741.462110294444
2025-04-08,47948.197736086484,14719.111375539447
2025-04-09,50595.81586576255,14910.748932656097
2025-04-10,50289.997656629275,14841.47011898698
2025-04-11,51270.181032190856,14903.707312901799
2025-04-12,51387.3102137187,14903.707312901799
2025-04-13,51287.61348459932,14903.707312901799
2025-04-14,51392.96833056774,14930.457187960808
2025-04-15,51383.23000718004,14934.320056090226
2025-04-16,51732.65766581411,14967.177309511744
2025-04-17,51695.99111519262,14974.069132090768
2025-04-18,51668.30327811248,14974.069132090768
2025-04-19,51706.42443163912,14974.069132090768
2025-04-20,51713.32487866589,14974.069132090768
2025-04-21,52098.87802780297,14965.288544525823
2025-04-22,52861.63374257615,15014.886307967017
2025-04-23,52322.72924304809,14991.663912834849
2025-04-24,53066.66833162695,15072.338364963953
2025-04-25,52918.971845429856,15064.42062817008
2025-04-26,52914.39374837116,15064.42062817008
2025-04-27,52858.88146538923,15064.42062817008
2025-04-28,53272.27575723781,15105.388181669454
2025-04-29,53250.47981883517,15115.865268138275
2025-04-30,53162.76788598012,15115.946566279472
2025-05-01,52814.2524356803,15069.567358794337
2025-05-02,53259.51398926972,15081.160554287811
2025-05-03,53202.0511098332,15081.160554287811
2025-05-04,53113.1249242959,15081.160554287811
2025-05-05,53539.33700063745,15104.081463676754
2025-05-06,54143.043267289686,15152.285415998564
2025-05-07,54041.84068295619,15149.506089796325
2025-05-08,53979.54848723489,15106.952157381933
2025-05-09,54192.38242955966,15129.338052911971
2025-05-10,54289.75396850988,15129.338052911971
2025-05-11,54256.461041576804,15129.338052911971
2025-05-12,54066.74217205941,15092.349500406019
2025-05-13,54404.85419901909,15124.501453064328
2025-05-14,54015.46904387958,15095.071228479886
2025-05-15,54377.08883686588,15134.479190619842
2025-05-16,54242.65564340843,15138.11356402006
2025-05-17,54225.82754047613,15138.11356402006
2025-05-18,54409.50824586471,15138.11356402006
2025-05-19,54685.68792407416,15161.748067000914
2025-05-20,55017.91341235272,15174.862797147365
2025-05-21,55033.0910716209,15137.39402886792
2025-05-22,55045.766549060696,15145.094819955097
2025-05-23,55126.98873138394,15174.286286668124
2025-05-24,55155.39414589607,15174.286286668124
2025-05-25,55225.608380352525,15174.286286668124
2025-05-26,55248.461887601705,15174.286286668124
2025-05-27,55212.29295026084,15190.387701589287
2025-05-28,54995.737141721496,15169.069137571276
2025-05-29,55103.735506663674,15199.749354231883
2025-05-30,54810.03167224809,15202.374510003301
2025-05-31,54846.1210533834,15202.374510003301
2025-06-01,54899.27033510324,15202.374510003301
2025-06-02,55565.84368202263,15234.6804288238
2025-06-03,55518.113685806595,15231.448175720643
2025-06-04,55631.609953727675,15259.37591016234
2025-06-05,55221.196265145656,15228.853399577209
2025-06-06,55382.99088786095,15209.84953342751
2025-06-07,55447.214079772784,15209.84953342751
2025-06-08,55456.54518917429,15209.84953342751
2025-06-09,55774.52404319664,15223.52415667794
2025-06-10,55809.51955821987,15230.040325799011
2025-06-11,55673.84375252428,15233.318885243512
2025-06-12,56005.6044248341,15280.833473797145
2025-06-13,56133.37116423997,15283.304193742506
2025-06-14,56100.949172842535,15283.304193742506
2025-06-15,56105.1223126113,15283.304193742506
2025-06-16,56123.2291007193,15275.593934031227
2025-06-17,55776.841139459524,15283.29023336592
2025-06-18,55811.846270245565,15289.546148154219
2025-06-19,55801.41362557001,15289.546148154219
2025-06-20,55540.712418032905,15285.50851116258
2025-06-21,55485.56153615708,15285.50851116258
2025-06-22,55418.98048546903,15285.50851116258
2025-06-23,55917.18016797284,15310.559877336842
2025-06-24,55756.052127230454,15305.695606021274
2025-06-25,55901.71662272447,15314.398813950731
2025-06-26,56079.43900907287,15343.864933069273
2025-06-27,55790.180675313706,15321.554540231606
2025-06-28,55802.722207224004,15321.554540231606
2025-06-29,55858.17038077603,15321.554540231606
2025-06-30,56027.65352871608,15351.274640077301
2025-07-01,56235.385309984675,15369.31297220038
2025-07-02,56567.353453575925,15380.275872515605
2025-07-03,56656.83108843653,15381.002786037654
2025-07-04,56578.56573316297,15381.4221233506
2025-07-05,56588.85990298827,15381.4221233506
2025-07-06,56641.20262695223,15381.4221233506
2025-07-07,56443.42433333788,15364.662001801567
2025-07-08,56295.21955775028,15348.294747237293
2025-07-09,56569.76959559903,15377.74009689655
2025-07-10,56910.658938929475,15385.235925062987
2025-07-11,57185.261846736474,15391.876067557007
2025-07-12,57180.985819534086,15391.876067557007
2025-07-13,57268.889923939096,15391.876067557007
2025-07-14,57315.32906911708,15396.515226271367
2025-07-15,56975.501503052255,15368.428684848146
2025-07-16,57248.050266052975,15401.393364327223
2025-07-17,57313.7716634412,15409.30542035456
2025-07-18,57323.31969802122,15422.572121476891
2025-07-19,57320.011966678736,15422.572121476891
2025-07-20,57286.58492276599,15422.572121476891
2025-07-21,57666.10437202164,15461.754437173358
2025-07-22,58057.28234357797,15484.396764981611
2025-07-23,57856.33194726732,15459.455125883833
2025-07-24,57685.614344430796,15452.572564478814
2025-07-25,57483.4428463415,15448.708798588395
2025-07-26,57499.732279225056,15448.708798588395
2025-07-27,57578.235333952354,15448.708798588395
2025-07-28,57324.98489628392,15431.666459577675
2025-07-29,57369.7422910027,15459.774704432322
2025-07-30,57152.757801476844,15427.706646411143
2025-07-31,56952.04331935367,15413.86279721979
2025-08-01,56886.02652671576,15449.686152437323
2025-08-02,56847.00315060485,15449.686152437323
2025-08-03,56930.186985167355,15449.686152437323
2025-08-04,57455.85964462776,15499.596520787925
2025-08-05,57361.049181547845,15491.076851553236
2025-08-06,57546.01595526101,15500.639706097185
2025-08-07,57791.194855526956,15513.921002956808
2025-08-08,58178.111493263474,15543.67540730454
2025-08-09,58168.84398916197,15543.67540730454
2025-08-10,58306.91638582078,15543.67540730454
2025-08-11,57644.898741264515,15501.192484653011
2025-08-12,57901.19811404901,15508.549614870282
2025-08-13,58195.3226208408,15537.096162457943
2025-08-14,57790.35459231212,15513.137679766778
2025-08-15,57704.71565725564,15504.326363198037
2025-08-16,57709.29117750883,15504.326363198037
2025-08-17,57707.407388466425,15504.326363198037
2025-08-18,57614.169730702415,15496.899870887368
2025-08-19,57211.0693635271,15486.15772695222
2025-08-20,57437.87779833815,15502.813516042243
2025-08-21,57220.88110318756,15494.373445275258
2025-08-22,58010.06486754222,15569.953669503337
2025-08-23,57936.2780691986,15569.953669503337
2025-08-24,57842.01750894254,15569.953669503337
2025-08-25,57585.20637423481,15554.714068571639
2025-08-26,57855.92482575584,15580.033459320295
2025-08-27,57985.33085766486,15602.51473064669
2025-08-28,58311.71802681046,15624.632256276067
2025-08-29,58279.86703872107,15633.10531174894
2025-08-30,58299.4106293455,15633.10531174894
2025-08-31,58271.300238031996,15633.10531174894
2025-09-01,58325.884555369106,15633.10531174894
2025-09-02,58789.7839479869,15648.87536364169
2025-09-03,59222.48765549935,15688.438212256073
2025-09-04,59156.83344448262,15698.053426852166
2025-09-05,59414.40210237469,15738.1433315242
2025-09-06,59391.45201664689,15738.1433315242
2025-09-07,59442.216016405575,15738.1433315242
2025-09-08,59709.18431806595,15763.797176270722
2025-09-09,59763.33799304786,15761.310828796491
2025-09-10,59956.29277088812,15774.0554850701
2025-09-11,60167.2222040472,15792.653150762679
2025-09-12,60278.98767954622,15793.956862726687
2025-09-13,60270.854520786605,15793.956862726687
2025-09-14,60241.62907028175,15793.956862726687
2025-09-15,60575.33900032213,15822.713645864565
2025-09-16,60667.763551366355,15828.613767392617
2025-09-17,60574.980102795715,15821.32089841331
2025-09-18,60453.6663614957,15799.366476549218
2025-09-19,60669.76212119905,15820.7056258874
2025-09-20,60671.544207027495,15820.7056258874
2025-09-21,60649.15520284207,15820.7056258874
2025-09-22,61076.30618041336,15848.900521827252
2025-09-23,61189.42954165428,15870.73978403471
2025-09-24,60869.75435720673,15837.02498393006
2025-09-25,60574.873790108075,15824.150595712968
2025-09-26,60990.659334893964,15854.005461926037
2025-09-27,60988.996699708725,15854.005461926037
2025-09-28,61120.39619264635,15854.005461926037
2025-09-29,61608.924543342,15885.830795791284
2025-09-30,61803.18165487129,15899.592314225147
2025-10-01,62299.74379368624,15926.395991977293
2025-10-02,62256.94715399355,15915.445566785855
2025-10-03,62609.094805765715,15929.019512126788
2025-10-04,62617.70498111653,15929.019512126788
2025-10-05,62676.66260543961,15929.019512126788
2025-10-06,63259.50658199132,15956.347895782896
2025-10-07,63180.643522155515,15975.3556422189
2025-10-08,63844.685569304376,16017.666638600327
2025-10-09,63067.65956073873,15967.272907893517
2025-10-10,62213.11127442413,15956.46590503865
2025-10-11,62082.711927685865,15956.46590503865
2025-10-12,62319.06778156457,15956.46590503865
2025-10-13,63505.04718426139,16048.211851929644
2025-10-14,63555.85285217346,16053.583548232022
2025-10-15,63771.64772798434,16075.994088596415
2025-10-16,64149.7327176898,16119.984272127986
2025-10-17,63599.20420783349,16083.841692976954
2025-10-18,63638.78629178432,16083.841692976954
2025-10-19,63718.35643629061,16083.841692976954
2025-10-20,64991.8577559609,16167.014614456664
2025-10-21,63276.33368896088,16074.348469175493
2025-10-22,62843.62526045335,16057.567006743206
2025-10-23,63624.245153251315,16092.006946740375
2025-10-24,63812.09773811115,16104.350445795308
2025-10-25,63845.03264307785,16104.350445795308
2025-10-26,63998.41983296963,16104.350445795308
2025-10-27,63488.87276161844,16073.904077557232
2025-10-28,63256.1725098224,16068.20580722657
2025-10-29,63225.3802608455,16053.49668255567
2025-10-30,62998.37308798825,16032.427533379094
2025-10-31,63017.637355878076,16039.316239383441
2025-11-01,63046.84940968638,16039.316239383441
2025-11-02,63079.958950498425,16039.316239383441
2025-11-03,63001.88694601793,16047.331921172783
2025-11-04,62122.90112833014,16010.14232121045
2025-11-05,62538.333624393345,16011.882135740658
2025-11-06,62152.73027743896,16008.504488675284
2025-11-07,62419.73778943051,16021.408293058512
2025-11-08,62357.02343525276,16021.408293058512
2025-11-09,62497.231856518054,16021.408293058512
2025-11-10,63622.809571731785,16093.921693235296
2025-11-11,63468.05999447156,16114.203068658191
2025-11-12,64022.43758142158,16144.883114673123
2025-11-13,63432.920025494095,16101.208413206929
2025-11-14,62500.090427313844,16058.82704357948
2025-11-15,62566.317597807545,16058.82704357948
2025-11-16,62487.39494647177,16058.82704357948
2025-11-17,62042.96633644845,16037.199697562422
2025-11-18,61869.13741769051,16026.45565312733
2025-11-19,61970.112532013554,16032.989883370896
2025-11-20,61233.31501274832,16004.620300383316
2025-11-21,61484.791555434495,16041.066583115866
2025-11-22,61459.348465479605,16041.066583115866
2025-11-23,61583.40071785762,16041.066583115866
2025-11-24,62077.58792006021,16072.166162763078
2025-11-25,62529.04812683901,16116.429699786713
2025-11-26,63028.06568179398,16149.138882209652
2025-11-27,63072.18462351749,16149.138882209652
2025-11-28,63510.315917239735,16171.04647378504
2025-11-29,63506.43281044861,16171.04647378504
2025-11-30,63480.12016701137,16171.04647378504
2025-12-01,63220.226596391585,16153.53253230292
2025-12-02,63300.23163469229,16140.27645511984
2025-12-03,63607.36770895622,16162.545274829665
2025-12-04,63602.561905497285,16162.845258440331
2025-12-05,63460.14102102723,16160.241215116925
2025-12-06,63452.03817185437,16160.241215116925
2025-12-07,63531.62264577373,16160.241215116925
2025-12-08,63327.46334022631,16136.778108878283
2025-12-09,63571.81239636309,16138.50298429228
2025-12-10,63609.98328645288,16161.017054278575
2025-12-11,64233.81720699266,16197.657731818159
2025-12-12,63927.589844518734,16181.82395477862
2025-12-13,63929.57701492324,16181.82395477862
2025-12-14,63780.45035507016,16181.82395477862
2025-12-15,63663.41648594335,16178.4183737637
2025-12-16,63690.760514864356,16174.933277764196
2025-12-17,63588.377178613024,16179.871879864555
2025-12-18,63658.77961790845,16199.316367092391
2025-12-19,64178.53396880889,16215.321798871102
2025-12-20,64195.43150091496,16215.321798871102
2025-12-21,64214.93671411781,16215.321798871102
2025-12-22,64844.765213458784,16250.260631736382
2025-12-23,65101.205461710466,16274.526413124957
2025-12-24,65183.91191969508,16292.178619317501
2025-12-25,65157.42143493227,16292.178619317501
2025-12-26,65454.90393809073,16312.830018176253
2025-12-27,65490.06785657101,16312.830018176253
2025-12-28,65492.43303923633,16312.830018176253
2025-12-29,64135.24428989761,16233.173794077531
2025-12-30,64470.51022030348,16248.441610562248
2025-12-31,63973.01422552682,16210.53926080122
2026-01-01,64062.43262348493,16210.53926080122
2026-01-02,64130.07398608573,16210.64968217765
2026-01-03,64178.21282073925,16210.64968217765
2026-01-04,64237.44985363197,16210.64968217765
2026-01-05,65292.02719460382,16280.648032299852
2026-01-06,65684.13298679599,16304.694372155494
2026-01-07,65241.398434165945,16296.359512269028
2026-01-08,65220.93087465648,16286.608878591001
2026-01-09,65575.35491080253,16321.074145019868
2026-01-10,65566.11060055657,16321.074145019868
2026-01-11,65598.33603990653,16321.074145019868
2026-01-12,66336.29536092552,16367.27543120407
2026-01-13,66504.21330187198,16363.623063135576
2026-01-14,66730.28837440156,16375.617194764298
2026-01-15,66632.11126149009,16368.817263822406
2026-01-16,66450.312562989,16351.238665438064
2026-01-17,66419.22881251718,16351.238665438064
2026-01-18,66312.09453296264,16351.238665438064
2026-01-19,66233.08041028878,16351.238665438064
2026-01-20,66473.38929508392,16367.325013352436
2026-01-21,67236.25638063057,16432.886204912542
2026-01-22,67816.61685466829,16466.272313383797
2026-01-23,68229.7260269251,16504.519952979088
2026-01-24,68200.98562286001,16504.519952979088
2026-01-25,68015.4083506357,16504.519952979088
2026-01-26,68866.51739627149,16558.264242354053
2026-01-27,69020.4484593066,16566.230989278687
2026-01-28,70336.71910885547,16652.247965045153
2026-01-29,70054.92874083453,16660.575373255502
2026-01-30,66381.33691838321,16429.11929169245
2026-01-31,65978.71025505998,16429.11929169245
2026-02-01,65840.52182628622,16429.11929169245
2026-02-02,65588.98868875433,16393.752680482783
2026-02-03,66710.70987239112,16485.827415536784
2026-02-04,66475.55394172539,16480.161581169552
2026-02-05,64993.38308457627,16453.08090851868
2026-02-06,66592.27610426517,16522.848163090082
2026-02-07,66485.41075316272,16522.848163090082
2026-02-08,66567.88362467788,16522.848163090082
2026-02-09,67225.1188591659,16569.51737832661
2026-02-10,66790.08549163303,16559.916575411546
2026-02-11,67015.28241337404,16576.934878241893
2026-02-12,65765.8648326266,16519.63649037905
2026-02-13,66557.77279673323,16564.877706404135
2026-02-14,66634.1214873097,16564.877706404135
2026-02-15,66551.92725586508,16564.877706404135
2026-02-16,66556.54022418591,16564.877706404135
2026-02-17,65702.35659761864,16512.77041150689
2026-02-18,66308.56034622955,16554.821754935037
2026-02-19,66233.4713491253,16550.844490890766
2026-02-20,66956.78121212266,16591.68435372438
2026-02-21,66956.64221989924,16591.68435372438
2026-02-22,66927.74232740611,16591.68435372438
2026-02-23,67251.50987059338,16630.10636805557
2026-02-24,67100.38405409659,16627.52982170615
2026-02-25,67903.93741237151,16664.29697902488
2026-02-26,67566.64196603367,16659.016619130132
2026-02-27,67628.75438103576,16679.36035282604
2026-02-28,67722.24631999947,16679.36035282604
2026-03-01,67595.10684424135,16679.36035282604
2026-03-02,68248.03766445362,16688.0081182053
2026-03-03,67022.8848582949,16611.447965645504
2026-03-04,67702.62198749531,16616.931644395438
2026-03-05,67098.44033248881,16589.70753496337
2026-03-06,66937.17914744238,16604.979159745264
2026-03-07,66849.85264200513,16604.979159745264
2026-03-08,66718.15884800525,16604.979159745264
2026-03-09,66885.91009659176,16610.85194556691
2026-03-10,67719.20620539522,16636.635761204376
2026-03-11,67395.28002316131,16607.09932334692
2026-03-12,66804.57988866091,16561.23876931015
2026-03-13,66397.81556225427,16524.784920206275
2026-03-14,66422.71860914797,16524.784920206275
2026-03-15,66581.95548574161,16524.784920206275
2026-03-16,66721.23150643698,16538.171314497202
2026-03-17,66724.52749887241,16563.037943006464
2026-03-18,65557.3569205106,16497.284975248742
2026-03-19,63868.53953581013,16395.285605572826
2026-03-20,63449.76385164228,16325.557587151801
2026-03-21,63266.69399946023,16325.557587151801
2026-03-22,63179.12347038214,16325.557587151801
2026-03-23,62865.20394128486,16288.701650052557
2026-03-24,62725.10022440531,16266.618369510094
2026-03-25,63709.609049769744,16337.33255553517
2026-03-26,62148.16347611381,16237.086776055505
2026-03-27,62125.75220839041,16246.130595925608
2026-03-28,62123.863986625875,16246.130595925608
2026-03-29,62086.991145802844,16246.130595925608
2026-03-30,62265.18675776116,16283.128992978282
2026-03-31,63687.28331830875,16367.140644087045
2026-04-01,64586.5611541823,16429.375716606814
2026-04-02,63775.91623763162,16406.293107755482
2026-04-03,63779.885999129925,16406.293107755482
2026-04-04,63813.432817228524,16406.293107755482
2026-04-05,63971.30229832605,16406.293107755482
2026-04-06,64097.30246356286,16415.528713520493
2026-04-07,64397.4934115627,16423.042818482318
2026-04-08,65403.15893693995,16498.728335532727
2026-04-09,65832.08240953389,16526.700768259343
2026-04-10,65766.7636019913,16520.254029087155
2026-04-11,65773.78506295144,16520.254029087155
2026-04-12,65559.02782036833,16520.254029087155
2026-04-13,66027.99243407548,16541.665342797878
2026-04-14,66740.05327572205,16603.81361085048
2026-04-15,66850.08668343307,16605.247541767963
2026-04-16,66862.4493494947,16594.651177936714
2026-04-17,67736.3106483906,16657.009614972543
2026-04-18,67605.57613512449,16657.009614972543
2026-04-19,67431.04809388214,16657.009614972543
2026-04-20,67292.05835768345,16633.25590107461
2026-04-21,66585.81625074925,16575.91669822466
2026-04-22,67189.81683112601,16613.433469505595
2026-04-23,66953.26618639924,16606.636942722154
2026-04-24,67161.86216950603,16638.535999490654
2026-04-25,67176.48845094113,16638.535999490654
2026-04-26,67274.07501817687,16638.535999490654
2026-04-27,66939.71493873333,16624.67534725637
2026-04-28,66266.7749878061,16585.48654781871
