Date,Mean Covariance Gold30 stock-cap sweep stockcap6 mom_63 + asset-level daily exposure,Mean Covariance Gold30 stock-cap sweep stockcap6 zscore_63 + asset-level daily exposure,Mean Covariance Gold30 stock-cap sweep stockcap8 mom_63 + asset-level daily exposure,Mean Covariance Gold30 stock-cap sweep stockcap8 zscore_63 + asset-level daily exposure,Mean Covariance Gold30 stock-cap sweep stockcap10 mom_63 + asset-level daily exposure,Mean Covariance Gold30 stock-cap sweep stockcap10 zscore_63 + asset-level daily exposure
2018-01-02,1.0130871526549392,1.0130871526549392,1.0099740742311902,1.0099740742311902,1.008793941597035,1.0087923875559148
2018-01-03,1.0215258466505464,1.0215258466505464,1.0129898272416145,1.0129898272416145,1.0103416127738627,1.010341179525347
2018-01-04,1.0267561453896183,1.0267561453896183,1.0184131020829614,1.0184131020829614,1.0151365456365615,1.0151372345465461
2018-01-05,1.0437978334148301,1.04379783341483,1.0354578290692202,1.03545782906922,1.0322202347161997,1.0322202676044105
2018-01-08,1.0403210682067032,1.040321068206703,1.030876402627282,1.0308764026272819,1.0289770128231046,1.0289759353956622
2018-01-09,1.0384567209183184,1.0384567209183182,1.0294066775426376,1.0294066775426374,1.027413552864646,1.0274130101705836
2018-01-10,1.0397898428623,1.0397898428622998,1.030692196971397,1.0306921969713967,1.0279062465938111,1.027907745333936
2018-01-11,1.0423239463895018,1.0423239463895015,1.0339731278925977,1.0339731278925977,1.0328155538551222,1.0328159800267753
2018-01-12,1.0554375054200875,1.0554375054200873,1.0483531755338216,1.0483531755338216,1.0486500977311664,1.0486479541902927
2018-01-15,1.0548305423803277,1.0548305423803275,1.04775028656418,1.04775028656418,1.0480470380069338,1.0480448956987718
2018-01-16,1.0420261133669493,1.042026113366949,1.0357114813345851,1.0357114813345853,1.035696601335982,1.035695119381822
2018-01-17,1.0574382235328452,1.057438223532845,1.0517984120682586,1.0517984120682589,1.0519699407404015,1.051969250936579
2018-01-18,1.0565325212899803,1.05653252128998,1.0511447947000176,1.0511447947000179,1.0511735254617378,1.0511728663590387
2018-01-19,1.06032857404018,1.0603285740401798,1.0535989406090978,1.053598940609098,1.053613692262661,1.0536143235328201
2018-01-22,1.0719498281538304,1.0719498281538302,1.0645482748596822,1.0645482748596824,1.0658028105604074,1.0658058529791965
2018-01-23,1.077319047845693,1.0773190478456929,1.0689680089574407,1.068968008957441,1.0704780933079245,1.0704805557937866
2018-01-24,1.0762348317978778,1.0762348317978776,1.069064551206147,1.0690645512061472,1.07103781834936,1.0710450204998188
2018-01-25,1.0791992990634247,1.0791992990634243,1.0714504621143566,1.0714504621143568,1.074714418443141,1.0747247443805539
2018-01-26,1.0959696928259683,1.095969692825968,1.0888633328114794,1.0888633328114796,1.0955710194206474,1.0955818388028906
2018-01-29,1.0948462681353879,1.0948462681353874,1.0876378352079534,1.0876378352079537,1.095847558221246,1.0958613307380876
2018-01-30,1.0837776917112396,1.0837776917112392,1.0770394610766012,1.0770394610766014,1.0846331356928922,1.0846464090540027
2018-01-31,1.0885637998586397,1.0885637998586393,1.0823399040259836,1.0823399040259838,1.0899379904102051,1.0899520814827388
2018-02-01,1.0814730887552817,1.0814730887552813,1.0727238787555216,1.072723878755522,1.0750411734498933,1.0750550719315366
2018-02-02,1.059402099108159,1.0594020991081585,1.0547747444387297,1.05477474443873,1.0576417101477393,1.0576553836834663
2018-02-05,1.0044168423635336,1.0044168423635331,0.9978808744856926,0.9978808744856932,1.0012412157107096,1.0012541600825162
2018-02-06,1.0303906380356709,1.0303906380356704,1.0237426154042342,1.0237426154042348,1.028659113953112,1.0286724127924172
2018-02-07,1.032774096279472,1.0327740962794718,1.0284718964302002,1.0284718964302009,1.0335906579622542,1.0336040205581627
2018-02-08,0.9883658191481497,0.9883658191481495,0.985363132916696,0.9853631329166964,0.9903511708792161,0.990363974460984
2018-02-09,1.0044634161716848,1.0044634161716846,0.9982576284418498,0.9982576284418503,1.0021986564132224,1.0022116131631336
2018-02-12,1.018957182079529,1.0189571820795287,1.0135075451965891,1.0135075451965896,1.0170408371224409,1.0170539857568877
2018-02-13,1.027050619324614,1.0270506193246138,1.0233447547602936,1.023344754760294,1.0272845351816253,1.0272978162499296
2018-02-14,1.0462161632923541,1.046216163292354,1.044034052266275,1.0440340522662757,1.0470926911227778,1.0471062282773589
2018-02-15,1.0628167379234985,1.0628167379234983,1.0619891191752129,1.0619891191752133,1.068119600907331,1.068133409904635
2018-02-16,1.058637247586559,1.0586372475865589,1.057521066989721,1.0575210669897213,1.064032006169046,1.064045762320597
2018-02-19,1.058637247586559,1.0586372475865589,1.057521066989721,1.0575210669897213,1.064032006169046,1.064045762320597
2018-02-20,1.054943310317046,1.0549433103170458,1.0515101402108582,1.0515101402108584,1.0565809063964164,1.0565945662177283
2018-02-21,1.0465590775830016,1.0465590775830016,1.041676729868093,1.0416767298680933,1.0442354187570693,1.044248918971905
2018-02-22,1.0456448703461423,1.0456448703461423,1.0421059716185195,1.04210597161852,1.0463338195010883,1.0463473468447306
2018-02-23,1.060712910773391,1.0607129107733908,1.0562054909287424,1.0562054909287428,1.0607315804535116,1.0607452939360862
2018-02-26,1.0763089764455802,1.07630897644558,1.0702960272744366,1.070296027274437,1.0752564697345537,1.0752703709996172
2018-02-27,1.0629132581365082,1.0629132581365082,1.0573674782376747,1.0573674782376752,1.0611176361499717,1.0611313546236
2018-02-28,1.0509655594792975,1.0509655594792973,1.0457436919219192,1.0457436919219196,1.049479669146407,1.049493237160616
2018-03-01,1.028612451180456,1.0285737198752163,1.0256244657353968,1.0256244657353972,1.0302620589988631,1.0303064613867856
2018-03-02,1.0368375151730462,1.0368401590373315,1.0345846063224813,1.0345846063224817,1.0393457390067984,1.0390442393283037
2018-03-05,1.0546128376064996,1.054555144324573,1.054190864038844,1.0541908640388447,1.0606237960532445,1.0599512841545211
2018-03-06,1.061922342289178,1.0618073469311837,1.061990848291569,1.0619908482915694,1.0693792496389718,1.067973655085524
2018-03-07,1.0675596416393571,1.067565209854444,1.06760884168222,1.0676088416822205,1.0727858573223492,1.0738013425548025
2018-03-08,1.0703276419869001,1.0703925025386951,1.0682650845847137,1.0682650845847141,1.0758615327794476,1.0756676104510667
2018-03-09,1.0905865691596224,1.0907257248717674,1.0854250585264666,1.085425058526467,1.0931019637947206,1.0900908283981263
2018-03-12,1.0945728334809466,1.094677638946178,1.0899469495977598,1.0899469495977603,1.101345936273683,1.097636036996432
2018-03-13,1.0824691793631194,1.0825423587201095,1.0802575623540627,1.0802575623540631,1.0890748020531393,1.0866597039298687
2018-03-14,1.0798658357351243,1.0800912370024782,1.0774374146438201,1.0774374146438204,1.0875591872061996,1.0844343636432263
2018-03-15,1.0793979738831803,1.0795789534802291,1.0755090840492085,1.0755090840492088,1.0861905469013275,1.0834168277752574
2018-03-16,1.0796717343633349,1.0797359884614801,1.0777175629455573,1.0777175629455575,1.087725847701258,1.0849005429681562
2018-03-19,1.0639993382057036,1.0639882290047977,1.0648797182051943,1.0648797182051946,1.0734424577565989,1.0708973664704027
2018-03-20,1.0711636054779143,1.0711110340143701,1.0738309691821446,1.0738309691821448,1.0839419769748146,1.0797911036120726
2018-03-21,1.069086696858451,1.0690566976309024,1.0725997090191428,1.072599709019143,1.0823082399007662,1.078858832497561
2018-03-22,1.035171624891847,1.0351294760727352,1.0398672412185284,1.0398672412185286,1.0479031183049954,1.0451498251697844
2018-03-23,1.006061595624899,1.0060445590408216,1.0100167441976944,1.0100167441976946,1.0173824255276214,1.0147666005605969
2018-03-26,1.0430327283306728,1.0429392158274573,1.0484753108246188,1.0484753108246188,1.0571819225562775,1.0519437500764273
2018-03-27,1.0036623919487195,1.0034783124576065,1.007305271623753,1.007305271623753,1.0125870635962426,1.0063500541655477
2018-03-28,0.9903553834442769,0.9901109937537316,0.9890670043034807,0.9890670043034808,0.9940505095577047,0.9870335346038552
2018-03-29,1.0143849297360366,1.0142659503154745,1.0140323910761826,1.0140323910761828,1.017198268811037,1.010331072026196
2018-03-30,1.0143849297360366,1.0142659503154745,1.0140323910761826,1.0140323910761828,1.017198268811037,1.010331072026196
2018-04-02,0.9885339010782055,0.9904188784086706,0.9788147077927054,0.9788147077927083,0.9791777408409864,0.9725672240520119
2018-04-03,0.9999582604643922,1.0010008046409156,0.994153873199269,0.9941538731992708,0.9954552521497342,0.988734844421351
2018-04-04,1.0101040893092461,1.0107571286922232,1.0059850321639903,1.0059850321639923,1.0059844335995045,0.9991929424223818
2018-04-05,1.011846935081982,1.0112524603782689,1.0090339934337458,1.0090339934337487,1.0090625710695822,1.002250299110201
2018-04-06,0.9904910084636804,0.9914346620382857,0.982046729613167,0.9820467296131712,0.981091940612904,0.9744685008895101
2018-04-09,0.9946683269113846,0.9953642025543816,0.9863170067194428,0.9863170067194467,0.9847653636335956,0.9781171243017768
2018-04-10,1.0183852187649471,1.0182463399421098,1.0148162371435159,1.0148162371435168,1.0162006809145026,1.0093402189350633
2018-04-11,1.014384602347882,1.0158544804504965,1.0089509464672555,1.0089509464672564,1.0121635390869488,1.0053303322142357
2018-04-12,1.0305654701196436,1.0299922366738894,1.0310206199631051,1.0310206199631036,1.035260581341855,1.0282714442644063
2018-04-13,1.0227861025807377,1.0239901323736733,1.021798847774478,1.0217988477744773,1.0268808688011841,1.019948303915
2018-04-16,1.0254158951841343,1.026495362993448,1.0242771289187464,1.0242771289187462,1.0304834807445062,1.0235265943018341
2018-04-17,1.0454223078137879,1.0463110145092869,1.0504907747494738,1.0504907747494703,1.0621000183012317,1.0549296857765964
2018-04-18,1.0493025647074794,1.0512994539308593,1.056203074464134,1.056203074464129,1.0698175042029583,1.0625950702385187
2018-04-19,1.043562450907918,1.044142093616698,1.0474400451262067,1.0474400451262036,1.0578935011243633,1.0507515671746352
2018-04-20,1.035133821514137,1.0351477113182197,1.0377660915677367,1.0377660915677345,1.0470346969535869,1.0399660717651644
2018-04-23,1.0279233736175541,1.0272463500745708,1.0305853681823127,1.0305853681823114,1.0382311683797276,1.0312219766026385
2018-04-24,1.011912865777786,1.0118455297144568,1.008491369803725,1.0084913698037263,1.013387139158826,1.0065456716522352
2018-04-25,1.012047044405653,1.0116580288294903,1.010508554411177,1.0105085544111772,1.0155677474611562,1.0087115584722528
2018-04-26,1.029519813521531,1.029049844124028,1.0347233653075378,1.0347233653075356,1.0449257297985497,1.0378713424366266
2018-04-27,1.0300474065509522,1.0295978113728765,1.0344936648949001,1.0344936648948957,1.0453036261393844,1.0382466875653562
2018-04-30,1.020557897461807,1.0203589881292445,1.0237933211505261,1.023793321150523,1.0356151985035558,1.0286236673738292
2018-05-01,1.0243605025522091,1.0241608520822332,1.0309692733513005,1.0309692733512974,1.0471278451193946,1.0400585910793472
2018-05-02,1.018295754988291,1.0180972865530562,1.0256150160963282,1.025615016096325,1.040571081018796,1.0335460922815232
2018-05-03,1.0229560731188252,1.0227566963757215,1.0306827132713883,1.0306827132713847,1.0453804279003145,1.0383229708307071
2018-05-04,1.0345987902790896,1.034397144340769,1.0440991140222127,1.0440991140222096,1.0619912920111743,1.0548216935074797
2018-05-07,1.0431956415031463,1.0429923200166342,1.0528456523880922,1.0528456523880887,1.0732129476314425,1.0659675907237485
2018-05-08,1.0437560182907621,1.0435525875853875,1.0523316896626642,1.0523316896626604,1.0725989496334913,1.0653577378813748
2018-05-09,1.055155254284107,1.0549496018386146,1.0628808081739398,1.0628808081739358,1.0861823673918758,1.0788494527676469
2018-05-10,1.0600827845439915,1.059876171710306,1.067283907931999,1.0672839079319958,1.0898396322246344,1.0824820270773572
2018-05-11,1.0561965179677668,1.0559906625773317,1.0629070381907193,1.0629070381907164,1.0846242416526592,1.077301846075105
2018-05-14,1.0577994560036457,1.0575932881965062,1.0643742252003825,1.0643742252003798,1.0870096396708415,1.0796711400572274
2018-05-15,1.0474222574278726,1.047218112163156,1.0542080117176362,1.0542080117176338,1.0797288213091778,1.0724394751536233
2018-05-16,1.05247771159037,1.052272581004766,1.0612050090455327,1.0612050090455307,1.0884145600893547,1.0810665757319333
2018-05-17,1.0460909022142424,1.0458870164340464,1.0527669756372957,1.052766975637294,1.0780183775567482,1.0707405787604427
2018-05-18,1.0414542714567676,1.0412512893677113,1.0469807787122025,1.046980778712201,1.070193728145005,1.0629687542589754
2018-05-21,1.0525380615124718,1.052332919164514,1.057507482159491,1.057507482159489,1.0836438461371272,1.0763280692976684
2018-05-22,1.0561344001234572,1.055928556839948,1.0629702528061749,1.0629702528061724,1.0903261114196336,1.0829652220076604
2018-05-23,1.0626201197949006,1.0624130124281148,1.0721243828460199,1.0721243828460167,1.1025696947317176,1.0951261477902012
2018-05-24,1.0667257930333829,1.06651788546043,1.0776535587310938,1.0776535587310903,1.1065988426083269,1.0991280945279642
2018-05-25,1.0678455069304835,1.0676373811224413,1.079476629057907,1.0794766290579034,1.1090237497479385,1.1015366309018921
2018-05-28,1.0678455069304835,1.0676373811224413,1.079476629057907,1.0794766290579034,1.1090237497479385,1.1015366309018921
2018-05-29,1.0592194457788617,1.0590130012121002,1.0761141375230567,1.0761141375230523,1.1056841850356132,1.0982196118905951
2018-05-30,1.0661250654226617,1.0659172749330497,1.0807783878298343,1.0807783878298305,1.1110787316295614,1.1035777394164408
2018-05-31,1.0575034836022694,1.0572973734809048,1.0724369586545919,1.0724369586545879,1.100658420271607,1.093227776515467
2018-06-01,1.0763252226378752,1.076115444111655,1.0911433444523144,1.0911433444523104,1.1219650677298814,1.1139195023020545
2018-06-04,1.0875242670883687,1.087312305839874,1.1025099435625247,1.1025099435625207,1.1334108301244905,1.1251497121255714
2018-06-05,1.0909090504251677,1.0906964294737829,1.1068498632871624,1.1068498632871582,1.1377726202077292,1.1293675086790165
2018-06-06,1.1020389863957618,1.101824196191521,1.1193714596335158,1.1193714596335116,1.1516843761050053,1.1436981833942617
2018-06-07,1.0923428448256134,1.0921299444240495,1.1093536054532487,1.1093536054532447,1.1385616902488864,1.1317549232762425
2018-06-08,1.0964669358351395,1.0962532316377385,1.11500674989379,1.115006749893786,1.1442247753197086,1.1367554622672686
2018-06-11,1.098678696474664,1.0984645611994832,1.1165063352753206,1.1165063352753166,1.1456108571194876,1.138890255611145
2018-06-12,1.1019265199679151,1.1017117516836672,1.1196879781294782,1.1196879781294742,1.1482416494141892,1.1414946959568404
2018-06-13,1.101967565720128,1.1017527894359582,1.122500535558998,1.1225005355589939,1.1537041726098252,1.1468505468337842
2018-06-14,1.1093407017412185,1.1091244884140663,1.1295661140213522,1.1295661140213475,1.1620869264485243,1.1551377038580293
2018-06-15,1.1041755791131447,1.1039603724815457,1.1247070542127702,1.1247070542127657,1.1555359306109898,1.149392059342672
2018-06-18,1.1083482595150191,1.1081322396173863,1.1274667761190533,1.1274667761190489,1.1587598612890395,1.1518923087687611
2018-06-19,1.1029186253302512,1.1027036636821441,1.1245067216828106,1.1245067216828062,1.156841519591161,1.1491215617790465
2018-06-20,1.1072208861919597,1.107005086022258,1.1294636029520932,1.1294636029520888,1.162558389865204,1.1542027343766712
2018-06-21,1.0952862868268423,1.0950728127409413,1.117294282744198,1.1172942827441936,1.147459229290083,1.1393979816661601
2018-06-22,1.0912284285002045,1.0910157453012224,1.1120281145330853,1.112028114533081,1.1429510506813878,1.1356841773877455
2018-06-25,1.0586683179245302,1.0584619807739934,1.075646705050488,1.0756467050504845,1.1001296485441499,1.0935303477861225
2018-06-26,1.066172282745934,1.0659644830535502,1.0873960400223837,1.0873960400223799,1.114837161383741,1.1079758250305836
2018-06-27,1.050655449921556,1.050450674499394,1.070018436365618,1.0700184363656144,1.0952970711081402,1.0893765774632667
2018-06-28,1.0614074908529798,1.0612006198306674,1.0816600427329393,1.0816600427329357,1.109336365115647,1.102378782790315
2018-06-29,1.0592043398299795,1.0589978982074102,1.0778232812955812,1.0778232812955777,1.1042935037347006,1.0973679829948801
2018-07-02,1.065420901960767,1.0652132487144101,1.0859638823376483,1.0859638823376445,1.1117291690674767,1.1047570159293831
2018-07-03,1.0541400980913724,1.0539346435024133,1.0739284360988801,1.0739284360988763,1.0987335055527858,1.0918428540597662
2018-07-04,1.0541400980913724,1.0539346435024133,1.0739284360988801,1.0739284360988763,1.0987335055527858,1.0918428540597662
2018-07-05,1.0660857430830888,1.0658779602575057,1.0866066049575231,1.0866066049575194,1.113327688031797,1.1063455098630366
2018-07-06,1.0801277454954703,1.0799172258478629,1.1006469365707183,1.1006469365707146,1.1297349536279067,1.1226498781245289
2018-07-09,1.0927734372411977,1.0925604529160724,1.1147933953489118,1.114793395348908,1.1441270324915715,1.1369516977950334
2018-07-10,1.097227751531346,1.097013899049024,1.116701911347602,1.1167019113475982,1.1460290039424197,1.138841741128325
2018-07-11,1.092809647865993,1.092596656483323,1.1147422410943164,1.1147422410943124,1.1439680841260362,1.1367937462661164
2018-07-12,1.1055280141512467,1.1053125439266047,1.1275570419249756,1.1275570419249716,1.1597209659120884,1.1524478346524498
2018-07-13,1.1018738151367875,1.1016590571248377,1.1260876851780277,1.1260876851780237,1.1570809485668283,1.1498243740421665
2018-07-16,1.1052205720363617,1.1050051617329733,1.1284443954949355,1.1284443954949315,1.1573651734714194,1.150106816444674
2018-07-17,1.1055897540803439,1.105374271822435,1.1284810809330392,1.1284810809330352,1.1612459287661154,1.1539632337792274
2018-07-18,1.1057308920183169,1.105515382252266,1.1285382841631422,1.1285382841631382,1.1587135541559144,1.151446740828046
2018-07-19,1.1006231293991438,1.1004086151490318,1.1214255110509066,1.1214255110509026,1.1504523274834924,1.1432373240199967
2018-07-20,1.0957064242148047,1.095492868243053,1.120295245684442,1.120295245684438,1.1492776211584492,1.1420699848061335
2018-07-23,1.0991376190881486,1.0989233943677807,1.126714084840816,1.1267140848408121,1.1544521644531043,1.1472120762147773
2018-07-24,1.1057624612426074,1.1055469453236375,1.1337202288623787,1.133720228862375,1.1624655230641534,1.1551751794534382
2018-07-25,1.1153346639672046,1.1151172824015505,1.1442751045039417,1.1442751045039377,1.1754767572251648,1.1681048143188564
2018-07-26,1.1267461013960827,1.1265264957122165,1.156199442311997,1.156199442311993,1.1884083151857983,1.1809552726691492
2018-07-27,1.1157259158388197,1.1155084580171797,1.1449526187257948,1.1449526187257906,1.1742574561211108,1.1668931599998786
2018-07-30,1.1019415539796857,1.1017267827652715,1.1307386155113606,1.1307386155113566,1.1572784403641236,1.150020627279665
2018-07-31,1.101401207998746,1.1011865420991385,1.1249670781616121,1.1249670781616083,1.1520738773578274,1.14484870442648
2018-08-01,1.1052669601546163,1.104982441035106,1.1253339944762544,1.1253893370281973,1.1527976653159149,1.145567953185072
2018-08-02,1.1135906565294462,1.1132953094619231,1.1330194667025415,1.1330836519727796,1.162812764905092,1.1555202435847702
2018-08-03,1.1152073796365556,1.1149347834500996,1.1351620832322518,1.1352671625270465,1.1644818946032525,1.1571789054206254
2018-08-06,1.1219990195169869,1.121739754949666,1.1423212011301511,1.1424218706231954,1.1737870275755984,1.1664256817231466
2018-08-07,1.1273474292000623,1.1270810253081205,1.148613264847917,1.1486484635380356,1.1814670676707517,1.1740575568360903
2018-08-08,1.1268693202093294,1.1265912573700139,1.149453803271956,1.1494524554439736,1.1819386887594987,1.1745262201770823
2018-08-09,1.125356640655822,1.1250359030748778,1.1472030636601156,1.1472345269570619,1.1777734616700786,1.1703871150982477
2018-08-10,1.116670554198831,1.1162385763072364,1.1385564911745993,1.138628739569057,1.16821677976172,1.1608903674361166
2018-08-13,1.115704642200132,1.1149947783578424,1.1391506964233462,1.1392983305262467,1.1699450116344308,1.1626077607902296
2018-08-14,1.1195893675275772,1.118916563187428,1.1447105806041002,1.1449059980453864,1.1769509558678855,1.1695697675995063
2018-08-15,1.105470284024778,1.1047725215165483,1.1305364110989076,1.1306930060957077,1.1588530263460606,1.151585338325421
2018-08-16,1.111455349973512,1.1107920209260944,1.1337028595386647,1.1339085655833436,1.15962580479591,1.152353270334389
2018-08-17,1.1133364526421936,1.1126027493046966,1.1357411533414115,1.1360043777296218,1.1608520459007046,1.1535718211302444
2018-08-20,1.1194683981094067,1.1187514971730887,1.1402536485863377,1.1405090609834794,1.163791175562497,1.1564925181893266
2018-08-21,1.1260386941011433,1.1254977921704559,1.14520287946998,1.1453023278678556,1.1708445783752597,1.1635016859438363
2018-08-22,1.1287429816295,1.12804274266651,1.1483409602232046,1.1484531801973268,1.1763046356581592,1.168927500754218
2018-08-23,1.1310601647393443,1.1302291991886633,1.153070580685363,1.1531613535546394,1.181237056916226,1.1738289885823543
2018-08-24,1.1486062198388307,1.1475406540253115,1.1702282706049734,1.170339704387726,1.200869749259206,1.193338555490348
2018-08-27,1.1627656653209215,1.1618257431633021,1.1849452131888527,1.185059541284518,1.218389958227722,1.210748887356294
2018-08-28,1.162674072015207,1.1616816637740137,1.1839608165932867,1.1840703273855566,1.217011156670315,1.2093787328829726
2018-08-29,1.1700319735168485,1.1687954899690018,1.192641080443812,1.1927470332034442,1.227223291434914,1.2195268227619764
2018-08-30,1.1676745816563137,1.1663961120554702,1.189422206131189,1.1896249846082927,1.224140601649016,1.216463465908831
2018-08-31,1.1662058883305033,1.1648340119945961,1.18822077111165,1.1883506185739734,1.222241518987196,1.2145762932476734
2018-09-03,1.1662058883305033,1.1648340119945972,1.18822077111165,1.1883506185739734,1.222241518987196,1.2145762932476742
2018-09-04,1.1714584437873115,1.169879458698535,1.197529003158286,1.1976598678139958,1.2326326679547719,1.224610954221293
2018-09-05,1.1663580425113922,1.1647505234309237,1.1928334754708538,1.1929638270044491,1.2283614451561014,1.2214146897964868
2018-09-06,1.1588150911705073,1.1571425205917951,1.1873758666168985,1.1875056217489854,1.2209930818873722,1.2135624829065743
2018-09-07,1.1543374375128692,1.1526037762358519,1.1831647778161931,1.1832940727651158,1.2163997923041574,1.209168158335664
2018-09-10,1.1617519727062333,1.1600531528123053,1.193880289582856,1.194010755511149,1.2289885503091051,1.2214461719143324
2018-09-11,1.1685075310022313,1.166839889982204,1.2008741089262442,1.2010053391314426,1.2373223086835663,1.2292857047633
2018-09-12,1.1703186146215903,1.168643422703623,1.2064867080474444,1.2066185515913175,1.2459173126037575,1.2373888432124076
2018-09-13,1.1726490220027606,1.1710323782246417,1.2089218035112137,1.2090539131596476,1.2490223645279617,1.2404824502703076
2018-09-14,1.1755703914556395,1.1739297973367837,1.2131918084925701,1.213324384762464,1.2537219446915797,1.2452330287386932
2018-09-17,1.1678565817636117,1.1660724061399743,1.2049352372320348,1.2050669112328791,1.2447730325553459,1.2365617207930706
2018-09-18,1.1744187970512383,1.1726284726857303,1.2118507571749255,1.2119831868962025,1.2511996842393325,1.2428409798573605
2018-09-19,1.1769345479016484,1.174954597293339,1.2079132565406172,1.2080452559761445,1.244051789079794,1.235640359838994
2018-09-20,1.1892068146808483,1.1872505005941716,1.2197974337902422,1.2199307319156216,1.2571528541724044,1.248533678721144
2018-09-21,1.185067652636298,1.1830180534027985,1.219055533275479,1.2191887503267842,1.2562933444941204,1.248189407230421
2018-09-24,1.182429011180855,1.180528397851558,1.2160854298018662,1.2162183222835221,1.2552872145129954,1.2473512767195785
2018-09-25,1.1836368646509434,1.181847565743829,1.2164252101692938,1.2165581397817755,1.255519184361191,1.2474740502707797
2018-09-26,1.178217719096741,1.176511882131292,1.2125576129037998,1.2126901198694953,1.2531094104074985,1.2451152080853027
2018-09-27,1.1834860548879074,1.1819207713217372,1.2176690677398625,1.2178021332797349,1.2594267523452665,1.2511086955454447
2018-09-28,1.1779355674539553,1.176502403302962,1.2131522309454725,1.2132848028903753,1.2550792092286924,1.2470524801261669
2018-10-01,1.1875595137290584,1.18575458588851,1.2245675809972236,1.2247014003990566,1.2657231945607763,1.2586575906978785
2018-10-02,1.1813888613965955,1.1794891356267119,1.2149770733519512,1.21510984471363,1.2503357331132516,1.2429548283332996
2018-10-03,1.180532549213784,1.1786912227814752,1.2123234656853028,1.2124559470636467,1.2467495913240023,1.2391514742317093
2018-10-04,1.168949458583492,1.166434865477779,1.1988617890476345,1.1989927993487237,1.2303742347217617,1.223416165765576
2018-10-05,1.1587595342184203,1.155833639626399,1.1869888553538794,1.1871185681938,1.217683825887452,1.2113818467827844
2018-10-08,1.153524544688487,1.1503552011217288,1.1793155354949798,1.1794444098029244,1.2063645444158688,1.1996080385089547
2018-10-09,1.1579495946455658,1.1543111028612907,1.186514865027092,1.1866445260698701,1.213765652226813,1.2064511928390096
2018-10-10,1.1084695204738926,1.1041618086919283,1.1312488249789083,1.1313724466094603,1.152354820431511,1.146812300118718
2018-10-11,1.0876596307146866,1.0841395340878515,1.1097473886438827,1.1098686606210602,1.1314978841303334,1.1253262219265472
2018-10-12,1.1124847304133636,1.1094956565261862,1.1388595154644854,1.1389839687829442,1.1666567263126215,1.1595873876518246
2018-10-15,1.0995246756138528,1.0959435235342154,1.1245734786626322,1.1246963708186617,1.1488949017699441,1.1415516293458792
2018-10-16,1.1315495616386801,1.1271814357820011,1.1597210289410453,1.1598477619828105,1.187041828862297,1.1791908900750727
2018-10-17,1.1306978650200357,1.1268269063410952,1.1584271994443858,1.158553791097883,1.1840897917789108,1.177011518917044
2018-10-18,1.1130657003974473,1.1084523308661873,1.1404437215537642,1.1405683479925264,1.1638212520579334,1.1573443416008076
2018-10-19,1.1064210970433843,1.1022796126595007,1.1302291653390708,1.130352675542336,1.1499805533375458,1.1420828658144067
2018-10-22,1.109277251774002,1.1056738530938168,1.1384284703310363,1.138552876545356,1.1609670532496965,1.1531402710233518
2018-10-23,1.1018191879003036,1.097982071786635,1.1292835718356113,1.1294069787054564,1.1509594866388488,1.143500108457458
2018-10-24,1.0606924341441801,1.0564387515277474,1.0842178616686122,1.08433634380709,1.0958958454697167,1.0911511239810983
2018-10-25,1.0710595725636545,1.0669593048497936,1.0936769293965019,1.093796445211524,1.105145669933923,1.0999481182771753
2018-10-26,1.0447553710026478,1.0408196046355187,1.063255456975534,1.0633716483654243,1.0692853315838615,1.064131604254515
2018-10-29,1.0338640811282873,1.0293220677805623,1.0500516084895173,1.0501663569773305,1.0559049031664753,1.050959387623285
2018-10-30,1.0436738852874141,1.0392229707886396,1.0610446486976686,1.0611605984928558,1.0657671995935671,1.0609809651230862
2018-10-31,1.054722116400267,1.050655426093017,1.0727483781250542,1.0728656068909534,1.0803879322182712,1.0753811562317122
2018-11-01,1.0660909213405783,1.0619803963510601,1.081175265369865,1.0812934150167692,1.0874032331652037,1.0823639465967765
2018-11-02,1.057901120107849,1.0538221725213015,1.0715880710124777,1.0717051729813045,1.0747108490730457,1.0697303820471085
2018-11-05,1.0627135967036292,1.0586160936590867,1.0784069267880358,1.0785247739139325,1.0834618863362462,1.0784408649113562
2018-11-06,1.068099439918932,1.0639811706876758,1.0874478886463048,1.08756672375859,1.0934334035077684,1.0883661716882274
2018-11-07,1.0836297112843527,1.0794515620116645,1.1078191841528287,1.107940245417943,1.1172249772836198,1.1120474896229022
2018-11-08,1.0850468315463835,1.0808632182854592,1.1107446371890204,1.11086601814442,1.1238415280122593,1.118633377673522
2018-11-09,1.0783188875779217,1.0741612152393458,1.1065571698890013,1.1066780932425493,1.1173937867750332,1.112215516810772
2018-11-12,1.0583999084915763,1.054319037727479,1.0808623303820706,1.080980445831733,1.0878648920234975,1.082823466017543
2018-11-13,1.0531083656517866,1.0490478974806061,1.0742870533564286,1.0744044502670507,1.0820416117976475,1.0770271722645408
2018-11-14,1.0490260301883816,1.0449813022712469,1.0661365272373966,1.0662530334674674,1.07198359473125,1.067015766453988
2018-11-15,1.0600265684936263,1.055939425819273,1.0796015023893375,1.0797194800571221,1.0875906615242643,1.0825505063680088
2018-11-16,1.0636394353602983,1.0595383625611805,1.0821338201221364,1.0822520745188022,1.090204168870386,1.0851519020962281
2018-11-19,1.0516426477633398,1.047587830958171,1.0651804103225904,1.0652968120692146,1.0691151799329175,1.0641606445756369
2018-11-20,1.0412350994434798,1.0372204110050325,1.0523152480255427,1.052430243881353,1.0563159026086744,1.0514206821626781
2018-11-21,1.0437326182580977,1.039708300140517,1.053723969929464,1.0538391197288584,1.0568363655135686,1.0519387331180345
2018-11-22,1.0437326182580977,1.039708300140517,1.053723969929464,1.0538391197288584,1.0568363655135686,1.0519387331180345
2018-11-23,1.039822265501246,1.035813024524276,1.0498356642649933,1.0499503891546098,1.0540229685798164,1.049138374138325
2018-11-26,1.0437969113427998,1.039772345330481,1.0554155243821797,1.055530859032794,1.05979894471671,1.0548875830208289
2018-11-27,1.0437897878394586,1.0397652492932201,1.058000779447956,1.058116396612407,1.062751002940453,1.057825960700959
2018-11-28,1.0552974356996367,1.0512285271347144,1.0705832382687048,1.070700230430456,1.0761103210893392,1.0711233685754797
2018-11-29,1.058428264795239,1.0543472846977866,1.0740292881154747,1.0741466568577647,1.0790117548395581,1.0740113563879998
2018-11-30,1.0600770313098011,1.0559896940660458,1.0774006781473944,1.0775184153114907,1.0838532786283308,1.0788304433979812
2018-12-03,1.0745004528594915,1.0703575032532935,1.0889291973785675,1.0890481943666048,1.094743281775639,1.089669979667027
2018-12-04,1.0524644878878626,1.0484065023150986,1.0665326104298425,1.0666491599434165,1.0678217188284318,1.0628731776791638
2018-12-06,1.0494101536466316,1.0453639446653138,1.065933463037995,1.0660499470774005,1.066644065088384,1.061700981468111
2018-12-07,1.0449020784705558,1.040873251267185,1.0615166944091774,1.0616326957889466,1.0614196189065443,1.0565007466189855
2018-12-10,1.0465692417787842,1.042533986496623,1.0633142899842207,1.0634304878032612,1.063768279108608,1.0588385225681343
2018-12-11,1.0466294794293594,1.0425939918889893,1.0642001309329876,1.0643164255557536,1.0649496735948338,1.0600144421898525
2018-12-12,1.0501711585883868,1.046122015401583,1.0675531671222882,1.0676698281611707,1.0684888943241582,1.063537261324129
2018-12-13,1.0509928993990365,1.0469405878275577,1.068682711214644,1.0687994956888653,1.0701152774479015,1.0651561073996267
2018-12-14,1.0408570587810022,1.03684382795331,1.0577735255200607,1.057889117850439,1.0587143159977936,1.0538079807307212
2018-12-17,1.0375514116592583,1.033550926409667,1.054491474166559,1.0546067078379642,1.0544541016146842,1.0495675091996337
2018-12-18,1.0375677701664565,1.0335672218433962,1.053467213290334,1.0535823350316378,1.0530328017195998,1.04815279594808
2018-12-19,1.0328932760174816,1.0289107511337248,1.048132119137083,1.0482466578651486,1.0467634202754077,1.0419124683164398
2018-12-20,1.030282781169365,1.0263103215662455,1.0456867472667237,1.0458010187672329,1.0426196776686911,1.0377879288036862
2018-12-21,1.022405950352187,1.0184638614325283,1.039364941695635,1.039478522356162,1.0367445870006369,1.031940064710456
2018-12-24,1.0147540881654589,1.0108415025180872,1.0319655475609324,1.0320783196237855,1.0269947279756368,1.0222353888632614
2018-12-25,1.0147540881654589,1.0108415025180872,1.0319655475609324,1.0320783196237855,1.0269947279756368,1.0222353888632614
2018-12-26,1.0330568418291954,1.029073686285011,1.0501573636130594,1.0502721236576162,1.0472900240947254,1.0424366317277547
2018-12-27,1.0382906842714033,1.0342873486096327,1.0555624090300182,1.0556777597320066,1.0524513261703523,1.0475740150955537
2018-12-28,1.039623215064362,1.0356147415658328,1.0577446757485323,1.0578602649262332,1.054924989816868,1.0500362151933063
2018-12-31,1.0427387315803491,1.0387182455899788,1.060826605503734,1.0609425314713385,1.058479940707688,1.0535746915917488
2019-01-02,1.0439250792069916,1.0399000190180534,1.0619008532481464,1.0620168966083658,1.0601237091918756,1.0552108424597741
2019-01-03,1.0353697588894577,1.0313776854348164,1.0524267137550174,1.052541721791667,1.0488596369885577,1.04399897066016
2019-01-04,1.0448921965190916,1.0408634074175442,1.061171268859551,1.0612872324915892,1.0577320543846334,1.052830271152727
2019-01-07,1.0478324856687622,1.0437923596992384,1.0645969337678687,1.0647132717528103,1.061457550526484,1.056538502454732
2019-01-08,1.049520643256551,1.045474008260628,1.0666238037078348,1.0667403631868997,1.0626129804525453,1.0576885778422658
2019-01-09,1.0534025731849763,1.049340970638295,1.0709942742138567,1.0711113112931436,1.0681809566855542,1.0632307507421699
2019-01-10,1.0533327431760127,1.0492714098727807,1.0715802127970924,1.071697313907105,1.0688406539879014,1.0638873908494917
2019-01-11,1.054402982498528,1.050337522675323,1.0725915283435512,1.0727087399690176,1.069541401182944,1.0645848906144917
2019-01-14,1.0540703574499932,1.050006180128634,1.0719901138551027,1.0721072597586536,1.0693643394225385,1.0644086494006173
2019-01-15,1.0563653505910942,1.0522923244685036,1.0742873902981338,1.0744047872455345,1.0716332911025725,1.066667086216085
2019-01-16,1.056867209034287,1.052792247896933,1.073400716458509,1.0735180165111653,1.0710028150465236,1.0660395319368197
2019-01-17,1.0586932442031909,1.0546112424250778,1.075107622517978,1.0752251090994558,1.0722952835151605,1.0673260107975584
2019-01-18,1.0614785313543422,1.0573857903492,1.0776254661390665,1.0777432278677328,1.0748029574514772,1.0698220635732976
2019-01-21,1.0614785313543422,1.0573857903492,1.0776254661390665,1.0777432278677328,1.0748029574514772,1.0698220635732976
2019-01-22,1.0572332238370024,1.0531568514569831,1.0727604083420863,1.0728776384225738,1.069709207329528,1.0647519191072718
2019-01-23,1.0606705904679417,1.0565809646391295,1.0761407459876857,1.0762583454677626,1.0736391785953965,1.0686636779466823
2019-01-24,1.0608238009251172,1.0567335843630006,1.0768075583831025,1.0769252307317065,1.0754921949491156,1.0705081069795828
2019-01-25,1.065792189907483,1.0616828167362433,1.0809773956615996,1.081095523685447,1.0785442524405182,1.0735460205068574
2019-01-28,1.0645321188903587,1.0604276041728409,1.0801032859160815,1.0802213184181744,1.0770501305063243,1.0720588226909342
2019-01-29,1.0661233682757438,1.0620127181806214,1.0821175952968778,1.0822358479204897,1.0785683284256797,1.073569984918147
2019-01-30,1.0696054248046591,1.0654813489499786,1.0846467362130154,1.0847652652183724,1.080460740817757,1.075453627418745
2019-01-31,1.0716706177336992,1.0675385791180823,1.0872850419835112,1.0874038593000281,1.0826532777438134,1.077636003604475
2019-02-01,1.0688698977985225,1.0647246310086338,1.0888695612428376,1.0889885517138809,1.083516190116374,1.0793797805136303
2019-02-04,1.077482977254059,1.0732980328373893,1.0975028403230098,1.0976227742293194,1.092574581211487,1.0877439332794723
2019-02-05,1.083154929208006,1.0789570509790722,1.103164447446024,1.1032850000465486,1.0986229723281982,1.0931619542973954
2019-02-06,1.0779930538381202,1.073810653076198,1.0998440272151182,1.099964216963763,1.0957241082857083,1.0922444685816979
2019-02-07,1.0630900941952934,1.0589661205991654,1.0837459171124337,1.0838643476772676,1.079037443464454,1.0755471006008088
2019-02-08,1.0663371086950795,1.0621920849687443,1.0890211536194208,1.089140160656313,1.0834337438223762,1.0808826153084041
2019-02-11,1.0674144368401441,1.0632640495991859,1.0905782546618057,1.0906974318569915,1.0848852386943133,1.082915102329836
2019-02-12,1.0787049608704686,1.0745199755454244,1.1006257906440189,1.1007460658229136,1.0954037701653674,1.09265853147729
2019-02-13,1.080220993557879,1.076030540160615,1.1022589047502773,1.1023793583940897,1.0974584183991494,1.0943829018350284
2019-02-14,1.0805259505293638,1.0763344202493832,1.1042556459806263,1.1043763178261297,1.0990998983629987,1.096680315337418
2019-02-15,1.0869663465487533,1.082733372973099,1.1122616005578922,1.112383147285328,1.1075899972788938,1.1064985752965057
2019-02-18,1.0869663465487533,1.082733372973099,1.1122616005578922,1.112383147285328,1.1075899972788938,1.1064985752965057
2019-02-19,1.0962577542387995,1.0919941392822006,1.12128672425206,1.1214092572351118,1.1165879656075537,1.1153671712523374
2019-02-20,1.0967673267628888,1.092495433137391,1.12201168984463,1.1221343020511263,1.1179999364007127,1.116945541372084
2019-02-21,1.0877017124070816,1.0834663136856881,1.1128574760398577,1.1129790878839128,1.1079683598403751,1.107926784934848
2019-02-22,1.0960898008839541,1.0918287937293214,1.1224361032710735,1.1225587618570034,1.117581403369123,1.1175457655453453
2019-02-25,1.1033409158033647,1.099048978918279,1.1320450203311665,1.1321687289690108,1.1289415427672087,1.129682524100495
2019-02-26,1.1040233927387046,1.099729484099723,1.1324215527482386,1.1325453025331325,1.128974617448906,1.1295553637410414
2019-02-27,1.1034480761331047,1.0991538017894262,1.1315326964464574,1.1316563490981095,1.1278983396879636,1.1291813291469388
2019-02-28,1.100133322955659,1.0958565603281243,1.1279263219872295,1.1280495805382373,1.1237818675360196,1.1250103152254707
2019-03-01,1.0976746386739682,1.093407434168917,1.1265512065556942,1.1266743148356004,1.125578972537286,1.1268093847089549
2019-03-04,1.0893282653138703,1.0850935072922747,1.1184977234481586,1.1186199516522677,1.118038680710913,1.11926085030959
2019-03-05,1.0851931077127697,1.0809744250950535,1.1132684797973107,1.1133901365554146,1.1121139625315055,1.1133296556007424
2019-03-06,1.0727778678460433,1.0686074494093731,1.095721947723034,1.095841687015369,1.0895746123731072,1.0907656668417327
2019-03-07,1.0691980692840446,1.0650415672958489,1.0922302146510088,1.092349572370582,1.0854676235601919,1.086654188526834
2019-03-08,1.0731576463912424,1.0689857515674335,1.0954764091862035,1.095596121646353,1.0867100656155675,1.0878979887417568
2019-03-11,1.0810710427078518,1.0768683845966154,1.1052675503632972,1.1053883327886158,1.100568664079187,1.10177173655398
2019-03-12,1.08117087886887,1.0769678326450727,1.1029910952092532,1.1031116288660547,1.096134039524289,1.0973322643463186
2019-03-13,1.0892829769747443,1.085048395011336,1.1121723845286586,1.112293921506684,1.1051716712262476,1.1063797754190887
2019-03-14,1.0832161380087069,1.0790051408505363,1.1051485671600272,1.1052693365829989,1.0994266856885482,1.10062850982437
2019-03-15,1.0965630692777206,1.0923001859929757,1.1209456413472612,1.1210681370571653,1.117285727465609,1.1185070739831595
2019-03-18,1.0982984464937737,1.0940288169390384,1.1234672826901158,1.1235900539622212,1.1207493359329492,1.1219744686495345
2019-03-19,1.1104701433171738,1.1061531963537192,1.1392386189031674,1.139363113649586,1.1394030720131667,1.140648595821329
2019-03-20,1.1090277072854773,1.1047163677846674,1.1378963803118851,1.1380207283799415,1.138707275605572,1.139952038812839
2019-03-21,1.1306733784155425,1.1262778914796854,1.1640527924019002,1.164179998813966,1.1702002670875238,1.1714794564532134
2019-03-22,1.1087695284811836,1.1044591926491463,1.1350355937451464,1.1351596291895811,1.1325052842538834,1.1337432678340975
2019-03-25,1.1101040582052737,1.105788534395806,1.1347998591992075,1.1349238688828278,1.1299878702652677,1.1312231019667667
2019-03-26,1.112638242719433,1.1083128672807172,1.13832064717313,1.1384450416045986,1.1359943479983172,1.1372361456036686
2019-03-27,1.1043511478479393,1.1000579884478596,1.1284404662416927,1.1285637809778315,1.1246201338341748,1.1258494978636633
2019-03-28,1.1019863913607646,1.097702424939351,1.128160788737822,1.1282840729111105,1.1285859499992055,1.129819649209608
2019-03-29,1.113215148308642,1.1088875301524195,1.1414619879932566,1.1415867257070036,1.1445187188850632,1.1457698347967695
2019-04-01,1.1330936266422702,1.1286887310038944,1.1637761478842834,1.1639033240649128,1.167180364217949,1.1684562524156563
2019-04-02,1.1355587159912781,1.1311442373307528,1.1670458702668565,1.1671734037591635,1.1733625987857554,1.1746452450136313
2019-04-03,1.146399126800826,1.1419425060991029,1.1808797741012491,1.1810088193473611,1.191400694084931,1.1927030584245675
2019-04-04,1.1463680829457745,1.141911582926879,1.1800480016170407,1.1801769559679873,1.1900205818988696,1.1913214375866434
2019-04-05,1.1495656415287208,1.145096711017301,1.183640454121565,1.1837698010517737,1.1939981145936593,1.195303318270117
2019-04-08,1.14447212692065,1.1400229974210407,1.1773420714607439,1.1774707301106366,1.189094625265646,1.1903944687558545
2019-04-09,1.133677431985468,1.1292702668068306,1.1636707575892478,1.1637979222529924,1.172863631693217,1.174145732481664
2019-04-10,1.1398183492368676,1.1353873112740394,1.1708130369237781,1.1709409820879604,1.180112597751436,1.181402622653851
2019-04-11,1.1400653324747771,1.1356333343658829,1.1710786885417925,1.1712066627360782,1.1792677978685133,1.1805568992887998
2019-04-12,1.143826165840428,1.139379547511195,1.1731094714796695,1.173237667595727,1.1758531034608264,1.1771384721518938
2019-04-15,1.140207333060722,1.1357747829252858,1.166972560414228,1.1671000858954057,1.1687645395820065,1.1700421595006967
2019-04-16,1.1531197772565889,1.148637030060835,1.1827371528588835,1.1828664010773824,1.1868360303043497,1.1881334048405712
2019-04-17,1.1545248324830644,1.150036623142354,1.1830898427339012,1.1832191294939773,1.1874140798863801,1.188712086310075
2019-04-18,1.156640920915811,1.1521444852922156,1.185467641664408,1.1855971882677387,1.1906165517679737,1.1919180589325968
2019-04-19,1.156640920915811,1.1521444852922156,1.185467641664408,1.1855971882677387,1.1906165517679737,1.1919180589325968
2019-04-22,1.1614333152225265,1.1569182491907424,1.1919421181597571,1.192072372286761,1.200646647656811,1.2019591190916878
2019-04-23,1.1664860426620387,1.161951334178355,1.1955707632360228,1.1957014138973965,1.2044522371865238,1.205768868652643
2019-04-24,1.1644611191838976,1.1599342825798074,1.1943522843929855,1.1944828019003269,1.2026596501177467,1.203974322040374
2019-04-25,1.1625749518713624,1.1580554477329883,1.1865165194505332,1.1866461806741122,1.1929521255596698,1.1942561858267566
2019-04-26,1.1650401651032398,1.1605110774611231,1.1858860920499819,1.1860156843811585,1.19214504723914,1.193448225258952
2019-04-29,1.1687850156471968,1.1642413699178757,1.1903119246943257,1.1904420006756309,1.1978017318547094,1.19911109340652
2019-04-30,1.1721647027824555,1.1676079185367993,1.1949132515541796,1.1950438303634001,1.201085159742784,1.2023981105315218
2019-05-01,1.1643754789172303,1.1598489752392374,1.1900535368419214,1.1901835845868496,1.198982041966515,1.1996649860359156
2019-05-02,1.1629485533512454,1.158427596839042,1.1884428217720755,1.1885726934998277,1.192178278905464,1.1943664441658066
2019-05-03,1.1743706290173672,1.1698052692448333,1.2014736931867223,1.2016049889138076,1.2040813895648295,1.2060470105925052
2019-05-06,1.1660127836278038,1.1614799149361825,1.1912771679669045,1.1914073494289004,1.1953345904649615,1.1967286968856548
2019-05-07,1.145549583814266,1.1410962657065395,1.1701379903429097,1.1702658617387662,1.1741220092652709,1.175168288598091
2019-05-08,1.1482230995312395,1.1437593881449284,1.1728971752392494,1.1730253481558044,1.176448977820622,1.1780946608582488
2019-05-09,1.14635226362831,1.1418958251069355,1.1704245201947765,1.1705524229023008,1.1735250252921423,1.175312738084276
2019-05-10,1.1524646516550432,1.1479844512566924,1.1763447912188323,1.1764733408870789,1.1786174678820514,1.1811838441005325
2019-05-13,1.1281531135344245,1.1237674241153182,1.148524627400608,1.148650136911873,1.151920853211971,1.1534675652439244
2019-05-14,1.1465625239455899,1.1421052680383097,1.1699745638871566,1.1701024174239483,1.1733237622188488,1.175807833907997
2019-05-15,1.154951424187168,1.150461556473398,1.1796396184773432,1.1797685282006976,1.1828393231078644,1.1857151530424772
2019-05-16,1.1659104299796232,1.1613779591872688,1.1933249549294482,1.1934553601713564,1.19603787137366,1.1990234455919924
2019-05-17,1.153223007274628,1.1487398587727036,1.1794217312422073,1.1795506171550836,1.1838091918685236,1.1863843670873233
2019-05-20,1.1421033243926018,1.1376634036006181,1.1650220838155299,1.1651493961507329,1.167149662629777,1.1687021307144905
2019-05-21,1.1517626451270293,1.1472851737754342,1.1753063874895926,1.175434823682218,1.177671011985216,1.1798390314619478
2019-05-22,1.1419005891312575,1.1374614564715606,1.1663012794890184,1.1664287316133213,1.1673370058092325,1.1697753387634549
2019-05-23,1.122714269972225,1.1183497240294573,1.1434407897774934,1.1435657437325601,1.1458285043009393,1.1477048203578506
2019-05-24,1.123807600275569,1.1194388040168781,1.1434290575500168,1.1435540102229986,1.144074071234549,1.1457620017301415
2019-05-27,1.1295650118542808,1.1251738336877246,1.1492869923902507,1.1494125852119252,1.1499353105632513,1.1516318885449233
2019-05-28,1.130675553272288,1.126280057881685,1.1562061393254865,1.1563324882639474,1.1505866609160607,1.1552770621466226
2019-05-29,1.119800962344553,1.1154477418701816,1.1431519391867757,1.1432768615765667,1.1384387490256944,1.142249798375697
2019-05-30,1.1190640073631317,1.114713651797456,1.1426976709254653,1.142822543673319,1.1396992660711789,1.1437470851317784
2019-05-31,1.1026212140800171,1.0983347797885552,1.1258274581166048,1.1259504873061104,1.123246587350806,1.1269146320192613
2019-06-03,1.093128675904173,1.0888791438059848,1.1106012868144357,1.1094111884658178,1.1032456404436009,1.106848370543116
2019-06-04,1.1113904325827846,1.107069907999553,1.133975801587155,1.1347611123458408,1.12784380033309,1.1315268575399857
2019-06-05,1.123918122337182,1.1195488964245448,1.1472722426516917,1.1499176728987361,1.1424278443635196,1.146158526843042
2019-06-06,1.1359223904269502,1.1315064979839338,1.161125095646624,1.16375654363793,1.1585903629844072,1.1623738253618818
2019-06-07,1.1499890080235486,1.1455184316770657,1.1776715987694248,1.181285495710427,1.179698318436316,1.183550710400872
2019-06-10,1.1540840811050597,1.1495975851830615,1.1860814130014938,1.1913541465075546,1.1899434199573662,1.1938292680574096
2019-06-11,1.1507868650898014,1.146313187078083,1.1802786785061843,1.186381529885398,1.1822419490197469,1.1861026473977885
2019-06-12,1.152065575643198,1.1475869266507879,1.1822601990636434,1.1863461802703492,1.185283922174796,1.1891545543407855
2019-06-13,1.1576543452585786,1.1531539699530697,1.1876433711665706,1.1917532894004803,1.1899977881212884,1.1938838137645853
2019-06-14,1.159811896871984,1.1553031340956887,1.1915597712129515,1.193653344355425,1.1928553240921458,1.1967506812301476
2019-06-17,1.1631735162564054,1.158651685202065,1.1939636079802074,1.197073322635738,1.195114709141655,1.1990174444683628
2019-06-18,1.1696369069792703,1.1650899495267801,1.2005611654583506,1.204146242280756,1.2013221169776465,1.2052451230529817
2019-06-19,1.173108072970662,1.1685476213782562,1.205189465978853,1.2090185279732293,1.207665994417111,1.211609716892639
2019-06-20,1.193182087925476,1.1885435987033104,1.219623843928177,1.2224579113730467,1.2203549971582688,1.2243401565091694
2019-06-21,1.190814930977564,1.1861856440658431,1.2149945125452684,1.2170966960194642,1.2147511220164384,1.2187179814992888
2019-06-24,1.1989085778015809,1.1942478268795125,1.220237183755189,1.2215229921671946,1.2206908416542508,1.2246770977301509
2019-06-25,1.1912193095890122,1.186588450657522,1.2100127667411835,1.2097115085041483,1.2081474618238066,1.2120927565667015
2019-06-26,1.2010964854626445,1.196427229060811,1.2211260219278672,1.221743373946145,1.2193153333375053,1.2232970975894335
2019-06-27,1.1926116475483324,1.1879753759101956,1.21457781545435,1.214141094864116,1.2130363449353068,1.2169976046869848
2019-06-28,1.2023340923984709,1.1976600248060476,1.2269413002488483,1.2249967490114262,1.2232604536306961,1.227255100964239
2019-07-01,1.196641671236306,1.191993937254729,1.2204436704575594,1.218509417165156,1.2184091173481542,1.2223879222848575
2019-07-02,1.2066170844055415,1.2019298716558922,1.230645430359297,1.2286950085306836,1.2288021909946152,1.232814935280707
2019-07-03,1.2207746067861323,1.2160307363508573,1.2453952525531515,1.243421454068301,1.2430087101633858,1.2470678468867935
2019-07-04,1.2169686027399107,1.2122395222502744,1.2415124888193603,1.23954484403805,1.2391333869431351,1.243179868512424
2019-07-05,1.2115781936011512,1.2068743018763857,1.2354111440248245,1.2334531691254949,1.2344248720058506,1.238455977571948
2019-07-08,1.2171299655786825,1.2124145997110953,1.243893271647592,1.241921853617966,1.2423860734492456,1.2464431769064888
2019-07-09,1.2233677361470099,1.218624501039607,1.2509988270726504,1.249016147610557,1.2513027803057921,1.2553890019276608
2019-07-10,1.2285094708486717,1.2237412110869634,1.2571196616125575,1.2551272813796317,1.2588479197074502,1.2629587805391478
2019-07-11,1.2263176088894943,1.2215529241444434,1.2547669399059866,1.2527782884479461,1.2554673864006054,1.2595672078511808
2019-07-12,1.2351146175150944,1.2303074233284217,1.2636678402922836,1.2616650820005608,1.2627193278292317,1.266842831030006
2019-07-15,1.2328014347746634,1.2279997854230509,1.263252524271619,1.2612504242047695,1.2631825429211507,1.2673075587850102
2019-07-16,1.2203656199157005,1.2156018799019572,1.2480307826621495,1.2460528071858379,1.2471193291667897,1.2511918894200706
2019-07-17,1.2191527646611093,1.2143959015878423,1.247851756557963,1.245874064816034,1.2463018021136039,1.2503716926719288
2019-07-18,1.227745099975587,1.2229543509772094,1.2553631609338514,1.2533735645387243,1.2541734696221103,1.2582690656919064
2019-07-19,1.2205283929792925,1.215766463035562,1.2478339306264778,1.2458562671364606,1.2460535749040407,1.2501226548580844
2019-07-22,1.222796996473296,1.2180292819581424,1.250250844261634,1.2482693502604105,1.250261161181953,1.254343981319664
2019-07-23,1.2240719503094197,1.2192922188781088,1.251065380176844,1.2490825952362568,1.2511609175128708,1.2552466758713163
2019-07-24,1.230978877730889,1.2261716884593072,1.2580768645129567,1.2560829672310216,1.258748681781457,1.2628592185443814
2019-07-25,1.2264059964468994,1.221621399366879,1.2530060844731,1.2510202237546084,1.2528891719509792,1.2569805740519018
2019-07-26,1.2348110404790664,1.2299953258616207,1.2614574537961727,1.259458198695512,1.2621490013025864,1.2662706420599774
2019-07-29,1.2290536559889107,1.2242611647061505,1.2576650989361953,1.2556718542521164,1.2572376257744382,1.2613432280723995
2019-07-30,1.228799893703679,1.2240049757711167,1.2573373270599577,1.2553446018540375,1.2561373051211924,1.2602393142408157
2019-07-31,1.2092345937081141,1.2045159926036242,1.2339550641752677,1.2319993969836278,1.2293979614454715,1.2334126512639618
2019-08-01,1.2066141625852878,1.2019057867664877,1.2336914830013017,1.2316931626902805,1.2286806089972573,1.2326929562483606
2019-08-02,1.208251714866056,1.2035369490911279,1.2343769864199468,1.2324271536284193,1.2301134002303549,1.2341304263670234
2019-08-05,1.1904889648223136,1.1858435117617316,1.2164053663906753,1.2144541025500921,1.2130393590445985,1.217000628639074
2019-08-06,1.2049263111471913,1.200224521558801,1.2343903327496304,1.2324395433479254,1.231516370604148,1.2355379782441633
2019-08-07,1.2150736359070247,1.210332250049993,1.2453349769164856,1.2432983426423108,1.2411037921759203,1.2451567082489872
2019-08-08,1.24418984388091,1.239334842541969,1.275541556903728,1.2733786453247096,1.273454258175161,1.2776128170836185
2019-08-09,1.2378201585000752,1.2329900125569593,1.2718548768423985,1.2696734026065035,1.2712471870920707,1.2753985386469424
2019-08-12,1.2247384587547028,1.2199593594184146,1.2537822399482341,1.2516584204604386,1.252107152613289,1.2561960009723225
2019-08-13,1.233852176592539,1.2290375142651842,1.2605573550015465,1.2584824142004478,1.25748883272785,1.2615952553606666
2019-08-14,1.2055339290623581,1.2008297684645821,1.2320210826273752,1.2299555808966027,1.2289466072772541,1.2329598231653818
2019-08-15,1.2090487709714106,1.2043308949729978,1.2349771743017461,1.2329026652712456,1.232878584181466,1.2369046402305006
2019-08-16,1.2211936614818593,1.2164283944361907,1.2469018196521195,1.2448446534136275,1.2445630013548896,1.24862721373095
2019-08-19,1.226839288437064,1.2220519913719745,1.251068381320664,1.249042947482139,1.2487674894845473,1.2528454319270432
2019-08-20,1.2227042370569186,1.217933075535841,1.2487855389410456,1.2467420546063386,1.2476176917056845,1.2516918793986356
2019-08-21,1.2283463448545104,1.2235531670462516,1.2563066494663548,1.2542293865228253,1.2546736577288022,1.2587708871997951
2019-08-22,1.223791468496405,1.2190160644474544,1.2497104658022318,1.2476711019295157,1.2488220166477304,1.2529001371527038
2019-08-23,1.2064226860450626,1.2017150573942714,1.2324709684725692,1.2304370450839752,1.230329693888599,1.2343474263481797
2019-08-26,1.217348458357277,1.2125981958275283,1.2446130604970853,1.2425614694592604,1.2416394194997369,1.2456940847033802
2019-08-27,1.217360861635503,1.2126105507064413,1.2448805058504615,1.242786250777787,1.2409388517932949,1.2449912292413647
2019-08-28,1.2219693222393102,1.2172010284577826,1.2495109308537709,1.247417980149667,1.249874222809226,1.2539557793711118
2019-08-29,1.2322011890695947,1.227392969124545,1.2601343360251924,1.2580711377569895,1.2601816130069399,1.2642968291125858
2019-08-30,1.2317672239319961,1.2269606973791043,1.2586369941703255,1.2565914478766997,1.2596261614398838,1.2637395636774245
2019-09-02,1.2317672239319961,1.2269606973791043,1.2586369941703255,1.2565914478766997,1.2596261614398838,1.2637395636774245
2019-09-03,1.2280526140507861,1.223260582420864,1.2541819768106721,1.2521436708447107,1.255235165454135,1.2593157873836627
2019-09-04,1.2441656978012523,1.2393107906836642,1.2698484724814048,1.2677847052090445,1.2725891571026489,1.2767214312548902
2019-09-05,1.2576826931819434,1.2527750408735836,1.2858425638496491,1.2837528028599028,1.2905646502634103,1.2947541980331885
2019-09-06,1.2547881976448032,1.2498918400594934,1.2813225838491848,1.2792401687648745,1.2876606118909164,1.2918495501764768
2019-09-09,1.252745955018267,1.2478575665469431,1.2810894669462725,1.2790074307253032,1.286231646436678,1.2904079260612993
2019-09-10,1.2477521765949546,1.2428832745396716,1.2787890193029678,1.276710721786782,1.2824981791342902,1.286644775819901
2019-09-11,1.2560612029298936,1.2511598779013966,1.2889641335443847,1.2868692993561321,1.292234359764675,1.2964144487739417
2019-09-12,1.2628643817704477,1.2579365097945194,1.2948476962378093,1.2927433000392894,1.2989550473657807,1.3031702648097558
2019-09-13,1.2590858873875006,1.2541727596207288,1.2916664205163366,1.2895671945510065,1.293789789573448,1.2979844730060015
2019-09-16,1.2576239521401653,1.252716529047498,1.2904950895439589,1.2883977672345202,1.2915115486430737,1.2956968206223896
2019-09-17,1.2604971228325603,1.2555784882293448,1.2937647303754307,1.291662094221162,1.2951744878537679,1.299377585323971
2019-09-18,1.2602542743381595,1.2553365873634519,1.2935102824982838,1.2914080598746158,1.2955925441563034,1.2997896547567573
2019-09-19,1.2566687416764746,1.2517650459475234,1.2876052102030182,1.2855125845471835,1.2881469896526956,1.2923169806469084
2019-09-20,1.2477734420349484,1.2429044569989693,1.2782566508565467,1.2761792185495573,1.2782165297330261,1.2823524650845284
2019-09-23,1.25501612735328,1.2501188803546344,1.2861494126782669,1.2840591529955006,1.2882436801174868,1.292423111939919
2019-09-24,1.2481429157607233,1.2432724889870206,1.2792597386233298,1.27718067609057,1.2813049588685033,1.285445879830197
2019-09-25,1.2543120521969218,1.249417552597191,1.2861724619618753,1.2840821648192402,1.289810525951901,1.2939768483930025
2019-09-26,1.252855618752646,1.2479668023582209,1.2837679276539258,1.281681538378503,1.2878085681384437,1.291990101343932
2019-09-27,1.2332811802295442,1.2284687460091948,1.2601057193692797,1.258057786092433,1.261956739254929,1.2660539187071769
2019-09-30,1.229327927506724,1.2245309194268117,1.2566072197833975,1.2545649722943466,1.2586403122435237,1.2627454593425105
2019-10-01,1.2249556145578788,1.2201756678495252,1.248008111047911,1.245979838894945,1.2443747008076984,1.248433319575415
2019-10-02,1.2136155108990565,1.2088798148480406,1.2324254493927569,1.230422502298518,1.220964701855613,1.2249469672058002
2019-10-03,1.2266989842015685,1.2219122346230569,1.2473268650897629,1.245299700102843,1.2381777725913663,1.242216179626118
2019-10-04,1.239872365583771,1.2350342116439694,1.2633310240211097,1.2612778489549246,1.2582210906447735,1.262324870421966
2019-10-07,1.2348822390431635,1.2300635572692518,1.260077788902536,1.258029901018493,1.255946137821893,1.2600424976746714
2019-10-08,1.220246705973865,1.2154851340799224,1.2416509806633103,1.2396330401663784,1.2330929746811166,1.237114797276939
2019-10-09,1.2308570141508715,1.226054039362779,1.253052156403946,1.2510156866305926,1.2454137032628976,1.2494757108128327
2019-10-10,1.235400180098806,1.2305794772470524,1.2596734670227099,1.2576262362456212,1.25597590234408,1.2600723592760128
2019-10-11,1.2455170054171696,1.2406568253098313,1.2744542581525111,1.2723830055226941,1.276939374403257,1.2811042052269739
2019-10-14,1.2472635906117875,1.242396595086769,1.2747565745898581,1.2726848306330973,1.275380248892792,1.2795399945150403
2019-10-15,1.2600360366280694,1.2551192012471686,1.2921702663037442,1.2900702214844562,1.3001718280261068,1.3044124331903242
2019-10-16,1.2586787088700007,1.2537671699702717,1.288483806568194,1.286389753010949,1.2932474175859383,1.2974654382809068
2019-10-17,1.2608050836902,1.2558852473809992,1.2909480496098282,1.2888499911462885,1.2954047971385285,1.2996298542841243
2019-10-18,1.2481133366649173,1.243243025312941,1.2762179457164202,1.2741438267283312,1.2778183831217367,1.281986080896446
2019-10-21,1.2543742192131246,1.2494794770290671,1.284801678198521,1.282713608863949,1.2898065071323292,1.2940133050471059
2019-10-22,1.2541637834906858,1.2492698624559988,1.285614143612472,1.2835247538530077,1.2909783249259599,1.2951889448098577
2019-10-23,1.2599212754615365,1.2550048878946174,1.2911561950872033,1.2890577983440685,1.2961486504803412,1.3003761337578088
2019-10-24,1.2703566888227042,1.2653995808254646,1.3019148392733462,1.299798957500897,1.3076915528786672,1.3119566841734687
2019-10-25,1.28383137731556,1.2788216892148896,1.3192104861396479,1.3170664953520437,1.3292761795975736,1.3336117107253425
2019-10-28,1.2902467832777194,1.285212061373174,1.3278843384041987,1.3257262508067653,1.3423066118402447,1.3466846426723342
2019-10-29,1.282055147308016,1.2770523903032027,1.3185821467131171,1.316439177107468,1.331228239971848,1.3355701378867835
2019-10-30,1.2839064833077867,1.2788965021331355,1.3187963816297856,1.3166530638479423,1.3301109842384438,1.3344492381423998
2019-10-31,1.2853086056501462,1.2802931531996378,1.318145106499483,1.3160028471748713,1.3252368455864025,1.3295592021319524
2019-11-01,1.3033332432741471,1.2982474561876272,1.3389093245362689,1.336733319048592,1.3432378964428333,1.3476189647275374
2019-11-04,1.3173886107738744,1.3122479776939022,1.3556726465303635,1.3534693971659113,1.3627466747790766,1.3671913723659825
2019-11-05,1.315599758788814,1.3104661060573997,1.3550190623502198,1.3528168751956848,1.36199525082419,1.3664374975871085
2019-11-06,1.314392526763282,1.3092635848186736,1.352994054940923,1.3507951588436347,1.359537632818147,1.3639718638808456
2019-11-07,1.318878536814496,1.3137320898364613,1.3555347483003795,1.353331723049166,1.3588042801231368,1.3632361193025793
2019-11-08,1.3214946071019382,1.316337951854795,1.3571962801298925,1.3549905545446739,1.3588286631797755,1.363260581886334
2019-11-11,1.3196606384486989,1.3145111396016107,1.3552838334354873,1.3530812159729964,1.3574294108934055,1.3618567658366647
2019-11-12,1.321528877715881,1.3163720887400487,1.3571674012884039,1.3549617226372952,1.359853459353263,1.3642887205072212
2019-11-13,1.318238947428828,1.3130949962172866,1.3526076720361673,1.3504094038912768,1.3565027046589815,1.3609270370823254
2019-11-14,1.3241705090292157,1.3190034120416068,1.3580553429951598,1.3558482212545222,1.3623816964182136,1.3668252036015986
2019-11-15,1.331331809843217,1.3261367684665653,1.3628805614023498,1.3606655976805258,1.3660495698859227,1.3705050401059107
2019-11-18,1.3375600265067045,1.3323406817647832,1.3729093923650835,1.3706781297118755,1.379708055828335,1.3842080741955556
2019-11-19,1.3340137297659567,1.3288082231657863,1.367207378579022,1.3649853828814336,1.3710313594100785,1.3755030780996362
2019-11-20,1.3252026352211346,1.3200315107339697,1.357255840550835,1.3550500181675729,1.3606706815880178,1.3651086081718478
2019-11-21,1.3212937629561616,1.316137891430732,1.3528705537825532,1.3506718584002744,1.3563763252826548,1.3608002455104533
2019-11-22,1.3229856095891377,1.3178231362434885,1.356161471165613,1.3539574273596926,1.359091777303012,1.363524554175457
2019-11-25,1.3403709916011566,1.335140678083558,1.374954504951576,1.372719918566036,1.381486283908499,1.385992102096187
2019-11-26,1.3369704877479123,1.331753443467996,1.3681895178367813,1.3659659259590964,1.3723197835571899,1.376795704535994
2019-11-27,1.345056244851143,1.339807648825522,1.3776984489097177,1.3754594030458538,1.3846678386480276,1.3891840337083472
2019-11-28,1.345056244851143,1.339807648825522,1.3776984489097177,1.3754594030458538,1.3846678386480276,1.3891840337083472
2019-11-29,1.3394793236167364,1.3342524895112864,1.3716409615494782,1.369411760359556,1.3773951870890975,1.3818876618663796
2019-12-02,1.3259000017468354,1.3206690253849651,1.357832221284948,1.3556254621633892,1.3641187780587871,1.3685679508605284
2019-12-03,1.313048565450415,1.3079404164227582,1.343194442073761,1.3410114723808868,1.3450777535917025,1.3494648227045727
2019-12-04,1.3228795405629121,1.3176639266448356,1.3564891830262058,1.35428460662051,1.3573528844866594,1.361779989833466
2019-12-05,1.3260129880035376,1.3205341204671583,1.3602779797863722,1.3580672457997331,1.360826606954409,1.3652650421001835
2019-12-06,1.3424282108329169,1.3371927860228678,1.3787696588283918,1.3765288720261253,1.3803814824231302,1.3848836972202627
2019-12-09,1.3349467535522357,1.3291004587588042,1.3700537937408344,1.367827172027953,1.3693404388095798,1.3738066424383755
2019-12-10,1.3366629167038564,1.3297659623707578,1.374408209019005,1.3721745104777177,1.374881704762951,1.3793659816344606
2019-12-11,1.340745709157088,1.3341141761422401,1.37727496856352,1.3750366109430952,1.3778414569308777,1.3823353872497686
2019-12-12,1.3663077387987699,1.35943314974744,1.409481763160425,1.4071910628155906,1.4159626257183004,1.420580891007185
2019-12-13,1.3641942314846407,1.3582561539451712,1.4041505114788084,1.4018684755242377,1.408416842493577,1.4130104966605925
2019-12-16,1.3767465210124723,1.3715134842808163,1.4160106756570492,1.4137093644746017,1.4202585963265448,1.4248908732366279
2019-12-17,1.3784686110264315,1.374790256861692,1.4187550178710755,1.4164492465630552,1.4254009255634623,1.4300499745550872
2019-12-18,1.3755948978286163,1.3720973286641374,1.4155097628760647,1.4132092657808297,1.4220399315575145,1.4266780184222643
2019-12-19,1.3834933764550932,1.3810038621934069,1.4237336006407746,1.4214197381026543,1.4305348558688764,1.4352006495483165
2019-12-20,1.3895148940361755,1.387211908177026,1.4302983584624283,1.4279738268306037,1.438173972230727,1.4428646814448647
2019-12-23,1.3951790594503208,1.3925058851739924,1.4401271084737421,1.437786603083598,1.450638853839963,1.4553702181738193
2019-12-24,1.3973551185870412,1.394822496267245,1.4428406286167006,1.4404957131932452,1.4549839785968832,1.4597295148717753
2019-12-25,1.3973551185870412,1.394822496267245,1.4428406286167006,1.4404957131932452,1.4549839785968832,1.4597295148717753
2019-12-26,1.4078942248907407,1.4052297533255373,1.4551782157309554,1.4528132491682832,1.4665433682515874,1.4713266063182033
2019-12-27,1.404024287357167,1.401131673613545,1.4509438894655466,1.448585804561715,1.4622798429692734,1.4670491752374863
2019-12-30,1.3928051998001931,1.3898441928218992,1.439989285739504,1.4376490043399024,1.452249318729912,1.456985935712366
2019-12-31,1.3988251519786723,1.3957290894320098,1.4464884481162343,1.4441376042291376,1.4602627519451856,1.4650255053240322
2020-01-02,1.4311589494909973,1.4279503814974552,1.4819992620141547,1.479590705685672,1.4986657347553074,1.5037459042792678
2020-01-03,1.4154746304332573,1.4124422694430916,1.4643245591917207,1.461944727922979,1.4813563478883516,1.4869259814173572
2020-01-06,1.4226866753705139,1.4195171771066086,1.469089422048543,1.4667018468889086,1.4854742190347965,1.4936687478210517
2020-01-07,1.4227927503550999,1.4192519387001703,1.4701684810965951,1.4677791522420933,1.4917838037215343,1.4995106756768268
2020-01-08,1.4316409169278224,1.4281599621967513,1.4797751643013113,1.4773702225931318,1.5001320145110841,1.5093203314516814
2020-01-09,1.4395152501616304,1.435894010710084,1.487768823305006,1.4853508902421921,1.508665960251859,1.5163550709887288
2020-01-10,1.431903679570405,1.4282470317963085,1.476399855411684,1.4740003992808566,1.497818627653327,1.50471386929781
2020-01-13,1.4489920693627079,1.4449846172063918,1.4982484658306028,1.4958135011740685,1.5193629307002738,1.5273261935929754
2020-01-14,1.445446385675717,1.4398857644914893,1.4963118953107863,1.493880077983202,1.516770777107542,1.5234202908702132
2020-01-15,1.440230399374575,1.4340825109571242,1.4887787395996188,1.4863591652132602,1.5084889311092569,1.5158421007106118
2020-01-16,1.4540818416089718,1.448165308032542,1.503050969078254,1.5006081993573817,1.5236581027038594,1.5312140002886376
2020-01-17,1.4619177948887365,1.455759829259288,1.5091819330481853,1.5067291992386336,1.5307991421351432,1.5385199211376985
2020-01-20,1.4619177948887365,1.4557598292592877,1.5091819330481853,1.5067291992386336,1.5307991421351432,1.5385199211376985
2020-01-21,1.459762197112477,1.4534665559262243,1.506715830421441,1.5042671045403955,1.5269743395499367,1.5355151513455354
2020-01-22,1.4596454642565426,1.4533257370889696,1.5067993044958417,1.504350442952104,1.5246226764325603,1.5300776860317933
2020-01-23,1.470217771277478,1.463617589412342,1.5226100025288412,1.520135445319942,1.5372258203037485,1.5488093886783174
2020-01-24,1.4600607717109786,1.4531854275124496,1.5148174102129517,1.5123555175835963,1.51611613041627,1.5297628827638536
2020-01-27,1.423794563331612,1.4167526910798725,1.4751654397174119,1.4727679897682397,1.4778162350358852,1.490534818768672
2020-01-28,1.449852042425728,1.442699065471089,1.5043518120506367,1.5019069281899977,1.5075150679544882,1.5212318162499576
2020-01-29,1.4477242723933852,1.440344189853677,1.5013006823813548,1.4988607572395647,1.5066321064486579,1.5199007238880702
2020-01-30,1.4572318138306901,1.4501887431665883,1.5110912098631009,1.5086353730825335,1.5145265773270853,1.5279381557918903
2020-01-31,1.4224982046916397,1.415350750857762,1.4683541425809523,1.4659677624030307,1.4708528729455335,1.485873274650812
2020-02-03,1.4452694542628917,1.4380075844989877,1.488353374664537,1.485934491584465,1.493572426348892,1.5088248409393172
2020-02-04,1.470697634624522,1.4633079989733817,1.5223949735037718,1.5199207657616591,1.530122765579208,1.5457484335301794
2020-02-05,1.4797298892335413,1.472294870310478,1.531061178593256,1.5285728864695598,1.537545599481785,1.5532470696758405
2020-02-06,1.4876266333766055,1.4801519366430433,1.5374708870138898,1.53497217778394,1.544843276174972,1.5606192705022452
2020-02-07,1.481753964911922,1.4743087758618105,1.529939954539085,1.5274534846371413,1.5369821028527497,1.5526778185992431
2020-02-10,1.5063333692600684,1.4987646790643927,1.556691291403257,1.5541613450277747,1.5652308610348786,1.5812150541018226
2020-02-11,1.5095577917904823,1.5019729002308249,1.5606946370927084,1.558158184449752,1.5687959536335387,1.5848165535525438
2020-02-12,1.5245425476998737,1.516882364058496,1.5762527687540728,1.573691030918719,1.5852003518481586,1.6013884740635456
2020-02-13,1.5226628486162526,1.5150121096703952,1.5729726319020771,1.5704162249697646,1.5812965981032303,1.5974448550469196
2020-02-14,1.5357168377792594,1.5280005080406804,1.5888026515872467,1.586220517588079,1.5999356558014652,1.6162742554634373
2020-02-17,1.5357168377792594,1.5280005080406804,1.5888026515872467,1.586220517588079,1.5999356558014652,1.6162742554634366
2020-02-18,1.5406683414188629,1.5329271324617684,1.5948348945281037,1.5922429568824148,1.6087446130922818,1.6251731701385306
2020-02-19,1.5580718365614623,1.5502431823776044,1.6147757271040635,1.6121513814675426,1.6293785576621218,1.6460178292821395
2020-02-20,1.5428360826216412,1.5350839816787998,1.5980617762285083,1.5954645942304502,1.6143910080164703,1.6308772262479456
2020-02-21,1.508259262836476,1.5006808958374256,1.560880841979977,1.5583440867154388,1.574335287812606,1.5904124556087085
2020-02-24,1.4431618563116582,1.4359105763390143,1.4940485612448624,1.491620422304797,1.5071977987714231,1.5225893561482735
2020-02-25,1.394439997401409,1.387433524231412,1.4445824275791022,1.442234681370896,1.459023401826101,1.4739230005527435
2020-02-26,1.3977011124672223,1.3906782535687208,1.4488403578653344,1.4464856916368556,1.4652626449467454,1.4802259590454185
2020-02-27,1.3323797369178225,1.3256850903956634,1.377907543221148,1.3756681575356406,1.3941371891063856,1.4083741675274133
2020-02-28,1.3486266335913557,1.3418503532621835,1.3960586511103974,1.3937897661080572,1.4165324086174051,1.4309980878143629
2020-03-02,1.394417864714808,1.3872087546807372,1.4402180551471553,1.4378713518190143,1.4620720087721044,1.4770040559004998
2020-03-03,1.375227078849395,1.3681074652107525,1.4200375057139616,1.417721510001405,1.440698246907267,1.4549704780945236
2020-03-04,1.416995676904529,1.409612739734519,1.4660936013237087,1.4636999267466304,1.4907927774553298,1.505614514533178
2020-03-05,1.391157653620956,1.3838475315594432,1.4419459339955614,1.4395925961014246,1.4659710794871879,1.4803437991208077
2020-03-06,1.3739743291917417,1.3667456797049822,1.422226931271118,1.4199094052260133,1.4454169839642654,1.4591026740693163
2020-03-09,1.2967860885452258,1.29001996056399,1.3394689451920345,1.3372926976603323,1.3574365212234722,1.3696955660986576
2020-03-10,1.3181271060936806,1.3112170671080927,1.361690536860165,1.3594717339002842,1.3802120133075138,1.3928546740947993
2020-03-11,1.2949204171658448,1.2881036637707717,1.337881296021801,1.335701798600737,1.3556706691289513,1.3680392265200756
2020-03-12,1.240311941448988,1.23381061182279,1.279609789530492,1.2775261407167378,1.2943425784801952,1.306029517833878
2020-03-13,1.2653432205468162,1.2586677034557308,1.305849673871316,1.3037210954947422,1.3255655470502894,1.3373941449068623
2020-03-16,1.2026441885815742,1.1963294371034836,1.2389067013230957,1.2368797756818313,1.2534653806412739,1.2635320497158697
2020-03-17,1.240493619135384,1.233961938276336,1.2823472273349328,1.2802615601395628,1.2982247964248572,1.3088437732679281
2020-03-18,1.214311404738019,1.2079241511746048,1.2534551270989347,1.251411648611361,1.2652261388420758,1.2752032555300599
2020-03-19,1.2269217625566144,1.2205081842460026,1.2694049409006936,1.2673380268491445,1.2813651229463239,1.291740908230575
2020-03-20,1.2183344867429826,1.212006940162703,1.263532542132443,1.2614744194547618,1.274947910599361,1.2854538766478125
2020-03-23,1.2479296074887285,1.2414591652130842,1.2996203623417275,1.297505435291601,1.3132242277585495,1.3238172767640963
2020-03-24,1.3019362475313416,1.295141085364311,1.3553720434615308,1.3531640412422479,1.372069767400961,1.3839141040026075
2020-03-25,1.285268086165462,1.2785202588438027,1.3374221232183825,1.3352478050327128,1.3548562064450067,1.3663884334387277
2020-03-26,1.3120403509167269,1.3051539139216661,1.3652823143918922,1.3630654186481364,1.3841270534108665,1.3960738102699872
2020-03-27,1.2906790876121863,1.2839003052634541,1.3442556662096885,1.34207093849585,1.3637402829188574,1.3751992061878007
2020-03-30,1.3057530509286768,1.2989019880614188,1.3608010113834872,1.3585893347055902,1.3814526537012262,1.392981310038077
2020-03-31,1.2910372062988797,1.2842913970593468,1.3423145160441172,1.3401324484514032,1.3625452021305242,1.3735624488916163
2020-04-01,1.2732264769795005,1.2665737307297882,1.3255358198960514,1.323382160483659,1.3429628650190535,1.3538217732239064
2020-04-02,1.2952226376934761,1.2884549591215482,1.3485432671443978,1.3463521872906128,1.364424031180062,1.3754564697478027
2020-04-03,1.2908140866116113,1.2840694431965856,1.3426054546088577,1.3404243444891824,1.3557789059379135,1.3667414418866997
2020-04-06,1.3321696563098753,1.3252089255638237,1.3828630751065014,1.3806147767567534,1.4002039411193223,1.4115256883252458
2020-04-07,1.3221769819101836,1.3152684639702172,1.371595772107662,1.3693643951378207,1.3902760463654384,1.40151751875468
2020-04-08,1.3326616071425939,1.3256983059001726,1.381049358543658,1.3788029538656796,1.3992330101035504,1.410546906570598
2020-04-09,1.3479555241253114,1.340912310510122,1.3963625682078848,1.394092158960596,1.4152023146085406,1.4266453354290844
2020-04-10,1.3479555241253114,1.340912310510122,1.3963625682078848,1.394092158960596,1.4152023146085406,1.4266453354290844
2020-04-13,1.3595776411301075,1.3524737006947207,1.4109332922177613,1.4086386559652637,1.4324631846084526,1.4440457731026435
2020-04-14,1.3837222421374504,1.3764921435466015,1.4380975650402406,1.4357590820192176,1.4612067675418727,1.4730217704509985
2020-04-15,1.374851073301387,1.3676673275285636,1.4312974063666541,1.4289710694439182,1.4541163927870255,1.4658740644544572
2020-04-16,1.384682112812153,1.3774469987930322,1.443245036086757,1.440898243345202,1.4687578885592922,1.4806339482050621
2020-04-17,1.3790212010802259,1.37181566593809,1.4347615820631912,1.4324297338031085,1.457525575911897,1.4693108134991102
2020-04-20,1.3804876738696628,1.3732744762483469,1.4365194723051327,1.4341843124827007,1.461607208819168,1.4734254496101336
2020-04-21,1.3570879758456067,1.349997044180968,1.4143844671289056,1.4120866637172982,1.4364366746849158,1.4480513919632434
2020-04-22,1.383169850075004,1.3759426377924913,1.4379441164251312,1.4356057152025903,1.4618787220572542,1.4736991582457288
2020-04-23,1.384128888490031,1.3768966651279244,1.4405052241872918,1.4381634936183638,1.4639143960317655,1.4757512922411387
2020-04-24,1.3867250416175418,1.3794792530741453,1.4415493828795996,1.4392056477462702,1.4663601434723954,1.4782168154683089
2020-04-27,1.3874177478307568,1.3801683398223792,1.4412158786659097,1.4388721777469333,1.467005066135296,1.4788669528368266
2020-04-28,1.3763278903468907,1.3691364280450584,1.4296148909812911,1.4272903084062507,1.45345778593008,1.465210132244452
2020-04-29,1.3945472731450674,1.3872606125947193,1.4443066839227747,1.441956493487378,1.4699522190087255,1.481837935753031
2020-04-30,1.3903464354033115,1.3830817246851594,1.4431282970676849,1.44078252374268,1.4696435452652223,1.481526766140183
2020-05-01,1.3800931019166005,1.3728819659764893,1.4300585226397506,1.4277339939457874,1.4547163578523725,1.4664788807079796
2020-05-04,1.3925067350063323,1.3852307364887624,1.4446212203832178,1.4422730203441796,1.4716088834047194,1.4835079955801798
2020-05-05,1.3960729693366154,1.3887783368583975,1.4475461141381323,1.4451931597485883,1.4737748902888725,1.4856915163290407
2020-05-06,1.3937474521361137,1.386464970737152,1.4465915895749197,1.4442401867440715,1.4735784183125569,1.4854934557226807
2020-05-07,1.4115622458107835,1.4041866801852907,1.4661353070352352,1.463752136321252,1.4955909080953513,1.5076839337523118
2020-05-08,1.4142680838919934,1.4068783799694486,1.4668804490332614,1.4644960671073397,1.4966422825622774,1.508743809406518
2020-05-11,1.416957388021444,1.4095536321935334,1.4704555310235878,1.4680653378804756,1.5013567360184272,1.5134963829169514
2020-05-12,1.409995958478348,1.4026285768738156,1.4621247545778282,1.459748102928707,1.4920698261728493,1.5041343811204742
2020-05-13,1.4086262408755472,1.401266016193847,1.4613016010790674,1.4589262874478643,1.4914034167713328,1.503462583276204
2020-05-14,1.4216789249672577,1.4142504985973978,1.4759877505794448,1.4735885649350497,1.5087958399832864,1.5209956378727163
2020-05-15,1.4330157429749542,1.425528080503073,1.4888212598912474,1.4864012136595637,1.5211897725989003,1.5334897851555227
2020-05-18,1.4332971345972214,1.4258080018236392,1.4874809615170208,1.4850630939108829,1.5204260294761478,1.5327198665705308
2020-05-19,1.4317052332632656,1.4242244183465749,1.4906487408874087,1.488225724125536,1.5238612727792087,1.5361828865103555
2020-05-20,1.4394035711840625,1.431882531617903,1.4988519422258568,1.4964155913405257,1.5328546484667807,1.5452489806949068
2020-05-21,1.4191398008066025,1.4117246416355052,1.4741201083598523,1.471723958526832,1.5046595811080197,1.5168259340998966
2020-05-22,1.4279431332955843,1.4204819757587117,1.4829270592550008,1.480516593916889,1.5154325379078493,1.5276859987059288
2020-05-25,1.4279431332955843,1.4204819757587117,1.4829270592550008,1.480516593916889,1.5154325379078493,1.5276859987059288
2020-05-26,1.407050192001368,1.3996982023457514,1.4581188040751045,1.4557486640104689,1.4880416434323853,1.5000736273627842
2020-05-27,1.4113991643666042,1.4040244508593314,1.4596235439539504,1.4572509579677184,1.4896940736633708,1.5017394187883806
2020-05-28,1.4126562420619453,1.4052749601875532,1.4602516631292355,1.4578780561490914,1.4867730829916768,1.4987948096158341
2020-05-29,1.4366892314648387,1.4291823746177175,1.489459330234482,1.4870382468334817,1.518621617976063,1.5309008649880596
2020-06-01,1.4399273321558932,1.4324035558819315,1.4861553309622544,1.483739618139449,1.5144994522780415,1.5267453683468883
2020-06-02,1.4434505522619177,1.4359083667812902,1.4954001798964012,1.4929694397748685,1.5228243342947607,1.5351375635648838
2020-06-03,1.4400799591396534,1.4325553853731705,1.4915398803372488,1.4891154150478052,1.5167250015226268,1.5289889129028993
2020-06-04,1.4301842680518921,1.4227114003431787,1.4797225584313471,1.4773173019389088,1.5055885020340423,1.5177623660803212
2020-06-05,1.451516456065512,1.4439321253638662,1.5071966184756942,1.5047467035025754,1.5338592743257244,1.546261729742032
2020-06-08,1.4558225414726587,1.4482157110083531,1.50892917279069,1.506476441588624,1.5351456460506143,1.5475585027913867
2020-06-09,1.4733959580169524,1.4656973045477661,1.5308631031832807,1.5283747188594896,1.559041941915601,1.5716480189530508
2020-06-10,1.4904611012626394,1.4826732805716105,1.5524839053396966,1.549960376877242,1.5812903410267405,1.5940763138229714
2020-06-11,1.4160781493979175,1.408678987687052,1.4680345774598966,1.4656483195235952,1.4934308642294585,1.5055064242374139
2020-06-12,1.4301016194502474,1.4226291835894287,1.483465858064179,1.4810545169204612,1.5094780723528956,1.5216833866262254
2020-06-15,1.43988494124238,1.4323613864655327,1.496875944292189,1.494442805348078,1.5259628302911248,1.538301436763285
2020-06-16,1.4644380103627932,1.4567861631403654,1.5232191013703775,1.5207431422034943,1.5493041671429315,1.5618315066328532
2020-06-17,1.4713014849428516,1.4636137753223366,1.5319359877184187,1.529445859444379,1.5607954393694694,1.5734156948092626
2020-06-18,1.4705978272212756,1.4629137942885713,1.5351911420245614,1.5326957225687494,1.5660502267224983,1.5787129712399774
2020-06-19,1.4684832324014954,1.460810248455763,1.5341475414357846,1.531653818329788,1.5659601148495048,1.5786221307418018
2020-06-22,1.4936303573229868,1.485825976925769,1.5599792149448999,1.557443503021424,1.5945043734476736,1.6073971920612915
2020-06-23,1.5012698566773959,1.493425559068591,1.5673987226408745,1.5648509504707295,1.600802012242965,1.6137457522062095
2020-06-24,1.470942913766418,1.4632570777191374,1.53548648910335,1.5329905895673428,1.567630392594522,1.5803059139925604
2020-06-25,1.4829338778520345,1.4751853877186245,1.5515908356215389,1.5490687588242626,1.586508125443143,1.5993362881192548
2020-06-26,1.4477461481331682,1.440181517698842,1.5179135625333964,1.5154462274032503,1.5518643681171767,1.5644124088401916
2020-06-29,1.4590503288300187,1.4514266328271572,1.5257712032436213,1.523291095691228,1.555299283125336,1.5678750978306089
2020-06-30,1.4885572362217492,1.4807793634317723,1.5619110411670933,1.5593721891025518,1.5968844044673565,1.6097964674986889
2020-07-01,1.4978288822509769,1.4900025641062518,1.569732616317811,1.567181050454791,1.6047584755161681,1.6177342065884752
2020-07-02,1.507860417988665,1.4999816839831603,1.5795080123812544,1.57694055682681,1.6129889787289842,1.6260312598759028
2020-07-03,1.507860417988665,1.4999816839831603,1.5795080123812544,1.57694055682681,1.6129889787289842,1.6260312598759028
2020-07-06,1.5393145839828704,1.5312714985531362,1.614029030740573,1.6114054620296032,1.6484636508746915,1.6617927725727986
2020-07-07,1.5173554189472298,1.5094270725332795,1.594838706915499,1.5922463316540785,1.6297042563913466,1.6428816936698918
2020-07-08,1.5394971495665262,1.5314531102118414,1.622657679037954,1.6200200846488464,1.659437849726971,1.6728557064311325
2020-07-09,1.5413172665601549,1.5332637168970338,1.6247807254293016,1.6221396800749521,1.6621984973655841,1.675638676071399
2020-07-10,1.5548226118752564,1.5466984953200564,1.635737978947588,1.6330791228184995,1.6693875038984853,1.682885811361289
2020-07-13,1.5196683690996438,1.511727937270627,1.5961021274010103,1.5935076984773624,1.627235153780829,1.640392626427966
2020-07-14,1.5303549902360918,1.5223587196541324,1.6056176584757313,1.6030077622654855,1.640738408897538,1.654005065954459
2020-07-15,1.5417561802893494,1.5337003372544604,1.6098957567532104,1.607278906588253,1.644058291089139,1.657351791997747
2020-07-16,1.5223725957872911,1.5144180340809295,1.589601632757082,1.5870177702445887,1.6221966363769353,1.6353133686585697
2020-07-17,1.5231562107754286,1.515197554595877,1.5918722125017672,1.5892846592118093,1.627694005734683,1.6408551885597973
2020-07-20,1.5601273304090573,1.5519754961249472,1.6328085276526914,1.63015443328229,1.6687374705179059,1.6822305219509308
2020-07-21,1.5518563057354404,1.5437476884511172,1.6228369417348785,1.6201990559581978,1.6563398798947722,1.6697326870827447
2020-07-22,1.560281220996205,1.5521285826171132,1.6306252142913096,1.627974668848785,1.663176096796333,1.6766241801603905
2020-07-23,1.5287779460943984,1.5207899157389004,1.5920664358100918,1.5894785668144151,1.624924932791268,1.638063725489531
2020-07-24,1.5197673470410065,1.5118263980415314,1.587008245754558,1.5844285987356308,1.621000331970257,1.6341073911923636
2020-07-27,1.5515130454398898,1.5434062217277909,1.6206455701709537,1.6180112464205805,1.6574054293563703,1.6708068523475736
2020-07-28,1.5328758791699273,1.5248664366702462,1.6039434327264468,1.6013362579333543,1.640166032562614,1.6534280615078862
2020-07-29,1.5536189494542276,1.545501122165558,1.6265845124605056,1.6239405350899863,1.6632028177022935,1.6766511171258363
2020-07-30,1.5708008703337997,1.5625932656474972,1.6502887941291684,1.647606285969848,1.6948036380891678,1.7085074549337178
2020-07-31,1.5771118350971276,1.5688712549363724,1.6672649190383144,1.664554816561111,1.7207182202665368,1.7346315768357958
2020-08-03,1.5923162700275613,1.58399624504745,1.6881361530049335,1.6853921247956796,1.7466029556108063,1.762857835858844
2020-08-04,1.615723801908875,1.607281470039334,1.7119201343768295,1.709137445828639,1.7748050517286342,1.7902881593320448
2020-08-05,1.6493404211971483,1.6407224388506947,1.748682943397849,1.7458404977116784,1.8063673752028102,1.8210894408681921
2020-08-06,1.6690705269539163,1.6603494526678484,1.7706669869496077,1.767788806683862,1.8275905087040698,1.8429223794537413
2020-08-07,1.6400969622162722,1.6315272779441845,1.7412092523097333,1.7383789549441706,1.7908656157207166,1.8043488553374851
2020-08-10,1.6410908266866568,1.6325159493650625,1.738278163033784,1.7354526300894235,1.7863882828755355,1.7986219880427252
2020-08-11,1.6060352837262053,1.5976435754135647,1.713853517567425,1.7110676863474135,1.7539206086563348,1.763857571339597
2020-08-12,1.636713586945668,1.6281615811758334,1.7562711084951674,1.7534163284134558,1.801854360261633,1.8121339015615237
2020-08-13,1.6425542569506875,1.633971733047454,1.7581666889954441,1.7553088276892679,1.8046418736892837,1.8158930639992092
2020-08-14,1.6370319964725972,1.6284783269784966,1.7558094646150395,1.7529554349252794,1.803619062762556,1.8148305747195728
2020-08-17,1.6591825017237163,1.6505130934404817,1.7730920487209854,1.7702099265706166,1.8212548157790986,1.833984497995689
2020-08-18,1.6678183862278135,1.6591038545126628,1.7821488094217626,1.7792519657059405,1.833631995670575,1.847446661106387
2020-08-19,1.650631909094144,1.6420071785835428,1.7695237882367139,1.7666474662153198,1.8207042526302273,1.8349589523393355
2020-08-20,1.6600670227859018,1.6513929927843118,1.7895588551230532,1.7866499665408064,1.8462138422745478,1.8616056739159546
2020-08-21,1.667807415288691,1.6590929408978856,1.8012702239487073,1.7983422987938413,1.8611982774370663,1.876005539110174
2020-08-24,1.687123663375438,1.6783082594961705,1.8301254207748545,1.827150592131816,1.8899675660549073,1.903781922917066
2020-08-25,1.690592631471666,1.6817591018583598,1.8409560675258896,1.8379636339046224,1.9041158312610649,1.9192448227892138
2020-08-26,1.7410801544196817,1.7319828220304958,1.9050568227570115,1.9019601947670681,1.96726083253543,1.9948557258477224
2020-08-27,1.730782813117367,1.721739285451826,1.8960162267352252,1.8929342940354181,1.9547284725648546,1.9821710637614516
2020-08-28,1.7533542940763802,1.744192827978034,1.9151054830125116,1.9119925211462343,1.977677973964679,2.0031883772178274
2020-08-31,1.761438186277449,1.7522344809667583,1.9261175818764669,1.9229867200854978,1.9977658650379977,2.0246989844986567
2020-09-01,1.7916735352060498,1.7823118469223003,1.9692935785267176,1.9660925351021665,2.0514934661053137,2.0791509206460232
2020-09-02,1.7873454588420834,1.778006385226138,1.974637810856195,1.9714280804995195,2.0590422946766767,2.0868015196527048
2020-09-03,1.7069013446991186,1.6979826002927674,1.8625611535717899,1.8595336013580959,1.9378539578696425,1.9639793677878497
2020-09-04,1.6798975165259014,1.6711198700466423,1.8248472665694453,1.8218810174501403,1.8935808057236894,1.919109341845803
2020-09-08,1.630625566715866,1.622105371511184,1.7511152247478314,1.7482688254418586,1.8032540779425992,1.8275648634802737
2020-09-09,1.6741333534833112,1.6653858253802778,1.8096436238317701,1.8067020878995248,1.870993031107331,1.896217047444247
2020-09-10,1.6478499581786639,1.6392397636629448,1.7694116479298974,1.7665355081901666,1.8242203616296768,1.8488138066286113
2020-09-11,1.6317148482162367,1.62318896139773,1.75100996468908,1.7481637364810148,1.799893165650992,1.8241586406476127
2020-09-14,1.6532982504040594,1.6446595879713448,1.7772039277390488,1.7743151218198032,1.8288803578472779,1.8535366271426157
2020-09-15,1.670554360056795,1.6618255325820661,1.8010150869211983,1.7980875764860402,1.8592545159050087,1.884320278045196
2020-09-16,1.647303168922104,1.6386958314394868,1.7658527699190223,1.7629824150573428,1.8119124674806029,1.8363399821324726
2020-09-17,1.6289354597512244,1.620424095538497,1.7453750024983048,1.7425379337974565,1.7872741356268207,1.811369485660843
2020-09-18,1.6141015531732585,1.605667697729112,1.7210703726524166,1.7182728105931526,1.7583251638695916,1.7820302348783181
2020-09-21,1.6200820683075448,1.6116169640240303,1.744979347607367,1.742142922034728,1.7979466822041181,1.822185915451291
2020-09-22,1.6409088685524986,1.6323349419818733,1.7752239720232033,1.7723383844783358,1.831676362749582,1.8563703267193785
2020-09-23,1.5915035567718838,1.5831877783065758,1.7156256873809461,1.7128369755377586,1.7621528195976943,1.7859094936048596
2020-09-24,1.6029629026070888,1.5945872478185863,1.7295257134348951,1.726714407404872,1.7774620618209511,1.8014251292082621
2020-09-25,1.6287803113649009,1.6202697578192633,1.7694879444325646,1.7666116806744314,1.8261989334148316,1.8508190527658852
2020-09-28,1.6534483035424914,1.644808857065854,1.8004566241271664,1.7975300214609244,1.8624493650353446,1.8875581989161725
2020-09-29,1.6596777360513553,1.651005740115121,1.803277295266994,1.8003461076617862,1.8681489571085306,1.8933346307216004
2020-09-30,1.6704505646750716,1.6617222795424345,1.8207649593265665,1.8178053459078098,1.887497183870912,1.9129437029172924
2020-10-01,1.6835828558784744,1.6747859531018967,1.8349920889370501,1.8321942944890603,1.9037463646695558,1.9294119489904238
2020-10-02,1.6530864972592478,1.6444489412596355,1.7976695575703663,1.7946653675062727,1.8662816799768738,1.8914421796699477
2020-10-05,1.6850298715383207,1.676225407948198,1.836721196262259,1.8337176677479345,1.9106359161962907,1.9363943828301222
2020-10-06,1.663108550308871,1.654418627996542,1.8133083193055188,1.8103761431228387,1.8890020852550398,1.9144688928094264
2020-10-07,1.6909393195668914,1.6821039784707421,1.8497334624616701,1.8468408170188806,1.926814138325367,1.952790713595887
2020-10-08,1.6918129865362748,1.6829730804356025,1.8495346316864179,1.8465955609830822,1.9279172550474821,1.9539087021180481
2020-10-09,1.710788800177423,1.7018497433951356,1.865889783779645,1.8629833030082232,1.9401654866714741,1.9663220597416833
2020-10-12,1.7356282662969142,1.7265594206137003,1.8934933145079984,1.8906777488861801,1.9707733548664894,1.9973425715727484
2020-10-13,1.7325618290502778,1.7235090058337965,1.8973309231469302,1.8943132972076904,1.9659148543094098,1.992418570559278
2020-10-14,1.720447061852548,1.711457539606859,1.8818609063566023,1.8788898941629908,1.9540772922478595,1.980421418988906
2020-10-15,1.7128969067261346,1.7039468348587752,1.8724512855773852,1.8693692822951389,1.9427317783651865,1.9689229492038047
2020-10-16,1.709492086503763,1.7005598051908568,1.8703595736403673,1.8673398775050998,1.9399217213656879,1.9660750080847602
2020-10-19,1.6875073806194276,1.6786899717760104,1.8434781776598972,1.8405417750128394,1.9126987832536728,1.9384850606764774
2020-10-20,1.694993609624299,1.6861370844234727,1.852619941710478,1.849615589512951,1.9224920553984572,1.9484103619910464
2020-10-21,1.7043235872265865,1.6954183118822141,1.8637913660052008,1.8606877858267676,1.9269617229821154,1.9529402879328417
2020-10-22,1.692257305794228,1.6834150780773167,1.848510057845278,1.8451848335399823,1.9143226752256841,1.940130845342358
2020-10-23,1.7000960527425324,1.691212866723757,1.8582689098333425,1.8549560449129419,1.9244984311179811,1.9504437869048183
2020-10-26,1.6736867740883306,1.664941579410992,1.8210871176662977,1.817887858643218,1.8897850754639884,1.915262438994535
2020-10-27,1.684035985460783,1.6752367150330336,1.8311407434488955,1.828021955792671,1.9000332208347896,1.9256487459629055
2020-10-28,1.6196333018256832,1.6111705423956109,1.7543843232800318,1.7513521491915163,1.8200329608062435,1.8445699528600275
2020-10-29,1.638053282446419,1.6294942766224676,1.780787959142531,1.7775886658677986,1.846761576488378,1.8716589135714627
2020-10-30,1.6069484910361638,1.598552011116431,1.7418979540020116,1.7385637004905032,1.8061103351916632,1.8304596277029672
2020-11-02,1.6107898504377725,1.6023732989990953,1.752706889359092,1.748919835656937,1.8203144851770992,1.8448552726353789
2020-11-03,1.6490954425210433,1.6404787402147223,1.7929570544893811,1.7894876728657838,1.863009639988323,1.888126027282923
2020-11-04,1.7099902679647556,1.701055383599765,1.8530100464634145,1.8461877126481983,1.924277501504333,1.9502198788021612
2020-11-05,1.7542411812953953,1.7450750811152849,1.8971939357506735,1.8920875779502855,1.9652328320403094,1.9917273535253932
2020-11-06,1.7587919927193294,1.7496021140566151,1.8980376042915386,1.8938061621695088,1.9664355090211063,1.992946244539758
2020-11-09,1.781398009117918,1.7720900115709863,1.9174492093388462,1.9169720379781332,2.003239550440114,2.030246464045258
2020-11-10,1.7540735236820766,1.744908299531155,1.9040485567482326,1.905484317035744,1.988549102935969,2.0153579655159732
2020-11-11,1.777725170991715,1.7684363644218097,1.9229549220227249,1.923313985796786,2.001335017940366,2.0283162553628156
2020-11-12,1.7708905795045706,1.7616374844154639,1.916395481633363,1.9173195116260935,1.99397661462884,2.0208586488569122
2020-11-13,1.7896639127290634,1.7803127249404551,1.9323448094991973,1.934222490520738,2.010256417343099,2.0373579296786772
2020-11-16,1.8165290636138682,1.8070375025020307,1.9583070529046303,1.965572804001706,2.035815032307909,2.0632611161681815
2020-11-17,1.8156373271509916,1.8061504254587595,1.9560721715312308,1.962497731196129,2.0341698260350776,2.061593729850201
2020-11-18,1.7971359962352105,1.7877457660009555,1.9381077191815153,1.9443445756863786,2.0173129126345732,2.0445095579554455
2020-11-19,1.804979700892592,1.7955484864519242,1.9437717383915218,1.9502055108554628,2.0202740534550974,2.0475106197501214
2020-11-20,1.791536453446468,1.7821754814297899,1.9279221504627422,1.9343367729945085,2.002446285620485,2.0294425047310813
2020-11-23,1.801198836414297,1.7917873774000463,1.9359296938824064,1.9455160800791071,2.014690813183927,2.0418521083574275
2020-11-24,1.8271975575201853,1.8176502523721463,1.9647256653447116,1.9739435892127342,2.048056198380533,2.075667312985369
2020-11-25,1.8221327140313606,1.8126118732391412,1.9543505141864657,1.961982178498563,2.0327303050912633,2.0601348018326022
2020-11-26,1.8144408479742138,1.8049601980152752,1.9461005100742075,1.9536999584345085,2.02414943218521,2.0514382448621147
2020-11-27,1.820728899627082,1.811215393917177,1.9523817276996618,1.9598684244413815,2.0282396281524755,2.055583583295538
2020-11-30,1.8330348531458518,1.8234570474959118,1.960098977639137,1.9672857108143138,2.0296896717897344,2.057053175869531
2020-12-01,1.8581750045723093,1.8484658389081492,1.9924128034006954,1.9997180157171128,2.063672854442562,2.0913874384863647
2020-12-02,1.887812045924444,1.8779480235091104,2.0359279731813134,2.0433927345398217,2.1120789469835146,2.140449145126352
2020-12-03,1.898334461939642,1.888415458760902,2.0486913861722793,2.0562029447816497,2.127050040572583,2.155677319649581
2020-12-04,1.9180416876204511,1.9080197120529685,2.074246528386038,2.0818517853190337,2.1584390994675733,2.1874684769926214
2020-12-07,1.9167477557098085,1.9067325410767124,2.07272730420401,2.080326990878078,2.156769915436571,2.1857252312163715
2020-12-08,1.9080769468210372,1.8981070381035594,2.0632692154308168,2.0708342238763184,2.15001881383059,2.1790238065682583
2020-12-09,1.8948490790222463,1.8849482873467625,2.0491654938242236,2.0566787907566226,2.135493001436262,2.1642781152308674
2020-12-10,1.8974214994042382,1.8875072665536312,2.052271618809415,2.0597963043970466,2.1418642451049004,2.170778135908601
2020-12-11,1.8916385752484255,1.881754558802906,2.0451299321032845,2.052628432586305,2.133010883821884,2.1617831037699786
2020-12-14,1.8881368219583543,1.8782711025530663,2.036436277977057,2.0439029030429507,2.12597733374326,2.1546819189713795
2020-12-15,1.9133871286145228,1.9033894736220043,2.0678480407228683,2.075429837502023,2.1623464750449584,2.1915077127396905
2020-12-16,1.9246628665640442,1.9146062946194249,2.075504149017784,2.0831140170362503,2.1704538229681405,2.199698169419171
2020-12-17,1.9319469241102083,1.9218522921759555,2.0761441228557014,2.0837563373481287,2.1709961412510697,2.200297677615181
2020-12-18,1.9223102252715132,1.912265946132477,2.0591391519558897,2.066689017459872,2.1525198398650742,2.1814938555737577
2020-12-21,1.9305515369614945,1.9204641960762228,2.074316692848474,2.081922207040556,2.17400312513841,2.203266210683239
2020-12-22,1.919919419578971,1.909887632658629,2.0565989118079,2.064139463482146,2.153872892287953,2.182818870512662
2020-12-23,1.9380843016219924,1.9279576012254593,2.0851813047199177,2.092826654179229,2.185910571094536,2.21531357578159
2020-12-24,1.941645285787031,1.9314999788625353,2.0865194074813,2.0941696631150526,2.187046073096266,2.2164807833076767
2020-12-25,1.945444336078897,1.9352791787051353,2.0906019205036324,2.098267144734436,2.1913252779969454,2.220817580573568
2020-12-28,1.9709722869583528,1.9606737432762182,2.121516989816221,2.1292955646261413,2.2172985889630543,2.2470571660296903
2020-12-29,1.9672744033486085,1.9569951815088706,2.1192213369736708,2.1269914947369877,2.2128508580656163,2.242514143458098
2020-12-30,1.9763662317307227,1.966039504102916,2.131038677343255,2.1388521635675555,2.2288652964124682,2.2588156350681117
2020-12-31,1.9982838315789577,1.987842582117964,2.1560619741785794,2.1639672087072106,2.256709860285127,2.286905447202036
2021-01-04,1.983771049914228,1.9734056313093618,2.1405754668215,2.148423919831718,2.24013042327921,2.2697542527554897
2021-01-05,2.02222959917316,2.011663230482835,2.1919469032845496,2.19998371045999,2.2991919217022754,2.3306536469682317
2021-01-06,2.060485596037353,2.0497193356197685,2.243071282401105,2.2512955379021906,2.366105506931541,2.398926384198899
2021-01-07,2.1162547393648623,2.1051970791328407,2.3046066795947633,2.3130565555800717,2.4278079026437767,2.46151512053987
2021-01-08,2.1326246471740666,2.121481452400658,2.3233089413130674,2.331827389429822,2.4419186662093737,2.475983555685141
2021-01-11,2.10783501715859,2.0968213508870646,2.301175412961497,2.309612708154699,2.425504511614972,2.458482693978179
2021-01-12,2.115115581414209,2.1040638734058636,2.315843724261879,2.324334801045015,2.446024990206019,2.479463754000662
2021-01-13,2.1349350071188105,2.1237797404644474,2.3396929778052824,2.3482714982448867,2.4663960960813993,2.500216753265566
2021-01-14,2.151497496108173,2.140255688654898,2.369354332159578,2.3780416064130416,2.506164278919528,2.541234171334635
2021-01-15,2.0995361586245314,2.088565854787722,2.296997270114776,2.3054192460826997,2.421592233422611,2.452611741626354
2021-01-18,2.098979443674035,2.088012048733142,2.2963881961932486,2.304807938982232,2.4209501217853266,2.451961404827573
2021-01-19,2.1321414376271925,2.1210007676760028,2.338393333295786,2.3469670885687237,2.46171793045797,2.4946968949402946
2021-01-20,2.14366848714101,2.132467587107579,2.338358691439195,2.3469323196972303,2.4547230474467745,2.4880613211369
2021-01-21,2.1233960037447184,2.112301029632819,2.305811754501437,2.3142660489125033,2.4131916717222834,2.4461631332084326
2021-01-22,2.122045706423984,2.1109577877618393,2.3017312821817755,2.310170615478059,2.40214169453556,2.435175514139037
2021-01-25,2.120316499426023,2.109237616057739,2.2938306671026893,2.3022410326717604,2.3964925049993315,2.430735245793044
2021-01-26,2.1057812351698675,2.0947783001316873,2.2715559504519853,2.279884645428424,2.374155586209595,2.4069848654270753
2021-01-27,2.0345716250397046,2.023940767927414,2.184969797043475,2.192981022551121,2.287973726274073,2.3194630397177165
2021-01-28,2.071703755575776,2.060878879059524,2.236246854684694,2.2444460883161543,2.3385285667391744,2.3709684937087268
2021-01-29,2.035392274970828,2.024757129873759,2.197687364593784,2.205745219259276,2.29667536883497,2.328094611887732
2021-02-01,2.068408608972426,2.0576009499540855,2.236196423878669,2.244395472604799,2.3344993089837223,2.3664359954613903
2021-02-02,2.1144185508348428,2.1033704848867716,2.2938259921710005,2.30223634059935,2.396954308501366,2.429745399060823
2021-02-03,2.1318674678447307,2.120728229415329,2.3134954586643097,2.321977925495348,2.419608836002944,2.4527098476402625
2021-02-04,2.163540973452684,2.1522362375258104,2.346935783888986,2.3555408601889387,2.4372926379408257,2.470635569563317
2021-02-05,2.1699903478503053,2.1586519132436504,2.3534178816822298,2.3620467246938572,2.4424658482955697,2.4758795510665235
2021-02-08,2.236953707829298,2.2252653824137116,2.435750448726332,2.4446811653666285,2.5263075216955078,2.5608682049889118
2021-02-09,2.2293131724598374,2.2176647696691303,2.4238720405263385,2.4327592047995115,2.5122053784703895,2.546573139998899
2021-02-10,2.2133683613627304,2.201803271937047,2.402909703378852,2.411720008919121,2.493247918412796,2.527356335911552
2021-02-11,2.22758652995166,2.2159471490550793,2.421381278736885,2.4302593105934926,2.5080981451740563,2.5424097184563106
2021-02-12,2.2486939234964876,2.236944254182417,2.4470127986229104,2.4559848088430503,2.530429759731471,2.565046836540713
2021-02-15,2.249735807476432,2.2379806942057163,2.4481465693895608,2.4571227365977273,2.5316021799534902,2.5662352958409644
2021-02-16,2.266436181256088,2.254593806723496,2.471289481990085,2.4803505030447344,2.5587465067330513,2.5937509655678763
2021-02-17,2.2723114653483965,2.260438391820047,2.4792334632097,2.488323610994178,2.5753861777392157,2.6106182725189067
2021-02-18,2.257268360579245,2.245473888902687,2.461416996065403,2.4704418194979265,2.557385103329595,2.592370937736684
2021-02-19,2.285001977638339,2.2730625948087164,2.5016467495149413,2.510819075959814,2.610759804122966,2.646475821262797
2021-02-22,2.247687813032531,2.235943400754604,2.456594745032386,2.465601887607006,2.5695699602369255,2.6047224873276598
2021-02-23,2.2389209335006437,2.2272223291178435,2.4494306611724976,2.458411536522999,2.5693383972610997,2.604487756497327
2021-02-24,2.296050564926331,2.2840534520314186,2.5244576164271084,2.5337135792678205,2.660576517879599,2.696974043367895
2021-02-25,2.2233602502665444,2.2117429521390704,2.4345582412748588,2.4434845866680925,2.561656908972287,2.59670118302719
2021-02-26,2.2030864329795308,2.1915750677433095,2.413963183258269,2.4228140165531973,2.5327173434725956,2.5673657151485205
2021-03-01,2.2777708571620034,2.2655916420613917,2.506059543626779,2.5152480496494216,2.6324186677079577,2.668430984929402
2021-03-02,2.249939601031153,2.2382170685812595,2.4708413645154703,2.4799007425404587,2.5941608272149885,2.6296497651180357
2021-03-03,2.2265807844775565,2.214470702420189,2.454452187692114,2.4634514745471496,2.5894602802990088,2.6248849132384384
2021-03-04,2.1897486343940566,2.17701707297025,2.413534473771239,2.4223837351962123,2.5376650679449937,2.572381126051428
2021-03-05,2.226466062846367,2.2133724941758275,2.4510878602326116,2.4600748117290556,2.5773225159981323,2.6125811004956008
2021-03-08,2.2145775268758436,2.2020012276823295,2.4385294996114335,2.4474704056846965,2.5861077209827794,2.621486489853898
2021-03-09,2.2659777517004875,2.2536135712782226,2.4990233509412088,2.5081860586546956,2.631960356770624,2.6679664041539675
2021-03-10,2.28392349161348,2.271474424630171,2.5223652546973523,2.5316135458614752,2.6632293967676586,2.6996632144754558
2021-03-11,2.3214311038148057,2.309296059122014,2.5635541546844207,2.5729534655865063,2.695129639698863,2.7319998627862345
2021-03-12,2.318745151731237,2.306410183864728,2.5635684379964365,2.5729678012685055,2.708964204592961,2.746023688889311
2021-03-15,2.3152368351767305,2.303015032220061,2.5588485250251547,2.5682305826634155,2.6996830320071754,2.736615546936742
2021-03-16,2.314260690183783,2.3023946964400412,2.551373093539323,2.5607277423925834,2.688418058587715,2.7251964651297182
2021-03-17,2.3365913106083185,2.3240228631010758,2.5846234278125024,2.594099989529925,2.726413972603164,2.763712175226782
2021-03-18,2.28881909076902,2.2746427284287667,2.5318573156344537,2.541140409586606,2.68100152570324,2.7176784717373854
2021-03-19,2.283201008216995,2.2670561432236997,2.522898770106977,2.5321490174135888,2.6669389897547973,2.7034235558640756
2021-03-22,2.2824024083966887,2.2657261386664493,2.5129094226974398,2.5221230439074898,2.6530120740913032,2.6893061156039657
2021-03-23,2.2590151607803057,2.2423800496045887,2.473784949984071,2.482855120710642,2.5997179982848837,2.6352829600400183
2021-03-24,2.230985797250491,2.215519640774499,2.43895051970451,2.447892969454445,2.563365877668101,2.5984335309535065
2021-03-25,2.2397824989577733,2.2232179079640884,2.4608961719306515,2.469919085753423,2.590884514104173,2.6263286310110363
2021-03-26,2.2801683566021715,2.262528058810961,2.503583912129413,2.5127633412109325,2.651276669240421,2.6875469698676517
2021-03-29,2.2701979066882347,2.251758306663898,2.4843052255735207,2.4934139690530253,2.620705959107861,2.656558042783327
2021-03-30,2.2815357054582437,2.2626882438950333,2.5060011747771576,2.5151894667895096,2.6434134008894055,2.6795761295267675
2021-03-31,2.293158913267486,2.2741921383220345,2.5179773610371385,2.5272095639213843,2.6489878888204554,2.685226878210024
2021-04-01,2.3243533874416817,2.3051286022171427,2.5598004020256013,2.569185949735586,2.6942994051108275,2.731158270327312
2021-04-02,2.3249207585021168,2.305691280537292,2.5604252453374863,2.5698130840451245,2.6949570794209676,2.7318249418293408
2021-04-05,2.357621460548449,2.3381215142559904,2.5964585886499516,2.6059785441673777,2.730557586935678,2.767912475509605
2021-04-06,2.3452387224781717,2.325841194123183,2.5830385716618025,2.5925093224796703,2.7170020229268737,2.7541714671118886
2021-04-07,2.3507423169855346,2.3312992682621982,2.589721454137824,2.599216707847507,2.728707106249736,2.7660366796645346
2021-04-08,2.3615038910191055,2.341971833046749,2.602023966616186,2.611564327677882,2.7393592302139624,2.7768345280425843
2021-04-09,2.3772724535329033,2.357609973384097,2.6160612847145592,2.6256531138198684,2.753255039774698,2.790920436658645
2021-04-12,2.371036135246105,2.351425235842423,2.603578835797937,2.6131248978115025,2.7370119692944552,2.774455155853747
2021-04-13,2.3665689221874198,2.346994971215103,2.5963046168665955,2.6058240078440997,2.7301292926868963,2.7674783220604984
2021-04-14,2.37069689748464,2.3510888039249997,2.6035336205156634,2.613079516746698,2.743851357636933,2.7813881091848063
2021-04-15,2.3838370776151843,2.3641203012957765,2.609489465600297,2.619057199029322,2.748708856112842,2.7863120597711597
2021-04-16,2.3954221804984033,2.3756095835021838,2.62131960894766,2.630930717779984,2.75448255833849,2.792164748063364
2021-04-19,2.372324344643223,2.3527027904272737,2.5950280084141433,2.6045427186870396,2.7272798773734475,2.7645899258473112
2021-04-20,2.3437412409868053,2.3243560983388276,2.547615826351384,2.556956699126469,2.6735507680261494,2.7101257853465115
2021-04-21,2.360017952311652,2.3404981845756505,2.5665778238403982,2.575988221072144,2.6947127951810033,2.7315773157039898
2021-04-22,2.328034987661443,2.3087797518290527,2.527895457537375,2.537164025275624,2.6566218195617095,2.6929652435303746
2021-04-23,2.3515803281065204,2.332130348172161,2.554540569366925,2.5639068318192293,2.685682327741844,2.7224233086234886
2021-04-26,2.355143521796479,2.3356640705976495,2.5642499174107423,2.5736517793376095,2.69984330077033,2.73677800822713
2021-04-27,2.3629234530313306,2.3433796538259286,2.574737474786548,2.584177789504513,2.7121249939291943,2.7492277188201006
2021-04-28,2.360439242757453,2.340915990517597,2.578767389402412,2.588222479864558,2.7246545779826357,2.761928711533234
2021-04-29,2.3935909409329543,2.373793490165157,2.6187558044639734,2.628357513067561,2.7681892177330063,2.806058918879302
2021-04-30,2.3628597611677837,2.3433164887593843,2.5793321886988227,2.5887893500063126,2.723427383143525,2.760684728281859
2021-05-03,2.3716268941853715,2.3520111085996676,2.595582803412564,2.605099547849891,2.746454302656223,2.7840266633125283
2021-05-04,2.3585030651000465,2.3389958270342017,2.5927888380323245,2.6022953383524308,2.742793077470676,2.780315351412273
2021-05-05,2.3653040007803323,2.3457405120047246,2.6044610136795447,2.614010310211937,2.760744550241053,2.798512405989195
2021-05-06,2.394184721737854,2.374382359794104,2.6352561240961254,2.6449183313764886,2.7934001771744374,2.8316147721934315
2021-05-07,2.4147192363325476,2.39474703290303,2.6544991880573066,2.6642319503288907,2.813061830500332,2.85154540313499
2021-05-10,2.389702884197585,2.3699375916446535,2.637423996645053,2.6470941524635974,2.7994340301194227,2.837731170148824
2021-05-11,2.3604852050013294,2.340961572606594,2.5951410627390623,2.604656187527385,2.7509521744101524,2.788586067369965
2021-05-12,2.299274827528974,2.2802574677031084,2.5358035440896445,2.545101106949375,2.688844600352772,2.7256288421206043
2021-05-13,2.3255208108775998,2.3062863698645044,2.567094613291563,2.5765069053398104,2.7186070796213846,2.7557984814879757
2021-05-14,2.3614414347663524,2.341909893371223,2.6034854432195282,2.6130311628077605,2.7555935756008108,2.793290964392074
2021-05-17,2.366365996888016,2.3467937243159374,2.6141842439895804,2.623769190896078,2.7694662684063185,2.8073534400084075
2021-05-18,2.3460477390888514,2.326643519337156,2.5882320642321672,2.5977218570707543,2.7401931026773143,2.7776798081441183
2021-05-19,2.333694965477594,2.314392915826578,2.5719996951316313,2.5814299717382045,2.7237305758028745,2.760992068712367
2021-05-20,2.350479539955342,2.331038664667416,2.5807641914658785,2.590226603233629,2.7318826488894143,2.769255664728601
2021-05-21,2.3637605823866097,2.3442098592632887,2.597422358620644,2.6069458478155503,2.746165594429188,2.7837340054659347
2021-05-24,2.393144305151888,2.373350548519846,2.6211153591741074,2.6307257191214797,2.7717581681854084,2.809676693698978
2021-05-25,2.385459976800786,2.365729777441466,2.6120125816032718,2.6215895660760893,2.7609811970877773,2.7987522902393844
2021-05-26,2.3881837787205393,2.3684310507271547,2.6198414118698943,2.6294471008698004,2.773055240315388,2.8109915101845866
2021-05-27,2.3954080358562426,2.3755955558507096,2.635112383679709,2.644774063933614,2.7838069935673064,2.8218903508103885
2021-05-28,2.3988874926315797,2.379046233951701,2.6305139125307107,2.640158732419126,2.779491588368391,2.8175159095079576
2021-05-31,2.3988874926315797,2.379046233951701,2.6305139125307107,2.640158732419126,2.779491588368391,2.8175159095079576
2021-06-01,2.399583886190136,2.3797368676216504,2.631643949315379,2.6412929125011186,2.7824141484976046,2.8204784511810503
2021-06-02,2.4018776046506995,2.382011614679239,2.633362281936339,2.6430175454151725,2.7847191510083724,2.822814986852798
2021-06-03,2.390299833602833,2.370529603666383,2.6309511209697005,2.6405975438896094,2.783565098171942,2.8216451462097596
2021-06-04,2.4165826035837172,2.3965949881968793,2.661665844712789,2.671424883641689,2.8180171230658235,2.8565684856648925
2021-06-07,2.416421715771705,2.396435431092002,2.65925059836735,2.669000781758221,2.81362626498148,2.8521175592577754
2021-06-08,2.41096938575306,2.3910281974318313,2.6539498029815074,2.663680550924225,2.8086489434724915,2.8470721464214863
2021-06-09,2.4038781366525246,2.3839956002306466,2.6436999259863345,2.653393092596741,2.7961590017129065,2.8344113383212846
2021-06-10,2.4116602722732674,2.391713369612285,2.6540933845267802,2.6638246589134513,2.8022468490649226,2.840582469344218
2021-06-11,2.4139238417253903,2.393958217024634,2.6636594975133874,2.673425846201072,2.8124911557739254,2.850966921398429
2021-06-14,2.4117932490349276,2.3918452465198037,2.6662454993323523,2.6760213296356463,2.812795486329265,2.8512754152917035
2021-06-15,2.39749336189959,2.3776636341099873,2.6495783142137075,2.6592930340253407,2.800679208092945,2.838993382549559
2021-06-16,2.386014884326865,2.3662800953134573,2.6327264878151615,2.6423794201450286,2.7928371206840827,2.8310440129127934
2021-06-17,2.3513144037097917,2.3318666232427696,2.6168294673246404,2.6264241129833508,2.7772108488806277,2.8152039687850205
2021-06-18,2.329403320874983,2.3101367675242077,2.5888069878467252,2.5982988886516245,2.7404808247920798,2.7779714663881196
2021-06-21,2.3578216269158334,2.3383200250422997,2.6240047593301754,2.633625713307846,2.781551282142116,2.8196037805418106
2021-06-22,2.3682898252151783,2.3487016406106838,2.6414291943969403,2.6511140353349023,2.797811340023744,2.836086281141102
2021-06-23,2.3677980816996125,2.348213964318083,2.6389057673753675,2.648581356129181,2.793497030995526,2.831712951005329
2021-06-24,2.3827491059580472,2.363041328279499,2.6632953295452038,2.6730603430054076,2.8161355470782667,2.854661169124678
2021-06-25,2.394638970732272,2.374832851683657,2.6793144989474924,2.689138246939725,2.8340525229641367,2.872823254888838
2021-06-28,2.401748044810162,2.381883126431362,2.688925638387657,2.6987846257710904,2.842889877884943,2.881781507610861
2021-06-29,2.387321194868504,2.367575601327782,2.675458895230633,2.685268506592288,2.832249691371853,2.870995759992046
2021-06-30,2.397517509227364,2.3776875817145835,2.6842337070017814,2.694075491346322,2.838124913515456,2.876951357026686
2021-07-01,2.403366915623988,2.383488607524041,2.6903412823171373,2.700205460180903,2.842634521652805,2.881497205773505
2021-07-02,2.4284496239497444,2.408363856139489,2.724161424863392,2.734149604802153,2.877604350367739,2.9178531234930167
2021-07-05,2.4284496239497444,2.408363856139489,2.724161424863392,2.734149604802153,2.877604350367739,2.9178531234930167
2021-07-06,2.430983697612475,2.4108769704153326,2.7292535729404284,2.7392604233187616,2.8773700875300707,2.919505914386262
2021-07-07,2.429117702078129,2.4090264085769006,2.7259481888855963,2.735942920022241,2.869674677610593,2.913168373036298
2021-07-08,2.404752215757436,2.384862449805305,2.701004566952179,2.710907841913752,2.8388223555740506,2.881641845415377
2021-07-09,2.4305805447121136,2.4104771520027324,2.725545008697384,2.735538261567641,2.865780889740964,2.908788014696517
2021-07-12,2.438148754840464,2.4179827652750974,2.7347737134067955,2.744800803465407,2.876066205963266,2.919087098257867
2021-07-13,2.4357268652643858,2.415580907208509,2.7325401322046314,2.742559032803267,2.8720874938330234,2.9156015995565054
2021-07-14,2.4372845623770716,2.417125720569267,2.7366417651173087,2.7466757044163685,2.877976282633286,2.923602321086048
2021-07-15,2.4188255283442235,2.3988193616703515,2.7071757012766495,2.7171016027975363,2.8393890787934826,2.88463353127144
2021-07-16,2.395500771241268,2.375687524219004,2.6810466334996104,2.6908767323899307,2.8130617979830754,2.858473798336015
2021-07-19,2.3641577026803797,2.3446036949651066,2.6516378906876623,2.6613601619682465,2.790925878188093,2.8362999630924044
2021-07-20,2.3938206304132947,2.374021279878002,2.6849745531664952,2.6948190538349412,2.8255056231820923,2.8720777208205863
2021-07-21,2.4244243028095736,2.404371828531531,2.723530603816751,2.7335164708404016,2.8721047472219148,2.917838973768183
2021-07-22,2.437510676520967,2.417349964517401,2.7455240826851783,2.755590589138787,2.897680549754273,2.944735504400593
2021-07-23,2.4582442778928217,2.437912077751755,2.7713872802616963,2.7815486145286745,2.927676486642707,2.9758019368856847
2021-07-26,2.4646148712226785,2.4442299797442355,2.775576123168515,2.785752815892707,2.931094375799092,2.9782788715896515
2021-07-27,2.4450189767948816,2.4247961634512407,2.7470379856120566,2.757110042814128,2.8991773267805994,2.945678992184689
2021-07-28,2.4589921698663755,2.4386537838920184,2.773171007137253,2.783338881466369,2.9391144699123397,2.985420300377899
2021-07-29,2.467988111080628,2.4475753194506287,2.7820347905288276,2.7922351640566494,2.947817364089004,2.993918242423882
2021-07-30,2.4438990760820376,2.4236855254653094,2.7583081045971363,2.7684214838645334,2.929713621881913,2.976635034653427
2021-08-02,2.4343015481722396,2.4141673789498155,2.749842452829502,2.7599247926539414,2.931101429363365,2.9780450688423628
2021-08-03,2.457157650951974,2.436834438329615,2.790866698397722,2.8010994542521543,2.984531798813739,3.03233116303006
2021-08-04,2.4847959695381685,2.46424415968887,2.830196560572171,2.8405735199737134,3.0363332231043576,3.0849622233619414
2021-08-05,2.4946970647055524,2.474063362649541,2.8404253472322534,2.8508398106380684,3.0395219125457573,3.088201981894996
2021-08-06,2.4801328880127693,2.459619646627847,2.8284535162751925,2.8388240847778996,3.023733649427798,3.072160858700485
2021-08-09,2.494794771994404,2.4741602617989553,2.860776803451779,2.8712658857861504,3.069660538607596,3.1188232991329454
2021-08-10,2.469408328494932,2.448983790211043,2.824299248109435,2.83465458492375,3.027321301337449,3.075805969364765
2021-08-11,2.446736513480639,2.426499494347953,2.788719344818667,2.798944227368037,2.9811999693679145,3.0289459720052925
2021-08-12,2.458134671537614,2.4378033779534656,2.8075556217129196,2.8178495677624475,3.010879124023945,3.059100459081504
2021-08-13,2.478733246604328,2.4582315816886373,2.8298791707810786,2.8402549664680508,3.0384342032787295,3.087096852203285
2021-08-16,2.4763031072333614,2.45582154206142,2.8212888505593487,2.831633149704551,3.0182704380184773,3.0666101501393337
2021-08-17,2.470089103462267,2.449658934471528,2.810988325516067,2.821294857627107,3.011964610623154,3.0602033305078162
2021-08-18,2.4461303657257027,2.425898360056311,2.7769057271378927,2.7870872948755756,2.974463738901975,3.0221018560969477
2021-08-19,2.4563228540105397,2.4360065460146414,2.784702596431903,2.794912751511275,2.9818967903286318,3.0296539530410698
2021-08-20,2.484445642712785,2.4638967304254558,2.8266506016784843,2.837014559766977,3.034966062725258,3.0835731669531423
2021-08-23,2.5347397491789416,2.5137748530743056,2.8922343901744565,2.9028388122364075,3.1155260090109285,3.1654233371242766
2021-08-24,2.527553159265261,2.5066477036262347,2.8817066716222963,2.8922724936415762,3.100318594820378,3.149972365559008
2021-08-25,2.5241574014398136,2.503280032199019,2.8851460011664307,2.8957244335406043,3.1101718269432514,3.159983404085933
2021-08-26,2.51449863110977,2.4937011498008754,2.8731215171937396,2.8836558616117105,3.1021254213580653,3.151808129687437
2021-08-27,2.5381732990248542,2.51718000394324,2.8986733123981154,2.9093013428678494,3.128682039757609,3.1787900709050327
2021-08-30,2.548993560656791,2.527910770919555,2.915011781641488,2.92569971736105,3.1406300790870727,3.190929466441124
2021-08-31,2.5439466212074735,2.522905574833136,2.909648030133583,2.9203162995753984,3.136571876066366,3.186806268460629
2021-09-01,2.5601299044263937,2.5389550057102412,2.9313599606285967,2.942107837198912,3.1590924771047804,3.209687552676161
2021-09-02,2.5576887813287406,2.536534073203018,2.927900905850149,2.938636099742694,3.1583713452885376,3.208954871429503
2021-09-03,2.5784277857461366,2.5571015447941865,2.957066495526377,2.9679086255039318,3.1896207500869957,3.240704757302446
2021-09-06,2.58514932718041,2.5637674921905003,2.9647750864295075,2.9756454800746672,3.197935572068765,3.249152746973854
2021-09-07,2.5837973230288487,2.56242667049922,2.973281050668383,2.9841826315627986,3.207687212573894,3.259060566822221
2021-09-08,2.561689913130357,2.540502111543045,2.9420501320460035,2.9528372042949305,3.1771797288020474,3.2280644843600497
2021-09-09,2.5614282100988226,2.540242573063855,2.9515021862816795,2.9623239146334477,3.1925775134415084,3.2437088752901184
2021-09-10,2.5354237184180053,2.5144531651866195,2.9147363076840636,2.9254232333741066,3.1506751933229404,3.201135460207291
2021-09-13,2.5177338335538506,2.4969095938043147,2.8902285438396635,2.90082561143505,3.127471345515841,3.1775599865481925
2021-09-14,2.5228246646195966,2.5019583184784997,2.90207181754597,2.9127123086873197,3.1426715027640943,3.1930035849461578
2021-09-15,2.5433167137263593,2.52228087733261,2.9342739127586133,2.94503247337942,3.1815707411121448,3.2325258218034802
2021-09-16,2.5488718222111415,2.527790039375643,2.94150663829277,2.9522917178134565,3.184958630146354,3.2359679702501496
2021-09-17,2.514745095664049,2.4939455758406357,2.9011545373181287,2.911791665237356,3.1363214054497948,3.1865517863819486
2021-09-20,2.4552761598612824,2.4349685090989692,2.827791337996953,2.838159478612779,3.0537231342765083,3.102630646124467
2021-09-21,2.4646622651710355,2.4442769816960492,2.8435132319917935,2.853939017174775,3.0762647440772968,3.1255332755723964
2021-09-22,2.488089342668609,2.467510293247463,2.8758128582644056,2.8863570705259813,3.1109672822838976,3.1607915992002242
2021-09-23,2.5261903925397395,2.505296208378514,2.927143934344573,2.9378763527894023,3.149320462636605,3.1997590325614813
2021-09-24,2.5170984727299053,2.4962794880656967,2.9147702188365616,2.9254572688623695,3.1268832352132234,3.1769624572477406
2021-09-27,2.4933291489397797,2.472706760949413,2.883509947179672,2.894082380936637,3.0960555165456505,3.1456410111040065
2021-09-28,2.417183860495629,2.3971912720977495,2.782810246826839,2.7930134635771595,2.9824886812153553,3.0302553234743304
2021-09-29,2.411062981215969,2.391121018764288,2.774528293138722,2.78470114397793,2.9726333278863417,3.020242129768665
2021-09-30,2.4121565430779603,2.3922055357486616,2.78218999943725,2.792390942040937,2.97808927827639,3.025785461020242
2021-10-01,2.4173004694547537,2.397306916581245,2.787232919272531,2.797452351819686,2.97479160254954,3.022434970710147
2021-10-04,2.3855969296331834,2.3658655975335128,2.755897659916448,2.7660022012512018,2.940667468665381,2.987764314954536
2021-10-05,2.4319613251651866,2.4118465119860097,2.8083217512394545,2.818618506314726,2.998007526099873,3.0460227135139526
2021-10-06,2.4428607755768588,2.422655812769677,2.8160031928703115,2.8263281120699624,3.0009885160949406,3.0490514461487725
2021-10-07,2.4596747640246814,2.4393307322969027,2.8353756829552736,2.8457716316890287,3.0201669471256296,3.068537033166306
2021-10-08,2.4538673630920513,2.4335713645231913,2.828478216846904,2.838848875914642,3.0129207915916543,3.061174825383307
2021-10-11,2.4509737541415095,2.430701688684929,2.8249092554161743,2.835266828831701,3.006158263464018,3.05430399063782
2021-10-12,2.4433420312407814,2.423133087955921,2.8202939613855325,2.830634612754211,3.003432103782864,3.051534169602627
2021-10-13,2.458814655072572,2.4384777373275313,2.8432433315134484,2.853668127102151,3.0314975164542517,3.080049069487618
2021-10-14,2.5033415314343284,2.4826363307769723,2.894172664769835,2.9047841935455216,3.090926597775286,3.1404299491122374
2021-10-15,2.5405575686845148,2.519544553248687,2.939021080313803,2.94979704649776,3.130429154207166,3.1805651666144783
2021-10-18,2.57287490032438,2.5515945874271746,2.9822166372755605,2.993150980636265,3.1773858283200798,3.228273884706016
2021-10-19,2.5907970959428703,2.569368548115736,2.9989804952305836,3.0099763035353977,3.191837931634339,3.242957448563026
2021-10-20,2.590469431874487,2.569043594165089,2.9964037830641717,3.0073901438140305,3.188434924901075,3.239499940296778
2021-10-21,2.60760963043873,2.586042025716672,3.021897522463457,3.032977356402569,3.215360824479406,3.2668570769895235
2021-10-22,2.6048223212419397,2.583277770424228,3.0148424648134937,3.0258964312747665,3.206144503940846,3.2574931506314067
2021-10-25,2.6503008258671175,2.628380121195832,3.078088280330615,3.0893741385513023,3.285112462630268,3.3377258364114613
2021-10-26,2.657683162013658,2.635701397854758,3.0763040760599814,3.0875833924681544,3.2844187667818243,3.337021030538816
2021-10-27,2.663586857829876,2.6415562640546573,3.092007464193272,3.1033443573165673,3.293658263073817,3.3464085038262654
2021-10-28,2.6987238173716905,2.676402604921926,3.129964100104323,3.1414401618194203,3.3379927099020077,3.391452997829062
2021-10-29,2.71662774139254,2.6941584451376888,3.1567705226081513,3.1683448704853783,3.366573046967198,3.420491068982174
2021-11-01,2.722772621932342,2.7002373440255,3.168852189570746,3.1804708350664903,3.393650446738464,3.4497774937095493
2021-11-02,2.7323028567901573,2.709689355811675,3.1727686979439773,3.1844017033781618,3.396477112539896,3.4524052163754875
2021-11-03,2.7564369003577402,2.733640509416841,3.1962329593740453,3.207951996885164,3.4192344497954448,3.4756790230439796
2021-11-04,2.7860468756592094,2.7630238921967867,3.217072518427006,3.2288679645032565,3.4506009195507064,3.505981717857567
2021-11-05,2.771213343741161,2.748304426447809,3.2014107652020103,3.2131487872181745,3.4300803746994166,3.4850224633340803
2021-11-08,2.8122445140312986,2.7890061156277035,3.23290405791811,3.244757550578429,3.461258158652991,3.5162271742459574
2021-11-09,2.7868723927598302,2.7638431045890544,3.1953378030799997,3.20705355848675,3.415315349882295,3.4678454259378912
2021-11-10,2.747177213536475,2.7244574230825283,3.1666072877479667,3.1782177022765112,3.3845528789180888,3.438002465186815
2021-11-11,2.7637796183494556,2.7409165165997096,3.182456022172278,3.1941245463303662,3.406371938696034,3.4608944059945994
2021-11-12,2.7796064577988355,2.756635791125026,3.193844210999704,3.205554490128025,3.4134640499269544,3.468379082693053
2021-11-15,2.767293011747466,2.7444318085206234,3.1787919102345765,3.190446999869668,3.3984385703579734,3.454592260113115
2021-11-16,2.784598980995894,2.7616311399747793,3.199532371936714,3.2112635067949706,3.433641306436136,3.4895530427548604
2021-11-17,2.7789465783025538,2.756032274036992,3.194520950231444,3.206233710634614,3.429397281879841,3.4845738927038323
2021-11-18,2.7922399427588047,2.7692090323333876,3.2065409629676824,3.218297794933198,3.443721500657147,3.499131924991588
2021-11-19,2.790264614184139,2.767276962945803,3.197784036439925,3.209508760999076,3.443933771233293,3.4993051780142643
2021-11-22,2.7776756949415873,2.7547588244451244,3.1923208063600925,3.2040254999017717,3.437136708805157,3.495114556033032
2021-11-23,2.782334526296051,2.759362435031219,3.204924232034819,3.21667513623139,3.44310166184501,3.5011165088752696
2021-11-24,2.798101608595942,2.7749991183727074,3.214565769007163,3.226352024047959,3.4549026480738765,3.512485436805353
2021-11-25,2.8005731814525903,2.7774502847196056,3.217405206101292,3.2292018719820477,3.4579543755669415,3.515588027375442
2021-11-26,2.72528199993592,2.7027823709234187,3.122948739744167,3.1343990795321686,3.362020643148851,3.4155770947854656
2021-11-29,2.780992717115357,2.7580785268590278,3.183838757753449,3.1955123517329196,3.426141850198314,3.4798240331332164
2021-11-30,2.721929798485169,2.6994922850495353,3.116659839033811,3.1280871204702265,3.355347049690333,3.4071214710287134
2021-12-01,2.6621499687558203,2.6402052346466336,3.0367641249407704,3.0478984675074803,3.290545497487507,3.341320003521318
2021-12-02,2.687916412430769,2.665759279410168,3.0624658554104145,3.073694433768853,3.309679823063146,3.360749579817586
2021-12-03,2.629631750744963,2.6079550720257165,2.997685734734926,3.0086767957803833,3.2329728888683964,3.2828590252486216
2021-12-06,2.6446056193718737,2.622805507499176,3.0042734507456847,3.0152886657536424,3.2342010977189295,3.2841061858801712
2021-12-07,2.723430345734608,2.700980462931812,3.0973818474887937,3.108738445871463,3.3371125204289958,3.3886055752837017
2021-12-08,2.7227909395151717,2.7003463274896187,3.096658327884973,3.1080122734718407,3.332387980188333,3.3838081333927987
2021-12-09,2.6865146243977636,2.6643690466486625,3.0472638179793177,3.058436657832721,3.2680556874878226,3.3184831662599237
2021-12-10,2.709400831080939,2.6870665968976315,3.071706838314212,3.0829692988791946,3.2905883718247186,3.3413635394276517
2021-12-13,2.6571012819481497,2.635198165362731,3.00392747014959,3.0149414166143487,3.2095874437117695,3.2591127328017455
2021-12-14,2.6343550727567875,2.6126394585730193,2.9814745149622213,2.9924061373200015,3.1921099542655,3.2413655583157097
2021-12-15,2.697949714546111,2.6757098746345607,3.057965457910623,3.069177535492121,3.2816450851030536,3.3322822540167243
2021-12-16,2.622847211458475,2.6012264593070196,2.966670665023751,2.977548008837087,3.1752283277775852,3.224223441205003
2021-12-17,2.593909758744882,2.572527544885052,2.938764971185979,2.9495399983418578,3.143890111693881,3.192401663218615
2021-12-20,2.5658909924928173,2.544739743974041,2.910189456576209,2.920859711166424,3.1176009685271007,3.1657068674755777
2021-12-21,2.6378189233342932,2.6160747558079986,3.0045747689417466,3.0155910887375246,3.2283301129753403,3.278144609363725
2021-12-22,2.668694413528425,2.6466957320075197,3.0432901454958072,3.054448415817677,3.2753527797154183,3.3258928557008454
2021-12-23,2.6956833570340977,2.673462199245487,3.0798532358576023,3.091145565314998,3.3225391580749086,3.373807339796772
2021-12-24,2.6956833570340977,2.673462199245487,3.0798532358576023,3.091145565314998,3.3225391580749086,3.373807339796772
2021-12-27,2.7389552625795996,2.7163774042020896,3.1400355910575195,3.1515485800497682,3.389420184816626,3.441720369012984
2021-12-28,2.7251255057997197,2.702661649390127,3.1206965241434133,3.1321386061481302,3.368548875419911,3.4205270065020645
2021-12-29,2.7242403801941597,2.701783820085037,3.1200255872363116,3.1314652092404964,3.3689593697371922,3.4209438349199397
2021-12-30,2.704354060641494,2.6820614281848765,3.092602293142563,3.103941367215402,3.333216228717924,3.384649162146822
2021-12-31,2.6927397635112555,2.6705428704627776,3.0808247681020795,3.0921206596974544,3.3200962034856745,3.371326689387004
2022-01-03,2.736983853669,2.714422246083099,3.145959934599444,3.1575539930744503,3.4056567582896724,3.4582074796684568
2022-01-04,2.717748472580213,2.6953454268065435,3.1128177930001373,3.124985934037075,3.3574945502669413,3.409302108445738
2022-01-05,2.663024359665531,2.6410724177445224,3.040650487693291,3.049661867564935,3.267954439433991,3.3183803559059304
2022-01-06,2.647456974480048,2.6256333582103673,3.0275466055707483,3.0366409946009187,3.2475530437337152,3.29766415805818
2022-01-07,2.623259562783252,2.601635411521946,2.9895099232287095,2.9977917146241384,3.188989232873203,3.238196682875163
2022-01-10,2.6271809324977857,2.6055244564551043,2.9957150383806446,3.004663678969514,3.19543662063003,3.244743556546659
2022-01-11,2.6515749581971284,2.6297173964101774,3.0241039709902022,3.0336272348619167,3.231063557091271,3.2809202316763613
2022-01-12,2.6698366625792223,2.6478285652282536,3.046298905272465,3.0567094126823,3.2581313273086705,3.3084056690140566
2022-01-13,2.6268514697127667,2.605197709510026,2.98499339302169,2.993572649960708,3.1773701156848193,3.2263982778039124
2022-01-14,2.6439081099936956,2.6221137478563716,3.0089533600131895,3.018031057980086,3.2053810354333527,3.2548414178681133
2022-01-17,2.6439081099936956,2.6221137478563716,3.0089533600131895,3.018031057980086,3.2053810354333527,3.2548414178681133
2022-01-18,2.5854856241680113,2.56417285244914,2.9334818519224513,2.941983270240408,3.1190271149629143,3.1671550199530647
2022-01-19,2.5539018309182726,2.5328494119042273,2.883300807761771,2.8909075246547395,3.0572031293309765,3.1043770641256794
2022-01-20,2.5113556302550792,2.490653929672326,2.8228715850663186,2.8305654922252437,2.988051043370107,3.0341579322879424
2022-01-21,2.465697539396107,2.445372209294202,2.7694124439930974,2.776308313151166,2.9297344477815526,2.9749414870127593
2022-01-24,2.4705463605024316,2.450181060417178,2.777579192250814,2.7846415868745287,2.941129464113792,2.986512333257059
2022-01-25,2.4289684171333494,2.408945853904676,2.7287710274999903,2.735371896924738,2.884629494662119,2.9291405454269737
2022-01-26,2.447082476711111,2.4269105949895904,2.7521833826709097,2.7600402560536095,2.9114537346767033,2.9563786947880164
2022-01-27,2.403367339145799,2.3835558116799276,2.6904521953137714,2.698029086522247,2.831601440892318,2.8752942464033033
2022-01-28,2.4683796522501753,2.4480322128553613,2.760365261520659,2.7690299403102796,2.9086427114562214,2.953524296292721
2022-01-31,2.5392147771335054,2.5182834269900884,2.855923638886223,2.8648020612630383,3.027601757180328,3.074318930307383
2022-02-01,2.5611133605960203,2.5400014952310372,2.885600555296115,2.8945712365117755,3.0646929832105214,3.1119824896122017
2022-02-02,2.597204253567277,2.5757948824046073,2.9320556004912897,2.941170699963419,3.1225781543683917,3.1707608533955742
2022-02-03,2.565753576530837,2.544603460764452,2.8962078706203074,2.905211527586468,3.0775319895748408,3.125019607264335
2022-02-04,2.5623730078409115,2.541250758904685,2.892921578983791,2.9019150196106005,3.071630746971061,3.1190273059961413
2022-02-07,2.564440265255584,2.543300975425782,2.8924963053945456,2.9014884239416787,3.0651155202474767,3.1124115465739997
2022-02-08,2.5877105174989006,2.566379405456178,2.920920349115691,2.9300008316030715,3.1002405859698836,3.148078606887525
2022-02-09,2.615173979000845,2.5936164791259375,2.954097972006837,2.9632815962398626,3.1406095238430685,3.1890704545126627
2022-02-10,2.5879804512682796,2.566647114097422,2.9221525053473796,2.9312368183305506,3.0977287030225633,3.1455279645260097
2022-02-11,2.5662952171775553,2.5451406365387492,2.8951246149617,2.9041249043303465,3.0599737636100075,3.107190450461172
2022-02-14,2.572184902752072,2.5509817720370354,2.894750366919499,2.903749492835391,3.048175652876465,3.095210289898783
2022-02-15,2.5988162137450708,2.5773935548120224,2.9348924258525693,2.944016344374782,3.1063975717316703,3.154330597538609
2022-02-16,2.604520080321888,2.5830504030627153,2.941393074164291,2.9505372017357208,3.1085503325033192,3.15651657631769
2022-02-17,2.585128055801291,2.5638182316033418,2.9061907168604657,2.915225408243652,3.049372846492308,3.09642595671748
2022-02-18,2.564853447119962,2.543710751333974,2.8854011694703385,2.8943712308402216,3.0229478584272234,3.0695932199320133
2022-02-21,2.564853447119962,2.543710751333974,2.8854011694703385,2.8943712308402216,3.0229478584272234,3.0695932199320133
2022-02-22,2.540194720542776,2.5192552924932263,2.867760008760713,2.876675227741286,2.9968598458022755,3.0431026582599694
2022-02-23,2.5117021697117363,2.490997612521987,2.829676894737309,2.8384737219068414,2.945894455778213,2.991350850754283
2022-02-24,2.5240307806077382,2.5032245957519206,2.8382269446661197,2.847050352012271,2.950887534499925,2.996420974788354
2022-02-25,2.5482848993617404,2.527278782047814,2.880293770918006,2.889247954537864,3.0203503015460615,3.0669555816516927
2022-02-28,2.545395347073214,2.524413049024697,2.8726288401535647,2.881559195232692,3.0051399027045784,3.0515104799354593
2022-03-01,2.5185365849271677,2.4977756900305077,2.8433312680268514,2.85127621358289,2.968195871304235,3.013996386535762
2022-03-02,2.5468743030657053,2.5258798136318816,2.869295886062691,2.8831493743205985,2.990274606623112,3.036415806060505
2022-03-03,2.535269526501824,2.514370697995851,2.860584009159936,2.8716992161151387,2.9793631362378368,3.025335967081209
2022-03-04,2.5083925727191,2.4877152973229624,2.8430123974348556,2.850032379371473,2.9641653427210897,3.009903665195185
2022-03-07,2.457167938680738,2.4369129201022126,2.7975347905376435,2.8024105677124345,2.911076064190335,2.9559951966865965
2022-03-08,2.474471356685405,2.4540737019249406,2.8170702231030753,2.823300563632305,2.9339865569023833,2.9792592079721825
2022-03-09,2.4767455945897714,2.4563291927464235,2.8151461998670637,2.821993527804185,2.9343272832571228,2.979605191878418
2022-03-10,2.477357316469502,2.4569358720574948,2.8206410986942125,2.825582687749515,2.9425332321394393,2.987937762015882
2022-03-11,2.4624779552887897,2.442179164982921,2.806635354876108,2.810559573275623,2.929172962639857,2.974371337918268
2022-03-14,2.4531198145373376,2.432898165607033,2.799960548469766,2.8027994435570407,2.9247581165244587,2.969888368863707
2022-03-15,2.4558853110908756,2.435640865516032,2.7990518045099915,2.8024356640426684,2.918111377630764,2.963139067983168
2022-03-16,2.470541358497926,2.450176099645388,2.810369663654763,2.8162280186234985,2.929912986683372,2.9751227808451772
2022-03-17,2.503089525977762,2.482455964854702,2.8496889461563146,2.8557145553968972,2.9711642073116225,3.01701052522072
2022-03-18,2.5020179310677273,2.4813932033558768,2.8486764547336896,2.853060302382435,2.975672875347754,3.021588763907872
2022-03-21,2.5006734593177944,2.480059814405717,2.8492012162986224,2.8534718191965305,2.9774572155739785,3.023400637256988
2022-03-22,2.51897365786049,2.4982091600678924,2.8649452447382213,2.869162992943061,2.998049042341819,3.0443102046041073
2022-03-23,2.4972782524428325,2.4766925950269485,2.8428092910659073,2.8448052111437794,2.975364921541723,3.021276058244614
2022-03-24,2.5297498655631556,2.5088965369325074,2.878982124746457,2.883010351060144,3.013344767851995,3.059841949615545
2022-03-25,2.541008634262397,2.520062496928857,2.893117101552671,2.8969385152333227,3.029869705420258,3.076621873945993
2022-03-28,2.5346926858223457,2.5137986123510196,2.883051166483438,2.8890128126515893,3.014480340948104,3.0609950450838834
2022-03-29,2.546520038912826,2.5255284697625062,2.894977433776734,2.901051078776942,3.027351331905053,3.0740646408644228
2022-03-30,2.5457384593595465,2.524753332955008,2.9003855367664384,2.9043396161851143,3.0339340794268748,3.0807489629592046
2022-03-31,2.5166343230238857,2.4958891089236346,2.8724384424948295,2.8772766178262525,3.0043858032156727,3.050744744373112
2022-04-01,2.5198226928177374,2.4990436774883986,2.878601597320323,2.883450153526469,3.010345052088576,3.056795946971645
2022-04-04,2.5305687382264592,2.509628765626028,2.8855271465376076,2.8903873677531577,3.0095296910368683,3.0559680045547375
2022-04-05,2.51645988826621,2.4956643701956467,2.874813332853149,2.879655508317606,3.0047490160438066,3.051113561728497
2022-04-06,2.5012115597631674,2.4806106266374517,2.8651671185478205,2.869993046466117,3.007623169256303,3.054032064338288
2022-04-07,2.5089337485236975,2.4882740381753488,2.8756197177504843,2.8804632514447146,3.022255267598965,3.0688899421348896
2022-04-08,2.5160014136169138,2.495397217809379,2.888084178141378,2.8929487062784647,3.043482278220889,3.0904444944910665
2022-04-11,2.4811798990478517,2.460991850353112,2.8465144213098883,2.851308931663804,3.0035526064691127,3.049898691049014
2022-04-12,2.4852644161230324,2.465015387589944,2.8521847879734152,2.8569888491771165,3.011347379621733,3.057813740841711
2022-04-13,2.5072068381750374,2.4867378240746736,2.877332297715551,2.8821787159840717,3.0343508218920534,3.0811721359364976
2022-04-14,2.4859475260662673,2.4655929163127395,2.8672691669945705,2.872098635486149,3.0293020398878223,3.076045449094734
2022-04-18,2.4935213662193902,2.473133628015851,2.872000210447571,2.876837647645243,3.032963531190839,3.079763438754148
2022-04-19,2.5042418435372324,2.4837543300619336,2.882832946479194,2.887688629734126,3.040752132351854,3.087672221318816
2022-04-20,2.508129494294071,2.48770208151357,2.8886153718643435,2.8934807947144905,3.0535419301062516,3.100659371051385
2022-04-21,2.4871052987446847,2.4668699520314306,2.867423225437317,2.872252953416301,3.03482388978851,3.081652503470256
2022-04-22,2.4348108055788846,2.415033034046267,2.8095673112853525,2.814299589984833,2.9794162870811625,3.0253899380644294
2022-04-25,2.4257082739028752,2.4059494399396613,2.7988536641030684,2.8035678973319467,2.9642096613456914,3.009948667674832
2022-04-26,2.4104644354764257,2.3908417254883427,2.7842733009943466,2.788962975871646,2.951330543340517,2.996870819442287
2022-04-27,2.40816179127738,2.388608114649991,2.7866301215991203,2.7913237661737758,2.958079784957356,3.003724204706266
2022-04-28,2.4296413760429223,2.409880774985241,2.8099872852771575,2.8147202713574426,2.978731822970428,3.024694912383541
2022-04-29,2.413611563506311,2.3939856706322096,2.7931303986934832,2.7978349919728385,2.963221267376061,3.0089450223690175
2022-05-02,2.3984771233873925,2.378974293770435,2.770691608557065,2.775358407188051,2.934366580853283,2.9796450958530296
2022-05-03,2.402263326388648,2.3827297098730758,2.7751753061173803,2.7798496568388162,2.9385284513292773,2.98387118574728
2022-05-04,2.423853489068165,2.4041443156293956,2.7983769819377398,2.8030904122697047,2.9594854889451514,3.0051515992999693
2022-05-05,2.398449609252094,2.378947003361887,2.7715599988037005,2.776228260102852,2.9395985706382866,2.9849578174489473
2022-05-06,2.3979545880017445,2.3784560072969385,2.770892349363399,2.775559486111017,2.940363512269025,2.985734562451945
2022-05-09,2.360488733704945,2.341294800547401,2.7264270795681558,2.731019321491836,2.902207598954537,2.9469898872886087
2022-05-10,2.3580267532266164,2.33885283926597,2.719553009087378,2.724133672709594,2.892989383270122,2.9376294306449826
2022-05-11,2.350669255279564,2.331555167625981,2.717223468674082,2.7218002085481685,2.901151605357093,2.9459175992641993
2022-05-12,2.3333180362034835,2.3143450371873477,2.6990450068735092,2.703591127958994,2.8829768415543877,2.9274623911840725
2022-05-13,2.343666873137548,2.3246097242241754,2.7104700616761286,2.715035426487603,2.888771893971526,2.93334686370622
2022-05-16,2.3417848141017488,2.322742968847663,2.7088271134086317,2.713389710929548,2.8951977867160488,2.9398719106882933
2022-05-17,2.3513681434719818,2.3322483729218626,2.715338360433174,2.7199119251359347,2.8934277856088233,2.9380745977168297
2022-05-18,2.321729858519783,2.3028510869001626,2.6845447771855393,2.6890664748917343,2.8641775450517164,2.9083730136007917
2022-05-19,2.325569661049822,2.3066596666956696,2.6902328005303326,2.694764078826254,2.8700747382216183,2.9143612029506327
2022-05-20,2.325000125163241,2.3060947618982275,2.6902297328085227,2.6947610059373437,2.8783217924564126,2.922735512713523
2022-05-23,2.3464828422406967,2.327402795729057,2.7149422768469877,2.719515174408615,2.904940707587172,2.9497651689411475
2022-05-24,2.3454049592355983,2.326333677355645,2.713774438980422,2.7183453695009887,2.9133601088759438,2.958314485145809
2022-05-25,2.3448470439733833,2.325780298691338,2.713164315276024,2.717734218138204,2.906759394482683,2.951611918943162
2022-05-26,2.3608713189410806,2.3416742748534376,2.7310504182805775,2.735650447498488,2.918273401909325,2.9633035923646993
2022-05-27,2.3818068173259865,2.3624395396121964,2.7536675941191326,2.758305718448357,2.934932082743979,2.9802193236766077
2022-05-30,2.3818068173259865,2.3624395396121964,2.7536675941191326,2.758305718448357,2.934932082743979,2.9802193236766077
2022-05-31,2.3733964625552058,2.3540975722838113,2.743279131454625,2.747899758035926,2.922458530070743,2.9675532988202775
2022-06-01,2.3666804129226535,2.347436133124886,2.73547039784864,2.7400778718378613,2.91726175280925,2.9622763330919706
2022-06-02,2.3831174486364537,2.363739513735726,2.7513244675299595,2.7559586452301974,2.931499511210254,2.976733786115157
2022-06-03,2.365012526978691,2.345781809326294,2.732099147020422,2.736700942662187,2.912310809480107,2.9572489946173635
2022-06-06,2.3643465250671083,2.3451212229017653,2.7329841699417647,2.737587456267713,2.915097159479714,2.96007833917364
2022-06-07,2.3767197175802663,2.3573938047970198,2.7504154198408717,2.7550480663983903,2.938282642868165,2.983621584357848
2022-06-08,2.3712219643256702,2.351940755635679,2.7494373243110704,2.7540683234205834,2.9397453955988535,2.985106907980628
2022-06-09,2.3478489139536802,2.3287577594503945,2.7179672819419487,2.72254527466215,2.902296889560042,2.9470805556858446
2022-06-10,2.3342623991814766,2.3152817212301846,2.7028419750276242,2.7073944915198176,2.885494206745353,2.9300186003825615
2022-06-13,2.2889086468750213,2.270296755640544,2.648833093879619,2.6532946408160782,2.8247833448062196,2.8683709442163905
2022-06-14,2.281038976441416,2.2624910761619175,2.6399408989549626,2.644387468372133,2.8173796360925296,2.860852993151988
2022-06-15,2.2930310600960615,2.2743856481238565,2.6531181258394834,2.6575868902458084,2.8326844200892496,2.876393936426245
2022-06-16,2.282944610992191,2.264381215352908,2.6407228659581334,2.645170752475154,2.813910385100435,2.8573302101526425
2022-06-17,2.276545513120492,2.258034150712759,2.6341395162534273,2.6385763141457,2.8088308957661527,2.852172342153774
2022-06-20,2.276545513120492,2.258034150712759,2.6341395162534273,2.6385763141457,2.8088308957661527,2.852172342153774
2022-06-21,2.2972289705776863,2.278549423973928,2.6620308797667653,2.666514656316039,2.8391880110927286,2.8829978805842096
2022-06-22,2.297039764754545,2.2783617566474,2.6633500045457645,2.6678360029579498,2.8430678628541264,2.886937600096051
2022-06-23,2.302554422670281,2.2838315730123533,2.668233702019417,2.672727926255532,2.849550931892826,2.8935207056266554
2022-06-24,2.3218466035959,2.302966882682537,2.689112469681876,2.693641860954325,2.872990457839321,2.9173219133528168
2022-06-27,2.321444322276194,2.302567872448444,2.6900436359998885,2.69457459567651,2.875697291485278,2.920070514584541
2022-06-28,2.3063173190384783,2.287563871996059,2.6769716876270033,2.681480629642713,2.860844694574786,2.9049887358341304
2022-06-29,2.3051187345585196,2.2863750336123427,2.6746370626231935,2.6791420723269597,2.85921130008957,2.9033301373825173
2022-06-30,2.294817812752393,2.2761578720893163,2.6606305433249844,2.6651119612262058,2.8452642703918505,2.8891678991292298
2022-07-01,2.3028592910560217,2.2845579743579236,2.6662644374671465,2.6707553447858765,2.850448745606644,2.8944323729850625
2022-07-04,2.3028592910560217,2.2845579743579236,2.6662644374671465,2.6707553447858765,2.850448745606644,2.8944323729850625
2022-07-05,2.291538029850113,2.2734632350244137,2.6487667709006715,2.6532282061243837,2.830670344514359,2.874348782815049
2022-07-06,2.2830361680633704,2.2650190094616796,2.6377015671078947,2.6421443647186242,2.8186909659676576,2.862184557400628
2022-07-07,2.30184504860854,2.2844452414165843,2.6569386254240825,2.661413824864417,2.8395875309779366,2.8834035652298904
2022-07-08,2.3053303581303584,2.288092372028097,2.6596896740372507,2.664169507190647,2.843671005602991,2.887550049592129
2022-07-11,2.295795241698507,2.2785019118082994,2.6483482989624156,2.652809029335303,2.8329323655572485,2.8766457077974774
2022-07-12,2.2875572139612896,2.2702418478957287,2.6395928736301917,2.64403885685229,2.826263744115399,2.869874186711816
2022-07-13,2.288978860568642,2.2714164804261325,2.642312390230758,2.6467629540551525,2.83028573890991,2.873958242583774
2022-07-14,2.2732977184599124,2.2549273624727113,2.6276225864709484,2.63204840760805,2.818625705424296,2.862118289859534
2022-07-15,2.301955538643075,2.284024741127154,2.6611185332250837,2.6656007730693143,2.856242042411973,2.90031506280557
2022-07-18,2.2996718135110545,2.281630085967955,2.658839763069203,2.6633181646799007,2.8548262668483897,2.898877441227412
2022-07-19,2.322359589568418,2.304549111480338,2.6864893821104974,2.6910143551995405,2.886075518604949,2.930608882129534
2022-07-20,2.321057264583032,2.3030772651118707,2.68558208504184,2.690105529930233,2.8850688247490726,2.9295866545625153
2022-07-21,2.334106029499511,2.3159909954229594,2.6995684776582083,2.704115480447341,2.900127359651178,2.9448775490146812
2022-07-22,2.3325896913551545,2.3142371263345685,2.698922081398369,2.7034679954336425,2.899974373652429,2.9447222023773927
2022-07-25,2.3340743917956206,2.315905447660462,2.700786209404708,2.7053352632733714,2.903556040049112,2.948359135398472
2022-07-26,2.3176357791693327,2.3004764527030166,2.687813067674703,2.6923402703059853,2.8914700934964963,2.9360866975888196
2022-07-27,2.331106926019557,2.3132310704426717,2.702852302373405,2.7074048362539913,2.9019481906008866,2.9467264761545535
2022-07-28,2.3472812718293867,2.3288106962065487,2.7205782996017387,2.7251606901647927,2.9192232476679334,2.964268094644306
2022-07-29,2.3618391850473444,2.343389820681302,2.734090505210054,2.7386956549796615,2.9333565484163975,2.978619478189279
2022-08-01,2.364397132601104,2.3458728045598995,2.738851563195587,2.7434647322260948,2.9378700848021295,2.98302028340686
2022-08-02,2.3539405125770094,2.3356079353592105,2.7275995570695364,2.732193773847615,2.9259080365627907,2.971909972694419
2022-08-03,2.3851558707753124,2.36675853537578,2.764640107998889,2.7692967138179494,2.967398611864026,3.015963425613659
2022-08-04,2.393803318579905,2.3752642624439293,2.7783605884897766,2.783040304322002,2.9811533529879823,3.0281189138459346
2022-08-05,2.3915878519274103,2.37289811316928,2.7715609285232268,2.7762291913869173,2.971536463376132,3.0174558524307242
2022-08-08,2.3870839355459763,2.3686530057967587,2.7665832088941027,2.771243087564088,2.968219125132343,3.01471606992886
2022-08-09,2.3703150021887467,2.352182757813963,2.7434230649741194,2.7480439339876086,2.9449199509662503,2.9920848126837507
2022-08-10,2.4002067423794733,2.381953807011943,2.778964394311435,2.783645127160557,2.983448849945563,3.032451561888675
2022-08-11,2.3980841710084375,2.379859647693915,2.7755174716037274,2.78019239864822,2.979118969615388,3.0279523074599544
2022-08-12,2.4172807689826583,2.399132219464755,2.7972564326558653,2.8019679755955855,3.001366680118493,3.051998247157117
2022-08-15,2.4224839332098904,2.4040831432619836,2.8040005794635725,2.808723481868555,3.0063097865519137,3.05575750328479
2022-08-16,2.4196221173318238,2.4012234898798877,2.7951942987720795,2.799902368368338,2.996958057831514,3.0459481481724553
2022-08-17,2.4047184362873297,2.3863200582586632,2.7752500438507575,2.7799245204548377,2.9737033909333843,3.0237988263937434
2022-08-18,2.407562799384551,2.3891338921545238,2.7797017353972677,2.7843837101826483,2.9764976056603714,3.02623736300654
2022-08-19,2.3840264649913987,2.365511011112764,2.751424457521671,2.7560588036351232,2.9466780938249957,2.9956496847535052
2022-08-22,2.351160324725546,2.332890479803494,2.713101089624914,2.717670885991932,2.9068680700952454,2.9549504924511525
2022-08-23,2.3493965594144464,2.3313037903408724,2.7134606851056087,2.718031087155226,2.909238295603133,2.9578193675325672
2022-08-24,2.3538566757523998,2.3357615578840747,2.7202829481449626,2.724864841234472,2.9185416254838157,2.967445666752217
2022-08-25,2.37101904041512,2.352978193015314,2.741734308347243,2.7463523329131267,2.9403157065079526,2.989562455584006
2022-08-26,2.3232906811790603,2.305330556887819,2.686570544659041,2.6910956544537585,2.883623937368163,2.9315945377932064
2022-08-29,2.31629337527827,2.2983796985963645,2.679090004605041,2.6836025145947264,2.8771669620440017,2.924280682294095
2022-08-30,2.3030926944749908,2.2852857441989207,2.660620845770746,2.6651022473379453,2.8566015530790403,2.9026527610633717
2022-08-31,2.2909517198226963,2.2733005310231307,2.6453760231501917,2.6498317471872417,2.839655989697386,2.885612163760326
2022-09-01,2.2957822554582354,2.278093848634489,2.649472030655068,2.6539346537790207,2.8386497582678265,2.8845896477713366
2022-09-02,2.284335929235709,2.2667357133866863,2.6366932104694225,2.6411343096603823,2.8241583880788803,2.8698637534241014
2022-09-05,2.284335929235709,2.2667357133866863,2.6366932104694225,2.6411343096603823,2.8241583880788803,2.8698637534241014
2022-09-06,2.272178209894786,2.254671666119951,2.622676767705616,2.6270942583810415,2.8164896890949547,2.86207094642617
2022-09-07,2.297959734080276,2.280254550348518,2.652448703934952,2.656916340801581,2.847946541669321,2.894036887635788
2022-09-08,2.307848129547191,2.290066758293103,2.667332733568734,2.6718254402658994,2.8590916321637194,2.9053623470623973
2022-09-09,2.3253557204917015,2.30743945779031,2.6872330099791903,2.6917592355935844,2.8803558810946104,2.926970730468989
2022-09-12,2.3359136010182917,2.317915992585829,2.7032823064389944,2.7078355645944594,2.9023663352992903,2.9493373955204425
2022-09-13,2.2747519731889194,2.2572255992354564,2.6351162385309936,2.639554681558228,2.830857732590412,2.876671518196255
2022-09-14,2.2899717678793854,2.2723281293553743,2.6571301528716726,2.6616056749101236,2.8523813527888198,2.898543470460198
2022-09-15,2.28225506569325,2.2646708823581108,2.652536824519339,2.657004609811323,2.853692501745671,2.8998758386738537
2022-09-16,2.2749633346610265,2.257435332222242,2.6402737147908244,2.644720844783794,2.8360848601389583,2.88198324007043
2022-09-19,2.279393573627698,2.2618314373467414,2.6438240594005986,2.6482771693962874,2.85091816485846,2.897056602718107
2022-09-20,2.2679790485368065,2.250504858211102,2.63469739412056,2.639135131669561,2.8392739552863318,2.8852239466144756
2022-09-21,2.245804666715299,2.2285013242501837,2.606282483621488,2.6106723606778455,2.8087466963670553,2.8542026433357246
2022-09-22,2.2336959712387783,2.2164859231316902,2.588360225977575,2.592719915781357,2.786155239056412,2.831245572391504
2022-09-23,2.2073726509929834,2.190365417240938,2.5527747587693126,2.557074510394104,2.742822353390153,2.787211399793464
2022-09-26,2.1937768745093846,2.176874392688824,2.536693279806174,2.540965944683465,2.727843784311918,2.771990421870542
2022-09-27,2.1969743015644654,2.1800471843977585,2.542384759669869,2.5466670109588487,2.733831703802809,2.7780752481245745
2022-09-28,2.2283200654298994,2.211151437282726,2.5800606482719974,2.58440635872934,2.7805681248513747,2.8255680379405472
2022-09-29,2.1979697795671034,2.1810349925005825,2.54361217208198,2.5478964907560653,2.739787181321708,2.7841271073750917
2022-09-30,2.178707931292964,2.1619215517714703,2.520588149942443,2.524833688235987,2.712395334788594,2.7562919590928403
2022-10-03,2.203381411495196,2.1864049292082783,2.5444665878363586,2.5487523456407617,2.737553440648671,2.7818572164868405
2022-10-04,2.2379985330105248,2.220755334780937,2.5847696452055176,2.589123287235041,2.7818230470919043,2.82684326948092
2022-10-05,2.234485466833455,2.217269335867581,2.5838271410672213,2.5881791955952678,2.781993000578708,2.8270159734459677
2022-10-06,2.234500353765131,2.2172841080993098,2.5837112282690313,2.588063087560016,2.784404413366188,2.829466411842953
2022-10-07,2.2042505816487012,2.1872674026311865,2.542259302285433,2.54654134226099,2.7362356718168943,2.780518121264106
2022-10-10,2.185439062061539,2.1686008209233196,2.5285522382077987,2.53281119076805,2.721683707194665,2.765730651840743
2022-10-11,2.1763304475310514,2.1595623859052977,2.5091988555077505,2.5134252103080845,2.6983964260043996,2.742066496003794
2022-10-12,2.17628092010847,2.1595132400786614,2.512973091775457,2.5172058036891514,2.704691344127813,2.7484632892677303
2022-10-13,2.1995928874062862,2.1826455947148475,2.549002940785847,2.5532963393705024,2.7424540563111766,2.78683714230072
2022-10-14,2.170012890423553,2.1532935039367347,2.5165445143771183,2.5207832417961296,2.7034555510921727,2.747207496513799
2022-10-17,2.2036086686428535,2.1866304353985564,2.5612998050064606,2.565613915744325,2.757276619968985,2.8018995900564563
2022-10-18,2.2088777137342492,2.1918588838641493,2.5732577929549607,2.5775920450617154,2.769424711216713,2.8142442825114884
2022-10-19,2.209548665044315,2.1925246656683948,2.5845888395178855,2.588942177008379,2.7855882355753248,2.8306693926894932
2022-10-20,2.202521498770243,2.185551641887836,2.5720217790747077,2.5763539493085235,2.771627445062891,2.816482664767333
2022-10-21,2.2327531441041844,2.215550360235629,2.6093230347219656,2.6137180331132694,2.812473462304623,2.8579897221790507
2022-10-24,2.234681954070217,2.2174643092211466,2.6134432926926614,2.61784523101701,2.8159918604748118,2.861565061091122
2022-10-25,2.2525273427586914,2.2351722038183155,2.6392769040112576,2.643722355031687,2.8462703746419384,2.8923335940043504
2022-10-26,2.260221696233773,2.2428072742955476,2.6434503013509327,2.647902781809401,2.8471050938822873,2.8931818221002823
2022-10-27,2.2516989425192837,2.2343501861878914,2.633412261992618,2.6378478349366676,2.8364996850868973,2.8824047784257365
2022-10-28,2.2567843926256694,2.239396454220215,2.6505315437627703,2.6549959514715615,2.8505644294704613,2.8966971425785335
2022-10-31,2.249535277073965,2.232203191223641,2.6413556799123437,2.6458046323071223,2.840283999375532,2.886250336966073
2022-11-01,2.253522045324291,2.236159242458641,2.64240794218247,2.6468586669492105,2.839362030685573,2.885313447400575
2022-11-02,2.2362767198507267,2.219046787744946,2.6179588991594542,2.6223684433198367,2.8098564954467364,2.8553304030838165
2022-11-03,2.221361388203556,2.2042463748595393,2.6051979466796547,2.6095859970024122,2.8009665102371075,2.8462965449159157
2022-11-04,2.2462712205828264,2.2289642834411616,2.6218213928089003,2.6262374427384616,2.810378597399834,2.8558609545844367
2022-11-07,2.255840209274639,2.238459545557002,2.633472909917107,2.637908585013144,2.821895102925755,2.8675638399163863
2022-11-08,2.2742205298087605,2.25669825048869,2.6462907411657284,2.650748005902821,2.8296525882884893,2.87544687018629
2022-11-09,2.246466167938554,2.2291577287780733,2.606286361580247,2.6106762451684427,2.7788114098886907,2.823782892809228
2022-11-10,2.2961894577051596,2.2784979134937076,2.661285565952671,2.6657680871374856,2.8302237374392973,2.8760272626503345
2022-11-11,2.311784584826495,2.293972884205464,2.678276233370448,2.6827873726891522,2.847531286830235,2.8936149124320583
2022-11-14,2.3134470639253224,2.2956225543340296,2.677600156629161,2.682110157201857,2.848420304648832,2.8945183178587888
2022-11-15,2.3191066515164622,2.3012385362707017,2.6853784803526017,2.6899015823005574,2.856390507220979,2.9026175078921113
2022-11-16,2.3162580521913507,2.2984118846645516,2.681475962819059,2.685992491583835,2.8500305338439165,2.8961546065390507
2022-11-17,2.3069144286934997,2.289140251362308,2.672530625057936,2.6770320867940054,2.842657865128991,2.888662620678668
2022-11-18,2.305575041123046,2.2878111834256902,2.673738718811761,2.6782422153936634,2.845625238492068,2.8916780171569663
2022-11-21,2.2993469054157627,2.2816310338886447,2.671433386814152,2.6759330004232353,2.8444556883111223,2.890489539312992
2022-11-22,2.3104099860658542,2.2926088763717476,2.686770500429342,2.6912959470183853,2.8610111514485608,2.907312931294065
2022-11-23,2.317407004823718,2.2995519849148915,2.6939989436365703,2.6985365654127578,2.8704871256211355,2.9169422619013874
2022-11-24,2.317407004823718,2.2995519849148915,2.6939989436365703,2.6985365654127578,2.8704871256211355,2.9169422619013874
2022-11-25,2.322660741780352,2.3047652431909293,2.6979649008921074,2.702509202705809,2.87152253054388,2.9179944235189677
2022-11-28,2.3023441052604263,2.2846051410858843,2.6735585416550216,2.6780617347565565,2.8455765477006567,2.8916285383678226
2022-11-29,2.305574476424351,2.287810623077846,2.675291514916348,2.6797976269415247,2.847166737557904,2.893244463399379
2022-11-30,2.327475350932151,2.309542757027973,2.7074445728667005,2.712004841711898,2.8860253089484353,2.9327319107090846
2022-12-01,2.3227021894418907,2.3048063715089753,2.710641763867111,2.71520741788276,2.8879039776592537,2.93464098325283
2022-12-02,2.3210203319480027,2.303137472290858,2.71147734352807,2.716044404947561,2.8889802043453607,2.9357346272814224
2022-12-05,2.295392183723842,2.2777067823016206,2.684315964950655,2.688837277256846,2.8558000287532583,2.902017473291063
2022-12-06,2.2758308137061514,2.2582961275663007,2.6552022200862986,2.659674494822154,2.8241929008574442,2.869898824747509
2022-12-07,2.2780752369532373,2.260523258114398,2.658959105320586,2.663437707944687,2.828803450681138,2.8745839903806494
2022-12-08,2.29152386150932,2.2738682645064316,2.675881067520537,2.6803881725552854,2.8493174215811723,2.895429953472984
2022-12-09,2.284841278696257,2.267237169260686,2.6663661230166067,2.6708572016087753,2.838912265209565,2.8848564030497394
2022-12-12,2.296934832785812,2.279237545652679,2.681192944222519,2.6857089962865355,2.851145325448519,2.897287439609663
2022-12-13,2.3192637922892434,2.3013944663145725,2.7133422759216703,2.7179124785294166,2.893701894449718,2.940532731857489
2022-12-14,2.3175182107415218,2.299662334019928,2.713003741564607,2.7175733739639374,2.8925656536751823,2.939378102489755
2022-12-15,2.2863209371601267,2.2687054273398775,2.678803628800127,2.68331565643432,2.8552015238018145,2.901409282307982
2022-12-16,2.2751990006745895,2.2576691824902717,2.663191559333404,2.6676772908673145,2.836384539630268,2.8822877694882263
2022-12-19,2.271328816904494,2.253828817482319,2.6579885703059674,2.6624655382149447,2.8321988069792208,2.878034296146406
2022-12-20,2.278136160683323,2.260583712442943,2.6695216063315277,2.6740179998440445,2.846518647755874,2.8925858850987765
2022-12-21,2.2982702638548544,2.280562687571702,2.69648511219271,2.701026921532745,2.879189699406494,2.9257856756325262
2022-12-22,2.2782669039990613,2.260713448415352,2.6726570895586397,2.6771587643044716,2.850258864867126,2.8963866328057097
2022-12-23,2.2831708272173064,2.2655795881771237,2.676688731162016,2.6811971965804196,2.8541354813264657,2.9003259873084706
2022-12-26,2.2831708272173064,2.2655795881771237,2.676688731162016,2.6811971965804196,2.8541354813264657,2.9003259873084706
2022-12-27,2.273633158556046,2.2561154047791177,2.659395728591822,2.6638750666398443,2.829903716607738,2.8757020626938594
2022-12-28,2.262451154691736,2.245019555354318,2.6472360407399207,2.651694897686969,2.81651028363261,2.862091874259852
2022-12-29,2.2818644011977036,2.26428322783115,2.66888441580297,2.673379736067251,2.8409511411771833,2.886928275598339
2022-12-30,2.282984509188332,2.265394705680232,2.671764231614001,2.67626440247964,2.8458091865598263,2.8918649421872193
2023-01-03,2.2853162315404365,2.26770846271639,2.666323094734001,2.670814100851731,2.837456673005323,2.8833772539607976
2023-01-04,2.303608357662036,2.285859652750631,2.6886289066624744,2.6931574834474765,2.8625165560526553,2.908842698932356
2023-01-05,2.292650996749013,2.2749867154614436,2.679636157416365,2.6841495873153907,2.853734753404317,2.8999187741211334
2023-01-06,2.3215316826860333,2.3036448832040706,2.7116140823977783,2.7161813741326055,2.8921536047390832,2.9389593850724314
2023-01-09,2.3255877488692156,2.30766969844933,2.7157092120298914,2.7202834013729937,2.90079295625267,2.947738553360795
2023-01-10,2.333588736572849,2.3156090406179146,2.7287646111790997,2.733360790309396,2.916733972353361,2.963937554271378
2023-01-11,2.340191485906256,2.3221609174802564,2.737863327219495,2.7424748317203353,2.923347169024975,2.9706577770118083
2023-01-12,2.3539801064733226,2.3358433003021934,2.750693967123052,2.755327082839137,2.941110242292204,2.9887083227369438
2023-01-13,2.3645809838083185,2.346362500626862,2.75764276126251,2.7622875811404275,2.9506358161478707,2.9983880557343348
2023-01-16,2.3645809838083185,2.3463625006268622,2.75764276126251,2.762287581140431,2.9506358161478707,2.9983880557343365
2023-01-17,2.3600952666237673,2.3419113447297626,2.755730465015346,2.760372063927976,2.9514636555176974,2.999229292617917
2023-01-18,2.348600664815173,2.330505305846761,2.7398532335353427,2.7444680897235614,2.9361253280909985,2.983642734121111
2023-01-19,2.3424896111230247,2.3244413362382934,2.722952331914025,2.7275387211648696,2.9208569354091654,2.968127242172929
2023-01-20,2.3648572806561576,2.346636668679153,2.756086658608709,2.760728857474002,2.9614698544140206,3.009397428953097
2023-01-23,2.3785484950572515,2.360222395824363,2.7772083327280694,2.7818861077648656,2.989539597246476,3.037921444413011
2023-01-24,2.384070944803845,2.36570229652801,2.7829311276732756,2.7876185418671366,2.9957691868429452,3.044251851891952
2023-01-25,2.3859477149628807,2.367564606659746,2.7823738994703993,2.787060375100112,2.9943994521634623,3.0428599498212163
2023-01-26,2.3899757933773618,2.3715616497748027,2.79392791275148,2.7986338493176603,3.01230045527973,3.0610506576123133
2023-01-27,2.387247135709032,2.3688540157060793,2.790105568869333,2.7948050672923745,3.006923309741123,3.055586489900171
2023-01-30,2.365933062255576,2.3477041616603738,2.7613763635215682,2.7660274720712184,2.973062867816307,3.021178060342842
2023-01-31,2.375809187595794,2.3575041940164057,2.773481199929864,2.7781526971917763,2.9819782467299825,3.0302377231791797
2023-02-01,2.40059865436008,2.3829154262169254,2.8090278685324854,2.8141369434218655,3.029668349960909,3.0786996292950706
2023-02-02,2.444387792571892,2.4224612182862493,2.8752560247213,2.8805537850142398,3.1216882856783075,3.172208789129199
2023-02-03,2.399553937835953,2.3795584016475266,2.8176164619752306,2.8236803102928847,3.0605115981388473,3.1100420357115617
2023-02-06,2.3856556135702696,2.36517600996654,2.8000963592955617,2.8060690149730365,3.0362793803291215,3.0854176506732593
2023-02-07,2.423110352435736,2.4012804488698314,2.849594950743371,2.8556941457440335,3.100557860299356,3.1507363950363367
2023-02-08,2.3987107119484192,2.3799686300624106,2.819793953204282,2.8248923292138666,3.0600219977530987,3.109544511774289
2023-02-09,2.3750464558644335,2.3563275144564377,2.795368496884063,2.8020736122659704,3.0322757400986933,3.0813492166833116
2023-02-10,2.3532189310567424,2.3346064880830038,2.7655944906862833,2.771355366961018,2.993894241386512,3.042346562858677
2023-02-13,2.3769789870595828,2.3584448352545837,2.798107704868333,2.803454771173238,3.0378577726236964,3.0870215872137883
2023-02-14,2.401569691002471,2.383750136942915,2.8329660669756773,2.8373634028391943,3.08371918980352,3.133625212350607
2023-02-15,2.396557888898227,2.3821325293276545,2.8191828200415117,2.8232040107034972,3.0704465715834233,3.1201377939028037
2023-02-16,2.3575805447990796,2.3427045422688226,2.7648388531105375,2.768875045495754,2.995605040080716,3.044085048625843
2023-02-17,2.3358764393873974,2.3235583647910425,2.7336004716938946,2.7364200579576585,2.9560939983674306,3.0039345716017425
2023-02-20,2.3363837190886683,2.3245554770243624,2.7336004716938946,2.7364200579576585,2.9560939983674306,3.0039345716017425
2023-02-21,2.292719608886774,2.2816191277465445,2.678925254917079,2.682826406115342,2.8889780200141004,2.9357324075995894
2023-02-22,2.290774235192818,2.2792877939875926,2.677035352474973,2.6807028096777006,2.886696671703645,2.933414138605631
2023-02-23,2.2934179579445346,2.281647985667815,2.6830686881678334,2.6865672173636606,2.898280184369708,2.9451851155019635
2023-02-24,2.268813917245481,2.256185288210169,2.6504512225535124,2.653811614637815,2.8574125058392257,2.90365604624144
2023-02-27,2.276154358250094,2.2639217990366554,2.658182269102536,2.661582867094045,2.864888774774924,2.9112533089587074
2023-02-28,2.2821109745175776,2.2690827025967035,2.6666975116664062,2.669943989623143,2.8729124239069415,2.9194068105156212
2023-03-01,2.284784856698886,2.271741319935709,2.670718794229409,2.6739701677564685,2.8738266005618724,2.920335781942043
2023-03-02,2.2912630477950247,2.2781825278894425,2.6786001488601094,2.6818611172677156,2.8693366763486416,2.9157731940894767
2023-03-03,2.3082002072081336,2.295022995283248,2.699435847785707,2.7027221818888894,2.895672925691215,2.9425356617005107
2023-03-06,2.2976514179230016,2.28453442765113,2.6816382219638366,2.6849028889676725,2.8767798413144243,2.9233368170917218
2023-03-07,2.2632114763183147,2.250291099151228,2.6376747516788255,2.640885896887798,2.8276857749691366,2.873448226527089
2023-03-08,2.26245278850005,2.2495367425821047,2.6344117290048223,2.63761890176055,2.8249122703571508,2.87062983631587
2023-03-09,2.2381841181650293,2.2254066188996418,2.602407102456076,2.6055753122945062,2.7899274162196126,2.8350787973826566
2023-03-10,2.243095272123183,2.2302897357246643,2.6110387945674627,2.614217512758657,2.800773100309099,2.8461000048973952
2023-03-13,2.2552764670264787,2.242401389785602,2.6254244368939865,2.6286206683841216,2.8140097521067577,2.8595508748525447
2023-03-14,2.2832819297548386,2.2702469730042574,2.660046044142422,2.663284424501811,2.8523381801421315,2.898499599119837
2023-03-15,2.282289827699298,2.2692605347290926,2.655433844758826,2.658666610156801,2.8478029903411968,2.8938910131143407
2023-03-16,2.3032979783302623,2.290148752586397,2.6792948137012793,2.6825566278043884,2.8746168883333225,2.9211388595029995
2023-03-17,2.320485960444076,2.307238610767039,2.694601342989673,2.697881791493464,2.8908396859064687,2.9376242021561696
2023-03-20,2.3304140316126913,2.3171100038808707,2.707661459512067,2.7109578075996,2.9055922474296363,2.952615514882896
2023-03-21,2.3326474975637845,2.319330719268095,2.7126941397492312,2.7159966146979415,2.9112594670577847,2.9583744511600436
2023-03-22,2.3187067142594944,2.3054695220653163,2.692231060969397,2.6955086238559427,2.8878004007190636,2.9345357300533053
2023-03-23,2.3534251507178414,2.3399897555283213,2.7331385520918015,2.7364659163778726,2.9353595943978186,2.9828646080145647
2023-03-24,2.3425015210949582,2.3291284874727247,2.72380418161537,2.727120182097388,2.9246090614949045,2.9719400915857768
2023-03-27,2.335949884969739,2.3226142537779393,2.7176136633806482,2.720922127431968,2.916739059621052,2.96394272386997
2023-03-28,2.3412950844930123,2.3279289382589377,2.726350458895259,2.729669559253819,2.9251852475429923,2.972525602462793
2023-03-29,2.3577440861529246,2.3442840347280662,2.7459566146729677,2.7492995838626464,2.9468887380683086,2.994580336023172
2023-03-30,2.3744971647975976,2.360941472246373,2.765571004672544,2.7689378527178077,2.972050836751553,3.020149650859031
2023-03-31,2.4016279704092898,2.387917391651002,2.8012144218578694,2.8046246627392866,3.013237310290961,3.0620026744150204
2023-04-03,2.3868158414069525,2.3731898231483615,2.7797110211984557,2.783095083514215,2.9842322829918904,3.0325282381142715
2023-04-04,2.3818031985097563,2.368205796771324,2.7678204647462903,2.771190051318464,2.9782124067998565,3.0264109379810558
2023-04-05,2.3520772090937463,2.338649509125978,2.724037726071891,2.7273540108746945,2.925958104486555,2.9733109671003843
2023-04-06,2.370195938543734,2.3566648011284568,2.7367672873158746,2.7400990692793963,2.944142252804775,2.9917894024337657
2023-04-07,2.369696101978755,2.3561678180648005,2.7361901466931124,2.7395212260368966,2.943521380105383,2.991158481709561
2023-04-10,2.3845628124754237,2.370949656463188,2.7649352771002085,2.768301351201236,2.966392495154939,3.0143997362929316
2023-04-11,2.367631793139488,2.354115294093661,2.745828164446181,2.7491709772588018,2.9424276077573217,2.9900470080650763
2023-04-12,2.3395985173833704,2.3262420566281707,2.711426607077331,2.7147275389128054,2.908453451123998,2.9555230234731757
2023-04-13,2.391158196010577,2.377507387819688,2.767893492660424,2.7712631681379793,2.964980313084348,3.012964699874749
2023-04-14,2.3876862723584984,2.3740552849238887,2.758425528232447,2.7617836772666653,2.9614958884175144,3.0094238842834238
2023-04-17,2.3776765905105277,2.3641027470353544,2.7563479929448387,2.7597036127561116,2.962081998460732,3.0100194797626445
2023-04-18,2.379119475844524,2.3655373951264242,2.7616884148517102,2.765050536173526,2.966581009306324,3.014591301303011
2023-04-19,2.3621762478704063,2.348690893816228,2.7411195597025415,2.74445664018845,2.9524600038797466,3.0002417655947085
2023-04-20,2.3398559347282255,2.326498004411202,2.704560856970368,2.707853430337708,2.900570147442432,2.947512138677036
2023-04-21,2.3375929185554676,2.3242479075006486,2.7010736443590524,2.704361972340919,2.8956211833393777,2.942483081965379
2023-04-24,2.3251376394671768,2.311863733965341,2.678471208363845,2.681732019797713,2.8672657091232043,2.9136687109273964
2023-04-25,2.2781556319297067,2.2651499405403404,2.6216028836126264,2.6247944626862973,2.804040094598792,2.849419871281048
2023-04-26,2.296144445583307,2.283036058418656,2.656077500169634,2.6593110491637417,2.84656138812847,2.892629317169285
2023-04-27,2.3727689194574957,2.359223093232005,2.7456237698081454,2.748966333787599,2.9580899383441412,3.005962813295753
2023-04-28,2.4010304744270674,2.387323306694892,2.781551176965397,2.784937479514691,2.993674122304441,3.042122881432833
2023-05-01,2.3954772868019854,2.3818018214888466,2.777681108095082,2.781062699163894,2.9953824298817397,3.043858835767574
2023-05-02,2.381258401466032,2.3676641099023876,2.7418188911303587,2.7451568229928482,2.9578518269035547,3.005720848328239
2023-05-03,2.368928307665544,2.35540440698851,2.7166233607469024,2.7199306191889367,2.9300756824729945,2.977495182782136
2023-05-04,2.375827532897376,2.362264245449332,2.719723557929963,2.723034590599022,2.939660325580243,2.9872349409908465
2023-05-05,2.403639963600069,2.389917898636814,2.7732276231327417,2.7766037924614797,2.999649301163984,3.048194760864806
2023-05-08,2.413497041654359,2.399718703926689,2.7873255554234273,2.79071888778855,3.02123105838207,3.070125791021195
2023-05-09,2.4064792269375634,2.3927409529926966,2.772511027964885,2.7758863248998074,3.0044724067461748,3.0530959221975724
2023-05-10,2.4256378299444736,2.411790182050487,2.8045436291296313,2.8079579230385736,3.052185169232816,3.101580854280035
2023-05-11,2.42796243631144,2.414101517544915,2.8159009130029253,2.819329033441342,3.0601989863031287,3.109724364655989
2023-05-12,2.4222052736499102,2.4083772217691237,2.807096991447144,2.8105143938580603,3.0509427999156853,3.100318378815962
2023-05-15,2.446806775540584,2.4328382769155854,2.843525117810943,2.846986868374859,3.0788517131814377,3.1286789618898174
2023-05-16,2.451226293318101,2.4372325642463695,2.8631445821678048,2.866630217764906,3.1091622290025445,3.1594800143625608
2023-05-17,2.4744895453808993,2.460363009457523,2.902452901602753,2.9059863917435393,3.1497702619725696,3.2007452360337165
2023-05-18,2.511379391083005,2.497042255874009,2.9708110155691907,2.9744277259136913,3.2227527835106,3.2749088856645527
2023-05-19,2.5136452273916774,2.4992951568206903,2.9639905979252186,2.9675990049899355,3.2090699207017144,3.2610045833477828
2023-05-22,2.5193391709162,2.504956594369225,2.9748472333044984,2.978468857401627,3.2348785487723117,3.287230890816248
2023-05-23,2.4963879283963126,2.4821363774794767,2.9403655022336754,2.943945147748926,3.192322142623843,3.243985764056715
2023-05-24,2.4875854257249514,2.473384127140129,2.9311950741923356,2.934763555489537,3.181498360399827,3.2329868128609234
2023-05-25,2.559755815508069,2.5451425056436556,3.053712425894894,3.0574300616724575,3.32248599845779,3.376256154216313
2023-05-26,2.627357133055869,2.612357896145369,3.160607713796805,3.164455485517552,3.4266752387663257,3.4821315631595207
2023-05-29,2.627357133055869,2.612357896145369,3.160607713796805,3.164455485517552,3.4266752387663257,3.4821315631595207
2023-05-30,2.635276063261283,2.6202316182179684,3.1662225014317698,3.17007710868006,3.445159533651312,3.5009150025451943
2023-05-31,2.6200859973830526,2.605128270431441,3.1390717431314368,3.1428932966351804,3.4250507315143675,3.480480765350429
2023-06-01,2.641628773564241,2.626548061731906,3.171397149627698,3.175258056571102,3.47505665815633,3.5312959734959497
2023-06-02,2.650487356052112,2.635356071735488,3.1856206864555676,3.189498909348222,3.4900335870395285,3.546515284679393
2023-06-05,2.640829776238728,2.6257536257772554,3.180926826794857,3.184799335311635,3.4960893582773016,3.5526690607734226
2023-06-06,2.6534314141654844,2.638283322607646,3.192026825734242,3.1959128475579197,3.5086864649125635,3.5654700353516025
2023-06-07,2.598319521148025,2.5834860561515165,3.1089942885505675,3.1127792253053572,3.413267483785864,3.468506820936974
2023-06-08,2.6332285513639864,2.618195795297378,3.149432928144449,3.1532670955118127,3.4636535661702226,3.5197083371558535
2023-06-09,2.6508567974982373,2.6357234040889526,3.1814436523359997,3.1853167900440265,3.492810279456033,3.549336914285638
2023-06-12,2.707538025332708,2.6920810462356926,3.2532852531488157,3.2572458519102234,3.5749816909162835,3.6328381641846836
2023-06-13,2.715753518901223,2.700249638630088,3.2618954359964563,3.2658665169249232,3.5898353341670006,3.6479321945165037
2023-06-14,2.7524836639941377,2.736770096147129,3.3031036424529443,3.3071248908763446,3.6390790887993405,3.6979728958802793
2023-06-15,2.7723045354887703,2.7564778128888103,3.3284050602912507,3.3324571110440977,3.6673521865477117,3.726703557293452
2023-06-16,2.747702290556105,2.732016018942309,3.2892336467488903,3.2932380096293628,3.618230494425947,3.6767868938647403
2023-06-19,2.747702290556105,2.732016018942309,3.2892336467488903,3.2932380096293628,3.618230494425947,3.6767868938647403
2023-06-20,2.7410056629644486,2.7253576215183224,3.292068765612547,3.2960765800096845,3.6218087981639697,3.680423107839085
2023-06-21,2.6961072930221026,2.6807155704750323,3.2355828729265057,3.2395219205420007,3.5612703700502237,3.618904943253746
2023-06-22,2.7161652394761995,2.7006590087463156,3.264547733508116,3.268522043383763,3.5933176352492473,3.6514708521557644
2023-06-23,2.7083209874873893,2.692859538562179,3.248326021633393,3.2522805829512094,3.577114683665323,3.6350056766735834
2023-06-26,2.668600453720426,2.6533657641073956,3.185247842078456,3.1891256110647146,3.495962427150617,3.552540075429968
2023-06-27,2.710499942096148,2.6950260538051958,3.239034584401958,3.242977834183305,3.5562830733734896,3.613836933605084
2023-06-28,2.714433111587769,2.6989367693485864,3.2472132534079026,3.251166460024823,3.56438262166625,3.6220675626528815
2023-06-29,2.70078840108609,2.685369954707709,3.2306025703806633,3.234535554900378,3.5576836643642453,3.6152601913567426
2023-06-30,2.7358130355945516,2.720194638176348,3.2715520001990903,3.275534837175136,3.6176060482146357,3.676152341795932
2023-07-03,2.7524416867292913,2.7367283585250393,3.291789060287029,3.295389931652924,3.644183362818879,3.7031597759993473
2023-07-04,2.7524416867292913,2.7367283585250393,3.291789060287029,3.295389931652924,3.644183362818879,3.7031597759993473
2023-07-05,2.7542813957984325,2.7385575649366514,3.3017183395142955,3.306747920178077,3.6492175676665406,3.708275452967254
2023-07-06,2.730190407023036,2.7146041084531176,3.270649694751123,3.2754011374743564,3.6177543500902174,3.676303043746322
2023-07-07,2.7218238880701833,2.7062853528584734,3.267488104725374,3.2713970243729626,3.6150597120069583,3.6735647964169993
2023-07-10,2.7225966699718573,2.707053723049735,3.2593629051787407,3.261288777334204,3.6190900404570434,3.6776603505410588
2023-07-11,2.7387198566560373,2.7230848645780488,3.2734889526677633,3.2748061857611512,3.6302650454919245,3.689016208636452
2023-07-12,2.7777293090033086,2.761871617083665,3.3266562986989476,3.3286537199828388,3.692543648045537,3.7523027101432227
2023-07-13,2.8240095932625584,2.807887693276507,3.3953122112523175,3.400093808426893,3.757208117612908,3.818013690847824
2023-07-14,2.823553382480659,2.807434086942063,3.3924802669510057,3.397325436889345,3.746975059833314,3.8076150242106004
2023-07-17,2.8569581734449225,2.8406481743406347,3.4346650671776486,3.437569419176883,3.8021497795240187,3.8636826756617633
2023-07-18,2.876637106514073,2.8602147629646635,3.4681429248031344,3.4704753393237087,3.8529917237649447,3.915347431274104
2023-07-19,2.8704976047895134,2.854110310849356,3.4608853878401207,3.462008568400771,3.8499248537200366,3.912230927888354
2023-07-20,2.7943875059797487,2.778434714600726,3.335665952336965,3.3343542661419145,3.689225502433519,3.7489308646190107
2023-07-21,2.7841155745541073,2.7682214242829275,3.315914151540477,3.3155560380781783,3.659699139985873,3.718926656031899
2023-07-24,2.8041402098000425,2.788131741515403,3.3371449855555366,3.3363259466004487,3.6753743762422,3.734855575793724
2023-07-25,2.8182827927658303,2.8021935863319065,3.3614306564725713,3.36145449585958,3.706548919315907,3.7665346386870926
2023-07-26,2.8242322727815643,2.808109101547375,3.3570475228995664,3.3604609715340463,3.6619182305963016,3.721181659765159
2023-07-27,2.8250393329072736,2.8089115542727905,3.3502673247121133,3.3544615255964843,3.654804368431692,3.7139526689057063
2023-07-28,2.8781270194614077,2.861696170194601,3.4313280537680106,3.4368566163172245,3.7481590589778837,3.808818184856064
2023-07-31,2.89180265756442,2.875293735875243,3.4507819502805246,3.4559646056649274,3.7722758478077063,3.8333252728451233
2023-08-01,2.889062486012548,2.8725692076029765,3.451009388347487,3.456368703528229,3.775217166717145,3.8363141932120155
2023-08-02,2.803439125278662,2.787434659393546,3.343159305245566,3.3491695804586925,3.6503288116522805,3.7094046810053656
2023-08-03,2.7996591173502727,2.7836762310341046,3.3336222403231823,3.338783806937944,3.6673947480808717,3.7267468076302004
2023-08-04,2.811857774039691,2.7958052471941035,3.3570993005451375,3.3601038609388825,3.6968221791651406,3.7566504837772654
2023-08-07,2.8370960678404176,2.8208994588892145,3.3988045956549477,3.4014819636382936,3.7524800332411568,3.813209088521378
2023-08-08,2.8060061057122954,2.7899869852729067,3.360954703612911,3.364756180055833,3.7064522785061604,3.7664364338703353
2023-08-09,2.751575162048235,2.7358667807196877,3.292947321508482,3.296863907944057,3.618342088341836,3.6769002937844015
2023-08-10,2.7520788634580398,2.73636760656429,3.2935190678639743,3.298089193634984,3.6226177496172385,3.6812451511295112
2023-08-11,2.7259325840898616,2.710370592872145,3.2519438646489642,3.257073614817342,3.5732377980159242,3.6310660486242696
2023-08-14,2.780355799964231,2.7644831137526085,3.3141371708220477,3.3174892028571827,3.6547484368796415,3.713895832173537
2023-08-15,2.734860185550133,2.719247227827798,3.269825899068457,3.274323926198642,3.6117244974876503,3.6701756057472212
2023-08-16,2.6904107157236172,2.6750515141885036,3.215552879032322,3.2204181005359374,3.5468345241347596,3.604235471768831
2023-08-17,2.6553852861092215,2.6402260401530886,3.1769772341801112,3.181629566699642,3.5045856981413794,3.561302902952958
2023-08-18,2.6492525843148185,2.6341283491480407,3.1639022528947245,3.168619093061969,3.4828213777779595,3.539186355101909
2023-08-21,2.707071160196159,2.6916168463709758,3.2461089454087433,3.2510165196983234,3.5919734624644266,3.650104925666025
2023-08-22,2.6943827019931317,2.6790008249098913,3.23565285631254,3.241146396674975,3.5763436691855253,3.6342221843176747
2023-08-23,2.7518760935262123,2.736165994219336,3.3055181609522135,3.310907750677269,3.665401259395857,3.7247210568988915
2023-08-24,2.673553792922726,2.658290825346623,3.2038609075551205,3.2089673760179918,3.555971104598879,3.613519916017745
2023-08-25,2.699255721464453,2.6838460249528637,3.234579225771204,3.240172745500664,3.5810346127841584,3.638989044795437
2023-08-28,2.7258739817970734,2.710312325132112,3.2644617948071546,3.269521648472344,3.6097309422082864,3.66814978734382
2023-08-29,2.794550039505453,2.778596320243895,3.3580844251311563,3.363319954719082,3.7281528480436035,3.7884881991704167
2023-08-30,2.813212600931786,2.7971523395573628,3.376562492466871,3.3817523860534524,3.7465370709609673,3.8071699470525884
2023-08-31,2.8350219272620407,2.8188371593070505,3.3981397202555166,3.4023767204875246,3.7786020329794443,3.8397538391742847
2023-09-01,2.8314683988210283,2.815303917493347,3.385810614016431,3.390032241594488,3.759948325084437,3.8207982450472753
2023-09-04,2.8314683988210283,2.815303917493347,3.385810614016431,3.390032241594488,3.759948325084437,3.8207982450472753
2023-09-05,2.8372920078443626,2.8210942802973844,3.390390247753962,3.3946175854884006,3.770598139742555,3.83162041323622
2023-09-06,2.8213504955650333,2.8052437760185973,3.3707032546662137,3.374906045501129,3.7474844115533887,3.8081326191321123
2023-09-07,2.8247590892559824,2.8086329104956964,3.3799505563912895,3.384164877305242,3.7554312993771872,3.81620811709791
2023-09-08,2.8223756814459597,2.8062631092479307,3.376434887402995,3.3806448247743197,3.746008299851225,3.8066326184636163
2023-09-11,2.8567905253685315,2.8404814833450844,3.43047347477678,3.4347507906334203,3.81884022736335,3.8806432368982295
2023-09-12,2.8341844920247516,2.8180045048775826,3.3948974747809793,3.399130432390859,3.7760456038752945,3.837156037558354
2023-09-13,2.841589419907767,2.8253671589995513,3.424389833723934,3.4286595641395166,3.8103610930631095,3.872026878732419
2023-09-14,2.8521196528142347,2.835837276188937,3.440342736369577,3.444632357801355,3.8362160601591633,3.898300275163774
2023-09-15,2.8055098726576597,2.789493585147592,3.376712688532184,3.3809229722822765,3.751086096639521,3.811792592851563
2023-09-18,2.8058174178705855,2.789799374625277,3.3777851438648847,3.381996764815289,3.7440934301513082,3.804686759064406
2023-09-19,2.7950874280818465,2.7791306409394334,3.360528352686136,3.3647184568555226,3.7224470336644977,3.782690043535997
2023-09-20,2.7458943220592165,2.7302183719002238,3.297643798938205,3.3017554949517316,3.6551404949868305,3.714294235236152
2023-09-21,2.690906151641964,2.675544121728147,3.2239181359400986,3.2279379064658746,3.5742081579624747,3.6320521125965386
2023-09-22,2.6831173048396897,2.6677997404296208,3.215975143438836,3.219985010174939,3.566071394285026,3.6237836658809943
2023-09-25,2.6985522460142635,2.6831465655515774,3.2321236267280775,3.2361536283418113,3.5873867722122568,3.645444005740865
2023-09-26,2.6599099680698255,2.64472489129834,3.1820777995457004,3.1860454010820862,3.534514326245159,3.5917158873476693
2023-09-27,2.6717837063990277,2.6565308440143944,3.1888834742702037,3.192859561521645,3.535998401070389,3.593223980012116
2023-09-28,2.6909120932885093,2.6755500294546075,3.225000891096368,3.22902201166488,3.5758423198114433,3.6337127212498515
2023-09-29,2.686209572469226,2.6708743547092584,3.22154817425277,3.225564989771086,3.579001252765749,3.6369227774645876
2023-10-02,2.705969009072937,2.690520987283739,3.251687644031761,3.2557420392115852,3.6125948809380777,3.671060075232562
2023-10-03,2.6706584431045055,2.655412004700276,3.2168183903219707,3.220829308467824,3.5817920075974468,3.639758697068101
2023-10-04,2.6863521886063477,2.6710161566695776,3.2330718965092524,3.2371030804814565,3.598185851497026,3.656417854212153
2023-10-05,2.688635067005348,2.673286002415531,3.236355569764849,3.2403908480137718,3.59557152061963,3.6537612137573667
2023-10-06,2.7148089990038136,2.699310510872757,3.2668812077780887,3.2709545471857604,3.6262692858602796,3.684955782782652
2023-10-09,2.726147366234867,2.7105841488539744,3.2842933712499507,3.2883884211659433,3.656707251731175,3.7158863479200623
2023-10-10,2.739664114172419,2.7240237314522493,3.294987885964072,3.2990962704292754,3.661451051033028,3.720706919502511
2023-10-11,2.75419434225643,2.738471008371894,3.3144977851811013,3.3186304957347854,3.6808846505164086,3.740455026758582
2023-10-12,2.7477265571811933,2.7320401470324556,3.3073509211751007,3.3114747205988886,3.67275533644022,3.7321941502064977
2023-10-13,2.7368716688755867,2.721247227858979,3.2919835444937258,3.296088182969489,3.6644983253038137,3.7238035099817766
2023-10-16,2.7617699404848546,2.7460033585046797,3.318892011454862,3.3230302009880104,3.694178036339466,3.753963548906244
2023-10-17,2.7596036445976653,2.7438494297162834,3.3183651960221416,3.3225027286908606,3.7113472432330954,3.771410617295556
2023-10-18,2.730035155781313,2.7144497435203525,3.2912952276632486,3.2953990079051527,3.697005874401227,3.7568371518841244
2023-10-19,2.7116783949109595,2.6961977789876346,3.269992960648267,3.2740701799722234,3.6728568800469095,3.7322973371656443
2023-10-20,2.673147465164036,2.6578868172596684,3.2206505997621298,3.2246662961318426,3.614484017169238,3.6729797846999777
2023-10-23,2.666664232744282,2.651440596762575,3.2137042748570943,3.2177113101408423,3.5901638558087003,3.6482660328577867
2023-10-24,2.6805898275012536,2.665286692127457,3.2299000569244085,3.2339272860606836,3.6036088143648546,3.661928580747974
2023-10-25,2.6081218849195915,2.593232459515222,3.1300520173172135,3.133954750051984,3.482027323920984,3.538379450506207
2023-10-26,2.561576582151143,2.5469528777690544,3.0722613826635605,3.076092058640049,3.42432929221258,3.479747650482944
2023-10-27,2.5669760673048634,2.5523215379709647,3.0759123719499084,3.0797476001943225,3.4327110390670366,3.4882650451126214
2023-10-30,2.6116256007674794,2.5967161731093595,3.124523931570331,3.1284197715630375,3.48509110418397,3.5414928141058954
2023-10-31,2.62440469914766,2.609422317294735,3.135596671452192,3.139506317587468,3.4978674529697895,3.554475931637936
2023-11-01,2.65292494405535,2.6384663918556077,3.1645218554135988,3.168467567167491,3.530726472661486,3.587866732233364
2023-11-02,2.6768790085439056,2.6618791179292285,3.1943353088764277,3.198318193795533,3.5646964606149814,3.6223864806807256
2023-11-03,2.6911206791419167,2.6763112786823116,3.203226271854457,3.2072202425485172,3.5738532824716134,3.6316914939030136
2023-11-06,2.6938724007995014,2.6804335168011706,3.2059679162259496,3.2099653053632733,3.5755664908098894,3.633432428311238
2023-11-07,2.705077511875669,2.6919852908482023,3.2237838462409965,3.227803449326486,3.599230922177479,3.6574798380152793
2023-11-08,2.693295310536171,2.6806297627916678,3.206787687952635,3.2107860992295065,3.578776873093163,3.6366947664960554
2023-11-09,2.6955102226553667,2.681802667077033,3.205676482149141,3.2096735079093377,3.5793318218333416,3.6372586963666924
2023-11-10,2.7191135367655965,2.705944488650583,3.2342725178561347,3.238305198833568,3.6122519496823204,3.670711594076207
2023-11-13,2.7145586373324515,2.7012811039534563,3.2293680380513115,3.2333946038352033,3.605227037557333,3.66357299279818
2023-11-14,2.7459790950580687,2.732516448673336,3.264095358227471,3.2681652240742665,3.6447469263703316,3.7037324601009063
2023-11-15,2.7569320151278958,2.7434344654580705,3.27505105864496,3.279134584702645,3.653380769053428,3.7125060304054522
2023-11-16,2.7736469752574626,2.760581795623271,3.294804593471284,3.2989127493966417,3.6837952080774174,3.7434126879442493
2023-11-17,2.778216194768619,2.7645702447421825,3.3033280386089223,3.307446822066399,3.6950372970242236,3.754836715618262
2023-11-20,2.7953923215099903,2.7816777780895574,3.3231127695756437,3.327256221797974,3.7200292363958303,3.7802331173332293
2023-11-21,2.790261497828914,2.776949847416047,3.318517487358723,3.322655209913228,3.7078952119909943,3.767902719374817
2023-11-22,2.8076586524038443,2.794804350875212,3.3396269863562447,3.3437910294742084,3.7322073584397755,3.7926083265942334
2023-11-23,2.807123412641956,2.7942715616011293,3.338990334478552,3.343153583781554,3.731495866757502,3.791885320335647
2023-11-24,2.8136337333583064,2.7998074635581385,3.352051704121246,3.3562312391072284,3.746709772453119,3.8073454434959357
2023-11-27,2.8176713799121473,2.8039262524060278,3.356223368250617,3.3604081047125067,3.750941560807734,3.8116457178935534
2023-11-28,2.8300829790497084,2.816852405094114,3.373881507086483,3.3780882607532265,3.772843976757301,3.8339025962299123
2023-11-29,2.8237029293921574,2.809741193235298,3.366644317139272,3.37084204705243,3.7624480401326426,3.823338414763342
2023-11-30,2.8203793997637354,2.8050874288164587,3.3712823974004396,3.375485910344538,3.766016461698216,3.826964586635007
2023-12-01,2.822741436328016,2.8074366585241455,3.3697753058861237,3.3739769397000066,3.768092635488905,3.8290802581733314
2023-12-04,2.8021242957487664,2.7869313031588914,3.33748959531526,3.3416509734085302,3.730178883813445,3.790563350744453
2023-12-05,2.8059998249762974,2.790785819440307,3.3418198158333197,3.3459865930999113,3.734410855225963,3.794868858433991
2023-12-06,2.7864369615857667,2.7713290250200155,3.317820977326091,3.321957831431,3.713006949232486,3.773114572344141
2023-12-07,2.8263247358074186,2.811000529514054,3.3718486827560223,3.376052901777979,3.782351769133271,3.843599644031665
2023-12-08,2.8549267581793853,2.8394474730001136,3.4014422373701665,3.405683355374516,3.8144233349184433,3.8761714311463704
2023-12-11,2.879455742737471,2.8638434625011264,3.429253536580501,3.4335293313464974,3.8430044961327026,3.905199551727673
2023-12-12,2.905865948500926,2.8901104733102834,3.457274874722869,3.4615856081393983,3.8754922439832766,3.9382238897807427
2023-12-13,2.945862219656661,2.929889886472882,3.494265146970158,3.498622002031179,3.906288533968547,3.9694743366579575
2023-12-14,2.9362040069411335,2.9202840401546815,3.4706582951544105,3.4749857158058193,3.8694317438767842,3.9319042421573798
2023-12-15,2.9543893976115325,2.938370830450314,3.4942615967693635,3.4986184474038216,3.9009837547267807,3.9639775196394145
2023-12-18,2.984781875932508,2.968598522113317,3.5280173545296836,3.5324162938259414,3.933210764506843,3.9967535355501944
2023-12-19,3.001524275607031,2.9852501452457085,3.5546832702721107,3.5591154581986455,3.957508320360011,4.021445794608793
2023-12-20,2.9536115065679764,2.937597157097201,3.4965568598215753,3.500916572324847,3.891847369570099,3.954759748460019
2023-12-21,3.0022676054585817,2.9859894447960524,3.5632284641699616,3.5676713067462273,3.9638696214275004,4.027847148705292
2023-12-22,3.0046056760393633,2.988314838462729,3.5675941796583186,3.572042465665124,3.971588439508125,4.035672595189854
2023-12-25,3.0032919119932426,2.987008197586501,3.5660342488488412,3.5704805898422745,3.9698518621797176,4.033907997059805
2023-12-26,3.022833027523786,3.0064433620627296,3.591935467102177,3.5964141032561256,4.000171926213169,4.064707867818495
2023-12-27,3.035966198108684,3.019505325184175,3.6075017148663706,3.611999759932486,4.019086120297566,4.083928428786596
2023-12-28,3.0333450956937513,3.0168984342692915,3.60517260848342,3.6096677494828637,4.017484804735509,4.08230987925692
2023-12-29,3.019995714957773,3.003621433278533,3.5894044401189382,3.593879920439739,4.000793271313148,4.065359522277083
2024-01-02,2.966620824613242,2.9505359392019757,3.518027279673377,3.522413762757441,3.9032716911871845,3.9640011304351144
2024-01-03,2.9265332103533788,2.9106656781934945,3.469581217988504,3.4739072956768604,3.8430334652859,3.903141220463003
2024-01-04,2.9313420341407928,2.9154484287534257,3.473622025167286,3.4779531411714006,3.8452187987550666,3.904178613058109
2024-01-05,2.949862478351669,2.933868455944219,3.496188741592846,3.5005479951047027,3.871125113660758,3.930008481569009
2024-01-08,2.999580891015983,2.983317297599004,3.5508883030638967,3.555315759202381,3.9360070028763805,3.997628401792133
2024-01-09,2.9950004354315345,2.9787616770398437,3.543328623464248,3.547746653750104,3.9251437128467606,3.9875452877116104
2024-01-10,3.0154581629031894,2.999108483628234,3.5522102979007726,3.556639402380087,3.9281604389280815,3.992049415439158
2024-01-11,3.0269825509322934,3.0105703869409304,3.568794046093349,3.573243828164128,3.9508564088705715,4.015908333880698
2024-01-12,3.009377903790235,2.993061191408221,3.5423790911192823,3.546795937472452,3.912516285567982,3.9784622193153445
2024-01-15,3.0081798623870353,2.9918696457319203,3.540968860515926,3.545383948510735,3.910958702356216,3.976878382850737
2024-01-16,3.0039495335076927,2.987662253506525,3.5351816953666124,3.5395895675839193,3.9037172485958407,3.9704656048561597
2024-01-17,2.9943600497550125,2.978124763505801,3.5215236467199875,3.5259144892798773,3.886186243570663,3.95292279491672
2024-01-18,3.025878146307632,3.009471970348739,3.5649462857577987,3.5693912702149504,3.9424603359806674,4.010971207208303
2024-01-19,3.092170798054073,3.075405186302721,3.6485210584963474,3.653070248889833,4.045377898730477,4.115230934402945
2024-01-22,3.0772192488584222,3.0605347037380244,3.6376202621211084,3.6421558607613007,4.0360350195275325,4.105343833273148
2024-01-23,3.07256137805639,3.0559020877031364,3.635788894797259,3.6403222099810923,4.036328988473019,4.106778000701342
2024-01-24,3.120632546659431,3.1037126165802538,3.705569416946798,3.7101897385849525,4.128239205111144,4.200313996202354
2024-01-25,3.1340094483236896,3.117016989282033,3.713322333742656,3.717952322172911,4.136197235861952,4.207621487406303
2024-01-26,3.109033870892747,3.092176828314765,3.6774626392028487,3.6820479156593713,4.084475694769191,4.155144709960667
2024-01-29,3.147210484822436,3.1301464503513987,3.7166214637748896,3.72125556575433,4.128291392243263,4.2007863894374795
2024-01-30,3.130322274203481,3.1133498068550094,3.6876023756404397,3.6922002949160593,4.0791101173984545,4.148599895258882
2024-01-31,3.0962082708655285,3.0794207681171937,3.6538254389222327,3.658381243128853,4.047187089769774,4.114667661838553
2024-02-01,3.1300290388533845,3.113058161413851,3.692474841031525,3.6970788355832123,4.082713029639347,4.15072117710813
2024-02-02,3.192552050046258,3.1752421756367375,3.7900948864878763,3.7948205994470716,4.219124149422456,4.289442185678608
2024-02-05,3.185662761649254,3.1683902406532556,3.7861292691487916,3.790850037543322,4.219076466706773,4.289485621963126
2024-02-06,3.172553126367157,3.155351685227259,3.7545052834949417,3.759186621246362,4.174859064114358,4.244339474645073
2024-02-07,3.214852230374272,3.197421445384521,3.8107964150581326,3.8155479398992918,4.24091353363355,4.311382576321171
2024-02-08,3.2377239030918217,3.2201691089156617,3.8155471567000565,3.820304605044983,4.2480580487778274,4.318514372797971
2024-02-09,3.26009428421733,3.2424181988353524,3.842911217334368,3.8477027847976353,4.282304224460659,4.353160177289727
2024-02-12,3.270500757766952,3.2527682489508765,3.8528426548521026,3.857646605415104,4.287516571466533,4.3581580969267835
2024-02-13,3.2303320327079956,3.212817316922405,3.798613517609186,3.803349852098103,4.229243094961701,4.2986943267210025
2024-02-14,3.2901927799885615,3.2723535019088326,3.874603383890062,3.8794344670083944,4.326348234820943,4.397198387196173
2024-02-15,3.3125173230777616,3.2945570023240025,3.9065541290536916,3.911425050238088,4.362821999496981,4.434245355601534
2024-02-16,3.284322639780847,3.266515189338752,3.872561329608533,3.8773898665736235,4.320944112983671,4.391521528326337
2024-02-19,3.283122951808451,3.265322006020879,3.871146771491366,3.8759735447022954,4.3195803636685515,4.390173718904572
2024-02-20,3.2528347369202177,3.2351980124789557,3.8271915982515883,3.8319635655703106,4.26757999506103,4.337352042660954
2024-02-21,3.2383396328493426,3.2207815002139775,3.8155212305602895,3.8202786465789824,4.242363443040623,4.311817186948357
2024-02-22,3.3521080412532265,3.333933061396439,3.9837783489934817,3.9887455578719497,4.448599909355104,4.5217615537951295
2024-02-23,3.3452782663999576,3.3271403172769256,3.9743247777762423,3.979280199386753,4.433883641385119,4.506869061477866
2024-02-26,3.372214442154784,3.3539304462916824,4.013785306073735,4.0187899293890945,4.474349005852526,4.547815404466273
2024-02-27,3.3989494234341646,3.3805204716984414,4.0507723595698675,4.055823100516384,4.511698686465712,4.585668422278806
2024-02-28,3.407667711535571,3.3891914896317377,4.056854809658696,4.061913134561306,4.5105703841289015,4.583875799193714
2024-02-29,3.452322503651805,3.433604165462558,4.117138199545121,4.1222716893196765,4.594004065120964,4.668834336214681
2024-03-01,3.529081949295871,3.5099474248258598,4.230685118188387,4.23596018493159,4.731252957935682,4.814716503370919
2024-03-04,3.5595319420151355,3.540232319046651,4.277851169290505,4.283185045437062,4.791028277921437,4.875426395568526
2024-03-05,3.5081381963722853,3.489117227993789,4.218732430462912,4.22399259389288,4.715658299965958,4.795823142655005
2024-03-06,3.5399157072616343,3.520722442640531,4.255438031823341,4.26074396195341,4.757527821747754,4.839172612802086
2024-03-07,3.5825489604545924,3.5631245402417004,4.327079091192931,4.3324743476044825,4.848189831876022,4.936836290782754
2024-03-08,3.527102292335324,3.507978501476795,4.231714558676997,4.236990908987076,4.721327018583021,4.805707927690061
2024-03-11,3.4940163389255323,3.4750719386264275,4.170669686788271,4.175869922765908,4.646102323583266,4.725226013300877
2024-03-12,3.5518797370014203,3.5326216039462284,4.259004178829479,4.264314555441134,4.752695205251233,4.83632693956466
2024-03-13,3.53822641737047,3.51904231200359,4.2312200284865185,4.236495762187304,4.716754786587335,4.794674573944599
2024-03-14,3.507302067361558,3.4882856324371523,4.186921720307241,4.192142220275019,4.677013465713404,4.752923168614199
2024-03-15,3.48466033325241,3.4657666607975597,4.166572581640391,4.171767709106639,4.641116162610574,4.717344990108641
2024-03-18,3.5107486972469486,3.4917135748494776,4.196089933592957,4.20132186502766,4.678915180022914,4.754964284859354
2024-03-19,3.505389976751872,3.4863839090972286,4.184998134778548,4.190216236306884,4.657201523700098,4.732474964619122
2024-03-20,3.5663983207833163,3.5470614686162905,4.257752047745878,4.263060863126938,4.734440481424536,4.81225696798842
2024-03-21,3.6164674702596318,3.5968591454037835,4.331835932185739,4.337237119706085,4.772627677100465,4.866558656494203
2024-03-22,3.6088174756141163,3.5892506286870454,4.33305269827501,4.338455402930796,4.784257522301342,4.880327249673941
2024-03-25,3.6328628748985694,3.613165654892147,4.374175188586422,4.37962916717893,4.82314480325593,4.928865113065253
2024-03-26,3.624818002977726,3.605164401907005,4.358114162182975,4.3635481149442334,4.798063173499053,4.904427372137241
2024-03-27,3.628883430292522,3.6092077866567522,4.358551749073268,4.363986247443567,4.7842241979885864,4.888351870661173
2024-03-28,3.63329396152058,3.6135944041817782,4.358267544894129,4.363701688901961,4.787573121596724,4.89000042236301
2024-03-29,3.6311058049947778,3.6114181117427813,4.355642771982674,4.361073643269444,4.784689798782845,4.887055412559595
2024-04-01,3.648133778224044,3.6279512362680877,4.383832122787321,4.389298142212673,4.826268957729102,4.929525162732543
2024-04-02,3.6320482476695344,3.6113140495224707,4.360614697590873,4.366051768166542,4.798091775249611,4.900745756529992
2024-04-03,3.655336936659153,3.6335323755925777,4.400171904291614,4.405658297116404,4.851453664406814,4.955249832547156
2024-04-04,3.594093568102725,3.573686720094073,4.308136862683725,4.31350850081194,4.739388754063637,4.840784574796489
2024-04-05,3.654203321354137,3.634044498125278,4.385446956975094,4.390914989870526,4.832363646818169,4.935750290936159
2024-04-08,3.649503856027884,3.628302411737853,4.374579609561577,4.380034092409853,4.814317543292639,4.91731751506295
2024-04-09,3.6291867473305865,3.608377785986837,4.344110274458157,4.3495267663495,4.778507083385724,4.880741788727957
2024-04-10,3.621978791131724,3.6039613305718072,4.336217852133757,4.3416245032892595,4.778274427955656,4.880504098898421
2024-04-11,3.6618704070934833,3.6453990447550266,4.397456520095175,4.40293952721942,4.8650783957047565,4.969165074922231
2024-04-12,3.5775612802294607,3.5626060867633353,4.279434321423641,4.28477017153724,4.744281247217898,4.845788410099638
2024-04-15,3.5090125914028576,3.4925732461152137,4.189449024983028,4.1946726761427415,4.643008074513225,4.742341213031553
2024-04-16,3.5199570245236185,3.5059673874733526,4.2136835797473315,4.218937447973603,4.681084734301707,4.7812351819205245
2024-04-17,3.4677202882245486,3.4526131263442528,4.133342490629448,4.1384961848661055,4.573780983977881,4.671635704179937
2024-04-18,3.449867602557362,3.4332338876271633,4.114011682641293,4.119141274090941,4.54555124703662,4.642799873308086
2024-04-19,3.371634612001318,3.3526222978756595,3.9849133702723796,3.9898819943621837,4.351680683678345,4.4447786919782315
2024-04-22,3.415656511287235,3.395485992574128,4.0429069800777135,4.047947914007101,4.41359287500463,4.508014801138469
2024-04-23,3.4762009866984616,3.4551526298314914,4.124458278033831,4.129600894912324,4.516597474037158,4.61322266280005
2024-04-24,3.446825716030823,3.4261846421535167,4.079346063337502,4.08443243165658,4.457545526916364,4.552906772016823
2024-04-25,3.4290504090058973,3.4092412951157773,4.060394366151692,4.065457104381394,4.434451732458511,4.529317767162179
2024-04-26,3.4680924720502797,3.448989213299776,4.1239290019620665,4.1290709589081045,4.5226700295804845,4.619423644677444
2024-04-29,3.463700006733289,3.4448896070876405,4.120986227691642,4.126124515413869,4.519052672670336,4.615729499215586
2024-04-30,3.4266071209642797,3.4087401469946297,4.083679007894007,4.088770778782888,4.481259877305588,4.5771266318287696
2024-05-01,3.414449245064204,3.3966456645460266,4.06005812625348,4.064827811186632,4.4470717865295475,4.542207161620212
2024-05-02,3.438032292062271,3.4201057451017918,4.087090131127541,4.091781232742473,4.485001489023931,4.580948287146895
2024-05-03,3.4482224131177,3.4302427329495857,4.101685556379989,4.108483035863048,4.503770554559041,4.600118875791032
2024-05-06,3.502480023058071,3.484217433507516,4.173085354467551,4.180523451810615,4.591190576790939,4.689409058210278
2024-05-07,3.485293845887424,3.467120868296836,4.145762205923167,4.153854917876723,4.554409933762824,4.651841573764143
2024-05-08,3.481937207795757,3.4637817323474605,4.139339967366985,4.144274529896397,4.542079849739449,4.639247714559082
2024-05-09,3.4991916272557297,3.480946184019336,4.151763090640235,4.157459567944165,4.54820085869409,4.6454996691136135
2024-05-10,3.517501240197875,3.499160327196117,4.175063998390537,4.180529020405417,4.568781301192283,4.66652038516946
2024-05-13,3.5047460749986326,3.486471669827083,4.165192049121956,4.169839761155546,4.564569026472092,4.66221799804391
2024-05-14,3.5264542109538977,3.508066615478835,4.1944301333271,4.19822576978338,4.595041960252402,4.693342833597895
2024-05-15,3.5644905235139617,3.545904599551732,4.249288717336568,4.254195018292991,4.657815714761614,4.757459495298116
2024-05-16,3.5563414963021622,3.537798062900399,4.24191315015069,4.247649189464147,4.648073156474298,4.747508516283299
2024-05-17,3.5753535800459604,3.5567110140639606,4.259338664530515,4.263789422065937,4.660794309151369,4.7605018102006325
2024-05-20,3.596728424872228,3.5779744064293433,4.298723098251934,4.307698230067007,4.719925538395254,4.820898022773706
2024-05-21,3.6005892708758642,3.5818151212558083,4.305220482632055,4.314378695577388,4.721835584612359,4.822848930252341
2024-05-22,3.5684312512450833,3.549824779587332,4.266581493151544,4.276872183111366,4.678347254350967,4.77843026227434
2024-05-23,3.5393920494842894,3.5209369936859125,4.238946163597763,4.24810358684891,4.6606382643694175,4.760342427181832
2024-05-24,3.563637903030542,3.5450564247918637,4.271275711003945,4.279729542974622,4.696694425520037,4.7971699310451505
2024-05-27,3.565896058976005,3.5473028062875365,4.2739822729229635,4.282441461798985,4.6996705607867515,4.800209734217065
2024-05-28,3.601501635142487,3.5827227282835565,4.325134464789154,4.333211597233348,4.7693814762129305,4.871411962220442
2024-05-29,3.5789230930058014,3.5602619149119112,4.3005885062808415,4.307475319237307,4.746064578687214,4.847596250666406
2024-05-30,3.559593217198924,3.5410328287128543,4.268884806326014,4.274557005690175,4.700114964201588,4.800663644671042
2024-05-31,3.5711220012884435,3.552501499553914,4.280242467358461,4.288469083918379,4.707482603495836,4.808188898494905
2024-06-03,3.5883421765687515,3.5696318856017175,4.304930474150469,4.313529594907939,4.732889520855637,4.834139341286486
2024-06-04,3.5726347944528363,3.5540064047302367,4.2844105056663935,4.293286258775292,4.715311986706225,4.816185774236155
2024-06-05,3.621828497579208,3.6029436026366626,4.346749129927554,4.356114639650726,4.792588829730834,4.895115786312189
2024-06-06,3.6364613869865474,3.617500193406629,4.352471384542336,4.363483265087643,4.787584443429868,4.890004342110951
2024-06-07,3.6067843555352472,3.5879779035786656,4.316122507908022,4.3267174071819126,4.756612210437851,4.858369525930589
2024-06-10,3.615256256529893,3.5964056304882175,4.327873841077181,4.338456942266788,4.772697151285678,4.8747985689099576
2024-06-11,3.615486547538421,3.5966347207161165,4.339270533823491,4.349643917759222,4.799021975022489,4.901686554678011
2024-06-12,3.6451351013774413,3.626128681419426,4.388795141201591,4.39911060631688,4.863194067983296,4.967231469222823
2024-06-13,3.6264543933803153,3.607545378147072,4.369699603492423,4.37877951767211,4.851410393380635,4.955195708673025
2024-06-14,3.6462053653912574,3.627193364875389,4.387760907611481,4.396434458654286,4.866856646993002,4.970972401100347
2024-06-17,3.6557919538570385,3.6367299670659623,4.400913889226057,4.409191150307697,4.891790775302682,4.996439940554066
2024-06-18,3.6796327457812894,3.66044644861739,4.432133698872222,4.43967762403089,4.928495298465705,5.033929676717071
2024-06-19,3.6796327457812894,3.66044644861739,4.432133698872222,4.43967762403089,4.928495298465705,5.033929676717071
2024-06-20,3.6783284965514227,3.659148999988298,4.4267545615364945,4.434378164932063,4.908798926124451,5.013811943565708
2024-06-21,3.645242360016756,3.6262353807920227,4.379701984952006,4.387991779119673,4.858050916292775,4.961978291049992
2024-06-24,3.6455069062923102,3.626498547673543,4.388489035866255,4.395877621078704,4.8648386551387395,4.968911238723727
2024-06-25,3.6668000778035306,3.647680692583904,4.422823160073707,4.43030977966349,4.918604914269814,5.023827709381658
2024-06-26,3.65672807441147,3.6376612065117677,4.411973958243598,4.419008382193724,4.913258536545964,5.0183669575989756
2024-06-27,3.6597735518856296,3.640690804293615,4.4081213252808755,4.414947187282926,4.896157747038603,5.0009003340996765
2024-06-28,3.6503067746041,3.631273388569245,4.395898621063966,4.4020823659666375,4.875293218973866,4.979589455087889
2024-07-01,3.685074412584863,3.6658597415468335,4.436879336588487,4.443120729383564,4.930099460589313,5.035568156381001
2024-07-02,3.734679373010871,3.715206052379988,4.509216392764307,4.515559542660937,5.0128610229447395,5.12010022136281
2024-07-03,3.7800608394042534,3.7603508912727146,4.570171795356472,4.57660069169372,5.0877754666452875,5.196617295747833
2024-07-04,3.7800608394042534,3.7603508912727146,4.570171795356472,4.57660069169372,5.0877754666452875,5.196617295747833
2024-07-05,3.807959071126859,3.7881036563683064,4.604860896239688,4.611338590005916,5.145780860037411,5.255863587673313
2024-07-08,3.807598789570644,3.787745253387884,4.616301499460577,4.622795286812656,5.164301295566395,5.274780227416097
2024-07-09,3.8264472489551022,3.8064954333602854,4.650068448271203,4.656609735853745,5.200460498045151,5.311712976951415
2024-07-10,3.8633455731872597,3.843201362790439,4.692959040578103,4.699560662691627,5.252127230991547,5.3644850066536325
2024-07-11,3.77168606901779,3.75201978851409,4.559898666172944,4.566313111219182,5.096262552501758,5.205285944244879
2024-07-12,3.790405846996185,3.7706419580494828,4.58764626402175,4.594099741830467,5.1352332625590424,5.245090347414579
2024-07-15,3.8083680506015756,3.788510503347127,4.62106887769698,4.627569371357237,5.176428753781068,5.287167126076426
2024-07-16,3.8236486322511847,3.8037114091702025,4.643560183042377,4.650092315397419,5.187028608569831,5.297993741576427
2024-07-17,3.740386517356812,3.7208834386019722,4.537044883267116,4.543427179718553,5.063321035860778,5.171639715898736
2024-07-18,3.7013164928399824,3.682017132540861,4.4883599039570035,4.494673714868032,5.01437281883051,5.121644358815256
2024-07-19,3.6616281341337427,3.6425357164010923,4.44667763823078,4.452932814373259,4.971819773098798,5.0781809837339695
2024-07-22,3.707024934031131,3.687695808846052,4.515844526049108,4.522196999792568,5.062107574710381,5.170400295400874
2024-07-23,3.709929444236388,3.6905851743888456,4.509807565026373,4.51615154652964,5.05829923811164,5.166510487769464
2024-07-24,3.5827876043837885,3.564106276000769,4.331563633661524,4.337656878035247,4.825136539071627,4.928359782712214
2024-07-25,3.528850551493545,3.510450461048223,4.274119317227334,4.280131754232744,4.75861438268737,4.860414530276616
2024-07-26,3.550818980929718,3.532304342961722,4.28901671175069,4.295050105037258,4.777162386486337,4.879359328052228
2024-07-29,3.5551478364598235,3.5366106270249658,4.296589289348507,4.30263333503909,4.801097143095169,4.903806116433198
2024-07-30,3.5121986117397115,3.4938853476399965,4.2349998593717295,4.240957266730424,4.7279791617769655,4.829123935814315
2024-07-31,3.6103830460190545,3.5915578298134863,4.369649581875951,4.375796402050309,4.905877654311577,5.01082817753125
2024-08-01,3.5344538479418675,3.516024540855059,4.265723507826297,4.271724134381092,4.779001795005915,4.881238086694281
2024-08-02,3.477723225506819,3.4595897225546017,4.186928747776958,4.192818533127745,4.702559305029634,4.803160276825304
2024-08-05,3.3808729576163747,3.363244450175559,4.0511908551602085,4.056889696957946,4.538778478299509,4.635875717497287
2024-08-06,3.411079550879768,3.393293540580694,4.108923678035991,4.114703733046297,4.605401379714007,4.703923870182721
2024-08-07,3.371487658224229,3.3539080874995197,4.054088922197497,4.059791840728754,4.529881639616254,4.626788550407862
2024-08-08,3.475468459458982,3.4573467132809808,4.1969383097318795,4.202842175611596,4.700439941152554,4.80099557379314
2024-08-09,3.501981746820545,3.4837217553758735,4.238266632897363,4.244228635651863,4.754557343607778,4.856270699718693
2024-08-12,3.506538507971487,3.4882547567171787,4.249150647425147,4.255127960807838,4.773715701166765,4.875838908438171
2024-08-13,3.573047017368122,3.554416478237555,4.3471044679575845,4.353219573744196,4.893487291567856,4.998172750074451
2024-08-14,3.592530870678761,3.5737987390726795,4.382687236702685,4.388852397047828,4.924880602419565,5.0302376521544065
2024-08-15,3.6588905172867388,3.6398123740030166,4.467362979958619,4.473647254332742,5.036828374842859,5.144580302338008
2024-08-16,3.6823650522819387,3.663164508357894,4.4856161119492555,4.491926063146626,5.048920825845185,5.156931444883241
2024-08-19,3.7171004121473645,3.6977187515243113,4.540923485341401,4.547311237852626,5.110966680248752,5.2203046346469835
2024-08-20,3.709142632576641,3.6898024653128765,4.537602757150699,4.543985838367656,5.108534064890832,5.217819978803631
2024-08-21,3.719474843582664,3.7000808022275393,4.547894552152271,4.55429211091759,5.121045174215734,5.230598735950641
2024-08-22,3.685123839438984,3.6659089106798293,4.500859818739021,4.507191213377714,5.057885829856826,5.166088235549174
2024-08-23,3.7376543376582956,3.7181655050020006,4.5656890429686365,4.572111633383079,5.136676193871027,5.246564147086294
2024-08-26,3.7230561796055097,3.703643464490774,4.542396917198113,4.548786742397428,5.101715448979357,5.2108554935171005
2024-08-27,3.736964613640231,3.7174793773346493,4.567718156969054,4.574143601753997,5.1356985737446035,5.245565612915329
2024-08-28,3.7103084086479363,3.6909621628083906,4.530912236656326,4.537285906265875,5.089452130681551,5.198329828344289
2024-08-29,3.7113530597088507,3.692001366862231,4.524323870447815,4.530688272151195,5.073290413157563,5.181822366219684
2024-08-30,3.750822102558158,3.7312646106991876,4.58868382735956,4.5951387647166895,5.148683132159295,5.258827947559968
2024-09-02,3.750822102558158,3.7312646106991876,4.58868382735956,4.5951387647166895,5.148683132159295,5.258827947559968
2024-09-03,3.702215117643285,3.682911071745056,4.5235239057975125,4.529887182184372,5.086483845400947,5.195298043091764
2024-09-04,3.7182919637107346,3.698904090113512,4.544322581582457,4.550715115628888,5.110921680112731,5.220258671831464
2024-09-05,3.7026431940600713,3.683336916090887,4.520562841025848,4.52692195205978,5.073506654581045,5.182043233655493
2024-09-06,3.625377673032128,3.606474272020891,4.406505727638247,4.412704393640499,4.94368742509138,5.049446805666607
2024-09-09,3.6687220382115577,3.6495926315285043,4.46018123339759,4.466455405152759,5.001633500511241,5.10863251064154
2024-09-10,3.685133343214684,3.665918364900863,4.484241909086061,4.490549927181529,5.036215916608184,5.143954741898852
2024-09-11,3.7139439926189057,3.6945787901607186,4.523554325219791,4.52991764439789,5.078430109998107,5.18707201563357
2024-09-12,3.7525150750661638,3.732948755730019,4.563958984338307,4.570379141065768,5.115452291179579,5.224886205413606
2024-09-13,3.7471411995096737,3.7276029005713953,4.545484712535015,4.551878881360127,5.082231097423489,5.190954316872129
2024-09-16,3.7397553032776694,3.720255515791432,4.532031875200326,4.538407119814154,5.052714958007266,5.160806744205135
2024-09-17,3.732361282323922,3.712900048653568,4.529320671031085,4.535692101772845,5.036839551549859,5.1445917181462155
2024-09-18,3.7200682947834185,3.7006711590620314,4.515450275202302,4.521802194349984,5.030873439379758,5.138497974054169
2024-09-19,3.798214692232923,3.7784100864982415,4.6157787015127845,4.6222717534408755,5.141618238444681,5.25161191589531
2024-09-20,3.8002246321950253,3.7804095462553833,4.607868130013381,4.614350054078797,5.131076937473449,5.240845106843711
2024-09-23,3.819368409045031,3.7994535038525257,4.635097765896185,4.64161799410294,5.160714179211779,5.271116372552145
2024-09-24,3.83734283416118,3.8173342069356653,4.659538897294459,4.666093507031529,5.188410600047451,5.299405297739298
2024-09-25,3.8384193873028374,3.81840514672678,4.65075133289683,4.65729358109847,5.171009848940082,5.281632295617573
2024-09-26,3.8350238941401966,3.8150273583041683,4.64267084728479,4.649201728604247,5.166505103185345,5.2770311806793355
2024-09-27,3.8255793234240754,3.805632033356003,4.637798540626358,4.644322568034008,5.161880935981035,5.272308089530782
2024-09-30,3.8412365703644737,3.8212076404661537,4.6685172785842415,4.675084518280352,5.198511932089779,5.309722725688981
2024-10-01,3.8384148872542005,3.8213646096134886,4.6680947359075855,4.67071985463173,5.216441790541495,5.328036154249525
2024-10-02,3.8334409924542925,3.8174721392145328,4.654019935413697,4.651029383415436,5.189623155437475,5.300643793100027
2024-10-03,3.8305796842843622,3.815683783811664,4.648773913171431,4.64424145494282,5.180893578356406,5.291727465808965
2024-10-04,3.8607270508230713,3.8465867991696974,4.681493977641603,4.674321251404137,5.213348208319383,5.32487639160146
2024-10-07,3.82240167896649,3.8097500600213445,4.633944430329002,4.626107111423737,5.1578565850615155,5.268197646424622
2024-10-08,3.8369002953252687,3.820149658483648,4.648079161040729,4.638051919624738,5.168326266190619,5.2788913034842055
2024-10-09,3.8376233040449352,3.819046244716338,4.647784290229049,4.640813064104006,5.1737425638441765,5.284423470980574
2024-10-10,3.8374516609265874,3.8211454765728647,4.644263383077504,4.635347913953118,5.166216121350221,5.276736016709851
2024-10-11,3.844456445753212,3.8289153123150417,4.650106568204469,4.643531985995431,5.164340952108171,5.274820732322878
2024-10-14,3.8638004853183245,3.8484460086469476,4.6759068834751085,4.672223100859924,5.177738245354889,5.28850463135862
2024-10-15,3.8529943858239446,3.8345117328206313,4.662248391702533,4.662827420640511,5.15287501596569,5.263109507552724
2024-10-16,3.8692454328848855,3.8516330620184323,4.687846715332398,4.686178079126737,5.184555925723618,5.2954681610885155
2024-10-17,3.867338801897448,3.8497159826691973,4.690307311083583,4.688518933634777,5.185458028421169,5.296389562300375
2024-10-18,3.912529997624684,3.894018055337709,4.713114549297761,4.712556907268413,5.203736577197677,5.315059140652622
2024-10-21,3.9052544179909927,3.88711298044584,4.698163948404525,4.698626580264109,5.1852416948928175,5.296168600789308
2024-10-22,3.9073525981173574,3.888983616708587,4.701574921541319,4.703545282442478,5.191062606841953,5.302114038419214
2024-10-23,3.8671966686891106,3.8481213420853853,4.655876960310834,4.6567711264348715,5.147340435545935,5.257456526889062
2024-10-24,3.9300043414372796,3.910685351850559,4.747946512881696,4.74865240869857,5.262899967449103,5.375488202247662
2024-10-25,3.9339060866636433,3.9147155015521755,4.75420460300609,4.751809269193687,5.270969903666675,5.383730777101593
2024-10-28,3.9494229566874623,3.9297346530595547,4.773202593518274,4.772464023634754,5.277895478089663,5.390804509043073
2024-10-29,3.9666821115917816,3.9460717153568874,4.78616384202718,4.784533726776981,5.275867734192531,5.388733385999954
2024-10-30,3.9663727661532806,3.946118834269322,4.791195234870189,4.7888214471250174,5.289242066019411,5.402393832406499
2024-10-31,3.9058315607298892,3.886468836050684,4.710717944315086,4.707547080851195,5.204635665386472,5.315977462866904
2024-11-01,3.924409438577102,3.905061388603059,4.74126509503943,4.738073669774704,5.247366636819566,5.359622569980815
2024-11-04,3.9073145416222097,3.88798349980761,4.712407346061573,4.7092353454329565,5.210159034219086,5.321618992096034
2024-11-05,3.955983018542326,3.9362959288902495,4.7820105256775065,4.77879167397824,5.302966655243936,5.416412029201674
2024-11-06,4.067880962513481,4.049028222550918,4.969899965215607,4.966554641975031,5.590826378090211,5.710429881266622
2024-11-07,4.112276000305413,4.0925942861947435,5.023778458211176,5.020396868450943,5.6510123576516955,5.771903408233603
2024-11-08,4.139935299087569,4.119945480959301,5.063150409919919,5.0597423182369115,5.711197101664634,5.833375673220152
2024-11-11,4.174981545811934,4.154898105462203,5.125458616284884,5.122008583900393,5.82622326866422,5.950862573499476
2024-11-12,4.156903392023372,4.137119661698598,5.105666676871807,5.102229966774558,5.804648155622314,5.928825908098975
2024-11-13,4.16144210552621,4.1412810018237645,5.110864518648456,5.107424309796499,5.820047165085075,5.944554345691415
2024-11-14,4.1174243875510435,4.097607445864056,5.051714430261786,5.048314036328992,5.74527593472827,5.868183548386428
2024-11-15,4.0982746544766115,4.078520806641688,5.013629628139377,5.010254869727326,5.689321654656989,5.811032248865491
2024-11-18,4.13679930538946,4.116908221135398,5.056997599852051,5.053593649728963,5.727599814767983,5.850129286497429
2024-11-19,4.174502302656953,4.154577972749646,5.114974440297812,5.111531464988479,5.799659283332037,5.9237303097967695
2024-11-20,4.174941813464349,4.1550611849108545,5.1184937168277465,5.1150483726342015,5.7920175852011555,5.915925134246826
2024-11-21,4.215250023910254,4.194836712661659,5.159946846735799,5.1564735997434346,5.83504084677449,5.959868784409303
2024-11-22,4.249752204378311,4.22872738146993,5.194661074258176,5.19116446053551,5.86414188096271,5.9895923715797945
2024-11-25,4.182237146220632,4.161351477353829,5.108267650002486,5.104829189146483,5.79444543481068,5.918404922389094
2024-11-26,4.1998883535786105,4.178793742908153,5.137788243028526,5.1343299113649365,5.835331252467541,5.9601654026970845
2024-11-27,4.193003583700509,4.17212335925648,5.112885556631951,5.1094439873853394,5.786456403611404,5.910244983339375
2024-11-28,4.19232618745182,4.171449336290314,5.11205954982635,5.10861853657881,5.785521578781716,5.909290159976925
2024-11-29,4.230385182819262,4.209255307642585,5.164551655961739,5.161075309394849,5.849512527368638,5.97465005496012
2024-12-02,4.249789706129052,4.228523757577452,5.188157830530136,5.184665594250182,5.865166463059662,5.990638872369967
2024-12-03,4.2453619880549285,4.224219541971347,5.174660436138653,5.1711772851818365,5.832384634130161,5.957155747904645
2024-12-04,4.294681180646528,4.273298569415666,5.232542281108332,5.229020168908324,5.927589104234865,6.054396909434286
2024-12-05,4.28011162837563,4.258784228072442,5.224899535620213,5.221382567880713,5.91949953835711,6.046134284986522
2024-12-06,4.324895606935955,4.303392687802678,5.280566569692612,5.27701213153638,5.996509259547124,6.124791460740506
2024-12-09,4.285585489298852,4.2642469543224735,5.217685180508414,5.2141730688726575,5.913201983416494,6.039702007630754
2024-12-10,4.277219730501424,4.2556793320521935,5.197251540258837,5.193753182849945,5.876369298176732,6.002081367643671
2024-12-11,4.359138905384019,4.337124083886955,5.2842109530049415,5.280654061753018,5.986393569242108,6.114459367364513
2024-12-12,4.329847171655439,4.308163303113983,5.263935556324469,5.260392312783003,5.965411025232596,6.093027947714913
2024-12-13,4.326220653443916,4.304510893686939,5.245719570027015,5.24218858797225,5.949944963098655,6.0772310230060205
2024-12-16,4.376437200028396,4.354418792809654,5.283999369226322,5.280442620395004,6.013533270705242,6.142179663385702
2024-12-17,4.3605938435996,4.338754894357675,5.2635269871914225,5.259984018664715,5.991115955546754,6.11928277879625
2024-12-18,4.198608001609399,4.17763330826649,5.0566690215960595,5.0532652926445225,5.7442531852478185,5.867138919417659
2024-12-19,4.150146062013985,4.129146344169496,5.048534877343411,5.045136623621154,5.742850161108031,5.865705880644827
2024-12-20,4.194457869416419,4.173395116152462,5.098122719424048,5.094691087291417,5.812374420687496,5.936717459707872
2024-12-23,4.2187696511611055,4.1974835478909585,5.136286815771221,5.132829494743571,5.856317172079406,5.981600270162656
2024-12-24,4.2841424651448605,4.262568117776856,5.228348592791972,5.224829303434095,5.9709632670305455,6.098698967583331
2024-12-25,4.285495100703564,4.263913941650455,5.229999343269447,5.226478942763665,5.972848483803892,6.10062451444656
2024-12-26,4.267235346158764,4.245766619212383,5.2028995841608285,5.199397424958613,5.939756892189199,6.0668250006008515
2024-12-27,4.212150273731482,4.190866159319593,5.13610137766487,5.132644181458726,5.850746777355129,5.975910709025753
2024-12-30,4.15548086903325,4.134567399056442,5.076264455820787,5.072847536852955,5.7808937759659305,5.904563355440915
2024-12-31,4.13533279712373,4.114383420230177,5.054250627784743,5.050848526694748,5.746024897538084,5.868948533617627
2025-01-02,4.121439311518495,4.100560318287071,5.015464699456811,5.012088705827399,5.696707540404841,5.818576139485979
2025-01-03,4.176709795573868,4.15555080499801,5.075756378510593,5.072339801538143,5.771989590032038,5.895468683922494
2025-01-06,4.230200238542768,4.208770268216327,5.123379720303726,5.119931087259079,5.818543320760214,5.94301832990621
2025-01-07,4.1675928971891745,4.146480092337621,5.065172069719452,5.061762617223236,5.738504444307646,5.861267196737614
2025-01-08,4.1626349571627,4.1415472689726744,5.057937333776089,5.054532751102296,5.728940211843453,5.8514983584369045
2025-01-09,4.157030051774963,4.135970757738734,5.051126921500053,5.047726923029287,5.721226307504056,5.843619431984537
2025-01-10,4.099756404039572,4.07898725526889,4.970003561787224,4.966658168814053,5.63530517954303,5.755860209400992
2025-01-13,4.091852775676922,4.071123666268854,4.976660183187305,4.973310309530332,5.651886272224205,5.772796018297096
2025-01-14,4.079538008770899,4.05887128531964,4.971895947889099,4.96854928111902,5.638769230255646,5.759398365902697
2025-01-15,4.182051572010712,4.160865520278419,5.094911924995632,5.091482454102722,5.775547610805853,5.899102820769344
2025-01-16,4.146563650117834,4.125557378318002,5.054456646768742,5.051054407003904,5.748584852405569,5.871563253120857
2025-01-17,4.223092793305648,4.201698828920306,5.1465961946430845,5.143131934199151,5.8691101017827165,5.994666876618725
2025-01-20,4.2181498275967115,4.196780904013815,5.140572304155007,5.137112098493059,5.862240536893905,5.9876503524129125
2025-01-21,4.258258935690011,4.236686821490177,5.1910659801223735,5.18757178631803,5.942899332027885,6.07003466606734
2025-01-22,4.302216390265515,4.2804215899293006,5.2260901406692115,5.222572371513437,6.0024711165078015,6.130880858592226
2025-01-23,4.329525512553569,4.307592365650452,5.263086792552143,5.25954412032785,6.048573766518573,6.177969773973107
2025-01-24,4.325292817502842,4.303381113208636,5.266384008460663,5.262839116824895,6.049557247068676,6.1789742939387
2025-01-27,4.23265777244076,4.211215352377796,5.178929839400033,5.17544381463609,5.913898730093335,6.040413659678952
2025-01-28,4.305417309037002,4.283606293015818,5.242608545929029,5.239079657956897,5.984533703936272,6.112559714307997
2025-01-29,4.283862832507593,4.26216101032273,5.223634845814123,5.220118729358601,5.9542754192972,6.081654119844187
2025-01-30,4.314876561529931,4.293017625436708,5.284289550960826,5.280732606803298,6.035963872773562,6.165090119129363
2025-01-31,4.311545509895947,4.289703448733831,5.295131431819596,5.2915671898097445,6.057659702330934,6.187250083511161
2025-02-03,4.275642069078543,4.253981892845733,5.263757015913192,5.260213892550282,6.016283813202439,6.14498904772417
2025-02-04,4.403873657329821,4.381563866663608,5.422326445745759,5.418676586633103,6.2362685224014935,6.369679848668187
2025-02-05,4.405596882275942,4.383278361843437,5.3766426723767475,5.373023563780182,6.142477579572706,6.273882453739133
2025-02-06,4.45744104934719,4.434859889110588,5.417776256499875,5.414129460196131,6.224416243085432,6.357574015757188
2025-02-07,4.4132470552561625,4.390889779452585,5.33010396880156,5.32651618618899,6.117150968702286,6.2480140354186435
2025-02-10,4.488350424112466,4.465612678620635,5.375200234684236,5.371582097016783,6.179224030056221,6.311415014165954
2025-02-11,4.434738519264741,4.412272368842942,5.322880075496374,5.319297155407903,6.109587965858814,6.240289238669682
2025-02-12,4.472791051278546,4.450132128745282,5.366330029045072,5.362717862062202,6.150804389241535,6.282387397290023
2025-02-13,4.534788122983429,4.511815126569013,5.424724966446217,5.421073492849018,6.226151954751382,6.359346859178213
2025-02-14,4.572731816530466,4.549566599374493,5.4192759537124156,5.415628147937325,6.229171939346598,6.362431449739113
2025-02-17,4.572731816530466,4.549566599374493,5.4192759537124156,5.415628147937325,6.229171939346598,6.362431449739113
2025-02-18,4.605982804219525,4.58264913932129,5.410819920266135,5.407177806389389,6.20820983248351,6.341020904443987
2025-02-19,4.601969361724974,4.578656028713816,5.371246636726964,5.367631160292841,6.157653606578041,6.289383138652148
2025-02-20,4.521703811278237,4.49879709929382,5.27127916881446,5.267730982164068,6.045334791289354,6.174661507952523
2025-02-21,4.41961306141219,4.397223535758648,5.1413280909243575,5.137867376529752,5.888025164746142,6.013986585986855
2025-02-24,4.33654317012319,4.314574472138545,5.045219484075944,5.041823462000784,5.74410411589352,5.866986661050538
2025-02-25,4.246436737280014,4.224924513711038,4.950358677073185,4.947026507402406,5.616399175789918,5.736549753045164
2025-02-26,4.271175907998208,4.249538357100856,4.95963738701348,4.956298971687018,5.642477721880625,5.763186192595489
2025-02-27,4.149357685775137,4.128337259538617,4.840681346858947,4.83742300284348,5.489765715018573,5.607207246329027
2025-02-28,4.206625799712358,4.185315256244236,4.909223489466745,4.90591900858248,5.57385151697423,5.693091880121191
2025-03-03,4.185221549732126,4.164019439060569,4.869672531543892,4.866394673074494,5.505702582778682,5.6269223912796695
2025-03-04,4.144416913637695,4.123421517091097,4.797831272654447,4.794601771744491,5.4102270657041,5.535592308266092
2025-03-05,4.201440902932439,4.1801566258767435,4.877954800914389,4.874671367510203,5.516987296615144,5.645325659952918
2025-03-06,4.092807127082293,4.072073182980517,4.717560066923654,4.714384597912116,5.296391240285272,5.416735536465303
2025-03-07,4.086857634540703,4.066153830252991,4.701672049470832,4.698507274951015,5.296074157773801,5.40776346667217
2025-03-10,3.9668112165574407,3.946715561064138,4.549952998034619,4.546890348159631,5.09411682549644,5.195599932544815
2025-03-11,3.983489896859852,3.9633097480556407,4.587657210259387,4.584569181045117,5.1431079891261104,5.246018243007536
2025-03-12,4.032597593160695,4.012168667368357,4.656231579735918,4.653097391960407,5.233911992034655,5.33904150146166
2025-03-13,3.989128427424009,3.9689197141226433,4.592184394393129,4.589093317855091,5.139129727746138,5.233695454740867
2025-03-14,4.068679233089742,4.048067519620839,4.695915694857251,4.692754795036525,5.271803127427651,5.366455513979628
2025-03-17,4.099060296409296,4.0782946740829615,4.734149702491402,4.730963066717195,5.315334245309561,5.409093846414779
2025-03-18,4.072227427194148,4.051597738761866,4.6894417454609085,4.686285203364387,5.249685788033217,5.340178954604942
2025-03-19,4.135033135365488,4.114085276542549,4.77492178973117,4.7717077095794185,5.366015181377244,5.458565522521256
2025-03-20,4.1378428316183955,4.116880739023077,4.772349103016828,4.769136754583767,5.362275362816242,5.45176223035893
2025-03-21,4.162217187594365,4.141131615802828,4.80406779796065,4.80083409914064,5.411442115370233,5.506689621776099
2025-03-24,4.223369352211393,4.2019739867932575,4.893518119410625,4.890224210075048,5.530965124084237,5.629164156851975
2025-03-25,4.237177801469506,4.21571248317889,4.91244209882295,4.909135451438606,5.551850523398695,5.650017344460077
2025-03-26,4.18150482419516,4.1603215422583055,4.837323530268581,4.834067446455924,5.444136548084127,5.5381127271176815
2025-03-27,4.187372265159752,4.1661592590777765,4.8275383278488135,4.824288830620453,5.4167917664730645,5.512428572943187
2025-03-28,4.124275507857783,4.103382146605939,4.739978986346298,4.736788426783101,5.294855566146748,5.391473728067239
2025-03-31,4.147548620355043,4.1265373587481085,4.759012194695055,4.755808823559256,5.304197913967506,5.401806542260067
2025-04-01,4.140028408873812,4.120095828375076,4.748920595730573,4.745724017419745,5.306816532354358,5.404473348846706
2025-04-02,4.166408236390452,4.145257139831563,4.780193639944694,4.776976011221921,5.3414303388648845,5.43972412370349
2025-04-03,4.052950095130591,4.017972402912673,4.630401910065186,4.627285108674675,5.162646277308036,5.257650051613045
2025-04-04,3.910005724085292,3.872961156112137,4.456888666889721,4.453888660180996,4.963906902777257,5.055253445951325
2025-04-07,3.900893983731543,3.86663940087462,4.447967614424015,4.4449736126257235,4.963283011473987,5.054618073708752
2025-04-08,3.8921587688053614,3.8562471905880775,4.424056156383837,4.421078249790048,4.930346677798894,5.021075640788654
2025-04-09,4.06179235785728,4.029494412195272,4.628671098007895,4.625555461656102,5.178097252682508,5.27338535810348
2025-04-10,4.045205722207374,4.008766581014609,4.59605715094515,4.5929634675895565,5.134490668377746,5.228976319035984
2025-04-11,4.082451848619046,4.045412133990052,4.641464774727404,4.638340526736669,5.179699154016933,5.2750167378613
2025-04-14,4.092608114869856,4.055675490928153,4.656882637905402,4.653748011891691,5.196102820607699,5.291722267131562
2025-04-15,4.1101314308110855,4.07315876084628,4.673519889196315,4.670374064368986,5.216397823844963,5.3123907419962615
2025-04-16,4.124196491968457,4.086459920067976,4.684917591815269,4.681764095002638,5.228420263305147,5.324634420151424
2025-04-17,4.116954853430936,4.077747922016188,4.708096125918622,4.704927027244909,5.236192567758652,5.332549751691901
2025-04-18,4.116954853430936,4.077747922016188,4.708096125918622,4.704927027244909,5.236192567758652,5.332549751691901
2025-04-21,4.113476854784002,4.074606849187978,4.703431293137432,4.700265334441103,5.2308177378252525,5.3270760133494175
2025-04-22,4.153276792414751,4.115315385513412,4.748959964244239,4.74576335943378,5.28321624478395,5.380438765321552
2025-04-23,4.135838361357564,4.099887151434813,4.73555725681476,4.732369673592057,5.2762666337872774,5.373361266563617
2025-04-24,4.205849063038536,4.171995240194666,4.822161456275538,4.818915578309841,5.381867182855511,5.480905092430466
2025-04-25,4.189266607768736,4.1568249446694505,4.8023801457632365,4.7991475829302965,5.354887850137166,5.453429282072796
2025-04-28,4.219146423656317,4.18573341058769,4.839765384034016,4.836507656568521,5.400642484134438,5.500025899558413
2025-04-29,4.212649348308074,4.177734026839619,4.834049814512729,4.830795934293193,5.389300887376931,5.488475593073234
2025-04-30,4.194997029087905,4.160142845115679,4.80596337791744,4.80272840315068,5.345561385928731,5.443931190901536
2025-05-01,4.1495437506669655,4.115067215812781,4.741778951098478,4.738587179948736,5.2685275154038465,5.365479731788162
2025-05-02,4.234763464042635,4.199578880160652,4.854263207990613,4.85099572179602,5.400998106684857,5.500388066327199
2025-05-05,4.2309734591607695,4.195820364580564,4.844968736692469,4.841707506762804,5.384639814017085,5.483728745957516
2025-05-06,4.228442641110473,4.193310573862901,4.824212248831362,4.820964990442716,5.35410915347844,5.452636255723905
2025-05-07,4.223130851773265,4.188042917592175,4.818652624373571,4.815409108261639,5.3413239103640775,5.439615736689788
2025-05-08,4.214762700924475,4.179744293626759,4.808149256544679,4.804912810426257,5.318447935008644,5.416318794279307
2025-05-09,4.233365237387516,4.198192270688748,4.824534182020765,4.821286706933475,5.325620744968843,5.423623599340853
2025-05-12,4.247785330874085,4.212492554652736,4.845913211916714,4.8426513462448915,5.346850270407396,5.445243793621544
2025-05-13,4.337622133845763,4.301582947451406,4.979183219346118,4.975831647391225,5.525726030662262,5.627411251862865
2025-05-14,4.330369698671384,4.294390769223113,4.978842157721097,4.975490815340519,5.561366412593181,5.663707493331557
2025-05-15,4.364675851044789,4.328411888511176,5.012218254066277,5.008844445673998,5.594076972061591,5.697019997314881
2025-05-16,4.391682521339979,4.3551941735568835,5.05571502209655,5.052311935298268,5.650568059933192,5.754550642474379
2025-05-19,4.394662981330123,4.3581498703588535,5.052619489731352,5.04921848658796,5.643785919723416,5.747643696325327
2025-05-20,4.39350090982343,4.356997453937445,5.049898981272235,5.046499809348835,5.635138059418867,5.738836696826559
2025-05-21,4.343155364668913,4.307070205358785,4.987062736179421,4.983705860389248,5.563815618397498,5.666201769780442
2025-05-22,4.324963421946191,4.289029410614017,4.964147341921218,4.960805890868265,5.540685230629664,5.642645733223008
2025-05-23,4.330656367217019,4.2946750559796385,4.970455448195845,4.96710975105048,5.557898180502492,5.660175438325023
2025-05-26,4.330656367217019,4.2946750559796385,4.970455448195845,4.96710975105048,5.557898180502492,5.660175438325023
2025-05-27,4.348755394665914,4.312623707438264,4.992209869433028,4.988849529020905,5.578598498523062,5.681256686635161
2025-05-28,4.334426461670774,4.298413826557649,4.978452420127119,4.97510134008547,5.56687704837838,5.669319536645039
2025-05-29,4.331496165489031,4.2955078767774655,4.964860422371339,4.961518491331942,5.549992706054855,5.652124486176659
2025-05-30,4.341869035472405,4.305794563644091,4.979320021981494,4.975968357942449,5.579947773255537,5.682630790919236
2025-06-02,4.40419521941149,4.367602909723864,5.048044036698968,5.044646113369947,5.6441953198615336,5.748060630304857
2025-06-03,4.434641960017391,4.397796683214155,5.0911870709508005,5.087760107319931,5.713414580374308,5.81855367380606
2025-06-04,4.436967607500006,4.400103008026308,5.08600090861538,5.082577435877592,5.696877399807616,5.801712173616096
2025-06-05,4.341877428241496,4.305802886681782,4.954284132145738,4.950949320185158,5.522223848540592,5.623844622071912
2025-06-06,4.370218274505881,4.333908262679392,4.9889657317841465,4.98560757505565,5.578257699884196,5.680909616569733
2025-06-09,4.4356630793177105,4.398809318532358,5.055970565058597,5.052567306250065,5.663174517782322,5.7673890862105806
2025-06-10,4.443719721225687,4.406799021732817,5.065540457846334,5.062130757382052,5.681473369532256,5.78602467611539
2025-06-11,4.448772184262508,4.411809506318869,5.081052592365253,5.0776324504223656,5.703922670067503,5.808887091973049
2025-06-12,4.43686186499732,4.399998144086549,5.06863444593086,5.0652226628511645,5.666066693585527,5.7703344842572815
2025-06-13,4.4346181143447305,4.397773035663588,5.076701613906892,5.073284400680757,5.659661893378665,5.763811821977243
2025-06-16,4.501706310437574,4.464303828661081,5.135973115218923,5.132516005348549,5.753700642356204,5.859581085811678
2025-06-17,4.460697505972409,4.423635746347904,5.0771087473405165,5.073691260066028,5.676788453066386,5.7812535471293005
2025-06-18,4.5160322759416225,4.478510766706018,5.161325259614177,5.157851084789075,5.794199828457026,5.900825543877534
2025-06-19,4.515603767976395,4.478085819004445,5.160835522417953,5.157361677243194,5.793650040362764,5.900265638502092
2025-06-20,4.514095390137187,4.476589973540897,5.155470458369227,5.152000224509295,5.795122171025894,5.901764859529689
2025-06-23,4.577847818318704,4.539812713895405,5.23450983874646,5.230986402150455,5.899610466056398,6.008175963496808
2025-06-24,4.654844943082903,4.616170107109554,5.300952931467236,5.297384770908216,6.011042320981584,6.121658403766613
2025-06-25,4.679766603562711,4.6408847056693565,5.320440959998303,5.316859681719566,6.034393492352289,6.145439286819177
2025-06-26,4.7317786992941375,4.692464658269132,5.382809607928986,5.379186348264533,6.1186439309138265,6.231240114313107
2025-06-27,4.679445185246691,4.640565957861359,5.321061885046999,5.317480188813183,6.056818862149183,6.168277331561526
2025-06-30,4.701529236069565,4.662466523078661,5.346132536359213,5.342533964648406,6.0823761326572425,6.194304910711467
2025-07-01,4.596871187207707,4.558678026892049,5.200309750988957,5.196809335047139,5.890757154834382,5.999159732342648
2025-07-02,4.669481166837849,4.630684725620976,5.275719523785837,5.272168348257859,5.9926541666970214,6.102931867968832
2025-07-03,4.712029964891793,4.672880006467424,5.326694294097619,5.3231088065945515,6.0422983590424115,6.153489620026005
2025-07-04,4.708562722168334,4.669441571372415,5.322774764262514,5.319191915060889,6.037852267830248,6.148961711190984
2025-07-07,4.681691755526137,4.642793862484241,5.320125128017397,5.316544062330485,6.007887747353246,6.1184457792115
2025-07-08,4.692955643473762,4.653964164281496,5.364470145937466,5.360859230873286,6.064356859886929,6.175954044639687
2025-07-09,4.7530884562981575,4.713597362897238,5.451186188531111,5.447516903440444,6.165750457541152,6.279213502155324
2025-07-10,4.79440482070933,4.754570449790861,5.482075593367608,5.4783855160991095,6.211273232708574,6.32557399411089
2025-07-11,4.795223393118359,4.755382221081047,5.475562705700225,5.471877012365937,6.209885139380791,6.324160356886016
2025-07-14,4.82198810538173,4.781924558406189,5.5003401570556925,5.496637785602239,6.242968079007836,6.357852093622305
2025-07-15,4.851239339990731,4.810932758775724,5.564428091224529,5.560682581104883,6.352182130547465,6.469075918163235
2025-07-16,4.86448199131778,4.8240653833727345,5.570868083955329,5.567118238968281,6.374367297351604,6.491669339662113
2025-07-17,4.898239865410176,4.857542779756565,5.606893479506291,5.603119385219695,6.425291543810476,6.543530701576384
2025-07-18,4.88511914886837,4.844531076848152,5.567697762542251,5.563950051551858,6.3720983945576,6.489358684185981
2025-07-21,4.894237706812207,4.853573873142121,5.570130954681819,5.566381605868879,6.368067780609889,6.485253898288995
2025-07-22,4.837927315618388,4.797731337520229,5.472440387174071,5.468756795524886,6.2280134244643435,6.342622241331624
2025-07-23,4.8809560649963615,4.8404025820092755,5.527633580889787,5.523912837773783,6.30313317469835,6.419124356231685
2025-07-24,4.894601074209284,4.8539342214967505,5.572867957855983,5.569116766720183,6.366963990753894,6.484129796330115
2025-07-25,4.932367964319807,4.891387324940232,5.611242955450838,5.607465933458842,6.415949671236581,6.5340169184926635
2025-07-28,4.981615440046969,4.9402256274147565,5.677572108066361,5.673750438806348,6.505106396459219,6.624814318854726
2025-07-29,4.93979901440053,4.898756634050734,5.618662220924985,5.6148802049006346,6.478657698305987,6.597878907877287
2025-07-30,4.987722155070205,4.946281604721743,5.688187720277233,5.684358905470127,6.5778056905197015,6.698851435991604
2025-07-31,4.954526435213603,4.913361691908371,5.675603357489633,5.671783013428739,6.533420959494029,6.653649930633071
2025-08-01,4.7797704540549315,4.740057672950252,5.447784478131295,5.444117482789101,6.227287662948348,6.341883124245718
2025-08-04,4.88415372878505,4.843573677969355,5.5673927326821095,5.563645227012445,6.3817313914946165,6.499168948946071
2025-08-05,4.864259080807728,4.823844324917365,5.543741382700241,5.54000979715197,6.349319089134296,6.46616019064189
2025-08-06,4.845987150246342,4.805724206913878,5.4963604192801805,5.492660726655146,6.27793418310579,6.39346164909841
2025-08-07,4.8839467165014785,4.843368385649867,5.553000918569321,5.549263100271748,6.3523072113994425,6.469203300771403
2025-08-08,4.93427656061068,4.8932800636355385,5.588419555717074,5.5846578965392375,6.3971568202456455,6.514878238700332
2025-08-11,4.953696526103306,4.912538678108042,5.605851483659353,5.602078090757683,6.422372961455952,6.540558411041131
2025-08-12,5.042491220747329,5.000595620948799,5.71219742036868,5.708352444228697,6.544508455348751,6.664941460213366
2025-08-13,5.036232202411552,4.9943886057431985,5.710447155562814,5.706603357555503,6.53360652972157,6.653838915751164
2025-08-14,5.03131198377907,4.989509266807231,5.701864362222129,5.6980263414373455,6.531194442335087,6.651382440778671
2025-08-15,4.984744085168348,4.94332827815001,5.641432867054539,5.637635523725369,6.449315371311348,6.5679966190759185
2025-08-18,4.987274188599886,4.945837360186334,5.633561543019233,5.629769498010635,6.44779455694058,6.566447818455951
2025-08-19,4.842223989363637,4.801992312299288,5.431325993032048,5.427670076172941,6.192563722589828,6.3065201888417075
2025-08-20,4.803437099989996,4.7635276842689995,5.386317231402188,5.382691610697401,6.123765670175254,6.23645610457193
2025-08-21,4.775159297070845,4.73548482782024,5.348786682405983,5.345186324144839,6.0812049605249054,6.1931121864977055
2025-08-22,4.898685324593524,4.857984537836894,5.472820743637393,5.469136895963877,6.233435332066203,6.348143923672718
2025-08-25,4.865259241210295,4.824836175475072,5.411206526833479,5.407564152725399,6.179483942289033,6.293199712504634
2025-08-26,4.907784622880906,4.867008234493492,5.466889950435885,5.463210094879006,6.2305601252320155,6.345215806860492
2025-08-27,4.9118303972113875,4.871020394458614,5.472517914707642,5.468834270873373,6.235185307580031,6.3499261024927245
2025-08-28,4.94658594032313,4.905487170716583,5.509117924512821,5.505409644596486,6.282619047043639,6.398232724589847
2025-08-29,4.8700578026451495,4.829594868003742,5.40103347685374,5.397397950396673,6.131842400537724,6.24468146411162
2025-09-01,4.8700578026451495,4.829594868003742,5.40103347685374,5.397397950396673,6.131842400537724,6.24468146411162
2025-09-02,4.844858165059257,4.804604601914043,5.370116139453346,5.366501423976018,6.099671951926413,6.210630548109131
2025-09-03,4.893569295106315,4.852911014943079,5.455877853418753,5.4522054102894915,6.211929294134497,6.339004794049901
2025-09-04,4.95337976634453,4.912224550151619,5.521588546146356,5.5178718720447675,6.294542202269909,6.421499437444823
2025-09-05,4.934837046346949,4.8938358925692755,5.5143555110433695,5.510643705619348,6.310855012644146,6.441663641074208
2025-09-08,4.966829608883009,4.925562644509366,5.543055067660231,5.5393239440820405,6.347724893043151,6.4788708396653805
2025-09-09,5.041290373039845,4.999404750499177,5.637482596698614,5.633687912362686,6.467926958599187,6.591291448789059
2025-09-10,5.084194208905281,5.041952119321084,5.722517030025205,5.718665107582102,6.599718938410837,6.7159938950891815
2025-09-11,5.102551564408709,5.060156952512463,5.761903250115985,5.758024816145817,6.635031838570566,6.752574541624497
2025-09-12,5.135580220730908,5.092911189840832,5.8149909640913835,5.8110767958881695,6.699546152672932,6.8253073703917435
2025-09-15,5.207996261450159,5.164725561002652,5.904327433659958,5.900353131576695,6.809681627634835,6.941285104453692
2025-09-16,5.219178457677447,5.1758148498162235,5.900756735225816,5.896784836639739,6.804847549218944,6.93800695252896
2025-09-17,5.16892521883912,5.1259791406256525,5.841724678882312,5.837792515766177,6.7249275042076935,6.852671269460981
2025-09-18,5.3173226402489915,5.273143600249989,6.063018363864227,6.058937244247119,7.030642260758622,7.15772206517511
2025-09-19,5.332746394363899,5.288439205915751,6.082088958860856,6.077995002505561,7.028571159705375,7.166276254290778
2025-09-22,5.314891428219507,5.270732587975331,6.077602603671173,6.0735116671570335,7.0112140400859815,7.16632115532504
2025-09-23,5.298474414608203,5.254451975321815,6.062571544123606,6.058490725268402,6.998219678530941,7.152247198229221
2025-09-24,5.292619842440919,5.248646045938774,6.050667753822499,6.046594947608725,6.982515060815166,7.133210906485491
2025-09-25,5.29080003428789,5.24684135768395,6.058348124393634,6.054270148393202,6.986836203449837,7.143047849447814
2025-09-26,5.324946742518372,5.280704357572694,6.089557953173442,6.085458969312443,7.022468532705195,7.175027287436937
2025-09-29,5.344975896667761,5.300567099250587,6.130862228930266,6.126735442466652,7.078845439737764,7.229733412320763
2025-09-30,5.338366366276452,5.294012484223148,6.144580410673026,6.140444390270595,7.110228762847268,7.267806126081618
2025-10-01,5.430279062018504,5.3851615222117895,6.277728466030646,6.273502821433121,7.2904628689367295,7.4520345924300475
2025-10-02,5.446974812520029,5.401718555866674,6.308078469811586,6.303832396116148,7.347621697896592,7.510460179162898
2025-10-03,5.435455482862671,5.390294934700249,6.26482918941703,6.260612227539512,7.264988775050734,7.425995939979308
2025-10-06,5.579011299849375,5.532658016430916,6.464871121114195,6.4605195076485185,7.523277094816727,7.690008462684543
2025-10-07,5.580998637798938,5.53462884255889,6.453352308205398,6.449008448246392,7.493136169306269,7.659199551976169
2025-10-08,5.693719732404095,5.646413392574932,6.600697899418365,6.596254858664131,7.6755733242544535,7.845679891298803
2025-10-09,5.6367099357846495,5.589877262545911,6.545693350320232,6.541287334052959,7.641656112341057,7.811011003876807
2025-10-10,5.478913114439482,5.433391498015155,6.315636133511964,6.311384972625996,7.291606365055261,7.45320343078569
2025-10-13,5.659518422459438,5.612496244631021,6.537205363908051,6.532805061047168,7.55052600608994,7.717861266143599
2025-10-14,5.623741229373952,5.577016306790572,6.477342361170793,6.472982353103717,7.450269164899959,7.6153825261641614
2025-10-15,5.726555269201197,5.678976114914137,6.617393477695682,6.612939198866955,7.63443719500323,7.803632100412311
2025-10-16,5.766529759986807,5.718618477155581,6.661074630767151,6.656590949419744,7.650228020291866,7.819772883022332
2025-10-17,5.746841666347171,5.699093962282037,6.6601284008847585,6.655645356460599,7.689219213404578,7.859628201552804
2025-10-20,5.881413815270507,5.832548016864993,6.803994790668928,6.799414907358532,7.829625667390736,8.003146352720327
2025-10-21,5.736875216078496,5.689210318386955,6.664086027204294,6.659600318835308,7.740638094935812,7.9121866317599485
2025-10-22,5.663451293180272,5.616396439047505,6.573709591143635,6.569284716673542,7.6299163762247435,7.799011090947062
2025-10-23,5.759336914236565,5.711485393251966,6.696741936443285,6.692234246832644,7.7701669084906095,7.94236986484675
2025-10-24,5.847716927443717,5.799131100041631,6.825865730005736,6.821271124998286,7.960786485052191,8.137213965155357
2025-10-27,5.90176918894418,5.852734267668275,6.938870419021067,6.9341997486571385,8.181826684036613,8.363152871746315
2025-10-28,5.938570436634303,5.889229751743189,7.004647853597477,6.999932907336213,8.297023833435984,8.480903028040391
2025-10-29,6.009503366469333,5.959573334465686,7.129003063842285,7.12420441199783,8.471995469986867,8.659752397649958
2025-10-30,5.962088778095508,5.912552690777567,7.059688731903763,7.054936736701735,8.359673010154932,8.544940639984908
2025-10-31,5.966666859444771,5.9170927350821145,7.076838231929817,7.0720746931109355,8.395033479726129,8.581084770637007
2025-11-03,5.994935493369104,5.945126498716763,7.110827577756184,7.106041160137048,8.43589472859808,8.622851589226961
2025-11-04,5.8180912156001545,5.769751533786193,6.921498713224594,6.916839736047985,8.182864014574834,8.36421319167299
2025-11-05,5.916699756444411,5.86754078436636,7.0603346506316464,7.05558222065082,8.371142028306647,8.556663835280498
2025-11-06,5.823312080444532,5.7749290210113475,6.978916531379765,6.974218905304137,8.250684867484491,8.433537094840279
2025-11-07,5.817777540228428,5.76944046459012,6.93649821128646,6.931829137695418,8.177893294798674,8.359132310474205
2025-11-10,5.994923151330674,5.9451142592223105,7.119701002083178,7.114908611612858,8.390422276531906,8.576371373650582
2025-11-11,5.9528350994193495,5.903375896403535,7.079207461526059,7.074442327938846,8.333321977596498,8.518005614088484
2025-11-12,6.019026672060881,5.969017515556596,7.170663870152782,7.1658371757189485,8.418383534463489,8.604952310842076
2025-11-13,5.849445934778815,5.800845741898198,6.970976873195214,6.966284591437032,8.134101998346825,8.314370508394806
2025-11-14,5.807081574571168,5.758833366493952,6.929539294257316,6.9248749048303475,8.121891255601907,8.301889150356194
2025-11-17,5.7637792118790765,5.715890782010342,6.9020708844861565,6.8974249845076905,8.091234798925337,8.27055328324568
2025-11-18,5.6965133505224355,5.64918379988306,6.812697482802661,6.808111741563803,7.963750754399939,8.140243928837746
2025-11-19,5.724745650070643,5.677181531026192,6.864681110801392,6.8600603785083285,8.031669450849515,8.209667843959998
2025-11-20,5.570613735635029,5.524330223481237,6.684729218107967,6.68022961445999,7.778929208879192,7.951326355919929
2025-11-21,5.626540406642113,5.579792227060258,6.767259189551335,6.762704033591716,7.889293890184864,8.064136946640671
2025-11-24,5.83177443121329,5.78332106223555,7.042105440468699,7.037365280875654,8.282460967270111,8.466017418664967
2025-11-25,5.871817675238075,5.823031606479044,7.088497174585665,7.083725787936254,8.326729333198992,8.51126686306691
2025-11-26,5.948093152330875,5.8986733478402735,7.178526754530812,7.173694767457182,8.445848587359004,8.63302604606846
2025-11-27,5.948093152330875,5.8986733478402735,7.178526754530812,7.173694767457182,8.445848587359004,8.63302604606846
2025-11-28,6.049240609686433,5.998980420312944,7.302358319363912,7.297442979181599,8.601047357558674,8.79166434174628
2025-12-01,6.030637340759388,5.9805317168726395,7.2765018611580965,7.2716039253926095,8.552274059642087,8.741810126753988
2025-12-02,6.036519280248878,5.986364786196151,7.282416323811124,7.277514406921364,8.58754216874428,8.777859850038217
2025-12-03,6.087916225846661,6.0373346996446715,7.312576325694117,7.307654107599915,8.625486215679752,8.816644815468148
2025-12-04,6.039695937957423,5.989515050605385,7.237174301298295,7.232302837574699,8.507892615200271,8.696445097785592
2025-12-05,6.0853508188779175,6.03479060739101,7.304677129645802,7.299760228633304,8.606530958648525,8.797269470768583
2025-12-08,6.048944798169958,5.9986870665500565,7.269235721323664,7.2643426765190995,8.567459131395022,8.757331731078127
2025-12-09,6.083844931320842,6.0332972315190645,7.312701118536066,7.307778816441714,8.621519292722265,8.812589977299968
2025-12-10,6.130275986491939,6.079342513702067,7.377178830470533,7.372213127344,8.721819152342366,8.91511268908682
2025-12-11,6.144991561854374,6.093935824527154,7.355541758020885,7.3505906191716734,8.643546542813795,8.835105396774567
2025-12-12,6.065218897211156,6.014825952040917,7.217369734970783,7.212511602033818,8.43322611415533,8.62012383277326
2025-12-15,6.049961497647875,5.999695318767968,7.193308408608493,7.188466471754915,8.394846688330926,8.580893839558462
2025-12-16,6.043466207488667,5.993253994806254,7.1924227105216465,7.18758136984635,8.394626821005932,8.580669099519177
2025-12-17,5.939776414160431,5.890425709390338,7.043863055818204,7.039121713144696,8.156923183737225,8.337697458415255
2025-12-18,6.0212466486856755,5.971219047478536,7.166411779273137,7.161587946993065,8.33806774909488,8.52285656169078
2025-12-19,6.119109179411082,6.068268486174019,7.305147540701387,7.300230323047292,8.529320494729436,8.718347863407505
2025-12-22,6.171660754576089,6.120383435935923,7.383893834816564,7.378923611707691,8.603571052185696,8.794243966661638
2025-12-23,6.1980502709370615,6.146553694678402,7.427643517770166,7.422643846013992,8.648805279295477,8.840480677724273
2025-12-24,6.219413083703231,6.1677390142541935,7.453243578067877,7.44822667448062,8.687127404170095,8.87965210008181
2025-12-25,6.219413083703231,6.1677390142541935,7.453243578067877,7.44822667448062,8.687127404170095,8.87965210008181
2025-12-26,6.228121603025383,6.17637517873736,7.460224579610146,7.455202976993357,8.673789957666461,8.86601906820077
2025-12-29,6.141208622833163,6.090184316100932,7.372267758498604,7.367305361097197,8.64363019698972,8.8351909048999
2025-12-30,6.1573909254204855,6.106232167829873,7.393518729816656,7.388542028029093,8.652291966393753,8.844044637014154
2025-12-31,6.1022516715094435,6.051551039082351,7.3273583202447465,7.322426152141429,8.57753760521066,8.76763356470145
2026-01-02,6.149961438964703,6.094950095483627,7.4194345562896915,7.4144404101235235,8.686771290154535,8.879288093843686
2026-01-05,6.215997768287052,6.160915106324409,7.4808935567756505,7.475858041522752,8.729229455228229,8.922687219598588
2026-01-06,6.2686471733291755,6.207826708324896,7.561640289011108,7.556550421774893,8.857306309385454,9.053602521524848
2026-01-07,6.25289227181588,6.194364071964764,7.553066823279495,7.547982726987236,8.888586897228924,9.085576351838702
2026-01-08,6.248892753000989,6.190581385825331,7.528277171167623,7.523209761207068,8.818566437123954,9.014004093635018
2026-01-09,6.295501235617817,6.239306393226566,7.586412834541057,7.5813062924878665,8.893688564396491,9.090791082493723
2026-01-12,6.370652461290665,6.316380824771825,7.68939439446149,7.684218533788564,9.041277662814709,9.241651060337372
2026-01-13,6.3616933749117655,6.3118035544661195,7.690749892629175,7.685573119547638,9.042419411121116,9.242818112145745
2026-01-14,6.353275014434044,6.302528285418514,7.69001129608238,7.6848350201625975,9.05038958427335,9.250964920805995
2026-01-15,6.324507372212721,6.273317133801042,7.646167274633986,7.641020510862329,8.991037842032375,9.190297821301908
2026-01-16,6.339139568905812,6.286386859827286,7.676057913044159,7.670891029381142,9.02858297609339,9.228675033123698
2026-01-19,6.339139568905812,6.286386859827285,7.676057913044159,7.670891029381142,9.02858297609339,9.228675033123693
2026-01-20,6.340076677128632,6.2861224248098395,7.705463597656554,7.700276920532733,9.058408789134015,9.259161847818614
2026-01-21,6.471301406304846,6.419773349188182,7.893341224953314,7.888028084239179,9.308302918251613,9.514594147263328
2026-01-22,6.547524134176685,6.499570322499857,7.9840023868747325,7.978628220607936,9.423869101280843,9.632721515735104
2026-01-23,6.574691412563621,6.528732382919011,8.007158025400877,8.0017682726844,9.454411082232332,9.663940370101866
2026-01-26,6.615901538121802,6.56472883728222,8.045651304718012,8.040235641527916,9.491675378341043,9.70203052002194
2026-01-27,6.649501971039644,6.597190522739006,8.076423657254866,8.070987280676807,9.523783217894255,9.734849935652976
2026-01-28,6.75127435552183,6.6981347722786015,8.21348957461187,8.207960936659914,9.697303198518817,9.91221547764086
2026-01-29,6.757693069958829,6.698090070075802,8.221189465813714,8.215655644935504,9.667102442990931,9.881345410958202
2026-01-30,6.496284654616864,6.443194215168683,7.885425962330948,7.880118149513186,9.2492128612588,9.454194532493162
2026-02-02,6.538536863883939,6.485101121162132,7.9370239368629845,7.9316813925808844,9.350854476597709,9.558088736078405
2026-02-03,6.650146426407343,6.595798562213645,8.054723845430726,8.0493020753609,9.495606109992568,9.706048364809973
2026-02-04,6.65453581715081,6.600152080963214,8.043569451581313,8.038155189721559,9.48872195166088,9.699011639303
2026-02-05,6.593069708869598,6.53918830022356,7.949995625372286,7.944644349628494,9.353953704169891,9.56125664893839
2026-02-06,6.697609822891252,6.642874067354886,8.080257310564907,8.074818353490322,9.517734253317384,9.728666913520433
2026-02-09,6.723840391197511,6.668890268146113,8.118285310714942,8.112820756353978,9.535764614269615,9.747096864532534
2026-02-10,6.620029101965733,6.565927369534207,7.98238889405144,7.97701581385379,9.358028828249187,9.565422086188857
2026-02-11,6.674357671615442,6.619811942685817,8.067051959821299,8.061621891490363,9.499128126854806,9.709648436844413
2026-02-12,6.607585618866626,6.553585579944714,7.984494498645366,7.979120001129838,9.406079218337338,9.614537372221283
2026-02-13,6.643084954223486,6.588794799425438,8.018569474537244,8.01317204058244,9.438885354198952,9.648070559850066
2026-02-16,6.643084954223486,6.588794799425438,8.018569474537244,8.01317204058244,9.438885354198952,9.648070559850066
2026-02-17,6.544219439935791,6.490737256752113,7.876733307104343,7.871431345458976,9.246129569468126,9.451042908584556
2026-02-18,6.590781607308175,6.536918898014746,7.94421442159496,7.938867037276657,9.345530299677975,9.552646564395307
2026-02-19,6.555533455890142,6.50195880968939,7.901536597285371,7.8962179401282935,9.30298034785397,9.50915361770604
2026-02-20,6.609076024314477,6.555063805156571,7.969387685287244,7.964023356421837,9.38605674759862,9.59407116215297
2026-02-23,6.657627677591253,6.603218673386902,8.049734424196801,8.0443160125903,9.510310344790058,9.721078475838038
2026-02-24,6.658249401470679,6.603835316270693,8.054677707546155,8.04925596853251,9.509842884559049,9.720600655722269
2026-02-25,6.700106989656223,6.645350826196255,8.102800054012095,8.09734592303782,9.570155167713287,9.782249583711296
2026-02-26,6.648203281531852,6.593871297555977,8.011673260289053,8.006280468292037,9.440042007009703,9.6492528464774
2026-02-27,6.702496771144503,6.64772107735972,8.094358189715473,8.088909741102013,9.571690873708757,9.783819324125282
2026-03-02,6.691909215282163,6.637220047569361,8.065290551603635,8.059861668906214,9.578992923015523,9.79128320193497
2026-03-03,6.553513675363729,6.499955535680463,7.883512776345341,7.878206251325285,9.339017284712499,9.545989207558597
2026-03-04,6.613007680104139,6.558963329759901,7.9681679571899,7.962804449344081,9.451782318535914,9.661253347569435
2026-03-05,6.557722674513256,6.504130137074083,7.90165628930448,7.896337551580809,9.340974777241028,9.547990082166958
2026-03-06,6.520262099265531,6.46697570580057,7.860465741481925,7.85517472980865,9.277078194778733,9.482677419389953
2026-03-09,6.5808482528666135,6.5270667232291775,7.927523525202935,7.922187375807781,9.367922617308155,9.575535142059795
2026-03-10,6.656566299448326,6.602165969283926,8.019738144877245,8.014339924270852,9.489269847973812,9.699571678130573
2026-03-11,6.665650180360249,6.611175612804003,8.037284750145853,8.03187471862439,9.520947270867632,9.731951138179618
2026-03-12,6.581238389184431,6.527453671184712,7.940036391397101,7.934691819381247,9.399231073582984,9.607537458426991
2026-03-13,6.570890585810555,6.517190434522037,7.946746123399132,7.941397034949815,9.424385656542636,9.633249518928926
2026-03-16,6.590724313489477,6.536862072425928,7.965420157412611,7.960058499156993,9.448390218680931,9.657786071771554
2026-03-17,6.580612370596798,6.52683276869094,7.938171808222061,7.932828491288513,9.393854534476313,9.602041764102683
2026-03-18,6.499467709363349,6.4463512566193115,7.837413084045729,7.832137589503789,9.283247228954904,9.488983172112173
2026-03-19,6.362348959446015,6.3103531002530655,7.670817851906555,7.665654495416892,9.084760538936884,9.28609760685498
2026-03-20,6.266064756436302,6.214855773268846,7.560223353770227,7.555134440297017,8.940140945278891,9.138272944133693
2026-03-23,6.207005589660127,6.156279263470428,7.47671496077934,7.471682258209793,8.840523295576993,9.036447561446733
2026-03-24,6.1785114917958275,6.128018031660709,7.455235199671774,7.450216955490595,8.836202509054772,9.03203101736587
2026-03-25,6.269587742286461,6.2183499677595115,7.559249934431928,7.554161676183653,8.97230371237904,9.171148504619685
2026-03-26,6.069025625907822,6.019426931479934,7.319779691802663,7.314852625001674,8.667676408190252,8.859770029833701
2026-03-27,6.067059481680711,6.0174768554311955,7.33964359002884,7.334703152503868,8.707361678937664,8.900334808193543
2026-03-30,6.0454458026286675,5.996039812684358,7.30795436514435,7.30303525816954,8.645957683990236,8.837569973821886
2026-03-31,6.243744153346256,6.192717583772056,7.524112264777917,7.519047658285945,8.906598505375008,9.103987134443424
2026-04-01,6.3789501008582485,6.323561863376641,7.6862443089528645,7.681182712112702,9.092322576032144,9.29382723431976
2026-04-02,6.380066559126988,6.3240495575106985,7.708583171082094,7.705420480807829,9.109066726589145,9.310942469856206
2026-04-03,6.380066559126988,6.3240495575106985,7.708583171082094,7.705420480807829,9.109066726589145,9.310942469856206
2026-04-06,6.42657659787977,6.369124639319136,7.7639272509730395,7.758381550663559,9.174362294909422,9.377685122908904
2026-04-07,6.432349339236147,6.376402758081703,7.768609950724832,7.768554010179676,9.181947263690715,9.385438190273334
2026-04-08,6.610530618134823,6.552891081556564,7.984079171503009,7.984268464915043,9.428946349137018,9.63791128589622
2026-04-09,6.698450478382113,6.639795013416564,8.105985882289135,8.107126687325591,9.577236801338735,9.78948816097263
2026-04-10,6.683275885018334,6.625643383619624,8.08079344912821,8.088263908186375,9.5014933149487,9.712066042394309
2026-04-13,6.697514882122384,6.638976608838995,8.092693643544505,8.102269267566466,9.51546733363923,9.726349754217466
2026-04-14,6.802856085433677,6.741954268244422,8.211178888332954,8.230611881796946,9.632539119226639,9.8460160925116
2026-04-15,6.820427542146509,6.757723803751585,8.223109905631082,8.238230160575363,9.627232954140325,9.840592331841405
2026-04-16,6.873145457042168,6.813339134664677,8.31795114592845,8.335438616042376,9.698197680199508,9.913129782884269
2026-04-17,6.887795164319988,6.826001995601275,8.296581572008343,8.311708157916115,9.640046384663979,9.85368973446546
2026-04-20,6.833903632465874,6.773932260787171,8.214546873341751,8.227363697584071,9.53590691708058,9.747242321067992
2026-04-21,6.778318212141365,6.720137314693615,8.176297291375029,8.19265718219736,9.47635255419542,9.686368110427498
2026-04-22,6.882171750244189,6.817894322247585,8.299015275236334,8.312336139448746,9.571728229473974,9.783857507771604
2026-04-23,6.888372731577065,6.822444857641244,8.319442370445202,8.328987495441671,9.60409289766732,9.816939443896214
2026-04-24,7.067036559072549,6.999050741626303,8.58303145609169,8.606015920570504,9.836001702345532,10.053987826943931
2026-04-27,7.06976195354824,7.003285063510538,8.569761276454345,8.606513330528934,9.8517710511522,10.070106657108758
2026-04-28,7.009677897246358,6.943968205954276,8.491653640616466,8.52088648789899,9.787865956928684,10.004785293932322
2026-04-29,7.089718561066031,7.0253603327635386,8.63596188468884,8.661445793300855,9.961095435095805,10.181853895327981
