,Raw,S&P trend MA300 below0.50,S&P trend + VIX 28/35 cap 50/25,S&P trend + VIX 25/35 cap 65/35,S&P trend + VIX 20/30 cap 80/50
2017-12-29,10000.0,10000.0,10000.0,10000.0,10000.0
2018-01-02,10050.92289241697,10050.92289241697,10050.92289241697,10050.92289241697,10050.92289241697
2018-01-03,10034.489771615474,10034.489771615474,10034.489771615474,10034.489771615474,10034.489771615474
2018-01-04,10063.708000410465,10063.708000410465,10063.708000410465,10063.708000410465,10063.708000410465
2018-01-05,10257.221907143496,10257.221907143497,10257.221907143497,10257.221907143497,10257.221907143497
2018-01-08,10138.560963097403,10138.560963097405,10138.560963097405,10138.560963097405,10138.560963097405
2018-01-09,10122.637817035136,10122.637817035138,10122.637817035138,10122.637817035138,10122.637817035138
2018-01-10,10150.97150652754,10150.971506527541,10150.971506527541,10150.971506527541,10150.971506527541
2018-01-11,10101.45433679169,10101.454336791694,10101.454336791694,10101.454336791694,10101.454336791694
2018-01-12,10239.427185730348,10239.42718573035,10239.42718573035,10239.42718573035,10239.42718573035
2018-01-15,10198.5663216022,10198.566321602202,10198.566321602202,10198.566321602202,10198.566321602202
2018-01-16,9991.516952785843,9991.516952785845,9991.516952785845,9991.516952785845,9991.516952785845
2018-01-17,10107.019924468152,10107.019924468152,10107.019924468152,10107.019924468152,10107.019924468152
2018-01-18,10155.21645748698,10155.21645748698,10155.21645748698,10155.21645748698,10155.21645748698
2018-01-19,10165.259168855207,10165.259168855206,10165.259168855206,10165.259168855206,10165.259168855206
2018-01-22,10204.493041510204,10204.493041510203,10204.493041510203,10204.493041510203,10204.493041510203
2018-01-23,10244.505847886783,10244.505847886783,10244.505847886783,10244.505847886783,10244.505847886783
2018-01-24,10270.406013165411,10270.406013165411,10270.406013165411,10270.406013165411,10270.406013165411
2018-01-25,10232.18837794581,10232.18837794581,10232.18837794581,10232.18837794581,10232.18837794581
2018-01-26,10397.989460783983,10397.989460783985,10397.989460783985,10397.989460783985,10397.989460783985
2018-01-29,10370.128449143804,10370.128449143805,10370.128449143805,10370.128449143805,10370.128449143805
2018-01-30,10180.084986168757,10180.084986168758,10180.084986168758,10180.084986168758,10180.084986168758
2018-01-31,10238.88694887666,10238.886948876661,10238.886948876661,10238.886948876661,10238.886948876661
2018-02-01,10006.560065284097,10006.560065284099,10006.560065284099,10006.560065284099,10006.560065284099
2018-02-02,9850.6526526591,9850.652652659102,9850.652652659102,9850.652652659102,9850.652652659102
2018-02-05,9187.059626063765,9187.059626063767,9187.059626063767,9187.059626063767,9187.059626063767
2018-02-06,9575.674078131213,9575.674078131213,9284.213239080627,9323.07468428737,9381.36685209749
2018-02-07,9580.764294704635,9580.764294704637,9286.680880299155,9326.296045496609,9385.356393816832
2018-02-08,9316.61714852526,9316.617148525262,9030.641781898059,9159.160693254167,9178.348682862223
2018-02-09,9551.155523865094,9551.155523865096,9144.311369154719,9309.034141121245,9293.877471587954
2018-02-12,9631.168417052202,9631.168417052204,9182.613688021878,9359.724111476758,9356.163549838499
2018-02-13,9663.65710175155,9663.657101751554,9213.5892693748,9380.246578018305,9381.412361563403
2018-02-14,9881.427298818331,9881.427298818335,9421.217202543128,9591.630128192057,9550.540218417687
2018-02-15,10104.755690427955,10104.75569042796,9634.144467119622,9808.408865176712,9766.390289615125
2018-02-16,10091.899671380195,10091.8996713802,9621.887194546918,9795.929880522153,9753.96476410637
2018-02-19,10191.619952989102,10191.61995298911,9716.963179435117,9892.725619492592,9850.34583652611
2018-02-20,10147.360951528985,10147.360951528992,9674.76546312208,9849.764622157792,9807.568881265566
2018-02-21,10035.939111298618,10035.939111298623,9568.53289912367,9741.610501566327,9721.41624487811
2018-02-22,9987.372638793064,9987.37263879307,9522.228324652844,9694.46836037383,9683.780712056641
2018-02-23,10111.016864728195,10111.016864728199,9640.114038239431,9814.486415133815,9803.66645313904
2018-02-26,10217.811480817674,10217.81148081768,9741.93488292262,9918.14901631847,9907.214771684985
2018-02-27,10058.918894268483,10058.918894268489,9590.442439120212,9763.916345854574,9753.152134737078
2018-02-28,10007.110308791336,10007.110308791343,9541.046747386985,9713.627174631198,9702.918404715449
2018-03-01,9824.825003093423,9824.82500309343,9367.251059185406,9536.68783406975,9526.174130595511
2018-03-02,9907.088687625175,9907.088687625183,9445.683457301395,9616.538933627524,9589.984584886726
2018-03-05,10099.670102606264,10099.670102606273,9629.295731605827,9803.472424731926,9776.401892658603
2018-03-06,10169.847696585026,10169.847696585037,9696.204927578445,9871.59188808225,9844.333256319598
2018-03-07,10191.10582913199,10191.105829132,9716.472999992371,9892.226573582688,9864.910962834278
2018-03-08,10205.377863373958,10205.37786337397,9730.080339342203,9906.080045301518,9878.726180673844
2018-03-09,10381.994827020764,10381.994827020777,9898.471678553818,10077.517281890516,10049.690024059846
2018-03-12,10442.09237989821,10442.092379898222,9955.770293609909,10135.852326148632,10107.863986548342
2018-03-13,10316.812003997917,10316.812003997928,9836.324630865009,10014.246105547265,9986.593559730289
2018-03-14,10285.435387949812,10285.435387949823,9806.409325521889,9983.789685972766,9956.221240099892
2018-03-15,10247.749950202791,10247.749950202802,9770.479020754068,9947.2094664197,9919.74203026703
2018-03-16,10282.29874816855,10282.298748168561,9803.418769221491,9980.745035871374,9953.184997254079
2018-03-19,10149.089108609738,10149.089108609747,9676.413134326405,9851.4420967797,9824.239105054385
2018-03-20,10242.882249723723,10242.882249723732,9765.83802486315,9942.484523235062,9915.03013416617
2018-03-21,10226.992503963987,10226.992503963997,9750.688316064143,9927.060783369403,9899.648984193831
2018-03-22,9883.609601401768,9883.609601401777,9423.297868222135,9593.748429382273,9567.25701253432
2018-03-23,9637.395316242251,9637.39531624226,9188.550580334473,9354.75498399107,9376.590206274033
2018-03-26,9986.858705544086,9986.858705544095,9521.738326940998,9693.969499482007,9648.595235521423
2018-03-27,9542.877895248592,9542.8778952486,9098.435141979535,9263.009518945732,9305.440995960433
2018-03-28,9385.562240682631,9385.56224068264,8948.446187326861,9110.307533054323,9182.719816259847
2018-03-29,9634.853158034328,9634.853158034337,9186.126818673752,9352.287380828046,9377.842374766264
2018-03-30,9617.603032492523,9617.603032492532,9169.680087388293,9335.543157664895,9361.05239824845
2018-04-02,9240.92054080308,9240.920540803088,8810.540920212943,8969.907806941525,8994.41795406368
2018-04-03,9412.324240261329,9412.324240261338,8973.961793846118,9136.284671142503,9127.883143380523
2018-04-04,9498.781326270886,9498.781326270895,9056.39229314174,9220.2061903611,9194.958620839043
2018-04-05,9537.92964532066,9537.92964532067,9093.71734808866,9258.206388623024,9225.275535093506
2018-04-06,9291.96435850077,9291.96435850078,8859.207461880913,9019.45463908243,8987.373010398851
2018-04-09,9331.22915826636,9331.22915826637,8896.643572659183,9057.567901976556,9017.755167545127
2018-04-10,9616.171726123062,9616.17172612307,9168.315441595505,9334.153827876713,9238.051316758614
2018-04-11,9562.336946886158,9562.336946886166,9116.987922513066,9281.897886011411,9196.676976334484
2018-04-12,9758.5989282562,9758.598928256208,9304.109347300531,9472.404001838695,9347.682577197224
2018-04-13,9703.554574868172,9703.55457486818,9251.628587855572,9418.973959560633,9294.956038590486
2018-04-16,9727.611739481754,9727.611739481761,9274.565332340753,9442.325588624795,9318.00020099212
2018-04-17,10031.85653284297,10031.85653284298,9564.640459578864,9737.647654769835,9609.433815081004
2018-04-18,10104.750525900412,10104.750525900421,9634.139543120871,9808.403852111649,9679.25837841175
2018-04-19,9992.124703359736,9992.124703359745,9526.759070170605,9699.081058953747,9571.37501863378
2018-04-20,9902.560186046365,9902.560186046374,9441.36586271857,9612.143241500733,9485.581895647541
2018-04-23,9852.31165580538,9852.31165580539,9393.45756939282,9563.368373054913,9437.449237043922
2018-04-24,9680.69272233304,9680.69272233305,9229.83148589119,9396.782587106933,9273.056855911065
2018-04-25,9662.157747505686,9662.157747505695,9212.15974491577,9378.79119602514,9255.302354210951
2018-04-26,9974.0640415972,9974.064041597208,9509.539551963266,9681.550070539013,9554.074857562351
2018-04-27,9996.664011351892,9996.664011351902,9531.086967877092,9703.487240569222,9575.723184855466
2018-04-30,9880.80219896902,9880.802198969031,9420.621215619838,9591.023360934003,9464.740096715846
2018-05-01,9971.70121545901,9971.70121545902,9507.286770296554,9679.2565400915,9551.811525614057
2018-05-02,9929.72383972971,9929.723839729719,9467.264417009008,9638.510254198594,9511.601738673735
2018-05-03,9986.844613587951,9986.84461358796,9521.72489129294,9693.955820807163,9566.317263567853
2018-05-04,10042.123040893728,10042.123040893737,9574.428823074637,9747.613072209353,9619.268019677409
2018-05-07,10173.433491171556,10173.433491171567,9699.62372008907,9875.072520419017,9745.04923246113
2018-05-08,10195.73437209136,10195.73437209137,9720.885976704432,9896.719373130383,9766.411064990858
2018-05-09,10345.048621968042,10345.048621968053,9863.246178017785,10041.65461521397,9909.4379710417
2018-05-10,10419.457214007649,10419.45721400766,9934.189320758347,10113.880992195845,9980.713356423963
2018-05-11,10303.35019631356,10303.35019631357,9823.48978319596,10001.179098498531,9869.495388110217
2018-05-14,10309.42941389064,10309.42941389065,9829.285871906955,10007.08002806112,9875.318621204031
2018-05-15,10281.11464044884,10281.11464044885,9802.289809236141,9979.595655024263,9848.19612991967
2018-05-16,10415.453964530385,10415.453964530394,9930.372515584284,10109.99514786024,9976.878676295608
2018-05-17,10297.8593540936,10297.85935409361,9818.254667294706,9995.849288737909,9864.235754987572
2018-05-18,10254.680586914385,10254.680586914395,9777.086875250932,9953.936845155606,9822.875164944538
2018-05-21,10386.683637318703,10386.683637318714,9902.94211575916,10082.06858128878,9949.319813758673
2018-05-22,10452.540529994343,10452.540529994356,9965.731839492288,10145.994058533584,10012.403595844433
2018-05-23,10507.762371707204,10507.762371707217,10018.381821055533,10199.596383854612,10065.30014907457
2018-05-24,10560.425628664329,10560.425628664343,10068.592379447817,10250.715161213739,10115.745854768158
2018-05-25,10557.532920976411,10557.532920976424,10065.83439453256,10247.907289296816,10112.974953591252
2018-05-28,10521.571571141309,10521.571571141321,10031.547881314611,10213.000594535213,10078.527868945448
2018-05-29,10530.445940066724,10530.445940066737,10040.008942116205,10221.614700754855,10087.028554791601
2018-05-30,10611.016127204191,10611.016127204204,10116.826714500405,10299.821968896596,10164.206082025115
2018-05-31,10495.146665877695,10495.146665877708,10006.353669535622,10187.350664641843,10053.215667024582
2018-06-01,10711.751380524436,10711.751380524447,10212.870400577689,10397.60291303541,10260.699562215665
2018-06-04,10802.492610137528,10802.49261013754,10299.385517023773,10485.682932804439,10347.619848347285
2018-06-05,10835.646828147032,10835.646828147042,10330.995635643516,10517.864821788698,10379.378004238975
2018-06-06,10945.40781086713,10945.40781086714,10435.64469364896,10624.406793603232,10484.517157243601
2018-06-07,10809.087146187,10809.08714618701,10305.672924155686,10492.084067857179,10353.936700816326
2018-06-08,10905.04160705335,10905.041607053361,10397.158474778817,10585.22442804484,10445.850698782531
2018-06-11,10930.410415904757,10930.410415904767,10421.34577597846,10609.849234152009,10470.151274536074
2018-06-12,10945.97327834563,10945.97327834564,10436.183825474232,10624.955677356487,10485.058813944077
2018-06-13,11024.811324797312,11024.811324797322,10511.350128578471,10701.481604100307,10560.577137696762
2018-06-14,11108.331455006766,11108.331455006775,10590.98045562465,10782.552300974563,10640.580391416266
2018-06-15,11079.980764722026,11079.980764722035,10563.950148874681,10755.033064444566,10613.423495680052
2018-06-18,11276.530390152191,11276.5303901522,10751.345821206098,10945.818388462107,10801.696783955924
2018-06-19,11250.974803134755,11250.974803134763,10726.980440704987,10921.01228191823,10777.217294915621
2018-06-20,11323.941460053758,11323.941460053768,10796.54880391701,10991.839012075063,10847.11146236861
2018-06-21,11211.005205773525,11211.005205773534,10688.872357039445,10882.21489135224,10738.930742551087
2018-06-22,11185.56155128005,11185.561551280061,10664.61369600187,10857.517434635629,10714.558472765491
2018-06-25,10777.59738911864,10777.59738911865,10275.649747136324,10461.517825401244,10323.772918528297
2018-06-26,10925.42450745619,10925.424507456199,10416.592077446303,10605.009549737446,10465.375313367995
2018-06-27,10755.105346791828,10755.105346791835,10254.205232120255,10439.685417561515,10302.227974040914
2018-06-28,10901.376494212298,10901.376494212305,10393.664058121863,10581.666803656535,10442.339916988987
2018-06-29,10897.82541892782,10897.825418927827,10390.278367922872,10578.219872392856,10438.93837084378
2018-07-02,10932.152124446156,10932.152124446164,10423.006367507978,10611.53986280463,10471.819642988008
2018-07-03,10846.226375799828,10846.226375799835,10341.082459472445,10528.134098173628,10389.512066925197
2018-07-04,10842.95604832015,10842.956048320157,10337.964441743046,10524.95968109454,10386.379446819763
2018-07-05,10983.665094803042,10983.66509480305,10472.120211875223,10661.542088548564,10521.16349849891
2018-07-06,11169.074962429317,11169.074962429326,10648.894941029057,10841.51435557126,10698.766103339265
2018-07-09,11284.11420660254,11284.11420660255,10758.576434744236,10953.179790833663,10808.96126007824
2018-07-10,11283.76738333516,11283.767383335167,10758.245764160516,10952.84313901202,10808.629040890046
2018-07-11,11313.196446631566,11313.196446631573,10786.304220595852,10981.409122611578,10836.818901367096
2018-07-12,11510.412355278706,11510.412355278711,10974.33514517532,11172.841189451243,11025.730416919709
2018-07-13,11442.875249261857,11442.875249261864,10909.94346108207,11107.284775255941,10961.037172134329
2018-07-16,11477.72796453138,11477.727964531387,10943.172972439383,11141.115348888601,10994.422304742822
2018-07-17,11496.509404481672,11496.509404481681,10961.079699858145,11159.34597689713,11012.412893380468
2018-07-18,11492.13559368058,11492.135593680588,10956.909591602138,11155.100438860352,11008.223255572631
2018-07-19,11397.185558411778,11397.185558411786,10866.381687221008,11062.935047018018,10917.271388720466
2018-07-20,11430.025931562746,11430.025931562755,10897.692577754488,11094.812295416494,10948.728915173684
2018-07-23,11444.371367401722,11444.371367401729,10911.369900151049,11108.73701604988,10962.470291537253
2018-07-24,11559.45422292551,11559.454222925517,11021.092974094847,11220.444783652676,11072.707223234376
2018-07-25,11663.99178649878,11663.991786498786,11120.7618845129,11321.916525940056,11172.842905503994
2018-07-26,11745.609332288635,11745.609332288643,11198.578236662423,11401.140436364485,11251.023689075737
2018-07-27,11680.557994181034,11680.55799418104,11136.556550210194,11337.996888817795,11188.711541161645
2018-07-30,11503.39545316028,11503.395453160285,10967.645042931223,11166.030075253835,11019.008983426995
2018-07-31,11406.73305086809,11406.733050868093,10875.484522008983,11072.202535764669,10926.416854124454
2018-08-01,11393.652200976265,11393.65220097627,10863.012889693326,11059.505313983784,10913.886814358737
2018-08-02,11474.981016706952,11474.981016706957,10940.553958878347,11138.448962068504,10991.791025754143
2018-08-03,11540.332551930143,11540.33255193015,11002.861861293513,11201.883902711676,11054.390730044694
2018-08-06,11615.07768322752,11615.077683227526,11074.125869567844,11274.436949109468,11125.988483645955
2018-08-07,11726.245823603742,11726.245823603747,11180.11654933659,11382.344810219285,11232.475541529368
2018-08-08,11674.27793772887,11674.277937728873,11130.568976341472,11331.901010474334,11182.69592614219
2018-08-09,11633.487464861471,11633.487464861477,11091.678248002645,11292.306818596311,11143.62306380391
2018-08-10,11558.56626924474,11558.566269244746,11020.246375294959,11219.582871398568,11071.856659622523
2018-08-13,11597.955813895873,11597.955813895876,11057.801421185139,11257.81722072751,11109.58758421181
2018-08-14,11691.933456579376,11691.93345657938,11147.402220455317,11349.03873778986,11199.608004111946
2018-08-15,11484.548935301971,11484.548935301975,10949.676268493547,11147.736277907074,11000.95605719034
2018-08-16,11502.5634084305,11502.563408430504,10966.851749221269,11165.222432283148,11018.211974544764
2018-08-17,11466.345748183989,11466.345748183992,10932.320862798506,11130.06694404365,10983.519372239643
2018-08-20,11492.605637395154,11492.605637395156,10957.357743857448,11155.556697386359,11008.673506625428
2018-08-21,11472.680442798435,11472.680442798437,10938.360530153202,11136.215858150834,10989.587324710552
2018-08-22,11434.083996248177,11434.083996248179,10901.561645214806,11098.75134736939,10952.616102344306
2018-08-23,11502.42396455307,11502.423964553074,10966.718799697166,11165.087077940552,11018.078402388237
2018-08-24,11747.223948311852,11747.223948311856,11200.117654784253,11402.707699799748,11252.570316637757
2018-08-27,11814.876782701473,11814.876782701478,11264.619677404866,11468.376448348521,11317.37441669056
2018-08-28,11778.68167950571,11778.681679505713,11230.110297477886,11433.24285561875,11282.703421600965
2018-08-29,11913.686624923936,11913.686624923937,11358.827625019696,11564.288448807827,11412.023561243894
2018-08-30,11901.98112623648,11901.981126236482,11347.667289345134,11552.926242672936,11400.810959215409
2018-08-31,11923.541184389927,11923.54118438993,11368.223225711468,11573.853999068504,11421.463163640039
2018-09-03,11930.818458681062,11930.818458681066,11375.161573752288,11580.917849383964,11428.434005520196
2018-09-04,11985.905555153096,11985.9055551531,11427.683085597298,11634.389381199919,11481.201487379607
2018-09-05,12005.613292236843,12005.613292236847,11446.47296948976,11653.519140399136,11500.07936851071
2018-09-06,11918.4945349361,11918.494534936106,11363.411615079543,11568.955355028133,11416.629019156846
2018-09-07,11885.73608653725,11885.736086537256,11332.178833796946,11537.15762873683,11385.249967757642
2018-09-10,12003.994176867744,12003.994176867749,11444.92926157116,11651.947509572372,11498.528431061852
2018-09-11,12074.6111137105,12074.611113710505,11512.257338786627,11720.493430976116,11566.171820756732
2018-09-12,12156.557073493694,12156.5570734937,11590.386809625385,11800.036123845402,11644.667189422727
2018-09-13,12157.867066592336,12157.86706659234,11591.635792099567,11801.307698172946,11645.92202116184
2018-09-14,12161.195786444952,12161.195786444956,11594.80948267984,11804.538795124952,11649.110574846587
2018-09-17,12093.924699291776,12093.92469929178,11530.671428089581,11739.240598135557,11584.672147368017
2018-09-18,12155.373671132884,12155.373671132887,11589.258522148073,11798.887427670808,11643.53361792222
2018-09-19,12046.388481779642,12046.388481779646,11485.349126297946,11693.098497173663,11539.137591076602
2018-09-20,12113.77941246423,12113.779412464231,11549.601442917927,11758.513022988016,11603.690815699594
2018-09-21,12073.623691244384,12073.623691244386,11511.315903785115,11719.534967103558,11565.225976804057
2018-09-24,12110.802636997914,12110.802636997918,11546.763305533188,11755.62354878716,11600.83938668122
2018-09-25,12098.312766362793,12098.312766362795,11534.85512865481,11743.499974342061,11588.875441140914
2018-09-26,12069.290147995142,12069.290147995143,11507.184187690558,11715.32851567359,11561.07491095677
2018-09-27,12146.799557553057,12146.79955755306,11581.083732827456,11790.56477106991,11635.320544230568
2018-09-28,12106.679584419511,12106.679584419515,11542.832276876703,11751.621414871159,11596.889948136271
2018-10-01,12160.78113625726,12160.781136257263,11594.414144095319,11804.136305574342,11648.713384802852
2018-10-02,11993.98792907434,11993.987929074343,11435.389037169018,11642.234719617747,11488.943527650084
2018-10-03,11984.060952385043,11984.060952385047,11425.924391958742,11632.598875947038,11479.434557384477
2018-10-04,11898.353191879089,11898.353191879092,11344.208319649359,11549.404706417794,11397.335790389112
2018-10-05,11850.93124401592,11850.931244015923,11298.994965598771,11503.37352386623,11351.910692065441
2018-10-08,11761.58380434982,11761.583804349824,11213.8087257844,11416.646417724322,11266.325505992709
2018-10-09,11866.958003908723,11866.958003908725,11314.27530733859,11518.930259588356,11367.262595071219
2018-10-10,11263.088879531271,11263.088879531273,10738.530325300435,10932.77108321549,10788.821270209932
2018-10-11,11089.529977827113,11089.529977827115,10573.054624175229,10764.30222337774,10655.820741465599
2018-10-12,11340.462341318997,11214.996159573058,10692.677439185327,10886.088800611124,10776.379966651342
2018-10-15,11181.482334814022,11057.7750420613,10542.778618689834,10733.478579242179,10655.522181094846
2018-10-16,11515.686472011328,11388.281683005294,10857.892494150788,11054.292299667473,10910.309121880458
2018-10-17,11445.485516598166,11318.857401908004,10791.701526837172,10986.904056444708,10843.798616747266
2018-10-18,11253.365803707204,11128.863222005826,10610.555991688469,10802.481923384155,10661.778598996538
2018-10-19,11160.258848697264,11036.786363810947,10522.767451212594,10713.105445628062,10591.208726291206
2018-10-22,11250.651325397204,11126.17877556038,10607.996568614622,10799.876204936301,10676.99218355638
2018-10-23,11228.957774222708,11104.725232857538,10587.542186929124,10779.051840163647,10656.404764248415
2018-10-24,10681.920924573442,10834.23290268117,10329.647561269296,10516.492363166351,10396.83276264182
2018-10-25,10915.277034157303,10952.574653118536,10442.47775282805,10631.363450570272,10510.396814586014
2018-10-26,10544.103254739864,10766.353611012686,10264.929628219275,10450.603798755663,10331.693896802119
2018-10-29,10328.350270078809,10656.203280094403,10159.90935522316,10343.683897336918,10225.990560018243
2018-10-30,10586.237478625644,10789.239943537761,10286.750070061125,10472.818933263361,10353.656261276905
2018-10-31,10884.87851248558,10941.423841632182,10431.846270773822,10620.5396640694,10499.696184164575
2018-11-01,10896.61385879807,10947.32199648003,10437.469729433731,10626.264841012828,10505.356218438536
2018-11-02,10710.52028670618,10853.842210852856,10348.34360040315,10535.526580123555,10415.650402938405
2018-11-05,10771.48547666732,10884.732706107983,10377.7954251742,10565.511135593519,10445.293785724025
2018-11-06,10903.7309481307,10951.550630691838,10441.501422444748,10630.369460121032,10509.41413403897
2018-11-07,11134.214188246047,11183.044684026108,10662.21404741342,10855.074380707132,10731.562298997367
2018-11-08,11158.975446565022,11207.914535955679,10685.92562973226,10879.214863031977,10755.428104141673
2018-11-09,11161.613051423628,11210.563708361913,10688.45142159323,10881.786341938618,10757.970324039881
2018-11-12,10897.61701436387,10945.409883500013,10435.646669752594,10624.408805451058,10503.5213013701
2018-11-13,10862.874366592298,10927.962375489926,10419.011748740142,10607.472988546202,10486.778184941357
2018-11-14,10689.83319904264,10840.923378969399,10336.02644039209,10522.986624774268,10403.253130719186
2018-11-15,10840.52701936898,10917.33524290701,10408.879556165506,10597.157522776317,10476.58009143502
2018-11-16,10874.829833334032,10934.608172496246,10425.34802944,10613.923881202096,10493.155677530805
2018-11-19,10630.14870188694,10811.5951074377,10308.064081522305,10494.518476972906,10375.108901490285
2018-11-20,10391.107845960178,10690.034580821703,10192.165022624022,10376.523011922189,10258.456021944707
2018-11-21,10426.337105278764,10708.155940254945,10209.442411614815,10394.11291789908,10275.845785036518
2018-11-22,10406.725560806492,10698.085122751258,10199.840624723081,10384.337451899808,10266.181547031905
2018-11-23,10367.04945935826,10677.691661419352,10180.39695298322,10364.542079003362,10246.611411441894
2018-11-26,10514.386899351352,10753.567818883275,10252.73931186972,10438.19298144227,10319.424293249991
2018-11-27,10557.6094073596,10775.670684966582,10273.812775841314,10459.647626589474,10340.634821425581
2018-11-28,10833.53141231717,10916.481191656,10408.06528084935,10596.328518679802,10475.76051997969
2018-11-29,10826.575532711677,10909.472052530926,10401.382580050846,10589.52493980686,10469.03435413592
2018-11-30,10868.549193118286,10951.76709529535,10441.707805590091,10630.579576367405,10509.621859523744
2018-12-03,10954.401096360869,11038.27634618929,10524.188040282359,10714.551730606792,10592.63855503369
2018-12-04,10651.501215667917,10733.057232984891,10233.183970434056,10418.283918945466,10299.74176165179
2018-12-06,10634.13157309232,10724.30591408131,10224.84022881596,10409.789254002979,10291.34375139021
2018-12-07,10538.137623224322,10675.901938767975,10178.690583516442,10362.804844372686,10244.893943554232
2018-12-10,10599.05163670171,10706.757107766158,10208.10872728883,10392.75510961512,10274.50342627615
2018-12-11,10633.426427116736,10724.119157891924,10224.662170467618,10409.607974898398,10291.16453493014
2018-12-12,10674.753452076564,10744.958909929903,10244.531347708886,10429.836549927777,10311.162943557682
2018-12-13,10691.547682652748,10753.411251160787,10252.59003601353,10438.04100545351,10319.274046486671
2018-12-14,10476.74167011692,10645.386788258771,10149.596622469953,10333.184625740361,10215.6107520795
2018-12-17,10398.574725568662,10605.674185573049,10111.733564404927,10294.636692848637,10177.501428382893
2018-12-18,10351.113069088098,10581.47073085811,10088.657343022553,10271.143064000313,10154.275116634775
2018-12-19,10210.883726793532,10509.795700781939,10020.320451404967,10201.570080550859,10085.493754109806
2018-12-20,10114.99327898829,10460.44693513861,9973.270017723307,10153.668588891831,10038.137299061704
2018-12-21,9983.641394613584,10392.527986582003,9908.514274734978,10087.741530628842,9972.96037736356
2018-12-24,9774.645236967925,10283.75012029203,9804.8025462411,9982.15384293598,9868.574096004038
2018-12-25,9726.715672296514,10258.53715069028,9792.78318629663,9965.022366877092,9844.379025549708
2018-12-26,10129.08851193806,10470.723713090174,9894.059663152198,10109.303239134439,10047.99918246969
2018-12-27,10261.211864410969,10539.013526046223,9958.588486783365,10175.235876288583,10113.531996012995
2018-12-28,10256.07654163965,10536.37635039569,9956.096550796557,10172.68972866053,10111.001288536925
2018-12-31,10327.763832652352,10573.19960705644,9990.891805487267,10208.241948166678,10146.337915016766
2019-01-02,10275.968918400864,10546.6867057215,9965.839074191985,10182.644198986352,10120.895393731886
2019-01-03,10213.620959705338,10514.691455817354,9935.605928884814,10151.753336773216,10090.19185750183
2019-01-04,10150.437769366208,10482.168624089452,9904.87425776563,10120.353103404275,10058.98203900523
2019-01-07,10094.523619474843,10453.297871864226,9877.593531727623,10092.478889836608,10031.276858092695
2019-01-08,10070.270663981946,10440.740401219886,9865.72765051656,10080.35486840899,10019.226358220323
2019-01-09,10156.050791237618,10485.208324185618,9907.74654958935,10123.287881445429,10061.899020191835
2019-01-10,10118.74192819725,10465.94930267431,9889.548198347537,10104.693628184461,10043.417524766754
2019-01-11,10144.700997806269,10479.374208082534,9902.233741268998,10117.655142922815,10056.300439287548
2019-01-14,10155.041793077837,10484.715176893904,9907.280561863898,10122.811756236695,10061.42578226486
2019-01-15,10162.568702764538,10488.60080857496,9910.952196483893,10126.563266639962,10065.154543048206
2019-01-16,10148.045898841056,10481.106448761522,9903.870580622079,10119.327591436104,10057.962745867613
2019-01-17,10076.85080792223,10444.340585954638,9869.129558879353,10083.83078470645,10022.68119613438
2019-01-18,10082.513852360787,10447.275370144514,9871.90271292952,10086.664268248738,10025.497497084403
2019-01-21,10103.19773420056,10457.991458040246,9882.028623602091,10097.010466376352,10035.78095459565
2019-01-22,10121.748782317078,10467.592710428067,9891.10109715493,10106.280310039843,10044.994584788461
2019-01-23,10104.367556472862,10458.605153195711,9882.608520145019,10097.602978469402,10036.369873622582
2019-01-24,10105.085162777754,10458.976535222164,9882.959448698599,10097.961541413652,10036.726262197091
2019-01-25,10149.254528956011,10481.834648587486,9904.558675611717,10120.030655814568,10058.661546777319
2019-01-28,10116.063880084645,10464.695513276789,9888.363460076911,10103.483116135356,10042.214353411417
2019-01-29,10124.55757777939,10469.088721999615,9892.514717469176,10107.72468342228,10046.430199313281
2019-01-30,10137.954511759495,10476.015132826114,9899.059663534674,10114.412013670177,10053.076976769087
2019-01-31,10094.32349919314,10453.47216583137,9877.758226638613,10092.647167657216,10031.444115455932
2019-02-01,10084.57177786293,10448.422825600574,9872.986973488212,10087.772116710465,10026.59862741697
2019-02-04,10152.22269586136,10483.468706147492,9906.102739177399,10121.608310219073,10060.229634091715
2019-02-05,10208.332993435117,10541.40976657625,9960.852756896971,10177.549405211297,10115.831495412127
2019-02-06,10170.41178832034,10502.251271039875,9923.850874145372,10139.742552828153,10078.253908426012
2019-02-07,10051.464712775552,10379.423198654318,9807.787428122689,10021.154166385333,9960.384656525928
2019-02-08,10099.311640903585,10404.127235826394,9831.13091653846,10045.005488399604,9984.09134119362
2019-02-11,9942.152686780017,10323.176087218968,9754.63806694476,9966.848549944087,9906.408356013662
2019-02-12,10200.989634855992,10457.554399293154,9881.615635403905,10096.588493690542,10035.361540804037
2019-02-13,10184.564367346413,10440.716020405143,9865.704612449448,10080.331329152668,10019.202961708945
2019-02-14,10220.814384304616,10477.877760381862,9900.819708844985,10116.210348465233,10054.864406241035
2019-02-15,10263.626668031771,10521.766814489407,9942.291619650585,10158.584473598272,10096.981569474046
2019-02-18,10251.162018039857,10508.988666483727,9930.217214650793,10146.247391982559,10084.719301436735
2019-02-19,10312.595085157189,10571.966834709656,9989.726926775504,10207.051727717748,10145.154912210848
2019-02-20,10306.183661436908,10565.394157476198,9983.516232799004,10200.705921155886,10138.84758739949
2019-02-21,10211.373565922304,10468.199496278,9891.674464915031,10106.86615131752,10045.576873452661
2019-02-22,10316.034240974226,10575.492488624785,9993.058409024843,10210.455685793704,10148.538228266887
2019-02-25,10437.510247013626,10700.02373381155,10110.731227405498,10330.688456214924,10268.041892398931
2019-02-26,10419.040294098097,10681.089243700262,10092.839534339599,10312.407532426047,10249.87182637753
2019-02-27,10386.51390895182,10647.74478848022,10061.331489774357,10280.214035739498,10217.873555009524
2019-02-28,10392.474621582762,10653.85541880413,10067.105583586865,10286.113743975464,10223.73748669003
2019-03-01,10445.85637747281,10708.579777531295,10118.816056053769,10338.949168927844,10276.252511135217
2019-03-04,10447.92476166491,10710.700183588135,10120.819682986477,10340.996384421833,10278.28731206297
2019-03-05,10419.064629149943,10681.114190802216,10092.863107506264,10312.43161842292,10249.895766313959
2019-03-06,10175.840057563306,10431.772285785377,9857.253444568021,10071.696307559218,10010.62030394716
2019-03-07,10158.244361039666,10413.734040460562,9840.208636553542,10054.280692661227,9993.310299477238
2019-03-08,10187.458368370524,10443.682808356563,9868.50800768779,10083.195711775006,10022.049974363203
2019-03-11,10272.039716995623,10530.391459778994,9950.44127170969,10166.911419944243,10105.258020194498
2019-03-12,10209.040299613816,10465.807546063124,9889.414248832003,10104.556764620123,10043.281491159885
2019-03-13,10289.961931362315,10548.7644351867,9967.802374901268,10184.65021096682,10122.88924100929
2019-03-14,10213.503749127918,10470.38325565337,9893.73795604916,10108.97453334839,10047.672469995907
2019-03-15,10444.504697572604,10707.194101573097,10117.506694735499,10337.61132267801,10274.922777749385
2019-03-18,10445.554053302358,10708.269849615288,10118.523197090408,10338.649938867818,10275.955095643034
2019-03-19,10607.675603583955,10874.468913829069,10275.569023372258,10499.112270243922,10435.444363730547
2019-03-20,10611.249775921264,10878.132980060658,10279.03129502591,10502.649863025317,10438.960504114759
2019-03-21,10894.392975928637,11168.397505646448,10553.309808425327,10782.895258579189,10717.506457164764
2019-03-22,10573.44913549095,10839.381616930417,10242.414122293165,10465.236089961696,10401.773612766889
2019-03-25,10533.32140777091,10798.244638012366,10203.542719042576,10425.519045980816,10362.297417819533
2019-03-26,10532.153474353032,10797.047329938405,10202.41135144626,10424.36306567592,10361.148447521204
2019-03-27,10466.739422231232,10729.988051081331,10139.045291548187,10359.618487981035,10296.79648889866
2019-03-28,10583.348364826074,10849.529821466322,10252.003425182185,10475.034006495196,10411.512113530958
2019-03-29,10706.153642717003,10975.42377097849,10370.963898386732,10596.582444450798,10532.323466827838
2019-04-01,10893.75288381057,11167.74131459197,10552.68975640014,10782.261717428228,10716.876757885168
2019-04-02,10947.311361060812,11222.646839392615,10604.571417410367,10835.272055101415,10769.565634358934
2019-04-03,11132.781743528938,11412.781981525373,10784.235067399679,11018.844257071847,10952.024631946684
2019-04-04,11110.431242874694,11389.869344143157,10762.584319322315,10996.72250067257,10930.037024595638
2019-04-05,11158.457969446305,11439.103989380563,10809.107418471996,11044.257701888308,10977.283966512
2019-04-08,11163.71550137697,11444.493753328867,10814.200346863196,11049.461426065713,10982.456134666769
2019-04-09,10997.182657273714,11273.772446983434,10652.881336158973,10884.632947870887,10818.62719661118
2019-04-10,11028.344420355512,11305.717958573045,10683.06748243675,10915.475788598786,10849.283002564182
2019-04-11,11013.509639334055,11290.510068448011,10668.697150798678,10900.792832853405,10834.68908606609
2019-04-12,11019.331814683792,11296.47867714398,10674.337044674408,10906.55542165592,10840.416729822231
2019-04-15,10918.855880166886,11193.475675607728,10577.006824662074,10807.107799351721,10741.572170115789
2019-04-16,11093.620510586536,11372.635805664233,10746.299899774074,10980.083816361861,10913.499239310479
2019-04-17,11113.348723991076,11392.860202733895,10765.410459534938,10999.610123082213,10932.907136108277
2019-04-18,11133.512357248545,11413.530970887296,10784.942806963538,11019.567393388881,10952.743383076262
2019-04-19,11137.01574521033,11417.122472447794,10788.336510368723,11023.034926231285,10956.189888373561
2019-04-22,11241.435196136845,11524.168173648899,10889.48678263153,11126.385705369396,11058.91393569141
2019-04-23,11301.874255791898,11586.127334162618,10948.033607817566,11186.206206725223,11118.371678178692
2019-04-24,11313.36359195829,11597.905638255908,10959.163234252466,11197.577956279929,11129.674468047197
2019-04-25,11248.371306949844,11531.278734363385,10896.20573672442,11133.250829159562,11065.737428527607
2019-04-26,11243.919314849638,11526.714770352082,10891.893128210852,11128.844400585285,11061.357721077487
2019-04-29,11253.56793084448,11536.606058379586,10901.239663996836,11138.394268658936,11070.849677578037
2019-04-30,11273.813765239356,11557.361095108578,10920.851638998223,11158.432898822623,11090.766791026874
2019-05-01,11268.625648831445,11552.042492550625,10915.825952858955,11153.297879740841,11085.662911331587
2019-05-02,11217.41005746179,11499.538779478506,10866.21382633296,11102.606449886476,11035.278880534772
2019-05-03,11376.975858790602,11663.117815179234,11020.783919404996,11260.53918890016,11192.253896018685
2019-05-06,11296.01949474644,11580.125320209136,10942.3621484436,11180.41136572246,11112.6119778036
2019-05-07,11077.719196666589,11356.334558305849,10730.89642639754,10964.34524305618,10897.856106646645
2019-05-08,11122.754275845116,11402.502313322158,10774.521541065984,11008.919414633876,10942.159974972421
2019-05-09,11065.571558140333,11343.881394911075,10719.129107824436,10952.321928479856,10885.90570292685
2019-05-10,11123.90624496495,11403.683255580525,10775.637444176713,11010.05959402595,10943.293240176601
2019-05-13,10956.418448676086,11231.982979077573,10613.393379062461,10844.2859370206,10778.524854990901
2019-05-14,11178.43791022263,11459.586445009096,10828.461824489155,11064.033159698556,10953.256573811685
2019-05-15,11229.99232558548,11512.437503825839,10878.402167059736,11115.059945881429,11003.772463734529
2019-05-16,11336.151978077476,11621.267174346409,10981.238158415857,11220.133116643456,11107.793608805985
2019-05-17,11223.92417141428,11506.216729702926,10872.523995501628,11109.053895706307,10997.826548026058
2019-05-20,11183.033483746156,11464.29760165551,10832.91351915891,11068.58170022457,10957.759572916862
2019-05-21,11290.460231142508,11574.426235743895,10936.976935036244,11174.908997918361,11063.02228820611
2019-05-22,11172.836887993764,11453.844551649077,10823.03615984169,11058.489460644536,10947.768380019215
2019-05-23,11025.39241151801,11302.691703855575,10680.207895501697,10912.55399183898,10803.294063106532
2019-05-24,10992.08698952801,11268.54861826104,10647.945204286369,10879.589431293529,10770.659554127247
2019-05-27,11083.808004239238,11362.576505283258,10736.79460473754,10970.371735257322,10860.53291706141
2019-05-28,11054.264569588197,11332.290024651069,10708.176120039376,10941.130660318617,10831.584612977833
2019-05-29,10968.826098482958,11244.70269328838,10625.41256844692,10856.566601814715,10747.867236470865
2019-05-30,10945.985417001591,11221.287546556718,10603.286986191806,10833.959681301352,10725.486663568337
2019-05-31,10803.58219828754,11075.302749037839,10465.342147215753,10693.013875943412,10585.952052020759
2019-06-03,10603.377194484025,10972.68257230851,10368.373668338418,10593.935864390742,10487.866040735791
2019-06-04,10646.904802258008,10995.204388446691,10389.655119239002,10615.680289616314,10509.392753925093
2019-06-05,10733.974669657578,11085.122632848594,10474.621211296813,10702.494804476737,10595.3380545105
2019-06-06,10878.958966427135,11234.849901543474,10616.102408801427,10847.05390123827,10738.449780049716
2019-06-07,11026.856527341555,11387.585738015114,10760.426480389968,10994.517718323266,10884.437142937337
2019-06-10,11025.360757139995,11386.041035644823,10758.966850871298,10993.02633481403,10882.96069162968
2019-06-11,10966.712750967064,11325.474436541814,10701.73589324702,10934.55032749374,10825.070164518436
2019-06-12,10986.853917531176,11346.27449506654,10721.390410516291,10954.632425425072,10844.951194158108
2019-06-13,11021.814366381192,11382.378629343784,10755.506147729273,10989.490344666969,10879.460104930035
2019-06-14,11038.732986533088,11399.850720058932,10772.015981501276,11006.359347049323,10896.160209545702
2019-06-17,11082.68624739965,11445.241854453605,10814.907247108598,11050.18370480507,10939.545784024067
2019-06-18,11170.704268349857,11536.139270011305,10900.798583504944,11137.943592536383,11026.42699210933
2019-06-19,11189.751597704731,11555.809707871002,10919.385692774273,11156.935061189273,11045.228312194513
2019-06-20,11277.423457654611,11646.349638223319,11004.93923208537,11244.349803117515,11131.767830185225
2019-06-21,11158.580132476556,11523.618508866532,10888.96739005653,11125.855013497758,11014.459447732728
2019-06-24,11248.135541789588,11616.103606439578,10976.358968558045,11215.147780844683,11102.85818775993
2019-06-25,11168.510484313356,11533.873719195042,10898.657805507146,11135.75624227934,11024.261542292215
2019-06-26,11347.863881965131,11719.094429022878,11073.677680360397,11314.58364457976,11201.298468298508
2019-06-27,11223.2876473188,11590.4428455515,10952.111446974495,11190.372758575668,11078.33122081962
2019-06-28,11375.009385400324,11747.127962152048,11100.167296259842,11341.64953754309,11228.09336901397
2019-07-01,11185.517191850056,11551.436778958749,10915.253598303434,11152.713073709852,11041.048596583938
2019-07-02,11304.992528310151,11674.820595021289,11031.842181007036,11271.838021092282,11158.980827461048
2019-07-03,11476.350743374924,11851.784570305168,11199.060052251061,11442.693688529183,11328.125834124894
2019-07-04,11421.189406873928,11794.818702718965,11145.23151965818,11387.694125414997,11273.676943965056
2019-07-05,11358.869545378517,11730.460128341892,11084.417425793199,11325.557031337841,11212.161986051036
2019-07-08,11544.516303155997,11922.18007735308,11265.57860109589,11510.65933702875,11395.41098913807
2019-07-09,11647.027136265133,12028.044418492475,11365.612575454703,11612.869533392863,11496.597824813309
2019-07-10,11713.546496001356,12096.739872210936,11430.524699611704,11679.193809710234,11562.258041579718
2019-07-11,11574.905472372346,11953.563388553343,11295.233509577001,11540.95938297256,11425.407661475401
2019-07-12,11683.269954873716,12065.472873580215,11400.979697908211,11649.006061547192,11532.372542662393
2019-07-15,11699.354400235969,12082.083500566872,11416.675512156742,11665.043335550548,11548.249246425641
2019-07-16,11469.86104087258,11845.082565660743,11192.727153434165,11436.223018581519,11321.719950563427
2019-07-17,11495.32937716161,11871.384065310875,11217.580125769158,11461.616663079536,11346.859345892075
2019-07-18,11609.423039851075,11989.210153173624,11328.917066283826,11575.375719695297,11459.479410991478
2019-07-19,11508.23879565893,11884.71579857517,11230.17762790411,11474.488221719128,11359.602030431186
2019-07-22,11572.58193265956,11951.1638372733,11292.966111049438,11538.642657577782,11423.114131865193
2019-07-23,11548.057671752793,11925.837297198637,11269.034403420992,11514.190319742456,11398.906618540354
2019-07-24,11639.797388196068,12020.578158657083,11358.557511994319,11605.66098823339,11489.46145387913
2019-07-25,11585.613402679315,11964.621614816193,11305.682715707466,11551.635909795472,11435.977291547957
2019-07-26,11688.857536496664,12071.24324563881,11406.43227282,11654.577256293742,11537.88795685185
2019-07-29,11593.23573614186,11972.493302963514,11313.120878943682,11559.235889000887,11443.501177367081
2019-07-30,11593.745223749922,11973.019457793303,11313.618056351916,11559.743882418614,11444.004084594657
2019-07-31,11388.374619823844,11760.930422765297,11113.209600932152,11354.975575323177,11241.28598230523
2019-08-01,11358.655046169271,11730.238612071149,11084.208109297104,11325.343161197172,11211.950257245597
2019-08-02,11477.397528535468,11852.865599675186,11200.081545070238,11443.737403749956,11329.159099340037
2019-08-05,11341.605204078332,11712.631006662592,11067.570224160312,11308.343321714483,11195.120625511867
2019-08-06,11513.023142176244,11889.656658740641,11234.846375414209,11479.258537032903,11330.483792178438
2019-08-07,11584.542800636242,11963.515989425445,11304.637981467411,11550.568447540685,11386.792361769307
2019-08-08,11903.156117650524,12292.552325010038,11615.552988378444,11868.247357257287,11699.966886389902
2019-08-09,11854.653483830058,12242.462990866567,11568.222271411525,11819.88696863681,11652.292202130266
2019-08-12,11678.651968053136,12060.7038153517,11396.473290524827,11644.401618041826,11479.295067068673
2019-08-13,11710.790170172158,12093.893376781885,11427.834971912102,11676.445567444498,11504.56674438613
2019-08-14,11401.692205206688,11774.683675561724,11126.20540785619,11368.25410380442,11200.91189985168
2019-08-15,11488.299155780374,11864.123859418334,11210.719768048342,11454.607059449698,11268.977362825513
2019-08-16,11597.40677809468,11976.800795106612,11317.19114050632,11563.39469840776,11354.597091859328
2019-08-19,11702.969793248085,12085.817166439832,11420.203550325019,11668.648125585843,11457.949981673692
2019-08-20,11685.835627445558,12068.122478779585,11403.483378899577,11651.564209690368,11441.174546189246
2019-08-21,11679.989109013724,12062.084699132565,11397.77812358987,11645.734837527058,11435.450433682561
2019-08-22,11622.915869766992,12003.144383399165,11342.083883496203,11588.828978764463,11379.572111159809
2019-08-23,11497.727449820804,11873.860587785335,11219.92025638389,11464.007702835603,11257.004704820289
2019-08-26,11563.68955529445,11941.980557395771,11284.288590612323,11529.776359167505,11321.585791378246
2019-08-27,11499.936872483582,11876.14228882511,11222.0762951487,11466.210645855035,11259.16786979514
2019-08-28,11532.948825004369,11910.234184260371,11254.290615448712,11499.125783184181,11285.024506697597
2019-08-29,11597.762655484634,11977.168314560618,11317.53841921455,11563.749532104897,11348.445031356212
2019-08-30,11609.018148321124,11988.792016146044,11328.521957711426,11574.972015603471,11359.458564358227
2019-09-02,11693.448633478443,12075.984534362566,11410.912440074766,11659.154888820973,11442.07404358822
2019-09-03,11699.32388917761,12082.05199137909,11416.645738304194,11665.01291397293,11447.822998652033
2019-09-04,11835.957108555383,12223.154988091474,11549.977636497302,11801.245424810055,11581.519007582912
2019-09-05,11961.344126023883,12352.6438780862,11672.33506263409,11926.264715828027,11704.210574711513
2019-09-06,11972.03349730674,12363.682938190701,11682.766158162141,11936.92273805546,11714.670156100336
2019-09-09,11945.719093268037,12336.507692789395,11657.087560700422,11910.685507097274,11688.921433985826
2019-09-10,11877.0967479497,12265.640457061912,11590.123263134838,11842.26441268976,11621.774266303479
2019-09-11,11962.107144860203,12353.431858087282,11673.079645468832,11927.025496935004,11704.95719089768
2019-09-12,12023.186679731833,12416.509530174892,11732.68338138513,11987.925901933288,11764.723696267894
2019-09-13,11935.018748045804,12325.457299747424,11646.645756384463,11900.016543114083,11678.451114564898
2019-09-16,11905.629868229122,12295.107001108201,11617.9669683886,11870.713852989747,11649.694008816141
2019-09-17,11955.806134711129,12346.924718620037,11666.930879835289,11920.742965956608,11698.791633846467
2019-09-18,11944.172745374328,12334.91075814381,11655.578575543852,11909.143694226676,11687.408328002162
2019-09-19,11896.093965462436,12285.259143735995,11608.661471360447,11861.205916465084,11640.36309977905
2019-09-20,11794.17429936347,12180.005308863469,11509.204380280635,11759.585153377053,11540.63440531475
2019-09-23,11813.544805406977,12200.009495715107,11528.106857668663,11778.89885092813,11559.588502720797
2019-09-24,11606.084789763858,11985.762696594422,11325.659474734724,11572.047259799123,11356.58826434147
2019-09-25,11691.776568056262,12074.257769503745,11409.280774966839,11657.487727117656,11440.437922631434
2019-09-26,11640.2043158397,12020.998398407144,11358.95460748398,11606.066722467516,11389.974321434514
2019-09-27,11451.92883268351,11826.563728699492,11175.228221860052,11418.34340074351,11205.746204786548
2019-09-30,11418.635010478298,11792.18074258119,11142.738842388935,11385.147220378027,11173.16810137098
2019-10-01,11293.272777549031,11662.717447919531,11020.405601949276,11260.15264121289,11050.50078598726
2019-10-02,11080.8162692992,11443.310702461715,10813.082451273094,11048.319210848216,10842.61146482695
2019-10-03,11227.120857177964,11594.401453865195,10955.852039116166,11194.194726659689,10957.139042098395
2019-10-04,11385.360946512828,11757.818161067638,11110.268743760516,11351.970740306679,11111.573886341446
2019-10-07,11327.538125350527,11698.103741825225,11053.843033091032,11294.317497950979,11055.141547245652
2019-10-08,11139.702045530628,11504.122849960168,10870.545433974272,11107.032290911277,10871.822415841321
2019-10-09,11221.097997393052,11588.181564088025,10949.974703199392,11188.189530305137,10935.373295776872
2019-10-10,11287.21740889516,11656.463985788208,11014.496542640301,11254.115031329162,10999.809097606656
2019-10-11,11513.09275610116,11889.728549994194,11234.91430733291,11479.327946798872,11219.932942936648
2019-10-14,11487.691166868488,11863.4959809432,11210.126469317107,11454.000853606021,11195.178158633918
2019-10-15,11714.850479413404,12098.086513737358,11431.797176278304,11680.493968889108,11416.553275477905
2019-10-16,11667.414291817428,12049.098513213878,11385.507138145418,11633.196898892733,11370.324963488203
2019-10-17,11660.376780336692,12041.83077873575,11378.63966646792,11626.1800265433,11363.466649343452
2019-10-18,11481.238310221395,11856.832027518061,11203.829526088783,11447.56692145461,11188.889612158655
2019-10-21,11587.039519785809,11966.094385481372,11307.07437508372,11553.057844483463,11291.996787766637
2019-10-22,11583.526224273137,11962.46615709422,11303.64596754307,11549.55485252306,11288.572951887261
2019-10-23,11636.32921190088,12016.99652550369,11355.173133504144,11602.202983167925,11340.031408178776
2019-10-24,11736.079774806569,12120.01029780473,11452.513531092773,11701.661004459847,11437.242005759425
2019-10-25,11922.263704684752,12312.284991800369,11634.198899385787,11887.29890686994,11618.685102982681
2019-10-28,12002.960348306002,12395.621520731209,11712.945757000884,11967.758888905904,11697.32695442357
2019-10-29,11927.57837845272,12317.773528179909,11639.385160420892,11892.597994126962,11623.8644483205
2019-10-30,11925.4553438014,12315.58104122257,11637.31342236715,11890.481185766152,11621.795472856831
2019-10-31,11859.23473000536,12247.194106527575,11572.692825874235,11824.454779247344,11557.261045664107
2019-11-01,12011.28793312102,12404.221531607971,11721.07213136143,11976.062051150971,11705.442492548773
2019-11-04,12185.736222914356,12584.376669379646,11891.305415189558,12149.998730957072,11875.448776260331
2019-11-05,12199.63017640176,12598.725145410463,11904.863664056991,12163.851937210013,11888.988945678177
2019-11-06,12181.193427881886,12579.685262740391,11886.872382816175,12145.469258722504,11871.02165518022
2019-11-07,12202.856372321045,12602.056882115969,11908.011908882225,12167.068671563036,11892.132992429293
2019-11-08,12252.9298316137,12653.768429235517,11956.87549715885,12216.995278846425,11940.931422823833
2019-11-11,12215.147903411564,12614.750514593885,11920.006452957685,12179.324154893664,11904.11154220069
2019-11-12,12232.714075416174,12632.891340974933,11937.148192485067,12196.838810033047,11921.230423819305
2019-11-13,12199.078580189269,12598.155504448243,11904.325395469146,12163.301958681091,11888.451394852622
2019-11-14,12213.188916243642,12612.72744171912,11918.094798684851,12177.370912909038,11902.202437051814
2019-11-15,12231.471840719434,12631.608468192395,11935.935972566136,12195.60021847708,11920.01982035314
2019-11-18,12366.948987671163,12771.517573079102,12068.139731264948,12330.680047338134,12052.047289974043
2019-11-19,12272.013268595085,12673.47615593557,11975.497841625038,12236.022749231859,11959.528935046468
2019-11-20,12176.451576058354,12574.788287427116,11882.245103246385,12140.74131347699,11866.400545925531
2019-11-21,12138.02198224836,12535.101519643089,11844.744042283239,12102.424423345672,11828.949491312604
2019-11-22,12173.201309530625,12571.431692674647,11879.073369404869,12137.500579108151,11863.233041479909
2019-11-25,12373.418696931694,12778.198930428916,12074.453119915177,12337.13078267879,12058.352259941821
2019-11-26,12287.35162808841,12689.316289828455,11990.465596873186,12251.316125435786,11974.47673131768
2019-11-27,12391.226183676554,12796.588965846793,12091.830343554884,12354.886044847091,12075.706311662952
2019-11-28,12412.4965375968,12818.555151617338,12112.586764843505,12376.09401853128,12096.43505499139
2019-11-29,12341.22636435069,12744.953467729381,12043.038615961921,12305.032861564248,12026.979646128375
2019-12-02,12207.71387281797,12607.073289397958,11912.752042831195,12171.911926315455,11896.866805575808
2019-12-03,12070.405424414364,12465.27297442398,11778.761230443284,12035.006166717903,11763.054665239257
2019-12-04,12170.855660321233,12569.009308614686,11876.784395588633,12135.161809057983,11860.947119930022
2019-12-05,12216.983285803844,12616.645939124192,11921.797488983822,12181.154154602269,11905.900189943077
2019-12-06,12425.28066995582,12831.757500170936,12125.062007994055,12388.84065846317,12108.893662842513
2019-12-09,12311.820058620711,12714.585173110861,12014.342823096318,12275.712796632144,11998.322118096648
2019-12-10,12353.098728856156,12757.214221134822,12054.624121322644,12316.870407612852,12038.549702623824
2019-12-11,12377.585534498108,12782.502080644597,12078.519278677462,12341.285400029597,12062.41299662394
2019-12-12,12690.982285896873,13106.15119748218,12384.343762224315,12653.763042916766,12367.829673942459
2019-12-13,12589.94485610023,13001.808460120443,12285.747590922134,12553.021928768901,12269.364977178486
2019-12-16,12711.800574865634,13127.65052958673,12404.659041319532,12674.52027743457,12388.117863325144
2019-12-17,12767.134670934352,13184.794808344295,12458.65615927694,12729.69209345906,12442.042978018588
2019-12-18,12742.191026131888,13159.035164777486,12434.315200873758,12704.821601668378,12417.73447743018
2019-12-19,12814.379819598927,13233.58552034722,12504.759774346174,12776.798684789916,12488.08511553326
2019-12-20,12877.266558390507,13298.529516670886,12566.127048662333,12839.500993664364,12549.370558740307
2019-12-23,12984.144137372226,13408.903456071295,12670.422259920706,12946.06512940807,12653.52669599047
2019-12-24,13006.212013633756,13431.693254084988,12691.956933878035,12968.068286514683,12675.03265421496
2019-12-25,13006.212013633756,13431.693254084988,12691.956933878035,12968.068286514683,12675.03265421496
2019-12-26,13111.716791391971,13540.64948286269,12794.912513428942,13073.263647092219,12777.850946109576
2019-12-27,13075.76586337803,13503.522467189197,12759.830228932306,13037.4181534958,12742.815442609528
2019-12-30,12977.892013805147,13402.446802446737,12664.321199675383,12939.831341640456,12647.433771295113
2019-12-31,12975.468492901808,13399.943999222063,12661.956235694995,12937.414928273107,12645.071960911291
2020-01-02,13356.788780772837,13793.738682322273,13034.063092526168,13317.616906140405,13016.68262629284
2020-01-03,13237.920374803309,13670.981651688673,12918.066775705984,13199.097109284403,12900.840986494959
2020-01-06,13277.738597191588,13712.102475221434,12956.922913312066,13238.798555519292,12939.64531080362
2020-01-07,13332.12504281526,13768.268102387237,13009.995277880533,13293.025500303003,12992.646905234353
2020-01-08,13474.142314697663,13914.931283850594,13148.581139521792,13434.62627366461,13131.047967487148
2020-01-09,13572.410976678322,14016.414676773144,13244.475441759903,13532.606740048965,13226.814398034738
2020-01-10,13438.93801046104,13878.575316776236,13114.227438937027,13399.525214198473,13096.74007635787
2020-01-13,13611.084207560094,14056.353051897571,13282.21425305491,13571.166552729954,13264.502885947793
2020-01-14,13581.838971439587,14026.15109607045,13253.675638047442,13542.007085033407,13236.002326183036
2020-01-15,13539.346678912769,13982.268723686795,13212.21004097684,13499.639410989597,13194.59202203258
2020-01-16,13678.26897904984,14125.735685446074,13347.775711338567,13638.154289326869,13329.976920325047
2020-01-17,13776.028124588256,14226.692893761381,13443.172808030955,13735.62673354388,13425.246808333075
2020-01-20,13794.183889158265,14245.44260045862,13460.889894434176,13753.729252131992,13442.940269622639
2020-01-21,13732.958778119377,14182.214589869558,13401.144099750612,13692.683697902256,13383.274143861936
2020-01-22,13737.443235517636,14186.845750435084,13405.52020403915,13697.15500359123,13387.644412768806
2020-01-23,13847.57725098767,14300.58265639075,13512.993170021517,13806.96602556952,13494.97406731843
2020-01-24,13714.24996919296,14162.89374669204,13382.887331605563,13674.029756888312,13365.04172047723
2020-01-27,13425.81040236707,13865.018256127581,13101.41701908543,13386.436105853723,13083.946738752082
2020-01-28,13729.963010045678,14179.120819155674,13398.22071519134,13689.696715611823,13380.354657533495
2020-01-29,13753.431646436004,14203.357201336445,13421.122304220538,13713.096524793937,13403.225708096525
2020-01-30,13910.875213241126,14365.95132881481,13574.761731850358,13870.078351897862,13556.660262935327
2020-01-31,13576.155753822884,14020.281959411464,13248.129737891315,13536.34053476779,13230.463821290357
2020-02-03,13805.351077436211,14256.975108717192,13471.787261980364,13764.863690045577,13453.823105911202
2020-02-04,14100.532192274752,14561.81268823335,13759.836233756134,14059.179117942886,13741.487974480477
2020-02-05,14132.45321303653,14594.77796350182,13790.985981305168,14091.006522922913,13772.59618493309
2020-02-06,14199.53029645122,14664.049386100525,13856.44235346464,14157.886887264976,13837.965273314818
2020-02-07,14204.77097713759,14669.461508811439,13861.556409233213,14163.112198442239,13843.072509669295
2020-02-10,14557.765984411231,15034.004286751162,14206.022378686475,14515.071966153606,14187.07914582732
2020-02-11,14554.164856784852,15030.28535293741,14202.508261224797,14511.481399667498,14183.569714318091
2020-02-12,14664.508814336345,15144.239068955556,14310.186096684436,14621.501748023504,14291.10396515872
2020-02-13,14628.395630829442,15106.944489812548,14274.945477099396,14585.494474785912,14255.910337704558
2020-02-14,14781.841508741676,15265.410149226715,14424.683807683405,14738.490337144927,14405.448997473713
2020-02-17,14780.89295517624,15264.430564970156,14423.758172995198,14737.544565432372,14404.524597086916
2020-02-18,14877.542496058284,15364.241869361857,14518.072475212335,14833.910659165493,14498.713134488173
2020-02-19,15063.530765566164,15556.314502213701,14699.566910665646,15019.353475024605,14679.965553473974
2020-02-20,14944.12407006413,15433.001572608524,14583.045310422636,14900.296967294744,14563.5993307003
2020-02-21,14694.74121145809,15175.460479466883,14339.688020986065,14651.645481643169,14320.566549678462
2020-02-24,14162.854992150931,14626.174297116488,13820.653195004967,14121.319141783337,13802.223838443384
2020-02-25,13696.32161708477,14144.378891958322,13365.392162942011,13818.961789108691,13438.500672494922
2020-02-26,13789.658862876577,14240.769543851626,13456.47420148441,13880.174245631883,13511.764877317764
2020-02-27,13165.778738117462,13596.479995572648,12847.668219616296,13471.990315775489,13022.7188963431
2020-02-28,13297.445006821172,13664.466774939474,12879.789459264708,13519.145319384526,13087.836685406899
2020-03-02,13654.457311844775,13847.899862188082,12966.239211843345,13646.182914236872,13263.529036096554
2020-03-03,13454.597078563878,13645.208211125057,12871.345817896192,13516.35248561385,13166.459927206275
2020-03-04,13883.111074223636,13862.500585546077,12973.83034035604,13667.020778524262,13376.12850067438
2020-03-05,13690.49585980868,13670.171322433722,12883.830444099693,13543.769622473088,13283.33784858549
2020-03-06,13624.063380891346,13637.00439489971,12868.200900745005,13520.767448578741,13251.109466552647
2020-03-09,12671.95837009466,13160.499704131347,12643.380334827758,13190.057253888779,12788.088730044054
2020-03-10,13119.979382527044,13393.146475425823,12755.132991614126,13353.275749508684,13014.152148679903
2020-03-11,12721.87651989928,13189.950654914062,12658.374932605246,13211.462107793213,12816.706288667248
2020-03-12,11295.899448783766,12450.729236846037,12303.660115509587,12693.163199274895,12098.403086058966
2020-03-13,12185.750347343752,12941.141383721488,12545.969792994845,13043.136032813247,12574.937730603348
2020-03-16,10849.352561945172,12231.521040584179,12201.994129430343,12542.486818426029,11885.397962608407
2020-03-17,11741.111495040292,12734.203946822332,12452.72884388373,12903.310757909461,12373.856133085925
2020-03-18,11274.681228056525,12481.262896511587,12329.05380592453,12723.900730203395,12128.072715467753
2020-03-19,11846.726544277362,12797.894818782843,12485.439102778051,12949.851839981176,12435.744704206762
2020-03-20,11748.848861548671,12745.026700151664,12459.650420928625,12912.404742695358,12384.372628127176
2020-03-23,12377.210136009307,13085.846524915605,12626.244653054884,13154.111765964593,12715.548059001669
2020-03-24,13276.09064891128,13561.018728781297,12855.486241931696,13488.46749802057,13177.274014831257
2020-03-25,13011.89155714444,13426.084096052235,12791.529014628151,13394.51858378138,13046.157712647575
2020-03-26,13513.022015473904,13684.62527921059,12914.6899088318,13575.071920137583,13297.382792616361
2020-03-27,13097.10057861678,13474.023646116864,12815.313611337158,13428.830968690976,13092.74068697889
2020-03-30,13376.777320186246,13617.886442563904,12883.728470249927,13529.19715913544,13232.532506991583
2020-03-31,13181.061506686952,13518.264700366499,12836.602968006315,13459.916104542504,13135.729824167764
2020-04-01,13018.88816287794,13435.103636751039,12797.119144464974,13401.954622431653,13054.922021705255
2020-04-02,13404.908789752028,13634.284513915532,12891.980393223805,13541.037223110583,13248.466551758926
2020-04-03,13263.420123372682,13562.32965158983,12857.961715039652,13491.013297931435,13178.547841628919
2020-04-06,13634.965983080388,13752.289231515957,12948.008671161562,13623.285783505971,13363.1320153176
2020-04-07,13447.295899893425,13657.646778161383,12903.454950465855,13557.657522107664,13271.16771925463
2020-04-08,13483.68591887245,13676.126405186993,12912.18453026461,13570.498556942823,13289.124416600056
2020-04-09,13638.50715667162,13754.641836022764,12949.249328489937,13625.034867627646,13365.418046688454
2020-04-10,13614.760811619972,13742.667561003216,12943.612763226933,13616.731856788063,13353.782615293714
2020-04-13,13841.77288582652,13857.23995457372,12997.56810665461,13696.197585560172,13465.112881463865
2020-04-14,14092.763896242785,13982.875690922947,13056.488896262852,13783.120545120735,13587.193424013018
2020-04-15,14073.791556203503,13973.463489232478,13052.094581760693,13776.62612585008,13578.047565339808
2020-04-16,14258.960872364643,14065.388137553822,13095.026286030356,13840.066951301442,13667.370963815509
2020-04-17,14044.032757631036,13959.382960091702,13045.680310940783,13767.052035734325,13564.365481827303
2020-04-20,14052.679188521952,13963.680117543812,13047.688255795018,13770.018601899363,13568.541039900323
2020-04-21,13885.336033074078,13880.538452485269,13008.844393803769,13712.626597401391,13487.752087061512
2020-04-22,14075.253816284452,13975.464534446239,13053.326768654386,13778.271035080708,13579.99198571302
2020-04-23,14056.258166236195,13966.03404612172,13048.922648655924,13771.762838042561,13570.828357874198
2020-04-24,14057.247607744055,13966.525591368754,13049.152282061,13772.102133448887,13571.305993554852
2020-04-27,14044.659816380605,13960.272314940743,13046.23101306546,13767.785774827675,13565.229670040342
2020-04-28,13963.243851266989,13919.808926769383,13008.416943415123,13727.88030253465,13525.911299926242
2020-04-29,14007.63863718622,13941.937271154216,13029.09644638386,13749.703537652775,13547.413464570747
2020-04-30,14004.129007158932,13940.190686917116,13027.464218807856,13747.981035607572,13545.716304531186
2020-05-01,13763.15732385713,13820.25494462078,12915.381204564152,13629.69898713251,13429.174459702317
2020-05-04,13999.29073081982,13938.811457794884,12970.778249266408,13711.544272606727,13544.376104326735
2020-05-05,13969.982918362062,13924.220858887264,12963.989599332812,13701.497379408982,13530.198384813808
2020-05-06,13959.067963106094,13918.781258547839,12958.925120469721,13696.144787651714,13524.912712281575
2020-05-07,14105.933508610831,13992.002099928526,13027.096563291083,13768.194432401157,13596.061577257484
2020-05-08,14125.290809900262,14001.602577632655,13036.034980339064,13777.641346626182,13605.390384179052
2020-05-11,14172.475063485468,14024.988119761078,13057.807826949303,13800.652827658825,13628.114170848383
2020-05-12,14028.610987475558,13953.804648001165,12991.533254253847,13730.607963988541,13558.945022758011
2020-05-13,13972.159833716749,13925.729581538493,12965.3942786292,13702.981969438224,13531.664414187058
2020-05-14,14180.260993589876,14029.4343957006,13013.670880452137,13774.41417937743,13632.434627708772
2020-05-15,14335.306040488396,14106.132360386311,13084.815735010658,13849.7179658665,13706.96222163492
2020-05-18,14333.47774182935,14105.232825252358,13083.981328301983,13848.83478204351,13706.088141214921
2020-05-19,14374.245857050892,14125.292289096516,13102.588440544956,13868.529614736864,13725.579969738397
2020-05-20,14402.144918922568,14139.000222279516,13115.30388764448,13881.988371795791,13738.900000876327
2020-05-21,14163.580481955809,14021.897434941597,13006.679613093092,13767.014221815349,13625.110945089738
2020-05-22,14240.042752819962,14059.746131500557,13041.787976436903,13804.17492322698,13661.888613171792
2020-05-25,14257.938283722468,14068.580607131882,13049.982815588985,13812.848810068832,13670.473094065122
2020-05-26,14095.942213488106,13988.658295547304,12975.847064308422,13734.379287286316,13592.812394621244
2020-05-27,14083.274941560168,13976.087433957993,12970.016713248182,13726.356756797537,13583.040285839279
2020-05-28,14044.607706499444,13937.714494405182,12934.406055423651,13701.860027695879,13553.205258759212
2020-05-29,14244.686594449247,14136.270586172126,13026.537556493015,13828.737505045836,13707.667970313516
2020-06-01,14043.245739899035,13936.36289370375,12842.323123987851,13701.624335989232,13552.590674283345
2020-06-02,14196.668256558083,14088.617714834663,12912.474340092864,13798.923031922588,13671.040360745268
2020-06-03,14090.678833807273,13983.434975337854,12816.072446574017,13731.960072078859,13589.388206870695
2020-06-04,13991.651975957466,13885.161808807901,12726.003302331319,13669.23127326355,13512.98510776669
2020-06-05,14228.63211865265,14120.338300651127,12941.546833839111,13819.71876745684,13696.083380627055
2020-06-08,14212.08667364424,14103.918782674606,12926.498047021274,13803.648818146752,13683.342434483247
2020-06-09,14414.491802212042,14304.783410091424,13110.594130813864,13931.431183652581,13839.242338461452
2020-06-10,14588.531703890016,14477.498697760117,13268.890832825691,14040.766026348303,13972.91783164888
2020-06-11,13679.900150232152,13575.782719632052,12442.45174097849,13472.33157727468,13276.686885521827
2020-06-12,13818.892876132868,13713.717574836786,12474.05669177079,13520.24089125795,13344.134852279014
2020-06-15,13933.859979352665,13827.809665866484,12500.00135637068,13559.609748836641,13399.643515045715
2020-06-16,14126.920798918254,14019.401103619199,12586.598340623712,13681.728752022866,13492.47300245031
2020-06-17,14290.988060901294,14182.219653142669,12659.687471539788,13785.011730307284,13570.822457876635
2020-06-18,14346.019731430564,14236.83247879192,12684.062404433455,13819.515848801995,13596.951687959621
2020-06-19,14331.3605728722,14222.28489077918,12677.581942067178,13810.337093259835,13590.004817871764
2020-06-22,14555.030708798124,14444.25267803305,12727.04682821277,13885.77556860165,13696.054700902447
2020-06-23,14588.948898608256,14477.912717218189,12741.876009912154,13906.808656578774,13712.012942155567
2020-06-24,14249.710248817935,14141.256005613712,12593.731793236933,13696.613764142066,13552.589367889432
2020-06-25,14417.57031751588,14307.838494880427,12667.908202688894,13801.487787311746,13632.413397382159
2020-06-26,14106.39758938033,13999.034095794836,12531.203214664234,13607.868458039025,13485.300008145508
2020-06-29,14151.359482287582,14043.653784686485,12551.173820673555,13636.06085005685,13506.79112984921
2020-06-30,14517.978978397068,14407.482947568127,12713.755550982836,13865.686120096467,13681.75145660366
2020-07-01,14621.671119509414,14510.385889988413,12759.15844544294,13930.05773439282,13730.611222305663
2020-07-02,14739.854578761606,14627.669857432797,12810.72305354773,14003.24338862928,13819.396211032916
2020-07-03,14766.31843810222,14653.932300899898,12833.723360038482,14019.58526703044,13839.245229517965
2020-07-06,15126.88697679639,15011.75656007508,13147.101193337397,14242.102741925333,14109.590011798246
2020-07-07,14939.948574268949,14826.240941773978,12984.629027139617,14127.699999276481,13970.096712421122
2020-07-08,15306.228148365504,15189.732769781936,13143.799735332474,14352.837799680114,14244.098248556325
2020-07-09,15326.24423713484,15209.596516523154,13152.393866418155,14365.037865382688,14258.999954304789
2020-07-10,15387.381021616677,15270.267990231847,13178.626485995075,14402.284495202726,14304.503569862245
2020-07-13,15033.174509034308,14918.757335922339,12875.263924057324,14186.789803668547,14041.080011735752
2020-07-14,15216.463156534704,15100.650977404686,12953.753324597208,14299.219841918333,14126.676389375394
2020-07-15,15271.479188514331,15155.24828352896,12977.170859271033,14332.824636489126,14167.537063607431
2020-07-16,15073.49862900252,14958.774549866663,12808.933878695427,14212.046983334012,14020.601884368638
2020-07-17,15227.566603385694,15111.669916156623,12874.394676658469,14306.46791863871,14135.246840267666
2020-07-20,15585.334324543484,15466.714674758436,13176.875234762216,14524.950304101056,14400.930001957913
2020-07-21,15530.076541005112,15411.877457041412,13130.156639942725,14473.45211079341,14360.083218373871
2020-07-22,15506.474229952551,15388.45478267889,13110.201680907816,14451.455637188059,14342.623876176
2020-07-23,15201.436048515749,15085.738240386914,12852.302172630874,14167.171429101127,14116.909231346168
2020-07-24,15209.888488304518,15094.12634883529,12859.44842578186,14172.291712212189,14123.18876045911
2020-07-27,15618.647202440368,15499.774009046492,13205.040150998042,14419.859669841382,14426.832089950305
2020-07-28,15372.716964732354,15255.715541174208,12997.114418302614,14192.805465315512,14245.10089649838
2020-07-29,15593.021786801211,15474.343627903576,13183.37472517626,14325.012626119547,14408.416954449918
2020-07-30,15895.315773860642,15774.336861823522,13438.954109535576,14602.724364141475,14631.879878720936
2020-07-31,16101.472716006989,15978.92474784512,13613.252860455832,14792.116826974327,14783.696358824349
2020-08-03,16298.48764920418,16174.440204554247,13779.822350725679,14973.110700013916,14928.409032101536
2020-08-04,16529.32812951481,16403.523762853423,13974.990201786512,15185.179460019648,15097.557541357837
2020-08-05,16740.11391689138,16612.705264062137,14153.202485442705,15378.824354951546,15251.579557443813
2020-08-06,16929.718233113104,16800.8665058448,14313.506548660116,15553.010235083002,15389.775286703336
2020-08-07,16619.22876210339,16492.740163629514,14050.998158656606,15267.769461786824,15163.977639185217
2020-08-10,16665.895934761782,16539.0521534242,14090.453681321293,15310.641705967399,15198.042274689338
2020-08-11,16279.483700803125,16155.580894802379,13763.755152433103,14955.65213396345,14916.139183963252
2020-08-12,16756.376721933462,16628.844293239137,14166.952139350955,15393.764684718873,15265.703227136926
2020-08-13,16757.28358967405,16629.74425882854,14167.718865481003,15394.597806868755,15266.364180230727
2020-08-14,16734.71824432543,16607.350657845924,14148.640626022268,15373.867453159806,15249.918040706922
2020-08-17,16962.348519922863,16833.248444232053,14341.094357122436,15582.987059135115,15415.864930078493
2020-08-18,17070.661400922538,16940.736958186157,14432.669249872912,15682.492043422706,15494.615192365229
2020-08-19,16934.34569473408,16805.45874795329,14317.41891160104,15557.261396086538,15395.630888830203
2020-08-20,17253.87665882235,17122.557768634615,14587.571579471885,15850.808417156893,15628.028685324218
2020-08-21,17429.89947118943,17297.240875101113,14736.392938624916,16012.517227939024,15755.577507671342
2020-08-24,17776.074295342132,17640.780969991654,15029.072092776425,16330.541456637895,16005.914431629293
2020-08-25,17837.460049265304,17701.699518240534,15080.971680157343,16386.935381563828,16050.132749275403
2020-08-26,18280.179379051908,18141.049320575316,15455.275962063497,16793.653211868434,16368.81955755954
2020-08-27,18024.29546205597,17887.112930657564,15238.934728784468,16558.577522761756,16185.51642565317
2020-08-28,18266.929584717203,18127.900370144947,15444.073707225774,16781.480877747872,16359.821538927627
2020-08-31,18365.97475704257,18226.191711759373,15527.813064441978,16872.47179429479,16430.785247897784
2020-09-01,18829.57571176025,18686.2642094197,15919.772056903978,17149.30769264719,16762.586977060706
2020-09-02,18959.747004369197,18815.4447710748,16029.82750044712,17226.36869123353,16855.292522748005
2020-09-03,17952.713853202815,17816.076127914843,15178.414889471414,16631.64077516545,16139.087255278875
2020-09-04,17581.752257064152,17447.93791263548,15021.597121965788,16408.259227493832,15972.344176282733
2020-09-08,16727.079613068763,16599.770164050125,14656.48709363782,15889.80130817023,15584.125600899752
2020-09-09,17360.961267223032,17228.82735834648,14934.19481363179,16281.2004615645,15879.410000297486
2020-09-10,16862.227580273804,16733.889522936268,14719.68520421625,15977.185669067623,15514.471834760361
2020-09-11,16653.325642054497,16526.577532948737,14628.505947071837,15848.526375715977,15360.707892419943
2020-09-14,16926.93370283476,16798.103168567482,14868.846959450979,16017.776952430047,15562.60455085284
2020-09-15,17197.06249725186,17066.176018445738,15106.131737311021,16183.92995182652,15761.289448146808
2020-09-16,16721.669670564024,16594.401396503323,14688.54026387963,15893.129081900912,15412.72740998723
2020-09-17,16436.155278512582,16311.060048448786,14437.740569459926,15716.740230484878,15202.195539282304
2020-09-18,16201.1300783224,16077.823620084519,14231.291262421113,15570.660476937326,15028.291168611331
2020-09-21,16518.352447262154,16392.63161628616,14509.943671574805,15768.830922830406,15263.697469410166
2020-09-22,16963.644431550612,16834.534492703813,14901.094158892336,16045.137359690283,15592.873258844733
2020-09-23,16345.300407190623,16220.896671630127,14357.932424587205,15664.976147859792,15138.170966958602
2020-09-24,16587.168031178302,16460.92344624914,14464.162316800835,15815.646542597586,15317.375183563237
2020-09-25,17033.337094181883,16903.696725954378,14658.69406977664,16092.16715904868,15646.986069302327
2020-09-28,17401.742334104456,17269.298041390728,14975.739383673017,16318.39911440249,15917.722525702078
2020-09-29,17458.311045717717,17325.4362097368,15024.421766512929,16352.879686361905,15959.118153234462
2020-09-30,17616.2414648927,17482.164623832978,15160.334869517766,16449.03452854191,16074.612955131537
2020-10-01,17767.759481276116,17632.529439799564,15290.729532404028,16540.995762571314,16185.21968013342
2020-10-02,17411.454195004997,17278.935985523443,14984.097299506077,16325.38789407264,15925.563786543995
2020-10-05,17827.33091889609,17691.647480468237,15341.996026722762,16578.846145890046,16229.87248905623
2020-10-06,17461.41636520319,17328.517894701366,15027.09416876005,16357.658424335992,15963.371729056049
2020-10-07,17809.84205356515,17674.291722521295,15177.01973952486,16569.8192468166,16218.198653376261
2020-10-08,17822.60628698206,17686.958807627736,15182.458390298561,16577.538331350817,16227.497461196832
2020-10-09,17927.46428381059,17791.018732461023,15271.783270627768,16640.934606393832,16303.876094037487
2020-10-12,18200.220883798072,18061.699387737066,15504.135131141795,16805.503395197353,16502.319766366214
2020-10-13,18179.454626994582,18041.091182474727,15486.445079262483,16793.03971077621,16487.256590493365
2020-10-14,18136.576846704826,17998.53974406354,15449.918989607848,16767.294638482883,16456.147319938318
2020-10-15,18021.224470789828,17884.065312640967,15351.654312750192,16697.976390675347,16372.415722391252
2020-10-16,17975.768719692933,17838.955524303907,15312.93213943189,16670.599650048578,16339.378213529933
2020-10-19,17764.757313603648,17629.55012156173,15133.178861979479,16543.40084298863,16185.936311813231
2020-10-20,17866.19085616028,17730.211655572122,15176.38271540162,16604.799725083118,16259.871320582353
2020-10-21,17932.351500241304,17795.868752390892,15204.482696627469,16644.767940175534,16308.041120979324
2020-10-22,17851.690563637225,17715.82172446866,15170.28729802417,16596.102896355926,16249.35737853859
2020-10-23,18006.808438701337,17869.759000667687,15236.196538423366,16689.83793697817,16362.313214457034
2020-10-26,17717.821711100227,17582.971744935883,14991.67466250542,16515.734786888446,16152.237503686763
2020-10-27,17826.170916483195,17690.496306809167,15037.513707042845,16581.383566985394,16201.625123881211
2020-10-28,17059.39681377332,16929.55810557139,14714.10224269288,16117.783497301913,15853.177141838172
2020-10-29,17325.158986305767,17193.297567831763,14771.4086618701,16205.666089042628,15976.662598116294
2020-10-30,16975.691064831775,16846.489439313966,14696.919684793656,16091.255816845385,15815.528980968304
2020-11-02,17040.60437074138,16910.90869142575,14710.969564114981,16112.791777447035,15845.76746336478
2020-11-03,17371.949522651736,17239.731982395613,14782.481236161948,16222.448299191521,15999.823567040881
2020-11-04,17749.87377985549,17614.779866074023,14862.878923156153,16345.969257528775,16173.860494476128
2020-11-05,18435.69518731429,18295.38150131146,15150.015628137604,16756.49443973484,16673.80229264047
2020-11-06,18327.35889298122,18187.869752222352,15060.987439313463,16692.48987023747,16595.416186362476
2020-11-09,18547.214919900984,18406.052459573006,15241.659890768755,16892.733916512694,16754.67982229033
2020-11-10,18351.79624052638,18212.121107632396,15081.069470040142,16777.042625463808,16613.4542024501
2020-11-11,18426.495622797083,18286.25195448515,15142.455644920714,16845.33211081042,16667.553092827493
2020-11-12,18306.48276289845,18167.152509923937,15043.83193235831,16735.61746273271,16580.707682603846
2020-11-13,18428.130475231035,18287.87436409182,15143.799127749673,16807.903452530354,16668.85154659205
2020-11-16,18645.61518793229,18503.703805246307,15322.522889605545,17006.266604907487,16826.22922066672
2020-11-17,18782.637565447178,18639.68330834509,15435.124619004042,17131.2417832199,16925.15092034519
2020-11-18,18657.48784755884,18515.486102311646,15332.279558777076,17017.095403683146,16834.93237226245
2020-11-19,18840.331043527523,18696.93768258446,15482.53574647594,17183.862769961797,16966.91810856355
2020-11-20,18738.87495858213,18596.25377775495,15399.161550012224,17091.326845998923,16893.823975306255
2020-11-23,18725.36610236017,18582.84773715187,15388.060293411832,17079.005707322485,16884.08096823135
2020-11-24,19150.807868683856,19005.05147519369,15737.678213602954,17467.0420381187,17190.967068748065
2020-11-25,18965.696260434128,18821.348747477703,15585.557898668325,17298.20570154153,17058.032830849188
2020-11-26,18786.9681073248,18643.98089056011,15438.68335527396,17135.191577794776,16929.432196876314
2020-11-27,18782.51413539262,18639.560817714068,15435.02318712222,17131.129205308487,16926.22132366242
2020-11-30,18957.364722053728,18813.080620259636,15578.711238676013,17290.606683676044,17052.277280050977
2020-12-01,19222.822894114957,19076.51839578995,15796.85844790693,17532.725401724376,17243.302411343728
2020-12-02,19658.65359792352,19509.03200133326,16155.013749718679,17930.237260081827,17556.062328752967
2020-12-03,19787.40772039161,19636.806178899464,16260.82082386259,18047.671139903094,17648.04890913088
2020-12-04,20025.36058519908,19872.947989487562,16456.364826080306,18264.702855806812,17817.82976594771
2020-12-07,20031.10037686592,19878.644095721473,16461.081650293952,18269.93799695711,17821.91541046339
2020-12-08,19920.80428642196,19769.1874664882,16370.442947659167,18169.339293151243,17743.409984120768
2020-12-09,19732.05695663348,19581.876688633172,16215.334883275873,17997.18689276143,17608.91656878702
2020-12-10,19793.34018313011,19642.69348978958,16265.69598057832,18053.082012214778,17652.66796175398
2020-12-11,19695.25543657852,19545.355264168695,16185.092269785739,17963.62101385573,17582.686545905286
2020-12-14,19715.85451170104,19565.797560166295,16202.02009956707,17982.408989463784,17597.398193882884
2020-12-15,20074.585000937368,19921.797759239173,16496.81627964058,18309.599392020755,17853.546290720653
2020-12-16,20219.22994357068,20065.341812274542,16615.682051674696,18441.52694885812,17956.459508758362
2020-12-17,20260.351358186315,20106.150252673593,16649.474651723034,18479.032911148763,17985.675063200313
2020-12-18,19993.65028901991,19841.479039701677,16430.306059225783,18235.780573248256,17796.268722343473
2020-12-21,20263.972057907176,20109.743395325488,16652.4500565992,18482.335273882774,17988.758588719058
2020-12-22,20207.40448367437,20053.606355703298,16605.96417011836,18448.799125824105,17948.585598589958
2020-12-23,20604.090354194323,20447.273058455918,16931.95117938363,18810.962309482245,18230.460504732633
2020-12-24,20611.857770677936,20454.98135729702,16938.334257424427,18818.053745027497,18235.95858116286
2020-12-25,20575.996981434477,20419.39350376174,16908.864714130526,18785.313840316798,18210.576847032644
2020-12-28,20929.343121033995,20770.050333368967,17199.236163792935,19107.909053206382,18460.75717256769
2020-12-29,20960.1461690856,20800.618940073593,17224.54937572417,19136.031380664437,18482.493070802706
2020-12-30,21110.308319490287,20949.638209528723,17347.94905782301,19273.125253920447,18588.42251926981
2020-12-31,21285.12957631352,21123.128905465193,17491.613006813943,19432.732206543267,18711.571886413058
2021-01-04,21275.82938367269,21113.899496393777,17483.970329799504,19424.241388932292,18705.031311782026
2021-01-05,21853.392888000093,21687.067177110002,17958.59827455003,19766.986025113976,19111.25165649967
2021-01-06,22515.37589263732,22344.011843105363,18502.60015589576,20156.19404258677,19574.386103723915
2021-01-07,23155.219530569644,22978.985644647386,19028.408432488955,20528.51419304636,20019.399199649863
2021-01-08,23458.815339897737,23280.270792694253,19277.89624454188,20797.670392257223,20229.38401777714
2021-01-11,23181.279904145304,23004.847673271157,19049.82422738765,20551.618303465944,20037.920951052594
2021-01-12,23329.2201748132,23151.66197366916,19171.398021588357,20682.776375282952,20140.224722419094
2021-01-13,23544.19191338575,23364.997566887872,19348.0566811014,20873.361931190306,20288.693607066838
2021-01-14,23925.38412873648,23743.288536352946,19661.311373219647,21211.312076416754,20551.480865719892
2021-01-15,23100.779906865864,22924.96035976777,18983.671245118352,20480.250146730938,19984.82453798432
2021-01-18,23150.91066210989,22974.709570894312,19024.867506918123,20524.694118388234,20019.519621061092
2021-01-19,23547.780015183416,23368.558359718678,19351.005297779953,20876.543002247832,20294.070680129593
2021-01-20,23368.762916158536,23190.903756046777,19203.893305507645,20717.833426928173,20170.645519601672
2021-01-21,22821.598797540784,22647.904091958768,18754.246852580873,20232.739067959083,19792.819666610456
2021-01-22,22792.96761604846,22619.490821782994,18730.718428908556,20207.3557795453,19772.954561903396
2021-01-25,22755.278311351016,22582.08836958616,18699.74625512404,20173.94191251692,19746.79811148217
2021-01-26,22570.535058492744,22398.75119371654,18547.928645885102,20010.155752624814,19618.54346509251
2021-01-27,21697.369180274443,21532.23096252266,17830.38170412039,19236.04095314197,19011.37158583781
2021-01-28,22301.80078434727,22132.06225044563,17954.55858156932,19423.593870154644,19276.174975773654
2021-01-29,21919.680756531696,21752.850530076754,17800.741486462342,19207.270811935585,19111.035564182053
2021-02-01,22206.5066153062,22037.493363308873,17917.205613389833,19370.63734561145,19236.07249443327
2021-02-02,22893.71936168098,22719.475748011246,18194.442647792453,19760.28155791119,19533.71665876239
2021-02-03,23189.70317476201,23013.20683455343,18429.671376977956,19926.338903331245,19735.75159590702
2021-02-04,23301.921880456863,23124.571446053593,18518.855522748167,20022.7656641275,19812.155178421803
2021-02-05,23465.136981038504,23286.54431995806,18648.568294180004,20163.012366891275,19923.17238693445
2021-02-08,24471.63112232439,24285.378055630314,19448.464529459987,21027.867911282505,20606.826824561882
2021-02-09,24304.2012065528,24119.22244540513,19315.402096401176,20883.99952197721,20494.036655004
2021-02-10,24022.044274918677,23839.21300420771,19091.16207540717,20641.549042930776,20303.69805633196
2021-02-11,24192.18233357413,24008.056145698574,19226.37676470727,20787.744472495957,20418.740114578024
2021-02-12,24358.126863680754,24172.73767549766,19358.258709621536,20930.336506604326,20530.788814838706
2021-02-15,24388.86368194905,24203.240556492456,19382.686338366482,20956.74789501273,20556.696025530153
2021-02-16,24685.77633414193,24497.893412771664,19618.65324860866,21211.87760011052,20806.955456098887
2021-02-17,24982.594906092578,24792.45290485137,19854.54538997888,21466.926464380955,21007.099562454692
2021-02-18,24835.533744740675,24646.511022886953,19737.670721268933,21340.560442421487,20908.172178172885
2021-02-19,25425.925638141987,25232.409456079273,20206.875889485997,21847.86960740026,21305.79650102268
2021-02-22,24998.72969557293,24808.46489279037,19867.368273722524,21480.79069027882,21019.419518788916
2021-02-23,24886.33038963593,24696.921055592677,19778.04059859843,21384.208744157262,20943.81349579875
2021-02-24,25782.145811657378,25585.918445391046,20489.97656939826,22153.960800037694,21546.933066478116
2021-02-25,24832.60202598449,24643.60161738019,19735.340781431452,21338.04128893924,20912.08268457288
2021-02-26,24710.524492931432,24522.453213848246,19686.831130408224,21269.857454047193,20829.839334884018
2021-03-01,25760.41376236066,25564.351798261712,20523.276053250447,21857.2649298089,21537.846153853334
2021-03-02,25289.461426567424,25096.983870731652,20148.0691608235,21457.67002936574,21222.841929226062
2021-03-03,25401.61224239443,25208.281109072315,20237.419517306433,21552.82805424214,21298.13523805168
2021-03-04,24989.574865155115,24799.379739593165,19909.150068090694,21325.58377823985,21021.75505557086
2021-03-05,25503.79947109974,25309.690592942057,20113.99098482697,21610.822362055336,21367.816283680455
2021-03-08,25780.54948566417,25584.334269001196,20332.254436290645,21845.328417132558,21553.311577412507
2021-03-09,26338.777050649976,26138.31317580104,20772.50978813851,22152.790130545804,21926.667549392227
2021-03-10,26622.487070593204,26419.8638847853,20996.262362334746,22391.41049312563,22115.615283017487
2021-03-11,26889.681727813346,26685.02492912272,21206.9898240453,22616.14025768601,22293.18469579517
2021-03-12,26896.76612146773,26692.05540360689,21212.577047637562,22622.098738048477,22297.88341102114
2021-03-15,26891.63549920212,26686.963830398785,21208.530697990172,22617.783518778022,22294.48071148208
2021-03-16,26869.627570777626,26665.123403851885,21191.173783212565,22599.27328124276,22279.88419247827
2021-03-17,27266.50246726645,27058.977693900728,21504.17569883405,22933.073376558197,22608.9667861756
2021-03-18,26822.192542566994,26618.04940263732,21153.763367918375,22559.377039182396,22240.551792636998
2021-03-19,26864.209474726005,26659.746544814672,21186.900712634953,22594.716276014005,22268.42363061198
2021-03-22,26570.532728045582,26368.304965639534,20955.287715446946,22347.713185364726,22073.674755929715
2021-03-23,26090.40024957149,25891.82676530032,20576.623338223697,21943.88752519677,21674.801000628268
2021-03-24,25858.32175282555,25661.514613082734,20393.590814124313,21748.69295627891,21520.560201395583
2021-03-25,26097.356847634488,25898.730416842656,20582.109773720604,21949.73852035178,21679.709559880772
2021-03-26,26948.957965859503,26743.850016975288,21253.7390042616,22665.995801800287,22387.1553373125
2021-03-29,26709.65718166017,26506.370545981303,21065.010504357044,22464.72677399962,22188.362351142197
2021-03-30,26958.148211176736,26752.97031552986,21260.98704240857,22673.725453612493,22353.504388463673
2021-03-31,27026.85455763861,26821.153739442525,21315.173432750158,22731.5123915132,22410.475201337016
2021-04-01,27386.78467435588,27178.34443565697,21599.038240071226,23034.23929192955,22708.92668919715
2021-04-02,27360.679580590364,27152.43802720776,21578.450028449945,23012.28304610942,22687.280531476023
2021-04-05,27774.67301777505,27563.280569101433,21904.95276278748,23360.48105514148,23030.560939403535
2021-04-06,27666.203213986788,27455.636326694766,21819.406267725233,23269.250213474,22940.618551076153
2021-04-07,27682.35217591276,27471.662379213205,21832.14241219506,23282.83264228929,22954.009155224987
2021-04-08,27898.17150768296,27685.839114615672,22002.35187837661,23464.3520937667,23132.965007164414
2021-04-09,28068.052311380878,27854.426959111028,22136.331168715173,23607.233966538977,23273.828958991886
2021-04-12,28001.98132460593,27788.858837218475,22084.223198141775,23551.663554103776,23219.043367590933
2021-04-13,28085.072082729985,27871.317193340506,22149.754091361174,23621.54880819019,23287.94163210885
2021-04-14,28216.759634769223,28002.00247420746,22253.61164550846,23732.307432158217,23397.136011832412
2021-04-15,28142.68701207255,27928.493616674885,22195.193053140225,23670.007073190794,23335.71552094615
2021-04-16,28009.54819037297,27796.36811173027,22090.190931302244,23558.027827925638,23225.317758762227
2021-04-19,27671.03802595243,27460.43434100884,21823.219321713543,23273.316635183313,22944.627542704402
2021-04-20,27168.62606645226,26961.846228302245,21426.98386528647,22850.752342373486,22528.031126157974
2021-04-21,27351.94462098832,27143.76954919844,21571.56105887161,23004.93632205724,22680.037565220795
2021-04-22,26964.030894712367,26758.808226085584,21265.62651754781,22678.673210052308,22358.38226773045
2021-04-23,27272.65614761836,27065.084538721694,21509.028900070287,22938.24906064953,22614.292128125264
2021-04-26,27545.819907949037,27336.169255452172,21724.463993139412,23167.999266676157,22840.79757158111
2021-04-27,27722.00002797392,27511.008472311223,21863.411342921627,23316.17931378238,22986.884871616934
2021-04-28,27820.811385026263,27609.067778215714,21941.34054508625,23399.286712849753,23068.818544738584
2021-04-29,28154.600648856314,27940.316579021164,22204.588938766476,23680.02729147407,23345.5942236687
2021-04-30,27814.270899494357,27602.577072180804,21936.182283581948,23393.785698012893,23063.39522074411
2021-05-03,28021.98572958536,27808.710989094874,22100.000001196913,23568.48868551908,23235.630877645173
2021-05-04,27863.395849981454,27651.328133709147,21974.92548387833,23435.1032852426,23104.129279615452
2021-05-05,28328.325064744145,28112.71878205538,22341.5995570852,23826.14191624628,23489.64527133383
2021-05-06,28600.383240087074,28382.706328382064,22556.162712367106,24054.962246441617,23715.23397159642
2021-05-07,28854.62491637049,28635.01297664661,22756.674592588202,24268.797630154153,23926.04935780219
2021-05-10,28537.33397132625,28320.136926271764,22506.43786941215,24001.933314382357,23662.95396723951
2021-05-11,28160.903070182627,27946.57103275211,22209.55944701893,23685.32807733392,23350.82014652038
2021-05-12,27453.45469678929,27244.507033960268,21651.618649970682,23090.313536080124,22881.531226661908
2021-05-13,27884.338299410527,27672.11119059872,21991.442091119294,23325.876033943405,23168.832820354233
2021-05-14,28290.573479395945,28075.25452322451,22311.82614829499,23665.70089717736,23438.862393794825
2021-05-17,28058.35989661276,27844.808313106645,22128.68708637019,23471.449013297697,23246.472436878994
2021-05-18,27856.7278287053,27644.710862601838,21969.66663921139,23302.779254310568,23079.419397204798
2021-05-19,27246.903770442725,27039.528162343864,21488.71886418973,22792.647716211643,22675.22590295974
2021-05-20,27631.166924087403,27420.866697256504,21791.77432135676,23114.092485317655,22931.056918138176
2021-05-21,27435.232003723904,27226.423033426243,21637.247023325337,22950.188518365136,22800.972081013486
2021-05-24,27778.66202318032,27567.239214270972,21908.098757518626,23237.475452491326,23029.30733356305
2021-05-25,27594.308277746764,27384.288581293302,21762.70514360351,23083.259398798305,22876.47279249912
2021-05-26,27793.201208025348,27581.66774168777,21919.565324813077,23249.63780756277,23041.360734691447
2021-05-27,27715.68303116914,27504.73955403546,21858.429339478313,23184.792109439695,22977.095943346587
2021-05-28,27513.125535197967,27303.723718880352,21698.679038253973,23015.348209066793,22809.169971118532
2021-05-31,27612.64999578424,27402.49070090287,21777.170641251025,23098.602658394342,22891.67860267666
2021-06-01,27584.51267476065,27374.567532434252,21754.97968017297,23075.065156622695,22868.351956747683
2021-06-02,27587.55662574605,27377.58831597311,21757.380342189932,23077.611490072548,22870.875479395843
2021-06-03,27496.407022905376,27287.13245083109,21685.493708518534,23001.362797578036,22795.309845046777
2021-06-04,27913.774615748207,27701.323467755577,22014.65752621999,23350.500174506327,23141.31954697649
2021-06-07,27824.336196671426,27612.56576259403,21944.12044577258,23275.682925710396,23067.172533033612
2021-06-08,27785.912652308125,27574.4346590139,21913.81708545153,23243.540766804585,23035.318313012187
2021-06-09,27693.38677496962,27482.612994170122,21840.845030257995,23166.140789743786,22958.61170764156
2021-06-10,27679.82519977284,27469.15463583523,21830.1494708941,23154.796227127008,22947.368772943224
2021-06-11,27772.502169422627,27561.1262430299,21903.24068752436,23232.322596303864,23024.20063817227
2021-06-14,27762.01155377481,27550.715471235817,21894.96709092537,23223.546960407715,23015.503616995717
2021-06-15,27658.30216350703,27447.795410943047,21813.174974293812,23136.791723293365,22929.525558734305
2021-06-16,27582.992716322457,27373.05914236758,21753.780939947705,23073.79367720922,22867.09186761963
2021-06-17,27531.44842225098,27321.90715082769,21713.129684535827,23030.67571612087,22824.36016987
2021-06-18,27314.460055984466,27106.57027842573,21541.9982400684,22849.160068233054,22644.47059238101
2021-06-21,27749.828510374504,27538.625152721055,21885.35873333931,23213.355570638298,22933.216938223588
2021-06-22,28066.409262967725,27852.7964159046,22135.035351556355,23478.18248926301,23194.84792722131
2021-06-23,28128.224207297146,27914.140888000627,22183.786724244117,23529.892080252434,23245.933487184353
2021-06-24,28517.65186432778,28300.60461937323,22490.915251961433,23855.65707257709,23567.76714958298
2021-06-25,28763.36156165186,28544.444225389776,22684.698246627053,24061.198759762847,23770.82836095053
2021-06-28,28782.887633029703,28563.821684251503,22700.097804018813,24077.532757561145,23786.965240163743
2021-06-29,28737.046230076365,28518.329179246117,22663.944227498574,24039.185393136355,23749.080651497246
2021-06-30,29007.203928197912,28786.430712843336,22877.0085401574,24265.178382761358,23972.346359111845
2021-07-01,28924.58913578004,28704.444699862564,22811.853025121713,24196.06925111128,23904.071236037948
2021-07-02,29378.287961921007,29154.690433837266,23169.670067604617,24575.59852168872,24279.020349709706
2021-07-05,29431.408897443605,29207.40706704355,23211.56476723233,24620.035378805514,24322.920943107812
2021-07-06,29407.675087659205,29183.85389478325,23192.846707729856,24600.181513209,24303.30667383935
2021-07-07,29527.17852909525,29302.447798055015,23287.09506262397,24700.148829292873,24402.067584966877
2021-07-08,29253.572374176383,29030.9240537922,23071.311067785573,24471.27112801006,24175.95197837703
2021-07-09,29702.431622143155,29476.367043519796,23425.31129733139,24846.751982615217,24546.90153233559
2021-07-12,29789.139970069304,29562.415456044477,23493.695262256777,24919.285465501416,24618.559681595932
2021-07-13,29891.374442182238,29663.871823753267,23574.324160423428,25004.806900412153,24703.04904435557
2021-07-14,29975.304292357432,29747.16288561459,23640.516817391846,25075.01610744847,24772.410967112704
2021-07-15,29524.36235708927,29299.653059874592,23284.874042246032,24697.79303808146,24399.740223429337
2021-07-16,29342.419999004625,29119.09546122774,23141.382208630428,24545.594164131653,24249.37808455532
2021-07-19,29214.83243039874,28992.478958906977,23040.758173861694,24438.864293879145,24143.936229721323
2021-07-20,29611.00592482893,29385.637185253407,23353.206917211723,24770.272330884927,24405.86311520229
2021-07-21,30062.96148280928,29834.152919044584,23709.64910258338,25148.34331844443,24778.372090757704
2021-07-22,30368.678026868503,30137.54266095541,23950.75748402622,25404.082082322566,25030.348539828818
2021-07-23,30716.71051126907,30482.926277480976,24225.239027907257,25695.21908187204,25317.202461491834
2021-07-26,30798.3636626947,30563.957968498744,24289.636128955626,25763.523779207295,25384.502290537755
2021-07-27,30405.605534640148,30174.189114246725,23979.88097047978,25434.972772977468,25060.784780399237
2021-07-28,30859.07196149089,30624.20421771728,24337.514727439528,25814.307636322574,25434.539038162537
2021-07-29,30836.62702207764,30601.930106263007,24319.813156756903,25795.531939774886,25416.03956130115
2021-07-30,30687.690986711576,30454.127619910883,24202.35230250013,25670.943597005815,25293.284106748448
2021-08-02,30777.018185746736,30542.774951524196,24272.80166743217,25745.667807735874,25366.909008166895
2021-08-03,31349.469660019287,31110.869509738153,24724.27493931924,26224.53633891461,25838.732638767597
2021-08-04,31969.130567263004,31725.814190927806,25212.9807071039,26742.896622391498,26349.467036593345
2021-08-05,32128.73794290593,31884.20679821173,25338.857689411238,26876.411781272946,26481.01797991512
2021-08-06,32072.764146457623,31828.65901714388,25294.713034085526,26829.58844183835,26434.88348459863
2021-08-09,32721.45934485956,32472.417010116067,25806.31717319988,27372.236562775037,26969.54840803548
2021-08-10,32308.76318171345,32062.861868735716,25480.837555372746,27027.0069418364,26629.397651540323
2021-08-11,31807.030961234283,31564.948321570817,25085.138186306147,26607.29665674853,26215.86195725871
2021-08-12,31785.639832877598,31543.720000639456,25068.267721048247,26589.402496847135,26198.23104826905
2021-08-13,32049.40112054123,31805.473806723418,25276.287399379882,26810.044745285402,26415.627306206043
2021-08-16,32067.764992568977,31823.69791170971,25290.770369136255,26825.406537192488,26430.7631022716
2021-08-17,32077.62214881224,31833.480045345364,25298.544377555572,26833.65227005187,26438.887527581195
2021-08-18,31630.79939902434,31390.058054052097,24946.15026579848,26459.874991968903,26070.6090943606
2021-08-19,31676.554815026597,31435.465226551263,24982.23602729528,26498.150426375487,26100.77896896912
2021-08-20,32286.773159593144,32041.039212208492,25463.49476269649,27008.611793834163,26503.024079962976
2021-08-23,33091.12226623261,32839.26643481598,26097.857917015248,27681.46790926445,27163.284665206025
2021-08-24,32870.26865299239,32620.093733753245,25923.678081939528,27496.718895363738,26981.994060507943
2021-08-25,32614.6289280466,32366.399677345118,25722.063607643264,27282.870516771844,26772.148816681827
2021-08-26,32389.750122913647,32143.23242003998,25544.709238767817,27094.754339336734,26587.554080067803
2021-08-27,32672.022385795088,32423.356314701025,25767.327902206478,27330.881434808543,26819.260994328746
2021-08-30,32576.40985335288,32328.471487220242,25691.921505690603,27250.89940134263,26740.776184554277
2021-08-31,32483.294715105032,32236.06504631944,25618.484720187706,27173.00649428022,26664.341393781186
2021-09-01,32436.156594083062,32189.285692539208,25581.308465631908,27133.574396031192,26625.647444703212
2021-09-02,32537.53545080882,32289.89295693143,25661.262568648785,27218.380089429982,26708.86561790748
2021-09-03,33040.983620469764,32789.50939322519,26058.315249264575,27639.525804595654,27122.12769577396
2021-09-06,33232.69796389881,32979.76460284275,26209.51391986907,27799.899164032675,27279.498946076958
2021-09-07,33114.89699556628,32862.86021518773,26116.60824839336,27701.356004984103,27182.80046571388
2021-09-08,32968.08421372889,32717.164822326595,26000.821932959032,27578.54381153823,27062.287255147756
2021-09-09,33253.11916042356,33000.03037407281,26225.619432432544,27816.981954145398,27296.26195489675
2021-09-10,32709.34898308538,32460.39882004911,25796.766137173854,27362.105972820285,26849.90102459494
2021-09-13,32507.033622158626,32259.62327705372,25637.206799735366,27192.864623857033,26717.042436196924
2021-09-14,32924.0955852214,32673.51099033995,25966.12957748324,27541.74633460149,27059.81939626
2021-09-15,33385.401185007984,33131.305602967,26329.94582713153,27927.638842390104,27438.95953647729
2021-09-16,33356.32142300577,33102.4471664181,26307.011594472733,27903.312967546783,27415.05931708237
2021-09-17,33088.59435997614,32836.75776840054,26095.864242162566,27679.35325883485,27195.018467233636
2021-09-20,32286.547234469464,32040.815006596145,25463.316583131276,27008.422802387733,26667.666083449596
2021-09-21,32399.39735320561,32152.80622546631,25552.317685632403,27069.783882706863,26742.234584369275
2021-09-22,32994.16672684765,32743.048821989865,26021.392335981796,27566.715298715128,27134.969348911683
2021-09-23,33480.69644135132,33225.875569130585,26405.10199863291,27973.21218754773,27455.073663100025
2021-09-24,33131.2680911654,32879.10671072462,26129.51958223856,27681.2638584197,27168.53299596859
2021-09-27,32767.029253901143,32517.640087544107,25842.256631580596,27376.941327387918,26869.847330168013
2021-09-28,31665.94798269926,31424.939122600343,24973.87077450024,26456.984955243173,25966.93100455148
2021-09-29,31805.31522754751,31563.245646296826,25083.78504471062,26573.42666424296,26058.358922850246
2021-09-30,32094.914571652087,31850.640855920847,25312.1823312848,26815.38769740733,26248.17584114855
2021-10-01,32111.26853604864,31866.870350640398,25325.08015432529,26829.051478773814,26258.875647991084
2021-10-04,31719.540473322417,31478.123721911288,25016.137373814978,26501.76162571915,26002.608263838167
2021-10-05,32538.01415406595,32290.368016788183,25661.640105847073,27185.5985937305,26539.37393388399
2021-10-06,32723.941129714345,32474.879906158814,25808.274473650417,27340.94108340398,26660.69382778446
2021-10-07,32881.1279046827,32630.870335908683,25932.242409417402,27472.271057885497,26763.143797721677
2021-10-08,32789.219810389506,32539.66175217654,25859.75757898495,27395.481597190726,26688.336462922405
2021-10-11,32953.98632849418,32703.1742357981,25989.70340386152,27533.14446750823,26822.445914090513
2021-10-12,32668.809310921504,32420.167694472308,25764.793857853027,27294.878300090044,26636.753171402914
2021-10-13,32703.96059514261,32455.05144301295,25792.51649638497,27324.24729287382,26665.414028691717
2021-10-14,33218.87222425806,32966.04409061386,26198.610022870973,27754.457347921925,27085.251000382268
2021-10-15,33654.67441385243,33398.529398964056,26542.312588545632,28118.57125286043,27440.58551059662
2021-10-18,34402.34669872128,34140.51116589224,27131.976635053623,28743.253463638866,28050.205589357567
2021-10-19,34609.8566629473,34346.44177617109,27295.632781834163,28916.62859848688,28219.40035997466
2021-10-20,34532.59065082172,34269.76383402898,27234.695670362267,28852.072636938694,28156.400950539813
2021-10-21,34708.98273753251,34444.813404299966,27373.81019115812,28999.448701185403,28300.22353159523
2021-10-22,34586.85920475178,34323.61935114331,27277.495458125097,28897.414160131204,28200.649213837267
2021-10-25,35411.26083181104,35141.74647486195,27927.673362532518,29586.203943279383,28872.83112426702
2021-10-26,35061.90583896123,34795.05041547097,27652.14880060801,29294.31690440354,28587.981969675195
2021-10-27,35280.138320264006,35011.62193397597,27824.261436864206,29476.65073119209,28765.91942319914
2021-10-28,35889.82779727084,35616.67107727329,28305.103072164693,29986.047933807116,29263.03420799797
2021-10-29,36140.57461854188,35865.50946979302,28502.858677490676,30195.54757934331,29467.482466982354
2021-11-01,36348.99945518922,36072.34798941855,28667.23635345575,30369.687092567125,29637.423185535245
2021-11-02,36624.47008918959,36345.722022252034,28884.49080039205,30599.843550328656,29862.030186482312
2021-11-03,36794.70343113965,36514.659721838354,29018.74812582234,30742.073966715183,30000.831189846416
2021-11-04,37101.90568390053,36819.52386475334,29261.028235872327,30998.74227754396,30251.310798778926
2021-11-05,36965.57242411015,36684.22823451865,29153.506767886225,30884.835471243896,30140.15047593009
2021-11-08,37258.56108520697,36974.98696511501,29384.577095059874,31129.62828789763,30379.040928697435
2021-11-09,36510.19985385364,36232.32149525946,28794.36969957388,30504.370460473052,29768.8591123696
2021-11-10,35952.576516237794,35678.94221706785,28354.590881580738,30038.47465776235,29314.19683602757
2021-11-11,36278.62514735621,36002.50929895345,28611.734497941216,30310.889168545047,29580.04297771941
2021-11-12,36313.89803419608,36037.5137245979,28639.55304037878,30340.35976064481,29608.80298459491
2021-11-15,36022.8230351578,35748.654091218654,28409.991954266934,30097.165813802905,29371.472850216338
2021-11-16,36342.80089145066,36066.19660281744,28662.34775419831,30364.50817584355,29632.369141148436
2021-11-17,36312.9796117049,36036.60229220086,28638.828711373262,30339.592416176074,29608.054142083634
2021-11-18,36230.62912736671,35954.87857565658,28573.881647252423,30270.788364379398,29540.909070955233
2021-11-19,36263.45756060352,35987.45715238261,28599.772331145203,30298.216608900133,29567.675974664835
2021-11-22,36350.28704403238,36073.62577845026,28668.251831577454,30370.76287651871,29638.473030537996
2021-11-23,36660.01474831314,36380.99615172704,28912.52368051172,30629.541208904495,29891.011784881688
2021-11-24,36861.405703968776,36580.854325080276,29071.353970526878,30797.803895586556,30055.217377001594
2021-11-25,37196.27420161419,36913.17414567536,29335.453519708757,31077.58742864327,30328.25486152594
2021-11-26,36165.504675312026,35890.24978442856,28522.520176856444,30216.376709021068,29487.809371535714
2021-11-29,37275.58061164252,36991.87695629495,28960.260000703605,30819.233144450303,30211.89621378654
2021-11-30,36633.19284171843,36354.37838609592,28461.174096929295,30288.110674308267,29795.37145810473
2021-12-01,35971.40691643818,35697.62929949072,27947.017317975293,29932.456185434596,29364.764002081614
2021-12-02,36145.66911164712,35870.56518881901,28014.711481268456,30026.710549678424,29435.892276945626
2021-12-03,35292.94395400813,35024.330104312605,27353.806596915994,29566.269620640738,28880.346309774366
2021-12-06,35020.835040398066,34754.29220588667,27248.357550133635,29418.09808851527,28769.012445570857
2021-12-07,36174.57989240509,35899.255930236344,28146.041806172896,30048.0555544381,29527.237655634864
2021-12-08,35896.71187065841,35623.50275612396,27929.84344312507,29817.2472415543,29345.791454696664
2021-12-09,34811.99552279696,34547.04216143534,27085.86759694925,28916.23837902454,28459.028905342908
2021-12-10,35166.14747493696,34898.49867056085,27361.41953646916,29210.411181148764,28690.64609341788
2021-12-13,33868.92400075044,33611.14833678933,26352.10011258089,28132.885384448044,27632.293607451516
2021-12-14,33913.90541057767,33655.78739405809,26387.09840821454,28170.248745831243,27661.652426720655
2021-12-15,35044.92503197947,34778.19884905184,27267.101041065038,29109.718962710693,28399.659359894675
2021-12-16,33753.718205650955,33496.81937055879,26262.462938221768,28037.190834804653,27353.29290319836
2021-12-17,33362.96390711849,33109.03909472476,25958.43212832297,27712.614657130664,27099.965747574883
2021-12-20,33039.19748779422,32787.73685476762,25706.52199693126,27443.681296095016,26889.57535424342
2021-12-21,34660.54033715478,34396.739698006546,26968.026173509767,28790.43363310296,27945.223772799607
2021-12-22,35158.85853690703,34891.265208484045,27355.748295638634,29204.35669715731,28266.640887863046
2021-12-23,35741.14626394761,35469.12115595433,27808.803859994936,29688.02821519078,28734.7823110662
2021-12-24,35694.802764553395,35423.13037595346,27772.74577513884,29649.533447635047,28697.523562933406
2021-12-27,36245.11144130192,35969.25066500683,28200.91967703716,30106.64188511273,29139.954813276665
2021-12-28,35944.80987634153,35671.234688903496,27967.266641480863,29857.199372335715,28898.52159137932
2021-12-29,35861.30242002787,35588.36280607295,27902.292718811343,29787.83473302308,28831.384164929612
2021-12-30,35475.71194823059,35205.707055198094,27602.279682819,29467.547836747086,28521.381285153697
2021-12-31,35145.56672937669,34878.07456461958,27345.406454170366,29193.315989227085,28255.95468342281
2022-01-03,35819.77783668598,35547.154265456295,27869.98404619646,29753.342750231765,28797.9996770882
2022-01-04,35454.00006204797,35184.16041772182,27585.38650374119,29449.513074100287,28503.925596452136
2022-01-05,34506.4119626205,34243.78439126975,26848.104845160902,28662.40842937436,27742.09390933943
2022-01-06,34298.21419882638,34037.171216250754,26686.11421579823,28489.471024395432,27574.709310756774
2022-01-07,33988.667806989346,33729.98077545252,26445.268137930594,28232.349387979473,27325.843532392377
2022-01-10,34090.878074757384,33831.41312303516,26524.79399498756,28317.249331897623,27408.01744401179
2022-01-11,34503.812802153145,34241.20501295771,26846.08253890627,28660.249462543223,27740.00426426567
2022-01-12,34465.81817753884,34203.49956462745,26816.52039067995,28628.68960491457,27709.457754670813
2022-01-13,33560.021083878775,33304.59647348211,26111.75469770176,27876.298244122,26981.22475083532
2022-01-14,33803.951622338216,33546.67046177449,26301.54761730725,28078.916723530852,27138.114871144047
2022-01-17,33766.27593447918,33509.28152277859,26272.233621437474,28047.62178755075,27107.868491774236
2022-01-18,32779.32392220451,32529.841181387128,25504.32442440485,27227.819899523292,26315.53458416926
2022-01-19,32139.299859122148,31894.68832790707,25006.346449538174,26696.190267309827,25904.480947877873
2022-01-20,31236.73311659595,30998.99100176147,24304.094167865172,25946.482165607464,25322.5013008179
2022-01-21,30629.88866803937,30396.76523346306,23831.931968063,25618.837110922996,24928.943644692747
2022-01-24,30769.57817813436,30466.07840155768,23886.275471190216,25677.25526000628,24985.78864277049
2022-01-25,30231.62987662078,29933.436223786644,23677.472132307536,25385.458172196235,24636.324961870057
2022-01-26,30521.07692169304,30076.732246845826,23790.81988053425,25506.982315713052,24754.262887988418
2022-01-27,29776.62184752713,29709.923827979397,23500.672900726302,25195.905441520317,24452.3659945485
2022-01-28,30752.15892379598,30196.599791017226,23885.635604845622,25608.63761869992,24852.918309588207
2022-01-31,32119.509775924245,31539.24849928967,24947.676298601225,26348.761106021666,25736.957940436856
2022-02-01,32314.413767241826,31730.63141448834,25099.060977838795,26508.647690271046,25861.897227791083
2022-02-02,32909.88277921304,32315.3428647317,25561.570158711816,26997.131818824866,26243.15021293532
2022-02-03,32372.5620544792,31787.729212486556,25144.225572735675,26556.348771010777,25900.372000413216
2022-02-04,32269.507428361263,31686.536339842798,25064.181591012428,26471.80944449567,25834.411125315935
2022-02-07,32061.82922975616,31482.609992293095,24902.875004790483,26301.443729696486,25701.40025797772
2022-02-08,32468.638314361568,31882.06978793281,25218.849358971733,26635.163498796504,25962.285263311634
2022-02-09,32778.6863954568,32186.5166348682,25459.66807688268,26889.506820881772,26160.61958577508
2022-02-10,32184.52367971972,31603.087881709238,24998.173514720424,26402.094292973383,25686.41922914934
2022-02-11,31788.37097222093,31214.091948314384,24690.476118949384,26077.11632400035,25433.484132148325
2022-02-14,31642.57050733805,31142.50870925916,24633.853480131744,26017.313704889,25375.157553958787
2022-02-15,31997.3122463324,31317.0765069924,24771.937331752575,26163.15247461685,25517.39674903081
2022-02-16,31938.52020550342,31259.53433512281,24726.421235281432,26131.905464685846,25479.888102805307
2022-02-17,31286.9159543271,30621.782638065528,24221.95699931757,25598.766778780388,25064.0190318413
2022-02-18,30826.62635529615,30396.53052193072,24043.78164174579,25410.463685668037,24879.64951317235
2022-02-21,30854.472707657933,30410.259440718877,24054.64127341598,25421.940593930914,24890.886673525165
2022-02-22,30708.14461979648,30338.148742903795,23997.601412532884,25361.658507892964,24831.86385555931
2022-02-23,30333.765591649288,30153.214635311524,23851.317766843393,25207.05989599466,24680.49474530485
2022-02-24,30300.446341258958,30136.654170613,23838.21837062086,25193.21591184206,24666.939956307564
2022-02-25,31230.903901511665,30599.368108849383,24204.22701379548,25580.02899618157,25045.672673841724
2022-02-28,31246.69787867046,30607.10540845667,24210.3472498573,25586.497114987244,25052.005676296358
2022-03-01,30834.22723255148,30405.091541380567,24050.553443617533,25417.62040619197,24886.656732737556
2022-03-02,31137.80309522523,30554.76696254054,24168.94732218569,25542.743957752522,25009.166504585035
2022-03-03,30786.23111116672,30382.272454649054,24032.503451423825,25398.54442729652,24867.97924322338
2022-03-04,30706.529892382296,30342.944741306485,24001.395067149653,25365.667799123094,24835.78939433876
2022-03-07,30288.09704306753,30136.205574275842,23837.863529058657,25192.840900591134,24666.572778887974
2022-03-08,30843.0311735738,30412.2811727748,23947.052000455646,25354.39375530154,24892.541467151186
2022-03-09,31269.363320337437,30622.47019484921,24029.80487606116,25477.056394085805,25064.581799088242
2022-03-10,31179.53621475239,30578.485802917596,23995.289817380923,25440.46258481532,25028.580445100848
2022-03-11,31108.43848651855,30543.622217095726,23967.93196025024,25411.45703639182,25000.044497704002
2022-03-14,31254.94816034336,30615.547012202267,24024.372174941072,25471.296495762763,25058.915153756883
2022-03-15,31387.640258275384,30680.535780405382,24075.36960947589,25525.365370741092,25112.108651416744
2022-03-16,31849.966503108204,30906.491232616765,24252.679453938894,25713.35411762895,25297.05385273022
2022-03-17,32136.46779219964,31045.498436573693,24361.76000708165,25829.004303647933,25410.831657462215
2022-03-18,32066.504060660107,31011.70413577853,24335.24123022062,25800.88837107689,25383.170923000438
2022-03-21,32173.62764612537,31115.30398352396,24416.537223348278,25887.080606603107,25451.00834673969
2022-03-22,32660.67459088093,31586.329940155276,24786.1567137875,26278.9613002185,25759.231864275695
2022-03-23,32317.03149498804,31253.990686771947,24525.366275895245,26002.46414481137,25542.40885503794
2022-03-24,32870.31578536041,31789.075168807904,24945.25322863673,26447.639776877888,25892.24825312628
2022-03-25,32947.37118743514,31863.595900057077,25003.730504302108,26509.63898401184,25940.806048866154
2022-03-28,32891.502852187215,31809.565305390763,24961.332074687914,26464.6870092508,25905.61611785297
2022-03-29,33178.27094886565,32086.90041348202,25178.960126582795,26695.422222443667,26131.47701149422
2022-03-30,32964.01030554714,31879.687688765738,25016.35791614431,26523.026911432575,25962.72357994938
2022-03-31,32473.38143894372,31405.19763450865,24644.020108420773,26128.2641834808,25576.300279935276
2022-04-01,32402.39780137552,31336.548942322494,24590.150689404814,26071.1503520009,25531.57444606251
2022-04-04,32603.911820686768,31531.434332206914,24743.079498293173,26233.28965810116,25690.35807119756
2022-04-05,32565.08348857621,31493.883224508347,24713.612711808124,26202.048165092612,25659.7631609698
2022-04-06,32830.033720889805,31750.118148018308,24914.683205964815,26415.228602688258,25826.77787691231
2022-04-07,33018.38660011208,31932.27532213724,25057.62403741965,26566.778381921802,25945.31684682035
2022-04-08,33199.96034512176,32107.876355801953,25195.42018998828,26712.87363188267,26059.45902832413
2022-04-11,32951.41989454185,31867.51142844421,25006.80306450156,26512.89659637612,25903.390656640782
2022-04-12,33130.08966054208,31953.907717711136,25074.59922725035,26584.77594248659,25973.61756586118
2022-04-13,33256.14511558833,32014.69783960838,25122.30193569575,26635.35165874739,26023.0305951498
2022-04-14,33096.88602864128,31938.040855927615,25062.148318155578,26571.575148106393,25960.72024502092
2022-04-18,33283.62838872351,32028.142763410346,25132.852322175968,26646.537467068443,26033.959252518394
2022-04-19,33420.096858751094,32093.80314739403,25184.37678134519,26701.165107979366,26087.331056614657
2022-04-20,33644.53153835379,32201.567084420603,25268.94038326716,26790.821751725125,26174.92658053139
2022-04-21,33450.127654125004,32108.53399058292,25195.93624357134,26713.42076600655,26099.30496887575
2022-04-22,33009.96398759799,31897.27904121116,25030.162052913158,26537.66243480637,25927.58715231474
2022-04-25,32901.54452059379,31844.896584904454,24989.056936442485,26494.081666014856,25885.008263394786
2022-04-26,32731.7067596028,31762.704912541103,24924.56018497987,26425.70044599566,25818.199061718304
2022-04-27,33046.37813099542,31915.382772992674,25044.368259645344,26552.72424375275,25942.30270478995
2022-04-28,33526.20580264453,32147.08568072209,25226.18819861586,26745.494716197813,26130.641569864852
2022-04-29,33216.98325686837,31998.83443314589,25109.853738031157,26622.15373909964,26010.13608295466
2022-05-02,32622.425907293586,31712.457701656887,24885.130620172356,26383.8961429072,25777.355799267047
2022-05-03,32924.16784520268,31859.12028386263,25000.218436752744,26505.915393933738,25896.569945314106
2022-05-04,33289.792279844274,32036.01879951734,25139.032738375037,26653.09011336977,26040.36125979666
2022-05-05,32500.63174597662,31656.29937251857,24841.06253282431,26337.173951348166,25731.707705861303
2022-05-06,32738.296202836143,31772.044464111812,24931.889038610745,26433.470697074303,25825.790682213585
2022-05-09,31797.506090224782,31315.5328438355,24573.65911499278,26053.66553373084,25454.716873520807
2022-05-10,31975.077941055668,31402.97298947234,24642.27440385152,26126.41333974786,25525.792277591518
2022-05-11,31873.067819325144,31352.880522094125,24602.96626805451,26084.737779017676,25485.074797835794
2022-05-12,31676.971437440527,31256.432535554282,24527.282422744374,26004.495696111353,25406.677403078516
2022-05-13,31868.31545465596,31350.834416380985,24601.360665347423,26083.03547511109,25483.41162825535
2022-05-16,32002.25528279659,31416.71686598473,24653.05938196504,26137.847868535104,25536.96393758249
2022-05-17,31899.173173103787,31366.118846789686,24613.35453383765,26095.75170254135,25495.835521872832
2022-05-18,30966.55094353541,30907.600070565346,24253.549571841653,25714.27664042897,25123.13020377439
2022-05-19,31280.6727129941,31064.361959249534,24376.562430475034,25844.698237806253,25250.553534327748
2022-05-20,31120.08700464729,30984.624342745275,24313.991404895205,25778.358725040536,25185.739103022774
2022-05-23,31413.09419086043,31130.4902201958,24428.454038082815,25899.715139534,25304.305650509825
2022-05-24,31504.5384625724,31175.8010225785,24464.009946313145,25937.412485966863,25341.13637128074
2022-05-25,31372.64204123907,31110.540955493827,24412.799620422873,25883.117897750475,25288.089963318555
2022-05-26,31623.442074781586,31234.893324428955,24510.38035582317,25986.575662455274,25389.169333724934
2022-05-27,31771.974754069204,31308.247173478172,24567.94196559354,26047.604055561995,25448.79474289303
2022-05-30,31984.490546746583,31412.95418361702,24650.106761796545,26134.717419872242,25533.905454917272
2022-05-31,31784.01346818913,31314.50682403838,24572.853985446836,26052.811913364287,25453.88287706376
2022-06-01,31879.1798511098,31361.3871267788,24609.641498675355,26091.815041103157,25491.98936048696
2022-06-02,32119.14808744423,31479.422421177267,24702.26515296699,26190.017172830205,25587.933919852396
2022-06-03,31905.911528842786,31374.9276866722,24620.26693189745,26103.08041603263,25502.995755304324
2022-06-06,32050.436693966774,31445.98766251038,24676.02851295293,26162.200369461345,25560.75659798327
2022-06-07,32418.829947522187,31626.710468518766,24817.84377923952,26312.556793717005,25707.656472958166
2022-06-08,32363.56785261451,31599.754556193147,24796.691164531458,26290.130213036093,25685.745457752462
2022-06-09,32049.390759631417,31446.373460038107,24676.33125271409,26162.521342436685,25561.07019209926
2022-06-10,31760.746964707745,31304.767015157955,24565.21104529741,26044.708659167765,25445.965908871338
2022-06-13,31452.261586953504,31152.738744397975,24445.912711140754,25918.225302240575,25322.39028241579
2022-06-14,31439.38973569905,31146.36410869526,24440.91046112247,25912.92177994938,25317.208682990557
2022-06-15,31696.545469520748,31273.743586884604,24540.866604001472,26018.898016635376,25420.74862813458
2022-06-16,31089.803009960466,30974.41904185161,24305.983187804417,25769.868194239716,25177.443761341925
2022-06-17,31055.86286357275,30957.511949899013,24292.715998121243,25755.801956852745,25163.700893195502
2022-06-20,31246.60202701506,31052.579505379897,24367.316603288422,25834.895558930664,25240.976209591718
2022-06-21,31943.350954663896,31398.79077424679,24638.99257141997,26122.93385123909,25522.392779170033
2022-06-22,31868.74947587692,31362.125926103494,24610.22124301022,26092.429701904184,25492.58989082857
2022-06-23,32021.036819470177,31437.0591275198,24669.022188763945,26154.772072918844,25553.49907081891
2022-06-24,32507.298470842004,31675.755900079123,24856.330293977186,26353.361249327056,25747.52287346089
2022-06-27,32571.151572229337,31706.865763835136,24880.742562191386,26379.24380381339,25772.81041296508
2022-06-28,32315.73298989714,31582.545279101323,24783.186846690896,26275.81256589072,25671.756959515664
2022-06-29,32129.5662012362,31491.573784903943,24711.80046796517,26200.126774601726,25597.811111622763
2022-06-30,31850.08070495026,31354.605889461884,24604.320183689768,26086.173237406558,25486.47725641979
2022-07-01,32270.433486317168,31561.512677491617,24766.6823220885,26258.314017474637,25654.66068586264
2022-07-04,32504.30415236468,31675.879160893237,24856.427018156963,26353.46379894806,25747.623065564938
2022-07-05,32473.94748124142,31661.087669869157,24844.81996487638,26341.157683583257,25735.59985593179
2022-07-06,32637.68432773227,31740.90683343911,24907.4549813774,26407.5650412739,25800.48057247225
2022-07-07,32846.01558748455,31842.21033033995,24986.949001562596,26491.846775798866,25882.824751150856
2022-07-08,32740.64224641881,31791.133814217486,24946.868671387983,26449.35251346844,25841.307390955622
2022-07-11,32600.68599206067,31723.18511643464,24893.548546038368,26392.821058157908,25786.075539317906
2022-07-12,32900.29510497961,31868.95743782096,25007.937764705413,26514.099636568633,25904.566040098736
2022-07-13,32838.93629504999,31839.23975146218,24984.61795412104,26489.375335542394,25880.41012692392
2022-07-14,32760.733457607468,31801.328674376648,24954.868695514204,26457.834357864143,25849.594245923432
2022-07-15,33297.47663036051,32061.840943928473,25159.295672349115,26674.57343020193,26061.350695880355
2022-07-18,33291.83215334513,32059.12343583788,25157.163212467512,26672.3125379083,26059.141779321515
2022-07-19,33539.00937517615,32178.135886530115,25250.55365255152,26771.327636905586,26155.88061662318
2022-07-20,33371.34779848388,32097.706602865186,25187.439867788504,26704.412676008276,26090.50396618455
2022-07-21,33538.449736324794,32178.068789702473,25250.50100089848,26771.2718141829,26155.826077211088
2022-07-22,33702.94207219972,32256.978902435403,25312.422674743044,26836.922866477787,26219.967875087917
2022-07-25,33725.52653409094,32267.78666083803,25320.90364717636,26845.914625423593,26228.75292216178
2022-07-26,33745.45504075017,32277.320222911538,25328.384743082166,26853.846287926255,26236.502243388008
2022-07-27,33896.92739400855,32349.761410104522,25385.230176587735,26914.115371368145,26295.385798688654
2022-07-28,34025.978290758336,32411.341707207695,25433.552944613424,26965.34849175587,26345.441119016923
2022-07-29,33959.427397384774,32379.64528208777,25408.680394944695,26938.977934281796,26319.676795243355
2022-08-01,34053.26351452024,32424.380727004733,25443.784813548365,26976.19659906331,26356.039838792727
2022-08-02,33545.45176865851,32182.620030875783,25254.07241223933,26775.058322171895,26159.525537030848
2022-08-03,34427.49383068617,32605.72395460961,25586.086931803784,27127.06919709272,26503.444021203803
2022-08-04,34752.61256283298,32759.68130748847,25706.899038905976,27255.15749750157,26628.587695037204
2022-08-05,34033.10263783638,32420.55693521506,25440.784240112982,26973.015309035272,26352.931683556326
2022-08-08,33962.28267775035,32386.824739644297,25414.31419793647,26944.951046309754,26325.51259118265
2022-08-09,33358.995007432066,32099.173696992406,25188.591113438757,26705.63325813561,26091.696488305177
2022-08-10,33867.2519579735,32343.704866688895,25380.47753724888,26909.076493146647,26290.46275942102
2022-08-11,33760.99549504516,32292.96665383659,25340.66267754478,26866.863689870228,26249.220387807407
2022-08-12,34078.379381112834,32444.75819758347,25459.77524928914,26993.15009640692,26372.60359157212
2022-08-15,34238.43700224764,32520.95065317714,25519.5643462919,27056.540132403767,26434.53635173644
2022-08-16,34270.694007661456,32536.27010951233,25531.585700029846,27069.285500445436,26446.98871605076
2022-08-17,33567.9182866686,31869.06154117931,25008.019455809113,26514.18624771119,25904.65066013461
2022-08-18,33745.06830703148,31953.15381125625,25074.007628176525,26584.148712967082,25973.00475574379
2022-08-19,33270.53095047298,31728.484460977572,24897.70700270523,26397.22996765844,25790.383092238317
2022-08-22,32678.37284862945,31446.128294784237,24676.138868717142,26162.31737166103,25560.870910415135
2022-08-23,33057.12927742162,31628.365386383677,24819.14241233891,26313.93364004927,25709.001666920234
2022-08-24,33100.091355037635,31648.917992104423,24835.270278641718,26331.032845033747,25725.707777662257
2022-08-25,33709.90218443576,31940.45575137077,25064.043314409184,26573.584274966513,25962.683183990892
2022-08-26,32466.099981642637,31351.198490931223,24601.646358838098,26083.33837516422,25483.707564928172
2022-08-29,32844.68754331602,31533.99183227698,24745.086398039137,26235.41742810465,25632.290467014638
2022-08-30,32445.045182890088,31342.14468937323,24594.541736531643,26075.805860268916,25476.348215290505
2022-08-31,32249.163898423845,31247.53333153609,24520.299114907077,25997.091802134462,25399.4437174883
2022-09-01,32448.56169606913,31344.135670557673,24596.104082386486,26077.462302077583,25477.96657709847
2022-09-02,32210.176532461865,31228.999952371752,24505.75575892765,25981.67253833443,25384.378927702015
2022-09-05,32176.88531366091,31212.861396451364,24493.09164831604,25968.245701874584,25371.26076127165
2022-09-06,31894.925389919368,31076.105213661936,24385.777497396313,25854.468303807193,25260.098995927663
2022-09-07,32695.774025713024,31466.249667080334,24691.928341187435,26179.057802248513,25577.22649463777
2022-09-08,32672.40098184077,31455.00261672169,24683.10265129927,26169.700564428345,25568.084370696626
2022-09-09,32996.74917981143,31611.13398615436,24805.620734217682,26299.597587059496,25694.99518597167
2022-09-12,33411.06239127869,31809.591573120822,24961.35268727809,26464.708863282704,25856.310713088045
2022-09-13,31923.933119573885,31101.667739461005,24405.836705656864,25875.73562506555,25280.877401967642
2022-09-14,32622.507213836343,31441.958193174305,24672.866541979223,26158.84796134863,25557.481258502023
2022-09-15,32711.4640874607,31484.827036503215,24706.506216829144,26194.513664738675,25592.327041745575
2022-09-16,32652.517018724247,31456.45872106319,24684.245273138164,26170.912003354995,25569.267959809924
2022-09-19,32841.2492343827,31547.368208190797,24755.582994202436,26246.54620646043,25643.163405481886
2022-09-20,32755.24085952657,31506.058301688612,24723.16663502633,26212.177495807962,25609.584798362906
2022-09-21,32260.92265355852,31268.32507475852,24536.614635160317,26014.38996296991,25416.344210278032
2022-09-22,32013.376957507047,31148.36044482347,24442.477009063354,25914.58267692462,25318.831397545084
2022-09-23,31408.00142301169,30853.851443508673,24211.372405456666,25669.559254995544,25079.44082793365
2022-09-26,31334.61405965687,30817.805170199452,24183.08647984001,25639.56974297864,25050.140745894252
2022-09-27,31715.38438153983,31005.05026554421,24330.01986165095,25795.352533304183,25202.342240012993
2022-09-28,32641.308177752115,31457.643138111373,24685.174698830426,26171.897405895634,25570.230708895884
2022-09-29,31666.558648855706,30987.941944426293,24316.594765125275,25781.11887876372,25188.43580347207
2022-09-30,31064.7980160012,30693.5095155332,24085.550248779367,25536.159162992033,24949.107475474862
2022-10-03,31251.734857682517,30785.860795686276,24158.0193614281,25612.9928984012,25024.17487735899
2022-10-04,31828.983896074817,31070.182748072555,24381.130070471165,25849.5409746645,25255.284941333015
2022-10-05,31543.137721634645,30930.66693904309,24271.650409073118,25733.467643156837,25141.880023845737
2022-10-06,31706.87512656653,31010.946002941317,24334.64631465593,25800.257625323055,25207.13456869385
2022-10-07,30922.738936351547,30627.483347655325,24033.738754777612,25481.22719990067,24895.438345271778
2022-10-10,30856.3223464912,30594.592131192538,24007.928638588157,25453.862608756957,24868.702839704583
2022-10-11,30808.82456202885,30571.04468236758,23989.45068442599,25434.271776344256,24849.562381647487
2022-10-12,31045.81315234191,30688.624448662868,24081.716880571195,25532.09492116725,24945.136666652525
2022-10-13,31440.74466048156,30883.818317104473,24234.88775613447,25694.49087297727,25103.799292046948
2022-10-14,30981.275810031104,30658.153297829078,24057.80581773969,25506.743758336637,24920.368302622046
2022-10-17,31899.74024800924,31112.595905531838,24414.41216337351,25884.82755989312,25289.76032197628
2022-10-18,31749.3669326158,31039.264521632824,24356.868182265116,25823.817857176,25230.153173523737
2022-10-19,32338.231993531637,31327.111810558403,24582.745263472894,26063.29891687429,25464.128794470373
2022-10-20,32311.03802736128,31313.939964630616,24572.40916434411,26052.340301864424,25453.422107457718
2022-10-21,32784.69139888605,31543.458329645873,24752.514867499205,26243.293294610114,25639.985274939852
2022-10-24,32571.31102191502,31440.807446838135,24671.963538082277,26157.89057191809,25556.545878531742
2022-10-25,33216.451052265926,31752.181518592,24916.30235660674,26416.94527048593,25809.64515925531
2022-10-26,33184.87316893539,31737.088595481306,24904.458766097818,26404.388371881865,25797.376931647865
2022-10-27,32933.35834971099,31616.817710910414,24810.08081846263,26304.326290368448,25699.61518094904
2022-10-28,33198.42649493654,31744.053614694865,24909.92429685334,26410.183077082347,25803.038422160706
2022-10-31,33150.375179575654,31721.080484758942,24891.897017334737,26391.07006225363,25784.364797121856
2022-11-01,33346.27792147639,31814.808634279958,24965.446575226484,26469.04931526183,25860.551382259466
2022-11-02,32683.69550724966,31498.732387888962,24717.417906134626,26206.08253619745,25603.62995599953
2022-11-03,32831.630550397334,31570.018181349278,24773.35668887772,26265.39036370221,25661.574353710585
2022-11-04,33106.05106793698,31701.955897856587,24876.889733837525,26375.158929809884,25768.819446277914
2022-11-07,32728.717372774958,31521.29079620713,24735.119748825655,26224.850514000216,25621.966476081107
2022-11-08,32739.578255441167,31526.52089790843,24739.22386983759,26229.201815353208,25626.217745209757
2022-11-09,31855.44064067794,31100.831495757575,24405.180495596254,25875.039893210615,25280.197664317493
2022-11-10,32466.21905279385,31398.98647485095,24639.146139936893,26123.096668781156,25522.55185369372
2022-11-11,32113.240014876188,31228.29853580483,24505.20534927314,25981.0889789639,25383.808783798966
2022-11-14,31960.755442118625,31154.1572508088,24447.025829450642,25919.405460718805,25323.543310188015
2022-11-15,31735.31771253884,31044.283088254768,24360.806309265165,25827.993167137312,25234.23249713319
2022-11-16,31512.727519843083,30935.411435900303,24275.373470373797,25737.41493458119,25145.736570844623
2022-11-17,31641.87025673561,30998.799850902033,24325.115089328843,25790.152359532698,25197.2616132246
2022-11-18,31673.835819915745,31014.457808018702,24337.40206852671,25803.179350952378,25209.9891266669
2022-11-21,31421.606324113796,30890.968485475576,24240.498575565274,25700.439617205233,25109.61128037849
2022-11-22,32186.43981868304,31266.92710346709,24535.51763099501,26013.226889148547,25415.207874402848
2022-11-23,32106.053648781963,31227.88226768247,24504.878698885605,25980.74265528848,25383.470421771057
2022-11-24,32008.195918595924,31180.29171496831,24467.533844326565,25941.148619026557,25344.78661424224
2022-11-25,31805.86836483108,31081.744577784946,24390.202771341832,25859.160100284575,25264.68293252595
2022-11-28,31567.00874948543,30965.033826973777,24298.61850165079,25762.059952540374,25169.81502359368
2022-11-29,31524.093779770283,30943.98553095912,24282.101661468154,25744.54834680926,25152.70599280072
2022-11-30,31760.968476898768,31060.243388390347,24373.330540510422,25841.271699666966,25247.205768997777
2022-12-01,31490.733244509287,30795.97020993735,24165.95233516661,25621.403654141894,25075.354976144718
2022-12-02,31262.59504315933,30572.86529847115,23990.87934284069,25435.786479072263,24893.693712875567
2022-12-05,30439.12958089231,29767.56750981743,23358.95289780402,24765.800777559052,24237.98688583492
2022-12-06,30083.007161105936,29593.434768199797,23222.308930907155,24620.92710636203,24096.200792418625
2022-12-07,30178.643473749333,29640.474729406582,23259.22172997216,24660.06306557157,24134.50267793427
2022-12-08,30496.631461642493,29796.633420362996,23381.761252404773,24789.982818962086,24261.653554547298
2022-12-09,30126.42817451881,29615.780468598274,23239.843859244997,24639.518117002095,24114.3955875773
2022-12-12,30366.81397089436,29733.936078217623,23332.56192627548,24737.820347697256,24210.602780707777
2022-12-13,31392.269453436373,30235.978007907484,23726.52000781777,25155.505481310534,24619.386121971685
2022-12-14,31142.533126040667,29995.440377644325,23537.76736037308,24955.38476171734,24462.70155778093
2022-12-15,30276.583532259752,29578.41361708544,23210.521660709976,24608.429920092953,24122.59649325374
2022-12-16,30365.66125648953,29621.925424957186,23244.66587723822,24644.6305523706,24158.082432343315
2022-12-19,30048.21732009265,29467.09098003721,23123.165505914618,24515.81253540877,24031.80761292893
2022-12-20,30369.504161002405,29624.627589795517,23246.78629709315,24646.878679498626,24160.286175684563
2022-12-21,30906.133690675164,29886.361365328416,23452.171803732923,24864.634011353282,24373.742459634457
2022-12-22,30276.29193806834,29581.831552415282,23213.203753909267,24611.273548663587,24125.3839813141
2022-12-23,30516.35659760365,29699.110648788577,23305.234010905486,24708.846544347405,24221.030636186493
2022-12-26,30322.726538981784,29604.88838281214,23231.296714143093,24630.456199983088,24144.187917971318
2022-12-27,29851.767219121684,29374.983296945615,23050.88754668423,24439.181466082173,23956.689437156867
2022-12-28,29535.075314577258,29219.166401115217,22928.616234821613,24309.546076874078,23829.613382517582
2022-12-29,30117.104746311168,29507.068406358892,23154.53625255408,24549.072659050238,24064.411096553205
2022-12-30,30115.599008484307,29506.33078716486,23153.957434281332,24548.4589800856,24063.809533182914
2023-01-03,29860.898386605688,29381.556898411563,23056.04592742734,24444.65052243832,23962.050520334727
2023-01-04,30291.43103335713,29593.36766333526,23222.256272947467,24620.87127695286,24134.79222586793
2023-01-05,29674.74058028259,29292.128225485547,22985.870218313623,24370.248316186273,23889.11720417218
2023-01-06,30610.428466298632,29753.940005475073,23348.25923827196,24754.46306722962,24265.74657208675
2023-01-09,30420.59926894728,29661.681144160895,23275.862647750004,24677.706221762895,24190.505103317664
2023-01-10,30561.974362686826,29730.605212933413,23329.94815794331,24735.049159019552,24246.715944142215
2023-01-11,30730.88081768982,29812.761082053916,23394.416814189106,24803.40059172142,24313.717944520005
2023-01-12,31022.50941800977,29954.219015485938,23505.420482962832,24921.089717533505,24429.083585596145
2023-01-13,30980.126697412205,29913.2957852551,23473.30755310812,24887.042710946997,24395.70875411131
2023-01-16,30768.611916677983,29709.06472252079,23313.045087150636,24717.128061031483,24229.148654522924
2023-01-17,30920.72299574501,29855.937708057238,23428.29800964671,24839.322361865816,24348.930526928976
2023-01-18,30580.80774660138,29527.727772414804,23170.747894920863,24566.2606857092,24081.25978754876
2023-01-19,30262.75607712013,29374.178147568025,23050.25573669905,24438.511603854593,23956.03279972512
2023-01-20,30991.224588794477,29727.717722454825,23327.68231092507,24732.64684603526,24244.36105896836
2023-01-23,31418.32325127753,30137.40364633809,23649.167571543912,25073.494312625095,24578.47932368467
2023-01-24,31546.366614643503,30260.22670392561,23745.548238724896,25175.679732179447,24678.64734136835
2023-01-25,31575.33311920873,30288.012249109674,23767.351875887394,25198.796544673354,24701.307768783325
2023-01-26,31914.829055754053,30613.666995040196,24022.896903831937,25469.732372981198,24966.89462999543
2023-01-27,31848.496476184435,30550.038783266955,23972.96711358984,25416.795443684277,24915.002811250066
2023-01-30,31116.970741383324,29848.337226151278,23422.333824001264,24832.998969111795,24342.73197414162
2023-01-31,31298.814812005312,30022.767545465187,23559.211303542004,24978.1202168009,24484.98815675746
2023-02-01,32507.00074487183,31181.69594681281,24468.635761219914,25942.316901456583,25430.149129627614
2023-02-02,33384.051551138764,32022.989543400214,25128.808531112114,26642.25012917659,26116.263882959534
2023-02-03,33106.448159951666,31756.703994458396,24919.851195480092,26420.707846527494,25899.09541232196
2023-02-06,33337.13276567502,31977.983628704897,25093.49187175983,26604.80644094817,26079.55942902703
2023-02-07,34328.71585906486,32929.14005087835,25839.875265588224,27396.14253020285,26855.272517331527
2023-02-08,33554.09717584778,32186.1024374004,25256.8050967273,26777.955589010602,26249.29016948562
2023-02-09,33236.17260287065,31881.1395942763,25017.497243112226,26524.234857046915,26000.57853452935
2023-02-10,32860.69891471763,31520.973903448525,24734.871079430013,26224.586867905346,25765.592798160207
2023-02-13,33175.05062556213,31822.50954941119,24971.489571979924,26475.456265708206,25962.775656578273
2023-02-14,34145.462018296006,32753.357437502633,25701.936625330094,27249.896210896244,26570.33037758839
2023-02-15,34125.870196393254,32734.564370790315,25687.189489542343,27234.260894169638,26555.084978935527
2023-02-16,33641.145431650155,32269.601750869308,25322.327969218513,26847.42473061083,26177.895848077616
2023-02-17,33309.27851050536,31951.26498670092,25072.52544580452,26582.57726267557,25971.30174824706
2023-02-20,33325.737835636966,31967.053267993662,25084.91469188359,26595.71268023991,25981.568439539835
2023-02-21,32474.744385530663,31150.75467366302,24444.355787995177,25916.57460973661,25450.80402737085
2023-02-22,32647.569137464983,31316.533390352208,24574.444255362352,26054.49796102589,25559.15971055262
2023-02-23,33027.884361999626,31681.34322896071,24860.714735269758,26358.009753908926,25797.352943826598
2023-02-24,32170.02254646921,30858.456291276365,24214.9858825092,25673.390362202666,25261.307369978524
2023-02-27,32548.999855389437,31221.98276085865,24500.24928796808,25975.834427209826,25499.379003855745
2023-02-28,32764.28300236257,31428.488851164388,24662.29699425011,26147.641837747415,25634.303863782625
2023-03-01,32897.1313025303,31555.92094911131,24762.294428458626,26253.661852630357,25717.454743514467
2023-03-02,32380.307835295924,31060.1682852479,24373.271606209986,25841.209215909665,25394.231809411052
2023-03-03,33119.96191370036,31769.666794804045,24930.023254134132,26431.49254133918,25974.30495823098
2023-03-06,32658.688988452064,31327.199886937797,24582.8143780217,26063.372194009353,25612.552017192163
2023-03-07,32069.69649466399,30762.220515251156,24139.468561232785,25593.324832631668,25150.63510159837
2023-03-08,32662.865213860005,31331.205848358164,24585.957902063357,26066.70504418015,25615.827218794235
2023-03-09,31926.23684627391,30624.60969191361,24031.483764036653,25478.83639703848,25038.126981383924
2023-03-10,31873.633853338142,30574.151313901784,23991.888493953225,25436.856408684125,25005.12389560044
2023-03-13,32438.1151336553,30844.885051976555,24204.33637480373,25662.099462847433,25226.54396361066
2023-03-14,33137.003925185745,31177.16614090619,24465.081170379603,25938.548227022326,25498.30064171255
2023-03-15,33171.371869578645,31209.50144540982,24490.45505605526,25965.45031464351,25519.457030637666
2023-03-16,33816.91849955202,31513.184822757717,24728.758898147025,26218.106566128416,25767.773554139465
2023-03-17,33937.96003179723,31625.980557736457,24817.271009846194,26311.949527939807,25841.55841525464
2023-03-20,33928.03504077268,31616.731693842343,24810.0133198791,26306.94790701952,25835.512624992843
2023-03-21,34116.771386089335,31792.610620623156,24948.027538374932,26453.289338182265,25950.48775341071
2023-03-22,34008.78389467069,31691.979636884447,24869.061247009777,26369.558544225405,25884.776305117604
2023-03-23,34746.04076094479,32379.01183613851,25408.183322616314,26941.209037743738,26333.68924765672
2023-03-24,34407.6927399381,32063.713334870892,25160.764959075877,26678.8624635207,26128.544685626166
2023-03-27,34304.66233111063,31967.701738906366,25085.423554473746,26598.975267147376,26065.953225945937
2023-03-28,34568.30389008465,32213.383058894713,25278.212514457977,26803.396323354144,26226.212924252897
2023-03-29,34876.12690108165,32500.236026836617,25503.30934054363,27042.074569976685,26459.75148185935
2023-03-30,35135.01054673545,32741.48356017369,25692.619057102547,27242.806459460102,26656.160817854314
2023-03-31,35551.84311720031,33129.919952844364,25997.429565962397,27566.007985985005,26972.40253400952
2023-04-03,35358.358288998454,32949.61602741114,25855.943000085128,27415.984700221827,26825.609844435592
2023-04-04,35297.90480662085,32893.28086004898,25811.736145747145,27369.11058535504,26779.74511511914
2023-04-05,34494.20116367849,32144.32848453606,25224.024595028903,26745.938926809,26169.99281327566
2023-04-06,34578.90438041799,32223.26140458403,25285.964166036127,26811.615677839385,26234.2552834461
2023-04-07,34747.631485596874,32380.49419473851,25409.346546474084,26942.442445764762,26362.26483232604
2023-04-10,35036.60023097291,32649.77731943114,25620.656114304715,27166.50156743888,26581.499072709466
2023-04-11,34973.02016016399,32590.528558416092,25574.16292948713,27117.203174275684,26533.26226942066
2023-04-12,34517.296527555685,32165.850506728017,25240.91317359622,26763.846493035016,26187.5147585968
2023-04-13,35022.169951737844,32636.330084237772,25610.10391404905,27155.312690639374,26570.55113679168
2023-04-14,34872.1841721069,32496.561891155427,25500.42620397936,27039.017476760844,26456.760219981916
2023-04-17,35169.25895263036,32773.398837873094,25717.663342909746,27269.36181489679,26682.14433119568
2023-04-18,35445.75192138312,33031.056082030744,25919.84994845189,27483.74753210366,26891.913473865374
2023-04-19,35012.45695662732,32627.27877431122,25603.001246954467,27147.781477703327,26563.182100731625
2023-04-20,34479.94601499472,32131.044449352506,25213.60045969964,26734.88584184903,26159.177745060682
2023-04-21,34250.397606707425,31917.133728414905,25045.74225452151,26556.89976008225,25985.024409354424
2023-04-24,34022.53671796501,31704.795566943674,24879.118054859344,26380.222138670044,25812.151357663217
2023-04-25,33304.457687721195,31035.634738534074,24354.01984968285,25823.441658484684,25267.36056886732
2023-04-26,33753.45575252877,31454.045392997727,24682.351506823874,26171.58350304039,25608.005539117028
2023-04-27,34929.77322390732,32550.227763555307,25542.53843183254,27083.670583959884,26500.451768732062
2023-04-28,35227.16314540336,32827.35838267586,25760.006018878117,27314.25927450643,26726.074970480156
2023-05-01,35185.47596430052,32788.51108667369,25729.522098509995,27281.936079239003,26694.447821769267
2023-05-02,34917.48300815639,32538.774802799115,25533.551161685053,27074.141058741665,26491.127451976638
2023-05-03,34481.4658156339,32132.460715545913,25214.711820085122,26736.06425716828,26160.33078442565
2023-05-04,34369.99868468451,32028.587138202754,25133.201028191055,26649.635437942336,26075.763120370462
2023-05-05,34983.57491190384,32600.364281394235,25581.88113453316,27125.387064202052,26448.168566272125
2023-05-08,35212.43209879149,32813.63086949281,25749.233881257493,27302.837190222188,26621.18843264227
2023-05-09,34992.63280854969,32608.80512058868,25588.504758216754,27132.41033020975,26455.016487845285
2023-05-10,35376.94219382684,32966.9339278459,25869.532555913327,27430.394194188757,26745.56081983555
2023-05-11,35384.02491653437,32973.53414926269,25874.711825638307,27435.885959835745,26750.915476829538
2023-05-12,35400.81475980827,32989.18020625759,25886.98946667362,27448.904383444504,26763.608879554326
2023-05-15,35855.306413413,33412.71020591253,26219.338332918207,27801.305819047437,27107.212181868967
2023-05-16,36054.96167214558,33598.764209306086,26365.337051163646,27956.11350197185,27258.15490145664
2023-05-17,36874.27597801032,34362.26379159319,26964.463962499467,28591.389277240232,27877.570239221204
2023-05-18,37783.78016485691,35209.80918629106,27629.542590337256,29296.59602545999,28565.170637580257
2023-05-19,37795.134793283534,35220.39029539497,27637.845708456778,29305.400119719023,28573.754926847178
2023-05-22,37958.21278942681,35372.35881473408,27757.097154985633,29431.84671010266,28697.044623292113
2023-05-23,37688.08979003376,35120.637594042026,27559.568615390177,29222.400107463243,28492.82711151508
2023-05-24,37619.15516338855,35056.39904935656,27509.159889885937,29168.94992592558,28440.711379199078
2023-05-25,39222.11696025371,36550.16115453184,28681.33220943493,30411.8463222656,29410.204152091384
2023-05-26,40347.05378203281,37598.46311554936,29503.946825896557,31284.09413542857,30253.72368012336
2023-05-29,40503.23858118314,37744.00802799297,29618.157594148408,31405.195913653526,30370.836859738818
2023-05-30,40715.30439551244,37941.62713399271,29773.23158154196,31569.626430296066,30529.85170586312
2023-05-31,40383.36969761454,37632.305056521895,29530.50298655318,31312.252586050785,30280.954706238317
2023-06-01,40787.920844277454,38009.29668144526,29826.33265441392,31625.931404414325,30584.302223797764
2023-06-02,40923.90161097125,38136.01393491762,29925.769141934223,31731.367482320733,30686.265667363925
2023-06-05,41088.11161009185,38289.037341000614,30045.848370234464,31858.69179943742,30809.396440821303
2023-06-06,41382.87402250474,38563.71944668366,30261.394580599284,32087.24318530384,31030.42027628155
2023-06-07,40160.25349753665,37424.38835795874,29367.348359733172,31139.253877295396,30113.653869300342
2023-06-08,40760.390186050914,37983.64151357427,29806.200748853076,31604.584822127985,30563.658710860796
2023-06-09,40793.95043942131,38014.915518246635,29830.741820333857,31630.60660134686,30588.823438813124
2023-06-12,41556.33635372584,38725.36488175278,30388.239614298436,32221.741528805895,31160.488792957494
2023-06-13,41736.63364433509,38893.37965347383,30520.08273978973,32361.539528487705,31295.682416755524
2023-06-14,42252.05858607252,39373.69194010178,30896.989320277997,32761.18710831278,31682.167235434204
2023-06-15,42566.83532012802,39667.0249177451,31127.17108457174,33005.25709748805,31918.19855470955
2023-06-16,42032.670841308296,39169.24970067377,30736.561141537975,32591.07935034757,31517.66213315935
2023-06-19,42238.05179160146,39360.63934032257,30886.74679497471,32750.326590983917,31671.664419246907
2023-06-20,42621.76458008694,39718.21219317015,31167.338328846105,33047.84786876538,31959.38655970562
2023-06-21,42172.08668297919,39299.16801909931,30838.509541576484,32699.178899285256,31622.201323885132
2023-06-22,42485.63890130235,39591.35989955507,31067.795873771276,32942.29942965623,31857.314455656422
2023-06-23,42724.41696191857,39813.87151473722,31242.403299673308,33127.441952482004,32036.359138963035
2023-06-26,41861.55873446985,39009.79438400194,30611.434718956985,32458.403311919472,31389.35590226129
2023-06-27,42594.274706735705,39692.59503175779,31147.236247390858,33026.53291004901,31938.77362878723
2023-06-28,42739.87433969885,39828.27587872064,31253.706569908623,33139.42721574751,32047.94965654358
2023-06-29,43066.3410857288,40132.502501446856,31492.436702902385,33392.56134717785,32292.74658220008
2023-06-30,43807.62701755234,40823.28929138972,32034.505049043837,33967.33587712787,32848.59038359652
2023-07-03,43733.02039900287,40753.76515188595,31979.94865643993,33909.487775245725,32792.647562232225
2023-07-04,43398.51796890871,40442.05026564171,31735.342396861543,33650.12297582002,32541.82518136968
2023-07-05,43233.92062099587,40288.665898400155,31614.979918184934,33522.498318159385,32418.40395936081
2023-07-06,43002.60355283223,40073.10700524448,31445.82837329415,33343.14086185894,32244.95380608505
2023-07-07,43236.03599361004,40290.63716400084,31616.526792994246,33524.138525059025,32419.99014453545
2023-07-10,43222.72132689533,40278.22954167298,31606.790388921774,33513.81466624308,32410.006311518646
2023-07-11,43245.10924041143,40299.0923076414,31623.161641541366,33531.17369319254,32426.793602926584
2023-07-12,43622.9470695197,40651.19042509335,31899.457087524752,33824.1396747387,32710.110480027273
2023-07-13,44251.48507754414,41236.9100971937,32359.07805680271,34311.492290792354,33181.41168878354
2023-07-14,44011.21926132801,41013.01207783071,32183.38270358022,34125.196199567516,33001.25143091562
2023-07-17,44762.700755623344,41713.299870786315,32732.906596157674,34707.87611308915,33564.7402447943
2023-07-18,45308.86631575469,42222.25861108289,33132.292378606726,35131.35919785126,33974.27552410066
2023-07-19,44566.02656410016,41530.02385326809,32589.08779540771,34555.3798749534,33417.266610721825
2023-07-20,42635.56486740037,39731.07235382378,31177.429844952247,33058.548265620644,31969.7345291346
2023-07-21,42538.19159072673,39640.33250522834,31106.225241196975,32983.04746771382,31896.72041954863
2023-07-24,42982.78987193391,40054.64310563824,31431.339538723776,33327.7778303538,32230.09677017301
2023-07-25,43536.38190431609,40570.5223994035,31836.15595914646,33757.019215542125,32645.20069497723
2023-07-26,42810.48246862558,39894.073920517,31305.3390507481,33194.17498900509,32100.894261462177
2023-07-27,42523.54335942363,39626.68216566866,31095.51366260701,32971.6895963441,31885.736630133906
2023-07-28,43902.798007039935,40911.97688075501,32104.09922135637,34041.129076754696,32919.953136224656
2023-07-31,43910.84312155827,40919.47393228973,32109.982243998853,34047.36705688781,32925.98566273644
2023-08-01,43939.94543717963,40946.59369043559,32131.26343040819,34069.93226292184,32947.807662925516
2023-08-02,42553.37774534842,39654.48412277879,31117.330178396824,32994.82243134082,31908.107563902966
2023-08-03,42951.80806104265,40025.77189039807,31408.68396377043,33303.755310800225,32206.865454427436
2023-08-04,43434.7041572611,40475.77131688402,31761.803693955208,33678.180839200424,32568.958933176287
2023-08-07,44177.93894496531,41168.37419943041,32305.297148868805,34254.466463148965,33126.26405929858
2023-08-08,43875.46492308264,40886.50582766266,32084.11179278178,34019.93568860421,32899.45777183357
2023-08-09,43053.87285068839,40120.88364873421,31483.319255426977,33382.89379026492,32283.3974351786
2023-08-10,43172.48443136176,40231.41496943775,31570.054455177327,33474.86223671912,32372.33681613912
2023-08-11,42662.95853264356,39756.59986118059,31197.46157383804,33079.788626981666,31990.275319630262
2023-08-14,43592.67445128904,40622.98008968435,31877.320112582718,33800.66704539703,32687.410943352996
2023-08-15,43257.53900837705,40310.675313798805,31632.250959812212,33540.81142369991,32436.113905902635
2023-08-16,42697.3977995987,39788.69299777824,31222.64542757012,33106.491971300195,32016.099164707906
2023-08-17,42259.09633910845,39380.2502553475,30902.135705748115,32766.64400560365,31687.44440478659
2023-08-18,41996.657183609765,39135.68942665851,30710.22600818515,32563.15526291138,31490.657751263007
2023-08-21,43191.941056047726,40249.546136822624,31584.282190943304,33489.94841578741,32386.92611800431
2023-08-22,42785.149244307744,39870.466489222075,31286.814027651264,33174.532241889174,32081.898466314942
2023-08-23,43638.7425401933,40665.909849830605,31911.007589560464,33836.38708675881,32721.95451225174
2023-08-24,42194.46985849402,39320.02636983664,30854.877329513416,32716.53425250729,31638.98506256323
2023-08-25,42597.787007160565,39695.86806127534,31149.80463133115,33029.256259756694,31941.40728246387
2023-08-28,43033.63359802195,40102.023168884145,31468.51921977401,33367.20078107847,32268.221289704125
2023-08-29,44651.99861329947,41610.13916821156,32651.955205300717,34622.0404468677,33481.73165530083
2023-08-30,44579.23732619319,41542.33464934174,32598.74821880389,34565.62316873025,33427.1725321833
2023-08-31,44954.347060650056,41891.89052004922,32873.04873450151,34856.47385406802,33708.443782304574
2023-09-01,44741.37004861431,41693.422290504,32717.308430087043,34691.33681756462,33548.74568620178
2023-09-04,44866.63818434405,41810.15669709122,32808.91126273786,34788.466589951706,33642.67640007163
2023-09-05,45200.1055356719,42120.90701796653,33052.76061676755,35047.02881524803,33892.72264032296
2023-09-06,45157.44561725852,42081.15325112043,33021.56537829326,35013.95138385331,33860.73464459798
2023-09-07,45388.53679758877,42296.50164475816,33190.55174178912,35193.13369239001,34034.01541876292
2023-09-08,45377.80559996118,42286.50149603934,33182.70450997157,35184.8129907452,34025.968767090766
2023-09-11,46088.69353341754,42948.96111179574,33702.5441964373,35736.01767473858,34559.019017116705
2023-09-12,45572.21518674926,42467.66718208048,33324.86730931813,35335.55331113549,34171.744316186065
2023-09-13,46102.94617361954,42962.24280938458,33712.96649742909,35747.06881468466,34569.70617758975
2023-09-14,46611.40385958272,43436.06247549407,34084.77824385596,36141.31415902844,34950.96668838857
2023-09-15,45628.05007037137,42519.6983867322,33365.69679457167,35378.84628030026,34213.61139153538
2023-09-18,45453.8916422353,42357.404275446876,33238.34273717834,35243.80820069918,34083.020915465975
2023-09-19,45134.15562988092,42059.449863901405,33004.5344805014,34995.89291144366,33843.270944610325
2023-09-20,44745.53217985938,41697.30088196064,32720.352005451936,34694.56402980117,33551.86660723083
2023-09-21,44023.31334513011,41024.2822678725,32192.22655144413,34134.573648989,33010.32002540309
2023-09-22,43789.73511416306,40806.61625069429,32021.421522076467,33953.46294373066,32835.17436803873
2023-09-25,43868.54301567216,40880.05546620954,32079.050119895433,34014.56861510743,32894.2674678459
2023-09-26,43431.06985322787,40472.384595095544,31759.146094381158,33675.36289095304,32566.23379664998
2023-09-27,43753.43926074039,40772.79300517229,31994.88003195508,33925.32004880369,32807.95838527787
2023-09-28,44578.33092312149,41541.489993802745,32598.085407879087,34564.920366508966,33426.492877400524
2023-09-29,44491.17581468243,41460.27221399457,32534.3528811156,34497.34248011556,33361.1407309397
2023-10-02,45041.42229226226,41973.03386453568,32936.72285101119,34923.98980597213,33773.736034145564
2023-10-03,45083.56342426697,42012.30418662379,32967.53872481865,34956.66498338982,33805.33502449876
2023-10-04,45370.648023844224,42279.83152050448,33177.47050338716,35179.26318564086,34020.60174992932
2023-10-05,45124.99108686615,42050.909643483516,32997.83287122773,34988.786954514784,33836.399028918015
2023-10-06,45533.6774427261,42431.75477184506,33296.68642759647,35305.67211043368,34142.84728035216
2023-10-09,45922.08769956847,42793.705084115245,33580.71300426842,35606.83568742908,34434.09175754538
2023-10-10,45944.32036689826,42814.42317984227,33596.97073248421,35624.074340377185,34450.76263958057
2023-10-11,45753.94890206279,42637.02052393738,33457.76082620414,35476.465078526584,34308.01502472802
2023-10-12,45474.347238859766,42376.46636110365,33253.30097522865,35259.66895756766,34098.359283698075
2023-10-13,45345.951038339386,42256.81698507928,33159.41073250448,35160.11376215214,34002.08303034123
2023-10-16,45444.46248621618,42348.61746844206,33231.44762857131,35236.49706947971,34075.95058308732
2023-10-17,45793.197084664826,42673.59497504568,33486.46121901991,35506.8971354941,34337.44477386915
2023-10-18,45699.197965442254,42585.99942380477,33417.72398159469,35434.012574695866,34266.96073321286
2023-10-19,45361.97841512327,42271.75251762405,33171.13081682451,35172.54098835704,34014.10095440469
2023-10-20,44671.76050938188,41628.55481077524,32666.406172014278,34637.36332572464,33600.06007970424
2023-10-23,44585.99712309397,41548.633943853194,32603.691347722102,34570.86454580136,33548.45423477575
2023-10-24,44457.72287928384,41429.098216396495,32509.890286337257,34471.40391256192,33471.23891381148
2023-10-25,42805.063966089474,39889.02454643268,31301.376748777686,33189.97361796253,32226.988472177978
2023-10-26,42165.624523936414,39591.085316342906,31067.580405163797,32942.07096055548,31986.278546510686
2023-10-27,42268.83352066562,39639.538958866346,31105.60253623173,32982.38719128143,32025.42502845135
2023-10-30,42769.26891657235,39874.192091211975,31289.737550420446,33177.632158048116,32215.005091565214
2023-10-31,42702.50059130471,39843.06772207062,31265.313899663397,33151.73488423851,32189.85921003696
2023-11-01,43372.2398514106,40155.513905865795,31510.494016848417,33411.70816548843,32442.289538375073
2023-11-02,43512.09888402493,40285.000216654575,31612.103415521255,33519.44825910652,32546.90362439358
2023-11-03,43579.82492622694,40347.703319808774,31661.307262380495,33571.62086455667,32597.562476182957
2023-11-06,43127.429992435296,39928.860504287855,31332.636483482955,33223.11943702664,32259.172587211495
2023-11-07,43466.64566438784,40242.91805996964,31579.081062736892,33484.43347280775,32512.904768974317
2023-11-08,43309.81604101824,40097.719791592346,31465.142310074305,33363.62012247859,32395.596738146727
2023-11-09,43436.69587463807,40215.18951279535,31557.322152568795,33461.36171912001,32490.502426969288
2023-11-10,44076.29662018155,40807.353918411995,32022.0003784263,33954.07672590176,32968.92163351638
2023-11-13,44276.70984983529,40992.90339102053,32167.603185556767,34108.4646100561,33118.830055263155
2023-11-14,44529.98615240289,41227.39531776036,32351.611699850877,34303.57544444265,33308.27987775923
2023-11-15,44174.08369697295,40897.88856304559,32093.043956270485,34029.40678225356,33042.06603807668
2023-11-16,44566.65100901351,41261.34090518052,32378.2491930681,34331.820134899055,33335.70506719192
2023-11-17,44242.96602952434,40961.66219964153,32143.087863045028,34082.470133393595,33093.58979115853
2023-11-20,44486.76673989837,41187.38129667742,32320.21223688099,34270.281466482746,33275.95190256234
2023-11-21,44293.18118298935,41008.15311872151,32179.569822432764,34121.15326478837,33131.15055706563
2023-11-22,44642.0976370822,41331.19199271813,32433.062145557855,34389.940276439746,33392.13889124352
2023-11-23,44777.561698707774,41456.6092879509,32531.478540882938,34494.294713965945,33493.46555374371
2023-11-24,44999.623364553234,41662.20162861318,32692.809217301005,34665.359422622656,33659.566932953385
2023-11-27,45162.31740701613,41812.8293782268,32811.00854639186,34790.690415111334,33781.26152953942
2023-11-28,44980.84084070177,41644.812120939874,32679.1634704484,34650.89034729507,33645.5176682823
2023-11-29,44520.77879711743,41218.8708310272,32344.922436980727,34296.48257884873,33301.39280697209
2023-11-30,44702.88883139959,41387.47457478282,32477.227735607572,34436.77063730012,33437.61050013864
2023-12-01,45387.561516696114,42021.368135031975,32974.651309475266,34964.206712272964,33949.743366034054
2023-12-04,44569.11116453386,41263.61860191803,32380.036527917993,34333.715310213236,33337.54525524709
2023-12-05,45415.54283665946,42047.27420506068,32994.98010084756,34985.76205965422,33970.673299259244
2023-12-06,45209.039362297895,41856.08617408179,32844.95265205495,34826.682569082244,33816.20939495386
2023-12-07,45962.30497061696,42553.48542561441,33392.209872926,35406.95904921052,34379.64953657691
2023-12-08,46234.50470066673,42805.497313463246,33589.96650238543,35616.647503722095,34583.25401918596
2023-12-11,46798.72621587911,43327.873030689734,33999.88074108249,36051.294288659876,35005.289814962496
2023-12-12,47441.53674552912,43923.00916501502,34466.890916667064,36546.48194546405,35486.109929226055
2023-12-13,47954.57094876839,44397.99390532211,34839.61691022868,36941.69669887013,35869.857787801004
2023-12-14,47078.24771548188,43586.66366503881,34202.956730955004,36266.62305200488,35214.37095657245
2023-12-15,47198.54870474048,43698.04246547921,34290.35695781073,36359.29665057618,35304.35569193893
2023-12-18,47556.01716245278,44028.999079058565,34550.06242233238,36634.67167912828,35571.74089606187
2023-12-19,47805.23473625165,44259.73329487384,34731.12221760665,36826.65588086667,35758.154803089354
2023-12-20,47018.0894459385,43530.96706653531,34159.25096895136,36220.28026333152,35169.37277327964
2023-12-21,47899.17928333408,44346.71039312084,34799.37414784816,36899.02585303344,35828.42500835063
2023-12-22,47649.20720541355,44115.27763139572,34617.766195557044,36706.46042072894,35641.44673477771
2023-12-25,47208.12005040314,43706.90394704372,34297.31066440438,36366.669915344784,35311.515026304034
2023-12-26,47720.190559695104,44180.99646629341,34669.33652183135,36761.14228926945,35694.542045047514
2023-12-27,47982.98453158292,44424.30017919067,34860.2597461611,36963.585038974015,35891.11105218508
2023-12-28,47562.45456513584,44034.95904824261,34554.73927875999,36639.63071791731,35576.55605161839
2023-12-29,47433.25923688105,43915.345562333605,34460.87719942251,36540.10538515188,35479.9183805964
2024-01-02,46493.04680737486,43044.864503092766,33777.800691591256,35815.814838575374,34776.64264546909
2024-01-03,45517.489357383296,42141.659806187236,33069.045568582515,35064.296334355764,34046.928953891875
2024-01-04,45923.34594524544,42517.41581771716,33363.905636389514,35376.947050969604,34350.508316626874
2024-01-05,46293.2338953467,42859.87082522399,33632.63402299118,35661.88940776402,34627.183259287245
2024-01-08,47395.75978761427,43880.62728027914,34433.6333638308,36511.21776810557,35451.86891866382
2024-01-09,47640.47828870531,44107.196099580375,34611.424524510054,36699.73611922511,35634.91753443722
2024-01-10,47639.76983157502,44106.540185561535,34610.90982122884,36699.190360856024,35634.38761088646
2024-01-11,48035.49835703161,44472.91928798649,34898.41172051778,37004.038947200934,35930.39121700503
2024-01-12,47346.33998192303,43834.872721569285,34397.729234902195,36473.14733109315,35414.90307021657
2024-01-15,47254.55422413279,43749.89430482316,34331.04569304248,36402.440377439336,35346.24763208537
2024-01-16,47220.70294189152,43718.55362148682,34306.4522980465,36376.363117718654,35320.92698681828
2024-01-17,47566.9953981839,44039.16310791833,34558.03825278307,36643.12873852103,35579.9525794665
2024-01-18,48413.465389607176,44822.85418838693,35173.00966517872,37295.20500714746,36213.109286184444
2024-01-19,49621.368080855886,45941.17211435849,36050.56661533677,38225.71014938989,37116.61643679333
2024-01-22,49389.74309739054,45726.725724770295,35882.28806480211,38047.27836034941,36943.36172816754
2024-01-23,49502.56495305698,45831.1800856615,35964.25460423208,38134.19042505093,37027.75209676107
2024-01-24,50727.17864388365,46964.96963076622,36853.9523120273,39077.56884852038,37943.75901885146
2024-01-25,50878.19863629367,47104.789142648944,36963.67029255041,39193.906762606544,38056.721465260365
2024-01-26,50517.752381774255,46771.07558219511,36701.80142007943,38916.23779493033,37787.10887914069
2024-01-29,50943.60806153994,47165.34744201392,37011.191087186075,39244.29476735538,38105.64749535814
2024-01-30,50053.60379393975,46341.35082882685,36364.59145928438,38558.68196624178,37439.92729647531
2024-01-31,49579.290433501454,45902.21517878736,36019.996659536766,38193.295727665005,37085.142498088695
2024-02-01,50298.7704533041,46568.33456849737,36542.708212753816,38747.54555508691,37623.31113312989
2024-02-02,51609.9457134216,47782.265796652806,37495.29402179933,39757.60649025969,38604.065817924034
2024-02-05,52008.472845199176,48151.235945226734,37784.8291448285,40064.610976737655,38902.16277215836
2024-02-06,51743.32379993382,47905.75182426005,37592.19492918665,39860.354001513086,38703.83217805503
2024-02-07,52260.429351848885,48384.50595943646,37967.87881029404,40258.70510928457,39090.625391746624
2024-02-08,52256.74504555942,48381.09490174271,37965.20211405497,40255.86691215762,39087.86954303325
2024-02-09,53205.55594448428,49259.53672020404,38654.52552128776,40986.78127045957,39797.57690436717
2024-02-12,53352.213445044064,49395.31728683614,38761.07409497792,41099.75854868571,39907.27622154412
2024-02-13,52640.50696275583,48736.39490596929,38244.0101174493,40551.497048538,39374.92216641957
2024-02-14,54148.62343075917,50132.66108936317,39339.67626484068,41713.271203645556,40502.98821235528
2024-02-15,54596.09939541859,50546.94975379417,39664.77334895231,42057.9833142834,40837.698728959425
2024-02-16,54059.98245435926,50050.594219571554,39275.277447392786,41644.986825316824,40436.68506012744
2024-02-19,53897.982791502654,49900.60935052006,39157.582594079635,41520.19074660806,40315.509857151555
2024-02-20,53506.528044397135,49538.187059331845,38873.18565011746,41218.6344558771,40022.70302286593
2024-02-21,52978.09637137571,49048.94681102999,38489.27319532841,40811.55829599051,39627.437908679036
2024-02-22,55317.48075889277,51214.82947297999,40188.86625297327,42613.697837559004,41377.28956267228
2024-02-23,55267.13057212689,51168.21353541791,40152.286190143466,42574.91068356227,41339.62779231027
2024-02-26,55794.39054792324,51656.36898606173,40535.347391722484,42981.084229106695,41734.01648091349
2024-02-27,56257.870267744,52085.47447837916,40872.071411242265,43338.12479681374,42080.69775255413
2024-02-28,56205.8041410302,52037.26986449611,40834.244695815156,43298.015772308005,42041.752464882156
2024-02-29,57352.551789457335,53098.96834492257,41667.37171527257,44181.41026380696,42899.5158491385
2024-03-01,58855.4332610602,54490.387788293876,42759.234569974426,45339.15165112158,44023.6661353731
2024-03-04,59800.83055655763,55365.66917509733,43446.07795010361,46067.436347642164,44730.82013282401
2024-03-05,58509.4979383261,54170.10894841452,42507.9080773936,45072.66114735874,43764.907677425355
2024-03-06,59236.16424669072,54842.88165165573,43035.84056232898,45632.44691613503,44308.451632141834
2024-03-07,60041.77941950567,55588.747933534985,43621.130419846966,46253.05076643184,44911.04907194457
2024-03-08,58393.60498801563,54062.811262297146,42423.71034792738,44983.38327175266,43678.220140366866
2024-03-11,57519.40750138156,53253.449111500464,41788.59455112975,44309.947189076585,43024.32336048498
2024-03-12,58744.36588149587,54387.557781822856,42678.54268015691,45253.59114316944,43940.588109003256
2024-03-13,58961.99921957872,54589.05022407868,42836.65611909898,45421.24449941798,44103.37711393996
2024-03-14,58276.17181592649,53954.0875857937,42338.393627389756,44892.91888973708,43590.380522598054
2024-03-15,57938.78103724355,53641.71957917175,42093.27485673252,44633.01065641316,43338.01335486337
2024-03-18,58535.19931381169,54193.90416729754,42526.58045957258,45092.46014460024,43784.13221984914
2024-03-19,58120.39779272606,53809.86662842032,42225.22178192237,44772.9187186422,43473.862077146776
2024-03-20,59444.23431934628,55035.52009330733,43187.00616507306,45792.733232206236,44464.087346702305
2024-03-21,59369.18388700686,54966.03581742553,43132.48105391221,45734.91829916129,44407.9498757237
2024-03-22,60068.84305571221,55613.804380325804,43640.79250208397,46273.899178179265,44931.29258080605
2024-03-25,60849.08501809962,56336.179269838656,44207.648393588104,46874.956832454605,45514.91094454474
2024-03-26,60506.93819310448,56019.40795168656,43959.07429368391,46611.384789469266,45258.98627016417
2024-03-27,60224.37737539611,55757.80341192535,43753.79019984189,46393.71469420517,45047.63172883313
2024-03-28,60481.609103328905,55995.95740773978,43940.67238189518,46591.872581693555,45240.0401961994
2024-03-29,60342.37406272108,55867.048810248256,43839.51632149711,46484.613178924956,45135.89285410313
2024-04-01,60919.67235706269,56401.53146011107,44258.93100960427,46929.33363147841,45567.710036688215
2024-04-02,60670.596224587935,56170.928195546585,44077.973973283944,46737.45838874837,45381.401927295476
2024-04-03,61332.520009437736,56783.760040021756,44558.87017632939,47247.36989903616,45876.518692166355
2024-04-04,60156.36416205284,55694.834435835015,43704.37771942903,46341.3208671073,44996.758073995916
2024-04-05,61388.25589466918,56835.3622427702,44599.36301885091,47290.305913825294,45918.208946867315
2024-04-08,61302.37927457296,56755.854709281586,44536.97254206208,47224.151051205255,45853.973523857494
2024-04-09,60782.95245628208,56274.95146572266,44159.60223086722,46824.01176106208,45465.444010723724
2024-04-10,60274.05980292049,55803.801114976144,43789.88512693382,46431.98744136061,45084.79401752833
2024-04-11,62008.148392497365,57409.28007366756,45049.722947478615,47767.83871596711,46381.886450406586
2024-04-12,59885.29377836824,55443.868135759054,43507.4415747314,46132.50240204751,44793.99833866977
2024-04-15,58993.50113462238,54618.21578232356,42859.542668396505,45445.51192936162,44126.94044044468
2024-04-16,59673.78591692715,55248.04687081183,43353.77837390781,45969.56779305828,44635.791169659766
2024-04-17,58050.25972806923,53744.93039177896,42174.26556950879,44718.88801707747,43421.39904067337
2024-04-18,58114.36332768285,53804.279712785195,42220.837664909064,44768.27008196472,43469.34831758971
2024-04-19,55706.775810274405,51575.252243461655,40471.69415001932,42913.590411509394,41668.48095181999
2024-04-22,56708.31912358903,52502.515547891264,41199.32833930569,43685.12706754116,42417.63198176662
2024-04-23,58295.18509496993,53971.69073457368,42352.207020878144,44907.565726811794,43604.60239137667
2024-04-24,57164.15897719858,52924.547788863274,41530.50189707015,44036.28228136408,42758.598659175856
2024-04-25,57155.3898821352,52916.42905854254,41524.131035927756,44029.52702855406,42752.039405560856
2024-04-26,58162.57953137576,53848.919935298785,42255.867361396646,44805.4133268641,43505.41387579021
2024-04-29,58069.263577787744,53762.524810565075,42188.07211247048,44733.52759029277,43435.61385634865
2024-04-30,57390.12869632936,53133.758339896536,41694.67182481779,44210.35755014662,42927.6232490993
2024-05-01,56987.44415670383,52760.93911990681,41402.11629113961,43900.15041381205,42626.41656777699
2024-05-02,57231.18171448574,52986.59974809721,41579.19478379943,44087.91309744282,42808.731441254306
2024-05-03,57578.91640536276,53308.544504994745,41831.828540641814,44355.78974043849,43068.835820521286
2024-05-06,58565.56816730674,54222.020698124754,42548.64382497944,45115.85472310886,43806.848020126265
2024-05-07,58075.17643340803,53767.999136006816,42192.367878662946,44738.08254542275,43440.0366524664
2024-05-08,58112.00214734446,53802.093650681025,42219.122236810814,44766.45115196105,43467.58216263779
2024-05-09,58309.17663855969,53984.64458766285,42362.37205851701,44918.34408118795,43615.06801892515
2024-05-10,57975.89456088407,53676.08055798561,42120.2383123582,44661.60097651466,43365.774145725474
2024-05-13,58304.37509898312,53980.19915690121,42358.88367782425,44914.64522589185,43611.47648347051
2024-05-14,58524.73625836506,54184.21711009406,42518.97891427132,45084.39995318982,43776.30588956467
2024-05-15,59372.95305677145,54969.52544464827,43135.21940456515,45737.821870676926,44410.76920203108
2024-05-16,58732.10373080319,54376.20506025853,42669.63406885721,45244.14502275169,43931.4160615255
2024-05-17,58903.07562964261,54534.496734492546,42793.84736782185,45375.85284342438,44059.302466840905
2024-05-20,59701.2833653127,55273.50495586361,43373.75562631167,45990.75039104957,44656.359168572155
2024-05-21,59693.869109726096,55266.64058260713,43368.36907359728,45985.038835806576,44650.81333032916
2024-05-22,59515.88249602669,55101.85444368624,43239.059493431065,45847.92724519789,44517.67994189054
2024-05-23,59528.62196882954,55113.6490865048,43248.31488542621,45857.74106963789,44527.2090247014
2024-05-24,60252.03676847377,55783.41143095238,43773.885107162125,46415.022045928585,45068.320861830565
2024-05-27,60341.57015558031,55866.30452532134,43838.932272547034,46483.99389085335,45135.291534265576
2024-05-28,61009.28254567322,56484.495659958404,44324.033972276615,46998.364640270374,45634.73815638994
2024-05-29,60736.439405129946,56231.88808050804,44125.80989676009,46788.18053592118,45430.65240489567
2024-05-30,60521.01074545727,56032.43680547948,43969.2981852384,46622.22554876522,45269.51249199496
2024-05-31,60439.9220468727,55957.36209467883,43910.386195441766,46559.75905079534,45208.85841817301
2024-06-03,60880.430962656814,56365.20042523374,44230.42162830707,46899.10411088211,45538.357605650155
2024-06-04,60362.19844382349,55885.40290525837,43853.91899113689,46499.884846660454,45150.721424493946
2024-06-05,61319.569414865575,56771.76993339566,44549.461401634384,47237.393437412386,45866.831690982115
2024-06-06,61282.35010014077,56737.31100955131,44522.42108741577,47208.721621385244,45838.99176874479
2024-06-07,60594.538661389226,56100.511483217815,44022.71716850932,46678.86761469383,45324.51112582134
2024-06-10,61659.77398464825,57086.74304475789,44796.62442797029,47499.46926842979,46121.30356499599
2024-06-11,61663.91864673022,57090.580315704414,44799.635578655216,47502.66209961401,46124.40375829388
2024-06-12,62485.080486707775,57850.84023765337,45396.22029122996,48135.24229026038,46738.63005284736
2024-06-13,62184.24264228683,57572.31419688531,45177.65770075403,47903.492528261406,46513.60435700501
2024-06-14,62601.983574829486,57959.073144157446,45481.15189889954,48225.298323274794,46826.07316959134
2024-06-17,62804.56502338532,58146.630028524574,45628.329945145524,48381.35649002103,46977.60341178469
2024-06-18,63500.06765215275,58790.550323550066,46133.62161321615,48917.13538777495,47497.83703897284
2024-06-19,63210.24948610404,58522.22668066671,45923.06496180644,48693.8746104148,47281.054025491285
2024-06-20,63000.59151011583,58328.118103403634,45770.74572672442,48532.36505655538,47124.230564578465
2024-06-21,62434.3002068582,57803.82610509696,45359.327760204236,48096.12381501658,46700.64657430524
2024-06-24,62594.75326386733,57952.37907317151,45475.898984337284,48219.72846936267,46820.66492130879
2024-06-25,63007.65186115667,58334.65481963899,45775.87516320248,48537.80398222145,47129.51168341148
2024-06-26,63166.17047410821,58481.41681275998,45891.04098867244,48659.91844190533,47248.08307276592
2024-06-27,63294.20942297408,58599.95968279136,45984.06294340624,48758.55296038947,47343.85577589416
2024-06-28,62831.65933945729,58171.71487979178,45648.014316702116,48402.2285359343,46997.869869082315
2024-07-01,63279.141265636456,58586.009063603145,45973.11573193506,48746.945239015586,47332.58484488318
2024-07-02,64420.36874992567,59642.59678589117,46802.23228064816,49626.087284391535,48186.21916492989
2024-07-03,65552.27645880383,60690.55593902065,47624.577891813766,50498.04986158072,49032.882324313614
2024-07-04,65240.626146335046,60402.019342825,47398.15990325612,50257.97073895382,48799.76893873621
2024-07-05,65975.42952520696,61082.32562627853,47932.00407530781,50824.02488183399,49349.39939482537
2024-07-08,65977.89328354385,61084.60665862772,47933.79402765058,50825.922832569864,49351.24227777521
2024-07-09,66239.62390164778,61326.925881957424,48123.94471168361,51027.54643006035,49547.01589985873
2024-07-10,66934.48450642951,61970.25176905808,48628.769941013015,51562.83074606985,50066.76929526485
2024-07-11,64787.56209640848,59982.557036534134,47069.003002820056,49908.95385930268,48460.878553146234
2024-07-12,64759.93194073823,59956.97608650621,47048.929336855035,49887.66903055083,48440.21128963123
2024-07-15,65553.03669631033,60691.259793095734,47625.130214208984,50498.63550884707,49033.450979411646
2024-07-16,65560.18143887783,60697.87464191392,47630.32096222422,50504.139445337336,49038.79522282278
2024-07-17,63759.127830212776,59030.397161485686,46321.83218796929,49116.70181773786,47691.61318088481
2024-07-18,62951.44278824208,58282.61452343133,45735.03854370035,48494.50344835673,47087.467485914996
2024-07-19,62892.3070206966,58227.864592504506,45692.07564264181,48448.94834181529,47043.23413067771
2024-07-22,64282.48270003792,59514.937130483464,46702.05627948061,49519.86707361331,48083.08086335531
2024-07-23,64269.53257445488,59502.947458063645,46692.64784551225,49509.89097327426,48073.39421297335
2024-07-24,61036.79990051881,56509.97217509667,44344.025686981506,47019.562573158706,45655.32104526747
2024-07-25,60125.35534498355,55666.12540468296,43681.849412196636,46317.43329408766,44973.56358311766
2024-07-26,60546.98554127537,56056.48516632617,43988.16921083031,46642.23517474962,45288.941551907905
2024-07-29,60447.02812558862,55963.94114717119,43915.54885366805,46565.23320267385,45214.173741153216
2024-07-30,59460.25705498619,55050.35449397478,43198.64689004475,45805.076310844735,44476.07229907297
2024-07-31,61539.57623484092,56975.45982695828,44709.29920591309,47406.875200139344,46031.39605239187
2024-08-01,59382.64726440521,54978.500676058466,43142.26237197215,45745.28978189073,44418.020436737366
2024-08-02,58552.95318060162,54210.34130882427,42539.47887374667,45106.136796256375,43797.41205249784
2024-08-05,56048.18533443836,51891.340943102936,40719.73259132002,43176.59447644502,42298.56571262641
2024-08-06,57225.53314969481,52981.37011221059,40933.572200569426,43494.03301804643,42742.827410245045
2024-08-07,56117.49253926455,51955.507941088494,40140.98787969356,42946.62788334791,42080.73430643736
2024-08-08,58538.08107187929,54196.57219819832,41872.44113166181,44150.73504623494,43532.832585203476
2024-08-09,58679.49731069674,54327.50022413851,41973.596533863565,44257.39434864012,43616.965844600345
2024-08-12,58849.11355404542,54484.53678581442,42094.92347240585,44385.32272761157,43717.82759334582
2024-08-13,60003.61602417561,55553.41494734108,42920.74208196233,45256.07441156843,44403.952999790774
2024-08-14,60185.14893437937,55721.484369741964,43050.59304319614,45392.990608235974,44538.29121716346
2024-08-15,61822.95943044013,57237.82575250323,44222.123136519716,46628.26405662132,45750.30584408769
2024-08-16,61930.73352125291,57337.60671878836,44299.21422304739,46709.54969566509,45830.060965197685
2024-08-19,61861.73117039296,57273.721965107514,44249.856662611106,46657.506573400045,45778.99775688661
2024-08-20,61365.5921411984,56814.37935900006,43894.96712894908,46283.30737822712,45411.84431525335
2024-08-21,61177.10427916303,56639.870802582904,43760.14127264167,46141.14560073501,45272.359285493185
2024-08-22,60705.84747160182,56203.565014500746,43423.05005661305,45785.713135775644,44923.619217472144
2024-08-23,62011.09678504923,57412.00979706953,44356.69827395653,46770.161473542896,45889.53149089207
2024-08-26,60624.759401119794,56128.49088521906,43365.04754960279,45724.55469242205,44863.612319403255
2024-08-27,61064.54089369357,56535.655742304814,43679.62439123137,46056.24776813153,45189.0599843999
2024-08-28,60414.90212612879,55934.197790073,43214.936096814956,45566.27562389099,44708.313469220455
2024-08-29,60452.12153259851,55968.65679885794,43241.55923474196,45594.34733590364,44735.856622201354
2024-08-30,61074.754989790206,56545.112304365,43686.930560646026,46063.951468735344,45196.61863291248
2024-09-02,61128.81719482256,56595.164956323846,43725.60139604435,46104.726397579834,45236.62581531887
2024-09-03,60835.43710016953,56323.54355722379,43515.74585384652,45883.452543198444,45019.51830085176
2024-09-04,61283.35893201554,56738.24502085706,43836.14550125771,46221.285245554616,45284.695652308146
2024-09-05,60284.21700660082,55813.20500407731,43121.45669205792,45467.70997258993,44694.05129084539
2024-09-06,58108.36459888292,53798.725882995306,41565.06382462722,43826.6332342714,43080.89839709203
2024-09-09,58985.5407474397,54610.84578162027,42192.51019748391,44488.21917994414,43601.161347779904
2024-09-10,59703.62714338186,55275.67490634741,42706.159257906904,45029.816062298705,44131.959241880395
2024-09-11,59777.4605979409,55344.03246227307,42758.97251934223,45085.502911441945,44186.53574188871
2024-09-12,60501.515009432245,56014.38698140447,43276.89051675768,45631.60100511807,44721.74509692672
2024-09-13,59386.369210182704,54981.94658168699,42479.223835901495,44790.533005978614,43897.447289307
2024-09-16,58756.73395554791,54399.00857088263,42028.84410613651,44315.6479603104,43432.031053739585
2024-09-17,58619.7246342451,54272.16062100371,41930.84098345648,44212.312454039245,43330.755970921375
2024-09-18,58770.40372460395,54411.66451402277,42038.62212737673,44325.95800704725,43442.13552677903
2024-09-19,60060.52137766149,55606.09988408978,42961.44662881943,45298.993706811176,44395.769709593944
2024-09-20,59465.04107307866,55054.783702742796,42535.49802336221,44849.8690913219,43955.600262801716
2024-09-23,59537.55633981138,55121.92083496491,42587.36838162839,44904.56173361046,44009.2023796074
2024-09-24,59784.43758958885,55350.49200151062,42763.9631795536,45090.765115190814,44191.69302170186
2024-09-25,58937.780668602645,54566.627855212595,42158.34728928932,44452.197456172005,43565.857867012084
2024-09-26,59260.77378447072,54865.66600957524,42389.38510232441,44695.80611602779,43804.609174209305
2024-09-27,58477.80133962514,54140.763145332596,41829.322882924826,44105.27071876335,43225.84855820089
2024-09-30,58863.667511044856,54498.01134061444,42105.333955573966,44396.299648747205,43511.074615053665
2024-10-01,59139.72668351259,54753.59643321854,42302.79979723381,44604.50967472568,43715.13310748722
2024-10-02,59088.169205870654,54705.86274417008,42265.92059983053,44565.6238675154,43677.02265070637
2024-10-03,59645.233296306586,55221.61187095241,42664.38998772693,44985.774111771076,44088.79545096175
2024-10-04,60418.49871162203,55937.52763283148,43217.508743741295,45568.98824942086,44546.063719904974
2024-10-07,60118.411067840265,55659.69615366093,43002.855274264526,45342.655410888125,44324.811560607486
2024-10-08,60547.979879788654,56057.40575917854,43310.126958968714,45666.64585357398,44578.18561096873
2024-10-09,60756.30275452917,56250.27825370987,43459.14085127993,45823.76764298564,44700.88705594682
2024-10-10,60613.67191689322,56118.22571033841,43357.116643394846,45716.19226288127,44616.93560169695
2024-10-11,60430.79100885488,55948.90826510133,43226.301455815716,45578.25937598153,44509.242595301774
2024-10-14,60277.651338251766,55807.12628212073,43116.76025246849,45462.75799810814,44419.00871769008
2024-10-15,59923.27235505168,55479.030010482704,42863.27204717315,45195.47741243248,44157.86444954667
2024-10-16,60411.46649530741,55931.01696469493,43212.47858118269,45563.68439398844,44445.66729906724
2024-10-17,60216.87580711596,55750.85820156917,43073.28735750624,45416.91972798827,44302.50386522599
2024-10-18,60369.03655324479,55891.73386254577,43182.12833363947,45531.68277904426,44414.45092247786
2024-10-21,60056.46720949401,55602.34639552696,42958.54667182011,45295.935962154734,44184.48873373817
2024-10-22,60887.01462901679,56371.29581036894,43552.639393928956,45922.353473477975,44795.53555027383
2024-10-23,60374.18851133441,55896.503722839334,43185.81354261574,45535.56850150764,44418.24129918072
2024-10-24,62223.30183930103,57608.47654714045,44508.489099335486,46930.21128990498,45778.66309558687
2024-10-25,62123.14993318267,57515.75246204334,44436.85018127777,46854.674473691666,45704.979760999224
2024-10-28,62356.26010380324,57731.573889067215,44603.594490585005,47030.49139818248,45842.18201995429
2024-10-29,62343.3770050512,57719.646272396734,44594.37917665243,47020.774675851295,45832.7108079703
2024-10-30,62260.747732954,57643.14524556256,44535.27424413177,46958.45382363635,45771.9646034136
2024-10-31,61481.61361556841,56921.79603711963,43977.95759031393,46370.813379120686,45313.73047625217
2024-11-01,62071.45760671511,57467.89392530634,44399.874526159976,46815.68696046946,45661.51616457171
2024-11-04,61652.37028566335,57079.888445166995,44100.100279064005,46499.60189354913,45414.882194983715
2024-11-05,62628.8667363503,57983.962501266564,44798.59072149,47236.09744103606,45990.334150083385
2024-11-06,65824.8311349164,60942.896448162996,47084.67234028314,49646.56554649085,47867.85138175335
2024-11-07,68245.53315444758,63184.06577536988,48816.20676973689,51472.31335942263,49628.18714733899
2024-11-08,68275.53076176991,63211.83859370025,48837.664136013605,51494.93822837389,49650.00142296046
2024-11-11,70883.35941139601,65626.25620189695,50703.05072903921,53461.82114710579,51546.41577111918
2024-11-12,71003.95163008603,65737.90463257831,50789.3106556643,53552.77450598823,51634.11049516971
2024-11-13,72090.44666430891,66743.81916696389,51566.483370029135,54372.23345487524,52424.21024823397
2024-11-14,71294.0136950571,66006.45408548677,50996.79280262974,53771.54582788683,51845.043779435364
2024-11-15,70803.56702483587,65552.38166142878,50645.97502809692,53401.63993765689,51488.39070617935
2024-11-18,70759.93155616993,65511.98244121772,50614.762464249405,53368.7290874819,51456.658970707176
2024-11-19,71330.99937881785,66040.69670573558,51023.248758097165,53799.44126098481,51871.9397878715
2024-11-20,71108.15869144913,65834.38312010838,50863.85023678027,53631.36981133383,51709.889924303905
2024-11-21,72046.26592148613,66702.91511315275,51534.880770163785,54338.91134668863,52392.08198911179
2024-11-22,72560.73925142671,67179.23224654041,51902.88487667515,54726.93868312744,52766.20726179188
2024-11-25,70988.20245237443,65723.3235012655,50778.04522802258,53540.89612255632,51622.657684959864
2024-11-26,71921.23393030558,66587.15618814151,51445.44506276754,54244.60941171167,52301.15866020072
2024-11-27,71573.20944560225,66264.94313013565,51196.5022467189,53982.121531474,52048.07507420799
2024-11-28,71133.7040819207,65858.03392269147,50882.12292080271,53650.6367183747,51728.466545519615
2024-11-29,71735.32938329678,66415.03935377579,51312.46705839504,54104.396028413415,52165.968777082446
2024-12-02,71748.33971378217,66427.08476596838,51321.7733815163,54114.20871177452,52175.42989616722
2024-12-03,71649.31388730914,66335.40324420237,51250.93995114787,54039.52121011253,52103.41826373551
2024-12-04,72652.95855988993,67264.61205943619,51968.84958706747,54796.49255608591,52833.26919079246
2024-12-05,72234.28362828375,66876.98838365311,51669.370323210904,54480.71852254445,52528.808563125785
2024-12-06,72971.72391426151,67559.73600655142,52196.86327134503,55036.91254329899,53065.075522014755
2024-12-09,71877.79845798327,66546.94213143563,51414.375556823055,54211.849403269385,52269.572362173494
2024-12-10,70713.52629452027,65469.01885123799,50581.56866030085,53333.72919725097,51422.913040338986
2024-12-11,72085.52133425171,66739.25912671049,51562.96026867191,54368.51866036219,52420.628545658845
2024-12-12,71979.22656212632,66640.84776463131,51486.92734263597,54288.34875668623,52343.33093217425
2024-12-13,72099.15800342677,66751.88442484045,51572.714613481454,54378.80374242564,52430.545138563975
2024-12-16,73389.181174887,67946.23232058962,52495.47153199268,55351.76818204757,53368.65065871199
2024-12-17,72986.3896725698,67573.31407085489,52207.35372627916,55047.97378749192,53075.740469071934
2024-12-18,70148.15355266367,64945.577288722474,50177.15607250577,52907.3123815473,51011.773688883346
2024-12-19,70802.86041195235,65551.72745487714,50645.469586069674,53228.27887987245,51392.656223315505
2024-12-20,71637.82114202142,66324.76286466932,51242.719160652356,53855.98688962336,51877.50499367015
2024-12-23,71399.25696629034,66103.8919318139,51072.073587351835,53676.638761557944,51704.74549288544
2024-12-24,72957.78023423413,67546.82646719729,52186.88932087698,54848.30768374852,52833.37136852753
2024-12-25,72545.97863426601,67165.56635864331,51892.32656895799,54538.722869254496,52535.15962481194
2024-12-26,72247.77498132816,66889.47914310292,51679.02072301552,54314.538887008304,52319.21138339705
2024-12-27,71012.39435129668,65745.72119474203,50795.349756031304,53385.80261398893,51424.59365519331
2024-12-30,69877.2664622388,64694.78068786116,49983.38983453814,52532.434494515415,50602.57531635647
2024-12-31,69781.89777345186,64606.485070159884,49915.17236423651,52460.73808092953,50533.512779976765
2025-01-02,69585.70806661395,64424.845880482186,49774.83735837732,52313.24629361799,50391.43932863585
2025-01-03,71067.32236617134,65796.57544328159,50834.63990745418,53427.09647806526,51464.37052613281
2025-01-06,71354.10338599354,66062.08719155332,51039.77511431957,53642.69313633209,51672.04691202429
2025-01-07,70078.76800158406,64881.337755076325,50127.52440795905,52683.91961910767,50748.49540363681
2025-01-08,69645.82259020777,64480.50197747846,49817.83743293134,52358.4392788726,50434.97208058469
2025-01-09,69544.68855678382,64386.86860508579,49745.49599666608,52282.40858598795,50361.73449127304
2025-01-10,68513.25140693509,63431.928556896644,49007.706329713765,51506.99324344706,49614.80521510404
2025-01-13,68703.40878627614,63607.98280995325,49143.7263960776,51649.95003869149,49752.51027423463
2025-01-14,68839.68704786412,63734.15391956188,49241.20658984859,51752.401511285454,49851.19803557851
2025-01-15,70663.81909998693,65422.99821803706,50546.01297520142,53123.75019718849,51172.16813397819
2025-01-16,70208.40196746269,65001.35734680934,50220.25191978596,52781.3760332687,50842.37160764484
2025-01-17,71956.8436940657,66620.12493425087,51470.91681909191,54095.822134560956,52108.52952474798
2025-01-20,71651.21908774633,66337.16714440472,51252.30274595922,53866.059217030976,51887.20729875385
2025-01-21,71952.92077992256,66616.49296518571,51468.11074843644,54092.87296037762,52105.68869298053
2025-01-22,72738.23466570214,67343.56361611189,52029.84780660555,54683.25739226783,52674.38445147327
2025-01-23,73258.36449884812,67825.1177350438,52401.89802452239,55074.281365753544,53051.04356234844
2025-01-24,73430.22798720551,67984.23487357039,52524.832423244654,55203.48515263912,53175.50085087783
2025-01-27,71004.73699138293,65738.6317471241,50789.8724266358,53380.0459526535,51419.04847360027
2025-01-28,72550.13696778164,67169.41628707414,51895.30103570088,54541.849027361095,52538.17093872804
2025-01-29,72092.0096627826,66745.26624479894,51567.60138688895,54197.43740597896,52206.41180404265
2025-01-30,72772.21385807579,67375.02272305552,52054.15321099044,54708.80231965148,52698.99094695209
2025-01-31,72716.23866556169,67323.19896138021,52014.114010687605,54666.72120682411,52658.45574804627
2025-02-03,72978.41379003179,67565.92972401774,52201.64855682485,54863.81960877376,52848.31343930616
2025-02-04,75193.56904996322,69616.79677973277,53786.15485632375,56529.132298851764,54452.448325416466
2025-02-05,73526.35901788578,68073.23629366055,52593.595198678704,55275.75468073851,53245.11544753445
2025-02-06,74260.50299957956,68752.93208448915,53118.73029181389,55827.67052662685,53776.755822258965
2025-02-07,73448.56160212794,68001.20876589148,52537.9465055226,55217.26802471927,53188.77738811091
2025-02-10,74459.92088619928,68937.56003422543,53261.374423039015,55977.58919969838,53921.167004006544
2025-02-11,73633.98682547969,68172.88182590195,52670.58164844072,55356.66727275111,53323.05559195678
2025-02-12,74488.46650745402,68963.98855383092,53281.793179917775,55999.049268968265,53941.83870487046
2025-02-13,75188.07227363919,69611.7076748382,53782.22299797056,56524.99992423564,54448.467759890416
2025-02-14,74559.52909879424,69029.78074912737,53332.6244357101,56052.47280874866,53993.29964935964
2025-02-17,74563.90977784825,69033.83653271783,53335.757946792924,56055.76612211218,53996.47197782912
2025-02-18,74171.52271215816,68670.55106886396,53055.08246156888,55760.7767948465,53712.3195338368
2025-02-19,73580.70315225494,68123.54996551239,52632.467698862456,55316.609594266796,53284.469493444405
2025-02-20,72610.70247937608,67225.48992429873,51938.62370314078,54587.38105704031,52582.03027978693
2025-02-21,70180.92144743116,64975.91493461094,50200.59503257309,52760.7166873681,50822.471214354824
2025-02-24,68096.22907125902,63045.83491136053,48709.40917200983,51193.4835765586,49312.81280443847
2025-02-25,66333.1041497135,61413.47311617883,47448.24134530009,49867.998921305385,48036.0218515058
2025-02-26,66793.73651139547,61839.94242623478,47777.73286765086,50214.29379789717,48369.59505714571
2025-02-27,64934.80749632099,60118.88190064117,46448.036124498874,48816.785399838605,47023.42626355245
2025-02-28,66445.32892030712,61517.37467513898,47528.51601461194,49952.36742494536,47898.518012203305
2025-03-03,65911.58073081035,61023.212212720726,47146.724551096224,49551.1054234265,47513.754362387466
2025-03-04,64401.86028118381,59625.461007880025,46066.81760001885,48416.12555600574,46643.10327735412
2025-03-05,65005.367799028056,60184.20905981632,46498.5080919299,48869.83132832918,46992.77595277767
2025-03-06,62248.52092876775,57631.825249011585,44526.528379403346,46797.28492009752,45398.42284999041
2025-03-07,62423.22770112367,57793.574797820256,44651.49658654005,46928.626235223164,45500.355063740484
2025-03-10,60067.75500032186,55612.79702116,42966.62085785921,45157.82549238989,44126.829878627366
2025-03-11,60965.76335798208,56028.50055891995,43287.79471087377,45495.37851651833,44456.67624984473
2025-03-12,61686.91390398314,56359.87493647374,43543.81559104897,45764.45590725862,44719.610350765564
2025-03-13,60655.54173495935,55888.721471497214,43179.80095089682,45381.87730860533,44345.766381223184
2025-03-14,62064.50636789629,56537.839669777335,43681.31170042496,45908.96402051294,44860.819207926535
2025-03-17,62516.97762929032,56743.929664920746,43840.537475034995,46076.30996488027,45024.34448704387
2025-03-18,61631.39504935412,56342.02735346899,43530.026492617144,45749.96359466225,44705.44891129157
2025-03-19,63075.72045850934,57002.21216386285,44040.0873412653,46286.03644223274,45229.282711731765
2025-03-20,62878.61514878333,56913.149061595024,43971.27690998794,46213.716827945194,45158.614222233926
2025-03-21,63784.68920325962,57323.20522775925,44288.08758605053,46546.68416254405,45483.97959952517
2025-03-24,65508.04790493972,58097.59517753739,44886.38368246147,47175.492064470585,46098.431225840184
2025-03-25,65917.57074740379,58460.79165611293,45166.99041738127,47470.40913531535,46386.61506267402
2025-03-26,64355.80697759533,57075.69895127544,44096.86346298451,46345.708023230756,45287.59193443186
2025-03-27,64407.08794051474,57098.43891009951,44114.43242627088,46364.17296560528,45305.63530481107
2025-03-28,62572.92562535134,56285.42431611345,43486.294808980856,45704.00168984622,44660.53635997623
2025-03-31,63056.49152995095,56502.912246022286,43654.32666362751,45880.602805265524,44833.10550588865
2025-04-01,63031.9748379409,56491.92793288025,43645.84014895035,45871.68349671441,44824.389833537774
2025-04-02,63816.517833076425,56843.49827837071,43917.46449709827,46157.16009851016,45103.34873610699
2025-04-03,61969.234986136944,56020.780094308,43281.829855775715,45489.1094667251,44450.55032835248
2025-04-04,57523.52885769373,54011.29970100357,41729.299021055034,43857.402920897286,42856.09717711028
2025-04-07,58482.23179007684,54461.383279266585,41903.16701095507,44113.23175420558,43213.22292069803
2025-04-08,57770.89249017915,54130.16710413502,41775.746388602354,43925.43426339309,42950.41434792441
2025-04-09,63389.62815593836,56762.48839424849,42791.51257326557,45420.68364802178,45039.07019651497
2025-04-10,60381.02431291798,55415.45540407045,41776.02539561661,44342.80350144729,43970.24613474608
2025-04-11,60505.061736212665,55472.3738679193,41797.47994447749,44374.68534682337,44015.40896606807
2025-04-14,60409.26564918603,55428.45988616193,41780.93572936822,44350.09529792417,43980.5647412476
2025-04-15,60893.30651144806,55650.525485112936,41948.3246219431,44527.777133141935,44156.766109128424
2025-04-16,60417.19135480097,55432.96414564242,41784.33095586828,44353.69930095107,43984.138715269255
2025-04-17,59987.12440651436,55235.67025304323,41635.61451194375,44195.83810552109,43827.59283911949
2025-04-18,59987.12440651436,55235.67025304323,41635.61451194375,44195.83810552109,43827.59283911949
2025-04-21,59333.667643746376,54934.821340631,41408.840232096154,43955.119204740484,43588.87963841259
2025-04-22,60495.691378590505,55472.75847482705,41814.32717646454,44385.54002492717,44015.71413833953
2025-04-23,61942.2639669409,56135.990599142155,42314.259139513364,44916.21340063399,44541.96587691973
2025-04-24,64086.69293512082,57107.69906351571,43046.71479462369,45693.708627549466,45312.98291608645
2025-04-25,63426.42713209749,56813.5173929218,42824.9661568826,45458.32440160239,45079.55994103326
2025-04-28,64585.32524832587,57332.55244865526,43216.2050682546,45873.62106025065,45491.396295832674
2025-04-29,63933.48205567953,57043.23104408694,42998.12000808468,45642.12568962899,45261.82977367457
2025-04-30,63145.46874880761,56691.68734832387,42733.132949290215,45360.844260549115,44982.89201674178
2025-05-01,61836.09270210862,56103.91170161726,42290.078666909416,44890.54604193047,44516.512381868284
2025-05-02,63432.84808306032,56828.28010029312,42836.09400941792,45470.13651906187,45091.273638448525
2025-05-05,62403.07673305057,56367.00383345276,42488.39259216907,45101.05452697592,44725.266883813114
2025-05-06,61744.12400460579,56069.39678493171,42264.06196865179,44862.92954586784,44489.12598991468
2025-05-07,61101.9352611548,55777.813285709315,42044.27178386628,44629.624200484344,44257.764573931476
2025-05-08,61049.13016738308,55753.71132684054,42026.10417833446,44610.33944722055,44238.64050365068
2025-05-09,61375.42419266646,55902.70692140056,42138.4142690903,44729.555619405,44356.86335173569
2025-05-12,61427.95222872827,55926.62903227593,42156.44630857052,44748.696470498995,44375.8447188576
2025-05-13,64036.2688488207,58301.351788252934,43946.467879552576,46648.78860277242,46260.10504516399
2025-05-14,63999.02620399267,58267.44449514112,43920.909196573266,46621.658285893835,46233.20078148848
2025-05-15,64815.56411026931,59010.85544924694,44481.27846098716,47216.48532470797,46823.07164680845
2025-05-16,64976.21146398588,59157.11565539656,44591.526667151506,47333.51282455827,46939.1240588517
2025-05-19,64920.58326098697,59106.469365556586,44553.35044170557,47292.98909747831,46898.9379805485
2025-05-20,64591.91045655285,58807.23161890112,44327.79062845276,47053.55934229185,46661.50318411297
2025-05-21,63384.17629339285,57707.658898958376,43498.953290449004,46173.75580785099,45789.0302830713
2025-05-22,62832.72927556534,57205.59800195569,43120.50918226019,45772.04072009352,45470.33592526269
2025-05-23,63367.85394769441,57692.79833890889,43487.751678396184,46161.86539531329,45780.140052941315
2025-05-26,62808.447713775335,57183.49103193174,43103.84536198376,45754.352221633984,45456.82538608903
2025-05-27,63148.54802389984,57493.13286741522,43337.24758268462,46002.10662325584,45653.74004930806
2025-05-28,63215.6427956305,57554.218810743,43383.29302355358,46050.9834532005,45702.24674286021
2025-05-29,63027.0058762419,57382.475709603066,43253.83628805296,45913.56626863574,45565.87019659014
2025-05-30,62895.694912510895,57262.924604772,43163.720902606925,45817.90958066138,45470.93790136887
2025-06-02,64028.81401466208,58294.56458911381,43941.3518158626,46643.3579462244,46290.13527887526
2025-06-03,64325.04077544299,58564.26207305305,44144.64473192016,46859.15158615018,46504.29474818281
2025-06-04,64312.05685618363,58552.4409588948,44135.73419729752,46849.69313212634,46494.90792151399
2025-06-05,62207.94604751108,56636.768689676646,42691.73629219393,45316.90207363572,44973.72444382389
2025-06-06,62970.65966235176,57331.17571200794,43215.16730993522,45872.519488934486,45525.13425756696
2025-06-09,64373.75995160019,58608.618090026466,44178.07946740052,46894.6422633916,46539.51666021876
2025-06-10,64392.19169977975,58625.399140109614,44190.728708899114,46908.069321836214,46552.842037703704
2025-06-11,64542.95276901973,58762.65845099301,44294.19220866178,47017.89491559632,46661.83593986013
2025-06-12,63829.58935091766,58113.18195370009,43804.628979828405,46498.22785993826,46146.10423945125
2025-06-13,63350.47905099752,57676.97949151472,43475.82772727712,46149.20822621865,45799.727675429196
2025-06-16,64536.00948432936,58756.33698831916,44289.42720840318,47012.836909788784,46485.3985251012
2025-06-17,63793.12077120557,58079.979402501594,43779.601518114265,46471.66142975399,45950.294508517334
2025-06-18,65342.74063248495,59490.819451346455,44843.06634333706,47600.5199754344,46843.24958757564
2025-06-19,65482.72884444096,59618.27069324694,44939.136704256496,47702.497817426294,46923.53397954941
2025-06-20,65561.53911071602,59690.022922744814,44993.22219202301,47759.90908634131,46968.71299114839
2025-06-23,67457.98535001493,61416.62850630718,46294.70516782544,49141.42180255583,48055.61412647838
2025-06-24,68317.58236336002,62199.24230895516,46884.62480579675,49767.61630264104,48667.97250278106
2025-06-25,68293.05318114442,62176.909894729,46867.79104989985,49749.74741901705,48650.49844230809
2025-06-26,68964.13312266469,62787.88971057336,47328.33620071521,50238.61204043099,49128.5613217491
2025-06-27,68383.74037874237,62259.475389329105,46930.027374532285,49815.810729478064,48715.1020463346
2025-06-30,68875.88037786206,62707.54064568385,47267.77057931856,50174.32216674032,49065.69196939842
2025-07-01,66306.0931654601,60367.89670663882,45504.190764046616,48302.29772527171,47235.03097314143
2025-07-02,67613.67349628593,61558.37363837344,46401.54999564449,49254.83664626728,48166.52300468527
2025-07-03,67924.51655132779,61841.37842033092,46614.87370390471,49481.277883771625,48387.96089420243
2025-07-04,68057.49944239396,61962.451719154305,46706.1364906946,49578.152528166924,48482.69503820839
2025-07-07,67626.80705061596,61570.330986685425,46410.56322102262,49264.40410562365,48175.87906558329
2025-07-08,68777.85446724719,62618.29367358724,47200.49788199184,50102.912791021336,48995.860424467704
2025-07-09,69923.57161044492,63661.40345209573,47986.77451143539,50937.53850817207,49812.04461149797
2025-07-10,70634.27757024152,64308.46048594527,48474.51399400493,51455.269673233415,50318.33621187951
2025-07-11,70647.29500006718,64320.31210955308,48483.44752607967,51464.75253885012,50327.60954818469
2025-07-14,70597.18490657915,64274.689742086826,48449.05823929732,51428.24861380872,50291.912198137725
2025-07-15,72022.41768793833,65572.28248538582,49427.15936500088,52466.494344276354,51307.21729843138
2025-07-16,72586.41973255762,66085.77401454208,49814.219669785016,52877.355448834,51709.000193104854
2025-07-17,72966.18749920408,66431.53079517784,50074.84466025751,53154.00658080831,51979.538560904366
2025-07-18,72307.8436258594,65832.14643928847,49623.03995014946,52674.41986022517,51510.54858179619
2025-07-21,72000.1021695379,65551.96548516094,49411.84479046007,52450.23805828192,51291.32020432578
2025-07-22,70165.80777449175,63881.945592820266,48153.015049710375,51114.00137541444,49984.60843128169
2025-07-23,70866.1351820422,64519.553549819546,48633.63199498782,51624.172029870824,50483.506574841995
2025-07-24,71499.46659104344,65096.16549081041,49068.271284926675,52085.53780812601,50934.678213710635
2025-07-25,72329.33839013944,65851.71618993797,49637.79126194499,52690.07824777633,51525.860988364824
2025-07-28,73499.8975939081,66917.4432404788,50441.11636776869,53542.800772452894,52359.74212366161
2025-07-29,73540.40760559766,66954.32528381013,50468.91736179161,53572.31128275548,52388.60058244765
2025-07-30,74527.16435993431,67852.71074096151,51146.10350628362,54291.13841092686,53091.54481621119
2025-07-31,74243.01975794282,67594.01336996777,50951.10226949941,54084.14631552211,52889.126328932405
2025-08-01,70829.15814818226,64485.888080267556,48608.25559408223,51597.235203808064,50457.16493327809
2025-08-04,71765.49098177737,65338.365448229095,49250.8370801039,52279.32979178808,50990.783589236824
2025-08-05,71268.65856770663,64886.028017062876,48909.873589897645,51917.40004991465,50637.77445128734
2025-08-06,70532.81718940318,64216.086625597614,48404.88430683366,51381.35837355327,50114.944774185235
2025-08-07,71368.40084725276,64976.83764467734,48978.324187708946,51990.05975662384,50708.643289798114
2025-08-08,71747.8341868915,65322.28994869421,49238.719669404345,52266.46726705263,50978.23809146919
2025-08-11,72200.21622409389,65734.15785992259,49549.17799286064,52596.01604309026,51299.66436812495
2025-08-12,73732.41189647531,67129.13418364999,50600.68503897642,53712.18151156476,52388.31933136632
2025-08-13,73518.79346012362,66934.64684342724,50454.08412170916,53556.56592904932,52236.53925838604
2025-08-14,73178.53392089247,66624.86003897026,50220.57262610913,53308.69553308444,51994.77820733276
2025-08-15,72727.15056490153,66213.90136973363,49910.799672249945,52979.874270837856,51674.06151319126
2025-08-18,72642.80386216722,66137.10853222616,49852.91466849979,52918.42984916983,51614.13153282391
2025-08-19,69939.39738048868,63675.811908478754,47997.635336205465,50949.06717801056,49693.3084049502
2025-08-20,69311.31249389342,63103.97662537186,47566.59660158532,50491.523357514874,49247.041820692015
2025-08-21,68787.33914937839,62626.928932940595,47207.00697888519,50109.82214004584,48874.74852134737
2025-08-22,70725.83627410025,64391.8194370351,48537.348411289924,51521.96785377753,50252.08860531822
2025-08-25,69469.6616755561,63248.14447761344,47675.26763053177,50606.876697639105,49359.55200829382
2025-08-26,70303.59937801413,64007.396948666625,48247.577933949695,51214.37904418726,49952.08104044021
2025-08-27,70247.48374701933,63956.30688357912,48209.067199027326,51173.50023824422,49912.209788158856
2025-08-28,70716.41111293556,64383.23836810961,48530.880162126916,51515.101864259064,50245.39184414976
2025-08-29,68721.04885263233,62566.575417968284,47161.51362880332,50061.531349609235,48827.64797024402
2025-09-01,68848.86526675796,62682.944935715226,47249.23079344813,50154.64234732503,48918.46402992216
2025-09-02,68402.71066072847,62276.74674357065,46943.04619812953,49829.6300960654,48601.46246479432
2025-09-03,69728.27722670512,63483.59911131559,47852.748926928885,50795.27153062699,49543.30341054923
2025-09-04,70567.87527564332,64248.00500334905,48428.94378263647,51406.89729521805,50139.85422946893
2025-09-05,70751.243467226,64414.95122986133,48554.78472381535,51540.4763459558,50270.140912472554
2025-09-08,70745.53324676554,64409.75240148113,48550.86594427741,51536.31659599028,50266.083689261744
2025-09-09,71184.97729755228,64809.841017772276,48852.445255657214,51856.44037890919,50578.317273770124
2025-09-10,72817.57644821609,66296.22895265908,49972.85666351446,53045.747220508296,51738.310870143745
2025-09-11,73207.28693743114,66651.03801220842,50240.30509242038,53329.64137228336,52015.207787397
2025-09-12,73803.68968411433,67194.02852316316,50649.60117761651,53764.10556191032,52438.96359220115
2025-09-15,75064.79472966198,68342.19237193443,51515.06559915771,54682.788422939084,53335.00336815897
2025-09-16,75224.49745691774,68487.59254984396,51624.66553212993,54799.1277865055,53448.47527635196
2025-09-17,73966.68868859056,67342.42977251668,50761.46326207874,53882.84617935985,52554.77756976619
2025-09-18,77621.43008627638,70669.86230023955,53269.619629225184,56545.232072906285,55151.54274387115
2025-09-19,77868.60915418534,70894.90467156937,53439.2523571095,56725.2957195428,55327.168301323756
2025-09-22,77654.37297386886,70699.85491087999,53292.227497820095,56569.230126304654,55174.94930918622
2025-09-23,77194.2740763881,70280.96124075157,52976.47328879066,56234.05981437379,54848.040052520715
2025-09-24,77335.99688097952,70409.99172980785,53073.73405666083,56337.30126285957,54948.736874345785
2025-09-25,77894.34474219654,70918.33544911297,53456.91403871943,56744.04343901936,55345.45393946082
2025-09-26,78608.15858418951,71568.22203153717,53946.786382050086,57264.03861699382,55852.632621611934
2025-09-29,79165.04705672503,72075.23706110995,54328.96482265462,57669.717665721044,56248.312762553345
2025-09-30,79566.25036471743,72440.50967330878,54604.30048172438,57961.98404284954,56533.37555210942
2025-10-01,82216.35359315046,74853.27674068461,56422.999142647,59892.51665352605,58416.32567704452
2025-10-02,82682.25896409701,75277.45687203672,56742.738187211755,60231.91683328188,58747.36054656184
2025-10-03,81878.59475458943,74545.76668083045,56191.20381451975,59646.467954218664,58176.34142267928
2025-10-06,84658.89652298894,77077.07205497152,58099.25443266071,61671.84688052961,60151.8001542475
2025-10-07,84501.95054723017,76934.18174126407,57991.546388352384,61557.51574011742,60040.28697185808
2025-10-08,86612.67363108599,78855.87410797556,59440.08213028151,63095.1236724321,61539.99696496643
2025-10-09,86415.78475632396,78676.61807452686,59304.9622870096,62951.69514884503,61400.10357237935
2025-10-10,83014.5596443135,75579.9975916173,56970.787719641,60473.98940344635,58983.46667277476
2025-10-13,85568.86193186928,77905.54339429206,58723.74062356092,62334.73347210959,60435.37202042237
2025-10-14,84355.01976079318,76800.40968329467,57890.71151457303,61450.48040968741,59578.06246263638
2025-10-15,86466.7652401697,78723.03288251703,59339.94890062849,62988.83313106257,60771.245317027315
2025-10-16,86459.56227288842,78716.47499373097,59335.00568679117,62983.58595311081,60767.195360580394
2025-10-17,86820.08548632287,79044.71071189712,59582.42362827734,63154.29673087708,60969.90732410987
2025-10-20,89085.47685977022,81107.21968963342,61137.104296241545,64802.17807318239,62242.614682719235
2025-10-21,87481.33776219939,79646.74300156214,60036.22430130989,63635.30204446033,61121.828048723284
2025-10-22,87104.77253344985,79303.90194809006,59777.79713140612,63361.38256993131,60858.72787502313
2025-10-23,88489.93713836778,80565.01491372226,60728.40048341638,64368.97310603918,61826.520491902316
2025-10-24,90716.10922137622,82591.8169758329,62256.16594662993,65988.3257191676,63381.91174156956
2025-10-27,92893.8436959118,84574.51937220534,63750.68990712665,67572.44405348491,64903.46039975499
2025-10-28,94028.79829512314,85607.83047139712,64529.58047548165,68398.02789313637,65696.43524022523
2025-10-29,95187.5915071205,86662.84526093761,65324.83087944118,69240.95231494815,66506.06574267891
2025-10-30,94099.84902082356,85672.51808403192,64578.34078726971,68449.71130934927,65746.07725931282
2025-10-31,94206.2139319098,85769.35723800896,64651.336329211714,68527.08281985708,65820.39274158748
2025-11-03,94855.25395482108,86360.27097143928,65096.75604263618,68999.20474841254,66273.86674749442
2025-11-04,92365.47616371916,84093.4710237986,63388.08466482372,67188.10119406314,64534.298355880055
2025-11-05,94694.27658916274,86213.71030833523,64986.281357642576,68882.10727884897,66161.39440636206
2025-11-06,93131.0156327452,84790.4508243683,63913.45499465208,67744.96665342375,65069.1686835094
2025-11-07,91968.4210336276,83731.97508977643,63115.59579508375,66899.27704278688,64256.88221195585
2025-11-10,94358.5176232128,85908.02101784702,64755.85849138804,68637.87092217091,65926.80492353548
2025-11-11,93658.46427544935,85270.6625765728,64275.429626394514,68128.64109816826,65437.6887138218
2025-11-12,94643.72713417425,86167.68792741,64951.59054820104,68845.3368096419,66126.07630109755
2025-11-13,91419.42474719476,83232.14544321582,62738.83356172075,66499.92850283418,63873.3071835315
2025-11-14,91282.18783060544,83107.19909802357,62644.65134506132,66400.10020959808,63796.598971862295
2025-11-17,91021.97791764444,82870.29288929138,62466.0758785725,66210.81942320628,63614.73975200571
2025-11-18,89836.86122360762,81791.31207839666,61652.76033623559,65348.746886227396,62952.12272880613
2025-11-19,90323.9906698779,82234.81551362129,61987.06492562758,65703.09251286177,63225.202907866194
2025-11-20,87670.85704327337,79819.28944243355,60166.28657926577,63773.16135254696,61739.48545327021
2025-11-21,88914.69998586392,80951.73713604466,61019.90445717201,64361.275459990145,62440.23574453123
2025-11-24,93144.38694339016,84802.6246361752,63922.6313861616,67422.95195922093,64816.4696027841
2025-11-25,93584.3693405069,85203.2033859381,64224.58015097968,67741.43504765152,65061.40636476685
2025-11-26,94717.75735885972,86235.08820306536,65002.395614607034,68561.8426795038,65849.35652087365
2025-11-27,94483.02275572855,86021.37580351357,64841.30320741078,68391.92906055757,65686.16512994148
2025-11-28,96249.09553209058,87629.28382297394,66053.3141807949,69670.30818639275,66913.9682276422
2025-12-01,95331.89948473783,86794.2294018341,65423.86578602039,69006.39201208334,66276.3183169413
2025-12-02,95501.26840158686,86948.43009123596,65540.09937985567,69128.99040710028,66394.06639818958
2025-12-03,95923.24066552705,87332.61164720611,65829.68824686305,69434.43678571089,66687.42851765828
2025-12-04,94260.798908455,85819.05372996772,64688.79661479009,68231.07140428224,65531.67142406633
2025-12-05,95742.3481744374,87167.91940406857,65705.54631616919,69303.49700354309,66561.66905639294
2025-12-08,94801.69208395678,86311.50595855154,65059.997888549115,68622.59917942439,65907.70933444862
2025-12-09,95549.64721815789,86992.47623031795,65573.30053518075,69164.0096147257,66427.70015419557
2025-12-10,96358.22527009794,87728.6401933638,66128.20715335966,69749.30220121691,66989.83703224079
2025-12-11,95313.29859803256,86777.2943608195,65411.10046903955,68992.92768286412,66263.38667186844
2025-12-12,92671.78557928506,84372.34818691255,63598.29705124728,67080.85749584457,64426.96299191353
2025-12-15,92075.04771361254,83829.05256932935,63188.770982384616,66648.90630941463,64012.10092632115
2025-12-16,91780.98910276924,83561.32906161508,62986.96601266285,66436.05076070473,63807.66650089351
2025-12-17,89097.09063431229,81117.79336557268,61145.07453528026,64493.29968959426,61941.77575301975
2025-12-18,91220.54922414676,83051.0806803911,62602.35033209519,66030.37402319653,63418.03939817289
2025-12-19,93046.2087451934,84713.23901496548,63855.25417772819,67351.88526204588,64687.2681894718
2025-12-22,93856.20678346515,85450.69579416298,64411.1352965274,67938.20571155027,65250.392265575945
2025-12-23,93508.33523411924,85133.97869086919,64172.399871363385,67686.39744344943,65008.54619240976
2025-12-24,93892.48126654858,85483.72163150801,64436.02955464598,67964.46314702801,65275.61088810014
2025-12-25,93892.48126654858,85483.72163150801,64436.02955464598,67964.46314702801,65275.61088810014
2025-12-26,93537.38671566296,85160.42839938436,64192.33716664098,67707.42647921578,65028.74326441584
2025-12-29,93227.15883624754,84877.98369956866,63979.43563781741,67482.86673818759,64813.067695188176
2025-12-30,95109.13637680768,86591.41636237454,65270.98911248223,68845.14400973845,66121.44970810995
2025-12-31,93721.21210771435,85327.79088071354,64318.491872910716,67840.48925394527,65156.54172709396
2026-01-02,95114.02793686996,86595.86984739342,65274.346066143364,68848.68478583786,66124.85040182847
2026-01-05,95606.15412384205,87043.92252857957,65612.0797920029,69204.91237346758,66466.98469261837
2026-01-06,96484.3103632072,87843.43344257656,66214.73615628295,69840.56942036394,67077.49348103804
2026-01-07,96350.72652352371,87721.8130144876,66123.0609536921,69743.8742023152,66984.62377919938
2026-01-08,96053.87251725796,87451.54445949245,65919.33757496007,69528.99519500021,66778.24594849141
2026-01-09,96969.4312057909,88285.10815929151,66547.66229188647,70191.72616031668,67414.75754017291
2026-01-12,98047.78869606424,89266.89083533014,67287.711699213,70972.29971549778,68164.44956006449
2026-01-13,97247.66987971112,88538.42852134471,66738.61043996099,70393.13038187566,67608.19368295923
2026-01-14,97955.02107663844,89182.43123591981,67224.04763382245,70905.14948827348,68099.95597179235
2026-01-15,97216.36317837026,88509.92556448893,66717.12544451038,70370.46889587768,67586.42874473041
2026-01-16,97403.54947540344,88680.3479571339,66845.5866546643,70505.96447565925,67716.56376431772
2026-01-19,97388.03701880794,88666.22475468421,66834.9408489707,70494.7357194225,67705.77924710198
2026-01-20,97179.291250561,88476.17369943604,66691.68392029307,70343.63422671787,67560.65572540122
2026-01-21,99066.5962753049,90194.45673118327,67986.89351229218,71709.76781985688,68610.32434005933
2026-01-22,101403.2447725808,92321.84123521787,69590.47613784722,73401.16055480685,70228.61160634724
2026-01-23,100885.0079895347,91850.01635314498,69234.82337185135,73026.03270359179,69869.69755149337
2026-01-26,101756.61813300168,92643.56742209384,69832.98731647145,73656.95133174123,70473.34658042708
2026-01-27,102207.10649605672,93053.71125156945,70142.14605936837,73983.0392073199,70785.34026813525
2026-01-28,103064.13631678696,93833.98777251072,70730.30389813092,74603.40380820385,71378.89143654318
2026-01-29,103587.47423395506,94310.45694476967,71089.45744315206,74982.22413657328,71741.33837210329
2026-01-30,99362.17169369048,90463.56120521098,68189.73942857649,71923.72131601605,68815.03032658609
2026-02-02,100478.36275211904,91479.78917617504,68955.75305458084,72731.68085688971,69588.06819629786
2026-02-03,102084.25298743376,92941.86017477489,70057.8348109517,73894.11118404631,70700.2558967139
2026-02-04,102661.0785546401,93467.02678611432,70453.69557418862,74311.64877039856,71099.7466508293
2026-02-05,101555.62237654458,92460.57230829644,69695.04902440883,73511.45971730986,70334.14341245739
2026-02-06,103613.23261430683,94333.90847343276,71107.13476656747,75000.86944734288,71474.17091788191
2026-02-09,103005.67645765014,93780.76342208717,70690.18437886497,74561.08739598116,71138.88885795632
2026-02-10,100089.97898073394,91126.18801715328,68689.21511848699,72450.54764833947,69125.21848670213
2026-02-11,101369.18167883145,92290.8287410895,69567.09950016602,73376.50384269773,70008.67522128482
2026-02-12,99612.45603618576,90691.43075103598,68361.50322768524,72104.89067848616,68795.42645147092
2026-02-13,100123.70137862104,91156.89032723011,68712.35794523516,72474.95774633146,69077.89185994463
2026-02-16,100043.16552448818,91083.56704891026,68657.0882302685,72416.66153329723,69033.44087025059
2026-02-17,98595.50969813755,89765.55940858947,67663.59873725072,71368.76984130676,68234.29252371502
2026-02-18,100260.08196136514,91281.05702954726,68805.95248168618,72573.67739847877,69155.88346499563
2026-02-19,99532.02715157834,90618.20486233683,68306.30692319204,72046.67189578789,68653.69682603847
2026-02-20,100209.72279110589,91235.20789195961,68771.39225983027,72537.2247035981,69027.65734755462
2026-02-23,101020.19348976023,91973.09500133932,69327.5977534673,73123.88729028664,69585.93544790987
2026-02-24,100669.25128768168,91653.58224476335,69086.7550171793,72869.85631743171,69392.54329074865
2026-02-25,101616.08116966712,92515.6165735214,69736.5403613927,73555.22306621344,70045.20468173179
2026-02-26,100203.2889770008,91229.35027304733,68766.97689631839,72532.56756049418,69071.34978426892
2026-02-27,101332.10737268216,92257.07471069437,69541.65634375425,73349.6674519666,69849.4580783881
2026-03-02,101710.91792171054,92601.95999956316,69801.62442004259,73623.87104369036,70110.57681212462
2026-03-03,99839.8518847912,90898.46163529993,68517.55923370074,72269.49210944053,69078.77789194997
2026-03-04,101593.00933197315,92494.61098793718,69720.70674409476,73538.5224205224,70049.1797634852
2026-03-05,100717.34883326816,91697.37230273828,69119.76314335839,72904.67192588489,69566.15991722682
2026-03-06,100722.2841829925,91701.86565573416,69123.15014875447,72908.24439931338,69568.88702100505
2026-03-09,101180.24287597924,92118.810792362,69280.29286922603,73123.71634754742,69821.93669581028
2026-03-10,102732.1289791343,93531.71412451813,70342.90272931551,73852.7301291949,70678.67069979101
2026-03-11,102432.82707273174,93259.21689677886,70137.96426363796,73637.56605987837,70513.93734057684
2026-03-12,102739.66777156056,93538.5777628469,70348.06470296103,73858.14966452519,70682.91868321139
2026-03-13,103983.98539396824,94671.45762521958,71200.07579576311,74439.58962307869,71367.77198849003
2026-03-16,104553.04426697856,95189.55310673377,71589.72267010706,74704.38357891284,71680.22367029975
2026-03-17,104839.9341947085,95450.74993943148,71786.16238649245,74909.36981682034,71837.57410869293
2026-03-18,103669.49848075164,94385.135319285,70984.73982866241,74073.07969114385,71195.97689300083
2026-03-19,103117.2046473626,93882.3034452588,70606.57233825658,73816.5763924253,70892.54261714261
2026-03-20,100703.87952861466,91685.10927300432,68954.11661900657,72088.99467027694,69565.22382943935
2026-03-23,100597.96534335536,91636.89487602915,68917.85575638557,72051.08527109388,69528.64160421245
2026-03-24,99300.65074581832,90455.1425315371,68029.08887130447,71447.12274718497,68811.32672499238
2026-03-25,100942.22301807822,91202.81464016798,68591.39468279453,72037.68088932014,69380.09825428632
2026-03-26,99277.03814169798,89698.29509342767,67459.88252008773,71265.24459305196,68464.47989851366
2026-03-27,100918.6886657322,90439.92304638354,68017.64267068933,71854.46758117448,69030.54608766962
2026-03-30,100048.91963576533,90050.19422024471,67724.53720197742,71544.82824978231,68733.07575832543
2026-03-31,101719.29664733054,90801.91535256722,68289.8881846413,72142.0702631888,69306.84582050527
2026-04-01,102782.98273398502,91276.67647059269,68646.94434957448,72519.26770227184,69669.21918543708
2026-04-02,103284.35679125898,91499.29969283848,68814.37380186564,72696.14172611939,69839.1419594264
2026-04-03,103284.35679125898,91499.29969283848,68814.37380186564,72696.14172611939,69839.1419594264
2026-04-06,104335.2173234784,91964.77677843069,69164.44767425237,73065.96300669822,70194.42905308357
2026-04-07,104034.14432690215,91699.40031557917,68964.8645607839,72855.1215574304,70032.38484488531
2026-04-08,105124.60186757612,92660.56843203136,69687.73547098775,73351.4924477325,70619.6331383342
2026-04-09,106659.63919849123,94013.6050107207,70705.32101761037,74422.57644886331,71444.58768740865
2026-04-10,105870.03942276404,93317.62364429563,70181.89054252385,73871.62718525568,70915.68443179275
2026-04-13,106912.4908119653,94236.4774289485,70872.93788407318,74599.00558996486,71613.95708905395
2026-04-14,107249.38104158784,94533.4244767513,71096.26445832523,74834.07331621414,71839.61867700014
2026-04-15,107168.4277892881,94462.06939676759,71042.60005692385,74777.5875672154,71785.39318199591
2026-04-16,107970.03198894612,95168.63189002092,71573.98833736243,75336.9130091453,72322.33744660649
2026-04-17,107506.21741490012,94759.80920423038,71266.52284622627,75013.28285387355,72011.65721877954
2026-04-20,106701.5397099826,94050.53761396871,70733.09712053048,74451.81285021572,71472.65420619579
2026-04-21,105687.88146545592,93157.06313259114,70061.13692902797,73744.52508172893,70793.6682666186
2026-04-22,107422.39188629275,94685.92239760389,71210.95439545902,74954.79295218225,71955.50776642776
2026-04-23,107903.29928060628,95109.8113039932,71529.75082070664,75290.34975311534,72277.63740009937
2026-04-24,111327.72937104772,98128.22595764171,73799.82627442572,77679.77195737937,74571.44785843632
2026-04-27,111218.80370346567,98032.21499450193,73727.61878946402,77603.76824234916,74498.48540077703
2026-04-28,110134.41886471264,97076.39957382139,73008.77351015477,76847.13045350478,73772.12416159254
2026-04-29,112147.65247592014,98850.93538643686,74343.35826811525,78251.87955509024,75120.66280612591
