,Stocks+Gold+BTC+BIL one-model Static Copula [mean_variance] PIT reselect,Stocks+Gold+BTC+BIL one-model Dynamic HMM Copula [mean_variance] PIT reselect
2017-12-29,10000.0,10000.0
2018-01-02,10037.909565840522,10038.156856572938
2018-01-03,10092.695223930945,10085.74788865292
2018-01-04,10061.749730636555,10057.18476825862
2018-01-05,10285.455926870409,10288.15979439416
2018-01-08,10090.645610327045,10099.165625424908
2018-01-09,10021.87791758918,10032.100799965998
2018-01-10,9988.349575470129,9990.945390145549
2018-01-11,9942.732365482989,9939.812774658512
2018-01-12,10047.526090368365,10047.332507539957
2018-01-15,10051.700143829054,10054.086608490868
2018-01-16,9882.501952746547,9878.095292993423
2018-01-17,9930.790076877402,9926.581784925078
2018-01-18,9996.165206103995,9995.308536051614
2018-01-19,10022.172606538004,10016.279504457221
2018-01-22,10016.438505081382,10015.510265340692
2018-01-23,10048.626478446671,10048.9317894318
2018-01-24,10088.804613560844,10088.980194692525
2018-01-25,10038.34582080696,10039.282831797276
2018-01-26,10134.16266770332,10140.285007505887
2018-01-29,10166.511442650617,10172.696512439721
2018-01-30,10020.646640705267,10023.868208666256
2018-01-31,10073.297366804512,10084.793609827871
2018-02-01,9930.535718453188,9941.869033435798
2018-02-02,9860.806056308178,9872.059791674226
2018-02-05,9467.352613656138,9478.15731667157
2018-02-06,9641.726931041592,9652.730640346297
2018-02-07,9574.605245370773,9585.532351435988
2018-02-08,9498.863380939994,9509.70404590764
2018-02-09,9579.633461859712,9590.566306423118
2018-02-12,9758.811359797943,9769.94869278099
2018-02-13,9722.55709087716,9733.653048343236
2018-02-14,9785.681318032408,9796.84931660177
2018-02-15,10040.257081928874,10051.715617424034
2018-02-16,10025.040226847355,10036.481395967065
2018-02-19,10135.088934234725,10146.655697451233
2018-02-20,10147.500873933717,10159.08180239026
2018-02-21,10152.169701196473,10163.75595799496
2018-02-22,10102.611500045608,10114.141198092428
2018-02-23,10265.134321984133,10276.849500692331
2018-02-26,10537.101577046285,10549.127140879109
2018-02-27,10494.415520702358,10506.392368681814
2018-02-28,10498.920353008609,10510.902342169256
2018-03-01,10380.913914419596,10392.761227649718
2018-03-02,10342.345354131001,10354.1486506379
2018-03-05,10431.732762402567,10443.638073109118
2018-03-06,10472.079141384731,10484.030497766396
2018-03-07,10256.094478786832,10267.799340691055
2018-03-08,10257.701563163428,10269.408259167438
2018-03-09,10414.012160245953,10425.897247152738
2018-03-12,10470.36633107878,10482.31573269997
2018-03-13,10483.510825249286,10495.475228145026
2018-03-14,10464.59989695345,10476.542717578799
2018-03-15,10457.620037562649,10469.55489235944
2018-03-16,10453.850895689742,10465.781448918793
2018-03-19,10258.100139108139,10269.8072899906
2018-03-20,10347.23413081986,10359.043006688
2018-03-21,10319.128390142689,10330.905190076463
2018-03-22,10155.602219857377,10167.19239404927
2018-03-23,10063.124645762397,10074.609279074544
2018-03-26,10312.81467432083,10324.584268668508
2018-03-27,10051.153318907729,10062.624289833291
2018-03-28,9885.455246658357,9896.737113138997
2018-03-29,9940.233732656381,9951.578115586657
2018-03-30,9981.635934218457,9993.02756779105
2018-04-02,9912.418699869026,9923.731338637981
2018-04-03,9929.221009418407,9940.552823977265
2018-04-04,9880.706540261328,9891.982987237232
2018-04-05,9919.207982779422,9930.528369879778
2018-04-06,9848.440731345132,9859.680354670632
2018-04-09,9981.281078455113,9992.672307045312
2018-04-10,10015.070649859339,10026.500441107857
2018-04-11,10020.739951092299,10032.176212482855
2018-04-12,10119.995636187741,10131.545174039398
2018-04-13,10116.030706532327,10127.575719371642
2018-04-16,10096.71176468497,10108.234729604688
2018-04-17,10183.617433267695,10195.239580078878
2018-04-18,10326.28860932574,10338.073580925338
2018-04-19,10503.448758929246,10515.435916174689
2018-04-20,10565.212438287137,10577.270083898213
2018-04-23,10410.13456235419,10422.015223916811
2018-04-24,10336.284822218833,10348.081202088095
2018-04-25,10301.649928048082,10313.406780526662
2018-04-26,10333.559054716921,10345.352323779018
2018-04-27,10290.50731222421,10302.251448090265
2018-04-30,10196.442375645578,10208.079159039895
2018-05-01,10261.784596916934,10273.49595272067
2018-05-02,10294.449862026062,10306.198497363246
2018-05-03,10310.304626417133,10322.071356149614
2018-05-04,10373.996909336278,10385.8363284709
2018-05-07,10482.84318119071,10494.806822131544
2018-05-08,10347.162845877016,10358.97164039056
2018-05-09,10386.475033728613,10398.328693637155
2018-05-10,10351.169312889488,10362.982679820261
2018-05-11,10335.124195005048,10346.91925029785
2018-05-14,10348.148288668048,10359.958207827216
2018-05-15,10294.374911888151,10306.1234616878
2018-05-16,10267.175693288804,10278.893201730723
2018-05-17,10180.377564307742,10191.996013588754
2018-05-18,10203.795817294313,10215.440992871361
2018-05-21,10313.871608172458,10325.642408755582
2018-05-22,10272.400311189449,10284.123782274473
2018-05-23,10263.70152486198,10275.41506837731
2018-05-24,10150.906111789851,10162.490926505328
2018-05-25,10217.71453796288,10229.37559840757
2018-05-28,10097.93144810253,10109.455804997135
2018-05-29,10083.660234674438,10095.168304415805
2018-05-30,10155.603165086604,10167.193340357244
2018-05-31,10170.268279966975,10181.875191934496
2018-06-01,9935.146261604918,9946.484838412185
2018-06-04,10027.772281491674,10039.216568593805
2018-06-05,10012.256180375623,10023.682759585026
2018-06-06,10069.882081843054,10081.374427141114
2018-06-07,9925.72845857873,9937.056287231904
2018-06-08,9955.357523386823,9966.719166482
2018-06-11,10025.892898761938,10037.33504100129
2018-06-12,9997.780689573066,10009.190748495805
2018-06-13,10039.043659247702,10050.500809913092
2018-06-14,10029.010551605108,10040.456251894368
2018-06-15,9980.05145128044,9991.441276547346
2018-06-18,9871.401208990426,9882.667036171657
2018-06-19,9680.874259853808,9691.922646406612
2018-06-20,9879.324593898218,9890.59946371516
2018-06-21,9720.850611290067,9731.944621220655
2018-06-22,9518.226110208552,9529.088873068586
2018-06-25,9286.331365673499,9296.929476529136
2018-06-26,9365.090008232914,9375.778003111831
2018-06-27,9099.150797945342,9109.53528726103
2018-06-28,9112.019092073508,9122.418267447913
2018-06-29,9130.312514389369,9140.732567299798
2018-07-02,9100.703795019132,9111.090056706975
2018-07-03,9055.858447362916,9066.193528886373
2018-07-04,9056.779947674933,9067.116080869075
2018-07-05,9143.564285799108,9153.99946241522
2018-07-06,9265.77041438955,9276.345059870926
2018-07-09,9380.695284798247,9391.401089342195
2018-07-10,9414.476709946823,9425.2210678521
2018-07-11,9417.011611469728,9427.758862354623
2018-07-12,9539.694777397073,9550.58204157047
2018-07-13,9493.544371331645,9504.378965930777
2018-07-16,9520.270695087827,9531.135791349108
2018-07-17,9490.22426282054,9501.055068315378
2018-07-18,9487.217172112209,9498.04454573719
2018-07-19,9424.28070741808,9435.036254225402
2018-07-20,9467.373911283152,9478.178638604682
2018-07-23,9462.372524127077,9473.171543569639
2018-07-24,9510.400232219681,9521.254063724668
2018-07-25,9608.248131767947,9619.213633085865
2018-07-26,9700.782450717275,9711.853557675522
2018-07-27,9663.765484717547,9674.794345723785
2018-07-30,9532.514021728746,9543.393090798863
2018-07-31,9461.537145419972,9472.335211478923
2018-08-01,9423.493311440267,9434.247959624707
2018-08-02,9505.17382232181,9516.021689138559
2018-08-03,9592.5063530908,9603.453888959397
2018-08-06,9627.375486008512,9638.362816594909
2018-08-07,9729.231949431087,9740.335524640705
2018-08-08,9736.22986882161,9747.341430470926
2018-08-09,9707.483972335043,9718.562727466304
2018-08-10,9649.817482483051,9660.830425203785
2018-08-13,9688.172531442377,9699.229247214571
2018-08-14,9773.12375745001,9784.277424588152
2018-08-15,9598.090383809431,9609.044292504306
2018-08-16,9622.3927612929,9633.374405299006
2018-08-17,9618.877340639805,9629.854972639843
2018-08-20,9634.263354975197,9645.258546405237
2018-08-21,9569.485690544278,9580.406953870575
2018-08-22,9541.55710511665,9552.446494688636
2018-08-23,9600.354451719086,9611.310944302237
2018-08-24,9777.175920876287,9788.334212583117
2018-08-27,9863.81000040414,9875.067164048936
2018-08-28,9807.977138135791,9819.170582014363
2018-08-29,9936.44704571979,9947.787107058859
2018-08-30,9973.573974954868,9984.956407742498
2018-08-31,9987.939276079842,9999.338103399157
2018-09-03,10001.830271861689,10013.244952407365
2018-09-04,10019.758878575758,10031.194020308305
2018-09-05,10024.464200065706,10035.904711789568
2018-09-06,9888.07670408364,9899.361562326616
2018-09-07,9876.732650270442,9888.00456200794
2018-09-10,10003.829319149932,10015.246281126667
2018-09-11,10087.610120542653,10099.122698127507
2018-09-12,10157.663650254428,10169.256177072673
2018-09-13,10274.982907118352,10286.709325614678
2018-09-14,10324.090401532803,10335.872864407596
2018-09-17,10249.657403780515,10261.35491931384
2018-09-18,10301.536057190071,10313.292779712488
2018-09-19,10254.933163592024,10266.636700134626
2018-09-20,10197.509170003463,10209.147170886625
2018-09-21,10179.533794274897,10191.15128059562
2018-09-24,10189.52479632673,10201.153684970192
2018-09-25,10190.201106448732,10201.830766937328
2018-09-26,10203.838317251626,10215.483541332143
2018-09-27,10250.236683917163,10261.934860559255
2018-09-28,10351.66267135643,10363.47660133708
2018-10-01,10423.395243471256,10435.291038907844
2018-10-02,10305.174016042105,10316.934890418432
2018-10-03,10309.995883605556,10321.762260982472
2018-10-04,10165.242960387928,10176.844137163385
2018-10-05,10127.60453695403,10139.162758533483
2018-10-08,9931.933890864428,9943.268801524124
2018-10-09,9923.416654255097,9934.741844540384
2018-10-10,9987.900981689118,9999.29976530461
2018-10-11,9793.821382966393,9804.998671459527
2018-10-12,10033.37894233951,10044.829628094767
2018-10-15,10011.299744733904,10022.72523240236
2018-10-16,10104.046199620818,10115.577535031687
2018-10-17,10086.237274290701,10097.748285102172
2018-10-18,9913.433096900153,9924.746893359026
2018-10-19,9679.563195922827,9690.610086211891
2018-10-22,9664.506182963687,9675.535889298595
2018-10-23,9689.058699836301,9700.116426956314
2018-10-24,9351.296458048146,9361.968710911386
2018-10-25,9419.441669432264,9430.191693643097
2018-10-26,9237.845199689513,9248.387975263448
2018-10-29,9208.159478923513,9218.668375396312
2018-10-30,9362.566365694165,9373.251480442883
2018-10-31,9660.163990078117,9671.18874084556
2018-11-01,9641.567346207785,9652.570873384822
2018-11-02,9765.477937112717,9776.622878388269
2018-11-05,9824.410356302138,9835.622554741683
2018-11-06,9766.451897575835,9777.597950392701
2018-11-07,9893.105710756492,9904.396308399459
2018-11-08,9840.070315378603,9851.300385890096
2018-11-09,9774.275843654956,9785.430825622054
2018-11-12,9596.07572590474,9607.027335352806
2018-11-13,9703.899282700997,9714.973946772334
2018-11-14,9631.287149253056,9642.278944061016
2018-11-15,9574.959568703107,9585.887079143064
2018-11-16,9579.725698351493,9590.658648180632
2018-11-19,9573.974405399593,9584.900791512893
2018-11-20,9270.583493356638,9281.163631808531
2018-11-21,9422.546711078876,9433.30027894697
2018-11-22,9162.325237559407,9172.781825283806
2018-11-23,9294.003731841622,9304.610598855523
2018-11-26,9421.472489586382,9432.224831489344
2018-11-27,9489.541146363763,9500.371172245676
2018-11-28,9605.799407154314,9616.762113842802
2018-11-29,9588.957393511842,9599.900879097768
2018-11-30,9612.452398033403,9623.42269750876
2018-12-03,9759.621470903396,9770.759728433166
2018-12-04,9621.38161589968,9632.362105926835
2018-12-06,9583.926130800859,9594.863874412064
2018-12-07,9536.763900212614,9547.647819495533
2018-12-10,9572.618761185682,9583.543600157587
2018-12-11,9492.830274895414,9503.664054525429
2018-12-12,9534.840317929995,9545.722041906989
2018-12-13,9454.039074873843,9464.828583691
2018-12-14,9290.70601251298,9301.309115974445
2018-12-17,9134.35923546605,9144.783906734025
2018-12-18,9049.769011321816,9060.097143220532
2018-12-19,9155.815893531852,9166.265052407669
2018-12-20,9068.792210202371,9079.14205250131
2018-12-21,9057.232129050164,9067.568778300447
2018-12-24,8952.585428762859,8962.802649006504
2018-12-25,8736.277394610188,8746.247751325638
2018-12-26,8849.260941050548,8859.360241274784
2018-12-27,8885.477349562569,8895.617982095235
2018-12-28,8946.38110694166,8956.591246446113
2018-12-31,8968.910676398762,8979.146527981025
2019-01-02,8966.755822262141,8976.961476447672
2019-01-03,8880.195854252843,8890.108654497946
2019-01-04,8849.196597834767,8859.00454477606
2019-01-07,8911.656357103991,8921.446616957
2019-01-08,8908.983098922214,8918.958337467819
2019-01-09,8840.763616045086,8851.318854133555
2019-01-10,8814.762111890432,8825.064147097002
2019-01-11,8939.502092474262,8949.909776226728
2019-01-14,8966.462118215055,8976.735363833208
2019-01-15,8908.7280271967,8919.055686462714
2019-01-16,8907.563662528935,8917.731826358267
2019-01-17,8906.238804339866,8916.270479525447
2019-01-18,8894.225742016351,8904.48422767805
2019-01-21,8826.131639648152,8836.961458614538
2019-01-22,8962.987111512,8973.464051159675
2019-01-23,9014.693770396521,9025.365811401067
2019-01-24,9078.021603737905,9088.417661203252
2019-01-25,9107.944833232023,9117.922006694533
2019-01-28,9138.321833194621,9148.25429843601
2019-01-29,9111.12041782142,9120.888465518869
2019-01-30,9117.350130687397,9126.96817457048
2019-01-31,9103.721562117606,9113.479671998484
2019-02-01,9098.203261545583,9107.955456462678
2019-02-04,9119.35721928182,9129.132088732904
2019-02-05,9083.006337936451,9092.742243553681
2019-02-06,9172.307212238133,9182.138837802191
2019-02-07,9096.94294926259,9106.69379327438
2019-02-08,9082.737635995192,9092.473253595806
2019-02-11,9009.67513398702,9019.33243725015
2019-02-12,9097.79391796787,9107.545674117195
2019-02-13,9153.89267181525,9163.704559175805
2019-02-14,9151.393443204563,9161.202651688436
2019-02-15,9060.250332126694,9069.96184600439
2019-02-18,9021.602310572409,9031.272398354366
2019-02-19,9027.774575976919,9037.451279695404
2019-02-20,9084.095698727682,9093.832772010488
2019-02-21,9058.311300470388,9068.020735936101
2019-02-22,9148.733564472252,9158.539921881567
2019-02-25,9203.487684747419,9213.352732080237
2019-02-26,9126.616020361402,9136.398670386408
2019-02-27,9104.197389417499,9113.956009328816
2019-02-28,9085.490697260344,9095.229265816142
2019-03-01,9074.8117841271,9084.53890615446
2019-03-04,9070.916402936939,9080.639349577625
2019-03-05,9024.642982684963,9034.316329706824
2019-03-06,8869.110622363605,8878.617257140184
2019-03-07,8887.205546654655,8896.73157704415
2019-03-08,8908.87086030578,8918.420113342165
2019-03-11,8923.337058949195,8932.90181803494
2019-03-12,8852.568506533435,8862.057410123614
2019-03-13,8962.085257880204,8971.691550439955
2019-03-14,8938.83368095141,8948.415050578158
2019-03-15,9017.171110387893,9026.83644844876
2019-03-18,8993.923094130183,9003.563513074663
2019-03-19,9038.339203317919,9048.027231064027
2019-03-20,9067.564549300125,9077.283903151218
2019-03-21,9121.952898411535,9131.73055012282
2019-03-22,9011.092974341396,9020.751797361241
2019-03-25,8989.966290872057,8999.60246859269
2019-03-26,9009.188137094745,9018.844918354962
2019-03-27,8989.874101430885,8999.510180335374
2019-03-28,9047.464239206696,9057.162047909116
2019-03-29,9096.107074709375,9105.857022762775
2019-04-01,9264.241816497646,9274.171985054714
2019-04-02,9331.261814027086,9341.263820073429
2019-04-03,9480.698389705472,9490.860574038876
2019-04-04,9440.267384854378,9450.386231945398
2019-04-05,9475.084646979947,9485.2408140469
2019-04-08,9469.30862194449,9479.4585977976
2019-04-09,9332.651731601856,9342.655227475008
2019-04-10,9362.02053347821,9372.055509224054
2019-04-11,9349.95895571395,9359.981002878842
2019-04-12,9363.48244839676,9373.518991142024
2019-04-15,9284.130170618222,9294.081657132298
2019-04-16,9425.897964319682,9436.001409096
2019-04-17,9483.023259308235,9493.187935626147
2019-04-18,9513.058922510436,9523.255793497294
2019-04-19,9511.525202012208,9521.720429032579
2019-04-22,9574.789392741826,9585.052431471997
2019-04-23,9584.257098301689,9594.530285289418
2019-04-24,9623.637339843268,9633.952737779728
2019-04-25,9547.423856344209,9557.65756246471
2019-04-26,9567.911836280613,9578.167503085884
2019-04-29,9608.129247315504,9618.428022415917
2019-04-30,9613.900987496807,9624.205949218209
2019-05-01,9615.983937651199,9626.291132048143
2019-05-02,9581.743056897216,9592.013549130706
2019-05-03,9716.21236290757,9726.62699029004
2019-05-06,9653.86671138124,9664.214511619004
2019-05-07,9520.537782503545,9530.742669941372
2019-05-08,9546.468312055278,9556.700993945617
2019-05-09,9499.574890741087,9509.757308444989
2019-05-10,9535.927880416457,9546.149264214097
2019-05-13,9422.871887780215,9432.972088961345
2019-05-14,9598.896874618173,9609.18575370994
2019-05-15,9609.88423011279,9620.18488634663
2019-05-16,9617.196962555483,9627.505457171266
2019-05-17,9524.315218929758,9534.524155331459
2019-05-20,9490.155614800404,9500.327936157551
2019-05-21,9589.811250474806,9600.09039085498
2019-05-22,9522.312046737821,9532.518835976494
2019-05-23,9390.241827874117,9400.307053500712
2019-05-24,9366.556324113757,9376.596161689245
2019-05-27,9464.489314909128,9474.634125036626
2019-05-28,9471.114829993568,9481.266741887499
2019-05-29,9414.780009555197,9424.871537202509
2019-05-30,9383.987945235904,9394.046467441975
2019-05-31,9283.984912722875,9293.936243537708
2019-06-03,9230.664181529219,9240.558358843655
2019-06-04,9339.543641661063,9349.554524844465
2019-06-05,9416.408214010027,9426.50148689942
2019-06-06,9550.43673231168,9560.673667877909
2019-06-07,9560.7713687312,9571.01938180206
2019-06-10,9646.590426412824,9656.930427336014
2019-06-11,9621.924851977084,9632.238414329633
2019-06-12,9536.501797110375,9546.723796078646
2019-06-13,9573.387989276374,9583.64952586822
2019-06-14,9590.643668039947,9600.923700673033
2019-06-17,9666.707616509817,9677.069180675044
2019-06-18,9743.448295233067,9753.892116305013
2019-06-19,9890.568145438585,9901.16966154263
2019-06-20,9886.692307532841,9897.289669198295
2019-06-21,9823.863881232255,9834.393898275699
2019-06-24,9849.69815326127,9860.255861580577
2019-06-25,9927.251745474714,9937.892582047594
2019-06-26,10144.064450399184,10154.937684479368
2019-06-27,10111.580691179259,10122.419106521891
2019-06-28,10128.343823384515,10139.200206816891
2019-07-01,9984.57144003688,9995.273716524644
2019-07-02,9945.020054243729,9955.679936336423
2019-07-03,10076.166033927673,10086.966488957652
2019-07-04,9942.07639052152,9952.733117355801
2019-07-05,9965.928865629048,9976.611159487918
2019-07-08,10070.641659953515,10081.43619350974
2019-07-09,10040.117413830718,10050.879229015049
2019-07-10,10158.336985052221,10169.225517596939
2019-07-11,10067.281434153401,10078.072365946067
2019-07-12,10023.26510524439,10034.008856752474
2019-07-15,9940.70130641602,9951.356559323212
2019-07-16,9805.20513997432,9815.715157059924
2019-07-17,9787.206577228259,9797.697301989096
2019-07-18,10020.25780058998,10030.99832862412
2019-07-19,10135.419419494134,10146.283387126427
2019-07-22,10004.396802151583,10015.120329076391
2019-07-23,9940.565222950401,9951.220329992258
2019-07-24,9959.54555719111,9970.221008900346
2019-07-25,10098.554723737954,10109.379176788274
2019-07-26,10033.76542405404,10044.520430658627
2019-07-29,10003.734587016792,10014.457404125513
2019-07-30,9989.904309845497,10000.612302537258
2019-07-31,10104.881043777625,10115.712277892775
2019-08-01,10045.433351962083,10056.200865201661
2019-08-02,10048.708540814265,10059.479564667878
2019-08-05,10046.66614043613,10057.434975078751
2019-08-06,10253.846663861552,10264.837571455217
2019-08-07,10423.28243007722,10434.454952718446
2019-08-08,10380.285806247955,10391.412241607513
2019-08-09,10181.839583269317,10192.753307812089
2019-08-12,10149.659581823405,10160.538813220932
2019-08-13,9962.841027441866,9973.52001150439
2019-08-14,9858.1283894949,9868.695134027686
2019-08-15,9815.84097243788,9826.362389874554
2019-08-16,10078.374952197313,10089.177774925713
2019-08-19,10093.271259774401,10104.09004957793
2019-08-20,10032.02072730541,10042.773863801991
2019-08-21,10101.116114739942,10111.943313297654
2019-08-22,10089.658258550011,10100.473175644702
2019-08-23,10241.38687293745,10252.364425112879
2019-08-26,10246.485458897909,10257.468476152835
2019-08-27,10179.814506986808,10190.726060887966
2019-08-28,10118.802611068759,10129.64876745305
2019-08-29,10212.579015552781,10223.525689121494
2019-08-30,10261.862734973223,10272.862234844473
2019-09-02,10376.86412116724,10390.850857910053
2019-09-03,10325.333185473062,10344.69353400828
2019-09-04,10435.043406784904,10449.673670520717
2019-09-05,10579.280706000176,10586.127772816593
2019-09-06,10556.511386626336,10561.278265753292
2019-09-09,10527.39121116283,10528.634273624357
2019-09-10,10434.106450394915,10432.380274699035
2019-09-11,10471.305855955869,10454.652327490248
2019-09-12,10432.677844465816,10413.884109663199
2019-09-13,10428.251713321544,10420.49043158424
2019-09-16,10378.430270717652,10368.095011404144
2019-09-17,10444.570094139623,10435.403098523257
2019-09-18,10408.412225630009,10394.319892867014
2019-09-19,10274.92501695636,10257.351648361288
2019-09-20,10166.007120283979,10150.018992326231
2019-09-23,10047.074885225513,10030.961258853495
2019-09-24,9942.064580840039,9931.912004679543
2019-09-25,9997.967658565653,9983.966892049353
2019-09-26,10005.00167798541,9992.993925934421
2019-09-27,9920.465535097663,9912.226248820474
2019-09-30,9916.053246605692,9898.641888102684
2019-10-01,9803.543355883627,9786.329550781531
2019-10-02,9635.035032580776,9618.11710717545
2019-10-03,9757.387020868107,9740.254260560363
2019-10-04,9875.831080212476,9858.490346840397
2019-10-07,9849.34615520977,9832.051926078107
2019-10-08,9706.399038609952,9689.355806869306
2019-10-09,9783.479011636367,9766.300437031943
2019-10-10,9826.430020166676,9809.176028923293
2019-10-11,10013.845765409575,9996.262695383699
2019-10-14,9990.069777611121,9972.528455268224
2019-10-15,10157.164434551258,10139.329714734227
2019-10-16,10098.967776611951,10081.235242901615
2019-10-17,10071.164164171481,10053.480450152998
2019-10-18,9916.511244317635,9899.099081627499
2019-10-21,9972.448258147713,9954.93787700542
2019-10-22,9971.840590525575,9954.331276372188
2019-10-23,10014.10860423668,9996.525072698449
2019-10-24,10089.876722033227,10072.160151086147
2019-10-25,10197.169189607588,10179.264226406944
2019-10-28,10265.381262477711,10247.356527345084
2019-10-29,10219.648301526517,10201.703867795944
2019-10-30,10262.121281111562,10244.102270101515
2019-10-31,10228.88372210808,10210.923072125468
2019-11-01,10295.15048014981,10277.073473966559
2019-11-04,10458.659659140676,10440.295551137464
2019-11-05,10402.221275581776,10383.956266373722
2019-11-06,10402.897707802313,10384.631510863252
2019-11-07,10384.159437819013,10365.926142955841
2019-11-08,10456.352805945353,10437.992748489974
2019-11-11,10434.111792419548,10415.790787422877
2019-11-12,10443.498486652175,10425.160999785716
2019-11-13,10427.60527590863,10409.295695547222
2019-11-14,10455.321549469083,10436.96330277205
2019-11-15,10441.472345167333,10423.138415953788
2019-11-18,10576.761665511329,10558.190185046338
2019-11-19,10525.151422510524,10506.670563225247
2019-11-20,10470.461676832585,10452.076845951426
2019-11-21,10393.07184692436,10374.8229029772
2019-11-22,10395.63560617455,10377.382160584413
2019-11-25,10555.797823398636,10537.263152837904
2019-11-26,10453.892059966282,10435.536323275359
2019-11-27,10480.73442738844,10462.331558832588
2019-11-28,10431.834302989122,10413.517296981161
2019-11-29,10363.401937966984,10345.205090696674
2019-12-02,10251.28636916988,10233.286382920134
2019-12-03,10135.983189544584,10118.185661364298
2019-12-04,10220.335112014263,10202.389472329734
2019-12-05,10259.070251392406,10241.056597611781
2019-12-06,10433.985567817492,10415.66478445555
2019-12-09,10338.708333231656,10320.554844865746
2019-12-10,10373.371618587997,10355.15726579617
2019-12-11,10393.93413008827,10375.683672078916
2019-12-12,10657.105423192523,10638.392869063073
2019-12-13,10572.260411453142,10553.696834631482
2019-12-16,10674.587340294966,10655.844090089322
2019-12-17,10721.053506744249,10702.228667718722
2019-12-18,10700.107369848765,10681.319309639335
2019-12-19,10760.727073274418,10741.832572391218
2019-12-20,10813.535483996688,10794.548258099996
2019-12-23,10903.284693389998,10884.139879023254
2019-12-24,10921.815936952322,10902.638584022387
2019-12-25,10921.815936952322,10902.638584022387
2019-12-26,11010.412352414132,10991.079435177176
2019-12-27,10980.222976897317,10960.943068456001
2019-12-30,10898.034545019114,10878.898949261147
2019-12-31,10895.999421402961,10876.867399069419
2020-01-02,11185.263313968782,11165.623380149675
2020-01-03,11104.018180932204,11084.520903480781
2020-01-06,11101.529634746372,11082.036726873119
2020-01-07,11214.25918566939,11194.56833869918
2020-01-08,11297.24757532809,11277.41101104798
2020-01-09,11378.780384706943,11358.800658935204
2020-01-10,11295.186486980163,11275.35354171532
2020-01-13,11422.773442435091,11402.716470315363
2020-01-14,11382.163471830941,11362.177805778198
2020-01-15,11343.811230554587,11323.892906276405
2020-01-16,11446.135212783778,11426.0372202955
2020-01-17,11551.638950845958,11531.35570689108
2020-01-20,11561.244383899177,11540.944273996294
2020-01-21,11502.89416309683,11482.696508937966
2020-01-22,11565.518229134017,11545.210614889465
2020-01-23,11663.04230304696,11642.563448635443
2020-01-24,11546.02794909855,11525.754557366177
2020-01-27,11316.026025434425,11296.156488527118
2020-01-28,11536.950363249678,11516.692910631144
2020-01-29,11588.652312413125,11568.304077590241
2020-01-30,11746.593635625059,11725.968075445753
2020-01-31,11462.580947033783,11442.454077877765
2020-02-03,11584.26297039739,11563.922442714185
2020-02-04,11847.444605129094,11826.641963167174
2020-02-05,11803.160528232245,11782.435643611858
2020-02-06,11723.524325025966,11702.93927169222
2020-02-07,11748.439384565998,11727.810583480703
2020-02-10,11964.611628862558,11943.603256152317
2020-02-11,11977.136719166077,11956.106353952147
2020-02-12,12081.893519637606,12060.67921448676
2020-02-13,12034.451787387763,12013.32078402924
2020-02-14,11996.500562985906,11975.436197266095
2020-02-17,12017.796083443433,11996.694325433366
2020-02-18,12057.424828965983,12036.253487798367
2020-02-19,12093.596254505346,12072.361400804873
2020-02-20,12014.971386983467,11993.874588789717
2020-02-21,11938.060097050973,11917.098345534427
2020-02-24,11500.7040551116,11480.510246510477
2020-02-25,11249.637462670526,11229.884495837834
2020-02-26,11194.226593949477,11174.570921723443
2020-02-27,10842.86447569994,10823.825751734781
2020-02-28,10737.673825890635,10718.81980364797
2020-03-02,11067.105359900052,11047.672896779934
2020-03-03,10764.348555402485,10745.447695646251
2020-03-04,11186.292862369875,11166.651120791588
2020-03-05,10928.761693143342,10909.5721443278
2020-03-06,10820.938901377134,10801.938675998603
2020-03-09,9918.800819702778,9901.384636802499
2020-03-10,10404.721014841958,10386.451616402088
2020-03-11,10028.524019735425,10010.915176517141
2020-03-12,8797.751869948419,8782.304109834726
2020-03-13,9675.441512982377,9658.452638813607
2020-03-16,8447.306473195997,8432.474051694033
2020-03-17,9233.798377802746,9217.58497415292
2020-03-18,8914.300507925327,8898.648102871923
2020-03-19,9439.160617933923,9422.586623684498
2020-03-20,9335.9900429498,9319.597203422249
2020-03-23,9766.919943355288,9749.770444419095
2020-03-24,10470.375173857674,10451.990494865011
2020-03-25,10223.115016319414,10205.164495468029
2020-03-26,10685.64805983715,10666.885388381095
2020-03-27,10300.405769732377,10282.319535913022
2020-03-30,10584.363951471807,10565.779122336437
2020-03-31,10430.754968390927,10412.439857560532
2020-04-01,10156.44524767341,10138.611790659254
2020-04-02,10480.698483268821,10462.295677826387
2020-04-03,10217.803161701702,10199.861967807607
2020-04-06,10827.410601509593,10808.399012629043
2020-04-07,10732.946835448343,10714.101113214081
2020-04-08,10844.21064842739,10825.16956075004
2020-04-09,10888.034136904495,10868.916100621711
2020-04-10,10832.221873851939,10813.201836974435
2020-04-13,11065.865604403376,11046.435318140004
2020-04-14,11476.275988827354,11456.125072878074
2020-04-15,11339.096295154744,11319.186249717804
2020-04-16,11640.254174520183,11619.815333233399
2020-04-17,11538.876096281034,11518.615262314366
2020-04-20,11594.310403352976,11573.952233624812
2020-04-21,11253.195658385464,11233.436443802817
2020-04-22,11516.48740818545,11496.265885975701
2020-04-23,11528.913784478018,11508.670443094135
2020-04-24,11604.236981293714,11583.86138172699
2020-04-27,11667.037117944874,11646.55124913432
2020-04-28,11486.348382443906,11466.179780621846
2020-04-29,11756.904023056702,11736.260359117026
2020-04-30,11754.197982193924,11733.559069726067
2020-05-01,11485.634706842155,11459.100411362242
2020-05-04,11728.925424099541,11701.756140892823
2020-05-05,11720.717966135908,11698.136523471996
2020-05-06,11777.998772797993,11750.006250749644
2020-05-07,12027.579862056122,11997.215335827244
2020-05-08,12097.264582314792,12070.97404844365
2020-05-11,12203.040631161286,12178.021832872104
2020-05-12,12001.013744769984,11968.821241705646
2020-05-13,11916.23688396626,11884.233447702614
2020-05-14,12060.11316069435,12029.602497073294
2020-05-15,12196.831070399612,12176.872027203666
2020-05-18,12255.835277237684,12236.08518111814
2020-05-19,12257.01873312786,12231.515548216512
2020-05-20,12347.377993865533,12316.511786581394
2020-05-21,12119.80194310508,12085.634617971096
2020-05-22,12176.949155756032,12137.473959802413
2020-05-25,12190.721703797344,12151.20186004026
2020-05-26,12053.837161465191,12015.454744782324
2020-05-27,12040.768454135386,12003.780821015525
2020-05-28,12015.006970782722,11986.244011904952
2020-05-29,12239.618547788086,12217.159832057565
2020-06-01,12223.784817687541,12201.587879608778
2020-06-02,12412.23566414924,12389.930553696
2020-06-03,12354.696691232532,12332.647003198254
2020-06-04,12318.008347890447,12295.926298502034
2020-06-05,12593.795928589747,12571.273594527593
2020-06-08,12541.09821306942,12518.932810921968
2020-06-09,12520.477069144556,12497.387266180964
2020-06-10,12546.183694043917,12522.987695450143
2020-06-11,12006.875687557444,11985.281274438768
2020-06-12,12011.85931040144,11990.197086281802
2020-06-15,11910.08512646031,11888.083517458708
2020-06-16,12117.046014168829,12094.819900726176
2020-06-17,12306.982565908691,12284.669137703317
2020-06-18,12375.453522044996,12353.163269115516
2020-06-19,12307.876137345313,12285.499380414778
2020-06-22,12341.641146805374,12319.182858355096
2020-06-23,12381.080620783496,12358.678095134568
2020-06-24,12076.611472124134,12054.717024821051
2020-06-25,12102.760727332126,12081.084454516344
2020-06-26,12004.396813082,11983.327787115875
2020-06-29,11966.437113576858,11945.361639602406
2020-06-30,12173.797459881289,12151.997334298225
2020-07-01,12335.176471168168,12313.087357475673
2020-07-02,12576.33174676132,12553.810786283937
2020-07-03,12548.182330374708,12525.71177822836
2020-07-06,12758.036884987627,12735.190537559667
2020-07-07,12636.130339190835,12613.502294886159
2020-07-08,12725.02852614477,12702.241288158251
2020-07-09,12816.100209442015,12793.149885603321
2020-07-10,12785.492806880007,12762.597292990455
2020-07-13,12489.67533140079,12467.309550171592
2020-07-14,12566.979761501456,12544.475548013148
2020-07-15,12752.724276316507,12729.887442397914
2020-07-16,12551.660847679186,12529.184066407179
2020-07-17,12705.105913448884,12682.354351713762
2020-07-20,12881.625512106439,12858.557849382183
2020-07-21,12946.660289221072,12923.476166015767
2020-07-22,12868.343911463455,12845.300032654033
2020-07-23,12746.717062312637,12723.890985762078
2020-07-24,12552.138011422858,12529.66037567388
2020-07-27,12636.230033777567,12613.60181094564
2020-07-28,12508.407216205613,12486.007891010979
2020-07-29,12487.756620793814,12465.394275479523
2020-07-30,12461.701218108334,12439.385531287628
2020-07-31,12724.487379810267,12701.701110877
2020-08-03,12815.316020233511,12787.915012030311
2020-08-04,13023.678956547656,13003.193627762203
2020-08-05,13224.449606811888,13180.15680267129
2020-08-06,13353.510285235816,13307.006326945762
2020-08-07,13101.112819281914,13045.73425949453
2020-08-10,13187.439760251105,13100.645363774769
2020-08-11,12888.704916482791,12793.221926591406
2020-08-12,13229.709894113908,13143.38397158703
2020-08-13,13272.856605360874,13202.453940826324
2020-08-14,13233.202583971215,13141.371734911385
2020-08-17,13424.80506359118,13336.794365883608
2020-08-18,13454.800151234354,13376.200066125186
2020-08-19,13305.36767252956,13219.587452071493
2020-08-20,13430.061590699886,13329.289107492341
2020-08-21,13578.972731333693,13481.557279997247
2020-08-24,13881.869580472689,13767.967208266175
2020-08-25,13851.918045779292,13734.88887182235
2020-08-26,13890.4604201731,13788.223269529743
2020-08-27,13712.212556375118,13596.283053061607
2020-08-28,13874.641422640378,13746.476667444273
2020-08-31,13897.730402886187,13771.811142938934
2020-09-01,14257.300638386661,14128.123521462712
2020-09-02,14335.343405855823,14205.459188762345
2020-09-03,13660.333627226453,13536.565281524789
2020-09-04,13394.231156816932,13272.87381098163
2020-09-08,12795.183299798138,12679.25357852038
2020-09-09,13219.908038578891,13100.130133228038
2020-09-10,12838.566940941464,12722.24414569924
2020-09-11,12642.960095775315,12528.409580500385
2020-09-14,12802.73452017254,12686.736381674584
2020-09-15,12992.693615825743,12874.974368337213
2020-09-16,12700.746806476904,12585.672719393093
2020-09-17,12507.143126131139,12393.823169502122
2020-09-18,12335.988242801923,12224.219021121737
2020-09-21,12530.022485721178,12416.495232508894
2020-09-22,12883.981452363627,12767.247182621357
2020-09-23,12482.708590334267,12369.61002083649
2020-09-24,12638.292385194869,12523.784161333344
2020-09-25,12982.367844986786,12864.742153308069
2020-09-28,13250.755442912112,13130.698047154377
2020-09-29,13307.373477890511,13186.803099015571
2020-09-30,13371.142429690071,13249.994277395626
2020-10-01,13486.148174914688,13363.958022386496
2020-10-02,13215.704065671678,13095.964250076626
2020-10-05,13531.364299974362,13408.764470409695
2020-10-06,13253.626530298867,13133.543121286564
2020-10-07,13518.089839032185,13395.610281645037
2020-10-08,13527.77819300732,13405.21085507419
2020-10-09,13607.36788376403,13484.079429888294
2020-10-12,13814.396571145435,13689.232350626717
2020-10-13,13798.63449283808,13673.613083352393
2020-10-14,13766.089247107548,13641.362711183114
2020-10-15,13678.534075305635,13554.600825919237
2020-10-16,13644.032088978052,13520.411442042494
2020-10-19,13483.869458899902,13361.69995249348
2020-10-20,13560.859908160925,13437.992836028812
2020-10-21,13611.077396210829,13487.75533259821
2020-10-22,13549.85384441093,13427.086491827416
2020-10-23,13667.591967211221,13543.757857908386
2020-10-26,13448.244230479455,13326.397503567821
2020-10-27,13530.483830805477,13407.891978660356
2020-10-28,12948.484216462999,12831.16552465436
2020-10-29,13150.203968569998,13031.057611296153
2020-10-30,12884.949580342582,12768.206538955224
2020-11-02,12987.170839663626,12869.501630840912
2020-11-03,13192.580379343186,13073.050074034016
2020-11-04,13471.836651547877,13349.77616741725
2020-11-05,14019.437655766036,13892.415677118059
2020-11-06,13967.780622526125,13841.226678241172
2020-11-09,13761.359616004545,13636.6759325194
2020-11-10,13590.600202844627,13467.463671182903
2020-11-11,13901.72682329116,13775.771354100725
2020-11-12,13827.251895038387,13701.971199899428
2020-11-13,13831.873516082194,13706.550947120335
2020-11-16,13864.64357972563,13739.024100258044
2020-11-17,13979.096735849123,13852.44026283655
2020-11-18,13966.959786679392,13840.41327951111
2020-11-19,14069.961574748058,13942.481828226959
2020-11-20,14029.139587368005,13902.029705155068
2020-11-23,13945.263647527741,13818.913716469846
2020-11-24,14022.246474791198,13895.1990470661
2020-11-25,14113.430073937689,13985.556484602675
2020-11-26,14083.702453679529,13956.098209038531
2020-11-27,14286.429155815213,14156.988122319886
2020-11-30,14364.126502400584,14233.98149839365
2020-12-01,14596.261756498883,14464.013509836037
2020-12-02,14680.049260886091,14547.041864330466
2020-12-03,15211.62011916602,15073.796467931124
2020-12-04,15417.139237035808,15277.453496490143
2020-12-07,15476.34383900859,15336.121679965103
2020-12-08,15682.690284282384,15540.598539995231
2020-12-09,15846.474616654537,15702.898917698143
2020-12-10,15838.09878899624,15694.598978547509
2020-12-11,15775.551999660353,15632.618889327174
2020-12-14,15657.399708799092,15515.53710772138
2020-12-15,15992.719388030477,15847.818650175714
2020-12-16,16131.792261841829,15985.631465485323
2020-12-17,16269.935499505478,16122.523067540207
2020-12-18,16304.287030737865,16156.563359507947
2020-12-21,15637.753006776724,15496.068413050383
2020-12-22,16075.957495102213,15930.302585124517
2020-12-23,15770.28579566522,15627.400399346523
2020-12-24,16172.429006504228,16025.900024216191
2020-12-25,16658.97501967241,16508.03772666511
2020-12-28,16319.89883280037,16172.033712103146
2020-12-29,16690.26134737467,16539.040587130883
2020-12-30,16604.512026026536,16454.068190559105
2020-12-31,16648.707176888525,16497.86291483859
2021-01-04,17199.849796178645,17044.011951095043
2021-01-05,17417.477977317565,17259.668329736847
2021-01-06,17841.262690279473,17679.61337565341
2021-01-07,18504.91238861605,18337.250129684973
2021-01-08,18668.88934413629,18499.741385289548
2021-01-11,18315.05517091089,18149.11309791349
2021-01-12,18422.236784289384,18255.3236009707
2021-01-13,18741.386208842527,18571.58139802876
2021-01-14,18607.95770328004,18439.361810626957
2021-01-15,18350.61209481811,18184.347861193422
2021-01-18,18163.59742738257,17999.027624995222
2021-01-19,18575.105593271815,18406.8073544989
2021-01-20,18311.473931556196,18145.56430608772
2021-01-21,18056.18952853969,17892.59288671473
2021-01-22,17902.822450063537,17740.615378223178
2021-01-25,18020.980141170778,17857.702511146457
2021-01-26,18163.126307609968,17998.560773765137
2021-01-27,17607.70075231663,17448.167606700004
2021-01-28,17586.4542622679,17427.113618752395
2021-01-29,17451.48200514717,17293.364266828226
2021-02-01,18006.140262999157,17842.997088488282
2021-02-02,18080.295543872202,17916.48049144903
2021-02-03,18175.014763223124,18010.34151498972
2021-02-04,18235.80432089228,18070.58029379842
2021-02-05,18407.114315820683,18240.33814840192
2021-02-08,19174.119972540127,19000.394412532096
2021-02-09,19394.0362722502,19218.318178432182
2021-02-10,19105.054612488755,18931.954813577937
2021-02-11,19200.38673236832,19026.42318451171
2021-02-12,19192.160631700564,19018.271615762358
2021-02-15,19156.656952806454,18983.089615073397
2021-02-16,19363.49850794445,19188.05709906493
2021-02-17,19340.58222390255,19165.3484461573
2021-02-18,19264.21581795926,19089.6739518458
2021-02-19,19130.19545932431,18956.867873808333
2021-02-22,18472.692648737557,18305.32231414833
2021-02-23,18613.44815017896,18444.802511776725
2021-02-24,18617.197434149468,18448.51782566369
2021-02-25,18515.180433486323,18347.42514176689
2021-02-26,18495.04005779056,18327.467246312804
2021-03-01,18960.27337878224,18788.48535850536
2021-03-02,18697.96463680482,18528.553243625312
2021-03-03,18907.265879455896,18735.95812933057
2021-03-04,18657.476381522727,18488.43182889876
2021-03-05,19134.871769266123,18961.50181442292
2021-03-08,19307.62912649048,19132.693917613597
2021-03-09,19491.849803774592,19315.245478381697
2021-03-10,19632.406130851556,19454.528306248838
2021-03-11,19912.308796038596,19731.894936023196
2021-03-12,19827.346583089242,19647.702516318346
2021-03-15,19735.562559692367,19556.75009462665
2021-03-16,19822.749731091517,19643.14731372559
2021-03-17,20112.747166673616,19930.517251045985
2021-03-18,19789.819776287022,19610.515718107723
2021-03-19,19798.247383817863,19618.86696798356
2021-03-22,19651.181471289598,19473.133534236516
2021-03-23,19284.030435081193,19109.309040235225
2021-03-24,19194.183765786864,19020.27641940624
2021-03-25,19329.34192326595,19154.209987353643
2021-03-26,19770.817795716288,19591.6859034419
2021-03-29,19730.309550988633,19551.544680382533
2021-03-30,19734.66329839112,19555.858981009533
2021-03-31,19803.526811406547,19624.098561746458
2021-04-01,20050.295733468818,19868.631653990244
2021-04-02,19967.231416415492,19786.319934449475
2021-04-05,19853.914920414903,19674.030133376953
2021-04-06,19819.49298472079,19639.9200748414
2021-04-07,19612.88231185671,19435.18138123365
2021-04-08,19664.464888438157,19486.29659806059
2021-04-09,19877.682641421656,19697.582508873824
2021-04-12,19608.928578347997,19431.263470206963
2021-04-13,19652.05340330201,19473.99756617961
2021-04-14,19794.034076738146,19614.69183523117
2021-04-15,19722.42923384721,19543.7357622159
2021-04-16,19624.688466294818,19446.880566966327
2021-04-19,19647.79404730294,19469.776801730364
2021-04-20,19740.757351632095,19561.897819575028
2021-04-21,19737.745309930488,19558.913068233145
2021-04-22,19403.321260623085,19227.51904092045
2021-04-23,19110.452177950356,18937.303474835153
2021-04-26,19382.06895143352,19206.459286555873
2021-04-27,19457.00870451047,19280.720054073703
2021-04-28,19599.237876959924,19421.66057063341
2021-04-29,19784.877285322662,19605.618008182177
2021-04-30,19590.940964736634,19413.438831910884
2021-05-03,19673.504289627243,19495.25409848783
2021-05-04,19533.27923907995,19356.299545646212
2021-05-05,19726.325838943005,19547.597062437042
2021-05-06,19970.0439649749,19789.107000140622
2021-05-07,20202.026906903844,20018.988079425722
2021-05-10,19927.536870446533,19746.985037697166
2021-05-11,19671.024213019184,19492.79649241288
2021-05-12,19054.21794023458,18881.578742872593
2021-05-13,19273.051565428832,19098.429643741558
2021-05-14,19439.71777053227,19263.58578320144
2021-05-17,19310.510792142613,19135.549474167656
2021-05-18,19133.639546632956,18960.28075624307
2021-05-19,18737.851671227327,18568.078884805167
2021-05-20,19000.673084310063,18828.51902577553
2021-05-21,18849.940531807235,18679.152173348244
2021-05-24,19047.232521956044,18874.65661541022
2021-05-25,19036.124139591873,18863.64887964415
2021-05-26,19169.30040731872,18995.618514590784
2021-05-27,19128.14401117123,18954.835012634987
2021-05-28,18982.257336788396,18810.270132641737
2021-05-31,19064.992880520764,18892.256057685576
2021-06-01,19068.53878341649,18895.769833215498
2021-06-02,19052.554719499385,18879.930591614055
2021-06-03,19000.575666611996,18828.422490722613
2021-06-04,19230.31397259535,19056.079271404185
2021-06-07,19157.978258858926,18984.398949539478
2021-06-08,19097.388556712805,18924.35821547905
2021-06-09,19053.192315242744,18880.56241047286
2021-06-10,19029.365738357206,18856.951712356124
2021-06-11,19109.306568276654,18936.16824486505
2021-06-14,19090.174701950367,18917.209721263036
2021-06-15,19020.89193100304,18848.55468124672
2021-06-16,19016.550947990858,18844.253029359294
2021-06-17,18980.14433057505,18808.17627114994
2021-06-18,18839.587641347072,18668.893084413026
2021-06-21,19102.249382031998,18929.174999684394
2021-06-22,19263.336789325887,19088.802887580136
2021-06-23,19302.168418405057,19127.28268583122
2021-06-24,19557.738227703914,19380.536925586064
2021-06-25,19734.40409281524,19555.60212394477
2021-06-28,19722.365948876715,19543.673050633748
2021-06-29,19756.308953033917,19577.30851695276
2021-06-30,19928.238732076385,19747.680540166588
2021-07-01,19581.44617246894,19404.030066439
2021-07-02,19892.720205455644,19712.48382627763
2021-07-05,19910.357119679964,19729.960942670034
2021-07-06,19937.24588128376,19756.606080828573
2021-07-07,19971.660142900862,19790.708534817462
2021-07-08,19737.863286729516,19559.029976112946
2021-07-09,20028.922850358427,19847.452418155073
2021-07-12,20094.060728329438,19912.000119661952
2021-07-13,20225.702506745878,20042.44916841421
2021-07-14,20291.695854229813,20107.84458852182
2021-07-15,19974.571627971807,19793.59364061389
2021-07-16,19945.153092495926,19764.441649394405
2021-07-19,19955.082823257166,19774.281412634857
2021-07-20,20115.992081873756,19933.732765954952
2021-07-21,20341.662416210987,20157.358432517798
2021-07-22,20577.03489061733,20390.598333695998
2021-07-23,20768.641248962726,20580.46865816071
2021-07-26,20792.51653807942,20604.127627155383
2021-07-27,20542.929756184094,20356.802206069176
2021-07-28,20853.481047282876,20664.53977236418
2021-07-29,20860.294486862116,20671.291479326323
2021-07-30,20747.265164687673,20559.28625016476
2021-08-02,20779.06022152462,20590.79323046613
2021-08-03,21245.537339595507,21053.04387041526
2021-08-04,21552.90757555489,21357.629203263135
2021-08-05,21588.988448627682,21393.3831685097
2021-08-06,21560.652467900363,21365.30392363922
2021-08-09,21973.5491188213,21774.459557918482
2021-08-10,21782.91065425601,21585.54835771073
2021-08-11,21467.228157340305,21272.726076473242
2021-08-12,21437.59800454987,21243.364385280733
2021-08-13,21502.325684212323,21307.50560504758
2021-08-16,21504.58911085304,21309.748524094666
2021-08-17,21714.045715512028,21517.30736416295
2021-08-18,21363.437112223186,21169.875421708468
2021-08-19,21423.558150989822,21229.451738675984
2021-08-20,21749.22539489388,21552.168300910973
2021-08-23,22162.27351460563,21961.474031610345
2021-08-24,22066.712176125373,21866.77851889245
2021-08-25,21898.876395364452,21700.46340062054
2021-08-26,21706.600041492336,21509.929151069286
2021-08-27,21923.412189452996,21724.776890135294
2021-08-30,21862.5617276899,21664.477759049267
2021-08-31,21768.02225257604,21570.794851187547
2021-09-01,21736.433595195376,21539.492400276915
2021-09-02,21804.370583376585,21606.813850882794
2021-09-03,22141.7461807818,21941.132684030963
2021-09-06,22270.219666322693,22068.44214596849
2021-09-07,22191.277732552502,21990.21545919122
2021-09-08,22092.894119374472,21892.723242766697
2021-09-09,22283.904517698567,22082.003006857587
2021-09-10,21919.5079432624,21720.908018050883
2021-09-13,21783.930400487974,21586.55886461462
2021-09-14,22063.416030633492,21863.51223785965
2021-09-15,22372.550638112913,22169.845956282406
2021-09-16,22353.063424395346,22150.535304885354
2021-09-17,22173.651553870524,21972.74898107265
2021-09-20,21636.175912043916,21440.14309373807
2021-09-21,21711.800134198696,21515.082128757127
2021-09-22,22110.372787439137,21910.043546775967
2021-09-23,22436.410824674644,22233.12754279947
2021-09-24,22202.248490796886,22001.086817769676
2021-09-27,21958.161208876743,21759.211068884855
2021-09-28,21220.293888962547,21028.029136020883
2021-09-29,21313.688026279728,21120.577083326203
2021-09-30,21507.757163111106,21312.887872472023
2021-10-01,21554.340623864915,21359.049267555114
2021-10-04,21430.139393288864,21235.97335216257
2021-10-05,21939.117801715787,21740.340202971074
2021-10-06,22099.147474187597,21898.919939565363
2021-10-07,22188.627852731843,21987.589588391922
2021-10-08,21970.87775378992,21771.812396573485
2021-10-11,22140.09896788701,21939.500395575105
2021-10-12,22090.812196413262,21890.660182899755
2021-10-13,22239.7056930554,22038.204642082925
2021-10-14,22380.507945140376,22177.73116677447
2021-10-15,22532.48021014373,22328.326499387647
2021-10-18,22981.112040471387,22772.893537376847
2021-10-19,22911.207372807283,22703.62223528855
2021-10-20,22804.61226647131,22597.99292527433
2021-10-21,22968.84483677065,22760.737479681015
2021-10-22,22881.48762414492,22674.17176000025
2021-10-25,23381.772399678004,23169.923745871158
2021-10-26,23142.054141748402,22932.377435789105
2021-10-27,23120.03744544873,22910.56021998187
2021-10-28,23332.44042071216,23121.038735302536
2021-10-29,23596.856491121187,23383.05908533573
2021-11-01,23618.70106063737,23404.70573390025
2021-11-02,23867.103231091645,23650.857276621355
2021-11-03,23873.893638255442,23657.586159851384
2021-11-04,24132.889177112243,23914.23509061917
2021-11-05,23930.655487198306,23713.833722662275
2021-11-08,24292.87704272631,24072.77339914336
2021-11-09,23908.794247885373,23692.17055533635
2021-11-10,23664.59964154051,23450.188454431063
2021-11-11,23786.991060403274,23571.470955762663
2021-11-12,23665.129395884458,23450.71340897871
2021-11-15,23432.375447621453,23220.06830899995
2021-11-16,23511.170747161006,23298.149690114144
2021-11-17,23403.202270878366,23191.159453460354
2021-11-18,23340.54979895906,23129.074639185077
2021-11-19,23440.051537118234,23227.674849909974
2021-11-22,23322.50983702002,23111.19812685911
2021-11-23,23282.418298545206,23071.46983451935
2021-11-24,23475.152576544173,23262.457859213024
2021-11-25,23604.16269744105,23390.299094365386
2021-11-26,22918.767508463334,22711.113872948237
2021-11-29,23272.613460782646,23061.753832694685
2021-11-30,22722.44544090624,22516.570565572943
2021-12-01,22273.613772059263,22071.80549968512
2021-12-02,22351.98117879811,22149.46286488665
2021-12-03,21912.317776516375,21713.78299722792
2021-12-06,21672.900183785376,21476.534628191806
2021-12-07,22332.47972270259,22130.13810015355
2021-12-08,22254.566370689725,22052.930675751963
2021-12-09,21697.466395468153,21500.878259704645
2021-12-10,21812.927281410746,21615.293021647904
2021-12-13,21193.322071431776,21001.301694456855
2021-12-14,21289.699238065547,21096.805643583408
2021-12-15,21877.34650967662,21679.128584717055
2021-12-16,21616.357608493054,21420.504352320317
2021-12-17,21204.44471140505,21012.323558652108
2021-12-20,20977.065276368077,20787.00427655789
2021-12-21,21807.07011987552,21609.488928450068
2021-12-22,22021.38270392249,21821.85975069866
2021-12-23,22455.864616527168,22252.405075147606
2021-12-24,22429.99344896362,22226.768311200987
2021-12-27,22740.96098763952,22534.918353695673
2021-12-28,22506.43493322472,22302.51720358928
2021-12-29,22499.54100701531,22295.685739239565
2021-12-30,22244.870390338954,22043.322545045336
2021-12-31,22101.754984336414,21901.503824579817
2022-01-03,22558.34541500957,22353.95735466111
2022-01-04,22358.79261624871,22156.212587860282
2022-01-05,21852.830376540333,21654.834578018108
2022-01-06,21638.259870163634,21442.208170324157
2022-01-07,21315.81306569843,21122.68286899749
2022-01-10,21466.71206155819,21272.21465673517
2022-01-11,21684.467311728946,21487.99695311014
2022-01-12,21744.059322345165,21547.04903514392
2022-01-13,21211.275476304734,21019.092433960053
2022-01-14,21227.52813545707,21035.197837211366
2022-01-17,21259.68317911046,21067.061542697807
2022-01-18,20583.23307948792,20396.740364378704
2022-01-19,20159.274355850728,19976.62288439648
2022-01-20,19611.097714973257,19433.412953545656
2022-01-21,19241.37351751743,19067.03861221587
2022-01-24,19379.407696990747,19203.822144193316
2022-01-25,19018.724720088412,18846.40710617097
2022-01-26,19209.451425974894,19035.405748196576
2022-01-27,18528.69535056591,18360.817608035653
2022-01-28,18916.98474135017,18745.588934264368
2022-01-31,19715.616274376567,19536.984531012404
2022-02-01,19865.022620179912,19685.03719272852
2022-02-02,20181.314556471494,19998.463391565812
2022-02-03,19930.596346466788,19750.016793582912
2022-02-04,19925.947626028323,19745.410192499217
2022-02-07,19906.847052893612,19726.482678559354
2022-02-08,20069.083808604195,19887.249501293605
2022-02-09,20422.2548492471,20237.22066434619
2022-02-10,20195.29763690238,20012.319779429734
2022-02-11,20111.231604409506,19929.015420410968
2022-02-14,20040.375749442377,19858.80154917512
2022-02-15,20417.13380013264,20232.14601408218
2022-02-16,20401.874437908544,20217.02490807279
2022-02-17,20191.84434053395,20008.89777137317
2022-02-18,19932.37191177132,19751.7762715219
2022-02-21,19612.790320363914,19435.090223222345
2022-02-22,19637.912605445592,19459.984889876127
2022-02-23,19543.814715344302,19366.739566081753
2022-02-24,19549.75487430387,19372.625904712502
2022-02-25,19794.205722403254,19614.861925714667
2022-02-28,19934.338171553536,19753.724716166722
2022-03-01,19832.618550647763,19652.41445846498
2022-03-02,20058.513157008874,19875.821533725753
2022-03-03,19993.515154287634,19812.096581789818
2022-03-04,19806.003317609113,19625.61979776607
2022-03-07,19417.232883931225,19240.646234320408
2022-03-08,19421.92268213998,19245.859596887327
2022-03-09,19564.080991061455,19387.14470780147
2022-03-10,19612.862080388437,19436.702777746268
2022-03-11,19733.85638727551,19556.66835681287
2022-03-14,19835.733952752133,19657.693391015644
2022-03-15,19603.839084573927,19427.216517539702
2022-03-16,19930.162031219686,19749.86041219948
2022-03-17,20122.218781114057,19938.71106590549
2022-03-18,20070.45217602754,19887.433844515344
2022-03-21,20125.096368026447,19942.0957922844
2022-03-22,20327.25776078052,20143.018625139157
2022-03-23,20303.677524479164,20120.10027011547
2022-03-24,20378.2877481318,20193.9068877052
2022-03-25,20368.531182930667,20184.599738533343
2022-03-28,20443.374964286228,20259.36475735408
2022-03-29,20589.722477549,20403.695673220853
2022-03-30,20600.17517383546,20412.76479061
2022-03-31,20395.77774463366,20209.94748576189
2022-04-01,20458.292090009214,20271.891285681995
2022-04-04,20488.480658901448,20301.807277917684
2022-04-05,20491.995244107675,20305.30105747682
2022-04-06,20529.36513691169,20342.33048847326
2022-04-07,20516.722303088456,20329.796041028807
2022-04-08,20600.832536610786,20413.145348671944
2022-04-11,20586.791904507732,20399.231614974728
2022-04-12,20652.993384279267,20464.84368664696
2022-04-13,20655.386454442654,20467.214955833642
2022-04-14,20640.849586380955,20452.810519293103
2022-04-18,20763.304187275287,20574.134920150926
2022-04-19,20888.828783814042,20698.48465954669
2022-04-20,20958.47864702551,20767.483356639623
2022-04-21,20863.175682466415,20673.07146820551
2022-04-22,20759.831496682134,20570.66120343368
2022-04-25,20477.18807163762,20290.60186905338
2022-04-26,20579.247303825025,20391.738782024295
2022-04-27,20669.85307920884,20481.518999759763
2022-04-28,20827.453737887892,20637.631231184383
2022-04-29,20688.574667690158,20500.001914278524
2022-05-02,20563.09195051238,20375.662950204278
2022-05-03,20630.251651897997,20442.21050261337
2022-05-04,20736.63196344999,20547.62117616079
2022-05-05,20687.946067334382,20499.37904350547
2022-05-06,20760.377625325407,20571.150400465558
2022-05-09,20514.463483320233,20327.477723017786
2022-05-10,20490.864350797692,20304.09369247638
2022-05-11,20455.483702000205,20269.03553212812
2022-05-12,20219.700595810256,20035.401547869296
2022-05-13,20367.903722486873,20182.2538288685
2022-05-16,20421.505599458655,20235.367134071035
2022-05-17,20576.223794445457,20388.675099667933
2022-05-18,20275.46480270226,20090.657473731582
2022-05-19,20171.34852164327,19987.490194433693
2022-05-20,20422.831040280096,20236.68049373033
2022-05-23,20607.42521594527,20419.592125647174
2022-05-24,20477.180154683276,20290.53422542527
2022-05-25,20431.552532943504,20245.3224915077
2022-05-26,20566.88742375988,20379.42382837443
2022-05-27,20735.866748952107,20546.862936459722
2022-05-30,20760.54025503046,20571.31154782918
2022-05-31,20913.106661273097,20722.4873378614
2022-06-01,20936.088234494604,20745.259438047196
2022-06-02,20867.17719149312,20676.976507195923
2022-06-03,20835.76192415415,20645.84758454509
2022-06-06,20922.035970782505,20731.335258270432
2022-06-07,20957.239501807097,20766.217915243436
2022-06-08,21035.085912621278,20843.35476958666
2022-06-09,20925.757919304076,20735.023281879723
2022-06-10,20645.883045670587,20457.699418955264
2022-06-13,20189.44972076984,20005.42640428409
2022-06-14,20193.01474655485,20008.958935480227
2022-06-15,20168.713676499956,19984.879365444773
2022-06-16,19677.920277916448,19498.559463175716
2022-06-17,19457.55066434291,19280.19848023369
2022-06-20,19565.34739537188,19387.012662841345
2022-06-21,20056.671978786228,19873.858908284063
2022-06-22,19806.362565851963,19625.831022035905
2022-06-23,19707.571708601165,19527.94062623607
2022-06-24,19926.242556066343,19744.618327026834
2022-06-27,20088.84872304382,19905.742367124076
2022-06-28,20245.79317115297,20061.256293934013
2022-06-29,20141.283544275495,19957.69925409623
2022-06-30,19890.805437396986,19709.50421151974
2022-07-01,19954.569335538294,19772.686912839425
2022-07-04,19939.027364826554,19757.28660448276
2022-07-05,19823.085213286275,19642.401245452533
2022-07-06,19865.610568662345,19684.538989623776
2022-07-07,20176.56443393135,19992.658564590063
2022-07-08,20232.33085734337,20047.916686769175
2022-07-11,20275.20111731167,20090.396191787386
2022-07-12,20135.17367786792,19951.645078056412
2022-07-13,20085.728659824817,19902.650742737693
2022-07-14,19899.048409897536,19717.672050762172
2022-07-15,20057.349209086613,19874.52996574827
2022-07-18,20234.49320582923,20050.05932582535
2022-07-19,20279.507164011608,20094.66298962193
2022-07-20,20252.886634749717,20068.28510184602
2022-07-21,20192.283432701737,20008.234287425483
2022-07-22,20345.85337667558,20160.40446811734
2022-07-25,20476.2169080523,20289.579758619522
2022-07-26,20417.141381576002,20231.042695273998
2022-07-27,20605.368017357898,20417.553678066506
2022-07-28,20645.82837041227,20457.645242052415
2022-07-29,20701.618309624784,20512.926665689596
2022-08-01,20714.310072056473,20492.944726191414
2022-08-02,20390.643567461044,20225.76767070933
2022-08-03,21007.01118159121,20808.515236579045
2022-08-04,20882.83990194351,20739.696042271702
2022-08-05,20527.62006229463,20381.03702129658
2022-08-08,20552.858745591362,20382.31637221034
2022-08-09,20379.757505644928,20176.503345962043
2022-08-10,20754.12612862607,20557.06183653675
2022-08-11,20747.311125975277,20547.96239095242
2022-08-12,20889.971842515806,20702.57492392599
2022-08-15,20979.102113426925,20789.973680341027
2022-08-16,21016.38408140187,20811.119580851795
2022-08-17,20745.1580909861,20550.68818808503
2022-08-18,20753.765302635686,20570.94967969992
2022-08-19,20504.999324407316,20315.00034679808
2022-08-22,20156.836573555243,19962.806089612037
2022-08-23,20483.29628182028,20276.868092903063
2022-08-24,20620.087125405295,20395.261385738737
2022-08-25,20888.411918406364,20671.82410855634
2022-08-26,20273.051996832804,20033.464464343488
2022-08-29,20552.207897649427,20278.68430263675
2022-08-30,20348.17311294493,20079.022182363642
2022-08-31,20260.79464760794,19982.588539252698
2022-09-01,20266.652711128194,19988.366164217463
2022-09-02,20112.832415723773,19836.658014289802
2022-09-05,20148.898722236634,19872.229085203453
2022-09-06,20019.97252837446,19745.073209597962
2022-09-07,20418.946648871548,20138.568915288106
2022-09-08,20434.17561791478,20153.588771496157
2022-09-09,20657.45425058974,20373.80150865439
2022-09-12,20994.75501626817,20706.470711997943
2022-09-13,20123.313442786053,19846.99512371207
2022-09-14,20467.002261216556,20185.96466383568
2022-09-15,20530.59135370718,20248.680598374536
2022-09-16,20346.812902077818,20067.425655260842
2022-09-19,20494.944289409417,20213.52301295483
2022-09-20,20485.66559535432,20204.371727000376
2022-09-21,20266.936263379037,19988.64582294046
2022-09-22,20142.098145879758,19865.521889284802
2022-09-23,19660.930570947578,19390.961348322257
2022-09-26,19514.67790008623,19246.716909966326
2022-09-27,19747.45438473219,19476.297081682005
2022-09-28,20226.45823069892,19948.723604390132
2022-09-29,19670.771163854828,19400.666817553254
2022-09-30,19296.336237935586,19031.37335253839
2022-10-03,19203.023660877832,18939.342074135275
2022-10-04,19617.481263074842,19348.10865391234
2022-10-05,19562.19836304026,19293.584857394904
2022-10-06,19658.88616405859,19388.94501370262
2022-10-07,19290.789652467764,19025.90292864195
2022-10-10,19131.36359890613,18868.665994643652
2022-10-11,18965.219766191687,18704.803525021358
2022-10-12,19131.001321832904,18868.308692088773
2022-10-13,19384.275211856504,19118.104814111808
2022-10-14,19055.47800729615,18793.822407332576
2022-10-17,19681.449962828647,19411.1989832308
2022-10-18,19712.71585761205,19442.035558085583
2022-10-19,20003.84606034891,19729.168178193682
2022-10-20,19979.6003871337,19705.255428464796
2022-10-21,20252.167162086986,19974.079519922903
2022-10-24,20131.29673180017,19854.868792160603
2022-10-25,20513.29019772587,20231.617008952657
2022-10-26,20538.979479883878,20256.953545063934
2022-10-27,20603.231053685955,20320.322864215388
2022-10-28,20734.44390507434,20449.73399867283
2022-10-31,20631.2872825013,20347.993845839315
2022-11-01,20805.224450237118,20519.542638223833
2022-11-02,20494.166525848625,20212.755929062696
2022-11-03,20582.241745080366,20299.62176512802
2022-11-04,20751.658937414322,20466.71264703895
2022-11-07,20592.091262265876,20309.336036095752
2022-11-08,20699.206086712533,20414.980039729366
2022-11-09,20223.86490554866,19946.165888845044
2022-11-10,20639.96994900582,20356.557288448603
2022-11-11,20594.324083170493,20311.538197570404
2022-11-14,20430.02011061599,20149.490324521706
2022-11-15,20382.484755365025,20102.607689286106
2022-11-16,20152.843851158897,19876.12004256023
2022-11-17,20087.11980667427,19811.298471594506
2022-11-18,20093.276758305914,19817.370880562223
2022-11-21,19984.629783151624,19710.215764570814
2022-11-22,20354.657916526965,20075.162947827517
2022-11-23,20463.051115663216,20182.067772463743
2022-11-24,20396.371837400195,20116.30408427683
2022-11-25,20217.64274518432,19940.02916654227
2022-11-28,19991.04623511818,19716.544110608545
2022-11-29,20108.728091355617,19832.61004744019
2022-11-30,20399.360917071554,20119.252120137353
2022-12-01,20488.540682925377,20207.207336015043
2022-12-02,20317.848180559435,20038.858655677534
2022-12-05,19978.615476602077,19704.2840419894
2022-12-06,19708.80757803166,19438.18094408304
2022-12-07,19690.060357617516,19419.691146505687
2022-12-08,19893.332723619835,19620.172328111486
2022-12-09,19774.161059055,19502.63703988832
2022-12-12,19835.457335565305,19563.09164168442
2022-12-13,20434.410852125697,20153.820775646494
2022-12-14,20349.731700657652,20070.304375077343
2022-12-15,19806.97837078412,19535.003728789387
2022-12-16,19822.193013464028,19550.00945535304
2022-12-19,19632.772844083967,19363.190262345517
2022-12-20,19797.69356332774,19525.84641337832
2022-12-21,20100.96467722639,19824.95323471877
2022-12-22,19843.12412532496,19570.653156810007
2022-12-23,19854.565664162914,19581.937588977216
2022-12-26,19805.00775376567,19533.06017081286
2022-12-27,19568.439890486807,19299.740680845578
2022-12-28,19371.398185304024,19105.404605275846
2022-12-29,19718.171218281674,19447.41600981467
2022-12-30,19734.935547187477,19463.950143469734
2023-01-03,19872.827545168082,19599.955993962667
2023-01-04,19840.61397384635,19568.02562712541
2023-01-05,19737.561581863833,19466.435063386827
2023-01-06,20345.894548796594,20066.434745119554
2023-01-09,20761.386938868865,20476.141377344862
2023-01-10,20781.622945437335,20495.920420465867
2023-01-11,20642.95198855986,20359.133357513576
2023-01-12,20781.941986729224,20496.194131841425
2023-01-13,20767.852026691424,20482.32043967237
2023-01-16,20684.79014184554,20400.480786238724
2023-01-17,20628.259316631076,20344.65490045453
2023-01-18,20630.96247988176,20347.3803144178
2023-01-19,20558.740526554546,20276.21201052733
2023-01-20,20366.159119941014,20086.405748698035
2023-01-23,20491.575080943676,20210.05144327612
2023-01-24,20671.6161906437,20387.616142230683
2023-01-25,20612.191010840033,20328.985299488086
2023-01-26,20280.851190615107,20002.27212861222
2023-01-27,20433.505307904452,20152.934211672913
2023-01-30,20318.34994697121,20039.36717718261
2023-01-31,20194.030257402585,19916.672667107825
2023-02-01,20662.85090958247,20379.054239781955
2023-02-02,21423.692909027282,21129.44635374719
2023-02-03,21472.984246260345,21178.060692563246
2023-02-06,21495.670830074036,21200.435684478813
2023-02-07,21876.80681446164,21576.336906074797
2023-02-08,21445.285319895593,21150.74220078101
2023-02-09,21283.101200784597,20990.78562099165
2023-02-10,21023.566190765967,20734.815229033822
2023-02-13,21213.107008478044,20921.752773214415
2023-02-14,21422.662550279394,21128.43014659836
2023-02-15,21358.049019377973,21064.70405881764
2023-02-16,21555.065464966563,21259.014555870926
2023-02-17,21338.49424903554,21045.417866065305
2023-02-20,21418.620157528087,21124.443274627112
2023-02-21,21219.85009905514,20928.403249918505
2023-02-22,21099.96579126909,20810.165509078124
2023-02-23,21485.52243495919,21190.426673844355
2023-02-24,21200.20646589277,20909.029414844437
2023-02-27,21296.788772775868,21004.285199207723
2023-02-28,21367.379820929957,21073.906705236597
2023-03-01,21713.490531765838,21415.263712551736
2023-03-02,21490.36413566916,21195.201875572966
2023-03-03,22974.48078711406,22658.934729781045
2023-03-06,22835.43031803559,22521.794067835734
2023-03-07,22777.86256205979,22465.016983849266
2023-03-08,22861.475363930145,22547.481394588725
2023-03-09,22639.188417973986,22328.247478211037
2023-03-10,22420.954330406665,22113.01075570043
2023-03-13,22443.800466176206,22135.54310818433
2023-03-14,22302.937918750715,21996.6152561227
2023-03-15,22617.576962364117,22306.932848008204
2023-03-16,22945.685633958172,22630.53506748011
2023-03-17,23124.123512447826,22806.522167231473
2023-03-20,22914.16338196095,22599.44576203903
2023-03-21,23290.516300536885,22970.629611475913
2023-03-22,23259.672515842492,22940.209454838398
2023-03-23,23602.912382499188,23278.735047964965
2023-03-24,23533.77595605041,23210.54818494642
2023-03-27,23469.11759780767,23146.777885511463
2023-03-28,23714.90754171761,23389.191994796383
2023-03-29,23941.35044036836,23612.524783384473
2023-03-30,24067.30019478414,23736.744664172373
2023-03-31,24303.252636970086,23969.45638620713
2023-04-03,23796.841519046746,23470.000639033235
2023-04-04,23660.256364557117,23335.291431486166
2023-04-05,23034.339331477986,22717.971139018315
2023-04-06,23019.864473617476,22703.69508801532
2023-04-07,23219.536664074698,22900.624854256665
2023-04-10,23529.98588905536,23206.81017312983
2023-04-11,23576.434590139554,23252.620918360695
2023-04-12,23286.2145067693,22966.3869012661
2023-04-13,23486.684480946948,23164.103493961422
2023-04-14,23430.119784361123,23108.315692712524
2023-04-17,23590.220389299862,23266.21737463171
2023-04-18,23725.98138279411,23400.113740732042
2023-04-19,23408.130562386486,23086.628484627225
2023-04-20,23048.78940256955,22732.222743689537
2023-04-21,22705.410439230807,22393.559964322772
2023-04-24,22594.594860176338,22284.2663965549
2023-04-25,22137.412771763375,21833.36353624806
2023-04-26,22283.85653189941,21977.795945113092
2023-04-27,22599.335374889957,22288.94180203966
2023-04-28,22779.3816152516,22466.515173403302
2023-05-01,22760.23311873114,22447.62967445118
2023-05-02,22662.178996974042,22350.922290050734
2023-05-03,22356.452206300284,22049.394544583352
2023-05-04,22317.664943331845,22011.140010429022
2023-05-05,22699.42248590623,22387.65425333833
2023-05-08,22884.28632470533,22569.97905519391
2023-05-09,22709.79555942017,22397.884856496566
2023-05-10,22877.67941430896,22563.462888285765
2023-05-11,22664.635614375973,22353.345166714724
2023-05-12,22630.563695121204,22319.74121275964
2023-05-15,22755.52283887043,22442.98408855473
2023-05-16,22878.02859231414,22563.807270459263
2023-05-17,23270.123771726416,22950.51716656049
2023-05-18,23692.685118138237,23367.274788044768
2023-05-19,23587.055922512904,23263.096370634084
2023-05-22,23870.798865364508,23542.94220835663
2023-05-23,23703.094401213486,23377.541103439286
2023-05-24,23646.67901756476,23321.90056436913
2023-05-25,24563.34308622371,24225.97458864604
2023-05-26,25222.827375124984,24876.40110300328
2023-05-29,25415.934018949476,25066.855497984012
2023-05-30,25529.364891156758,25178.72843881359
2023-05-31,25385.79633059583,25037.131739713288
2023-06-01,25651.656288276605,25299.340208499652
2023-06-02,25731.322106826243,25377.911846284976
2023-06-05,25956.93180788493,25600.422880943977
2023-06-06,25953.254268254528,25596.795850969997
2023-06-07,25273.5029007566,24926.38061889852
2023-06-08,25677.29500430916,25324.626786182107
2023-06-09,25715.873781232116,25362.675697770224
2023-06-12,26284.705203994115,25923.694429816693
2023-06-13,26411.316384944406,26048.56665268852
2023-06-14,26798.237078844606,26430.173132936103
2023-06-15,26823.84513321979,26455.42947008777
2023-06-16,26396.22017423997,26033.677782894752
2023-06-19,26498.332399517258,26134.38753425368
2023-06-20,26539.071509953334,26174.567107967403
2023-06-21,26059.45604869161,25701.53898895029
2023-06-22,26216.258264952743,25856.187584349176
2023-06-23,26303.610920232186,25942.340482984433
2023-06-26,25716.32681909886,25363.122513328213
2023-06-27,26181.315819830565,25821.72506087981
2023-06-28,26284.07033318375,25923.068278723767
2023-06-29,26464.38135296821,26100.902792862067
2023-06-30,27001.951333904362,26631.089447506896
2023-07-03,26955.96563642632,26585.735346697667
2023-07-04,26749.786508420686,26382.38801330578
2023-07-05,26648.332723301228,26282.327658670885
2023-07-06,26505.754532185016,26141.707726654648
2023-07-07,26649.636587314635,26283.61361459085
2023-07-10,26641.429751949785,26275.51949709617
2023-07-11,26655.229115037575,26289.129330999105
2023-07-12,26888.119124569508,26518.820681767826
2023-07-13,27275.534601271433,26900.915149157026
2023-07-14,27127.44062042036,26754.855184752516
2023-07-17,27590.635459281686,27211.688212588204
2023-07-18,27927.27857097117,27543.7076547547
2023-07-19,27469.410291207274,27092.128027683153
2023-07-20,26279.520851056386,25918.58128206282
2023-07-21,26219.50234156463,25859.387104760004
2023-07-24,26493.541863209648,26129.662794203123
2023-07-25,26834.762471010017,26466.196862252284
2023-07-26,26387.3357882552,26024.915420689078
2023-07-27,26210.473529558552,25850.482300171432
2023-07-28,27060.61240736344,26688.944832662455
2023-07-31,27065.571219458252,26693.835537294035
2023-08-01,27108.629502350177,26736.302430481537
2023-08-02,26351.80412604999,25989.871772816947
2023-08-03,26537.537076519508,26173.053749413295
2023-08-04,26832.174055181396,26463.64399736458
2023-08-07,27238.612897197716,26864.500551131005
2023-08-08,27027.24906849197,26656.039726999286
2023-08-09,26422.41238561218,26059.51025386155
2023-08-10,26428.669333066005,26065.681264439663
2023-08-11,26125.19453950871,25766.37458573529
2023-08-14,26663.83750184071,26297.6194847705
2023-08-15,26416.62615998719,26053.8034999208
2023-08-16,26097.46508958531,25739.025989624275
2023-08-17,25810.43220453841,25455.935395854416
2023-08-18,25573.140839898224,25221.903140973674
2023-08-21,26330.356064447456,25968.718292464746
2023-08-22,26184.606842363577,25824.970882426773
2023-08-23,26599.05522304421,26233.726966785074
2023-08-24,25976.823831768652,25620.041695184
2023-08-25,26142.73189932666,25783.671076355895
2023-08-28,26358.092161508826,25996.073444417725
2023-08-29,27324.617133627977,26949.32355095484
2023-08-30,27281.613488471354,26906.91054507341
2023-08-31,27478.281717552778,27100.877608245388
2023-09-01,27311.706007801607,26928.781160917475
2023-09-04,27198.93800192412,26816.413855552524
2023-09-05,27259.78541041684,26878.56618124615
2023-09-06,27230.78719451822,26842.11688513761
2023-09-07,27223.861535849574,26833.768162221964
2023-09-08,27236.91859021881,26848.627152066314
2023-09-11,27371.102455108765,26985.42406653801
2023-09-12,27327.104701236203,26939.136743138642
2023-09-13,27385.958302060295,26986.6333810626
2023-09-14,27754.065793077752,27355.049320851158
2023-09-15,27458.99612353925,27069.078674373028
2023-09-18,27002.675874673114,26611.665454797203
2023-09-19,27004.434924640682,26618.789171439716
2023-09-20,26592.975873411648,26215.71524598892
2023-09-21,26362.32869321481,25988.34013659486
2023-09-22,26481.25120153074,26109.386314518826
2023-09-25,26456.338193963897,26080.922456406974
2023-09-26,26388.674639401892,26011.27038971609
2023-09-27,26561.91453972674,26177.084086561732
2023-09-28,26959.00620066279,26569.14308062308
2023-09-29,27019.997015497644,26636.628895761653
2023-10-02,27032.863204761456,26649.312535531342
2023-10-03,26642.841890037962,26264.82496450133
2023-10-04,26831.044996738638,26450.357787000907
2023-10-05,26675.806765018515,26297.32212358497
2023-10-06,26477.529830905158,26101.858404268583
2023-10-09,26226.96750091567,25854.85113053131
2023-10-10,26172.822949586218,25801.474798932795
2023-10-11,26540.392844534806,26163.82949791311
2023-10-12,26087.23842882283,25717.10457796318
2023-10-13,26104.00047462944,25733.628798651604
2023-10-16,25422.261725775945,25061.562771158853
2023-10-17,25420.416786315825,25059.744008273494
2023-10-18,25259.513851239524,24901.12401407408
2023-10-19,25148.439058983997,24791.625185510657
2023-10-20,24608.015778972345,24258.86959904467
2023-10-23,24644.859629865725,24295.190697924685
2023-10-24,24528.910865908314,24180.88705108548
2023-10-25,24243.169598038377,23899.199969177575
2023-10-26,23355.790071969626,23024.410859762313
2023-10-27,23683.92351814574,23347.888646568408
2023-10-30,23739.095297749463,23402.277631807014
2023-10-31,23316.76277127679,22985.937290547547
2023-11-01,23665.484416880718,23330.31299689455
2023-11-02,23737.04503010321,23401.411509839534
2023-11-03,23812.826196798134,23475.759837415288
2023-11-06,23563.82531609595,23230.264476972963
2023-11-07,23729.398099883932,23394.081885579093
2023-11-08,23632.43655557721,23298.828830691604
2023-11-09,23456.98205235213,23125.473433006035
2023-11-10,23672.8894410348,23339.05814843999
2023-11-13,23691.823738123487,23357.93376166174
2023-11-14,23453.89719774515,23123.40635077598
2023-11-15,23591.88663427896,23258.93475657187
2023-11-16,23533.60237396305,23201.71941369172
2023-11-17,23324.67290987602,22995.96568328369
2023-11-20,23559.474546563117,23227.457525672693
2023-11-21,23431.0822370648,23100.728977283
2023-11-22,23601.843868430562,23269.349570628903
2023-11-23,23595.95401959856,23263.749484641652
2023-11-24,23604.108891055534,23271.872025559107
2023-11-27,23644.682361849278,23312.403106806374
2023-11-28,23584.71378763214,23253.424861854186
2023-11-29,23395.365677137786,23066.456909674704
2023-11-30,23514.360649206184,23183.917932935434
2023-12-01,23829.65945275421,23494.785903996217
2023-12-04,23424.225424391865,23095.04936082597
2023-12-05,23811.72291404693,23477.10142396318
2023-12-06,23720.7867198308,23387.44313831842
2023-12-07,24091.782456389265,23753.22534427139
2023-12-08,24200.017662746377,23859.939542419168
2023-12-11,24418.73557259358,24075.583852209573
2023-12-12,24745.149460276905,24397.410709299817
2023-12-13,24909.169411837574,24559.125720525302
2023-12-14,24623.561901699853,24277.531796929237
2023-12-15,24592.197479413495,24246.608132741687
2023-12-18,24717.3022412892,24369.95482184011
2023-12-19,24791.334053707862,24442.946279662232
2023-12-20,24494.717315200513,24150.49783823197
2023-12-21,24984.968826296576,24633.859940621624
2023-12-22,24835.928205605473,24486.913758655457
2023-12-25,24723.443676298808,24376.00995246336
2023-12-26,24906.166409244182,24556.164918540664
2023-12-27,24964.174049421916,24613.357388683766
2023-12-28,24807.16393170508,24458.55370347659
2023-12-29,24744.216652504943,24396.491010093225
2024-01-02,24368.390497119522,24025.94626624537
2024-01-03,23969.526386726953,23632.687315271218
2024-01-04,24097.831250250965,23759.189135614677
2024-01-05,24156.786095754247,23817.315500191937
2024-01-08,24579.61653006248,24234.203981014
2024-01-09,24690.010933540874,24343.047033507744
2024-01-10,24796.443547522213,24447.98397075823
2024-01-11,24921.08459657343,24570.87346349789
2024-01-12,24555.23604433997,24210.166109494192
2024-01-15,24390.0104336976,24047.26238207853
2024-01-16,24286.680693044094,23945.384714083197
2024-01-17,24405.62976503717,24062.662218006295
2024-01-18,24679.667665303394,24332.849117198064
2024-01-19,25187.895617325943,24833.93504110186
2024-01-22,24893.518029625866,24543.694284130037
2024-01-23,24953.14162089296,24602.479996717542
2024-01-24,25727.998651583694,25366.448112937553
2024-01-25,25650.748862028973,25290.283899583377
2024-01-26,25476.95177127667,25118.929145393184
2024-01-29,25627.81733333463,25267.674623181712
2024-01-30,25385.44293055221,25028.706260529612
2024-01-31,25158.361752969802,24804.81621037158
2024-02-01,25484.17288599811,25126.048783200218
2024-02-02,26241.30892669369,25872.544939035386
2024-02-05,26444.535186655106,26072.915300069286
2024-02-06,26332.51834715105,25962.47261132638
2024-02-07,26577.978314473803,26204.483177683145
2024-02-08,26543.71307017543,26170.699456168593
2024-02-09,26921.77866798708,26543.452171995777
2024-02-12,26977.04071870117,26597.93763590757
2024-02-13,26689.303438079016,26314.243871075596
2024-02-14,27340.776192181453,26956.56160584098
2024-02-15,27580.97269965085,27193.382678717408
2024-02-16,27315.140046543704,26931.28571994942
2024-02-19,27303.635857079382,26919.9431966121
2024-02-20,27070.750596399008,26690.330627001953
2024-02-21,26850.782279539195,26473.4534819244
2024-02-22,27974.595454363876,27581.473929759395
2024-02-23,27979.625810517042,27586.433595300314
2024-02-26,28085.653156259017,27690.970959466835
2024-02-27,28176.457791903667,27780.49953530701
2024-02-28,28041.781601232127,27647.715922831692
2024-02-29,28569.034271163608,28167.559214000452
2024-03-01,29263.477843231867,28852.24390622186
2024-03-04,29767.78577950594,29349.464901592655
2024-03-05,29297.124555026327,28885.417787348935
2024-03-06,29705.44263270238,29287.997850851323
2024-03-07,30109.26184743807,29686.142273055324
2024-03-08,29335.95907411596,28923.706572528794
2024-03-11,28980.668259638227,28573.40859045478
2024-03-12,29540.715027566446,29125.585130568023
2024-03-13,29719.34433504667,29301.704195288512
2024-03-14,29346.563856505185,28934.16232798293
2024-03-15,29235.930054867342,28825.083241545297
2024-03-18,29580.292287817945,29164.606219313293
2024-03-19,29322.299463241725,28910.238917497525
2024-03-20,29946.075756040485,29525.24940391896
2024-03-21,29956.98378473475,29536.00414421705
2024-03-22,30266.59621193954,29841.265648470413
2024-03-25,30547.50163253346,30118.22356006841
2024-03-26,30399.621030913753,29972.42109565226
2024-03-27,30312.050778722958,29886.081451107155
2024-03-28,30424.713169220784,29997.160619041842
2024-03-29,30205.892129614043,29781.41462875426
2024-04-01,30560.89887645218,30131.432535135715
2024-04-02,30425.001339646456,29997.444739864808
2024-04-03,30729.491224857877,30297.65568820665
2024-04-04,30179.971261479917,29755.858021515935
2024-04-05,30782.235911560307,30349.659164131423
2024-04-08,30738.690268512855,30306.725459498335
2024-04-09,30467.746401098106,30039.589113318867
2024-04-10,30257.048653217164,29831.852259725492
2024-04-11,31025.373191492683,30589.379683369953
2024-04-12,30036.759798281295,29614.659081030844
2024-04-15,29612.958660381857,29196.81353772551
2024-04-16,29947.976472560687,29527.12341004125
2024-04-17,29174.09034998821,28764.112557957396
2024-04-18,29231.27802316591,28820.496583936518
2024-04-19,28093.12175601237,27698.334604447016
2024-04-22,28427.735677122775,28028.2462614966
2024-04-23,29189.28996854912,28779.098579248173
2024-04-24,28684.947113682003,28281.843155988518
2024-04-25,28734.827527658992,28331.022610252872
2024-04-26,29108.395587590872,28699.340991221437
2024-04-29,29118.060014237613,28708.869605568627
2024-04-30,28872.124036157657,28466.38971774082
2024-05-01,28644.9659626208,28242.423852232165
2024-05-02,28857.664274251834,28452.1331560441
2024-05-03,29081.903828660787,28673.221515803973
2024-05-06,29558.03641272818,29142.663101688115
2024-05-07,29316.27614433798,28904.300243117596
2024-05-08,29537.570889762133,29122.48517671802
2024-05-09,29565.310904380876,29149.835366330808
2024-05-10,29369.419001769544,28956.696294356043
2024-05-13,29550.34531972838,29135.080090115658
2024-05-14,29623.999147526036,29207.698875060807
2024-05-15,29991.968169217966,29570.49689997994
2024-05-16,29703.447302547578,29286.030560681385
2024-05-17,29879.30460256232,29459.41657241575
2024-05-20,30263.15737929451,29837.87514106873
2024-05-21,30274.15154944031,29848.71481228937
2024-05-22,30205.57977766366,29781.10666622483
2024-05-23,30114.181148827072,29690.992444462994
2024-05-24,30471.658346083448,30043.446084505613
2024-05-27,30589.69884620889,30159.827784544024
2024-05-28,30888.0137237066,30453.950501349176
2024-05-29,30822.318154551915,30389.178139193067
2024-05-30,30692.104810515997,30260.794657841478
2024-05-31,30685.373014964145,30254.157462897347
2024-06-03,30920.64914188202,30486.127300368855
2024-06-04,30845.83428211744,30412.36379921219
2024-06-05,31328.462233473234,30888.209474257208
2024-06-06,31043.997657745233,30607.742423636886
2024-06-07,30887.47121971146,30453.415621056687
2024-06-10,31163.06528231071,30725.13681413624
2024-06-11,31260.997316606685,30821.692628686957
2024-06-12,31647.7125320124,31202.973410722003
2024-06-13,31560.382606928524,31116.870716013935
2024-06-14,31565.14789638494,31121.5690397886
2024-06-17,31626.906911982405,31182.460168005553
2024-06-18,31912.867513159403,31464.402220721502
2024-06-19,31820.778811440676,31373.607623536915
2024-06-20,31538.94263650979,31095.732037310823
2024-06-21,31360.347051521232,30919.646221186413
2024-06-24,31317.84450940007,30877.740958986087
2024-06-25,31641.360984227584,31196.71111999732
2024-06-26,31784.73332830913,31338.068680537726
2024-06-27,31773.122220100457,31326.620740964285
2024-06-28,31506.645515899687,31063.888781826856
2024-07-01,31798.139073701634,31351.286037609265
2024-07-02,32153.525267834237,31701.67805898649
2024-07-03,32825.61617000409,32364.324199012593
2024-07-04,32725.501200345363,32265.61612546331
2024-07-05,33094.623468998834,32629.55119098974
2024-07-08,33075.4164334372,32610.61406814643
2024-07-09,33261.650762056095,32794.23128212931
2024-07-10,33416.026101304924,32946.43721489553
2024-07-11,32430.974086105383,31975.22794321883
2024-07-12,32441.766805506224,31985.868994642482
2024-07-15,32669.490268393187,32210.39230419516
2024-07-16,32479.432862580805,32023.005737975695
2024-07-17,31352.854079048026,30912.25854599147
2024-07-18,30847.970065284182,30414.46956863532
2024-07-19,30865.34862503435,30431.603910880516
2024-07-22,31539.473209820644,31096.255154578572
2024-07-23,31406.84474432019,30965.490490992557
2024-07-24,30020.631996127584,29598.757919729942
2024-07-25,29546.334526719336,29131.125659997153
2024-07-26,29699.60692789473,29282.24415406322
2024-07-29,29737.033825322087,29319.14509861301
2024-07-30,29196.369811372417,28786.078930423417
2024-07-31,30144.181931614425,29720.571632110965
2024-08-01,29318.334091310913,28906.329270163737
2024-08-02,29144.715482966403,28735.150490202926
2024-08-05,27987.83736960499,27594.529758952656
2024-08-06,28059.774938751252,27665.45640349394
2024-08-07,27919.815857257487,27527.464139629006
2024-08-08,28511.6937775612,28111.02451515217
2024-08-09,28438.30440366728,28038.666467791718
2024-08-12,28562.667557787998,28161.281970804044
2024-08-13,29098.49730436269,28689.581806633636
2024-08-14,29108.08711361989,28699.03685217489
2024-08-15,29511.45172676566,29096.733061216295
2024-08-16,29574.99563285856,29159.383997211262
2024-08-19,29788.415577248652,29369.80479281807
2024-08-20,29753.600056472613,29335.47852775369
2024-08-21,29629.78986237799,29213.40821412824
2024-08-22,29337.827611164783,28925.548851391515
2024-08-23,29638.555844415103,29222.05100953237
2024-08-26,29207.46142747047,28797.01467820739
2024-08-27,29286.127374687898,28874.575148237313
2024-08-28,29319.601396511072,28907.578766171526
2024-08-29,28950.88716106857,28544.045999845068
2024-08-30,29249.80604623853,28838.764236320647
2024-09-02,29262.751730686163,28851.527997593894
2024-09-03,29085.534511429883,28676.80117729741
2024-09-04,29293.083151894538,28881.433177265793
2024-09-05,29958.97272002586,29537.965129389082
2024-09-06,29057.363921894063,28649.02646355273
2024-09-09,29284.84660921645,28873.31238111282
2024-09-10,29769.929287829636,29351.578287612647
2024-09-11,29967.29911322103,29546.174513407383
2024-09-12,30440.099269732844,30012.33050168934
2024-09-13,30077.035411405912,29654.36870883275
2024-09-16,29708.98514205702,29291.490578014105
2024-09-17,29668.05848180881,29251.13905212664
2024-09-18,29727.943384652397,29310.182404130108
2024-09-19,30388.599058047774,29961.55401241765
2024-09-20,30147.525251227835,29723.86796870706
2024-09-23,30284.110620214393,29858.533930187536
2024-09-24,30609.299485403797,30179.152979785646
2024-09-25,30399.29591521801,29972.100548743885
2024-09-26,30397.06842511314,29969.90436112228
2024-09-27,30233.269646061726,29808.407414311983
2024-09-30,30160.332365455943,29736.495107061008
2024-10-01,30329.50068052382,29903.28613284715
2024-10-02,30094.97572683955,29672.056912518558
2024-10-03,29760.41658789006,29342.19926778689
2024-10-04,29745.188034420997,29327.18471820459
2024-10-07,29830.84132849395,29411.63434326976
2024-10-08,29896.295837814032,29476.16903315804
2024-10-09,29954.70210793827,29533.754531378887
2024-10-10,30390.035898211543,29962.97066094733
2024-10-11,30368.044906725332,29941.288704568164
2024-10-14,30368.044906725332,29941.288704568164
2024-10-15,30404.41833515583,29977.150984315093
2024-10-16,30513.00559932885,30084.212292879067
2024-10-17,31417.523605470134,30976.019284193073
2024-10-18,31452.190065754778,31010.198583484027
2024-10-21,31319.636024505417,30879.50729827965
2024-10-22,31233.02636949878,30794.114751834146
2024-10-23,31233.026369498777,30794.11475183413
2024-10-24,30727.701591712084,30295.891204425854
2024-10-25,30819.236047062946,30386.13934395849
2024-10-28,30806.124317830778,30373.21187129562
2024-10-29,30505.84057873672,30077.14796092151
2024-10-30,30401.345409859096,29974.12124223719
2024-10-31,30879.154383118195,30445.21565934321
2024-11-01,30670.98693858932,30239.973551243227
2024-11-04,30415.63759230749,29988.212579437837
2024-11-05,31061.98057504844,30625.47263051648
2024-11-06,30526.38350201489,30097.402198512227
2024-11-07,30888.25245704079,30454.18587981044
2024-11-08,30721.100364416372,30289.382742887643
2024-11-11,31025.345795874815,30589.35267273735
2024-11-12,30848.13693885482,30414.63409716428
2024-11-13,30952.398402119405,30517.430394454866
2024-11-14,30672.173443860353,30241.143382787486
2024-11-15,30345.926478719648,29919.481102509984
2024-11-18,30404.67503580342,29977.404077598592
2024-11-19,31021.41628004434,30585.47837762515
2024-11-20,31087.499636534463,30650.633077617025
2024-11-21,30726.261228148167,30294.471082009684
2024-11-22,30846.68831796824,30413.205833464006
2024-11-25,30449.80042615336,30021.895329653962
2024-11-26,30083.19342094432,29660.44018106618
2024-11-27,30216.23678793747,29791.613915615268
2024-11-28,30349.701322637247,29923.202899283493
2024-11-29,31027.61479591261,30591.5897869609
2024-12-02,31140.128447766252,30702.52230644651
2024-12-03,31052.13358498552,30615.764018281134
2024-12-04,31492.66585659518,31050.10557594337
2024-12-05,31239.81620801182,30800.80917407305
2024-12-06,31519.939252151096,31076.995703799857
2024-12-09,31189.932949444355,30751.62691519268
2024-12-10,30805.955958336213,30373.045877724104
2024-12-11,31312.673710059396,30872.642823878294
2024-12-12,31328.925368623273,30888.666101059418
2024-12-13,31506.23291530265,31063.48197942537
2024-12-16,31879.253803366435,31431.260877825192
2024-12-17,31791.455975363275,31344.69685554615
2024-12-18,30940.60182338462,30505.799590736347
2024-12-19,30822.5004445964,30389.357867551116
2024-12-20,31012.678939573583,30576.863821293005
2024-12-23,31141.186080616764,30703.565076589173
2024-12-24,31589.76369618192,31145.8389185601
2024-12-25,31563.44641573768,31119.89146971641
2024-12-26,31289.09391302329,30849.394389123216
2024-12-27,30837.88727982322,30404.52847458857
2024-12-30,30377.77798631297,29950.8850070898
2024-12-31,30314.95080762051,29888.94072646515
2025-01-02,29956.747066717715,29535.770752752036
2025-01-03,30655.31420299005,30224.521061535375
2025-01-06,30796.4244013663,30363.64826586213
2025-01-07,30394.680474466073,29967.549967879087
2025-01-08,30266.00974354408,29840.687421600713
2025-01-09,30237.883692860185,29812.956620812176
2025-01-10,29857.06351519257,29437.48803470159
2025-01-13,29790.311134668933,29371.673712340227
2025-01-14,29740.557721377758,29322.61947404586
2025-01-15,30374.40176896857,29947.55623506816
2025-01-16,30169.74782031316,29745.778248370552
2025-01-17,30888.44948537892,30454.380139347806
2025-01-20,30807.762952904664,30374.827478950923
2025-01-21,30981.191400478056,30545.818770432765
2025-01-22,31424.618154040232,30983.014134458143
2025-01-23,31623.271448835814,31178.875793312287
2025-01-24,31672.192450511797,31227.109317709273
2025-01-27,30487.35718405768,30058.9243097768
2025-01-28,31034.69461000336,30598.570109807395
2025-01-29,30835.187347779058,30401.866484161983
2025-01-30,30923.18983957978,30488.63229413822
2025-01-31,30837.241818870203,30403.89208417226
2025-02-03,30948.42410580558,30513.511948150706
2025-02-04,31887.819207510674,31439.705914018443
2025-02-05,31180.794753750437,30742.61713677757
2025-02-06,31492.127901735174,31049.575180857937
2025-02-07,31147.802704565365,30710.08871841413
2025-02-10,31576.6963242162,31132.955179819714
2025-02-11,31226.437168568853,30787.618147657566
2025-02-12,31588.801848947085,31144.890587976584
2025-02-13,31885.488154312123,31437.407618655074
2025-02-14,31618.937817936254,31174.603062081118
2025-02-17,31620.795560605548,31176.434698255624
2025-02-18,31454.393460423587,31012.371014278015
2025-02-19,31203.840819439934,30765.339340608363
2025-02-20,30792.486411360544,30359.76561566059
2025-02-21,29762.07358165412,29343.832976141268
2025-02-24,28878.004712008085,28472.187753602386
2025-02-25,28130.30501575956,27734.995335109317
2025-02-26,28325.648336418864,27927.593534247048
2025-02-27,27537.320383626728,27150.34380016216
2025-02-28,28177.896894167618,27781.918414148007
2025-03-03,27955.118414777586,27562.27059720525
2025-03-04,27419.454534242162,27034.1342965319
2025-03-05,27806.287396178577,27415.531071833964
2025-03-06,26615.229998936775,26241.21137150218
2025-03-07,26903.925229987875,26525.84962487288
2025-03-10,25970.62412900416,25605.66402192496
2025-03-11,26351.666830305247,25981.352004587876
2025-03-12,26657.540229009537,26282.92702417776
2025-03-13,26267.052036798355,25897.926286243175
2025-03-14,26781.901081654658,26405.540258056684
2025-03-17,26902.843407591885,26524.783005115656
2025-03-18,26556.414883785554,26183.222773673646
2025-03-19,27094.96047205042,26714.200286000716
2025-03-20,27030.54608850879,26650.691105206533
2025-03-21,27425.13962057903,27039.739491461187
2025-03-24,27997.314593126717,27603.87380090382
2025-03-25,28040.826544714633,27646.77428753687
2025-03-26,27497.121712870594,27110.7100334727
2025-03-27,27517.0071714282,27130.316045566153
2025-03-28,26823.178549712466,26446.2376619201
2025-03-31,26774.659149732346,26398.40009558879
2025-04-01,26753.030282667485,26377.07517476722
2025-04-02,27044.93270937823,26664.875553703532
2025-04-03,26180.172315847703,25812.267469037553
2025-04-04,24162.584669433454,23823.032587648104
2025-04-07,24631.290420227182,24285.15170809561
2025-04-08,24068.59976080661,23730.36843058064
2025-04-09,26477.551352466064,26105.467496152396
2025-04-10,25236.874862733446,24882.22599074261
2025-04-11,25262.033584781806,24907.031162185212
2025-04-14,25286.32397167432,24930.980201016268
2025-04-15,25467.954308639008,25110.058122340186
2025-04-16,25112.387630065576,24759.48815283471
2025-04-17,25023.656773651455,24672.004213810687
2025-04-18,24966.262886777542,24615.416872016132
2025-04-21,24346.191815523576,24004.05953838501
2025-04-22,24906.736692832586,24556.727188045228
2025-04-23,25758.454035217994,25396.47551301564
2025-04-24,26598.504734674847,26224.72114411131
2025-04-25,26386.374602356507,26015.572035099183
2025-04-28,26816.37074315334,26439.5255241365
2025-04-29,26618.409982445715,26244.34666732408
2025-04-30,26437.842970624213,26066.317128442843
2025-05-01,26055.45608901105,25689.30385497117
2025-05-02,26654.799075803312,26279.931770031017
2025-05-05,26197.705499100826,25829.266658127573
2025-05-06,25652.61108365857,25291.46448520511
2025-05-07,25614.60037958663,25254.45887713351
2025-05-08,25554.459082417008,25194.844410744634
2025-05-09,25668.139946151186,25307.382564676293
2025-05-12,25888.589197291058,25524.73347309417
2025-05-13,26957.51759487348,26578.82870370922
2025-05-14,27175.496459572187,26793.586559715557
2025-05-15,27154.481787609973,26772.783884300607
2025-05-16,27354.73084823111,26970.7832050306
2025-05-19,27130.146243061754,26748.960211386406
2025-05-20,27137.473592174585,26756.184609224812
2025-05-21,26607.721491765788,26234.17111636609
2025-05-22,26572.754377922396,26199.886951657212
2025-05-23,26604.73437492419,26231.655760960817
2025-05-26,26448.974096196704,26078.043338419833
2025-05-27,26659.896174808582,26286.451182887544
2025-05-28,26624.13894650812,26251.522135451418
2025-05-29,26450.860499260216,26080.79470742088
2025-05-30,26397.795578265544,26028.333982027933
2025-06-02,26571.629495398065,26199.734932501793
2025-06-03,26635.9606279857,26263.165691311508
2025-06-04,25843.24182024784,25481.541717428474
2025-06-05,25478.67332890947,25122.075699754936
2025-06-06,25475.41597684231,25118.8639373466
2025-06-09,25933.293936663904,25570.333471077614
2025-06-10,26195.748982655616,25829.115215639842
2025-06-11,26431.357540356228,26061.426213377265
2025-06-12,26250.798060046138,25883.393830211076
2025-06-13,26120.297110370753,25754.71936218393
2025-06-16,26199.439953952886,25832.754528375583
2025-06-17,25901.848299968777,25539.327945189976
2025-06-18,25889.423700360596,25527.077239359798
2025-06-19,25482.555867100265,25125.903898228116
2025-06-20,25445.65711174343,25089.521575124607
2025-06-23,25311.914754770245,24957.65106629668
2025-06-24,26317.061012346203,25948.729371127287
2025-06-25,26366.667249415284,25997.64132296803
2025-06-26,26307.343461292552,25939.147826200104
2025-06-27,25905.05773038224,25542.492456652544
2025-06-30,26054.629919669518,25689.97124463126
2025-07-01,25351.604357720706,24996.785176497153
2025-07-02,25798.737294756906,25437.660073987652
2025-07-03,26030.95666835668,25666.62932239447
2025-07-04,26099.587584666562,25734.29968547119
2025-07-07,25955.874673606755,25592.598169694847
2025-07-08,26315.737411034737,25947.42429484198
2025-07-09,26636.903327188964,26264.095196566388
2025-07-10,26795.276492977395,26420.25178322949
2025-07-11,26830.56675671793,26455.04812704651
2025-07-14,26863.29907696663,26487.322328159793
2025-07-15,27504.69839067647,27119.744664471393
2025-07-16,27688.238825959605,27300.7162813851
2025-07-17,28264.059661399737,27868.47797096291
2025-07-18,28146.18615227931,27752.254210765834
2025-07-21,28078.310492090804,27685.32853330163
2025-07-22,27276.534199278376,26894.773842235838
2025-07-23,27688.997864415272,27301.46469639465
2025-07-24,27909.188306337357,27518.573369162645
2025-07-25,28278.896666482415,27883.10731841885
2025-07-28,28722.591616150672,28320.592346358557
2025-07-29,28738.793653497203,28336.567621187645
2025-07-30,29152.912109974557,28744.890106349587
2025-07-31,29106.139111790824,28698.771739592125
2025-08-01,28011.836192758314,27619.784603350417
2025-08-04,28334.78979248261,27938.218168357773
2025-08-05,28029.645806483382,27637.34495503782
2025-08-06,27646.111315575185,27259.178384522907
2025-08-07,27863.218530248156,27473.246982662553
2025-08-08,27917.117872226372,27526.39195343336
2025-08-11,28162.302380244393,27768.144877195176
2025-08-12,28537.805937078607,28138.392913995936
2025-08-13,28734.843943205593,28332.67319074937
2025-08-14,28198.6719737304,27804.005444538285
2025-08-15,28004.17046992584,27612.226169408186
2025-08-18,27907.51550283923,27516.923978098563
2025-08-19,26959.853000662915,26582.524890274763
2025-08-20,27265.047061485846,26883.447477574857
2025-08-21,27550.69997149747,27165.102410566415
2025-08-22,28073.353004764595,27680.440430601586
2025-08-25,27892.040605532628,27501.66566631111
2025-08-26,27996.620732377505,27604.782097428666
2025-08-27,27987.42832976258,27595.718351001466
2025-08-28,28116.625045993445,27723.106839539
2025-08-29,27410.30901163675,27026.676352205635
2025-09-01,27438.76841101,27054.737435928277
2025-09-02,27570.75740970613,27184.879126352036
2025-09-03,28352.31610546725,27955.499184360873
2025-09-04,28048.25559043013,27655.694277823543
2025-09-05,28384.11309950121,27986.851150015988
2025-09-08,28253.689579717935,27858.2530281779
2025-09-09,28720.74699549032,28318.773542872532
2025-09-10,29067.717853097674,28660.888221996363
2025-09-11,29273.353500979807,28863.645808546265
2025-09-12,29310.40244749454,28900.176220743324
2025-09-15,29653.0700212343,29238.04784444258
2025-09-16,29756.50743141499,29340.037552273927
2025-09-17,29352.434992226394,28941.620481085123
2025-09-18,29323.420742112037,28913.01231227135
2025-09-19,29438.48136127793,29026.462551513843
2025-09-22,29272.683587530035,28862.98527115563
2025-09-23,29255.85230395715,28846.38955698388
2025-09-24,29103.965297803046,28696.628350144158
2025-09-25,29543.21601448128,29129.73134625037
2025-09-26,29242.79062011737,28833.51068350592
2025-09-29,29160.1379577813,28752.01482172426
2025-09-30,28906.29789716296,28501.727487836724
2025-10-01,29824.498836051363,29407.07735423526
2025-10-02,30041.057844092364,29620.605418402425
2025-10-03,29659.66252266681,29244.54807771219
2025-10-06,30094.186609170705,29672.990597210697
2025-10-07,29899.22656295114,29480.759197391366
2025-10-08,30231.699163275403,29808.578535769684
2025-10-09,30249.65108810893,29826.279206789804
2025-10-10,29300.540701629874,28890.45249914503
2025-10-13,29836.394916697118,29418.806938215348
2025-10-14,29587.479697103034,29173.37551764102
2025-10-15,30287.035012881177,29863.13990891344
2025-10-16,30360.59053189449,29935.66595031806
2025-10-17,30107.937641329972,29686.549170939994
2025-10-20,30737.505364465636,30307.305510744813
2025-10-21,30407.747319050235,29982.162734565456
2025-10-22,30394.99507451526,29969.588969502664
2025-10-23,30764.829081947595,30334.246807496005
2025-10-24,31283.37009939892,30845.53036318487
2025-10-27,31962.214362550196,31514.87357219255
2025-10-28,31892.78233843138,31446.413313552588
2025-10-29,32054.154902648632,31605.527319285728
2025-10-30,32053.690453455096,31605.06937048878
2025-10-31,31990.605461816758,31542.867311731727
2025-11-03,32340.21246161903,31887.581237799117
2025-11-04,31605.583326479733,31163.233917749512
2025-11-05,32209.831590009686,31759.02516723427
2025-11-06,31935.02623187814,31488.06596458828
2025-11-07,31578.735438088894,31136.76179042066
2025-11-10,32373.65992542174,31920.560573370043
2025-11-11,32000.478234311784,31552.60190563246
2025-11-12,32092.446870377033,31643.283355463394
2025-11-13,31109.84400438512,30674.432926574074
2025-11-14,30985.767837874646,30552.093320921427
2025-11-17,31015.467158578933,30581.376972127775
2025-11-18,30546.0043104581,30118.484691338097
2025-11-19,30656.629117241242,30227.561201500164
2025-11-20,30013.335445803485,29593.271020751403
2025-11-21,30091.351376691477,29670.195046435714
2025-11-24,31274.247303397267,30836.53524916189
2025-11-25,31351.691848773607,30912.895886403938
2025-11-26,31477.009730348214,31036.45982816844
2025-11-27,31291.309938174778,30853.359076563906
2025-11-28,31855.580721215785,31409.732367422486
2025-12-01,31643.67276241538,31200.79025675442
2025-12-02,31731.246840437972,31287.138654452327
2025-12-03,31815.61548166074,31370.326478407
2025-12-04,31204.02142862115,30767.292250539766
2025-12-05,31680.933525167795,31237.52952062477
2025-12-08,31294.275589042285,30856.283220401023
2025-12-09,31611.31305289742,31168.883451339658
2025-12-10,31896.445651540962,31450.025355202586
2025-12-11,31287.100193841656,30849.208251501394
2025-12-12,30369.494420060793,29944.445220323487
2025-12-15,30241.791876437055,29818.52999206368
2025-12-16,29993.738221965235,29573.948078209818
2025-12-17,29038.448173697616,28632.02819886619
2025-12-18,29647.332036872056,29232.39016848538
2025-12-19,30251.88582025569,29828.482661790535
2025-12-22,30690.23525178333,30260.696987066527
2025-12-23,30459.669754978164,30033.358467916903
2025-12-24,30622.08650489634,30193.50204500507
2025-12-25,30535.583402787415,30108.20963392108
2025-12-26,30358.485669880785,29933.590547797507
2025-12-29,30411.92997966019,29986.286854966536
2025-12-30,30970.89052994849,30537.424234697624
2025-12-31,30568.87923985145,30141.039464909987
2026-01-02,31100.256862264185,30664.979965385795
2026-01-05,31187.51371435411,30751.02277168208
2026-01-06,31179.113783554065,30742.65826959678
2026-01-07,31097.148980172056,30661.928847888237
2026-01-08,31180.679098622335,30744.27888180022
2026-01-09,31275.33214557557,30837.5783479366
2026-01-12,31403.371635866493,30963.825698247627
2026-01-13,31532.88047679041,31091.5364553547
2026-01-14,31663.471364632438,31220.354343769235
2026-01-15,31539.516551528028,31098.090311217326
2026-01-16,31883.45306175659,31437.146698595057
2026-01-19,31806.031011965704,31360.833774933457
2026-01-20,31716.44738874008,31272.51893944015
2026-01-21,31875.856334733555,31429.6779948567
2026-01-22,32262.381871879217,31810.80824702011
2026-01-23,32044.636313358642,31596.157513127975
2026-01-26,31942.102110095562,31494.982631812905
2026-01-27,32276.065855569177,31824.34297725147
2026-01-28,32278.961628188496,31827.173610668142
2026-01-29,32199.201631067313,31748.49924256413
2026-01-30,31918.386963537236,31471.552166513862
2026-02-02,32463.49763345679,32009.03167337285
2026-02-03,32726.179123130933,32268.035808353143
2026-02-04,32879.049143841505,32418.76575711228
2026-02-05,32724.776314880943,32266.652638424457
2026-02-06,33292.11915235063,32826.05307824376
2026-02-09,33603.40256656015,33132.978745259985
2026-02-10,33225.550764040956,32760.41660019361
2026-02-11,33527.75554887932,33058.39073221586
2026-02-12,33489.15471858499,33020.33028618935
2026-02-13,33415.22222000567,32947.43279019441
2026-02-16,33273.39202714694,32807.588119521075
2026-02-17,33009.40257218793,32547.29432984295
2026-02-18,33424.457256062466,32956.538542291266
2026-02-19,33536.857847497275,33067.36560510395
2026-02-20,33669.19733124507,33197.85242986788
2026-02-23,33565.46195625017,33095.569276605944
2026-02-24,33703.59541954465,33231.76896930908
2026-02-25,34131.15883083866,33653.346795857906
2026-02-26,33681.1556074455,33209.643298676296
2026-02-27,34139.59763753676,33661.667465242776
2026-03-02,33121.75894230168,32658.077790401712
2026-03-03,32845.15297444253,32385.34411006276
2026-03-04,31453.06767133553,31012.74701463254
2026-03-05,31993.923262554694,31546.031010877377
2026-03-06,31914.63345755385,31467.851206954092
2026-03-09,31667.142776159464,31223.825219703314
2026-03-10,32168.54104246913,31718.20426562411
2026-03-11,32290.131651170774,31838.092691974838
2026-03-12,33246.823531464586,32781.391563949226
2026-03-13,33086.6054719039,32623.416443676328
2026-03-16,33383.344824379594,32916.001655515654
2026-03-17,34731.84084634939,34245.619688853
2026-03-18,34811.57384158616,34324.23647866299
2026-03-19,34889.71845464485,34401.2871225197
2026-03-20,34734.35441721317,34248.09807150604
2026-03-23,34455.925221846424,33973.56668755248
2026-03-24,34277.83318752718,33797.96781550042
2026-03-25,34634.13485859223,34149.28151568051
2026-03-26,34576.57660278065,34092.529034658925
2026-03-27,34695.99646170596,34210.277100191786
2026-03-30,35098.29985494283,34606.948531034555
2026-03-31,35309.54205909016,34815.23349403055
2026-04-01,35073.23327988403,34582.23287026197
2026-04-02,34973.81566742754,34484.2070339229
2026-04-03,34683.08754060941,34197.548894842075
2026-04-06,34787.85504803845,34300.849731415525
2026-04-07,35579.16321788452,35081.080147681496
2026-04-08,35361.27691257638,34866.24409623228
2026-04-09,35786.661235408974,35285.67334001383
2026-04-10,36070.35415146312,35565.39475629555
2026-04-13,36297.49863866409,35789.35938165232
2026-04-14,36072.231663401486,35567.24598439735
2026-04-15,36123.73607990478,35618.02937557063
2026-04-16,36216.909320373954,35709.89825670484
2026-04-17,36051.19390264164,35546.50273737874
2026-04-20,35586.951447168656,35088.759347275125
2026-04-21,35472.27076498762,34975.684113370764
2026-04-22,35579.925777337885,35081.83203184292
2026-04-23,35776.18550482945,35275.3442622383
2026-04-24,36820.841076662655,36305.37539641014
2026-04-27,37607.971835124816,37081.48688209106
2026-04-28,37930.24111560787,37399.24462103863
2026-04-29,38712.768624892815,38170.81729976851
