,Stocks+Gold+BTC+BIL one-model capped Static Copula [mean_variance] PIT reselect,Stocks+Gold+BTC+BIL one-model capped Dynamic HMM Copula [mean_variance] PIT reselect
2017-12-29,10000.0,10000.0
2018-01-02,10029.223958802868,10029.329961542308
2018-01-03,10078.987854578876,10076.012495108287
2018-01-04,10039.342286527699,10037.389741916373
2018-01-05,10210.03148488371,10211.198860872952
2018-01-08,10083.192237752075,10086.841378242383
2018-01-09,10033.268254712182,10037.653240695474
2018-01-10,9984.417841736788,9985.524946014259
2018-01-11,9992.326588107364,9991.076717532564
2018-01-12,10084.889476299062,10084.815833361856
2018-01-15,10094.862197258843,10095.898595757684
2018-01-16,10002.94976630495,10001.0699940082
2018-01-17,10075.087254896916,10073.289361288595
2018-01-18,10128.25889991708,10127.921495892333
2018-01-19,10148.216363673759,10145.691721148787
2018-01-22,10180.964351239185,10180.585814501628
2018-01-23,10218.226369262073,10218.38523131698
2018-01-24,10235.617243933262,10235.719297000403
2018-01-25,10191.722960106646,10192.156096371877
2018-01-26,10302.504827819079,10305.195350569053
2018-01-29,10328.890540499298,10331.606767453952
2018-01-30,10228.718407914303,10230.156757854495
2018-01-31,10289.171360094042,10294.230793786346
2018-02-01,10192.76670412028,10197.778733318335
2018-02-02,10140.392408861695,10145.37868435571
2018-02-05,9823.15205492149,9827.982335682873
2018-02-06,9942.8049883327,9947.694105327006
2018-02-07,9874.320638724741,9879.176080312769
2018-02-08,9737.866188458784,9742.654532102868
2018-02-09,9813.015474196885,9817.840770557075
2018-02-12,9986.40627040019,9991.316827196379
2018-02-13,9969.336603345459,9974.238766574703
2018-02-14,9991.802364443975,9996.71557462974
2018-02-15,10228.307441930008,10233.336947365955
2018-02-16,10212.304623144357,10217.326259608379
2018-02-19,10272.515117140016,10277.566360555978
2018-02-20,10273.135230010777,10278.186778351197
2018-02-21,10286.511950813903,10291.570076810536
2018-02-22,10258.77261765595,10263.817103553503
2018-02-23,10425.046353895828,10430.172600599364
2018-02-26,10718.49434496152,10723.764887119081
2018-02-27,10654.061180349272,10659.300039165917
2018-02-28,10669.218799366845,10674.465111550304
2018-03-01,10549.298229374193,10554.485573721375
2018-03-02,10510.104065149708,10515.27213678113
2018-03-05,10600.941387911607,10606.154126445272
2018-03-06,10641.942208057795,10647.175107683504
2018-03-07,10422.454151659304,10427.57912371449
2018-03-08,10424.087303856524,10429.21307897203
2018-03-09,10582.933347531407,10588.137231077335
2018-03-12,10640.201614996642,10645.433658730772
2018-03-13,10653.559320322216,10658.79793236219
2018-03-14,10634.341646037297,10639.57080828337
2018-03-15,10627.248569366046,10632.47424377526
2018-03-16,10623.418289872934,10628.642080841353
2018-03-19,10424.492344929251,10429.618319213223
2018-03-20,10515.072140570885,10520.242655124805
2018-03-21,10486.510508829668,10491.666978940466
2018-03-22,10320.331851259747,10325.406607317038
2018-03-23,10226.35423843108,10231.382783429774
2018-03-26,10480.09438095409,10485.24769610008
2018-03-27,10214.188729860996,10219.211292785742
2018-03-28,10045.802940844582,10050.742704416063
2018-03-29,10101.469964972783,10106.437101362495
2018-03-30,10143.543733740316,10148.531558816789
2018-04-02,10073.20375656833,10078.156993781702
2018-04-03,10090.278609114064,10095.240242444212
2018-04-04,10040.977207734859,10045.914598376989
2018-04-05,10080.103165500514,10085.059795319641
2018-04-06,10008.188029086901,10013.109296499146
2018-04-09,10143.183122015107,10148.170769770095
2018-04-10,10177.520779443399,10182.525311852633
2018-04-11,10183.282039959735,10188.289405319703
2018-04-12,10284.147708595927,10289.204672037651
2018-04-13,10280.11846553137,10285.173447697107
2018-04-16,10260.486159483573,10265.531487970973
2018-04-17,10348.801487330464,10353.890242594389
2018-04-18,10493.786870831354,10498.946918904825
2018-04-19,10673.820658601418,10679.069233630045
2018-04-20,10736.586179889944,10741.865618239046
2018-04-23,10578.99285280126,10584.194798710903
2018-04-24,10503.945227970515,10509.110271153173
2018-04-25,10468.7485361607,10473.896272281187
2018-04-26,10501.175246972825,10506.338928089022
2018-04-27,10457.425180784627,10462.567348938199
2018-04-30,10361.834457551984,10366.929621441672
2018-05-01,10428.236566734666,10433.364382142798
2018-05-02,10461.431680981697,10466.575819228041
2018-05-03,10477.543618648913,10482.695679523564
2018-05-04,10542.269026542954,10547.45291446159
2018-05-07,10652.880846698112,10658.119125116244
2018-05-08,10514.999699345806,10520.17017827863
2018-05-09,10554.949553194378,10560.139676433771
2018-05-10,10519.071153526927,10524.243634491955
2018-05-11,10502.765774724652,10507.9302379417
2018-05-14,10516.001126578156,10521.172097936897
2018-05-15,10461.355515110012,10466.499615903755
2018-05-16,10433.715109749177,10438.845619089028
2018-05-17,10345.509065857319,10350.596202158202
2018-05-18,10369.307176197402,10374.406014603055
2018-05-21,10481.168458872598,10486.3223021686
2018-05-22,10439.024473917189,10444.15759399944
2018-05-23,10430.184588338847,10435.313361636176
2018-05-24,10315.559569654266,10320.6319790656
2018-05-25,10383.451666414214,10388.557460006816
2018-05-28,10261.72562685834,10266.771564821735
2018-05-29,10247.2229262494,10252.261732885157
2018-05-30,10320.332811821118,10325.407568350733
2018-05-31,10335.235803187436,10340.317887877309
2018-06-01,10096.29997225367,10101.264566433278
2018-06-04,10190.428438749095,10195.439318165687
2018-06-05,10174.660657667413,10179.663783685788
2018-06-06,10233.221283959865,10238.253205650442
2018-06-07,10086.729407117708,10091.68929521963
2018-06-08,10116.83907217175,10121.81376592211
2018-06-11,10188.518571364917,10193.528511653658
2018-06-12,10159.950366189069,10164.946258802369
2018-06-13,10201.882644648935,10206.8991563748
2018-06-14,10191.6867943065,10196.698292486868
2018-06-15,10141.933549589832,10146.920582899918
2018-06-18,10031.520938709875,10036.453679476474
2018-06-19,9837.90353433249,9842.741068752062
2018-06-20,10039.572845417466,10044.509545500774
2018-06-21,9878.528324875986,9883.38583548478
2018-06-22,9672.61713939569,9677.37339850881
2018-06-25,9436.960930501911,9441.60131177401
2018-06-26,9516.997082939883,9521.676819918295
2018-06-27,9246.744187738535,9251.291034850932
2018-06-28,9259.821212900335,9264.37449030137
2018-06-29,9278.41136490784,9282.97378353494
2018-07-02,9248.322375306203,9252.869998451491
2018-07-03,9202.749610660858,9207.274824578737
2018-07-04,9203.686058230898,9208.211732622627
2018-07-05,9291.87808757035,9296.447128109745
2018-07-06,9416.066468919613,9420.696575881057
2018-07-09,9532.855485947244,9537.543020884852
2018-07-10,9567.184864982994,9571.889280504167
2018-07-11,9569.760884047182,9574.46656625905
2018-07-12,9694.434040549675,9699.201027559226
2018-07-13,9647.535048707092,9652.278974351335
2018-07-16,9674.694888602033,9679.452169394537
2018-07-17,9644.161086151744,9648.903352737232
2018-07-18,9641.105218725572,9645.84598266735
2018-07-19,9577.147888857085,9581.857203437372
2018-07-20,9620.940088944631,9625.6709372058
2018-07-23,9615.857576450551,9620.585925517758
2018-07-24,9664.664321224576,9669.416669745218
2018-07-25,9764.099369233085,9768.900612364814
2018-07-26,9858.134647349836,9862.982129895578
2018-07-27,9820.517245154128,9825.346230316025
2018-07-30,9687.136808949253,9691.900207734057
2018-07-31,9615.008647426732,9619.736579055068
2018-08-01,9576.347720869655,9581.056641988052
2018-08-02,9659.353135992125,9664.102872874906
2018-08-03,9748.10224997219,9752.895626934596
2018-08-06,9783.536980014374,9788.347781088092
2018-08-07,9887.04561307813,9891.907311842946
2018-08-08,9894.15704269255,9899.02223831881
2018-08-09,9864.944871451415,9869.795702748592
2018-08-10,9806.342998407765,9811.165013750722
2018-08-13,9845.320188028047,9850.161369395119
2018-08-14,9931.649371132113,9936.533002640443
2018-08-15,9753.776856838062,9758.57302414152
2018-08-16,9778.47343267613,9783.281743881513
2018-08-17,9774.900989905007,9779.707544454128
2018-08-20,9790.536574124626,9795.350817067574
2018-08-21,9724.708179214727,9729.490052748373
2018-08-22,9696.326576281737,9701.094493896768
2018-08-23,9756.077649214092,9760.874947872646
2018-08-24,9935.767262948808,9940.652919323848
2018-08-27,10023.806596412229,10028.735543850695
2018-08-28,9967.068093432232,9971.969141180469
2018-08-29,10097.621855825078,10102.587100006735
2018-08-30,10135.351004922219,10140.334801436364
2018-08-31,10149.949319383879,10154.9402942413
2018-09-03,10164.065635000576,10169.063551190815
2018-09-04,10182.285053890193,10187.291929008083
2018-09-05,10187.066698365019,10192.075924732813
2018-09-06,10048.466919796985,10053.407993311172
2018-09-07,10036.93885899308,10041.874263881758
2018-09-10,10166.097107970314,10171.096023084805
2018-09-11,10251.236881507986,10256.277661902364
2018-09-12,10322.426719227697,10327.502505382103
2018-09-13,10441.648961017698,10446.783371623565
2018-09-14,10491.553006860497,10496.711956489195
2018-09-17,10415.912663643265,10421.034419091055
2018-09-18,10468.632818252732,10473.780497471947
2018-09-19,10421.273999272957,10426.398391018769
2018-09-20,10362.918555919754,10368.014252886764
2018-09-21,10344.651609395682,10349.73832406456
2018-09-24,10354.80467117078,10359.896378344984
2018-09-25,10355.491951426775,10360.583996553254
2018-09-26,10369.35036552813,10374.449225171034
2018-09-27,10416.501340032473,10421.623384946643
2018-09-28,10519.572514548174,10524.745242044526
2018-10-01,10592.468629691588,10597.677201965726
2018-10-02,10472.329786861917,10477.479283969755
2018-10-03,10477.2298678537,10482.381774449534
2018-10-04,10330.128970072887,10335.208543609784
2018-10-05,10291.880030050746,10296.940795661418
2018-10-08,10093.03549503671,10097.998483994159
2018-10-09,10084.380104015967,10089.338836908919
2018-10-10,10149.910403836404,10154.901359558115
2018-10-11,9952.682723880465,9957.57669799558
2018-10-12,10196.126042817701,10201.139723883638
2018-10-15,10173.688708096788,10178.691356184141
2018-10-16,10267.939563116423,10272.98855662215
2018-10-17,10249.841766910726,10254.88186129361
2018-10-18,10074.234607694965,10079.188351802706
2018-10-19,9836.571204200498,9841.408083481228
2018-10-22,9821.26995794617,9826.099313235112
2018-10-23,9846.220730576235,9851.062354761794
2018-10-24,9502.979793543143,9507.652637882335
2018-10-25,9572.230358928933,9576.937255441178
2018-10-26,9387.688291389315,9392.304444116515
2018-10-29,9357.521051385575,9362.122370153349
2018-10-30,9514.432505486951,9519.1109814008
2018-10-31,9816.857332227759,9821.68451772222
2018-11-01,9797.959040240086,9802.776932988625
2018-11-02,9923.879531249877,9928.759342140558
2018-11-05,9983.767867723232,9988.677127153229
2018-11-06,9924.869289904438,9929.749587483317
2018-11-07,10053.577499812072,10058.521086321702
2018-11-08,9999.681840223087,10004.598924937145
2018-11-09,9932.820144829124,9937.70435203511
2018-11-12,9751.729520038818,9756.524680617398
2018-11-13,9861.302036117155,9866.15107614435
2018-11-14,9787.512092656643,9792.324848389118
2018-11-15,9730.270846783762,9735.055455615206
2018-11-16,9735.114285759866,9739.90127622706
2018-11-19,9729.269703572376,9734.053820117557
2018-11-20,9420.957618758994,9425.59013081679
2018-11-21,9575.38576611319,9580.094214215243
2018-11-22,9310.943352615192,9315.521768005212
2018-11-23,9444.757746803403,9449.401961958125
2018-11-26,9574.294120138456,9579.00203145186
2018-11-27,9643.466889158348,9648.208814390453
2018-11-28,9761.610924916537,9766.410944420197
2018-11-29,9744.49572425479,9749.287327801534
2018-11-30,9768.371831083317,9773.175175087586
2018-12-03,9917.928069835045,9922.804954248619
2018-12-04,9777.445885930796,9782.253691866666
2018-12-06,9739.382851607346,9744.171941031309
2018-12-07,9691.455622873966,9696.221145323743
2018-12-10,9727.892070039976,9732.675509169529
2018-12-11,9646.809369221388,9651.552938031551
2018-12-12,9689.500838995073,9694.265400230475
2018-12-13,9607.388953921112,9612.113138762406
2018-12-14,9441.406536595763,9446.049103879612
2018-12-17,9282.523726096919,9287.088166871214
2018-12-18,9196.56140051135,9201.08357153708
2018-12-19,9304.328423333396,9308.903586003167
2018-12-20,9215.893166473583,9220.424843394843
2018-12-21,9204.145574244636,9208.671474591492
2018-12-24,9097.80144509072,9102.275053464668
2018-12-25,8877.984771867325,8882.350291081928
2018-12-26,8992.800975550133,8997.222952661006
2018-12-27,9029.604834761358,9034.04490921737
2018-12-28,9091.496485648571,9095.96699372191
2018-12-31,9114.391497508002,9118.87326361081
2019-01-02,9112.254663015143,9116.735378384898
2019-01-03,9040.484171559683,9044.929595647965
2019-01-04,8972.617450362508,8977.029502747298
2019-01-07,9016.427278362817,9020.860873096557
2019-01-08,9009.15044753526,9013.580464075792
2019-01-09,9012.986155693843,9017.418058344581
2019-01-10,8957.347267363439,8961.751811030992
2019-01-11,9087.877075946664,9092.345804268967
2019-01-14,9103.712534102315,9108.18904910128
2019-01-15,9023.783029782204,9028.220241516308
2019-01-16,9019.066579228615,9023.50147177024
2019-01-17,8998.276046380039,9002.700715715277
2019-01-18,8966.85054427443,8971.259760932422
2019-01-21,8951.67882526278,8956.08058162065
2019-01-22,9054.507879228815,9058.960199112353
2019-01-23,9096.136508099047,9100.609297783321
2019-01-24,9129.032825050246,9133.521790646899
2019-01-25,9187.931489455994,9192.44941694634
2019-01-28,9220.416322573124,9224.950223639322
2019-01-29,9201.051275193344,9205.575653998734
2019-01-30,9234.304983554262,9238.845714010004
2019-01-31,9233.862782191636,9238.403295206303
2019-02-01,9228.26559537905,9232.80335612198
2019-02-04,9249.721957121208,9254.27026847465
2019-02-05,9212.851425870385,9217.38160709444
2019-02-06,9303.428890702215,9308.003611050099
2019-02-07,9226.987266444617,9231.524398602382
2019-02-08,9212.578882730972,9217.10892993899
2019-02-11,9138.471924003848,9142.965531033089
2019-02-12,9227.850400076604,9232.38795665799
2019-02-13,9284.751107303216,9289.316643334569
2019-02-14,9282.216151253106,9286.780440785435
2019-02-15,9189.770114157995,9194.288945744447
2019-02-18,9150.56960419068,9155.06915994102
2019-02-19,9156.830104515919,9161.332738705245
2019-02-20,9213.956359495376,9218.487084041937
2019-02-21,9187.803363294352,9192.321227781973
2019-02-22,9279.518248525763,9284.081211434257
2019-02-25,9335.055100123285,9339.645371841043
2019-02-26,9257.084525569153,9261.636457275055
2019-02-27,9234.345411626786,9238.886161961986
2019-02-28,9215.3713000715,9219.902720378466
2019-03-01,9204.53972774556,9209.065821907197
2019-03-04,9200.588660574967,9205.112811901594
2019-03-05,9153.653743886893,9158.154816183098
2019-03-06,8995.897988331497,9000.321488318243
2019-03-07,9014.251586562465,9018.684111456078
2019-03-08,9036.226614250054,9040.669944794732
2019-03-11,9050.89961279705,9055.35015840897
2019-03-12,8979.119396558815,8983.534646107353
2019-03-13,9090.201732215428,9094.671603627277
2019-03-14,9066.617765003219,9071.076039609638
2019-03-15,9146.075058286016,9150.57240395974
2019-03-18,9122.494702646061,9126.980453290253
2019-03-19,9167.545757290027,9172.05366062424
2019-03-20,9197.188890894278,9201.711370472163
2019-03-21,9252.35474248782,9256.904348445318
2019-03-22,9139.910032934364,9144.404347116448
2019-03-25,9118.481335355293,9122.96511253
2019-03-26,9137.977965302685,9142.471329440521
2019-03-27,9118.387828030412,9122.871559225312
2019-03-28,9176.801239095419,9181.313693573244
2019-03-29,9226.139442741443,9230.676158003844
2019-04-01,9396.677735680074,9401.298308733829
2019-04-02,9464.655809990347,9469.309809502605
2019-04-03,9616.228639304105,9620.957170831878
2019-04-04,9575.219657604286,9579.928024026782
2019-04-05,9610.534645955526,9615.260377609453
2019-04-08,9604.67605040864,9609.398901249851
2019-04-09,9466.065596974322,9470.720289712839
2019-04-10,9495.854237230204,9500.52357776152
2019-04-11,9483.620234547678,9488.283559324836
2019-04-12,9497.337050787826,9502.007120454327
2019-04-15,9416.85040151349,9421.48089395352
2019-04-16,9560.644820646496,9565.346020270175
2019-04-17,9618.586743816852,9623.316434881484
2019-04-18,9649.051778439103,9653.796449895959
2019-04-19,9647.496132813272,9652.240039321658
2019-04-22,9711.664709613178,9716.440169358271
2019-04-23,9721.267759685114,9726.047941481513
2019-04-24,9761.210957007586,9766.010779837383
2019-04-25,9683.9079722907,9688.669783378667
2019-04-26,9704.688835822852,9709.460865362571
2019-04-29,9745.481170300269,9750.273258414602
2019-04-30,9751.335419739353,9756.130386529318
2019-05-01,9745.489537674322,9750.281629903096
2019-05-02,9695.89903393302,9700.666741315175
2019-05-03,9808.765895309762,9813.589102049564
2019-05-06,9744.529253424027,9749.320873457877
2019-05-07,9592.822034141174,9597.53905607672
2019-05-08,9606.530793531727,9611.254556394864
2019-05-09,9539.065259839172,9543.755848272389
2019-05-10,9563.752168362014,9568.454895943503
2019-05-13,9325.00552747987,9329.590857580402
2019-05-14,9495.029455877524,9499.69839084396
2019-05-15,9497.255446785624,9501.925476325472
2019-05-16,9554.667882149208,9559.366142768087
2019-05-17,9498.873163199794,9503.543988209818
2019-05-20,9420.668915493883,9425.301285589328
2019-05-21,9524.775633953377,9529.459195832935
2019-05-22,9467.680915888179,9472.336402917963
2019-05-23,9311.118013618076,9315.696514893129
2019-05-24,9282.954020673791,9287.518673034308
2019-05-27,9332.544662422346,9337.133699697344
2019-05-28,9339.84881979816,9344.441448703488
2019-05-29,9281.031566480267,9285.595273523695
2019-05-30,9272.268002148538,9276.827399936043
2019-05-31,9145.941816791705,9150.439096947375
2019-06-03,9096.101699291785,9100.574471859733
2019-06-04,9243.883091184493,9248.428531426742
2019-06-05,9326.105818458587,9330.691689598727
2019-06-06,9461.843435042558,9466.496051642234
2019-06-07,9473.28193614213,9477.940177328648
2019-06-10,9561.416132570532,9566.117711466884
2019-06-11,9536.923783697328,9541.61331911508
2019-06-12,9439.507954003446,9444.14958770845
2019-06-13,9466.34498588565,9470.999816006433
2019-06-14,9454.860736676095,9459.509919714586
2019-06-17,9494.12097367225,9498.789461916078
2019-06-18,9580.97276712963,9585.683962494826
2019-06-19,9717.518751019496,9722.297089337924
2019-06-20,9713.360116306088,9718.136409723538
2019-06-21,9616.300819346205,9621.029386366652
2019-06-24,9602.129580899478,9606.851179580226
2019-06-25,9633.877475198904,9638.614685084915
2019-06-26,9796.972135000635,9801.789542464074
2019-06-27,9834.245689413274,9839.08142518231
2019-06-28,9803.15651016171,9807.976958631558
2019-07-01,9729.879941939225,9734.664358553333
2019-07-02,9676.588362116916,9681.346573976041
2019-07-03,9763.257641762491,9768.05847099654
2019-07-04,9653.068195122016,9657.814841547815
2019-07-05,9690.558516935145,9695.3235982563
2019-07-08,9730.193691365299,9734.978262257568
2019-07-09,9682.87229224515,9687.633594064264
2019-07-10,9818.651636444449,9823.479704241572
2019-07-11,9777.418144623929,9782.225936918734
2019-07-12,9704.01450628532,9708.786204240945
2019-07-15,9655.52335602004,9660.271209707662
2019-07-16,9586.940783300084,9591.654913282757
2019-07-17,9551.796514163494,9556.49336286149
2019-07-18,9734.117731040515,9738.904231477723
2019-07-19,9863.601614143201,9868.451784928377
2019-07-22,9743.841976023832,9748.63325810681
2019-07-23,9707.095330896342,9711.868543767725
2019-07-24,9726.958099298694,9731.741079172314
2019-07-25,9859.778175910904,9864.626466619295
2019-07-26,9791.388261018152,9796.202922756092
2019-07-29,9781.024906618735,9785.834472445395
2019-07-30,9757.1258778683,9761.92369196617
2019-07-31,9854.818818302434,9859.664670375087
2019-08-01,9779.753018781728,9784.561959190465
2019-08-02,9785.893965879539,9790.705925940058
2019-08-05,9730.75488877263,9735.539735619197
2019-08-06,9947.543337326497,9952.43478428131
2019-08-07,10103.637137539716,10108.605339580465
2019-08-08,10057.696634643875,10062.642246631445
2019-08-09,9869.387227481324,9874.240243192104
2019-08-12,9861.079247722419,9865.928178199194
2019-08-13,9699.675428167495,9704.444992493767
2019-08-14,9639.667420988319,9644.407477930303
2019-08-15,9587.01493583457,9591.729102279833
2019-08-16,9838.268374518168,9843.106088338482
2019-08-19,9823.148965893193,9827.979245135662
2019-08-20,9771.786426463363,9776.591449506532
2019-08-21,9867.392881393529,9872.24491643624
2019-08-22,9854.147878221664,9858.993400376901
2019-08-23,9998.51051976658,10003.427028514125
2019-08-26,10005.170244463146,10010.090027957933
2019-08-27,9953.784688956765,9958.67920493469
2019-08-28,9914.154255682442,9919.029284420596
2019-08-29,10014.809777327331,10019.734300812896
2019-08-30,10056.076820327176,10061.021635812982
2019-09-02,10131.536321600826,10137.262224434593
2019-09-03,10069.949435660264,10075.931036524102
2019-09-04,10181.312250112562,10186.494660868017
2019-09-05,10321.885122350626,10326.118495731098
2019-09-06,10304.923143399661,10309.401633906946
2019-09-09,10273.308232644016,10277.596599965536
2019-09-10,10195.42199313813,10199.245464679056
2019-09-11,10220.68191165648,10223.26512509011
2019-09-12,10167.624457936246,10169.82851065449
2019-09-13,10177.369447232571,10179.80663055907
2019-09-16,10131.449010720205,10133.630806965146
2019-09-17,10202.844546721406,10204.913704351764
2019-09-18,10161.820187949414,10164.329029392864
2019-09-19,10015.081350024826,10017.801187815934
2019-09-20,9910.75394770474,9913.044906444979
2019-09-23,9820.402568826388,9822.295423322996
2019-09-24,9782.496221834746,9784.530008924594
2019-09-25,9843.006612038746,9845.384189806866
2019-09-26,9871.21928447597,9873.924789676284
2019-09-27,9784.976868969585,9787.65728254442
2019-09-30,9771.944254813965,9774.350791795014
2019-10-01,9661.069458873595,9663.448690715592
2019-10-02,9495.010049869185,9497.348386255944
2019-10-03,9615.58390917341,9617.951939287828
2019-10-04,9732.306633067945,9734.703408490792
2019-10-07,9706.206610782572,9708.59695855221
2019-10-08,9565.33693006782,9567.692585857307
2019-10-09,9641.296707697546,9643.671070103563
2019-10-10,9683.623513595838,9686.008299825511
2019-10-11,9868.315564903141,9870.74583524938
2019-10-14,9844.88511111356,9847.309611241297
2019-10-15,10009.551398424512,10012.016450923367
2019-10-16,9952.20050658717,9954.651435280311
2019-10-17,9924.800961214247,9927.245142220592
2019-10-18,9772.395596491811,9774.802244624783
2019-10-21,9827.519683397595,9829.93990694097
2019-10-22,9826.920846947112,9829.340923015016
2019-10-23,9868.57458392034,9871.004918055196
2019-10-24,9943.241571378627,9945.690293754546
2019-10-25,10048.974768450455,10051.449529743732
2019-10-28,10116.195522213578,10118.686837963742
2019-10-29,10071.127193725566,10073.60741049723
2019-10-30,10112.982917824569,10115.473442406557
2019-10-31,10080.228396880533,10082.710855005746
2019-11-01,10145.532106877521,10148.030647349195
2019-11-04,10306.665023625028,10309.20324630455
2019-11-05,10251.04685334562,10253.571378936815
2019-11-06,10251.713455045592,10254.23814480081
2019-11-07,10233.247506431298,10235.76764857684
2019-11-08,10304.391695692215,10306.92935851921
2019-11-11,10282.473908550526,10285.00617368348
2019-11-12,10291.724186911995,10294.258730111254
2019-11-13,10276.06195058132,10278.592636641204
2019-11-14,10303.375426361272,10305.91283891159
2019-11-15,10289.72749113497,10292.261542607903
2019-11-18,10423.050665566869,10425.617550541647
2019-11-19,10372.190468970617,10374.744828603374
2019-11-20,10318.295523795961,10320.836610719087
2019-11-21,10242.030392402929,10244.55269751004
2019-11-22,10244.556892801078,10247.079820109513
2019-11-25,10402.39148883624,10404.953286074993
2019-11-26,10301.966711483808,10304.503777109874
2019-11-27,10328.418981514362,10330.962561541697
2019-11-28,10280.229517642014,10282.761230048754
2019-11-29,10212.791673210277,10215.306777697208
2019-12-02,10102.3054685545,10104.793363600766
2019-12-03,9988.677978294008,9991.137890295113
2019-12-04,10071.804022866456,10074.28440632085
2019-12-05,10109.976228409545,10112.466012534052
2019-12-06,10282.349518357756,10284.881752857133
2019-12-09,10188.456938117293,10190.966049688348
2019-12-10,10222.616465478326,10225.133989517126
2019-12-11,10242.880144093448,10245.402658468938
2019-12-12,10502.226795601431,10504.813179283941
2019-12-13,10418.614827775413,10421.180620336301
2019-12-16,10519.454649783314,10522.04527616995
2019-12-17,10565.245528168596,10567.847431476117
2019-12-18,10544.603799347062,10547.200619215453
2019-12-19,10604.342522797502,10606.95405452297
2019-12-20,10656.383474265765,10659.007822117785
2019-12-23,10744.828367540746,10747.47449671907
2019-12-24,10763.090298427955,10765.740924972502
2019-12-25,10763.090298427955,10765.740924972502
2019-12-26,10850.39915120822,10853.071279306349
2019-12-27,10820.648514810724,10823.31331621881
2019-12-30,10739.654519041362,10742.299374055874
2019-12-31,10737.648971669425,10740.293332777734
2020-01-02,11022.709021548773,11025.423584403427
2020-01-03,10942.64461575505,10945.33946114628
2020-01-06,10940.192235357457,10942.886476800897
2020-01-07,11051.283499199451,11054.005099091502
2020-01-08,11133.065827044373,11135.807567472557
2020-01-09,11213.413728409389,11216.175256117458
2020-01-10,11131.034692283463,11133.775932504033
2020-01-13,11256.767439510671,11259.539643938368
2020-01-14,11216.747649472814,11219.509998225714
2020-01-15,11178.952777412402,11181.705818421116
2020-01-16,11279.789695630496,11282.567569749841
2020-01-17,11383.76015861394,11386.563637542073
2020-01-20,11393.225996887,11396.031806967383
2020-01-21,11335.723773900067,11338.51542290641
2020-01-22,11397.437730764372,11400.24457806857
2020-01-23,11493.544497244862,11496.375012765093
2020-01-24,11378.230700983393,11381.032818171843
2020-01-27,11151.571371848066,11154.317669637281
2020-01-28,11369.285038765027,11372.084952904996
2020-01-29,11420.2356087676,11423.048070505847
2020-01-30,11575.88158681707,11578.732379494624
2020-01-31,11295.996425699788,11298.778291051
2020-02-03,11415.910056612283,11418.721453096685
2020-02-04,11675.266899453902,11678.142167755139
2020-02-05,11631.626398535856,11634.49091948973
2020-02-06,11553.147540159092,11555.992734122356
2020-02-07,11577.700511676658,11580.551752300891
2020-02-10,11790.731146765987,11793.634850450597
2020-02-11,11803.07421120792,11805.980954619346
2020-02-12,11906.30859176864,11909.240758713815
2020-02-13,11859.556325381207,11862.476978644452
2020-02-14,11822.1566422579,11825.06808510015
2020-02-17,11843.142677085763,11846.05928815939
2020-02-18,11882.195502086186,11885.1217307001
2020-02-19,11917.841251982574,11920.7762590763
2020-02-20,11840.359031651726,11843.274957196914
2020-02-21,11764.565485661698,11767.462745528226
2020-02-24,11333.5654945311,11336.356612017928
2020-02-25,11086.147627304528,11088.877813186371
2020-02-26,11031.542039094495,11034.258777256622
2020-02-27,10685.286230720018,10687.917696454671
2020-02-28,10581.624305909756,10584.230242819329
2020-03-02,10863.243138460064,10865.918429647285
2020-03-03,10726.20989724892,10728.85144125606
2020-03-04,11069.485913879016,11072.21199648023
2020-03-05,10904.018603792765,10906.703936754966
2020-03-06,10849.908468376503,10852.580475634162
2020-03-09,10163.708217733187,10166.211234436194
2020-03-10,10519.25960302066,10521.85018137312
2020-03-11,10194.346947916543,10196.857510020474
2020-03-12,9225.288317289725,9227.560229297971
2020-03-13,9875.109389136702,9877.541332598215
2020-03-16,8831.011925398187,8833.186738948525
2020-03-17,9549.747954195096,9552.09977088704
2020-03-18,9154.282078958784,9156.536504258744
2020-03-19,9535.134826766589,9537.483044683233
2020-03-20,9457.515384459528,9459.844487033994
2020-03-23,9973.253288868584,9975.709402230945
2020-03-24,10702.45289727948,10705.088590649495
2020-03-25,10484.751979731764,10487.334059890838
2020-03-26,10891.495983037878,10894.178232053855
2020-03-27,10567.558818155418,10570.161291156879
2020-03-30,10795.856901017334,10798.515596993942
2020-03-31,10624.262125027759,10626.87856235417
2020-04-01,10353.430455773147,10357.010697812308
2020-04-02,10744.44589164145,10748.303910254355
2020-04-03,10549.27012307586,10553.588577958331
2020-04-06,11172.446289818918,11176.465304670484
2020-04-07,10976.151484193057,10979.872512060076
2020-04-08,11078.01509781531,11081.708148208601
2020-04-09,11242.302349405281,11246.115751191248
2020-04-10,11209.913763030561,11212.732347701329
2020-04-13,11466.086067962415,11468.050482887102
2020-04-14,11878.58140085432,11879.29228773387
2020-04-15,11764.448484673994,11764.624921758705
2020-04-16,12032.376983115282,12033.17628846351
2020-04-17,11847.305422632588,11848.14955316185
2020-04-20,11832.791947976402,11833.000302772776
2020-04-21,11493.946926323939,11495.379470449034
2020-04-22,11823.06783154805,11824.166065520583
2020-04-23,11798.190936101237,11800.050690789132
2020-04-24,11852.303423040972,11854.367095697402
2020-04-27,11877.107481193803,11879.643786204068
2020-04-28,11694.970734320572,11697.796407613241
2020-04-29,11833.427577602153,11839.03449455023
2020-04-30,11826.011970892112,11831.745095834378
2020-05-01,11609.093385985185,11614.721351102431
2020-05-04,11854.125234129076,11859.871988082634
2020-05-05,11845.386278533497,11851.12879593424
2020-05-06,11848.388274295647,11854.132247032036
2020-05-07,12170.73293514167,12176.63317714446
2020-05-08,12171.558725289602,12177.459367626681
2020-05-11,12193.347205697228,12199.258410858089
2020-05-12,12045.794720723696,12051.634394007711
2020-05-13,12026.349382708124,12032.179629098891
2020-05-14,12239.416534258064,12245.350073339887
2020-05-15,12406.533071495132,12412.547626898458
2020-05-18,12403.499660483049,12409.512745320948
2020-05-19,12438.891786988333,12444.922029553092
2020-05-20,12518.5441848533,12524.61304205417
2020-05-21,12243.315268126707,12249.250697273284
2020-05-22,12344.351968731131,12350.33637939656
2020-05-25,12359.865175816414,12365.857107119798
2020-05-26,12154.936198339461,12160.828782252102
2020-05-27,12140.265049584985,12146.1505210806
2020-05-28,12138.067271966704,12143.951678003083
2020-05-29,12383.37215324838,12389.375480484634
2020-06-01,12367.579455910407,12373.348017969656
2020-06-02,12558.417860027253,12564.1046405975
2020-06-03,12500.268590336538,12505.861653902839
2020-06-04,12463.05184299188,12468.724413093634
2020-06-05,12742.073723462483,12747.88637200579
2020-06-08,12689.04947301569,12694.543877548474
2020-06-09,12667.635447142811,12673.67042516719
2020-06-10,12693.477908733104,12699.691581543158
2020-06-11,12148.213025105679,12153.784912482783
2020-06-12,12153.187087943694,12158.829512069473
2020-06-15,12049.742559495136,12055.810077751035
2020-06-16,12259.31225289137,12265.303219843983
2020-06-17,12451.584838569612,12457.56372598524
2020-06-18,12520.933630418976,12526.87245335843
2020-06-19,12452.378582778503,12458.468230648003
2020-06-22,12486.394229401492,12492.64636934322
2020-06-23,12526.36247465069,12532.568402040559
2020-06-24,12218.237012930498,12224.373943999542
2020-06-25,12244.672682584645,12250.843146454006
2020-06-26,12145.518455036934,12151.27570792503
2020-06-29,12107.04220575393,12112.851555370002
2020-06-30,12316.629460776036,12322.749043604485
2020-07-01,12479.901890050234,12486.1025956532
2020-07-02,12723.886577801162,12730.20850849337
2020-07-03,12695.406891629817,12701.714672038535
2020-07-06,12907.723615178189,12914.136886279777
2020-07-07,12784.386771570405,12790.738762105531
2020-07-08,12874.32797784189,12880.724656143519
2020-07-09,12966.468181524251,12972.91064017594
2020-07-10,12935.501670264688,12941.928743040628
2020-07-13,12636.21344524642,12642.491815076608
2020-07-14,12714.424868129388,12720.742097720842
2020-07-15,12902.348675050594,12908.759275584607
2020-07-16,12698.926221473552,12705.235750480017
2020-07-17,12854.171618310324,12860.558281817563
2020-07-20,13032.762275530873,13039.237672755624
2020-07-21,13098.560088778944,13105.068177997016
2020-07-22,13019.324845320232,13025.793566086344
2020-07-23,12896.270979966457,12902.678560765356
2020-07-24,12699.408983655385,12705.71875252481
2020-07-27,12784.487635847807,12790.839676497892
2020-07-28,12655.165106386119,12661.452892449903
2020-07-29,12634.272222906686,12640.549628230237
2020-07-30,12607.911118954864,12614.175426623768
2020-07-31,12873.78048237812,12880.176888653725
2020-08-03,12981.296746656779,12985.166314468008
2020-08-04,13216.0109591697,13224.222531929488
2020-08-05,13392.27566690593,13386.942327734294
2020-08-06,13510.658453023436,13504.245328221563
2020-08-07,13243.529232124736,13231.58580941811
2020-08-10,13308.883651062468,13278.881912443865
2020-08-11,13021.483662301822,12985.957437451372
2020-08-12,13355.199853122967,13325.541132324053
2020-08-13,13406.946255086546,13386.562512686945
2020-08-14,13350.780134740018,13317.942251576353
2020-08-17,13500.801770224103,13470.57768354116
2020-08-18,13551.689148912965,13526.89706082983
2020-08-19,13399.451851702757,13370.283834433143
2020-08-20,13499.87038660582,13462.28225881895
2020-08-21,13663.696337156194,13628.234827326942
2020-08-24,13982.141296287498,13937.583461784217
2020-08-25,13957.68354312697,13911.25238364936
2020-08-26,13998.602603218269,13960.786469165854
2020-08-27,13817.591088934065,13771.581203439693
2020-08-28,13959.259834253546,13906.490213368694
2020-08-31,13961.847410976707,13910.489631801482
2020-09-01,14323.076519331255,14270.389981558941
2020-09-02,14401.479336147193,14348.504398535359
2020-09-03,13723.355408215542,13672.874906899928
2020-09-04,13456.025277335322,13406.528133123142
2020-09-08,12854.213720404277,12806.930302222485
2020-09-09,13280.897921537739,13232.04497230935
2020-09-10,12897.797511441835,12850.353773020906
2020-09-11,12701.288236504028,12654.567345114086
2020-09-14,12861.7997782409,12814.488455221606
2020-09-15,13052.635247842923,13004.621948529364
2020-09-16,12759.34154548391,12712.407108641479
2020-09-17,12564.844676942721,12518.625684620687
2020-09-18,12392.900172666703,12347.313667408962
2020-09-21,12587.829590176505,12541.526049294138
2020-09-22,12943.421542153244,12895.80997859962
2020-09-23,12540.297412715801,12494.168715964142
2020-09-24,12696.59899149828,12649.895349201697
2020-09-25,13042.26183918733,12994.286697806261
2020-09-28,13311.887639991024,13262.920697028827
2020-09-29,13368.766881576652,13319.590711895165
2020-09-30,13432.830030650148,13383.418208696683
2020-10-01,13559.099166139453,13508.479230164812
2020-10-02,13278.892705477614,13223.120067933905
2020-10-05,13604.447509821433,13542.38571176512
2020-10-06,13324.55471567558,13258.475230037448
2020-10-07,13601.553151718577,13529.203435193116
2020-10-08,13587.110083486714,13517.922873379213
2020-10-09,13662.964313675662,13602.977600556036
2020-10-12,13855.046812387702,13794.441356382516
2020-10-13,13860.332787491996,13807.853615554368
2020-10-14,13821.567268271436,13761.27271020253
2020-10-15,13721.273328359266,13668.2351431167
2020-10-16,13691.127344987437,13648.464776325753
2020-10-19,13488.455448491106,13448.312901194091
2020-10-20,13565.759414885219,13521.503966233462
2020-10-21,13585.767806409754,13557.283735621233
2020-10-22,13498.140937001528,13459.730594114975
2020-10-23,13614.524959365373,13575.527751770645
2020-10-26,13369.499398252947,13330.65765189527
2020-10-27,13434.145881003973,13393.525949180144
2020-10-28,12856.595834697882,12809.08134779945
2020-10-29,13050.698115825748,13009.682364045972
2020-10-30,12759.776066468588,12712.317828403266
2020-11-02,12874.045320798907,12826.222967194086
2020-11-03,13063.390752870288,13014.813683830904
2020-11-04,13351.890793135051,13302.28879237485
2020-11-05,13853.814421388111,13802.403278306745
2020-11-06,13797.01611787704,13745.786845538341
2020-11-09,13626.285385007097,13575.503592953777
2020-11-10,13583.061837134785,13532.84357661919
2020-11-11,13882.086983904104,13830.847460369276
2020-11-12,13760.443445327057,13709.619997333251
2020-11-13,13764.267770876677,13713.387428220454
2020-11-16,13786.054024360037,13735.012397224007
2020-11-17,13861.976922843685,13810.658549922367
2020-11-18,13851.785008105659,13800.539248348034
2020-11-19,13951.85575227509,13900.268402089461
2020-11-20,13886.703716278045,13835.389321743869
2020-11-23,13821.330694243543,13770.20700581185
2020-11-24,13857.323589753041,13805.944382168742
2020-11-25,13958.889137461765,13907.161462806707
2020-11-26,13991.638436614207,13939.79986673724
2020-11-27,14184.478149542789,14131.921646963892
2020-11-30,14134.30973952589,14081.852066801304
2020-12-01,14412.024032814823,14358.535659208712
2020-12-02,14476.501319742161,14422.773646978316
2020-12-03,14991.165815378308,14935.5280315321
2020-12-04,15260.947384651445,15204.308341208633
2020-12-07,15301.426396763562,15244.637120673475
2020-12-08,15543.911269072634,15486.22204156598
2020-12-09,15682.867441148013,15624.66249568044
2020-12-10,15685.438794910022,15627.224306193677
2020-12-11,15574.590516605216,15516.787427017134
2020-12-14,15417.556966364662,15360.336686601548
2020-12-15,15751.825631235753,15693.364756314684
2020-12-16,15819.43133080855,15760.719546028573
2020-12-17,15898.440064014665,15839.435048483041
2020-12-18,15909.323612635377,15850.278204212831
2020-12-21,15267.140112188648,15210.478085234061
2020-12-22,15659.624636874247,15601.505954085389
2020-12-23,15383.148011490173,15326.055436137593
2020-12-24,15768.635439653735,15710.112177290704
2020-12-25,16212.35396293151,16152.183896337858
2020-12-28,15796.985186874455,15738.356708070796
2020-12-29,16151.38379858078,16091.440014910486
2020-12-30,16032.82526833134,15973.321499397753
2020-12-31,16083.773812583062,16024.08095468019
2021-01-04,16541.990452241083,16480.596982213337
2021-01-05,16703.426151919994,16641.43353405583
2021-01-06,17024.31613648642,16961.132576715587
2021-01-07,17647.443171485193,17581.946955866995
2021-01-08,17770.451687721044,17704.498941815484
2021-01-11,17558.962932951086,17493.795100358373
2021-01-12,17698.17981836145,17632.49530020382
2021-01-13,17911.014306037963,17844.539880052882
2021-01-14,17733.406321814728,17667.59106502017
2021-01-15,17529.026070281536,17463.969344504323
2021-01-18,17349.454621102377,17285.064351663335
2021-01-19,17777.084952196674,17711.107587783146
2021-01-20,17547.996861609172,17482.869728179845
2021-01-21,17401.613570202742,17337.02971953248
2021-01-22,17164.12866812532,17100.426212125174
2021-01-25,17328.3096419344,17263.99784936598
2021-01-26,17453.209277260157,17388.433935759105
2021-01-27,17006.238638430725,16943.12217096889
2021-01-28,16845.313444738174,16782.794230435447
2021-01-29,16705.74789400821,16643.7466592969
2021-02-01,17278.67331379498,17214.545740074514
2021-02-02,17311.697816986212,17247.447677069566
2021-02-03,17327.919145723277,17263.608802431325
2021-02-04,17421.920162906954,17357.260946929593
2021-02-05,17555.15555967752,17490.001857661016
2021-02-08,18133.03318570132,18065.73476519913
2021-02-09,18328.00038933618,18259.978373133275
2021-02-10,18075.001334531706,18007.91829178142
2021-02-11,18150.346865236046,18082.984187239053
2021-02-12,18166.272321122517,18098.85053784424
2021-02-15,18124.246667856147,18056.980857384868
2021-02-16,18293.425520129596,18225.531824106925
2021-02-17,18199.185249819162,18131.6413144391
2021-02-18,18161.891559281325,18094.486034637186
2021-02-19,17986.414894636528,17919.66062906441
2021-02-22,17349.025466458665,17284.636789771866
2021-02-23,17587.059023552694,17521.78691593325
2021-02-24,17617.52590326917,17552.140721744112
2021-02-25,17525.37892506511,17460.33573519826
2021-02-26,17554.61948082917,17489.467768400336
2021-03-01,17953.57358575431,17886.968052480293
2021-03-02,17724.877010147393,17659.067743301934
2021-03-03,17900.921944602032,17834.365464548395
2021-03-04,17685.78327939131,17620.001785540346
2021-03-05,18133.603116614824,18066.244419380542
2021-03-08,18247.837443080014,18179.98961240016
2021-03-09,18369.786519369572,18301.613144716437
2021-03-10,18502.438111865453,18433.70579633725
2021-03-11,18731.71286120008,18662.18143987356
2021-03-12,18670.511897970733,18601.16393363233
2021-03-15,18602.67717799536,18533.627148775075
2021-03-16,18658.71420417383,18589.521615591933
2021-03-17,18907.32559082416,18837.223356646395
2021-03-18,18635.6505551829,18566.44057096796
2021-03-19,18620.70868558405,18551.59352444154
2021-03-22,18518.099649575783,18449.499052546587
2021-03-23,18159.333145971035,18092.007630198514
2021-03-24,18114.613189428197,18047.382430352038
2021-03-25,18272.180892050477,18204.33488635422
2021-03-26,18643.800208307977,18574.64312810459
2021-03-29,18546.935621962435,18478.161298492687
2021-03-30,18543.255952354186,18474.440365381604
2021-03-31,18594.35656643478,18525.394571530927
2021-04-01,18832.29471584668,18762.45026559201
2021-04-02,18749.686019300774,18680.147944826833
2021-04-05,18653.43107171846,18584.249983687198
2021-04-06,18628.213890601826,18559.12632702835
2021-04-07,18482.84279935747,18414.29438218671
2021-04-08,18494.982789740632,18426.389348266286
2021-04-09,18703.696249698918,18634.32874021579
2021-04-12,18422.307069573788,18353.98316486055
2021-04-13,18396.272913775454,18328.04556348254
2021-04-14,18517.702105039454,18449.024403090694
2021-04-15,18453.581705209624,18385.141810397155
2021-04-16,18394.186737697244,18325.96712452949
2021-04-19,18499.41287706491,18430.803005462516
2021-04-20,18554.02125376979,18485.20885283638
2021-04-21,18601.363703566265,18532.37572087664
2021-04-22,18303.61932198136,18235.735601568955
2021-04-23,18056.758035553703,17989.7898642605
2021-04-26,18263.87905738809,18196.142724055986
2021-04-27,18321.57293968612,18253.6226336251
2021-04-28,18464.88255455712,18396.400747613283
2021-04-29,18679.090465707148,18609.814213156962
2021-04-30,18414.930690306843,18346.63414280963
2021-05-03,18501.59759037096,18432.97961619253
2021-05-04,18433.368278792022,18365.003350715007
2021-05-05,18543.580738123037,18474.80705855029
2021-05-06,18814.235427126965,18744.457954429294
2021-05-07,18994.813861220162,18924.366666555663
2021-05-10,18762.424785647112,18692.83946615362
2021-05-11,18521.27910099095,18452.5881328248
2021-05-12,18046.192634710715,17979.263647947333
2021-05-13,18235.644064413795,18168.01244787761
2021-05-14,18396.49886075657,18328.27067248067
2021-05-17,18356.02405321258,18287.945976260064
2021-05-18,18209.15123302666,18141.6178720282
2021-05-19,17947.981089326957,17881.416345556765
2021-05-20,18102.442049613066,18035.30444730281
2021-05-21,18033.792885235554,17966.909886159727
2021-05-24,18172.35218919039,18104.95530699207
2021-05-25,18174.221643243804,18106.817827690164
2021-05-26,18279.66746989043,18211.872581134885
2021-05-27,18271.027610848094,18203.26476525108
2021-05-28,18200.395550222966,18132.8946619455
2021-05-31,18230.71409103862,18163.100758587578
2021-06-01,18234.104826209183,18166.47891833717
2021-06-02,18218.820220486443,18151.250999539745
2021-06-03,18169.115756506224,18101.730877458074
2021-06-04,18388.800778073753,18320.601140134455
2021-06-07,18319.63045506527,18251.68735321238
2021-06-08,18261.692141444622,18193.963918857615
2021-06-09,18219.429915217286,18151.85843305952
2021-06-10,18196.645982713842,18129.159000680163
2021-06-11,18273.08862413496,18205.318134735524
2021-06-14,18254.79396296156,18187.091324058914
2021-06-15,18188.542986814267,18121.086056842883
2021-06-16,18184.391964012153,18116.950429185654
2021-06-17,18149.57849005552,18082.266070028178
2021-06-18,18015.172522481495,17948.358581851266
2021-06-21,18266.34025839887,18198.59479706437
2021-06-22,18420.3785255226,18352.061773315272
2021-06-23,18457.510893306222,18389.05642608043
2021-06-24,18701.897038783838,18632.53620214114
2021-06-25,18870.832054740822,18800.844678767877
2021-06-28,18859.32069663514,18789.3760135199
2021-06-29,18891.778364364618,18821.713303568737
2021-06-30,19056.18454406276,18985.509740300724
2021-07-01,18724.567530475386,18655.122614433283
2021-07-02,19022.220298294837,18951.67145974893
2021-07-05,19039.085426054742,18968.47403880754
2021-07-06,19064.797542924287,18994.09079562167
2021-07-07,19097.70584601821,19026.877049736795
2021-07-08,18874.139875290868,18804.140231407328
2021-07-09,19152.46275331316,19081.430876836508
2021-07-12,19214.75021584874,19143.48733015923
2021-07-13,19340.631386630506,19268.901637964216
2021-07-14,19403.73688357089,19331.77309179895
2021-07-15,19100.48992531168,19029.650803549983
2021-07-16,19072.35873677156,19001.623946820102
2021-07-19,19081.853945274586,19011.08393987923
2021-07-20,19235.721859457615,19164.38119498751
2021-07-21,19451.516922687595,19379.375926245928
2021-07-22,19676.58956303391,19603.613826319233
2021-07-23,19859.811280393646,19786.15601841044
2021-07-26,19882.64179349455,19808.901858631027
2021-07-27,19643.976859804217,19571.12207575955
2021-07-28,19940.93851271988,19866.982369350313
2021-07-29,19947.453798076876,19873.473491081426
2021-07-30,19839.370607625147,19765.791155179435
2021-08-02,19869.774321612105,19796.082109106017
2021-08-03,20315.83853064997,20240.491973310774
2021-08-04,20609.758330514986,20533.321695352017
2021-08-05,20644.260314610518,20567.69571988934
2021-08-06,20617.164308524054,20540.70020637045
2021-08-09,21011.99271676217,20934.06429103385
2021-08-10,20829.69653841975,20752.444205358413
2021-08-11,20527.82821982753,20451.6954437336
2021-08-12,20499.494674287733,20423.466980497462
2021-08-13,20561.389888678717,20485.132640429594
2021-08-16,20563.554268398748,20487.288992985967
2021-08-17,20763.845110254726,20686.837004297307
2021-08-18,20428.579041996807,20352.81435722518
2021-08-19,20486.069200817205,20410.091298878022
2021-08-20,20797.485336644753,20720.352467181136
2021-08-23,21192.458585441484,21113.860855224375
2021-08-24,21101.07898457258,21022.820159310155
2021-08-25,20940.587650929076,20862.924049410653
2021-08-26,20756.725256860656,20679.743556726535
2021-08-27,20964.04976548784,20886.299148631253
2021-08-30,20905.86210301857,20828.327290202764
2021-08-31,20815.459649059172,20738.26011719525
2021-09-01,20771.85106749103,20694.81326936439
2021-09-02,20838.119536782982,20760.835964847218
2021-09-03,21149.257786480517,21070.820277633124
2021-09-06,21216.807580345972,21138.119545564878
2021-09-07,21288.062781871835,21209.110478691513
2021-09-08,21208.980163617827,21130.321158842184
2021-09-09,21370.494879995633,21291.236855995645
2021-09-10,21057.810877861044,20979.712523596583
2021-09-13,20909.11714669046,20831.570261700806
2021-09-14,21107.09083657704,21028.80971480193
2021-09-15,21387.857114480117,21308.53469812959
2021-09-16,21384.592255441265,21305.281947667427
2021-09-17,21229.82864993962,21151.09232314414
2021-09-20,20789.931272387086,20712.826419130397
2021-09-21,20910.672880963073,20833.120226129304
2021-09-22,21252.401311897112,21173.581268529175
2021-09-23,21538.2486063459,21458.368424134616
2021-09-24,21361.130266020653,21281.90697312088
2021-09-27,21141.804566000064,21063.39469935428
2021-09-28,20445.832074466245,20370.0034023481
2021-09-29,20549.354222795497,20473.141611935505
2021-09-30,20700.669623386664,20623.895820110727
2021-10-01,20661.78681235518,20586.793220468884
2021-10-04,20537.982120463028,20455.86708303831
2021-10-05,20999.350546623682,20912.318212236052
2021-10-06,21087.50456617455,20995.31813479037
2021-10-07,21183.818485306234,21102.043722323226
2021-10-08,20987.632980461054,20900.597823073218
2021-10-11,21091.50201308883,20989.94858800815
2021-10-12,21073.696799627192,20967.57754386377
2021-10-13,21200.969806696627,21077.96451037455
2021-10-14,21393.72016367203,21252.162032388114
2021-10-15,21450.120657075215,21320.84352588498
2021-10-18,21879.703612239966,21743.37064758524
2021-10-19,21735.95101926045,21622.265478239973
2021-10-20,21622.85461263597,21508.638765100935
2021-10-21,21845.532545966405,21724.38664651104
2021-10-22,21788.140115309583,21674.00633241174
2021-10-25,22187.867023080726,22084.151474158654
2021-10-26,22010.539579821074,21907.46103946365
2021-10-27,22004.415727074465,21899.919096762664
2021-10-28,22147.600077853094,22057.46443426017
2021-10-29,22362.531763555256,22273.13140084509
2021-11-01,22411.169643488793,22321.574837494947
2021-11-02,22614.397225114386,22523.989961045478
2021-11-03,22626.76854769474,22536.311825865974
2021-11-04,22931.640775908025,22839.965243612234
2021-11-05,22742.82234562122,22651.901666860464
2021-11-08,22978.958177684355,22887.093481079
2021-11-09,22629.200715369352,22538.734270282297
2021-11-10,22436.708060704277,22347.011157873352
2021-11-11,22541.787908074955,22451.670919693446
2021-11-12,22435.884214883554,22346.190605602573
2021-11-15,22238.404759587662,22149.500628667985
2021-11-16,22371.835601260023,22282.398043903286
2021-11-17,22269.74431829468,22180.71489888149
2021-11-18,22277.038085709206,22187.97950745751
2021-11-19,22328.647835108684,22239.38293270888
2021-11-22,22257.8803432582,22168.898353343724
2021-11-23,22164.774594065526,22076.164819955426
2021-11-24,22373.971341891927,22284.525246325422
2021-11-25,22473.325111750575,22383.48182220103
2021-11-26,21856.378589968113,21769.00171358695
2021-11-29,22061.481340916438,21973.28450995583
2021-11-30,21514.24675843796,21428.23764802162
2021-12-01,21084.146492175234,20999.527273609812
2021-12-02,21198.52420385105,21101.2301881684
2021-12-03,20829.017444550856,20727.29416282682
2021-12-06,20671.681359106384,20570.05789965688
2021-12-07,21309.98504226677,21212.192342345967
2021-12-08,21242.77651281758,21144.035987194282
2021-12-09,20772.983551169196,20672.70143119402
2021-12-10,20899.570114611866,20808.584448826714
2021-12-13,20294.358123795173,20211.696078801328
2021-12-14,20387.88560749656,20291.05878719452
2021-12-15,20896.206292300263,20807.381087136542
2021-12-16,20674.917296449585,20573.12392870424
2021-12-17,20290.108667372926,20198.46318643155
2021-12-20,20043.048381224082,19953.603696076054
2021-12-21,20814.625938154488,20721.921319057758
2021-12-22,21034.17459836218,20944.981062812116
2021-12-23,21403.162938935697,21314.213248031443
2021-12-24,21377.712153630855,21288.86823398539
2021-12-27,21693.0771243151,21607.038284494
2021-12-28,21531.46155495248,21445.935194881524
2021-12-29,21541.323679081113,21460.79547203603
2021-12-30,21274.193295381716,21193.823658248246
2021-12-31,21163.880139595196,21076.846614543305
2022-01-03,21601.095426548705,21512.263914200576
2022-01-04,21410.01053227272,21321.9648300796
2022-01-05,20925.51849967449,20839.465203844404
2022-01-06,20720.053165285117,20634.84481717775
2022-01-07,20411.28919944017,20327.3506003665
2022-01-10,20555.784886041736,20471.25206847521
2022-01-11,20764.299821513945,20678.909515162726
2022-01-12,20821.363080556177,20735.73810945763
2022-01-13,20311.187600559075,20227.660655442833
2022-01-14,20326.750587774048,20243.159642028968
2022-01-17,20357.54115124949,20273.82358357781
2022-01-18,19709.795809806026,19628.74200511306
2022-01-19,19303.82752278302,19224.443206428004
2022-01-20,18778.91243205476,18701.686756289175
2022-01-21,18424.877261308877,18349.107506135315
2022-01-24,18557.0540423659,18480.740728491877
2022-01-25,18211.67643334964,18136.78343704444
2022-01-26,18394.309764759837,18318.665714181046
2022-01-27,17742.441169054764,17669.477837766608
2022-01-28,18114.253730177556,18039.76137124231
2022-01-31,18878.99580847181,18801.35855368617
2022-02-01,19022.062184735492,18943.836589297734
2022-02-02,19324.93246058189,19245.461353094055
2022-02-03,19084.85332889692,19006.369513577818
2022-02-04,19080.40187414901,19001.936364820864
2022-02-07,19062.111822489896,18983.721528465314
2022-02-08,19217.46415783742,19138.43499885608
2022-02-09,19555.64859514748,19475.228699519426
2022-02-10,19338.322177300364,19258.79600645753
2022-02-11,19257.82343696271,19178.628306037306
2022-02-14,19189.97430811409,19111.05819733133
2022-02-15,19550.74485471038,19470.34512503552
2022-02-16,19536.13301445849,19455.793373952358
2022-02-17,19335.015419512132,19255.502847252596
2022-02-18,19086.553549142394,19008.062741903097
2022-02-21,18780.533212741022,18703.30087173943
2022-02-22,18804.58944857741,18727.25817963867
2022-02-23,18714.484546550222,18637.52382153803
2022-02-24,18720.172638392683,18643.188521890814
2022-02-25,18954.250359952093,18876.303631249197
2022-02-28,19088.43637185867,19009.937821771804
2022-03-01,18991.028803918616,18912.43997175333
2022-03-02,19207.33395577999,19127.433185206803
2022-03-03,19145.099926219602,19066.1106425565
2022-03-04,18965.539394003154,18886.65238188158
2022-03-07,18593.26853808255,18516.17541906781
2022-03-08,18597.76414412863,18521.19494362992
2022-03-09,18733.89357926854,18657.16205029799
2022-03-10,18780.615043783015,18704.85940970905
2022-03-11,18896.47560370065,18820.308219044244
2022-03-14,18994.030655218565,18917.529664757756
2022-03-15,18771.97029637851,18695.727966073635
2022-03-16,19084.439775911742,19006.220211078486
2022-03-17,19268.33423809059,19187.953698998623
2022-03-18,19218.764491359,19138.607307052134
2022-03-21,19271.094253585547,19191.213298166153
2022-03-22,19464.682094547818,19384.5733629345
2022-03-23,19442.106285530455,19362.51990120116
2022-03-24,19513.54938290624,19433.54692384992
2022-03-25,19504.20990355235,19424.591786175562
2022-03-28,19575.882833152747,19496.54428375345
2022-03-29,19716.01430054663,19635.437705864922
2022-03-30,19726.012476349202,19644.15974060921
2022-03-31,19530.286217820947,19448.977933151476
2022-04-01,19546.992985571364,19465.61514745997
2022-04-04,19588.174680293054,19506.625394978055
2022-04-05,19579.178269871474,19497.666438318873
2022-04-06,19616.61047900066,19534.94281006392
2022-04-07,19629.53004924305,19547.80859368571
2022-04-08,19725.63334030751,19643.511788527292
2022-04-11,19709.84016091368,19627.784359133828
2022-04-12,19790.719474911635,19708.326957212055
2022-04-13,19797.037650050985,19714.618828590308
2022-04-14,19767.61005932728,19685.31375050656
2022-04-18,19912.78328068221,19829.88258821465
2022-04-19,19979.95522536011,19896.77488335035
2022-04-20,20039.596977301306,19956.168335369523
2022-04-21,19933.68264825766,19850.694947760137
2022-04-22,19827.01948191945,19744.47584040784
2022-04-25,19529.66255490444,19448.356866661947
2022-04-26,19642.399361098327,19560.624328155583
2022-04-27,19722.820616005065,19640.71077412944
2022-04-28,19860.149312101115,19777.4677448247
2022-04-29,19746.042415287055,19663.83589665793
2022-05-02,19626.2764528862,19544.568542667417
2022-05-03,19690.37648555928,19608.401714750453
2022-05-04,19791.910311731346,19709.512836352293
2022-05-05,19745.442452772153,19663.238431900736
2022-05-06,19814.574166255043,19732.082336952302
2022-05-09,19579.863406497552,19498.34872259128
2022-05-10,19557.339405727125,19475.918493506844
2022-05-11,19523.570632234645,19442.290305821323
2022-05-12,19298.5293575012,19218.185920584754
2022-05-13,19439.980630604365,19359.04830521736
2022-05-16,19491.140507648808,19409.995193993225
2022-05-17,19638.810034897448,19557.04994500026
2022-05-18,19351.753052812794,19271.188035561005
2022-05-19,19252.380112195315,19172.228803337453
2022-05-20,19492.40556389843,19411.254983573817
2022-05-23,19668.589978767373,19586.70590931727
2022-05-24,19544.278635653078,19462.91209789508
2022-05-25,19500.729721885262,19419.544486512605
2022-05-26,19629.8990115658,19548.176019948372
2022-05-27,19791.179958955723,19708.78552417377
2022-05-30,19814.729386858944,19732.236911343407
2022-05-31,19960.34515678049,19877.24645520451
2022-06-01,19982.279733081225,19899.08971370508
2022-06-02,19916.508146597112,19833.59194680648
2022-06-03,19886.524099299175,19803.73272878273
2022-06-06,19968.867663871675,19885.733481482723
2022-06-07,20002.46738874132,19919.193324326876
2022-06-08,20076.767264615093,19993.183875729366
2022-06-09,19972.420047472522,19889.271075837078
2022-06-10,19705.295742656563,19623.2588601516
2022-06-13,19269.65665499548,19189.433420614136
2022-06-14,19273.05926496225,19192.82186487044
2022-06-15,19249.865305603107,19169.72446636193
2022-06-16,18781.431524096264,18703.2408635074
2022-06-17,18571.101532467637,18493.78651551467
2022-06-20,18673.98724872974,18596.243899031775
2022-06-21,19142.928015293248,19063.232376268046
2022-06-22,18904.022224820183,18825.321195899734
2022-06-23,18809.73209179505,18731.423610576774
2022-06-24,19018.440709879676,18939.263335110998
2022-06-27,19173.638848064566,19093.815354019447
2022-06-28,19323.433204562556,19242.986088208767
2022-06-29,19223.684838216595,19143.65299322523
2022-06-30,18984.61803917567,18905.581474598253
2022-07-01,19052.614800934785,18973.295152945277
2022-07-04,19008.84621699018,18929.708785914605
2022-07-05,18876.53463695086,18797.94804407064
2022-07-06,18923.316248849937,18844.5348952491
2022-07-07,19219.747603821863,19139.732150283824
2022-07-08,19282.62810255179,19202.35086557474
2022-07-11,19334.556933543496,19254.063506996783
2022-07-12,19160.775335918643,19081.005395113636
2022-07-13,19115.62687448512,19036.044895285675
2022-07-14,18930.7564859749,18851.944157256166
2022-07-15,19050.806383779705,18971.494264573706
2022-07-18,19222.630978889938,19142.60352131477
2022-07-19,19253.391584057197,19173.236064250188
2022-07-20,19218.688751823905,19138.677706487502
2022-07-21,19166.159648052555,19086.367291335217
2022-07-22,19322.707703962435,19242.263608005207
2022-07-25,19442.30626160725,19361.364254177417
2022-07-26,19380.07154493362,19299.38863242965
2022-07-27,19572.23002827326,19490.747123567908
2022-07-28,19613.701449379325,19532.045891284495
2022-07-29,19679.98039718802,19598.04890726629
2022-08-01,19692.0458131437,19578.95974187299
2022-08-02,19384.352454566855,19323.696207585584
2022-08-03,19970.30193842453,19880.45455618645
2022-08-04,19852.258589696365,19814.702074348217
2022-08-05,19514.569073039973,19472.039591431963
2022-08-08,19538.562211407305,19473.263035901546
2022-08-09,19374.003626763177,19276.630946577243
2022-08-10,19729.89692222433,19640.216040775194
2022-08-11,19723.418244250053,19631.52254472122
2022-08-12,19859.038564505947,19779.238707404584
2022-08-15,19943.770200366092,19862.73951866019
2022-08-16,19979.21227972152,19882.943076628886
2022-08-17,19721.371462894724,19634.126536228654
2022-08-18,19729.553903224016,19653.483795463635
2022-08-19,19493.064682825945,19408.950276310145
2022-08-22,19162.08398318595,19072.464253130936
2022-08-23,19472.432699070665,19372.519528990088
2022-08-24,19602.47282830135,19485.633304600356
2022-08-25,19857.55562363458,19749.86079659386
2022-08-26,19272.564102070657,19139.97341552576
2022-08-29,19537.943483221567,19374.25795225438
2022-08-30,19343.977943751535,19183.50065296605
2022-08-31,19260.91166075622,19091.36843162759
2022-09-01,19266.480625149226,19096.888375484985
2022-09-02,19120.251458280607,18951.94638367746
2022-09-05,19154.537869833366,18985.930990776087
2022-09-06,19031.97426490438,18864.44624596127
2022-09-07,19411.258761069468,19240.392108972803
2022-09-08,19425.736170891138,19254.742082105397
2022-09-09,19637.995862304306,19465.133368007453
2022-09-12,19958.650622585625,19782.965580506447
2022-09-13,19130.215240050857,18961.822459747924
2022-09-14,19456.94279865434,19285.67401506005
2022-09-15,19517.39372934842,19345.59282940501
2022-09-16,19342.68486014809,19172.421826447116
2022-09-19,19483.505870143177,19312.003266416432
2022-09-20,19474.685085488338,19303.26012628539
2022-09-21,19266.750183917757,19097.155561475694
2022-09-22,19148.07290620631,18979.522934673914
2022-09-23,18690.651254391523,18526.127714488528
2022-09-26,18551.61624502467,18388.316553964614
2022-09-27,18772.905063427286,18607.657488409157
2022-09-28,19228.269767664933,19059.01386719745
2022-09-29,18700.006207835977,18535.400321414647
2022-09-30,18344.04988152852,18182.57728319105
2022-10-03,18255.34233896631,18094.650584416457
2022-10-04,18649.34619724973,18485.186243084034
2022-10-05,18596.79154317834,18433.094198774525
2022-10-06,18688.70774027117,18524.201308055788
2022-10-07,18338.777023549723,18177.350839285697
2022-10-10,18187.21874622243,18027.126646252633
2022-10-11,18029.27421637793,17870.57241537657
2022-10-12,18186.87434775112,18026.785279331958
2022-10-13,18427.649011655853,18265.440536080387
2022-10-14,18115.07815639138,17955.62107042127
2022-10-17,18710.158001349275,18545.462754264023
2022-10-18,18739.880904517282,18574.92402303637
2022-10-19,19016.643648240894,18849.25057629819
2022-10-20,18993.594514281638,18826.404331208832
2022-10-21,19252.709947083884,19083.23891313714
2022-10-24,19137.804548720018,18969.34496390019
2022-10-25,19500.946396320236,19329.290273218197
2022-10-26,19525.36789621101,19353.496804055354
2022-10-27,19586.44861434624,19414.039862168436
2022-10-28,19711.186028811175,19537.6792816675
2022-10-31,19613.120250584856,19440.476722638712
2022-11-01,19778.47350945505,19604.374467567013
2022-11-02,19482.766489704358,19311.270394337625
2022-11-03,19566.49514135054,19394.262028639005
2022-11-04,19727.551488454028,19553.900685155433
2022-11-07,19575.858578654494,19403.54304474586
2022-11-08,19677.687218996984,19504.475343481812
2022-11-09,19225.804424745493,19056.570225337997
2022-11-10,19621.374422024423,19448.658237139483
2022-11-11,19577.98120844004,19405.646990186946
2022-11-14,19421.785740496874,19250.82642518071
2022-11-15,19376.596284990515,19206.034747637514
2022-11-16,19158.288304156576,18989.648412085324
2022-11-17,19095.80778269512,18927.717872346064
2022-11-18,19101.66088488283,18933.51945288917
2022-11-21,18998.375706435883,18831.14343715391
2022-11-22,19350.142718189218,19179.814037059037
2022-11-23,19453.18664462458,19281.950924391702
2022-11-24,19389.798030773807,19219.12028570179
2022-11-25,19219.889331917144,19050.707199823817
2022-11-28,19004.47550245341,18837.189540016505
2022-11-29,19116.34968490709,18948.07895547248
2022-11-30,19392.639597479276,19221.936839655864
2022-12-01,19477.41828567551,19305.969267612123
2022-12-02,19315.14956589398,19145.128910268613
2022-12-05,18992.658209705558,18825.476268407805
2022-12-06,18736.165500997675,18571.24132417381
2022-12-07,18718.34346772791,18553.57616847679
2022-12-08,18911.584214339295,18745.11592290479
2022-12-09,18798.293746538242,18632.822688883676
2022-12-12,18856.565013165862,18690.581025548094
2022-12-13,19425.959796145467,19254.963738909413
2022-12-14,19345.45961417821,19175.172155841134
2022-12-15,18829.49150324779,18663.745828871688
2022-12-16,18843.955293721192,18678.08230253966
2022-12-19,18663.88312909731,18499.595214302823
2022-12-20,18820.66490689188,18654.996928196786
2022-12-21,19108.969400158672,18940.763635318162
2022-12-22,18863.853442018284,18697.805298363415
2022-12-23,18874.730333702635,18708.5864467428
2022-12-26,18827.618137421345,18661.888953255937
2022-12-27,18602.725047311178,18438.97547352858
2022-12-28,18415.407474480515,18253.306754434936
2022-12-29,18745.067039699177,18580.064507517975
2022-12-30,18761.004038406412,18595.861221576644
2023-01-03,18892.09101024938,18725.801198692414
2023-01-04,18861.466524221483,18695.29568972498
2023-01-05,18763.500031145748,18598.235822073944
2023-01-06,19341.811467046246,19171.475522229917
2023-01-09,19736.798704310702,19562.909696235805
2023-01-10,19756.035291760018,19581.80746266641
2023-01-11,19624.2077482204,19451.121177602356
2023-01-12,19756.338414522415,19582.069164407472
2023-01-13,19742.943899554182,19568.814126454323
2023-01-16,19663.981517470373,19490.624113202815
2023-01-17,19610.24022177499,19437.288397078428
2023-01-18,19612.810233961925,19439.89197119324
2023-01-19,19544.152742253576,19371.89746243448
2023-01-20,19361.07590392092,19190.5558963667
2023-01-23,19480.30230402996,19308.687246273217
2023-01-24,19651.458253584093,19478.332609736863
2023-01-25,19594.96565207791,19422.31679735748
2023-01-26,19279.977987080852,19110.17460754023
2023-01-27,19425.098968872328,19254.11668392766
2023-01-30,19315.626627689016,19145.61468588673
2023-01-31,19197.441845940833,19028.392726086826
2023-02-01,19643.12589670629,19470.15216558795
2023-02-02,20366.419852995026,20187.076929164057
2023-02-03,20413.278630959547,20233.523077402395
2023-02-06,20434.845617236926,20254.900148790206
2023-02-07,20797.172295092347,20614.036244979452
2023-02-08,20386.946664467254,20207.42298533354
2023-02-09,20232.7664361878,20054.60043960881
2023-02-10,19986.039646225116,19810.04628009461
2023-02-13,20166.22650239395,19988.64644415681
2023-02-14,20365.44034311558,20186.106044667325
2023-02-15,20304.015531617824,20125.222128691177
2023-02-16,20491.30908860824,20310.866413282813
2023-02-17,20285.42580179795,20106.796096591523
2023-02-20,20361.597445052514,20182.296986453355
2023-02-21,20172.636817104074,19995.000310822008
2023-02-22,20058.668877191736,19882.035951495476
2023-02-23,20425.198051963253,20245.33753819077
2023-02-24,20153.962609901708,19976.490545232067
2023-02-27,20245.778517677496,20067.497939117166
2023-02-28,20312.885852098043,20134.014338770954
2023-03-01,20621.038633075423,20439.453583391627
2023-03-02,20408.889411348755,20229.17250844714
2023-03-03,21870.72251106342,21678.132976440178
2023-03-06,21744.112638945746,21552.638007423553
2023-03-07,21710.76794741758,21519.58694307759
2023-03-08,21803.938825653608,21611.937375803835
2023-03-09,21636.049583235857,21445.526534982055
2023-03-10,21429.944194898955,21241.23607254909
2023-03-13,21237.792703372128,21050.776631493467
2023-03-14,21041.309436421692,20856.023559826892
2023-03-15,21370.193525487666,21182.01155647405
2023-03-16,21658.446132067234,21467.725863949556
2023-03-17,21737.36569878336,21545.950479567524
2023-03-20,21512.807698787325,21323.36989575851
2023-03-21,21885.442162282,21692.723009134425
2023-03-22,21895.402990883853,21702.59612452315
2023-03-23,22200.77082824466,22005.2749492253
2023-03-24,22157.652148697543,21962.535964789917
2023-03-27,22097.416133153347,21902.830376450187
2023-03-28,22316.47653581383,22119.9617737483
2023-03-29,22482.844561065856,22284.864792961172
2023-03-30,22598.127814696614,22399.132883596954
2023-03-31,22821.38519914342,22620.424304836546
2023-04-03,22369.307567401876,22172.327585050087
2023-04-04,22225.549003232605,22029.834932190217
2023-04-05,21626.26941631375,21435.832490399764
2023-04-06,21645.357125697803,21454.75211694771
2023-04-07,21837.695835255858,21645.397127427233
2023-04-10,22053.75372028477,21859.552446708338
2023-04-11,22050.387334434425,21856.215704628747
2023-04-12,21785.010542725257,21593.175771831724
2023-04-13,21987.49322180727,21793.875425917016
2023-04-14,21917.432805461875,21724.431948631245
2023-04-17,22115.267405560924,21920.524453856837
2023-04-18,22204.965533747814,22009.432716928142
2023-04-19,21964.97694465737,21771.557422936407
2023-04-20,21640.907917172688,21450.34208732942
2023-04-21,21354.177840786517,21166.136902928218
2023-04-24,21225.290388343812,21038.38440953737
2023-04-25,20741.827426577667,20559.17873313375
2023-04-26,20949.98506831299,20765.503377201534
2023-04-27,21241.418987882596,21054.370983613677
2023-04-28,21423.907924673662,21235.25295660221
2023-05-01,21446.492120267576,21258.253487580703
2023-05-02,21314.317782669477,21129.793572595936
2023-05-03,21016.115883959465,20834.585881861192
2023-05-04,20976.409681049674,20797.860014789032
2023-05-05,21320.308322083936,21137.519266411156
2023-05-08,21580.886821169595,21396.20063442213
2023-05-09,21414.72925010646,21231.40677293802
2023-05-10,21617.33969957011,21427.486925799833
2023-05-11,21484.72452529794,21287.985340185543
2023-05-12,21469.666969803853,21272.318602634634
2023-05-15,21563.87951948725,21358.476168691686
2023-05-16,21714.886955167534,21505.581837514077
2023-05-17,22085.052630458187,21870.045058464282
2023-05-18,22527.680968430614,22300.878119126883
2023-05-19,22422.329252823267,22195.22721804564
2023-05-22,22717.415483692224,22485.858418077998
2023-05-23,22518.48401493099,22292.7581935037
2023-05-24,22486.75811443151,22261.293576866294
2023-05-25,23377.495634706353,23139.54437855824
2023-05-26,24004.560936837053,23758.112859179335
2023-05-29,24142.224677998685,23894.357466641573
2023-05-30,24244.26552141634,23996.738200960815
2023-05-31,24116.69173792686,23871.63460524685
2023-06-01,24369.260637533054,24121.637074473023
2023-06-02,24444.943746425553,24196.551143985704
2023-06-05,24659.274608560474,24408.704124216652
2023-06-06,24655.78091907894,24405.24593519
2023-06-07,24010.01216024651,23766.039031612592
2023-06-08,24393.617604833224,24145.74654312655
2023-06-09,24430.267724394605,24182.02424953484
2023-06-12,24970.66172641627,24716.927141660817
2023-06-13,25090.943272119563,24835.986469531563
2023-06-14,25458.520754436697,25199.828883837148
2023-06-15,25482.84859293865,25223.90951967912
2023-06-16,25076.601761802987,24821.79068771849
2023-06-19,25173.609120863777,24917.812325125633
2023-06-20,25212.31157302519,24956.121509750297
2023-06-21,24756.67338538038,24505.11320206653
2023-06-22,24905.636634913586,24652.56279014059
2023-06-23,24988.62229478531,24734.70520716281
2023-06-26,24430.698113673538,24182.450265495732
2023-06-27,24872.44105709492,24619.70452281236
2023-06-28,24970.058594514176,24716.33013836773
2023-06-29,25141.35537892318,24885.886323391023
2023-06-30,25652.050783115617,25391.392394287483
2023-07-03,25608.364034983362,25348.149560658498
2023-07-04,25412.49235902125,25154.268197124235
2023-07-05,25316.110522914616,25058.865726539843
2023-07-06,25180.660201052684,24924.791757116993
2023-07-07,25317.349203240814,25060.091820253732
2023-07-10,25309.5526497642,25052.374489958333
2023-07-11,25322.66214538269,25065.350775954128
2023-07-12,25543.909353686933,25284.349823230747
2023-07-13,25911.956883275816,25648.657508512988
2023-07-14,25771.266520920573,25509.396744262212
2023-07-17,26211.304997474253,25944.96385432396
2023-07-18,26531.11840984796,26261.52754411214
2023-07-19,26096.140203301322,25830.969285095332
2023-07-20,24965.73655329852,24712.052014744055
2023-07-21,24908.71853136481,24655.613370492738
2023-07-24,25169.058076418067,24913.307525244236
2023-07-25,25493.22014349616,25234.17568171697
2023-07-26,25068.161530293783,24813.43622000121
2023-07-27,24900.141094081588,24647.123091191595
2023-07-28,25707.779230913915,25446.554568163363
2023-07-31,25712.490138585257,25451.2176068509
2023-08-01,25753.395821501243,25491.707634523842
2023-08-02,25034.406191947095,24780.023880044097
2023-08-03,25210.85385006725,24954.67859916429
2023-08-04,25490.761129572944,25231.741654591602
2023-08-07,25876.880995011783,25613.93803715297
2023-08-08,25676.083815555143,25415.18121968223
2023-08-09,25101.484553714334,24846.420637917305
2023-08-10,25107.428699448403,24852.304383355768
2023-08-11,24819.12543130821,24566.93065352043
2023-08-14,25330.840175655543,25073.445706742536
2023-08-15,25095.98759715222,24840.979537623876
2023-08-16,24792.782251556975,24540.855154932346
2023-08-17,24520.098916467716,24270.942639197267
2023-08-18,24294.67038869677,24047.804760128896
2023-08-21,25014.030376931965,24759.85510996107
2023-08-22,24875.567552513767,24622.79924894827
2023-08-23,25269.296538124163,25012.527433067527
2023-08-24,24678.17217638933,24427.40966803833
2023-08-25,24835.786051094114,24583.421979617237
2023-08-28,25040.37987151276,24785.936859211804
2023-08-29,25958.585647138247,25694.812463144175
2023-08-30,25917.731870469463,25654.373814283066
2023-08-31,26104.56812305864,25839.311566164197
2023-09-01,25946.297640019264,25675.222207782706
2023-09-04,25839.16392543306,25568.08507728899
2023-09-05,25896.97553469666,25627.345297423282
2023-09-06,25869.404552298856,25592.58859381715
2023-09-07,25862.820779549547,25584.62770785432
2023-09-08,25875.230749059152,25598.7960476369
2023-09-11,26002.719156939667,25729.227318736284
2023-09-12,25960.912686284377,25685.093175117814
2023-09-13,26016.793838726233,25730.373234064722
2023-09-14,26366.514003997527,26081.641971270506
2023-09-15,26086.210113571768,25808.986138067165
2023-09-18,25652.681476510093,25372.861954666194
2023-09-19,25654.368017949142,25379.656904238174
2023-09-20,25263.48674363779,24995.347815163455
2023-09-21,25044.370537647992,24778.557241628187
2023-09-22,25157.358543588147,24893.970615428672
2023-09-25,25133.679861705143,24866.82971328512
2023-09-26,25069.39063817195,24800.418460071087
2023-09-27,25233.955358576062,24958.510738731908
2023-09-28,25611.19654074437,25332.319316981546
2023-09-29,25669.159257005504,25396.66749151265
2023-10-02,25681.38221399007,25408.76069531383
2023-10-03,25310.85962527469,25042.171400764542
2023-10-04,25489.653705666035,25219.067486985623
2023-10-05,25342.176454261673,25073.15578497081
2023-10-06,25153.812177395637,24886.791094996
2023-10-09,24915.776460788507,24651.28225400717
2023-10-10,24864.338812213726,24600.390643404742
2023-10-11,25213.53241745745,24945.87737297564
2023-10-12,24783.033004069122,24519.947939617563
2023-10-13,24798.95704814049,24535.702941499465
2023-10-16,24151.30114699606,23894.922251894597
2023-10-17,24149.548443441203,23893.18815421932
2023-10-18,23996.68968986605,23741.952077538866
2023-10-19,23891.167970888415,23637.550527679912
2023-10-20,23377.762612891675,23129.595240369683
2023-10-23,23412.76449226572,23164.225556195008
2023-10-24,23302.61247093246,23055.24285710036
2023-10-25,23031.15655230134,22786.66858729072
2023-10-26,22188.140679168566,21952.6017756098
2023-10-27,22499.86942150016,22261.021351696316
2023-10-30,22552.282943097813,22312.878475910915
2023-10-31,22151.064509386568,21915.919189071432
2023-11-01,22348.795092155695,22123.45305396334
2023-11-02,22414.74211705816,22198.13304410775
2023-11-03,22471.084054432562,22250.678287726532
2023-11-06,22159.17593665836,21957.23467689259
2023-11-07,22186.701452097554,21982.50355441014
2023-11-08,22056.47068474635,21864.40552804537
2023-11-09,21921.019309174557,21716.946113524875
2023-11-10,21933.22435697919,21721.08346870146
2023-11-13,22073.1841589018,21856.333935258142
2023-11-14,21936.303955424803,21647.56455799282
2023-11-15,21923.0276520863,21666.503576790496
2023-11-16,22019.177309592258,21684.03313769665
2023-11-17,21806.335362345162,21461.919712800634
2023-11-20,21910.11265587896,21575.83221023392
2023-11-21,21960.959470820217,21626.049269709758
2023-11-22,21978.390404660164,21659.32877689072
2023-11-23,21992.734973571263,21666.56665782024
2023-11-24,22027.561285432785,21688.02596271343
2023-11-27,22128.04178901092,21780.227306323628
2023-11-28,22121.04688007916,21775.532707749568
2023-11-29,21967.084176264394,21621.502876762712
2023-11-30,22075.870859312075,21733.52702173333
2023-12-01,22349.563279990114,22002.975129051854
2023-12-04,21880.882795059035,21541.562754938783
2023-12-05,22198.956356752406,21854.70375816429
2023-12-06,22126.416984097417,21783.28929729052
2023-12-07,22490.34174831239,22141.570460799303
2023-12-08,22568.425933523107,22218.443747477882
2023-12-11,22872.228277400533,22517.53484526535
2023-12-12,23182.6139402466,22823.107170525534
2023-12-13,23319.02492382993,22957.40274675278
2023-12-14,23028.030281484487,22670.920733748673
2023-12-15,23078.689787424755,22720.79463219087
2023-12-18,23216.312396151323,22856.283044159838
2023-12-19,23289.497356640535,22928.333081348104
2023-12-20,22944.23366466874,22588.423601585626
2023-12-21,23404.977686762755,23042.022588375243
2023-12-22,23273.197131664743,22912.285633787407
2023-12-25,23177.88120636964,22818.44783000587
2023-12-26,23383.542501921227,23020.919811866992
2023-12-27,23425.37955369966,23062.10807126255
2023-12-28,23293.397576095707,22932.172817748993
2023-12-29,23243.45091759806,22883.000712194393
2024-01-02,22770.526953563563,22417.41066516649
2024-01-03,22449.962701702112,22101.817596406818
2024-01-04,22541.193003177814,22191.63313460049
2024-01-05,22606.87773117657,22256.29924992495
2024-01-08,22950.809770873075,22594.897728146738
2024-01-09,23052.287810098635,22694.80208624326
2024-01-10,23126.34732828828,22767.713118838477
2024-01-11,23263.256266093093,22902.4989272109
2024-01-12,22995.92654796856,22639.314852181713
2024-01-15,22850.33738680604,22495.983429907952
2024-01-16,22767.040463814737,22413.978242515986
2024-01-17,22871.442817193198,22516.761565662953
2024-01-18,23189.338377850574,22829.727328221834
2024-01-19,23693.600446031127,23326.169500523014
2024-01-22,23500.198566435996,23135.766820464676
2024-01-23,23523.866540577517,23159.067761063237
2024-01-24,24254.898682391653,23878.763346760654
2024-01-25,24201.86500570885,23826.552095272862
2024-01-26,23965.18198468418,23593.539460536635
2024-01-29,24078.91466814266,23705.508422710398
2024-01-30,23821.33548823295,23451.92367842195
2024-01-31,23612.827834058713,23246.649478137228
2024-02-01,23918.623667116437,23547.703150866524
2024-02-02,24629.247162853222,24247.306579664397
2024-02-05,24819.988783271412,24435.09025478856
2024-02-06,24714.853386471874,24331.585255966762
2024-02-07,24945.234204009073,24558.393419284206
2024-02-08,24913.073949607224,24526.731893334778
2024-02-09,25267.914139869346,24876.069362855524
2024-02-12,25319.78132033529,24927.132207686496
2024-02-13,25049.72037855043,24661.259263728767
2024-02-14,25661.17171756241,25263.228458220867
2024-02-15,25886.61242125003,25485.173117012284
2024-02-16,25637.110457166484,25239.540330294934
2024-02-19,25626.31299555675,25228.910311431504
2024-02-20,25407.73439256459,25013.72133860333
2024-02-21,25201.27921690732,24810.4677878139
2024-02-22,26256.054057787005,25848.88559937821
2024-02-23,26260.77538801332,25853.533713090506
2024-02-26,26360.289238926605,25951.504342726996
2024-02-27,26445.515544560698,26035.408992662004
2024-02-28,26319.11281075398,25910.96646224874
2024-02-29,26813.975180664467,26398.154703067416
2024-03-01,27449.672653615413,27023.994032083025
2024-03-04,27788.45671574744,27357.524365531826
2024-03-05,27413.941188882487,26988.81667671398
2024-03-06,27741.562057765528,27311.356931281098
2024-03-07,28127.9178959951,27691.721316617444
2024-03-08,27365.032074321844,26940.666025277074
2024-03-11,26930.83002154122,26513.197405482213
2024-03-12,27490.11150125936,27063.805770138504
2024-03-13,27634.494130405285,27205.949370814993
2024-03-14,27336.736866648032,26912.809608446078
2024-03-15,27238.741892268918,26816.334301209714
2024-03-18,27596.597532271742,27168.640458074206
2024-03-19,27482.506249994105,27056.318458089354
2024-03-20,27951.27708376337,27517.819779946716
2024-03-21,28011.12159371453,27576.736245005548
2024-03-22,28343.348969435938,27903.811570532514
2024-03-25,28475.56610062863,28033.978330966347
2024-03-26,28325.95379381922,27886.686152390543
2024-03-27,28267.26708985134,27828.909538519638
2024-03-28,28350.355341600527,27910.709290660237
2024-03-29,28163.508806089816,27726.760297013792
2024-04-01,28502.96930095212,28060.956573342737
2024-04-02,28461.455958433515,28020.087003252364
2024-04-03,28748.232525279116,28302.416352996217
2024-04-04,28160.057137518892,27723.362155548184
2024-04-05,28775.606576206217,28329.365898013486
2024-04-08,28655.40984548351,28211.033130453197
2024-04-09,28456.438201350837,28015.14705955367
2024-04-10,28232.250258224685,27794.435734010476
2024-04-11,28983.60111776619,28534.134942830577
2024-04-12,28096.611546278058,27660.900453338116
2024-04-15,27760.394233854033,27329.897065462257
2024-04-16,28063.705363514015,27628.504566587268
2024-04-17,27378.540209032493,26953.96468119956
2024-04-18,27366.512577822625,26942.123569717565
2024-04-19,26258.762180917493,25851.55172601076
2024-04-22,26529.416883195114,26118.00922265936
2024-04-23,27266.086579289007,26843.254937683785
2024-04-24,26816.204479709842,26400.349431028604
2024-04-25,26836.28171651694,26420.11531802122
2024-04-26,27246.198175308662,26823.674955173432
2024-04-29,27263.568508311793,26840.7759159512
2024-04-30,27056.829365394344,26637.242801553082
2024-05-01,26902.412815450713,26485.220882137517
2024-05-02,27081.80405677341,26661.830195337254
2024-05-03,27206.248674564056,26784.344975419936
2024-05-06,27659.143108943954,27230.216102784147
2024-05-07,27447.22380158883,27021.58315588109
2024-05-08,27678.836819694625,27249.604411290096
2024-05-09,27673.80103341435,27244.646717983433
2024-05-10,27560.44689784781,27133.050433331253
2024-05-13,27664.107426697043,27235.10343586917
2024-05-14,27772.944957646116,27342.25315761446
2024-05-15,28032.89501495469,27598.172012676703
2024-05-16,27779.88966819625,27349.090172351564
2024-05-17,27924.429457753664,27491.388496258303
2024-05-20,28204.33685880422,27766.95520450209
2024-05-21,28233.406084676084,27795.57363636433
2024-05-22,28170.93406565946,27734.070408607073
2024-05-23,28078.015839351694,27642.593121249258
2024-05-24,28397.436667254908,27957.060497815317
2024-05-27,28489.443671191075,28047.64069367617
2024-05-28,28803.595847586508,28356.921122889515
2024-05-29,28748.369566052184,28302.55126859542
2024-05-30,28611.691352847796,28167.99260683795
2024-05-31,28611.467667361787,28167.772390177623
2024-06-03,28830.842393389394,28383.745140081395
2024-06-04,28761.0839798238,28315.068512287955
2024-06-05,29211.09297983979,28758.098951458378
2024-06-06,28945.8542614777,28496.973449797784
2024-06-07,28799.906838296418,28353.28932129036
2024-06-10,29056.874567107465,28606.272096620945
2024-06-11,29148.18775503879,28696.169235900008
2024-06-12,29508.766388926073,29051.156159541257
2024-06-13,29427.33875476591,28970.991272791656
2024-06-14,29431.781976790342,28975.36559109361
2024-06-17,29489.366940058455,29032.057549621946
2024-06-18,29756.000573311823,29294.556334387697
2024-06-19,29670.135789772445,29210.02310780918
2024-06-20,29407.34782879197,28951.310358158073
2024-06-21,29240.822826702482,28787.367759663503
2024-06-24,29201.192866555444,28748.35236519888
2024-06-25,29502.84411762129,29045.32572846776
2024-06-26,29636.52648104188,29176.934998890047
2024-06-27,29625.700122602873,29166.276531317886
2024-06-28,29377.233545298193,28921.663075012446
2024-07-01,29649.02618409804,29189.24086151562
2024-07-02,29980.39320374916,29515.46917303254
2024-07-03,30607.06008857351,30132.417956695605
2024-07-04,30513.711501414004,30040.516982351204
2024-07-05,30857.886227585055,30379.354383562088
2024-07-08,30839.977321061757,30361.723201248402
2024-07-09,31013.624793726794,30532.677817873606
2024-07-10,31157.566502546884,30674.387335841566
2024-07-11,30239.09033248999,29770.15452944564
2024-07-12,30249.153613846534,29780.06175343167
2024-07-15,30461.486131111767,29989.10150234966
2024-07-16,30284.27396821279,29814.637475290907
2024-07-17,29233.836275176924,28780.489552804207
2024-07-18,28763.075413690003,28317.02906378868
2024-07-19,28779.279423990112,28332.98178873268
2024-07-22,29407.842542710583,28951.797400249718
2024-07-23,29284.177920788363,28830.05052016932
2024-07-24,27991.653915763036,27557.570464071887
2024-07-25,27549.412372729876,27122.187027246346
2024-07-26,27692.32568678313,27262.88409838506
2024-07-29,27727.22304537513,27297.240282599938
2024-07-30,27223.100415140743,26800.935385896635
2024-07-31,28106.853590303814,27670.983667812874
2024-08-01,27336.821602441654,26912.893030190673
2024-08-02,27174.937202448255,26753.51906917796
2024-08-05,26096.247993769673,25691.557744332695
2024-08-06,26163.323581630157,25757.593150616543
2024-08-07,26032.82379161751,25629.117099517796
2024-08-08,26584.698978910714,26172.43402559057
2024-08-09,26516.269708154585,26105.065928787793
2024-08-12,26632.227639035882,26219.22563013112
2024-08-13,27131.842731277266,26711.092889950385
2024-08-14,27140.78440252125,26719.895897308015
2024-08-15,27516.887165930708,27090.166208436425
2024-08-16,27576.136385868438,27148.49661500293
2024-08-19,27775.13210397522,27344.406386546936
2024-08-20,27742.669629215,27312.447326952424
2024-08-21,27627.227285936307,27198.795217683935
2024-08-22,27354.99763089502,26930.787192013628
2024-08-23,27635.400809246752,27206.8419892411
2024-08-26,27233.442391926008,26811.11698341337
2024-08-27,27306.791612880115,26883.328733780476
2024-08-28,27338.00325539863,26914.056358542904
2024-08-29,26994.20898505639,26575.59351320295
2024-08-30,27272.92510214688,26849.987411445185
2024-09-02,27284.99583799307,26861.8709591139
2024-09-03,27119.75604324206,26699.193637472854
2024-09-04,27313.27727608363,26889.71381989489
2024-09-05,27934.161950984988,27500.970061849966
2024-09-06,27093.48939459218,26673.334321578102
2024-09-09,27305.59740937939,26882.15304951334
2024-09-10,27757.895231158196,27327.436816307723
2024-09-11,27941.925595558358,27508.613310906716
2024-09-12,28382.77102326636,27942.622282809083
2024-09-13,28044.245242965662,27609.346225859557
2024-09-16,27701.07006382398,27271.492871099705
2024-09-17,27662.909477806217,27233.92406429395
2024-09-18,27718.74699233266,27288.89567282168
2024-09-19,28334.751511143393,27895.347438208577
2024-09-20,28109.97094791176,27674.05268267713
2024-09-23,28237.325041560478,27799.431819621812
2024-09-24,28540.53565261009,28097.940360939145
2024-09-25,28344.72540922569,27905.166665040673
2024-09-26,28342.6484665376,27903.121930754904
2024-09-27,28189.92021166198,27752.762124997967
2024-09-30,28121.912478962106,27685.80902920668
2024-10-01,28279.647363740798,27841.097824038603
2024-10-02,28060.973042061392,27625.81461689056
2024-10-03,27749.02545771214,27318.704591785514
2024-10-04,27734.826143107486,27304.725474512306
2024-10-07,27814.69046324386,27383.35129049112
2024-10-08,27875.721156147,27443.43554364781
2024-10-09,27930.179973004655,27497.04983480264
2024-10-10,28336.091240853333,27896.666391922252
2024-10-11,28315.58653518872,27876.479665089384
2024-10-14,28315.58653518872,27876.479665089384
2024-10-15,28349.50162466743,27909.86881283027
2024-10-16,28450.749896815163,28009.54696698555
2024-10-17,29294.13503913157,28839.85322747585
2024-10-18,29326.458527820865,28871.67545634024
2024-10-21,29202.863300103258,28749.99689432669
2024-10-22,29122.107255759413,28670.493182645256
2024-10-23,29122.1072557594,28670.493182645256
2024-10-24,28650.93541978041,28206.62809236685
2024-10-25,28736.28341631425,28290.652546067464
2024-10-28,28724.057858006505,28278.616576862416
2024-10-29,28444.069132175006,28002.96980499009
2024-10-30,28346.636386473012,27907.048007611822
2024-10-31,28792.152104431247,28345.654844758094
2024-11-01,28613.238777319442,28169.516034465472
2024-11-04,28408.36046873473,27967.81489732032
2024-11-05,28995.463881205542,28545.81374324598
2024-11-06,28396.039688214034,27955.68518257059
2024-11-07,28758.029136633042,28312.061042392146
2024-11-08,28587.72048190914,28144.39346664549
2024-11-11,28660.779250860785,28216.319269224434
2024-11-12,28534.34735070005,28091.848024757383
2024-11-13,28607.000157459122,28163.374160644205
2024-11-14,28412.566034160904,27971.955244508164
2024-11-15,28025.607476778154,27590.997486747885
2024-11-18,28126.894719936474,27690.714007566796
2024-11-19,28709.688414148713,28264.46996863298
2024-11-20,28760.492746846587,28314.486447916956
2024-11-21,28384.815179021116,27944.63473860828
2024-11-22,28489.436156876123,28047.633295890246
2024-11-25,28156.32444869582,27719.687351780933
2024-11-26,27845.811414611813,27413.98963050537
2024-11-27,27916.231131792993,27483.317306680572
2024-11-28,28044.020317605755,27609.124788552825
2024-11-29,28659.08446756301,28214.650767952935
2024-12-02,28805.854854975358,28359.145098488985
2024-12-03,28741.120060130706,28295.41418513255
2024-12-04,29139.275777166808,28687.395461441363
2024-12-05,28953.200892600278,28504.206152282724
2024-12-06,29205.520132986705,28752.61252610097
2024-12-09,28930.050562637764,28481.414828442823
2024-12-10,28578.37918549302,28135.197031344163
2024-12-11,29015.17049605814,28565.214755742156
2024-12-12,29038.327601063884,28588.0127495606
2024-12-13,29172.43271984032,28720.038219416565
2024-12-16,29487.03726473476,29029.764001977903
2024-12-17,29393.037686912754,28937.22213227565
2024-12-18,28623.30554236366,28179.42668811551
2024-12-19,28569.151811593674,28126.11275189447
2024-12-20,28751.972049262902,28306.097885927258
2024-12-23,28916.719123145012,28468.29012761896
2024-12-24,29297.93902218044,28843.59821986638
2024-12-25,29264.33880585277,28810.519062348776
2024-12-26,29048.94881527577,28598.46925420082
2024-12-27,28633.654129602073,28189.61479357309
2024-12-30,28213.862789809722,27776.33341115288
2024-12-31,28131.26128471555,27695.012857393485
2025-01-02,27739.243770879664,27309.07459546751
2025-01-03,28370.837743849974,27930.874059950427
2025-01-06,28435.495539910517,27994.529168589324
2025-01-07,28130.48986958511,27694.253405062507
2025-01-08,28042.816800834436,27607.939935441573
2025-01-09,28054.562828213497,27619.503810093127
2025-01-10,27645.80932340869,27217.089092299273
2025-01-13,27583.14880830704,27155.400291579415
2025-01-14,27517.367490297478,27090.639084123675
2025-01-15,28079.21787196269,27643.77651321592
2025-01-16,27904.71254605648,27471.97734659689
2025-01-17,28514.07209948821,28071.887194088762
2025-01-20,28472.89873081574,28031.352325665146
2025-01-21,28593.874997148756,28150.452540107093
2025-01-22,29036.307785093344,28586.024256093948
2025-01-23,29236.375604467346,28782.989503184537
2025-01-24,29278.373858789833,28824.33646525912
2025-01-27,28239.96151936834,27802.02741197895
2025-01-28,28757.201867881995,28311.24660259632
2025-01-29,28544.759096521615,28102.098309359906
2025-01-30,28642.44426731635,28198.268617322843
2025-01-31,28589.393528297565,28146.040568095003
2025-02-03,28723.594191149714,28278.160100367106
2025-02-04,29642.512389721018,29182.828080474785
2025-02-05,29022.520273963317,28572.45055621065
2025-02-06,29304.524582869166,28850.081654295518
2025-02-07,28987.390098027194,28537.865165090563
2025-02-10,29386.26288272232,28930.552389057942
2025-02-11,29086.172585192464,28635.11577267758
2025-02-12,29394.333641835885,28938.497990044576
2025-02-13,29706.633202082303,29245.95453274436
2025-02-14,29437.30178945288,28980.799804693663
2025-02-17,29465.27769380208,29008.3418698292
2025-02-18,29325.95530624013,28871.180038519935
2025-02-19,29069.396756432307,28618.600096807102
2025-02-20,28641.12162092252,28196.966482003987
2025-02-21,27706.716942696912,27277.05218041783
2025-02-24,26956.816379984826,26538.780777799922
2025-02-25,26306.973053669968,25899.014963696176
2025-02-26,26549.681035820944,26137.959126854454
2025-02-27,25824.498022018102,25424.02196321419
2025-02-28,26455.857436762628,26045.590506907116
2025-03-03,26246.693647397587,25839.670346515544
2025-03-04,25743.76586287576,25344.541766332044
2025-03-05,26106.958158087942,25702.101819676423
2025-03-06,24988.690005614393,24601.175325577304
2025-03-07,25259.74216767061,24868.02411835609
2025-03-10,24383.478017583897,24005.34872468969
2025-03-11,24741.234006996536,24357.556776305773
2025-03-12,25028.414525124346,24640.283813015776
2025-03-13,24661.79028830926,24279.345039255833
2025-03-14,25145.175296897007,24755.233905112782
2025-03-17,25258.726458826626,24867.024160721463
2025-03-18,24933.469266202523,24546.81092746063
2025-03-19,25439.102648276606,25044.60314786411
2025-03-20,25378.624829287673,24985.063194872535
2025-03-21,25749.103515796025,25349.796645050745
2025-03-24,26286.31108524165,25878.67341286809
2025-03-25,26327.163885304366,25918.892683932634
2025-03-26,25816.68655717125,25416.331635461775
2025-03-27,25835.356753128053,25434.712301434778
2025-03-28,25183.9301697106,24793.387782750768
2025-03-31,25138.375942096925,24748.539992006507
2025-04-01,25127.457887094406,24737.791249864717
2025-04-02,25378.001974676863,24984.44999924366
2025-04-03,24759.445434047997,24375.485787779402
2025-04-04,23299.79734901605,22938.47334553268
2025-04-07,23525.1917478713,23160.372417568688
2025-04-08,23124.87002602647,22766.25872599345
2025-04-09,24906.501656837925,24520.261521071527
2025-04-10,24258.666987982033,23882.473214964615
2025-04-11,24294.760702609932,23918.007202601133
2025-04-14,24149.845778156247,23775.33956124111
2025-04-15,24206.08720398324,23830.70881737336
2025-04-16,24257.319026878136,23881.146157506148
2025-04-17,24054.865321256337,23681.83202354412
2025-04-18,23999.693440043953,23627.515725953377
2025-04-21,23796.54114654278,23427.513837535345
2025-04-22,24099.093806731245,23725.37463123217
2025-04-23,24475.694057229874,24096.134714617565
2025-04-24,25191.271644298722,24800.61540866672
2025-04-25,24767.512072429177,24383.42733193633
2025-04-28,25225.115400124338,24833.93432896847
2025-04-29,24953.244547277925,24566.279541331092
2025-04-30,24735.770529301306,24352.178024052726
2025-05-01,24384.918044265945,24006.76642000986
2025-05-02,24870.237420975565,24484.55965657611
2025-05-05,24712.212064984058,24328.98489504358
2025-05-06,24511.61568130333,24131.499280411615
2025-05-07,24309.173058796452,23932.196057691966
2025-05-08,24221.048087302905,23845.437693256412
2025-05-09,24457.517548558517,24078.240080023665
2025-05-12,24225.604700108837,23849.923643920676
2025-05-13,24916.978195802516,24530.575594030743
2025-05-14,24705.936497344217,24322.806646414294
2025-05-15,24849.896201823256,24464.533880971656
2025-05-16,24714.396788784637,24331.135739015157
2025-05-19,24699.706553566415,24316.673314130294
2025-05-20,24956.144958152694,24569.134973785956
2025-05-21,24596.629922450004,24215.19515447107
2025-05-22,24546.320126194692,24165.665542554918
2025-05-23,24833.37328488167,24448.267194863714
2025-05-26,24661.539371918152,24279.09801397645
2025-05-27,24555.449152775203,24174.652999816924
2025-05-28,24514.45199315549,24134.29160786606
2025-05-29,24446.410450566687,24067.305226496184
2025-05-30,24354.93169358535,23977.245085746174
2025-06-02,24515.31300895839,24135.139271377848
2025-06-03,24574.665705106734,24193.57154948699
2025-06-04,23843.293558616904,23473.54123177135
2025-06-05,23506.938173264578,23142.401912147325
2025-06-06,23503.932900083248,23139.443243548907
2025-06-09,23926.37675159313,23555.336003588425
2025-06-10,24168.521013177902,23793.72518813515
2025-06-11,24385.896373639705,24007.72957784026
2025-06-12,24219.30997075073,23843.726530725417
2025-06-13,24098.908185462686,23725.191888504552
2025-06-16,24171.92634880758,23797.07771517237
2025-06-17,23897.36461944366,23526.773780061805
2025-06-18,23885.901530645955,23515.488456292464
2025-06-19,23510.520250872305,23145.92844031819
2025-06-20,23476.477004206896,23112.41312280136
2025-06-23,23353.08465657834,22990.93429469302
2025-06-24,24280.444987585714,23903.913489999853
2025-06-25,24326.21231356607,23948.97107446597
2025-06-26,24271.47945516317,23895.086991493346
2025-06-27,23900.325679516405,23529.688921190962
2025-06-30,24038.322825624735,23665.546062364727
2025-07-01,23389.70277364566,23026.98455254421
2025-07-02,23802.233134644248,23433.117556546
2025-07-03,24016.481592064927,23644.043533980446
2025-07-04,24079.801321693096,23706.38132638976
2025-07-07,23947.21001792416,23575.846195899387
2025-07-08,24279.223816695343,23902.71125654264
2025-07-09,24575.535451015454,24194.427807721568
2025-07-10,24721.652486562536,24338.278918313594
2025-07-11,24754.211719029543,24370.333235134818
2025-07-14,24784.410961290745,24400.064159541045
2025-07-15,25376.17387677363,24982.650250756637
2025-07-16,25545.510545476838,25149.36091365576
2025-07-17,26076.76994830494,25672.381756661092
2025-07-18,25968.01839537319,25565.316679620173
2025-07-21,25905.39547435516,25503.664889989814
2025-07-22,25165.666780453892,24775.407614881104
2025-07-23,25546.210843715216,25150.05035194719
2025-07-24,25749.36126044957,25350.05039270254
2025-07-25,26090.458752139126,25685.85827996209
2025-07-28,26499.817183600593,26088.86854345026
2025-07-29,26514.765383032693,26103.584932142425
2025-07-30,26896.836177188816,26479.730724166955
2025-07-31,26853.682832338804,26437.246584249988
2025-08-01,25844.065466142063,25443.285963186092
2025-08-04,26142.026439366622,25736.626275976807
2025-08-05,25860.496835362897,25459.46252125898
2025-08-06,25506.643184950713,25111.096292719998
2025-08-07,25706.948978207878,25308.295823289278
2025-08-08,25756.67717571273,25357.252855657403
2025-08-11,25982.88742601185,25579.955127237103
2025-08-12,26329.331637623432,25921.026819609648
2025-08-13,26511.121331616443,26099.997391228262
2025-08-14,26016.44246141049,25612.989804473582
2025-08-15,25836.992975735997,25436.323150152326
2025-08-18,25747.81791131591,25348.53097721428
2025-08-19,24873.49280183289,24487.76455428
2025-08-20,25155.068605486376,24764.973792201763
2025-08-21,25418.615502452856,25024.433708561028
2025-08-22,25900.821635420507,25499.161980332796
2025-08-25,25733.54058025049,25334.475053328595
2025-08-26,25830.027494783255,25429.465687111773
2025-08-27,25821.54647078553,25421.116183465856
2025-08-28,25940.744954216047,25538.466184156507
2025-08-29,25289.089071820887,24896.915922372264
2025-09-01,25315.346064595946,24922.76573213166
2025-09-02,25437.120742258634,25042.651976457488
2025-09-03,26158.196431831046,25752.545510620228
2025-09-04,25877.666451496534,25476.36587780476
2025-09-05,26187.532730593666,25781.426873712906
2025-09-08,26067.202383078817,25662.962561436623
2025-09-09,26498.115313834453,26087.19306560456
2025-09-10,26818.23490532221,26402.348369607014
2025-09-11,27007.956889610134,26589.128220713057
2025-09-12,27042.138704489727,26622.77995758323
2025-09-15,27358.28803322041,26934.026568086607
2025-09-16,27453.72066326875,27027.979266810406
2025-09-17,27080.91844853379,26660.95832075849
2025-09-18,27054.149543623498,26634.604537393945
2025-09-19,27160.30588959938,26739.114652917753
2025-09-22,27007.338819201163,26588.519735094484
2025-09-23,26991.810069441824,26573.23179901898
2025-09-24,26851.67724474975,26435.272098516733
2025-09-25,27256.935372055825,26834.245643737868
2025-09-26,26979.759198876593,26561.36780856832
2025-09-29,26903.50283347216,26486.293996592412
2025-09-30,26669.30686361832,26255.729844825222
2025-10-01,27516.450371541574,27089.73618768121
2025-10-02,27716.250382600512,27286.437779521715
2025-10-03,27364.370356329673,26940.01456894474
2025-10-06,27765.267636356082,27334.694893173866
2025-10-07,27585.395093795552,27157.61174256474
2025-10-08,27892.138414345885,27459.598209526914
2025-10-09,27908.70108155014,27475.904029466237
2025-10-10,27033.0401361566,26613.82248623419
2025-10-13,27527.425842227738,27100.541455127026
2025-10-14,27297.773591427715,26874.450560223155
2025-10-15,27943.19195150051,27509.860028703893
2025-10-16,28011.05518030476,27576.670861508566
2025-10-17,27777.954508180756,27347.18502202903
2025-10-20,28358.801452312695,27919.02442244198
2025-10-21,28054.5626135926,27619.503598800504
2025-10-22,28042.797235545473,27607.920673563356
2025-10-23,28384.010650971548,27943.84268686017
2025-10-24,28862.4229874451,28414.835994827117
2025-10-27,29488.7330749906,29031.43351428182
2025-10-28,29424.674233419995,28968.36807178453
2025-10-29,29573.558550941023,29114.943550440705
2025-10-30,29573.13004438826,29114.521688997374
2025-10-31,29514.92705324505,29057.221286724765
2025-11-03,29837.47878202629,29374.771011401503
2025-11-04,29159.700883739726,28707.50382357363
2025-11-05,29717.187782242563,29256.345436667336
2025-11-06,29463.64897039436,29006.738404017182
2025-11-07,29134.93069086746,28683.11775701463
2025-11-10,29868.33782454833,29405.151504148154
2025-11-11,29524.035794883297,29066.188773615337
2025-11-12,29608.887192519145,29149.724329476427
2025-11-13,28702.3256725543,28257.221405510998
2025-11-14,28587.851471433783,28144.522424836614
2025-11-17,28615.252430917473,28171.498461123258
2025-11-18,28182.120218617427,27745.0830911477
2025-11-19,28284.18402939402,27845.56413688267
2025-11-20,27690.67335611334,27261.257391403073
2025-11-21,27762.651815911435,27332.119637833755
2025-11-24,28854.006183366993,28406.549715203782
2025-11-25,28925.457475846673,28476.892969417466
2025-11-26,29041.07729859609,28590.71980587554
2025-11-27,28869.748380600347,28422.047788694665
2025-11-28,29390.351562669242,28934.577663380074
2025-12-01,29194.84266698856,28742.100642004803
2025-12-02,29275.639591187977,28821.64459959324
2025-12-03,29353.47913987185,28898.277043471073
2025-12-04,28789.214925391527,28342.76321432432
2025-12-05,29229.219906140814,28775.94477258562
2025-12-08,28872.48452665811,28424.741503686022
2025-12-09,29164.98719998197,28712.708161723058
2025-12-10,29428.054051264648,28971.695476756326
2025-12-11,28865.864418571142,28418.224057606003
2025-12-12,28019.27001731465,27584.758306088668
2025-12-15,27901.450075955087,27468.765469586036
2025-12-16,27672.592715760227,27243.457138439524
2025-12-17,26791.230338203368,26375.76257858975
2025-12-18,27352.994098096635,26928.81472920608
2025-12-19,27910.76287298365,27477.933847456978
2025-12-22,28315.189463496674,27876.08875102739
2025-12-23,28102.466893199515,27666.664997864973
2025-12-24,28252.314589323352,27814.188915431212
2025-12-25,28172.50576070735,27735.617730432317
2025-12-26,28009.113208657247,27574.759005186013
2025-12-29,28058.42158784479,27623.30272961256
2025-12-30,28574.12548369923,28131.00929426832
2025-12-31,28203.224910530727,27765.860499880724
2026-01-02,28693.48045702103,28248.51335806716
2026-01-05,28773.91473571937,28327.712358411256
2026-01-06,28766.963637352907,28320.731324185283
2026-01-07,28690.48403851215,28245.585661499717
2026-01-08,28767.65696233905,28321.54336758852
2026-01-09,28855.2653448642,28407.744820562093
2026-01-12,28973.397214727924,28524.04456600393
2026-01-13,29092.742532373173,28641.563459611407
2026-01-14,29212.69493047968,28759.747477723213
2026-01-15,29098.761386347345,28647.5068522735
2026-01-16,29416.72732467764,28960.43053553062
2026-01-19,29345.048470942103,28889.906065997904
2026-01-20,29262.251812065628,28808.418508227835
2026-01-21,29409.507448494267,28953.359012406716
2026-01-22,29765.97967848482,29304.327524551187
2026-01-23,29564.625192210355,29106.17483720477
2026-01-26,29470.762440783412,29013.64066864683
2026-01-27,29778.193618550253,29316.42293854302
2026-01-28,29781.10463017738,29319.247539609612
2026-01-29,29707.815500203866,29247.043491467837
2026-01-30,29449.341907818573,28992.473112671676
2026-02-02,29745.938929407366,29284.46881161218
2026-02-03,30141.285591158692,29673.682176613267
2026-02-04,30332.39653509813,29861.82827920004
2026-02-05,30176.13917008054,29707.99504692918
2026-02-06,30607.71976857596,30132.880225586006
2026-02-09,30975.879962582643,30495.328886045234
2026-02-10,30788.68018376699,30311.0332718682
2026-02-11,31034.593173922498,30553.131237162535
2026-02-12,31024.549799403972,30543.2436727273
2026-02-13,30997.318884747066,30516.435210810054
2026-02-16,30865.75143065139,30386.908857137663
2026-02-17,30575.5311566053,30101.190978674662
2026-02-18,31073.249017075726,30591.18738445357
2026-02-19,31228.456599543664,30743.987120205555
2026-02-20,31439.46821978665,30951.725165609267
2026-02-23,31466.90149381489,30978.732847551557
2026-02-24,31388.07748795921,30901.131695119795
2026-02-25,31765.273103302563,31272.47560393416
2026-02-26,31424.362648995753,30936.853938388733
2026-02-27,31874.520837311895,31380.02849937068
2026-03-02,30924.213190316626,30444.46365753083
2026-03-03,30665.959335662013,30190.216280433084
2026-03-04,29366.23540592207,28910.655901636463
2026-03-05,29871.206583243053,29407.793098351394
2026-03-06,29797.17745822176,29334.912440323355
2026-03-09,29566.107163694553,29107.42690525819
2026-03-10,30034.238910792457,29568.29618829369
2026-03-11,30147.762287131864,29680.058394949523
2026-03-12,31040.9800572143,30559.419036146035
2026-03-13,30891.392064637446,30412.151709550482
2026-03-16,31168.443504263585,30684.90505118136
2026-03-17,32427.470192499906,31924.399554015585
2026-03-18,32501.913103194947,31997.68757836296
2026-03-19,32574.873016891295,32069.515612509364
2026-03-20,32429.816994232144,31926.709948126747
2026-03-23,32169.860878648768,31670.786718496816
2026-03-24,32003.584804773007,31507.09020479496
2026-03-25,32336.246752324634,31834.591328595598
2026-03-26,32282.507342630823,31781.685616966584
2026-03-27,32394.003993004888,31891.452539712813
2026-03-30,32769.61556367409,32261.23697827589
2026-03-31,32966.84237663484,32455.404070014716
2026-04-01,32746.21209309091,32238.196582543136
2026-04-02,32653.390590228322,32146.815086330244
2026-04-03,32381.951546492553,31879.587071460777
2026-04-06,32479.767992195135,31975.886020377402
2026-04-07,33218.57484681257,32703.23123355741
2026-04-08,33015.14475216281,32502.957096094393
2026-04-09,33412.305890555515,32893.956788457355
2026-04-10,33677.17649214173,33154.718262138595
2026-04-13,33889.25051150297,33363.5022248999
2026-04-14,33678.92943586524,33156.44401118695
2026-04-15,33727.01666332698,33203.78522694692
2026-04-16,33814.0080926445,33289.42709573353
2026-04-17,33659.287477842496,33137.10677296828
2026-04-20,33225.84634658943,32710.389925334952
2026-04-21,33118.774440451976,32604.979102589597
2026-04-22,33219.28681235606,32703.932153868016
2026-04-23,33402.525198463365,32884.32783126735
2026-04-24,34377.87048945766,33844.541890149776
2026-04-27,35112.777093474135,34568.04736011804
2026-04-28,35413.66461432434,34864.266996722974
2026-04-29,36144.27338321763,35583.54130697154
