,Best stock assets + Gold/BTC/BIL/IEF reoptimized Static Copula [US stock only] [mean_variance] max10 PIT reselect,Best stock assets + Gold/BTC/BIL/IEF reoptimized Dynamic HMM Copula [US stock only] [mean_variance] max10 PIT reselect
2017-12-29,10000.0,10000.0
2018-01-02,10050.92289241697,10050.92289241697
2018-01-03,10034.489771615474,10034.489771615474
2018-01-04,10063.708000410463,10063.708000410463
2018-01-05,10257.221907143497,10257.221907143497
2018-01-08,10138.560963097403,10138.560963097403
2018-01-09,10122.637817035136,10122.637817035136
2018-01-10,10150.97150652754,10150.97150652754
2018-01-11,10101.45433679169,10101.45433679169
2018-01-12,10239.42718573035,10239.427185730348
2018-01-15,10198.5663216022,10198.566321602199
2018-01-16,9991.516952785845,9991.516952785843
2018-01-17,10107.019924468155,10107.019924468152
2018-01-18,10155.216457486982,10155.21645748698
2018-01-19,10165.25916885521,10165.259168855207
2018-01-22,10204.493041510208,10204.493041510204
2018-01-23,10244.505847886785,10244.505847886783
2018-01-24,10270.406013165413,10270.406013165411
2018-01-25,10232.188377945813,10232.18837794581
2018-01-26,10397.989460783985,10397.989460783983
2018-01-29,10370.128449143805,10370.128449143804
2018-01-30,10180.084986168758,10180.084986168757
2018-01-31,10238.886948876665,10238.886948876661
2018-02-01,10006.560065284099,10006.560065284097
2018-02-02,9850.6526526591,9850.652652659099
2018-02-05,9187.059626063763,9187.059626063763
2018-02-06,9575.674078131213,9575.674078131211
2018-02-07,9580.764294704637,9580.764294704637
2018-02-08,9316.617148525262,9316.61714852526
2018-02-09,9551.155523865094,9551.155523865094
2018-02-12,9631.168417052202,9631.168417052202
2018-02-13,9663.657101751553,9663.65710175155
2018-02-14,9881.427298818333,9881.427298818331
2018-02-15,10104.75569042796,10104.755690427957
2018-02-16,10091.899671380197,10091.899671380195
2018-02-19,10191.619952989104,10191.619952989102
2018-02-20,10147.360951528985,10147.360951528983
2018-02-21,10035.93911129862,10035.939111298618
2018-02-22,9987.372638793066,9987.372638793064
2018-02-23,10111.016864728203,10111.016864728197
2018-02-26,10217.811480817678,10217.811480817674
2018-02-27,10058.918894268489,10058.918894268485
2018-02-28,10007.11030879134,10007.110308791336
2018-03-01,9824.761842543976,9824.825003093425
2018-03-02,9907.728354812238,9907.088687625177
2018-03-05,10101.062779114884,10099.670102606264
2018-03-06,10172.725581349416,10169.847696585026
2018-03-07,10189.072850076382,10191.10582913199
2018-03-08,10205.789896714723,10205.377863373958
2018-03-09,10388.1117169152,10381.994827020764
2018-03-12,10449.615167960614,10442.09237989821
2018-03-13,10321.704190197279,10316.812003997915
2018-03-14,10291.753682226328,10285.435387949812
2018-03-15,10253.344724938712,10247.749950202791
2018-03-16,10288.008695594188,10282.29874816855
2018-03-19,10154.233751011752,10149.089108609738
2018-03-20,10251.267256929757,10242.882249723725
2018-03-21,10233.958239647669,10226.992503963987
2018-03-22,9889.158271776632,9883.609601401768
2018-03-23,9642.689778125907,9637.395316242251
2018-03-26,9997.434685718126,9986.858705544086
2018-03-27,9555.448319005127,9542.877895248592
2018-03-28,9399.738029210548,9385.562240682631
2018-03-29,9648.767932971576,9634.853158034328
2018-03-30,9631.492894583604,9617.603032492523
2018-04-02,9254.266393347913,9240.920540803081
2018-04-03,9425.91763616383,9412.324240261329
2018-04-04,9512.499584573863,9498.781326270886
2018-04-05,9551.704442113618,9537.929645320659
2018-04-06,9305.383929162896,9291.96435850077
2018-04-09,9344.705435641368,9331.22915826636
2018-04-10,9630.059521103656,9616.171726123062
2018-04-11,9576.14699300804,9562.336946886158
2018-04-12,9772.692418376106,9758.598928256199
2018-04-13,9717.568569247314,9703.554574868172
2018-04-16,9741.660477517675,9727.611739481754
2018-04-17,10046.34466499897,10031.85653284297
2018-04-18,10119.343932469112,10104.750525900412
2018-04-19,10006.555454312718,9992.124703359737
2018-04-20,9916.861586807876,9902.560186046365
2018-04-23,9866.540487013648,9852.311655805379
2018-04-24,9694.673699339995,9680.69272233304
2018-04-25,9676.111956071136,9662.157747505686
2018-04-26,9988.468709117511,9974.064041597201
2018-04-27,10011.101318030014,9996.664011351892
2018-04-30,9895.072176574586,9880.802198969019
2018-05-01,9986.102470556381,9971.70121545901
2018-05-02,9944.064470578205,9929.72383972971
2018-05-03,10001.26773896952,9986.844613587953
2018-05-04,10056.626000068527,10042.123040893728
2018-05-07,10188.126090534175,10173.433491171556
2018-05-08,10210.459178663974,10195.734372091361
2018-05-09,10359.989070040101,10345.048621968042
2018-05-10,10434.505123895124,10419.457214007649
2018-05-11,10318.230422999917,10303.350196313559
2018-05-14,10324.31842025874,10309.429413890639
2018-05-15,10295.962754268465,10281.11464044884
2018-05-16,10430.4960928751,10415.453964530383
2018-05-17,10312.731650837233,10297.8593540936
2018-05-18,10269.490524344645,10254.680586914385
2018-05-21,10401.684215198515,10386.683637318703
2018-05-22,10467.636219218837,10452.540529994345
2018-05-23,10522.937813003307,10507.762371707204
2018-05-24,10575.677126892077,10560.425628664327
2018-05-25,10572.780241519686,10557.532920976411
2018-05-28,10536.766955855237,10521.571571141309
2018-05-29,10545.654141254789,10530.445940066724
2018-05-30,10626.34068886006,10611.016127204193
2018-05-31,10510.303887414308,10495.146665877695
2018-06-01,10731.65161245047,10711.751380524436
2018-06-04,10823.892928393096,10802.492610137528
2018-06-05,10860.537045245554,10835.646828147032
2018-06-06,10964.63705223413,10945.40781086713
2018-06-07,10825.341008481819,10809.087146187
2018-06-08,10915.918585256632,10905.04160705335
2018-06-11,10934.701937441356,10930.410415904755
2018-06-12,10952.738226883743,10945.97327834563
2018-06-13,11029.575888079347,11024.811324797312
2018-06-14,11109.546296171404,11108.331455006766
2018-06-15,11073.838277583887,11079.980764722026
2018-06-18,11272.582180892723,11276.530390152191
2018-06-19,11244.389426168267,11250.974803134757
2018-06-20,11320.060751396237,11323.941460053758
2018-06-21,11206.171444529722,11211.005205773523
2018-06-22,11174.773201072634,11185.56155128005
2018-06-25,10766.57401552677,10777.597389118639
2018-06-26,10920.669976012301,10925.42450745619
2018-06-27,10751.455464706134,10755.105346791828
2018-06-28,10906.615408304702,10901.376494212298
2018-06-29,10901.533380883679,10897.82541892782
2018-07-02,10935.871765990672,10932.152124446156
2018-07-03,10849.91678129084,10846.226375799828
2018-07-04,10846.645341089183,10842.95604832015
2018-07-05,10987.40226352633,10983.665094803042
2018-07-06,11172.87521646632,11169.074962429317
2018-07-09,11287.953602498072,11284.114206602539
2018-07-10,11287.606661224814,11283.76738333516
2018-07-11,11317.04573769751,11313.196446631566
2018-07-12,11514.328748638754,11510.412355278706
2018-07-13,11446.768663265004,11442.875249261855
2018-07-16,11481.633237096885,11477.72796453138
2018-07-17,11500.421067392237,11496.509404481672
2018-07-18,11496.045768411304,11492.13559368058
2018-07-19,11401.063426594645,11397.185558411778
2018-07-20,11433.914973612835,11430.025931562746
2018-07-23,11448.26529045589,11444.371367401722
2018-07-24,11563.387302676878,11559.45422292551
2018-07-25,11667.960434934155,11663.99178649878
2018-07-26,11749.605750920642,11745.609332288637
2018-07-27,11684.53227923339,11680.557994181034
2018-07-30,11507.309459034284,11503.395453160281
2018-07-31,11410.61416756499,11406.73305086809
2018-08-01,11397.528866941768,11393.652200976265
2018-08-02,11478.885354629294,11474.981016706952
2018-08-03,11544.259125573564,11540.332551930143
2018-08-06,11619.029688743132,11615.077683227519
2018-08-07,11730.235653843038,11726.245823603742
2018-08-08,11678.250086005357,11674.27793772887
2018-08-09,11637.445734266192,11633.487464861471
2018-08-10,11562.499046871757,11558.56626924474
2018-08-13,11601.901993731804,11597.955813895871
2018-08-14,11695.91161210866,11691.933456579376
2018-08-15,11488.456528688295,11484.548935301971
2018-08-16,11506.477131203052,11502.5634084305
2018-08-17,11470.247147974555,11466.345748183989
2018-08-20,11496.51597205726,11492.605637395154
2018-08-21,11476.583997955391,11472.680442798435
2018-08-22,11437.974419046157,11434.083996248175
2018-08-23,11506.33763988014,11502.42396455307
2018-08-24,11751.22091631353,11747.223948311852
2018-08-27,11818.896769436384,11814.876782701473
2018-08-28,11782.689350933624,11778.68167950571
2018-08-29,11917.740231497828,11913.686624923937
2018-08-30,11906.030750039303,11901.98112623648
2018-08-31,11927.59814395675,11923.541184389927
2018-09-03,11934.877894325009,11930.818458681062
2018-09-04,11989.442833168134,11985.905555153096
2018-09-05,12005.734189933184,12005.613292236843
2018-09-06,11912.914185898868,11918.494534936099
2018-09-07,11880.285531369915,11885.73608653725
2018-09-10,12015.560982739686,12003.994176867745
2018-09-11,12083.10129079259,12074.6111137105
2018-09-12,12160.154321138847,12156.557073493694
2018-09-13,12159.701326165397,12157.867066592335
2018-09-14,12165.219864252003,12161.195786444952
2018-09-17,12097.552752907759,12093.924699291776
2018-09-18,12164.19838185254,12155.373671132884
2018-09-19,12048.918255225128,12046.388481779642
2018-09-20,12119.267000286673,12113.77941246423
2018-09-21,12087.872450251558,12073.623691244384
2018-09-24,12122.36844911659,12110.802636997914
2018-09-25,12117.954282811415,12098.312766362793
2018-09-26,12089.44376945848,12069.290147995142
2018-09-27,12162.633520352563,12146.799557553055
2018-09-28,12123.201085904644,12106.679584419513
2018-10-01,12177.362264671103,12160.78113625726
2018-10-02,12010.347159673058,11993.987929074341
2018-10-03,12000.409932703824,11984.060952385043
2018-10-04,11914.577745287079,11898.353191879087
2018-10-05,11867.082970693427,11850.93124401592
2018-10-08,11777.620935475561,11761.58380434982
2018-10-09,11883.146062268617,11866.958003908725
2018-10-10,11278.433509111594,11263.088879531271
2018-10-11,11104.648406447559,11089.529977827113
2018-10-12,11355.932714324575,11340.462341318995
2018-10-15,11196.741163456174,11181.482334814022
2018-10-16,11531.405049438508,11515.686472011328
2018-10-17,11461.09781278369,11445.485516598166
2018-10-18,11268.709371042058,11253.365803707205
2018-10-19,11175.49632926314,11160.258848697264
2018-10-22,11266.010183691738,11250.651325397204
2018-10-23,11244.282812872463,11228.957774222708
2018-10-24,10696.466365688122,10681.920924573442
2018-10-25,10930.151824134124,10915.277034157305
2018-10-26,10558.473992826526,10544.103254739863
2018-10-29,10342.422870864044,10328.350270078809
2018-10-30,10600.655656926965,10586.237478625644
2018-10-31,10899.707846433423,10884.878512485579
2018-11-01,10914.015000350635,10896.61385879807
2018-11-02,10725.343662714633,10710.52028670618
2018-11-05,10785.01087291026,10771.48547666732
2018-11-06,10916.024193508556,10903.7309481307
2018-11-07,11138.779928505583,11134.214188246047
2018-11-08,11161.844110755987,11158.975446565022
2018-11-09,11163.841178717616,11161.613051423627
2018-11-12,10910.480167667203,10897.61701436387
2018-11-13,10873.44297038834,10862.874366592298
2018-11-14,10705.612968794334,10689.833199042641
2018-11-15,10842.357494732269,10840.527019368981
2018-11-16,10872.165143894712,10874.829833334032
2018-11-19,10639.726293334279,10630.148701886941
2018-11-20,10408.850375703174,10391.107845960178
2018-11-21,10442.346844745283,10426.337105278764
2018-11-22,10422.705186560559,10406.725560806493
2018-11-23,10382.007992708046,10367.049459358259
2018-11-26,10533.188762100684,10514.386899351352
2018-11-27,10583.478128484605,10557.609407359601
2018-11-28,10854.795004301588,10833.53141231717
2018-11-29,10850.41625387555,10826.575532711675
2018-11-30,10885.033575571899,10868.549193118286
2018-12-03,10971.01569082183,10954.401096360869
2018-12-04,10667.656400377882,10651.501215667915
2018-12-06,10650.260413179265,10634.13157309232
2018-12-07,10554.120868811508,10538.137623224322
2018-12-10,10615.127270875186,10599.05163670171
2018-12-11,10649.554197705284,10633.426427116736
2018-12-12,10690.943903568788,10674.753452076564
2018-12-13,10707.76360603776,10691.547682652747
2018-12-14,10492.631796157595,10476.74167011692
2018-12-17,10414.346295416943,10398.574725568662
2018-12-18,10366.812653606652,10351.113069088098
2018-12-19,10226.370624773292,10210.883726793532
2018-12-20,10130.334739450383,10114.99327898829
2018-12-21,9998.783633021332,9983.641394613585
2018-12-24,9789.470489867048,9774.645236967923
2018-12-25,9741.46823018724,9726.715672296514
2018-12-26,10144.451350709862,10129.08851193806
2018-12-27,10276.775095326608,10261.211864410967
2018-12-28,10271.631983785779,10256.07654163965
2018-12-31,10343.428003268227,10327.763832652352
2019-01-02,10295.263823636524,10275.968918400864
2019-01-03,10327.041118718615,10213.620959705338
2019-01-04,10250.70402987621,10150.437769366208
2019-01-07,10173.608557102776,10094.523619474845
2019-01-08,10156.493688165818,10070.270663981946
2019-01-09,10199.82164905521,10156.050791237618
2019-01-10,10148.412865131415,10118.74192819725
2019-01-11,10171.0875388568,10144.700997806269
2019-01-14,10180.321805844784,10155.041793077835
2019-01-15,10164.71954252256,10162.568702764538
2019-01-16,10169.828830678991,10148.045898841056
2019-01-17,10083.727961514858,10076.85080792223
2019-01-18,10065.991946605456,10082.513852360787
2019-01-21,10086.641934403384,10103.19773420056
2019-01-22,10115.720120730502,10121.748782317078
2019-01-23,10101.361922105483,10104.367556472862
2019-01-24,10078.697360428689,10105.085162777754
2019-01-25,10107.83296179426,10149.254528956011
2019-01-28,10076.714583482051,10116.063880084643
2019-01-29,10091.218110831109,10124.55757777939
2019-01-30,10088.255767803632,10137.954511759497
2019-01-31,10056.23401887585,10094.32349919314
2019-02-01,10046.519094265863,10084.57177786293
2019-02-04,10113.914741238974,10152.222695861361
2019-02-05,10169.813314661507,10208.332993435115
2019-02-06,10132.035199769267,10170.41178832034
2019-02-07,10013.536953934876,10051.464712775552
2019-02-08,10061.203338549778,10099.311640903583
2019-02-11,9904.637401173719,9942.152686780017
2019-02-12,10162.497665191579,10200.989634855992
2019-02-13,10146.134376070502,10184.564367346411
2019-02-14,10182.247608794722,10220.814384304615
2019-02-15,10224.898346516491,10263.626668031771
2019-02-18,10212.480730091564,10251.162018039855
2019-02-19,10273.68198835108,10312.595085157189
2019-02-20,10267.294757217616,10306.183661436908
2019-02-21,10172.842413985001,10211.373565922304
2019-02-22,10277.108167007458,10316.034240974226
2019-02-25,10398.125800780364,10437.510247013626
2019-02-26,10379.725541580126,10419.040294098095
2019-02-27,10347.321890077856,10386.51390895182
2019-02-28,10353.260110815563,10392.474621582762
2019-03-01,10406.440438314652,10445.85637747281
2019-03-04,10408.501017755993,10447.92476166491
2019-03-05,10379.74978480715,10419.064629149943
2019-03-06,10137.442986217671,10175.840057563306
2019-03-07,10119.913684528361,10158.244361039666
2019-03-08,10149.01745699729,10187.458368370524
2019-03-11,10233.279650048076,10272.039716995623
2019-03-12,10170.517951921905,10209.040299613816
2019-03-13,10251.134237512242,10289.961931362317
2019-03-14,10174.964559250157,10213.503749127918
2019-03-15,10405.093858784468,10444.504697572605
2019-03-18,10406.139254921045,10445.554053302358
2019-03-19,10567.649062811095,10607.675603583955
2019-03-20,10571.209748522293,10611.249775921264
2019-03-21,10853.284548319933,10894.392975928637
2019-03-22,10533.551743380987,10573.44913549095
2019-03-25,10493.575431879704,10533.32140777091
2019-03-26,10492.411905490879,10532.153474353032
2019-03-27,10427.244683902198,10466.739422231232
2019-03-28,10543.413619395607,10583.348364826074
2019-03-29,10665.755509203578,10706.153642717005
2019-04-01,10852.646871497564,10893.75288381057
2019-04-02,10906.003253524168,10947.311361060812
2019-04-03,11090.773790135065,11132.781743528938
2019-04-04,11068.507625885813,11110.431242874694
2019-04-05,11116.353130500687,11158.457969446305
2019-04-08,11121.59082388952,11163.71550137697
2019-04-09,10955.686367561648,10997.182657273714
2019-04-10,10986.730546204859,11028.344420355512
2019-04-11,10971.95174209952,11013.509639334057
2019-04-12,10977.751948306555,11019.331814683792
2019-04-15,10877.655145301576,10918.855880166886
2019-04-16,11051.760326482154,11093.620510586537
2019-04-17,11071.414098306113,11113.348723991077
2019-04-18,11091.501646988703,11133.512357248543
2019-04-19,11094.991815419055,11137.01574521033
2019-04-22,11199.017254540704,11241.435196136845
2019-04-23,11259.228256082375,11301.874255791898
2019-04-24,11270.674238888452,11313.36359195829
2019-04-25,11205.927192935484,11248.371306949844
2019-04-26,11201.49199978822,11243.919314849638
2019-04-29,11211.104208116016,11253.567930844481
2019-04-30,11231.273647761827,11273.813765239356
2019-05-01,11226.10510796624,11268.625648831443
2019-05-02,11175.082771276759,11217.41005746179
2019-05-03,11334.046473965724,11376.975858790602
2019-05-06,11253.395587137056,11296.01949474644
2019-05-07,11035.91901388707,11077.719196666589
2019-05-08,11080.784159660738,11122.754275845115
2019-05-09,11023.817212730555,11065.571558140331
2019-05-10,11081.931781990506,11123.90624496495
2019-05-13,10915.075976851982,10956.418448676086
2019-05-14,11136.257679839338,11178.43791022263
2019-05-15,11187.617562018328,11229.992325585481
2019-05-16,11293.37663630472,11336.151978077476
2019-05-17,11181.572305155589,11223.92417141428
2019-05-20,11140.835912626037,11183.033483746156
2019-05-21,11247.857300616102,11290.460231142508
2019-05-22,11130.677792263623,11172.836887993763
2019-05-23,10983.78967634884,11025.39241151801
2019-05-24,10950.609927586514,10992.08698952801
2019-05-27,11041.984846218615,11083.808004239238
2019-05-28,11012.552889476197,11054.264569588197
2019-05-29,10927.436808173876,10968.826098482958
2019-05-30,10904.68231272447,10945.985417001593
2019-05-31,10762.816432109077,10803.582198287539
2019-06-03,10563.366873140714,10603.377194484025
2019-06-04,10606.730235736737,10646.904802258008
2019-06-05,10693.471557493714,10733.974669657578
2019-06-06,10837.90877683718,10878.958966427137
2019-06-07,10985.248267541556,11026.856527341555
2019-06-10,10983.758141414079,11025.360757139995
2019-06-11,10925.331435071388,10966.712750967063
2019-06-12,10945.39660183547,10986.853917531176
2019-06-13,10980.225132451593,11021.814366381193
2019-06-14,10997.079912619625,11038.732986533087
2019-06-17,11040.867322167394,11082.68624739965
2019-06-18,11128.55321975373,11170.704268349857
2019-06-19,11147.528676746224,11189.751597704733
2019-06-20,11234.869719521063,11277.423457654613
2019-06-21,11116.474832566286,11158.580132476556
2019-06-24,11205.692317401206,11248.135541789588
2019-06-25,11126.367713646292,11168.510484313356
2019-06-26,11305.044347004727,11347.863881965131
2019-06-27,11180.938182892385,11223.287647318799
2019-06-28,11332.087420780428,11375.009385400323
2019-07-01,11143.310248814032,11185.517191850056
2019-07-02,11262.334762247021,11304.992528310151
2019-07-03,11433.046381691945,11476.350743374924
2019-07-04,11378.093188573821,11421.189406873928
2019-07-05,11316.008482127481,11358.869545378517
2019-07-08,11500.954728520828,11544.516303155997
2019-07-09,11603.078751720386,11647.027136265131
2019-07-10,11669.347110203918,11713.546496001356
2019-07-11,11531.229228570612,11574.905472372346
2019-07-12,11639.18481325692,11683.269954873715
2019-07-15,11655.208566274106,11699.354400235967
2019-07-16,11426.581167150165,11469.86104087258
2019-07-17,11451.953402329116,11495.32937716161
2019-07-18,11565.616548964712,11609.423039851075
2019-07-19,11464.814108989352,11508.23879565893
2019-07-22,11528.914456401304,11572.581932659561
2019-07-23,11504.48273427172,11548.057671752791
2019-07-24,11595.876284067566,11639.797388196068
2019-07-25,11541.896754040084,11585.613402679317
2019-07-26,11644.75131094292,11688.857536496665
2019-07-29,11549.490325721767,11593.23573614186
2019-07-30,11549.997890851499,11593.745223749922
2019-07-31,11345.402223410923,11388.374619823844
2019-08-01,11315.794792300214,11358.655046169273
2019-08-02,11434.089216958999,11477.397528535468
2019-08-05,11298.809285340276,11341.605204078332
2019-08-06,11469.58040246205,11513.023142176244
2019-08-07,11540.830191760095,11584.542800636242
2019-08-08,11858.24126717114,11903.156117650524
2019-08-09,11809.921651075083,11854.653483830058
2019-08-12,11634.584251746532,11678.651968053135
2019-08-13,11666.601184974466,11710.790170172158
2019-08-14,11358.66955679755,11401.692205206688
2019-08-15,11444.949708478818,11488.299155780374
2019-08-16,11553.645628846685,11597.40677809468
2019-08-19,11658.810317119813,11702.969793248083
2019-08-20,11641.740804631712,11685.835627445558
2019-08-21,11635.916347197699,11679.989109013723
2019-08-22,11579.05846562433,11622.915869766992
2019-08-23,11454.342426205461,11497.727449820804
2019-08-26,11520.05563314536,11563.68955529445
2019-08-27,11456.543511929065,11499.936872483582
2019-08-28,11489.43089858708,11532.948825004367
2019-08-29,11554.000163384406,11597.762655484634
2019-08-30,11565.213185234812,11609.018148321124
2019-09-02,11649.325084079455,11693.448633478443
2019-09-03,11647.640578042878,11699.32388917761
2019-09-04,11777.489588592758,11835.957108555385
2019-09-05,11904.927343656344,11961.344126023885
2019-09-06,11913.92006118366,11972.03349730674
2019-09-09,11904.113810175084,11945.719093268035
2019-09-10,11859.954055531163,11877.0967479497
2019-09-11,11957.313977784575,11962.107144860205
2019-09-12,12011.041296009664,12023.186679731833
2019-09-13,11925.716248808843,11935.018748045804
2019-09-16,11897.197360305023,11905.629868229122
2019-09-17,11941.540552229997,11955.806134711129
2019-09-18,11933.962850284648,11944.172745374328
2019-09-19,11887.201662483762,11896.093965462436
2019-09-20,11791.467020404642,11794.17429936347
2019-09-23,11808.625096868294,11813.544805406977
2019-09-24,11598.001739054078,11606.084789763858
2019-09-25,11693.591272902515,11691.776568056262
2019-09-26,11637.393172038277,11640.204315839701
2019-09-27,11451.692829865526,11451.92883268351
2019-09-30,11410.483166395132,11418.635010478298
2019-10-01,11285.210430448285,11293.272777549033
2019-10-02,11072.905596398397,11080.8162692992
2019-10-03,11219.105736399815,11227.120857177964
2019-10-04,11377.232857018644,11385.360946512827
2019-10-07,11319.451315976268,11327.538125350527
2019-10-08,11131.749333658785,11139.702045530628
2019-10-09,11213.087176376992,11221.097997393052
2019-10-10,11279.159384764807,11287.21740889516
2019-10-11,11504.873477967072,11513.092756101161
2019-10-14,11479.49002310814,11487.691166868488
2019-10-15,11706.487165017405,11714.850479413404
2019-10-16,11659.08484245038,11667.414291817428
2019-10-17,11652.052355098733,11660.376780336692
2019-10-18,11473.041773200926,11481.238310221395
2019-10-21,11578.76745053549,11587.039519785809
2019-10-22,11575.256663189271,11583.526224273137
2019-10-23,11628.021954391663,11636.32921190088
2019-10-24,11727.701304666833,11736.079774806569
2019-10-25,11913.752316524102,11922.263704684752
2019-10-28,11994.391350242222,12002.960348306002
2019-10-29,11919.063196108973,11927.57837845272
2019-10-30,11916.941677107066,11925.455343801399
2019-10-31,11850.768338674348,11859.234730005359
2019-11-01,12002.712989935693,12011.28793312102
2019-11-04,12177.036739864356,12185.736222914355
2019-11-05,12190.920774360357,12199.63017640176
2019-11-06,12172.497187965308,12181.193427881886
2019-11-07,12194.144667075618,12202.856372321045
2019-11-08,12244.182378572457,12252.929831613701
2019-11-11,12206.427423155385,12215.147903411565
2019-11-12,12223.981054545884,12232.714075416174
2019-11-13,12190.369571936295,12199.078580189269
2019-11-14,12204.46983452222,12213.188916243642
2019-11-15,12222.739706689255,12231.471840719434
2019-11-18,12358.120135550096,12366.948987671163
2019-11-19,12263.252191753565,12272.013268595085
2019-11-20,12167.758721383243,12176.451576058354
2019-11-21,12129.356562731364,12138.021982248361
2019-11-22,12164.510775243716,12173.201309530623
2019-11-25,12364.585226039553,12373.418696931694
2019-11-26,12278.579601083848,12287.35162808841
2019-11-27,12382.379999894007,12391.226183676554
2019-11-28,12403.635168758543,12412.496537596799
2019-11-29,12332.415875791867,12341.22636435069
2019-12-02,12198.998699768676,12207.71387281797
2019-12-03,12061.788276834981,12070.405424414363
2019-12-04,12162.16680060984,12170.855660321231
2019-12-05,12208.26149525523,12216.983285803843
2019-12-06,12416.41017443529,12425.280669955819
2019-12-09,12303.03056343099,12311.820058620713
2019-12-10,12344.279764532565,12353.098728856156
2019-12-11,12368.749088871235,12377.585534498108
2019-12-12,12681.922104118412,12690.982285896871
2019-12-13,12580.956805655644,12589.94485610023
2019-12-16,12702.725530763828,12711.800574865634
2019-12-17,12758.020123431026,12767.134670934352
2019-12-18,12733.094286072544,12742.191026131888
2019-12-19,12805.23154345069,12814.379819598927
2019-12-20,12868.073386955835,12877.266558390507
2019-12-23,12974.874665279985,12984.144137372226
2019-12-24,12996.92678712898,13006.212013633756
2019-12-25,12996.92678712898,13006.212013633756
2019-12-26,13102.356244282102,13111.716791391971
2019-12-27,13066.430981889274,13075.76586337803
2019-12-30,12968.62700514802,12977.892013805147
2019-12-31,12966.20521441335,12975.468492901808
2020-01-02,13347.764987553644,13356.788780772837
2020-01-03,13227.448262318687,13237.920374803309
2020-01-06,13266.940978014605,13277.738597191588
2020-01-07,13319.843865516723,13332.12504281526
2020-01-08,13461.402882966991,13474.142314697665
2020-01-09,13559.148536905239,13572.410976678322
2020-01-10,13424.118460489855,13438.938010461039
2020-01-13,13596.573289643367,13611.084207560094
2020-01-14,13569.81764943474,13581.838971439589
2020-01-15,13527.145429595237,13539.346678912767
2020-01-16,13664.367452437114,13678.26897904984
2020-01-17,13760.256494578276,13776.028124588256
2020-01-20,13778.39147333115,13794.183889158263
2020-01-21,13714.997995348713,13732.958778119377
2020-01-22,13718.546581898754,13737.443235517636
2020-01-23,13829.721732765089,13847.57725098767
2020-01-24,13694.829012861108,13714.24996919296
2020-01-27,13405.052487112287,13425.81040236707
2020-01-28,13706.58263544787,13729.963010045678
2020-01-29,13729.580794229672,13753.431646436004
2020-01-30,13886.448581280452,13910.875213241126
2020-01-31,13550.36018775029,13576.155753822884
2020-02-03,13779.12002555887,13805.351077436211
2020-02-04,14073.740277360093,14100.532192274753
2020-02-05,14105.6006461365,14132.45321303653
2020-02-06,14172.550278793513,14199.53029645122
2020-02-07,14177.781001850686,14204.77097713759
2020-02-10,14530.105295985903,14557.765984411233
2020-02-11,14526.511010732818,14554.164856784853
2020-02-12,14636.645307692657,14664.508814336343
2020-02-13,14600.600741549033,14628.395630829442
2020-02-14,14753.75506245838,14781.841508741676
2020-02-17,14752.808311205516,14780.892955176241
2020-02-18,14849.2742117653,14877.542496058284
2020-02-19,15034.909091640517,15063.530765566164
2020-02-20,14915.729276513104,14944.12407006413
2020-02-21,14666.820261322178,14694.74121145809
2020-02-24,14135.944659922037,14162.854992150933
2020-02-25,13670.297728170153,13696.32161708477
2020-02-26,13763.457627212665,13789.658862876575
2020-02-27,13140.762914677116,13165.778738117462
2020-02-28,13272.179009031364,13297.445006821172
2020-03-02,13628.512967793333,13654.457311844777
2020-03-03,13429.032481765369,13454.597078563878
2020-03-04,13856.732273368507,13883.111074223636
2020-03-05,13664.483040206278,13690.49585980868
2020-03-06,13598.176787256763,13624.063380891346
2020-03-09,12647.880837004119,12671.958370094659
2020-03-10,13095.050580797746,13119.979382527043
2020-03-11,12697.704139124697,12721.87651989928
2020-03-12,11274.436515839845,11295.899448783766
2020-03-13,12162.596640659107,12185.750347343752
2020-03-16,10828.7380967069,10849.352561945172
2020-03-17,11718.802630673386,11741.111495040293
2020-03-18,11253.258611091933,11274.681228056525
2020-03-19,11824.21700454769,11846.726544277362
2020-03-20,11726.525295689486,11748.848861548671
2020-03-23,12353.692643454911,12377.210136009307
2020-03-24,13250.865225770172,13276.090648911279
2020-03-25,12987.168129211075,13011.891557144441
2020-03-26,13487.346407550618,13513.022015473905
2020-03-27,13072.215248081287,13097.100578616779
2020-03-30,13351.360585916374,13376.777320186246
2020-03-31,13156.016645006799,13181.061506686952
2020-04-01,12994.151440945241,13018.88816287794
2020-04-02,13379.438603886942,13404.908789752028
2020-04-03,13238.218775042187,13263.420123372682
2020-04-06,13609.058673802858,13634.965983080387
2020-04-07,13421.74517580234,13447.295899893423
2020-04-08,13458.066051412952,13483.68591887245
2020-04-09,13612.593118937306,13638.50715667162
2020-04-10,13588.891893463237,13614.760811619972
2020-04-13,13815.472630178845,13841.77288582652
2020-04-14,14065.98674158848,14092.763896242785
2020-04-15,14047.050450211274,14073.791556203503
2020-04-16,14231.867932803601,14258.960872364645
2020-04-17,14017.348195263437,14044.032757631036
2020-04-20,14025.978197381479,14052.679188521952
2020-04-21,13858.953004654528,13885.336033074078
2020-04-22,14048.50993190435,14075.253816284452
2020-04-23,14029.55037480868,14056.258166236195
2020-04-24,14030.537936314258,14057.247607744057
2020-04-27,14017.974062561188,14044.659816380603
2020-04-28,13936.712792999504,13963.243851266987
2020-04-29,13981.023225980089,14007.638637186219
2020-04-30,13977.520264474797,14004.129007158932
2020-05-01,13770.944736960626,13763.15732385713
2020-05-04,14003.865211953722,13999.29073081982
2020-05-05,13953.61546975846,13969.982918362062
2020-05-06,13945.473666018395,13959.067963106094
2020-05-07,14128.198427756743,14105.933508610831
2020-05-08,14133.290525872766,14125.290809900262
2020-05-11,14165.732738376473,14172.475063485468
2020-05-12,14031.000557811656,14028.610987475558
2020-05-13,14014.627215468494,13972.159833716749
2020-05-14,14191.561609707896,14180.260993589876
2020-05-15,14354.583748849736,14335.306040488396
2020-05-18,14331.276009064484,14333.47774182935
2020-05-19,14394.81793491103,14374.245857050893
2020-05-20,14430.420153485793,14402.144918922568
2020-05-21,14177.308138765085,14163.580481955807
2020-05-22,14251.402088448312,14240.042752819962
2020-05-25,14269.311894683078,14257.938283722468
2020-05-26,14071.527775492854,14095.942213488106
2020-05-27,14031.408495924281,14083.274941560168
2020-05-28,13994.00404165376,14044.607706499444
2020-05-29,14204.429092822795,14244.686594449247
2020-06-01,13991.50334131029,14043.245739899037
2020-06-02,14147.7968696423,14196.668256558083
2020-06-03,14044.815214191942,14090.678833807271
2020-06-04,13944.575096749,13991.651975957466
2020-06-05,14171.356794243507,14228.63211865265
2020-06-08,14144.339041091394,14212.08667364424
2020-06-09,14343.176973327527,14414.491802212042
2020-06-10,14508.555156334414,14588.531703890016
2020-06-11,13605.02852890502,13679.900150232152
2020-06-12,13718.219480176382,13818.892876132868
2020-06-15,13836.460736239773,13933.859979352665
2020-06-16,14026.235387186867,14126.920798918254
2020-06-17,14184.240985518072,14290.988060901294
2020-06-18,14224.937533851878,14346.019731430564
2020-06-19,14200.467442896259,14331.3605728722
2020-06-22,14403.714988154941,14555.030708798124
2020-06-23,14431.894915868414,14588.948898608256
2020-06-24,14095.541209040095,14249.710248817935
2020-06-25,14252.87902309197,14417.57031751588
2020-06-26,13951.652333134647,14106.39758938033
2020-06-29,14006.058339675616,14151.359482287582
2020-06-30,14359.307881027233,14517.978978397068
2020-07-01,14461.86674140929,14621.671119509414
2020-07-02,14578.758540217672,14739.854578761606
2020-07-03,14604.93316855661,14766.31843810222
2020-07-06,14961.560951736752,15126.88697679639
2020-07-07,14776.66565186938,14939.948574268947
2020-07-08,15138.94205293114,15306.228148365504
2020-07-09,15158.739380206553,15326.24423713484
2020-07-10,15219.2079834837,15387.381021616675
2020-07-13,14868.872694033058,15033.174509034308
2020-07-14,15050.158128078077,15216.463156534703
2020-07-15,15104.572874287825,15271.479188514331
2020-07-16,14908.756100292056,15073.498629002519
2020-07-17,15061.140222218815,15227.566603385694
2020-07-20,15414.99779878939,15585.334324543483
2020-07-21,15360.343943192047,15530.076541005112
2020-07-22,15336.99958847079,15506.474229952551
2020-07-23,15035.295255571742,15201.436048515747
2020-07-24,15043.655316256043,15209.888488304518
2020-07-27,15447.946590824171,15618.647202440368
2020-07-28,15204.704194223496,15372.716964732354
2020-07-29,15422.6012425984,15593.021786801213
2020-07-30,15721.591373196374,15895.315773860642
2020-07-31,15925.495167828902,16101.472716006989
2020-08-03,16079.635316667613,16298.48764920418
2020-08-04,16326.999943723466,16529.32812951481
2020-08-05,16554.7720808544,16740.11391689138
2020-08-06,16733.999549431042,16929.718233113104
2020-08-07,16456.297265589063,16619.22876210339
2020-08-10,16525.69986969065,16665.895934761782
2020-08-11,16182.121924356823,16279.483700803123
2020-08-12,16654.80379195984,16756.376721933462
2020-08-13,16637.444600679017,16757.28358967405
2020-08-14,16615.675626377953,16734.71824432543
2020-08-17,16814.769999849712,16962.348519922863
2020-08-18,16903.030178663972,17070.661400922538
2020-08-19,16757.807971858532,16934.34569473408
2020-08-20,17056.085027261102,17253.87665882235
2020-08-21,17243.677053105832,17429.89947118943
2020-08-24,17609.65629123289,17776.074295342132
2020-08-25,17647.15100788754,17837.460049265304
2020-08-26,17856.478729623403,18280.179379051908
2020-08-27,17606.09036370278,18024.29546205597
2020-08-28,17884.856592434753,18266.929584717203
2020-08-31,17960.3058290257,18365.97475704257
2020-09-01,18413.66673360633,18829.57571176025
2020-09-02,18540.962793649083,18959.747004369194
2020-09-03,17556.17306077742,17952.713853202815
2020-09-04,17193.40529017929,17581.752257064152
2020-09-08,16357.610714997643,16727.079613068763
2020-09-09,16977.491147080553,17360.961267223032
2020-09-10,16489.773524501827,16862.227580273804
2020-09-11,16285.485826825654,16653.325642054497
2020-09-14,16553.050413726538,16926.93370283476
2020-09-15,16817.212584541714,17197.06249725186
2020-09-16,16352.320267679277,16721.669670564024
2020-09-17,16073.112337380566,16436.155278512582
2020-09-18,15843.278390161131,16201.130078322401
2020-09-21,16153.493929348957,16518.352447262154
2020-09-22,16588.95027331282,16963.644431550612
2020-09-23,15984.264274776466,16345.300407190625
2020-09-24,16220.78950986058,16587.168031178302
2020-09-25,16657.103559563897,17033.337094181883
2020-09-28,17017.371438919865,17401.742334104456
2020-09-29,17072.690656895953,17458.311045717717
2020-09-30,17227.132697986162,17616.2414648927
2020-10-01,17375.303973883725,17767.759481276116
2020-10-02,17026.86878356125,17411.454195004997
2020-10-05,17433.55959344561,17827.33091889609
2020-10-06,17075.72738586861,17461.41636520319
2020-10-07,17416.457023388666,17809.84205356515
2020-10-08,17428.939319529953,17822.60628698206
2020-10-09,17531.48120563035,17927.46428381059
2020-10-12,17798.213138863674,18200.220883798072
2020-10-13,17777.905568585014,18179.454626994582
2020-10-14,17735.974875688982,18136.576846704826
2020-10-15,17623.170411077394,18021.224470789828
2020-10-16,17578.718689772744,17975.768719692933
2020-10-19,17372.368118299644,17764.757313603648
2020-10-20,17471.561189712316,17866.19085616028
2020-10-21,17536.26047288458,17932.351500241304
2020-10-22,17457.381180659188,17851.690563637225
2020-10-23,17609.072801308495,18006.808438701337
2020-10-26,17326.46923264928,17717.821711100227
2020-10-27,17432.425213246708,17826.170916483195
2020-10-28,16682.58767025622,17059.39681377332
2020-10-29,16942.479669434688,17325.158986305767
2020-10-30,16600.730819720076,16975.691064831775
2020-11-02,16664.210316013217,17040.60437074138
2020-11-03,16988.23669315898,17371.949522651736
2020-11-04,17357.813333080252,17749.87377985549
2020-11-05,18028.486269583642,18435.69518731429
2020-11-06,17922.54291485595,18327.35889298122
2020-11-09,18137.54274655937,18547.214919900984
2020-11-10,17946.440488568605,18351.79624052638
2020-11-11,18019.48990568744,18426.495622797083
2020-11-12,17902.127898186638,18306.482762898446
2020-11-13,18021.088647387103,18428.130475231035
2020-11-16,18233.769542625425,18645.615187932286
2020-11-17,18367.76536033415,18782.637565447178
2020-11-18,18245.379958120262,18657.48784755884
2020-11-19,18424.18450085735,18840.331043527523
2020-11-20,18324.96938497377,18738.87495858213
2020-11-23,18311.758913307756,18725.366102360174
2020-11-24,18727.803492302082,19150.807868683856
2020-11-25,18546.780642132202,18965.696260434128
2020-11-26,18372.000248901528,18786.968107324796
2020-11-27,18367.644656611217,18782.51413539262
2020-11-30,18538.63313135111,18957.364722053728
2020-12-01,18798.22784484191,19222.822894114954
2020-12-02,19224.431889747277,19658.65359792352
2020-12-03,19350.34208220183,19787.40772039161
2020-12-04,19583.03902757883,20025.360585199076
2020-12-07,19588.652038328062,20031.100376865917
2020-12-08,19480.792175602302,19920.80428642196
2020-12-09,19296.213909963928,19732.056956633478
2020-12-10,19356.143508290683,19793.34018313011
2020-12-11,19260.22526444395,19695.25543657852
2020-12-14,19280.36934576224,19715.85451170104
2020-12-15,19631.176170998122,20074.585000937368
2020-12-16,19772.626186076686,20219.229943570677
2020-12-17,19812.839308025785,20260.351358186315
2020-12-18,19552.029150627524,19993.65028901991
2020-12-21,19816.380033479345,20263.972057907176
2020-12-22,19761.061927761177,20207.40448367437
2020-12-23,20148.985773178614,20604.090354194323
2020-12-24,20156.58162242662,20611.857770677936
2020-12-25,20121.512928790533,20575.996981434473
2020-12-28,20467.05433427894,20929.343121033995
2020-12-29,20497.17700246244,20960.1461690856
2020-12-30,20644.022360843333,21110.308319490287
2020-12-31,20814.982153584846,21285.12957631352
2021-01-04,20799.38033768594,21275.829383672695
2021-01-05,21383.744648773005,21853.392888000093
2021-01-06,22039.80807083124,22515.375892637316
2021-01-07,22666.707892142702,23155.219530569644
2021-01-08,22966.953663632627,23458.815339897737
2021-01-11,22678.971869803143,23181.279904145304
2021-01-12,22827.128747408788,23329.220174813196
2021-01-13,23039.408276139187,23544.19191338575
2021-01-14,23425.647251042188,23925.38412873648
2021-01-15,22564.352945868857,23100.779906865864
2021-01-18,22613.319606705834,23150.910662109894
2021-01-19,23028.212893443026,23547.780015183416
2021-01-20,22861.6408684439,23368.762916158536
2021-01-21,22330.0466245439,22821.598797540784
2021-01-22,22306.00443227575,22792.96761604846
2021-01-25,22293.209131406144,22755.278311351016
2021-01-26,22091.73491582892,22570.535058492744
2021-01-27,21234.317763052117,21697.369180274443
2021-01-28,21830.6187282886,22301.80078434727
2021-01-29,21448.31775693685,21919.680756531696
2021-02-01,21728.975683858003,22206.506615306196
2021-02-02,22401.410538844266,22893.71936168098
2021-02-03,22691.02948650983,23189.703174762006
2021-02-04,22800.83502997324,23301.921880456863
2021-02-05,22960.540336765276,23465.136981038504
2021-02-08,23945.39072772556,24471.63112232439
2021-02-09,23781.561241549483,24304.2012065528
2021-02-10,23505.47184069415,24022.044274918673
2021-02-11,23671.95123357961,24192.18233357413
2021-02-12,23834.327275972104,24358.126863680754
2021-02-15,23864.403126636997,24388.86368194905
2021-02-16,24154.930939565584,24685.776334141934
2021-02-17,24445.366695362827,24982.594906092578
2021-02-18,24301.467951881365,24835.533744740675
2021-02-19,24879.163999166063,25425.925638141987
2021-02-22,24461.15452072213,24998.72969557293
2021-02-23,24351.17226066218,24886.33038963593
2021-02-24,25227.723978567803,25782.145811657378
2021-02-25,24298.5992770975,24832.60202598449
2021-02-26,24179.14691148197,24710.524492931432
2021-03-01,25206.459257425064,25760.41376236066
2021-03-02,24745.63432759779,25289.461426567424
2021-03-03,24855.373441103835,25401.61224239443
2021-03-04,24452.19655669003,24989.574865155115
2021-03-05,24955.36322545867,25503.79947109974
2021-03-08,25226.16198012785,25780.54948566417
2021-03-09,25772.38536392092,26338.777050649976
2021-03-10,26049.994455319575,26622.487070593204
2021-03-11,26311.443332001123,26889.681727813346
2021-03-12,26318.3753821483,26896.76612146773
2021-03-15,26313.35508929523,26891.63549920212
2021-03-16,26291.820421556982,26869.627570777626
2021-03-17,26680.160880717514,27266.50246726645
2021-03-18,26245.405440920567,26822.192542566994
2021-03-19,26286.51883678285,26864.209474726005
2021-03-22,25999.157344132087,26570.532728045582
2021-03-23,25529.349682327094,26090.400249571492
2021-03-24,25302.26182470509,25858.32175282555
2021-03-25,25536.156685012025,26097.356847634488
2021-03-26,26369.444887916623,26948.957965859503
2021-03-29,26135.290051630425,26709.65718166017
2021-03-30,26378.437505282625,26958.148211176736
2021-03-31,26445.666383622618,27026.85455763861
2021-04-01,26797.856527237873,27386.784674355877
2021-04-02,26772.312800010437,27360.679580590364
2021-04-05,27177.4036810616,27774.673017775054
2021-04-06,27071.26642274455,27666.203213986788
2021-04-07,27087.06811578379,27682.352175912758
2021-04-08,27298.246447134152,27898.171507682957
2021-04-09,27464.47411709833,28068.052311380874
2021-04-12,27399.823927407895,28001.98132460593
2021-04-13,27481.127893588084,28085.072082729985
2021-04-14,27609.98362338374,28216.759634769223
2021-04-15,27537.503865747913,28142.68701207255
2021-04-16,27407.228074539333,28009.548190372974
2021-04-19,27075.997266431823,27671.03802595243
2021-04-20,26584.389223781203,27168.62606645226
2021-04-21,26763.765677850228,27351.944620988317
2021-04-22,26384.193687005205,26964.030894712367
2021-04-23,26686.182231713836,27272.656147618356
2021-04-26,26953.471851317725,27545.819907949033
2021-04-27,27125.86337648276,27722.00002797392
2021-04-28,27222.5498842651,27820.811385026263
2021-04-29,27549.16131049892,28154.600648856314
2021-04-30,27216.150045985913,27814.270899494353
2021-05-03,27419.398155668918,28021.985729585358
2021-05-04,27264.218608641742,27863.395849981458
2021-05-05,27719.149939233404,28328.325064744145
2021-05-06,27985.357748459308,28600.383240087074
2021-05-07,28234.132186397146,28854.624916370492
2021-05-10,27923.664297457668,28537.333971326254
2021-05-11,27555.328203928904,28160.903070182627
2021-05-12,26863.092870864257,27453.454696789286
2021-05-13,27284.710709551087,27884.338299410527
2021-05-14,27682.210167739013,28290.573479395945
2021-05-17,27454.990128983372,28058.35989661276
2021-05-18,27257.693977159684,27856.7278287053
2021-05-19,26660.983636223573,27246.903770442725
2021-05-20,27036.98355671501,27631.166924087403
2021-05-21,26845.262040406702,27435.232003723904
2021-05-24,27181.306906497066,27778.66202318032
2021-05-25,27000.917522378768,27594.308277746764
2021-05-26,27195.533439262144,27793.201208025348
2021-05-27,27119.68222100684,27715.68303116914
2021-05-28,26921.480541616747,27513.125535197967
2021-05-31,27018.864818283553,27612.649995784242
2021-06-01,27003.943502059883,27584.51267476065
2021-06-02,27003.527845435183,27587.55662574605
2021-06-03,26924.328774244743,27496.407022905376
2021-06-04,27308.339809252928,27913.774615748207
2021-06-07,27199.19373647522,27824.336196671422
2021-06-08,27151.508991881416,27785.912652308125
2021-06-09,27043.495300495728,27693.38677496962
2021-06-10,26995.021786512025,27679.825199772837
2021-06-11,27083.600601320566,27772.502169422627
2021-06-14,27041.5897023427,27762.011553774806
2021-06-15,26958.638650285015,27658.30216350703
2021-06-16,26875.562810421296,27582.992716322457
2021-06-17,26825.25622467911,27531.44842225098
2021-06-18,26560.18435944305,27314.460055984462
2021-06-21,26989.64954762631,27749.828510374504
2021-06-22,27284.28607483584,28066.409262967725
2021-06-23,27332.320710430544,28128.224207297142
2021-06-24,27705.243584890522,28517.65186432778
2021-06-25,27958.478476143497,28763.36156165186
2021-06-28,27953.027282915733,28782.887633029703
2021-06-29,27903.535042012867,28737.046230076365
2021-06-30,28214.787051375584,29007.203928197912
2021-07-01,28133.51649594584,28924.589135780036
2021-07-02,28561.496391976252,29378.287961921007
2021-07-05,28613.140429580955,29431.408897443605
2021-07-06,28543.113307334563,29407.675087659205
2021-07-07,28679.723026821313,29527.178529095254
2021-07-08,28425.20143380539,29253.572374176383
2021-07-09,28914.46392352931,29702.431622143155
2021-07-12,29016.859419321103,29789.139970069304
2021-07-13,29106.572849827422,29891.374442182234
2021-07-14,29205.341805755972,29975.304292357432
2021-07-15,28802.655768069304,29524.36235708927
2021-07-16,28553.984004775088,29342.419999004625
2021-07-19,28352.6960891016,29214.83243039874
2021-07-20,28757.44380592186,29611.00592482893
2021-07-21,29214.705346420335,30062.961482809278
2021-07-22,29433.661566254723,30368.678026868503
2021-07-23,29785.719722906968,30716.71051126907
2021-07-26,29916.40665691398,30798.3636626947
2021-07-27,29545.648912396402,30405.605534640148
2021-07-28,29974.769067650082,30859.071961490892
2021-07-29,29977.511237935563,30836.627022077642
2021-07-30,29823.91337343683,30687.690986711576
2021-08-02,29910.726247271814,30777.018185746736
2021-08-03,30467.064721437033,31349.469660019287
2021-08-04,31069.28380747203,31969.130567263004
2021-08-05,31224.39865619092,32128.737942905926
2021-08-06,31170.00037457438,32072.764146457623
2021-08-09,31800.43651300139,32721.459344859562
2021-08-10,31399.35665904466,32308.763181713446
2021-08-11,30911.746878083548,31807.030961234283
2021-08-12,30890.9578536064,31785.639832877594
2021-08-13,31147.29495625621,32049.40112054123
2021-08-16,31165.141933690702,32067.764992568977
2021-08-17,31174.721636967653,32077.622148812236
2021-08-18,30740.47576983071,31630.79939902434
2021-08-19,30784.94329147669,31676.554815026593
2021-08-20,31377.985598084753,32286.773159593144
2021-08-23,32159.694397511998,33091.12226623261
2021-08-24,31945.05723134857,32870.26865299239
2021-08-25,31696.613090833274,32614.628928046597
2021-08-26,31478.064031319118,32389.750122913647
2021-08-27,31752.39107402642,32672.022385795088
2021-08-30,31659.46978235263,32576.409853352878
2021-08-31,31568.975589809375,32483.294715105032
2021-09-01,31523.164282645394,32436.156594083066
2021-09-02,31621.689591773284,32537.53545080882
2021-09-03,32110.967022469686,33040.983620469764
2021-09-06,32297.285112460533,33232.69796389881
2021-09-07,32182.79993088145,33114.89699556628
2021-09-08,32040.11954187703,32968.08421372889
2021-09-09,32317.131506130216,33253.11916042356
2021-09-10,31788.667025990126,32709.34898308538
2021-09-13,31592.046309201498,32507.033622158622
2021-09-14,31997.36907731481,32924.0955852214
2021-09-15,32445.690140397524,33385.401185007984
2021-09-16,32417.42889704592,33356.32142300577
2021-09-17,32157.237645153495,33088.59435997614
2021-09-20,31377.766032157804,32286.547234469464
2021-09-21,31487.43971750697,32399.397353205615
2021-09-22,32065.467901000953,32994.16672684765
2021-09-23,32538.303086458316,33480.69644135132
2021-09-24,32198.710223291113,33131.2680911654
2021-09-27,31844.72374921867,32767.029253901146
2021-09-28,30774.635013521398,31665.94798269926
2021-09-29,30910.079437777644,31805.31522754751
2021-09-30,31191.527323684695,32094.914571652087
2021-10-01,31207.420967089998,32111.26853604864
2021-10-04,30826.719016795014,31719.540473322417
2021-10-05,31622.15482079549,32538.01415406595
2021-10-06,31802.848442154103,32723.941129714345
2021-10-07,31955.61082372709,32881.1279046827
2021-10-08,31866.289700032743,32789.219810389506
2021-10-11,32026.418474951803,32953.98632849418
2021-10-12,31749.26843874134,32668.809310921504
2021-10-13,31783.430306964958,32703.96059514261
2021-10-14,32283.848530948126,33218.87222425806
2021-10-15,32707.384037612494,33654.67441385243
2021-10-18,33434.011318410645,34402.34669872128
2021-10-19,33635.680424107835,34609.8566629473
2021-10-20,33560.58924656235,34532.590650821716
2021-10-21,33732.01636097446,34708.98273753251
2021-10-22,33613.330283742784,34586.85920475178
2021-10-25,34414.52717799535,35411.260831811036
2021-10-26,34075.005607348605,35061.90583896123
2021-10-27,34287.09541952973,35280.138320264006
2021-10-28,34879.62374480587,35889.82779727084
2021-10-29,35123.312703987925,36140.57461854188
2021-11-01,35325.87093085924,36348.99945518922
2021-11-02,35593.58779261042,36624.47008918959
2021-11-03,35759.02951469331,36794.70343113965
2021-11-04,36057.584833776535,37101.90568390053
2021-11-05,35925.088995895894,36965.57242411015
2021-11-08,36209.83079845559,37258.56108520697
2021-11-09,35482.533963200534,36510.19985385364
2021-11-10,34940.60625272981,35952.576516237794
2021-11-11,35257.477474295934,36278.62514735621
2021-11-12,35291.75752234513,36313.89803419608
2021-11-15,35008.87551730117,36022.8230351578
2021-11-16,35319.846840351456,36342.80089145066
2021-11-17,35290.86495102626,36312.9796117049
2021-11-18,35210.83241575907,36230.62912736671
2021-11-19,35242.73681513093,36263.45756060352
2021-11-22,35327.12227747035,36350.28704403238
2021-11-23,35628.13196326986,36660.014748313144
2021-11-24,35823.85429435917,36861.405703968776
2021-11-25,36149.29712645736,37196.27420161419
2021-11-26,35147.541045371756,36165.504675312026
2021-11-29,36226.3712700828,37275.580611642516
2021-11-30,35602.065022647395,36633.19284171843
2021-12-01,34958.90662679856,35971.40691643818
2021-12-02,35128.26380054054,36145.66911164712
2021-12-03,34299.54060843762,35292.94395400813
2021-12-06,34035.09084350873,35020.835040398066
2021-12-07,35156.36081902451,36174.57989240509
2021-12-08,34886.31404967292,35896.71187065841
2021-12-09,33832.12960785946,34811.99552279696
2021-12-10,34176.31311603642,35166.14747493696
2021-12-13,32915.60306336806,33868.92400075044
2021-12-14,32959.31836507268,33913.90541057767
2021-12-15,34058.5027653246,35044.92503197947
2021-12-16,32803.640007735994,33753.718205650955
2021-12-17,32423.884412739393,33362.96390711849
2021-12-20,32109.231164720964,33039.19748779422
2021-12-21,33684.937486480696,34660.54033715478
2021-12-22,34169.229342399514,35158.85853690703
2021-12-23,34735.12720474419,35741.14626394761
2021-12-24,34690.088152703625,35694.802764553395
2021-12-27,35224.90709073013,36245.11144130192
2021-12-28,34933.058223274966,35944.80987634153
2021-12-29,34851.901281743805,35861.30242002787
2021-12-30,34477.16416537084,35475.71194823059
2021-12-31,34156.31166421601,35145.56672937669
2022-01-03,34811.54550597062,35819.77783668598
2022-01-04,34456.0634115551,35454.00006204797
2022-01-05,33535.14741943102,34506.4119626205
2022-01-06,33332.80987391066,34298.21419882638
2022-01-07,33031.97639708748,33988.667806989346
2022-01-10,33131.30971522828,34090.878074757384
2022-01-11,33532.621418479845,34503.812802153145
2022-01-12,33495.696242400474,34465.81817753884
2022-01-13,32615.394949386082,33560.021083878775
2022-01-14,32852.45948615101,33803.951622338216
2022-01-17,32815.84426959793,33766.27593447918
2022-01-18,31856.67235501613,32779.32392220451
2022-01-19,31234.66328230522,32139.299859122148
2022-01-20,30357.501414554972,31236.73311659595
2022-01-21,29767.73803767726,30629.888668039366
2022-01-24,29903.495656262992,30769.578178134358
2022-01-25,29380.689181488608,30231.62987662078
2022-01-26,29661.98905517967,30521.07692169304
2022-01-27,28938.488429083245,29776.62184752713
2022-01-28,29886.56670801979,30752.15892379598
2022-01-31,31215.430237785746,32119.509775924245
2022-02-01,31404.848195484472,32314.413767241822
2022-02-02,31983.5563243328,32909.88277921304
2022-02-03,31461.359761705997,32372.5620544792
2022-02-04,31361.205851677245,32269.507428361263
2022-02-07,31159.373246955296,32061.829229756157
2022-02-08,31554.731728114817,32468.638314361568
2022-02-09,31856.052772965944,32778.686395456796
2022-02-10,31278.614171555957,32184.523679719718
2022-02-11,30893.61211857607,31788.37097222093
2022-02-14,30751.9155524722,31642.570507338052
2022-02-15,31096.672246558144,31997.3122463324
2022-02-16,31039.535046711782,31938.52020550342
2022-02-17,30406.27173767818,31286.9159543271
2022-02-18,29958.938077607847,30826.62635529615
2022-02-21,29986.000628549315,30854.472707657933
2022-02-22,29843.791290662983,30708.14461979648
2022-02-23,29479.950045352994,30333.765591649288
2022-02-24,29447.568644036764,30300.446341258954
2022-02-25,30351.836276510396,31230.903901511665
2022-02-28,30367.185694842654,31246.69787867046
2022-03-01,29966.325010203178,30834.22723255148
2022-03-02,30261.356012521617,31137.80309522523
2022-03-03,29919.679853125053,30786.23111116672
2022-03-04,29842.22201356934,30706.529892382296
2022-03-07,29435.56694603859,30288.097043067526
2022-03-08,29974.881143491537,30843.031173573796
2022-03-09,30389.213164069293,31269.363320337434
2022-03-10,30301.914454736136,31179.53621475239
2022-03-11,30232.817940149474,31108.43848651855
2022-03-14,30375.20375283293,31254.94816034336
2022-03-15,30504.160917963996,31387.640258275384
2022-03-16,30953.473897625154,31849.966503108204
2022-03-17,31231.910930601694,32136.467792199637
2022-03-18,31163.91649369144,32066.504060660107
2022-03-21,31268.024832587034,32173.627646125366
2022-03-22,31741.362689628055,32660.674590880935
2022-03-23,31407.39224109456,32317.03149498804
2022-03-24,31945.103037064662,32870.31578536041
2022-03-25,32019.989532677097,32947.37118743514
2022-03-28,31965.693743806118,32891.502852187215
2022-03-29,32244.390074439343,33178.27094886565
2022-03-30,32036.16030347238,32964.01030554714
2022-03-31,31559.341346242123,32473.381438943718
2022-04-01,31460.590716323124,32402.39780137552
2022-04-04,31647.264303309046,32603.911820686768
2022-04-05,31619.87891401039,32565.083488576212
2022-04-06,31922.674869453404,32830.033720889805
2022-04-07,32124.87831692571,33018.38660011208
2022-04-08,32295.75783038621,33199.96034512176
2022-04-11,32069.3351010426,32951.41989454185
2022-04-12,32266.13384368672,33130.08966054208
2022-04-13,32375.89588578585,33256.14511558833
2022-04-14,32224.01098928056,33096.88602864128
2022-04-18,32403.34976133671,33283.62838872351
2022-04-19,32518.434822560303,33420.096858751094
2022-04-20,32722.70737661648,33644.53153835379
2022-04-21,32542.829324623934,33450.127654125004
2022-04-22,32171.498899302303,33009.96398759799
2022-04-25,32053.408261106048,32901.54452059379
2022-04-26,31949.718177313156,32731.706759602796
2022-04-27,32161.970073941728,33046.37813099542
2022-04-28,32584.184706149623,33526.20580264453
2022-04-29,32334.2434666299,33216.98325686837
2022-05-02,31759.01219762739,32622.425907293586
2022-05-03,32084.988535943034,32924.16784520268
2022-05-04,32359.115510118794,33289.792279844274
2022-05-05,31718.46744645138,32500.63174597662
2022-05-06,31973.77400090869,32738.296202836143
2022-05-09,31310.321345824574,31797.506090224782
2022-05-10,31447.36614795339,31975.077941055668
2022-05-11,31453.097135832308,31873.067819325144
2022-05-12,31253.699559575834,31676.971437440527
2022-05-13,31429.943522894562,31868.315454655956
2022-05-16,31530.790529716294,32002.25528279659
2022-05-17,31399.430818995563,31899.173173103787
2022-05-18,30568.972817870384,30966.55094353541
2022-05-19,30794.229154028053,31280.6727129941
2022-05-20,30692.44767900343,31120.087004647292
2022-05-23,30986.777683372035,31413.09419086043
2022-05-24,31047.298002024934,31504.538462572396
2022-05-25,30922.365934015266,31372.64204123907
2022-05-26,31185.42643619538,31623.442074781586
2022-05-27,31365.65679715355,31771.974754069204
2022-05-30,31406.18935261895,31984.490546746583
2022-05-31,31205.89698362247,31784.013468189132
2022-06-01,31299.33239399626,31879.1798511098
2022-06-02,31534.935870249778,32119.14808744423
2022-06-03,31325.577851712602,31905.911528842786
2022-06-06,31467.47426196029,32050.436693966778
2022-06-07,31829.16684466126,32418.829947522187
2022-06-08,31774.909906892397,32363.56785261451
2022-06-09,31466.447352027928,32049.390759631417
2022-06-10,31183.053672423404,31760.746964707745
2022-06-13,30880.17930670532,31452.261586953504
2022-06-14,30867.541580364144,31439.389735699046
2022-06-15,31120.019932301024,31696.545469520748
2022-06-16,30524.313455283012,31089.803009960462
2022-06-17,30490.990643082343,31055.86286357275
2022-06-20,30678.260469502482,31246.60202701506
2022-06-21,31362.33629527635,31943.350954663896
2022-06-22,31289.091735894875,31868.749475876917
2022-06-23,31438.609139064774,32021.036819470177
2022-06-24,31916.026222183693,32507.298470842004
2022-06-27,31978.717905409045,32571.151572229337
2022-06-28,31727.945108073716,32315.73298989714
2022-06-29,31545.16448993247,32129.566201236197
2022-06-30,31270.762529517855,31850.08070495026
2022-07-01,31683.469552979306,32270.433486317168
2022-07-04,31913.086367088516,32504.30415236468
2022-07-05,31883.28185065178,32473.94748124142
2022-07-06,32044.04050276884,32637.68432773227
2022-07-07,32248.58244448443,32846.01558748455
2022-07-08,32145.12572938429,32740.64224641881
2022-07-11,32007.715126406627,32600.68599206067
2022-07-12,32301.87467685045,32900.29510497961
2022-07-13,32241.631916645933,32838.93629504999
2022-07-14,32164.85150338878,32760.733457607468
2022-07-15,32691.83190416031,33297.47663036051
2022-07-18,32686.290094015894,33291.83215334513
2022-07-19,32928.97143219481,33539.00937517615
2022-07-20,32764.35943643137,33371.347798483876
2022-07-21,32928.42197256282,33538.449736324794
2022-07-22,33089.92237253735,33702.94207219972
2022-07-25,33112.09604773772,33725.52653409094
2022-07-26,33131.66207663043,33745.45504075017
2022-07-27,33280.379313249374,33896.92739400855
2022-07-28,33407.08291516072,34025.978290758336
2022-07-29,33341.74250983833,33959.427397384774
2022-08-01,33371.99965681229,34053.26351452024
2022-08-02,32742.35251974659,33545.45176865851
2022-08-03,33656.5161512204,34427.49383068617
2022-08-04,33791.53086609786,34752.61256283298
2022-08-05,33095.04408962741,34033.10263783638
2022-08-08,33117.945901798594,33962.28267775035
2022-08-09,32668.859654320902,33358.995007432066
2022-08-10,33049.133162109196,33867.2519579735
2022-08-11,32954.53196090132,33760.99549504516
2022-08-12,33186.66749319756,34078.379381112834
2022-08-15,33347.190210578185,34238.43700224764
2022-08-16,33401.655787929914,34270.694007661456
2022-08-17,32758.332364851794,33567.9182866686
2022-08-18,32865.0231875319,33745.06830703148
2022-08-19,32521.984333080603,33270.53095047298
2022-08-22,32034.67813933685,32678.37284862945
2022-08-23,32410.240557427645,33057.12927742162
2022-08-24,32433.164269924542,33100.091355037635
2022-08-25,32895.783191758645,33709.90218443576
2022-08-26,31879.890201487095,32466.099981642634
2022-08-29,32328.580048849588,32844.68754331602
2022-08-30,31990.93305245395,32445.045182890088
2022-08-31,31860.912394526797,32249.163898423845
2022-09-01,32057.909618468722,32448.56169606913
2022-09-02,31822.39440208144,32210.176532461865
2022-09-05,31789.503980206784,32176.88531366091
2022-09-06,31510.938605383668,31894.925389919368
2022-09-07,32302.14572959519,32695.774025713024
2022-09-08,32279.054076566514,32672.40098184077
2022-09-09,32599.497408164665,32996.74917981143
2022-09-12,33008.822653806106,33411.06239127869
2022-09-13,31539.597107545073,31923.933119573885
2022-09-14,32229.760985544708,32622.507213836343
2022-09-15,32317.646896831073,32711.4640874607
2022-09-16,32259.409498837078,32652.517018724247
2022-09-19,32445.869544996993,32841.2492343827
2022-09-20,32360.89663515294,32755.24085952657
2022-09-21,31872.529584615626,32260.92265355852
2022-09-22,31627.964120519253,32013.376957507047
2022-09-23,31029.876773786862,31408.001423011694
2022-09-26,30957.372929591766,31334.61405965687
2022-09-27,31333.559112469567,31715.38438153983
2022-09-28,32248.335602429026,32641.308177752115
2022-09-29,31285.321198564354,31666.558648855702
2022-09-30,30690.805233243795,31064.7980160012
2022-10-03,30811.185077138256,31251.734857682513
2022-10-04,31335.621372720776,31828.983896074817
2022-10-05,31031.11976646629,31543.137721634645
2022-10-06,31239.600985646157,31706.87512656653
2022-10-07,30552.573932980675,30922.738936351547
2022-10-10,30523.741157843408,30856.322346491197
2022-10-11,30470.889127828046,30808.824562028854
2022-10-12,30704.363061568973,31045.81315234191
2022-10-13,31035.25136893602,31440.74466048156
2022-10-14,30562.070798951307,30981.275810031104
2022-10-17,31415.71081115475,31899.74024800924
2022-10-18,31265.64597872463,31749.366932615798
2022-10-19,31856.836063003768,32338.231993531634
2022-10-20,31828.00209806605,32311.03802736128
2022-10-21,32216.718382057465,32784.69139888605
2022-10-24,31959.434236021265,32571.31102191502
2022-10-25,32600.62098442665,33216.451052265926
2022-10-26,32552.678036603385,33184.87316893539
2022-10-27,32315.157238316155,32933.35834971099
2022-10-28,32518.538121103215,33198.42649493654
2022-10-31,32448.390207160704,33150.375179575654
2022-11-01,32640.1445561662,33346.27792147639
2022-11-02,31991.592839789922,32683.69550724966
2022-11-03,32136.39524336351,32831.630550397334
2022-11-04,32405.00469305276,33106.05106793698
2022-11-07,32035.661332303378,32728.717372774954
2022-11-08,32046.292227333623,32739.578255441167
2022-11-09,31180.876914075234,31855.44064067794
2022-11-10,31778.721618368592,32466.21905279385
2022-11-11,31433.217186058057,32113.240014876188
2022-11-14,31283.961592701813,31960.755442118625
2022-11-15,31063.297682348,31735.31771253884
2022-11-16,30845.421010070422,31512.727519843083
2022-11-17,30971.829049086853,31641.87025673561
2022-11-18,31003.117716609988,31673.835819915745
2022-11-21,30756.22937651724,31421.606324113793
2022-11-22,31504.86692709856,32186.43981868304
2022-11-23,31426.182996854048,32106.053648781963
2022-11-24,31330.397480199626,32008.195918595924
2022-11-25,31132.35436971721,31805.868364831076
2022-11-28,30898.552792465598,31567.00874948543
2022-11-29,30856.546580605172,31524.093779770283
2022-11-30,31088.40527182637,31760.968476898768
2022-12-01,30823.892480619736,31490.733244509287
2022-12-02,30600.585283085395,31262.59504315933
2022-12-05,29794.557342314973,30439.12958089231
2022-12-06,29445.976091691115,30083.007161105936
2022-12-07,29539.587231046753,30178.643473749333
2022-12-08,29850.84157602636,30496.631461642493
2022-12-09,29488.477631380454,30126.42817451881
2022-12-12,29723.7730715919,30366.813970894356
2022-12-13,30727.513736888995,31392.269453436373
2022-12-14,30483.065770422785,31142.533126040667
2022-12-15,29635.45333265927,30276.583532259752
2022-12-16,29722.644766810954,30365.66125648953
2022-12-19,29411.92295261414,30048.217320092655
2022-12-20,29726.4062948325,30369.504161002405
2022-12-21,30251.672276927176,30906.133690675164
2022-12-22,29635.167913201607,30276.29193806834
2022-12-23,29870.14901689513,30516.35659760365
2022-12-26,29680.619225332804,30322.726538981784
2022-12-27,29219.632835292345,29851.767219121684
2022-12-28,28909.647128088713,29535.075314577258
2022-12-29,29479.351634015085,30117.104746311168
2022-12-30,29477.877781357576,30115.599008484307
2023-01-03,29228.570643204406,29860.898386605688
2023-01-04,29649.986426375377,30291.431033357134
2023-01-05,29046.354873187942,29674.74058028259
2023-01-06,29962.228840619475,30610.428466298632
2023-01-09,29776.419424134692,30420.59926894728
2023-01-10,29914.800790329937,30561.974362686822
2023-01-11,30080.13051980528,30730.88081768982
2023-01-12,30365.583657740808,31022.50941800977
2023-01-13,30324.098424209027,30980.126697412205
2023-01-16,30117.062633432375,30768.611916677983
2023-01-17,30265.952642117416,30920.722995745014
2023-01-18,29933.235362695115,30580.80774660138
2023-01-19,29621.918684634573,30262.75607712013
2023-01-20,30334.961309111477,30991.224588794474
2023-01-23,30753.015825301238,31418.323251277532
2023-01-24,30878.34777088043,31546.366614643503
2023-01-25,30906.700887186915,31575.33311920873
2023-01-26,31239.007733281233,31914.829055754053
2023-01-27,31174.079797664723,31848.496476184435
2023-01-30,30458.044689138078,31116.970741383324
2023-01-31,30636.038070161296,31298.814812005312
2023-02-01,31846.62343389186,32507.00074487183
2023-02-02,32649.713659463356,33384.051551138764
2023-02-03,32344.33050043823,33106.448159951666
2023-02-06,32631.889752670406,33337.13276567502
2023-02-07,33596.94343938294,34328.71585906486
2023-02-08,32979.86213549744,33554.09717584778
2023-02-09,32644.933894374873,33236.17260287065
2023-02-10,32174.814562823998,32860.69891471763
2023-02-13,32422.45148122593,33175.05062556213
2023-02-14,33295.30098315024,34145.462018296006
2023-02-15,33209.12533716308,34125.870196393254
2023-02-16,32845.816325484666,33641.145431650155
2023-02-17,32628.100398868177,33309.27851050536
2023-02-20,32644.223129137536,33325.737835636966
2023-02-21,31924.83192249861,32474.744385530666
2023-02-22,32131.514990204432,32647.569137464983
2023-02-23,32696.378893973553,33027.884361999626
2023-02-24,32014.809656735906,32170.022546469212
2023-02-27,32429.43175006303,32548.999855389433
2023-02-28,32652.50078567951,32764.283002362572
2023-03-01,32784.89584603501,32897.1313025303
2023-03-02,32269.835630351023,32380.307835295924
2023-03-03,33006.966223884556,33119.96191370036
2023-03-06,32547.26702787295,32658.688988452064
2023-03-07,31960.284005391193,32069.69649466399
2023-03-08,32551.429005212853,32662.865213860005
2023-03-09,31817.31379965122,31926.23684627391
2023-03-10,31764.89027284796,31873.633853338146
2023-03-13,32327.445706999475,32438.1151336553
2023-03-14,33023.95009297688,33137.003925185745
2023-03-15,33058.20078392623,33171.371869578645
2023-03-16,33701.5449963077,33816.91849955202
2023-03-17,33822.173570003375,33937.96003179723
2023-03-20,33812.282440165334,33928.03504077268
2023-03-21,34000.37487189332,34116.771386089335
2023-03-22,33892.75580242867,34008.78389467069
2023-03-23,34627.497362423346,34746.04076094479
2023-03-24,34290.30368658563,34407.6927399381
2023-03-27,34187.6247875862,34304.66233111063
2023-03-28,34450.36687814,34568.30389008465
2023-03-29,34757.139686435694,34876.12690108165
2023-03-30,35015.14009628751,35135.01054673545
2023-03-31,35430.55055509777,35551.84311720031
2023-04-03,35237.72584092891,35358.358288998454
2023-04-04,35177.47860827348,35297.90480662085
2023-04-05,34376.516968712,34494.20116367849
2023-04-06,34460.931202679414,34578.90438041799
2023-04-07,34629.08265998497,34747.631485596874
2023-04-10,34917.06552793748,35036.60023097291
2023-04-11,34853.70237386228,34973.02016016399
2023-04-12,34399.53353791607,34517.296527555685
2023-04-13,34902.68448062365,35022.169951737844
2023-04-14,34753.21040890698,34872.1841721069
2023-04-17,35049.27165656952,35169.25895263036
2023-04-18,35324.82131162479,35445.75192138312
2023-04-19,34893.004623431145,35012.45695662732
2023-04-20,34362.31045445489,34479.94601499472
2023-04-21,34133.5451986606,34250.397606707425
2023-04-24,33906.46170508466,34022.53671796501
2023-04-25,33190.83255191425,33304.457687721195
2023-04-26,33638.298765743515,33753.45575252877
2023-04-27,34810.602983590354,34929.77322390732
2023-04-28,35106.978297056,35227.16314540336
2023-05-01,35065.43334050636,35185.47596430052
2023-05-02,34798.354698485666,34917.48300815639
2023-05-03,34363.82506997575,34481.4658156339
2023-05-04,34252.73823249971,34369.99868468451
2023-05-05,34864.221115855,34983.57491190384
2023-05-08,35092.2975084963,35212.43209879149
2023-05-09,34873.24810958851,34992.63280854969
2023-05-10,35256.246342872044,35376.94219382684
2023-05-11,35263.30490138698,35384.02491653437
2023-05-12,35280.03746259251,35400.81475980827
2023-05-15,35732.97852268967,35855.306413413
2023-05-16,35931.952615672584,36054.96167214558
2023-05-17,36748.47165910894,36874.275978010315
2023-05-18,37654.872881850344,37783.78016485691
2023-05-19,37666.188771582914,37795.134793283534
2023-05-22,37828.71039297202,37958.21278942681
2023-05-23,37559.50897479126,37688.08979003376
2023-05-24,37490.80953306897,37619.15516338855
2023-05-25,39088.302489889655,39222.11696025371
2023-05-26,40209.40135398911,40347.05378203281
2023-05-29,40365.05329597116,40503.23858118314
2023-05-30,40576.395603339945,40715.30439551244
2023-05-31,40245.59337021542,40383.36969761454
2023-06-01,40648.764305874414,40787.920844277454
2023-06-02,40784.281145690074,40923.90161097125
2023-06-05,40947.93090799115,41088.11161009185
2023-06-06,41241.68767667145,41382.874022504744
2023-06-07,40023.238377804446,40160.25349753665
2023-06-08,40621.327574257,40760.390186050914
2023-06-09,40654.77332979101,40793.95043942131
2023-06-12,41414.558204803376,41556.33635372584
2023-06-13,41594.240373427354,41736.63364433509
2023-06-14,42107.90683497718,42252.05858607252
2023-06-15,42421.60964224811,42566.83532012802
2023-06-16,41889.26757747333,42032.670841308296
2023-06-19,42093.947827620344,42238.05179160146
2023-06-20,42476.35149952716,42621.76458008694
2023-06-21,42028.207772788046,42172.086682979185
2023-06-22,42340.69024201866,42485.63890130235
2023-06-23,42578.65366124904,42724.41696191857
2023-06-26,41718.73925544112,41861.55873446985
2023-06-27,42448.95541363892,42594.274706735705
2023-06-28,42594.05830294619,42739.87433969885
2023-06-29,42919.41123926628,43066.341085728796
2023-06-30,43658.168118809044,43807.62701755234
2023-07-03,43583.81603637135,43733.02039900287
2023-07-04,43250.454831406976,43398.51796890871
2023-07-05,43086.41904183523,43233.92062099587
2023-07-06,42855.891160318344,43002.60355283223
2023-07-07,43088.527197412484,43236.035993610036
2023-07-10,43075.25795647315,43222.72132689533
2023-07-11,43097.56948893128,43245.10924041143
2023-07-12,43474.11824511578,43622.9470695197
2023-07-13,44100.51186402597,44251.48507754414
2023-07-14,43861.06576498565,44011.21926132801
2023-07-17,44609.98342270251,44762.700755623344
2023-07-18,45154.28562458539,45308.86631575469
2023-07-19,44413.980226393585,44566.02656410016
2023-07-20,42490.1047042688,42635.56486740037
2023-07-21,42393.06363693151,42538.19159072673
2023-07-24,42836.14507794403,42982.78987193391
2023-07-25,43387.84841511158,43536.38190431609
2023-07-26,42664.425537446295,42810.48246862558
2023-07-27,42378.4653811388,42523.54335942363
2023-07-28,43753.01441252446,43902.798007039935
2023-07-31,43761.032079448894,43910.84312155827
2023-08-01,43790.03510642261,43939.94543717963
2023-08-02,42408.1979808047,42553.37774534842
2023-08-03,42805.26896799235,42951.80806104265
2023-08-04,43286.51756299556,43434.7041572611
2023-08-07,44027.216649488815,44177.93894496531
2023-08-08,43725.77458111029,43875.46492308264
2023-08-09,42906.98554222222,43053.872850688385
2023-08-10,43025.192454635006,43172.48443136176
2023-08-11,42517.40491028312,42662.958532643555
2023-08-14,43443.94890826534,43592.674451289044
2023-08-15,43109.956850139,43257.53900837705
2023-08-16,42551.72668046285,42697.3977995987
2023-08-17,42114.920577243975,42259.09633910845
2023-08-18,41853.37678791411,41996.657183609765
2023-08-21,43044.582698969025,43191.941056047726
2023-08-22,42639.17874273137,42785.149244307744
2023-08-23,43489.85982623148,43638.7425401933
2023-08-24,42050.514583409575,42194.46985849402
2023-08-25,42452.45573111491,42597.787007160565
2023-08-28,42886.81534000704,43033.63359802195
2023-08-29,44499.65896393297,44651.99861329947
2023-08-30,44427.14591720358,44579.23732619319
2023-08-31,44800.97588620322,44954.347060650056
2023-09-01,44594.330720222766,44741.37004861431
2023-09-04,44719.18717113985,44866.638184344054
2023-09-05,44994.72981394047,45200.1055356719
2023-09-06,44954.070470460785,45157.44561725852
2023-09-07,45203.948768999166,45388.53679758877
2023-09-08,45212.16683058055,45377.80559996118
2023-09-11,45828.44871089652,46088.69353341754
2023-09-12,45356.86819978715,45572.21518674926
2023-09-13,45869.098964686855,46102.946173619544
2023-09-14,46281.076986590975,46611.403859582715
2023-09-15,45407.16892527303,45628.05007037137
2023-09-18,45242.29510150565,45453.8916422353
2023-09-19,44890.50699828711,45134.155629880916
2023-09-20,44503.853727491194,44745.53217985938
2023-09-21,43757.025642040084,44023.31334513011
2023-09-22,43480.8433104013,43789.73511416306
2023-09-25,43540.08529089355,43868.543015672156
2023-09-26,43071.608547652075,43431.06985322787
2023-09-27,43422.414607588566,43753.43926074039
2023-09-28,44212.13919615017,44578.33092312149
2023-09-29,44137.61191241726,44491.17581468243
2023-10-02,44683.48567364923,45041.42229226226
2023-10-03,44725.29191715516,45083.56342426697
2023-10-04,45010.09510363312,45370.648023844224
2023-10-05,44766.39036107711,45124.99108686615
2023-10-06,45171.828955102625,45533.677442726104
2023-10-09,45557.15258086423,45922.08769956847
2023-10-10,45579.20856892054,45944.32036689826
2023-10-11,45390.34995414476,45753.94890206279
2023-10-12,45112.970238402384,45474.347238859766
2023-10-13,44985.59438092441,45345.951038339386
2023-10-16,45083.32297486915,45444.46248621618
2023-10-17,45429.28623803108,45793.197084664826
2023-10-18,45336.03411402259,45699.197965442254
2023-10-19,45001.49439083668,45361.97841512327
2023-10-20,44316.76153087569,44671.76050938188
2023-10-23,44231.679691815334,44585.99712309397
2023-10-24,44104.424821878136,44457.72287928384
2023-10-25,42464.89931151619,42805.063966089474
2023-10-26,41830.54138722122,42165.624523936414
2023-10-27,41932.93019938654,42268.83352066562
2023-10-30,42429.38871924609,42769.26891657235
2023-10-31,42363.15099064614,42702.50059130471
2023-11-01,42929.2989938365,43372.2398514106
2023-11-02,42957.37117639242,43512.098884024934
2023-11-03,42986.70092598523,43579.82492622694
2023-11-06,42527.44407476897,43127.429992435296
2023-11-07,42714.44602657946,43466.64566438784
2023-11-08,42559.99516040721,43309.81604101824
2023-11-09,42742.10147223085,43436.69587463807
2023-11-10,43226.87399846094,44076.29662018155
2023-11-13,43474.134102654665,44276.70984983529
2023-11-14,43620.518872814326,44529.98615240289
2023-11-15,43337.038611600394,44174.08369697295
2023-11-16,43674.91682554164,44566.651009013505
2023-11-17,43354.337719290575,44242.96602952434
2023-11-20,43521.20000212834,44486.76673989837
2023-11-21,43345.403628739165,44293.18118298935
2023-11-22,43626.87327004179,44642.097637082195
2023-11-23,43759.25668753324,44777.561698707774
2023-11-24,43978.795530922675,44999.623364553234
2023-11-27,44139.41727267976,45162.31740701613
2023-11-28,43934.445647860724,44980.84084070177
2023-11-29,43526.9586080978,44520.77879711743
2023-11-30,43752.072063134714,44702.88883139959
2023-12-01,44422.18196989565,45387.561516696114
2023-12-04,43621.13980631296,44569.11116453386
2023-12-05,44449.56813574447,45415.542836659464
2023-12-06,44247.45692710132,45209.039362297895
2023-12-07,44984.700806398614,45962.30497061696
2023-12-08,45251.11093147173,46234.50470066673
2023-12-11,45803.33162768329,46798.726215879105
2023-12-12,46432.46977404028,47441.53674552912
2023-12-13,46934.59189674325,47954.570948768385
2023-12-14,46076.90779051118,47078.24771548188
2023-12-15,46194.650014535226,47198.54870474048
2023-12-18,46544.5152275221,47556.01716245278
2023-12-19,46788.43201977623,47805.23473625165
2023-12-20,46018.02906895512,47018.0894459385
2023-12-21,46880.37839508524,47899.17928333408
2023-12-22,46635.72314678127,47649.20720541355
2023-12-25,46204.01778060406,47208.120050403144
2023-12-26,46705.19670683514,47720.190559695104
2023-12-27,46962.40113134466,47982.984531582915
2023-12-28,46550.81570861966,47562.45456513584
2023-12-29,46424.36832546858,47433.25923688105
2024-01-02,45504.15392667306,46493.04680737486
2024-01-03,44549.3462851638,45517.489357383296
2024-01-04,44946.57042757694,45923.34594524544
2024-01-05,45308.59097414949,46293.2338953467
2024-01-08,46387.66647801446,47395.75978761427
2024-01-09,46627.179891460735,47640.47828870531
2024-01-10,46626.486502996835,47639.76983157502
2024-01-11,47013.79800379303,48035.49835703161
2024-01-12,46339.29781646992,47346.33998192303
2024-01-15,46249.46431366535,47254.55422413279
2024-01-16,46216.3330378403,47220.70294189152
2024-01-17,46555.259959538074,47566.9953981839
2024-01-18,47383.725793227524,48413.465389607176
2024-01-19,48565.93676380013,49621.368080855886
2024-01-22,48339.238372865715,49389.74309739054
2024-01-23,48449.66054218081,49502.56495305698
2024-01-24,49648.227074483206,50727.17864388365
2024-01-25,49796.034917860314,50878.198636293666
2024-01-26,49443.25524489335,50517.752381774255
2024-01-29,49860.0531046441,50943.60806153994
2024-01-30,48988.97895551239,50053.60379393975
2024-01-31,48524.75409513095,49579.290433501454
2024-02-01,49197.01343032427,50298.7704533041
2024-02-02,50497.86186080129,51609.9457134216
2024-02-05,50933.12109186054,52008.472845199176
2024-02-06,50578.80084656064,51743.32379993382
2024-02-07,51029.77753885078,52260.429351848885
2024-02-08,50961.65534296085,52256.74504555942
2024-02-09,51803.57760598967,53205.55594448428
2024-02-12,51797.50489312842,53352.213445044064
2024-02-13,50992.85665747255,52640.50696275583
2024-02-14,52356.77936774245,54148.62343075917
2024-02-15,52777.52211692242,54596.09939541859
2024-02-16,52179.978734935714,54059.98245435926
2024-02-19,52042.43263199025,53897.982791502654
2024-02-20,51678.57041424178,53506.528044397135
2024-02-21,51214.539141966576,52978.09637137571
2024-02-22,53639.046478861324,55317.48075889277
2024-02-23,53622.74094936366,55267.13057212689
2024-02-26,54042.76730217371,55794.39054792324
2024-02-27,54437.42210987456,56257.870267744
2024-02-28,54068.893026003956,56205.804141030196
2024-02-29,55255.0029804538,57352.551789457335
2024-03-01,56702.91972699253,58855.4332610602
2024-03-04,57613.74110721969,59800.83055655763
2024-03-05,56369.63626021868,58509.4979383261
2024-03-06,57069.72627856487,59236.164246690714
2024-03-07,57845.87777289423,60041.77941950567
2024-03-08,56257.981850519056,58393.60498801563
2024-03-11,55415.75629607825,57519.40750138156
2024-03-12,56595.91440295067,58744.36588149587
2024-03-13,56805.58825998426,58961.99921957872
2024-03-14,56144.843549408935,58276.17181592649
2024-03-15,55819.792127980625,57938.78103724355
2024-03-18,56394.39766201769,58535.19931381169
2024-03-19,55994.76663307895,58120.39779272606
2024-03-20,57270.186626465875,59444.23431934628
2024-03-21,57197.881005648494,59369.18388700686
2024-03-22,57871.95161359697,60068.84305571221
2024-03-25,58623.657869239396,60849.08501809962
2024-03-26,58294.02434387751,60506.93819310448
2024-03-27,58021.79759306177,60224.37737539611
2024-03-28,58269.621612222625,60481.609103328905
2024-03-29,58135.47880002462,60342.37406272108
2024-04-01,58691.663624922345,60919.67235706269
2024-04-02,58451.69692748966,60670.596224587935
2024-04-03,59089.41224378413,61332.520009437736
2024-04-04,57956.271819774665,60156.36416205284
2024-04-05,59143.10970638157,61388.25589466918
2024-04-08,59060.373842826855,61302.37927457296
2024-04-09,58559.94396660875,60782.95245628208
2024-04-10,58069.662990420446,60274.05980292049
2024-04-11,59740.330941468,62008.148392497365
2024-04-12,57695.11526455479,59885.293778368236
2024-04-15,56835.938058821754,58993.50113462238
2024-04-16,57491.34285775377,59673.78591692715
2024-04-17,55927.193720440584,58050.25972806923
2024-04-18,55988.95286588735,58114.36332768285
2024-04-19,53669.41779204323,55706.775810274405
2024-04-22,54634.33176771792,56708.31912358903
2024-04-23,56163.16145780941,58295.18509496993
2024-04-24,55073.5002385868,57164.15897719858
2024-04-25,55065.05185470944,57155.3898821352
2024-04-26,56035.405663463614,58162.57953137576
2024-04-29,55945.50254437384,58069.263577787744
2024-04-30,55291.205591086204,57390.12869632936
2024-05-01,54903.24839052653,56987.44415670383
2024-05-02,55138.07176039381,57231.18171448574
2024-05-03,55473.08878720985,57578.91640536276
2024-05-06,56423.65583864673,58565.56816730674
2024-05-07,55951.199149751075,58075.17643340803
2024-05-08,55986.678040747676,58112.00214734446
2024-05-09,56176.64129015571,58309.17663855969
2024-05-10,55855.548302647454,57975.89456088407
2024-05-13,56172.015356778094,58304.375098983124
2024-05-14,56384.31727079098,58524.73625836506
2024-05-15,57201.512325966025,59372.95305677145
2024-05-16,56584.10071459799,58732.10373080319
2024-05-17,56748.819676269064,58903.07562964261
2024-05-20,57517.83464486859,59701.2833653127
2024-05-21,57510.69155006717,59693.869109726096
2024-05-22,57339.21442196056,59515.88249602669
2024-05-23,57351.48797537236,59528.62196882954
2024-05-24,58048.44540208262,60252.03676847377
2024-05-27,58134.70429409467,60341.57015558031
2024-05-28,58777.99650958511,61009.282545673224
2024-05-29,58515.13203235556,60736.439405129946
2024-05-30,58307.58222226191,60521.01074545727
2024-05-31,58229.45917207192,60439.9220468727
2024-06-03,58653.85740188254,60880.430962656814
2024-06-04,58154.578146134285,60362.19844382349
2024-06-05,59076.935289937166,61319.569414865575
2024-06-06,59041.077193272184,61282.35010014077
2024-06-07,58378.42100950335,60594.538661389226
2024-06-10,59404.697593981,61659.77398464825
2024-06-11,59408.69067377513,61663.91864673022
2024-06-12,60199.82024865369,62485.080486707775
2024-06-13,59909.984914889734,62184.24264228683
2024-06-14,60312.44785250125,62601.983574829486
2024-06-17,60507.620311171086,62804.56502338532
2024-06-18,61177.68639587704,63500.06765215275
2024-06-19,60898.46771895403,63210.24948610404
2024-06-20,60696.47754194093,63000.59151011583
2024-06-21,60150.89715060677,62434.3002068582
2024-06-24,60305.48197493696,62594.75326386733
2024-06-25,60703.27967551011,63007.65186115667
2024-06-26,60856.00080400059,63166.17047410821
2024-06-27,60979.35699793542,63294.209422974076
2024-06-28,60533.72370968778,62831.65933945729
2024-07-01,60964.83992672198,63279.141265636456
2024-07-02,62064.32941896403,64420.36874992567
2024-07-03,63154.83998695515,65552.27645880383
2024-07-04,62854.58762839336,65240.626146335046
2024-07-05,63562.51712102804,65975.42952520696
2024-07-08,63564.890772591934,65977.89328354385
2024-07-09,63817.049144489654,66239.62390164778
2024-07-10,64486.49668588522,66934.48450642951
2024-07-11,62418.09344203303,64787.56209640848
2024-07-12,62391.47380112297,64759.93194073823
2024-07-15,63155.57242037577,65553.03669631033
2024-07-16,63162.45585902922,65560.18143887783
2024-07-17,61427.27199345209,63759.127830212776
2024-07-18,60649.12633107264,62951.44278824208
2024-07-19,60592.15332969734,62892.3070206966
2024-07-22,61931.48626099125,64282.48270003792
2024-07-23,61919.009758981105,64269.53257445488
2024-07-24,58804.50747512312,61036.79990051881
2024-07-25,57926.39708489151,60125.35534498355
2024-07-26,58332.607044620556,60546.98554127537
2024-07-29,58236.30536092277,60447.02812558862
2024-07-30,57285.6233642904,59460.25705498619
2024-07-31,59288.89582376111,61539.57623484092
2024-08-01,57210.85198836964,59382.64726440521
2024-08-02,56411.50221851581,58552.953180601624
2024-08-05,53998.34098179927,56048.185334438356
2024-08-06,55132.629779965435,57225.53314969481
2024-08-07,54065.11342155569,56117.492539264545
2024-08-08,56397.1740258524,58538.08107187929
2024-08-09,56533.41826352865,58679.49731069674
2024-08-12,56696.83114995383,58849.11355404542
2024-08-13,57809.11012338412,60003.61602417561
2024-08-14,57984.0038496682,60185.14893437937
2024-08-15,59561.91487572809,61822.95943044013
2024-08-16,59665.74735611949,61930.73352125291
2024-08-19,59599.268620937466,61861.73117039296
2024-08-20,59121.27483196879,61365.592141198395
2024-08-21,58939.68051657064,61177.10427916303
2024-08-22,58485.65893437591,60705.84747160182
2024-08-23,59743.171502770994,62011.09678504923
2024-08-26,58407.53648931695,60624.759401119794
2024-08-27,58831.23389988935,61064.540893693564
2024-08-28,58205.35430224241,60414.902126128785
2024-08-29,58241.21248729694,60452.12153259851
2024-08-30,58841.07443693004,61074.754989790206
2024-09-02,58893.15943065723,61128.81719482256
2024-09-03,58610.509095167916,60835.43710016953
2024-09-04,59042.04912924555,61283.358932015544
2024-09-05,58079.44871576515,60284.21700660082
2024-09-06,55983.17352796121,58108.36459888292
2024-09-09,56828.268806037355,58985.5407474397
2024-09-10,57520.092704190414,59703.62714338186
2024-09-11,57591.22585562705,59777.4605979409
2024-09-12,58288.79950172799,60501.515009432245
2024-09-13,57214.43781181797,59386.369210182704
2024-09-16,56607.8301407389,58756.73395554791
2024-09-17,56475.83164684924,58619.7246342451
2024-09-18,56620.999966777425,58770.40372460395
2024-09-19,57863.93428339721,60060.52137766149
2024-09-20,57290.23241699527,59465.04107307866
2024-09-23,57360.0955905495,59537.55633981138
2024-09-24,57597.94767849758,59784.437589588844
2024-09-25,56782.25545151083,58937.780668602645
2024-09-26,57093.4357743232,59260.773784470715
2024-09-27,56339.09889786868,58477.80133962514
2024-09-30,56710.85282662363,58863.667511044856
2024-10-01,56976.815716182275,59139.72668351259
2024-10-02,56927.14384471565,59088.169205870654
2024-10-03,57463.834489106455,59645.233296306586
2024-10-04,58208.81935019489,60418.49871162203
2024-10-07,57919.7067800615,60118.411067840265
2024-10-08,58333.56501729658,60547.979879788654
2024-10-09,58534.268921578645,60756.30275452917
2024-10-10,58396.85450647798,60613.67191689322
2024-10-11,58220.662082541516,60430.79100885488
2024-10-14,58073.12317291,60277.651338251766
2024-10-15,57731.704854771095,59923.272355051675
2024-10-16,58202.044322383575,60411.46649530741
2024-10-17,58014.570378844706,60216.87580711596
2024-10-18,58161.166166103154,60369.03655324479
2024-10-21,57860.02838789322,60056.46720949401
2024-10-22,58660.20028450925,60887.01462901679
2024-10-23,58166.1297021746,60374.18851133441
2024-10-24,59947.61560402378,62223.30183930103
2024-10-25,59851.12654297235,62123.14993318267
2024-10-28,60075.711199984624,62356.26010380324
2024-10-29,60063.29927344027,62343.377005051196
2024-10-30,59983.69199296975,62260.747732954
2024-10-31,59233.05306523109,61481.61361556841
2024-11-01,59801.324754491914,62071.45760671511
2024-11-04,59397.564669695785,61652.370285663346
2024-11-05,60338.34781899986,62628.8667363503
2024-11-06,63417.426549733085,65824.8311349164
2024-11-07,65749.59649040122,68245.53315444758
2024-11-08,65778.49699840456,68275.53076176991
2024-11-11,68290.94980672216,70883.35941139601
2024-11-12,68407.13161895603,71003.95163008603
2024-11-13,69453.89038523762,72090.44666430891
2024-11-14,68686.58527471194,71294.0136950571
2024-11-15,68214.07565867408,70803.56702483587
2024-11-18,68172.03606538725,70759.93155616993
2024-11-19,68722.2182849734,71330.99937881785
2024-11-20,68507.52752648845,71108.15869144913
2024-11-21,69411.32546004803,72046.26592148613
2024-11-22,69906.98301132121,72560.73925142671
2024-11-25,68391.9584342547,70988.20245237443
2024-11-26,69290.8662506532,71921.23393030558
2024-11-27,68955.57002860979,71573.20944560225
2024-11-28,68532.13864809688,71133.7040819207
2024-11-29,69111.76077097445,71735.32938329678
2024-12-02,69124.29527601943,71748.33971378217
2024-12-03,69028.89111062158,71649.31388730914
2024-12-04,69995.82959277231,72652.95855988993
2024-12-05,69592.4668151462,72234.28362828375
2024-12-06,70302.9367755621,72971.72391426151
2024-12-09,69249.01933926488,71877.79845798327
2024-12-10,68127.32797846246,70713.52629452027
2024-12-11,69449.14518875553,72085.52133425171
2024-12-12,69346.73792408567,71979.22656212632
2024-12-13,69462.28312547153,72099.15800342677
2024-12-16,70705.12641595946,73389.181174887
2024-12-17,70317.06616464333,72986.3896725698
2024-12-18,67582.63255408038,70148.15355266367
2024-12-19,68213.39488866876,70802.86041195235
2024-12-20,69017.81868829139,71637.82114202142
2024-12-23,68787.97949492051,71399.25696629034
2024-12-24,70289.50305626918,72957.78023423413
2024-12-25,69892.76223265029,72545.97863426601
2024-12-26,69605.464750363,72247.77498132816
2024-12-27,68415.26556541702,71012.39435129668
2024-12-30,67321.65258855521,69877.2664622388
2024-12-31,67229.77180873379,69781.89777345186
2025-01-02,67041.04622564405,69585.70806661395
2025-01-03,68469.01008404329,71067.32236617134
2025-01-06,68746.92494858186,71354.10338599354
2025-01-07,67518.05600548846,70078.76800158406
2025-01-08,67100.39761676617,69645.82259020777
2025-01-09,67002.95984371747,69544.68855678382
2025-01-10,66009.50176898246,68513.25140693509
2025-01-13,66192.57529385647,68703.40878627614
2025-01-14,66323.19086589468,68839.68704786412
2025-01-15,68081.01691961817,70663.81909998693
2025-01-16,67641.42792006461,70208.40196746269
2025-01-17,69326.36370509324,71956.8436940657
2025-01-20,69031.91162066045,71651.21908774633
2025-01-21,69322.48051662689,71952.92077992256
2025-01-22,70079.17725701394,72738.23466570214
2025-01-23,70579.46191144614,73258.36449884812
2025-01-24,70745.30883249825,73430.22798720551
2025-01-27,68405.69174128913,71004.73699138293
2025-01-28,69895.44451967,72550.13696778164
2025-01-29,69453.89657897908,72092.0096627826
2025-01-30,70109.54215995492,72772.21385807579
2025-01-31,70056.59832474352,72716.23866556169
2025-02-03,70309.18423571474,72978.41379003179
2025-02-04,72443.31885433405,75193.56904996322
2025-02-05,70837.08803596874,73526.35901788578
2025-02-06,71544.3802581998,74260.50299957956
2025-02-07,70762.13610767227,73448.56160212794
2025-02-10,71736.50431519264,74459.92088619928
2025-02-11,70940.779291506,73633.98682547969
2025-02-12,71764.00586311195,74488.46650745402
2025-02-13,72438.02312592344,75188.07227363919
2025-02-14,71832.46929726088,74559.52909879424
2025-02-17,71836.68975033311,74563.90977784825
2025-02-18,71458.65447852392,74171.52271215816
2025-02-19,70889.44450080619,73580.70315225494
2025-02-20,69954.92218829846,72610.70247937608
2025-02-21,67614.0118648845,70180.92144743116
2025-02-24,65605.56837126752,68096.22907125902
2025-02-25,63906.93080843718,66333.1041497135
2025-02-26,64350.715263325605,66793.73651139547
2025-02-27,62559.77769954095,64934.80749632099
2025-02-28,64015.05089027645,66445.32892030712
2025-03-03,63652.331003467596,65911.58073081035
2025-03-04,62356.17984910449,64401.860281183814
2025-03-05,62902.975712406864,65005.367799028056
2025-03-06,60307.69524376224,62248.52092876775
2025-03-07,60655.23355469064,62423.22770112367
2025-03-10,58425.7963877769,60067.75500032186
2025-03-11,59362.070217994755,60965.76335798208
2025-03-12,60131.06397782564,61686.91390398314
2025-03-13,59292.010831319436,60655.54173495935
2025-03-14,60583.90130043037,62064.50636789629
2025-03-17,60943.840646291435,62516.97762929032
2025-03-18,60215.64238558107,61631.39504935412
2025-03-19,61595.39215587409,63075.72045850934
2025-03-20,61421.64711591237,62878.61514878333
2025-03-21,62251.95687030728,63784.68920325962
2025-03-24,63840.086705539026,65508.04790493972
2025-03-25,64228.67890863326,65917.57074740379
2025-03-26,62676.71061175043,64355.80697759533
2025-03-27,62770.51377216542,64407.08794051474
2025-03-28,61116.090610138446,62572.92562535134
2025-03-31,61570.19737613783,63056.49152995095
2025-04-01,61501.81526821087,63031.9748379409
2025-04-02,62169.96394504545,63816.517833076425
2025-04-03,60442.28903625811,61969.234986136944
2025-04-04,56214.1547160169,57523.528857693724
2025-04-07,57002.772035404734,58482.23179007684
2025-04-08,56292.16793159529,57770.89249017915
2025-04-09,61463.798317236375,63389.62815593836
2025-04-10,58586.00924917688,60381.02431291798
2025-04-11,58783.10746001744,60505.061736212665
2025-04-14,58576.449847360986,60409.26564918603
2025-04-15,58875.29889422524,60893.30651144806
2025-04-16,58540.42981994069,60417.19135480097
2025-04-17,58077.23213747929,59987.12440651436
2025-04-18,58077.23213747929,59987.12440651436
2025-04-21,57452.73607325309,59333.667643746376
2025-04-22,58578.38922281629,60495.691378590505
2025-04-23,59797.14868283819,61942.2639669409
2025-04-24,61680.64654697458,64086.69293512082
2025-04-25,60903.67656616323,63426.42713209749
2025-04-28,61988.24540063889,64585.32524832587
2025-04-29,61360.86523012797,63933.48205567953
2025-04-30,60578.92442734116,63145.46874880761
2025-05-01,59322.767902547814,61836.09270210862
2025-05-02,60854.62324337066,63432.848083060315
2025-05-05,59866.70689678626,62403.07673305057
2025-05-06,59234.537268013,61744.12400460579
2025-05-07,58618.45025292784,61101.935261154795
2025-05-08,58567.7914194698,61049.13016738308
2025-05-09,58880.823240919504,61375.42419266646
2025-05-12,58931.21627766398,61427.95222872827
2025-05-13,61433.51800321957,64036.2688488207
2025-05-14,61397.78908377033,63999.02620399267
2025-05-15,62181.13884894767,64815.56411026931
2025-05-16,62335.25669925555,64976.21146398588
2025-05-19,62281.8895016993,64920.58326098697
2025-05-20,61966.57558645479,64591.910456552854
2025-05-21,60807.92971608472,63384.17629339285
2025-05-22,60278.89623386377,62832.72927556534
2025-05-23,60792.2707912856,63367.85394769441
2025-05-26,60255.60159490075,62808.447713775335
2025-05-27,60581.87854545609,63148.54802389984
2025-05-28,60646.24625364922,63215.6427956305
2025-05-29,60465.2764721229,63027.0058762419
2025-05-30,60339.30263574226,62895.694912510895
2025-06-02,61426.36617041098,64028.81401466208
2025-06-03,61710.55280977364,64325.04077544299
2025-06-04,61698.096621243116,64312.05685618363
2025-06-05,59679.50728789949,62207.94604751108
2025-06-06,60411.22044719108,62970.65966235176
2025-06-09,61757.29179752793,64373.75995160019
2025-06-10,61774.97438825308,64392.191699779745
2025-06-11,61919.60778160716,64542.95276901973
2025-06-12,61235.23898285229,63829.58935091766
2025-06-13,60775.602096369104,63350.479050997514
2025-06-16,61912.94670636503,64536.009484329355
2025-06-17,61200.252666682245,63793.12077120557
2025-06-18,62686.888308599526,65342.74063248495
2025-06-19,62821.18670689848,65482.728844440964
2025-06-20,62896.79373396432,65561.53911071602
2025-06-23,64716.15901364912,67457.98535001493
2025-06-24,65540.81775070829,68317.58236336002
2025-06-25,65517.285555839095,68293.05318114442
2025-06-26,66161.08948773766,68964.13312266469
2025-06-27,65604.28677696655,68383.74037874237
2025-06-30,66076.42377119715,68875.88037786206
2025-07-01,63611.08542754309,66306.0931654601
2025-07-02,64865.51922324234,67613.67349628593
2025-07-03,65163.72807833933,67924.51655132779
2025-07-04,65291.30588665482,68057.49944239396
2025-07-07,64878.118964933805,67626.80705061596
2025-07-08,65982.38211866494,68777.85446724719
2025-07-09,67081.53164765144,69923.57161044492
2025-07-10,67763.35100035666,70634.27757024152
2025-07-11,67775.83933741825,70647.29500006718
2025-07-14,67727.76596609631,70597.18490657915
2025-07-15,69095.07023454324,72022.41768793833
2025-07-16,69636.14844513936,72586.41973255762
2025-07-17,70000.48057049158,72966.18749920408
2025-07-18,69368.89504993428,72307.8436258594
2025-07-21,69073.66172923759,72000.1021695379
2025-07-22,67313.92213530047,70165.80777449175
2025-07-23,67985.78477148045,70866.1351820422
2025-07-24,68593.3744580179,71499.46659104344
2025-07-25,69389.51616062847,72329.33839013944
2025-07-28,70512.49804591486,73499.8975939081
2025-07-29,70551.36153026807,73540.40760559766
2025-07-30,71498.01160720261,74527.16435993431
2025-07-31,71225.41604790835,74243.01975794282
2025-08-01,67950.31066725521,70829.15814818226
2025-08-04,68848.58630110687,71765.49098177737
2025-08-05,68371.94761488897,71268.65856770663
2025-08-06,67666.01447146613,70532.81718940318
2025-08-07,68467.63587462576,71368.40084725276
2025-08-08,68831.64716573874,71747.8341868915
2025-08-11,69265.64215836421,72200.21622409389
2025-08-12,70735.56181664286,73732.41189647531
2025-08-13,70530.62589062237,73518.79346012362
2025-08-14,70204.19618281923,73178.53392089247
2025-08-15,69771.15928005886,72727.15056490153
2025-08-18,69690.24084470821,72642.80386216722
2025-08-19,67096.71418008777,69939.39738048868
2025-08-20,66494.15777132365,69311.31249389342
2025-08-21,65991.48129637995,68787.33914937839
2025-08-22,67851.18830541788,70725.83627410025
2025-08-25,66646.07085866225,69469.6616755561
2025-08-26,67446.11320620234,70303.59937801413
2025-08-27,67392.27839213595,70247.48374701933
2025-08-28,67842.14622944278,70716.41111293556
2025-08-29,65927.88536532717,68721.04885263233
2025-09-01,66050.50668789097,68848.86526675796
2025-09-02,65622.09882511674,68402.71066072847
2025-09-03,66898.01461900015,69728.27722670512
2025-09-04,67702.99131229299,70567.87527564332
2025-09-05,67879.97160237437,70751.243467226
2025-09-08,67874.36590466659,70745.53324676554
2025-09-09,68292.95449454711,71184.97729755228
2025-09-10,69856.3887235465,72817.57644821609
2025-09-11,70230.4423297688,73207.28693743114
2025-09-12,70804.68347059515,73803.68968411433
2025-09-15,72015.65826582904,75064.79472966198
2025-09-16,72169.36200700555,75224.49745691774
2025-09-17,70961.5033587608,73966.68868859056
2025-09-18,74465.84320176169,77621.43008627638
2025-09-19,74706.14001521027,77868.60915418534
2025-09-22,74505.86418937627,77654.37297386886
2025-09-23,74064.18676318102,77194.2740763881
2025-09-24,74199.27977359694,77335.99688097952
2025-09-25,74736.59633698674,77894.34474219654
2025-09-26,75420.14330359499,78608.15858418951
2025-09-29,75953.58174132217,79165.04705672503
2025-09-30,76340.30985742323,79566.25036471743
2025-10-01,78882.96708564981,82216.35359315046
2025-10-02,79329.98275145363,82682.25896409701
2025-10-03,78558.90236883031,81878.59475458943
2025-10-06,81226.47935686041,84658.89652298894
2025-10-07,81075.89661147047,84501.95054723017
2025-10-08,83101.0423674432,86612.67363108599
2025-10-09,82912.13617118642,86415.78475632396
2025-10-10,79648.81060594317,83014.5596443135
2025-10-13,82099.55105440851,85568.86193186928
2025-10-14,80934.92299875431,84355.01976079318
2025-10-15,82961.0496981608,86466.7652401697
2025-10-16,82954.13876856909,86459.56227288842
2025-10-17,83300.04489960105,86820.08548632287
2025-10-20,85473.5880614891,89085.47685977022
2025-10-21,83934.48730957953,87481.33776219939
2025-10-22,83573.18957200236,87104.77253344985
2025-10-23,84902.19395084716,88489.93713836778
2025-10-24,87038.10793238833,90716.10922137622
2025-10-27,89127.54816378272,92893.8436959118
2025-10-28,90216.48707168332,94028.79829512314
2025-10-29,91328.29807771991,95187.5915071205
2025-10-30,90284.65711099897,94099.84902082355
2025-10-31,90386.70955450437,94206.21393190979
2025-11-03,91026.10091747071,94855.25395482108
2025-11-04,88550.46146193752,92365.47616371917
2025-11-05,90970.95659064974,94694.27658916274
2025-11-06,89360.92871845361,93131.01563274521
2025-11-07,88288.7956018841,91968.4210336276
2025-11-10,90739.83025312873,94358.5176232128
2025-11-11,90032.09098758934,93658.46427544937
2025-11-12,91077.92077123324,94643.72713417425
2025-11-13,88101.42961745411,91419.42474719477
2025-11-14,87846.63840410912,91282.18783060543
2025-11-17,87705.23273278176,91021.97791764443
2025-11-18,86531.8814831487,89836.86122360762
2025-11-19,86979.89713894042,90323.9906698779
2025-11-20,84517.91573070466,87670.85704327337
2025-11-21,85679.50243529986,88914.69998586392
2025-11-24,89733.48355832513,93144.38694339017
2025-11-25,90163.7788336704,93584.3693405069
2025-11-26,91232.86540318995,94717.75735885972
2025-11-27,91006.76724535669,94483.02275572857
2025-11-28,92709.83636356835,96249.09553209058
2025-12-01,91826.36732946163,95331.89948473785
2025-12-02,91989.5082346238,95501.26840158686
2025-12-03,92395.96378959382,95923.24066552705
2025-12-04,90794.65312365902,94260.798908455
2025-12-05,92221.72305355777,95742.34817443741
2025-12-08,91315.65664596457,94801.69208395678
2025-12-09,92036.10807167127,95549.64721815787
2025-12-10,92814.95319710462,96358.22527009794
2025-12-11,91808.45043213254,95313.29859803256
2025-12-12,89264.07078506703,92671.78557928506
2025-12-15,88689.27608624307,92075.04771361254
2025-12-16,88406.03056022678,91780.98910276925
2025-12-17,85820.824055672,89097.09063431229
2025-12-18,87866.19910361445,91220.54922414676
2025-12-19,89624.72571122697,93046.20874519339
2025-12-22,90404.93860744013,93856.20678346517
2025-12-23,90069.85894526659,93508.33523411925
2025-12-24,90439.87920996989,93892.48126654858
2025-12-25,90439.87920996989,93892.48126654858
2025-12-26,90097.84214952578,93537.38671566296
2025-12-29,89799.02192916922,93227.15883624754
2025-12-30,91611.79563743816,95109.13637680767
2025-12-31,90274.90793827259,93721.21210771435
2026-01-02,91616.50732569283,95114.02793686997
2026-01-05,92090.53711280074,95606.15412384205
2026-01-06,92936.4019056397,96484.31036320719
2026-01-07,92807.73019345988,96350.72652352373
2026-01-08,92521.79206393647,96053.87251725797
2026-01-09,93403.68394796805,96969.4312057909
2026-01-12,94442.38821746777,98047.78869606424
2026-01-13,93671.69126571536,97247.66987971113
2026-01-14,94353.03183682589,97955.02107663843
2026-01-15,93641.53577030684,97216.36317837026
2026-01-16,93821.83887727642,97403.54947540344
2026-01-19,93806.89684270858,97388.03701880794
2026-01-20,93605.82704658451,97179.291250561
2026-01-21,95423.73233748475,99066.5962753049
2026-01-22,97674.45790143979,101403.2447725808
2026-01-23,97175.277653686,100885.0079895347
2026-01-26,98014.83706281007,101756.61813300168
2026-01-27,98448.76012662318,102207.10649605673
2026-01-28,99274.27535873366,103064.13631678696
2026-01-29,99778.36916237183,103587.47423395506
2026-01-30,95708.43889519451,99362.17169369047
2026-02-02,96783.5855218232,100478.36275211905
2026-02-03,98330.42417117178,102084.25298743376
2026-02-04,98886.0387839677,102661.0785546401
2026-02-05,97821.23229605466,101555.62237654458
2026-02-06,99803.18035892597,103613.23261430683
2026-02-09,99217.96517790081,103005.67645765014
2026-02-10,96409.48334774746,100089.97898073394
2026-02-11,97641.6473713243,101369.18167883145
2026-02-12,95949.51981454052,99612.45603618577
2026-02-13,96441.96571002435,100123.70137862103
2026-02-16,96364.39130979982,100043.16552448818
2026-02-17,94969.96849439801,98595.50969813755
2026-02-18,96573.3313237943,100260.08196136514
2026-02-19,95872.04845037199,99532.02715157834
2026-02-20,96524.82395436573,100209.72279110589
2026-02-23,97305.49213035559,101020.19348976025
2026-02-24,96967.4547290906,100669.25128768169
2026-02-25,97879.46790633383,101616.08116966713
2026-02-26,96518.62672363251,100203.28897700079
2026-02-27,97605.93635671797,101332.10737268215
2026-03-02,97970.81733371901,101710.91792171054
2026-03-03,96168.55389270425,99839.85188479119
2026-03-04,97857.24446324179,101593.00933197315
2026-03-05,97013.78363801344,100717.34883326816
2026-03-06,97018.5375057024,100722.2841829925
2026-03-09,97459.65620145075,101180.24287597924
2026-03-10,98954.47655153321,102732.1289791343
2026-03-11,98666.18053573705,102432.82707273174
2026-03-12,98961.7381284691,102739.66777156055
2026-03-13,100160.2998658026,103983.98539396825
2026-03-16,100708.43338026699,104553.04426697856
2026-03-17,100984.773829049,104839.9341947085
2026-03-18,99857.37722427945,103669.49848075164
2026-03-19,99325.39226758928,103117.20464736261
2026-03-20,97000.80962487121,100703.87952861466
2026-03-23,96898.79010219735,100597.96534335535
2026-03-24,95649.18018758135,99300.65074581833
2026-03-25,97230.38877867343,100942.22301807822
2026-03-26,95626.43586305533,99277.03814169798
2026-03-27,97207.71982845773,100918.6886657322
2026-03-30,96369.93383164864,100048.91963576533
2026-03-31,97978.88795793487,101719.29664733054
2026-04-01,99003.46031875319,102782.98273398502
2026-04-02,99486.39791468425,103284.35679125898
2026-04-03,99486.39791468425,103284.35679125898
2026-04-06,100498.6163406799,104335.21732347841
2026-04-07,100208.61436100656,104034.14432690215
2026-04-08,101258.97373943416,105124.60186757613
2026-04-09,102737.56487812863,106659.63919849123
2026-04-10,101977.00016221427,105870.03942276404
2026-04-13,102981.11866510035,106912.4908119653
2026-04-14,103305.62081120498,107249.38104158784
2026-04-15,103227.6443613244,107168.4277892881
2026-04-16,103999.77207606086,107970.03198894611
2026-04-17,103553.01283094665,107506.21741490011
2026-04-20,102777.9246294846,106701.5397099826
2026-04-21,101801.54049351817,105687.88146545591
2026-04-22,103472.26972372764,107422.39188629277
2026-04-23,103935.49325415523,107903.29928060627
2026-04-24,107234.00064862166,111327.72937104771
2026-04-27,107129.08038145969,111218.80370346569
2026-04-28,106084.57040035124,110134.41886471263
2026-04-29,108023.77364818283,112147.65247592014
