Strategy,rebalance_date,next_rebalance_date,base_selected,selected_etfs,selected_count
current_best country_only bucket5% top1 boost16,2016-09-30,2016-10-31,EWY,KWEB,1
current_best country_only bucket5% top1 boost16,2016-10-31,2016-11-30,EWJ,EWZ,1
current_best country_only bucket5% top1 boost16,2016-11-30,2016-12-31,,DXJ,1
current_best country_only bucket5% top1 boost16,2016-12-31,2017-01-31,SPMO,PAK,1
current_best country_only bucket5% top1 boost16,2017-01-31,2017-02-28,XLK,EPOL,1
current_best country_only bucket5% top1 boost16,2017-02-28,2017-03-31,SCHG,EPOL,1
current_best country_only bucket5% top1 boost16,2017-03-31,2017-04-30,INDA,ARGT,1
current_best country_only bucket5% top1 boost16,2017-04-30,2017-05-31,EWY,EPOL,1
current_best country_only bucket5% top1 boost16,2017-05-31,2017-06-30,EWY,TUR,1
current_best country_only bucket5% top1 boost16,2017-06-30,2017-07-31,EWY,GREK,1
current_best country_only bucket5% top1 boost16,2017-07-31,2017-08-31,INDA,KWEB,1
current_best country_only bucket5% top1 boost16,2017-08-31,2017-09-30,XLK,MCHI,1
current_best country_only bucket5% top1 boost16,2017-09-30,2017-10-31,MTUM,MCHI,1
current_best country_only bucket5% top1 boost16,2017-10-31,2017-11-30,XLK,EPU,1
current_best country_only bucket5% top1 boost16,2017-11-30,2017-12-31,SPMO,VNM,1
current_best country_only bucket5% top1 boost16,2017-12-31,2018-01-31,SPMO,VNM,1
current_best country_only bucket5% top1 boost16,2018-01-31,2018-02-28,SPMO,GREK,1
current_best country_only bucket5% top1 boost16,2018-02-28,2018-03-31,SPMO,VNM,1
current_best country_only bucket5% top1 boost16,2018-03-31,2018-04-30,BIL,EGPT,1
current_best country_only bucket5% top1 boost16,2018-04-30,2018-05-31,EWY,KSA,1
current_best country_only bucket5% top1 boost16,2018-05-31,2018-06-30,XLK,KSA,1
current_best country_only bucket5% top1 boost16,2018-06-30,2018-07-31,XLK,KSA,1
current_best country_only bucket5% top1 boost16,2018-07-31,2018-08-31,SPMO,QAT,1
current_best country_only bucket5% top1 boost16,2018-08-31,2018-09-30,XLK,EIS,1
current_best country_only bucket5% top1 boost16,2018-09-30,2018-10-31,SPMO,QAT,1
current_best country_only bucket5% top1 boost16,2018-10-31,2018-11-30,BIL,QAT,1
current_best country_only bucket5% top1 boost16,2018-11-30,2018-12-31,IEF,QAT,1
current_best country_only bucket5% top1 boost16,2018-12-31,2019-01-31,IEF,EIDO,1
current_best country_only bucket5% top1 boost16,2019-01-31,2019-02-28,IEF,EWZ,1
current_best country_only bucket5% top1 boost16,2019-02-28,2019-03-31,SPMO,ARGT,1
current_best country_only bucket5% top1 boost16,2019-03-31,2019-04-30,XLK,MCHI,1
current_best country_only bucket5% top1 boost16,2019-04-30,2019-05-31,XLK,KSA,1
current_best country_only bucket5% top1 boost16,2019-05-31,2019-06-30,INDA,GREK,1
current_best country_only bucket5% top1 boost16,2019-06-30,2019-07-31,MTUM,ARGT,1
current_best country_only bucket5% top1 boost16,2019-07-31,2019-08-31,XLK,GREK,1
current_best country_only bucket5% top1 boost16,2019-08-31,2019-09-30,IEF,EGPT,1
current_best country_only bucket5% top1 boost16,2019-09-30,2019-10-31,EWJ,TUR,1
current_best country_only bucket5% top1 boost16,2019-10-31,2019-11-30,EWJ,EWT,1
current_best country_only bucket5% top1 boost16,2019-11-30,2019-12-31,XLK,PAK,1
current_best country_only bucket5% top1 boost16,2019-12-31,2020-01-31,XLK,EWT,1
current_best country_only bucket5% top1 boost16,2020-01-31,2020-02-29,XLK,EDEN,1
current_best country_only bucket5% top1 boost16,2020-02-29,2020-03-31,IEF,,0
current_best country_only bucket5% top1 boost16,2020-03-31,2020-04-30,IEF,,0
current_best country_only bucket5% top1 boost16,2020-04-30,2020-05-31,IEF,,0
current_best country_only bucket5% top1 boost16,2020-05-31,2020-06-30,SCHG,EDEN,1
current_best country_only bucket5% top1 boost16,2020-06-30,2020-07-31,XLK,KWEB,1
current_best country_only bucket5% top1 boost16,2020-07-31,2020-08-31,XLK,ARGT,1
current_best country_only bucket5% top1 boost16,2020-08-31,2020-09-30,XLK,KWEB,1
current_best country_only bucket5% top1 boost16,2020-09-30,2020-10-31,XLK,EWY,1
current_best country_only bucket5% top1 boost16,2020-10-31,2020-11-30,EWY,MCHI,1
current_best country_only bucket5% top1 boost16,2020-11-30,2020-12-31,EWY,EWY,1
current_best country_only bucket5% top1 boost16,2020-12-31,2021-01-31,EWY,GXG,1
current_best country_only bucket5% top1 boost16,2021-01-31,2021-02-28,EWY,KWEB,1
current_best country_only bucket5% top1 boost16,2021-02-28,2021-03-31,EWY,EWT,1
current_best country_only bucket5% top1 boost16,2021-03-31,2021-04-30,XLK,GREK,1
current_best country_only bucket5% top1 boost16,2021-04-30,2021-05-31,SCHG,KSA,1
current_best country_only bucket5% top1 boost16,2021-05-31,2021-06-30,INDA,EPOL,1
current_best country_only bucket5% top1 boost16,2021-06-30,2021-07-31,SPMO,VNM,1
current_best country_only bucket5% top1 boost16,2021-07-31,2021-08-31,XLK,EDEN,1
current_best country_only bucket5% top1 boost16,2021-08-31,2021-09-30,INDA,ARGT,1
current_best country_only bucket5% top1 boost16,2021-09-30,2021-10-31,INDA,EPI,1
current_best country_only bucket5% top1 boost16,2021-10-31,2021-11-30,SCHG,EIS,1
current_best country_only bucket5% top1 boost16,2021-11-30,2021-12-31,XLK,UAE,1
current_best country_only bucket5% top1 boost16,2021-12-31,2022-01-31,XLK,EGPT,1
current_best country_only bucket5% top1 boost16,2022-01-31,2022-02-28,,EPU,1
current_best country_only bucket5% top1 boost16,2022-02-28,2022-03-31,,EPU,1
current_best country_only bucket5% top1 boost16,2022-03-31,2022-04-30,BIL,EWZ,1
current_best country_only bucket5% top1 boost16,2022-04-30,2022-05-31,BIL,KSA,1
current_best country_only bucket5% top1 boost16,2022-05-31,2022-06-30,BIL,ECH,1
current_best country_only bucket5% top1 boost16,2022-06-30,2022-07-31,BIL,,0
current_best country_only bucket5% top1 boost16,2022-07-31,2022-08-31,BIL,DXJ,1
current_best country_only bucket5% top1 boost16,2022-08-31,2022-09-30,BIL,ECH,1
current_best country_only bucket5% top1 boost16,2022-09-30,2022-10-31,BIL,TUR,1
current_best country_only bucket5% top1 boost16,2022-10-31,2022-11-30,MTUM,TUR,1
current_best country_only bucket5% top1 boost16,2022-11-30,2022-12-31,MTUM,TUR,1
current_best country_only bucket5% top1 boost16,2022-12-31,2023-01-31,BIL,TUR,1
current_best country_only bucket5% top1 boost16,2023-01-31,2023-02-28,EWY,ARGT,1
current_best country_only bucket5% top1 boost16,2023-02-28,2023-03-31,XLK,GREK,1
current_best country_only bucket5% top1 boost16,2023-03-31,2023-04-30,XLK,EDEN,1
current_best country_only bucket5% top1 boost16,2023-04-30,2023-05-31,XLK,EIRL,1
current_best country_only bucket5% top1 boost16,2023-05-31,2023-06-30,XLK,GREK,1
current_best country_only bucket5% top1 boost16,2023-06-30,2023-07-31,XLK,GREK,1
current_best country_only bucket5% top1 boost16,2023-07-31,2023-08-31,SCHG,EPOL,1
current_best country_only bucket5% top1 boost16,2023-08-31,2023-09-30,XLK,VNM,1
current_best country_only bucket5% top1 boost16,2023-09-30,2023-10-31,SPMO,EGPT,1
current_best country_only bucket5% top1 boost16,2023-10-31,2023-11-30,BIL,EGPT,1
current_best country_only bucket5% top1 boost16,2023-11-30,2023-12-31,XLK,PAK,1
current_best country_only bucket5% top1 boost16,2023-12-31,2024-01-31,XLK,EWD,1
current_best country_only bucket5% top1 boost16,2024-01-31,2024-02-29,SPMO,EGPT,1
current_best country_only bucket5% top1 boost16,2024-02-29,2024-03-31,SPMO,EIS,1
current_best country_only bucket5% top1 boost16,2024-03-31,2024-04-30,SPMO,EPU,1
current_best country_only bucket5% top1 boost16,2024-04-30,2024-05-31,INDA,EPU,1
current_best country_only bucket5% top1 boost16,2024-05-31,2024-06-30,SPMO,EPU,1
current_best country_only bucket5% top1 boost16,2024-06-30,2024-07-31,SPMO,EWT,1
current_best country_only bucket5% top1 boost16,2024-07-31,2024-08-31,INDA,EZA,1
current_best country_only bucket5% top1 boost16,2024-08-31,2024-09-30,SPMO,EWM,1
current_best country_only bucket5% top1 boost16,2024-09-30,2024-10-31,SPMO,KWEB,1
current_best country_only bucket5% top1 boost16,2024-10-31,2024-11-30,MTUM,ARGT,1
current_best country_only bucket5% top1 boost16,2024-11-30,2024-12-31,MTUM,ARGT,1
current_best country_only bucket5% top1 boost16,2024-12-31,2025-01-31,SCHG,ARGT,1
current_best country_only bucket5% top1 boost16,2025-01-31,2025-02-28,SPMO,GXG,1
current_best country_only bucket5% top1 boost16,2025-02-28,2025-03-31,SPMO,GXG,1
current_best country_only bucket5% top1 boost16,2025-03-31,2025-04-30,IEF,EPOL,1
current_best country_only bucket5% top1 boost16,2025-04-30,2025-05-31,EWJ,GREK,1
current_best country_only bucket5% top1 boost16,2025-05-31,2025-06-30,SPMO,GREK,1
current_best country_only bucket5% top1 boost16,2025-06-30,2025-07-31,EWY,GREK,1
current_best country_only bucket5% top1 boost16,2025-07-31,2025-08-31,XLK,VNM,1
current_best country_only bucket5% top1 boost16,2025-08-31,2025-09-30,SCHG,VNM,1
current_best country_only bucket5% top1 boost16,2025-09-30,2025-10-31,EWY,EPU,1
current_best country_only bucket5% top1 boost16,2025-10-31,2025-11-30,EWY,EWY,1
current_best country_only bucket5% top1 boost16,2025-11-30,2025-12-31,EWY,ECH,1
current_best country_only bucket5% top1 boost16,2025-12-31,2026-01-31,EWY,EPU,1
current_best country_only bucket5% top1 boost16,2026-01-31,2026-02-28,EWY,EWY,1
current_best country_only bucket5% top1 boost16,2026-02-28,2026-03-31,EWY,EWY,1
current_best country_only bucket5% top1 boost16,2026-03-31,2026-04-29,BIL,NORW,1
current_best country_only bucket5% top2 boost16,2016-09-30,2016-10-31,EWY,"KWEB,EWT",2
current_best country_only bucket5% top2 boost16,2016-10-31,2016-11-30,EWJ,"EWZ,DXJ",2
current_best country_only bucket5% top2 boost16,2016-11-30,2016-12-31,,"DXJ,KSA",2
current_best country_only bucket5% top2 boost16,2016-12-31,2017-01-31,SPMO,"PAK,KSA",2
current_best country_only bucket5% top2 boost16,2017-01-31,2017-02-28,XLK,"EPOL,EWZ",2
current_best country_only bucket5% top2 boost16,2017-02-28,2017-03-31,SCHG,"EPOL,EWS",2
current_best country_only bucket5% top2 boost16,2017-03-31,2017-04-30,INDA,"ARGT,EPI",2
current_best country_only bucket5% top2 boost16,2017-04-30,2017-05-31,EWY,"EPOL,KWEB",2
current_best country_only bucket5% top2 boost16,2017-05-31,2017-06-30,EWY,"TUR,EDEN",2
current_best country_only bucket5% top2 boost16,2017-06-30,2017-07-31,EWY,"GREK,EWI",2
current_best country_only bucket5% top2 boost16,2017-07-31,2017-08-31,INDA,"KWEB,TUR",2
current_best country_only bucket5% top2 boost16,2017-08-31,2017-09-30,XLK,"MCHI,KWEB",2
current_best country_only bucket5% top2 boost16,2017-09-30,2017-10-31,MTUM,"MCHI,THD",2
current_best country_only bucket5% top2 boost16,2017-10-31,2017-11-30,XLK,"EPU,EGPT",2
current_best country_only bucket5% top2 boost16,2017-11-30,2017-12-31,SPMO,"VNM,EGPT",2
current_best country_only bucket5% top2 boost16,2017-12-31,2018-01-31,SPMO,"VNM,EZA",2
current_best country_only bucket5% top2 boost16,2018-01-31,2018-02-28,SPMO,"GREK,VNM",2
current_best country_only bucket5% top2 boost16,2018-02-28,2018-03-31,SPMO,"VNM,THD",2
current_best country_only bucket5% top2 boost16,2018-03-31,2018-04-30,BIL,"EGPT,KSA",2
current_best country_only bucket5% top2 boost16,2018-04-30,2018-05-31,EWY,"KSA,EGPT",2
current_best country_only bucket5% top2 boost16,2018-05-31,2018-06-30,XLK,"KSA,QAT",2
current_best country_only bucket5% top2 boost16,2018-06-30,2018-07-31,XLK,"KSA,EWC",2
current_best country_only bucket5% top2 boost16,2018-07-31,2018-08-31,SPMO,"QAT,INDA",2
current_best country_only bucket5% top2 boost16,2018-08-31,2018-09-30,XLK,"EIS,QAT",2
current_best country_only bucket5% top2 boost16,2018-09-30,2018-10-31,SPMO,"QAT,DXJ",2
current_best country_only bucket5% top2 boost16,2018-10-31,2018-11-30,BIL,"QAT,EWZ",2
current_best country_only bucket5% top2 boost16,2018-11-30,2018-12-31,IEF,"QAT,EIDO",2
current_best country_only bucket5% top2 boost16,2018-12-31,2019-01-31,IEF,"EIDO,EWZ",2
current_best country_only bucket5% top2 boost16,2019-01-31,2019-02-28,IEF,"EWZ,KSA",2
current_best country_only bucket5% top2 boost16,2019-02-28,2019-03-31,SPMO,"ARGT,KWEB",2
current_best country_only bucket5% top2 boost16,2019-03-31,2019-04-30,XLK,"MCHI,GREK",2
current_best country_only bucket5% top2 boost16,2019-04-30,2019-05-31,XLK,"KSA,EWN",2
current_best country_only bucket5% top2 boost16,2019-05-31,2019-06-30,INDA,"GREK,INDA",2
current_best country_only bucket5% top2 boost16,2019-06-30,2019-07-31,MTUM,"ARGT,GREK",2
current_best country_only bucket5% top2 boost16,2019-07-31,2019-08-31,XLK,"GREK,TUR",2
current_best country_only bucket5% top2 boost16,2019-08-31,2019-09-30,IEF,"EGPT,TUR",2
current_best country_only bucket5% top2 boost16,2019-09-30,2019-10-31,EWJ,"TUR,EWJ",2
current_best country_only bucket5% top2 boost16,2019-10-31,2019-11-30,EWJ,"EWT,DXJ",2
current_best country_only bucket5% top2 boost16,2019-11-30,2019-12-31,XLK,"PAK,EIRL",2
current_best country_only bucket5% top2 boost16,2019-12-31,2020-01-31,XLK,"EWT,EWZ",2
current_best country_only bucket5% top2 boost16,2020-01-31,2020-02-29,XLK,"EDEN,EWL",2
current_best country_only bucket5% top2 boost16,2020-02-29,2020-03-31,IEF,,0
current_best country_only bucket5% top2 boost16,2020-03-31,2020-04-30,IEF,,0
current_best country_only bucket5% top2 boost16,2020-04-30,2020-05-31,IEF,,0
current_best country_only bucket5% top2 boost16,2020-05-31,2020-06-30,SCHG,"EDEN,KWEB",2
current_best country_only bucket5% top2 boost16,2020-06-30,2020-07-31,XLK,"KWEB,EWN",2
current_best country_only bucket5% top2 boost16,2020-07-31,2020-08-31,XLK,"ARGT,EWT",2
current_best country_only bucket5% top2 boost16,2020-08-31,2020-09-30,XLK,"KWEB,NORW",2
current_best country_only bucket5% top2 boost16,2020-09-30,2020-10-31,XLK,"EWY,KWEB",2
current_best country_only bucket5% top2 boost16,2020-10-31,2020-11-30,EWY,"MCHI,KWEB",2
current_best country_only bucket5% top2 boost16,2020-11-30,2020-12-31,EWY,"EWY,EWW",2
current_best country_only bucket5% top2 boost16,2020-12-31,2021-01-31,EWY,"GXG,EWY",2
current_best country_only bucket5% top2 boost16,2021-01-31,2021-02-28,EWY,"KWEB,EWT",2
current_best country_only bucket5% top2 boost16,2021-02-28,2021-03-31,EWY,"EWT,EPI",2
current_best country_only bucket5% top2 boost16,2021-03-31,2021-04-30,XLK,"GREK,EWT",2
current_best country_only bucket5% top2 boost16,2021-04-30,2021-05-31,SCHG,"KSA,EWT",2
current_best country_only bucket5% top2 boost16,2021-05-31,2021-06-30,INDA,"EPOL,EWC",2
current_best country_only bucket5% top2 boost16,2021-06-30,2021-07-31,SPMO,"VNM,EWZ",2
current_best country_only bucket5% top2 boost16,2021-07-31,2021-08-31,XLK,"EDEN,KSA",2
current_best country_only bucket5% top2 boost16,2021-08-31,2021-09-30,INDA,"ARGT,INDA",2
current_best country_only bucket5% top2 boost16,2021-09-30,2021-10-31,INDA,"EPI,INDA",2
current_best country_only bucket5% top2 boost16,2021-10-31,2021-11-30,SCHG,"EIS,EIDO",2
current_best country_only bucket5% top2 boost16,2021-11-30,2021-12-31,XLK,"UAE,VNM",2
current_best country_only bucket5% top2 boost16,2021-12-31,2022-01-31,XLK,"EGPT,VNM",2
current_best country_only bucket5% top2 boost16,2022-01-31,2022-02-28,,"EPU,KSA",2
current_best country_only bucket5% top2 boost16,2022-02-28,2022-03-31,,"EPU,UAE",2
current_best country_only bucket5% top2 boost16,2022-03-31,2022-04-30,BIL,"EWZ,EWW",2
current_best country_only bucket5% top2 boost16,2022-04-30,2022-05-31,BIL,"KSA,UAE",2
current_best country_only bucket5% top2 boost16,2022-05-31,2022-06-30,BIL,"ECH,EIDO",2
current_best country_only bucket5% top2 boost16,2022-06-30,2022-07-31,BIL,,0
current_best country_only bucket5% top2 boost16,2022-07-31,2022-08-31,BIL,DXJ,1
current_best country_only bucket5% top2 boost16,2022-08-31,2022-09-30,BIL,"ECH,TUR",2
current_best country_only bucket5% top2 boost16,2022-09-30,2022-10-31,BIL,TUR,1
current_best country_only bucket5% top2 boost16,2022-10-31,2022-11-30,MTUM,"TUR,EWW",2
current_best country_only bucket5% top2 boost16,2022-11-30,2022-12-31,MTUM,"TUR,EWI",2
current_best country_only bucket5% top2 boost16,2022-12-31,2023-01-31,BIL,"TUR,EPOL",2
current_best country_only bucket5% top2 boost16,2023-01-31,2023-02-28,EWY,"ARGT,GREK",2
current_best country_only bucket5% top2 boost16,2023-02-28,2023-03-31,XLK,"GREK,ARGT",2
current_best country_only bucket5% top2 boost16,2023-03-31,2023-04-30,XLK,"EDEN,EIRL",2
current_best country_only bucket5% top2 boost16,2023-04-30,2023-05-31,XLK,"EIRL,EPOL",2
current_best country_only bucket5% top2 boost16,2023-05-31,2023-06-30,XLK,"GREK,DXJ",2
current_best country_only bucket5% top2 boost16,2023-06-30,2023-07-31,XLK,"GREK,ARGT",2
current_best country_only bucket5% top2 boost16,2023-07-31,2023-08-31,SCHG,"EPOL,VNM",2
current_best country_only bucket5% top2 boost16,2023-08-31,2023-09-30,XLK,"VNM,TUR",2
current_best country_only bucket5% top2 boost16,2023-09-30,2023-10-31,SPMO,"EGPT,DXJ",2
current_best country_only bucket5% top2 boost16,2023-10-31,2023-11-30,BIL,"EGPT,PAK",2
current_best country_only bucket5% top2 boost16,2023-11-30,2023-12-31,XLK,"PAK,ARGT",2
current_best country_only bucket5% top2 boost16,2023-12-31,2024-01-31,XLK,"EWD,EWZ",2
current_best country_only bucket5% top2 boost16,2024-01-31,2024-02-29,SPMO,"EGPT,EPI",2
current_best country_only bucket5% top2 boost16,2024-02-29,2024-03-31,SPMO,"EIS,DXJ",2
current_best country_only bucket5% top2 boost16,2024-03-31,2024-04-30,SPMO,"EPU,DXJ",2
current_best country_only bucket5% top2 boost16,2024-04-30,2024-05-31,INDA,"EPU,TUR",2
current_best country_only bucket5% top2 boost16,2024-05-31,2024-06-30,SPMO,"EPU,TUR",2
current_best country_only bucket5% top2 boost16,2024-06-30,2024-07-31,SPMO,"EWT,EZA",2
current_best country_only bucket5% top2 boost16,2024-07-31,2024-08-31,INDA,"EZA,EPI",2
current_best country_only bucket5% top2 boost16,2024-08-31,2024-09-30,SPMO,"EWM,ARGT",2
current_best country_only bucket5% top2 boost16,2024-09-30,2024-10-31,SPMO,"KWEB,EZA",2
current_best country_only bucket5% top2 boost16,2024-10-31,2024-11-30,MTUM,"ARGT,EZA",2
current_best country_only bucket5% top2 boost16,2024-11-30,2024-12-31,MTUM,"ARGT,EIS",2
current_best country_only bucket5% top2 boost16,2024-12-31,2025-01-31,SCHG,"ARGT,EIS",2
current_best country_only bucket5% top2 boost16,2025-01-31,2025-02-28,SPMO,"GXG,EIS",2
current_best country_only bucket5% top2 boost16,2025-02-28,2025-03-31,SPMO,"GXG,EPOL",2
current_best country_only bucket5% top2 boost16,2025-03-31,2025-04-30,IEF,"EPOL,GREK",2
current_best country_only bucket5% top2 boost16,2025-04-30,2025-05-31,EWJ,"GREK,EWP",2
current_best country_only bucket5% top2 boost16,2025-05-31,2025-06-30,SPMO,"GREK,EWP",2
current_best country_only bucket5% top2 boost16,2025-06-30,2025-07-31,EWY,"GREK,EWY",2
current_best country_only bucket5% top2 boost16,2025-07-31,2025-08-31,XLK,"VNM,UAE",2
current_best country_only bucket5% top2 boost16,2025-08-31,2025-09-30,SCHG,"VNM,EPU",2
current_best country_only bucket5% top2 boost16,2025-09-30,2025-10-31,EWY,"EPU,EZA",2
current_best country_only bucket5% top2 boost16,2025-10-31,2025-11-30,EWY,"EWY,GXG",2
current_best country_only bucket5% top2 boost16,2025-11-30,2025-12-31,EWY,"ECH,EPU",2
current_best country_only bucket5% top2 boost16,2025-12-31,2026-01-31,EWY,"EPU,EZA",2
current_best country_only bucket5% top2 boost16,2026-01-31,2026-02-28,EWY,"EWY,EPU",2
current_best country_only bucket5% top2 boost16,2026-02-28,2026-03-31,EWY,"EWY,EPU",2
current_best country_only bucket5% top2 boost16,2026-03-31,2026-04-29,BIL,"NORW,EWZ",2
current_best country_only bucket5% top3 boost16,2016-09-30,2016-10-31,EWY,"KWEB,EWT,ARGT",3
current_best country_only bucket5% top3 boost16,2016-10-31,2016-11-30,EWJ,"EWZ,DXJ,ECH",3
current_best country_only bucket5% top3 boost16,2016-11-30,2016-12-31,,"DXJ,KSA,GREK",3
current_best country_only bucket5% top3 boost16,2016-12-31,2017-01-31,SPMO,"PAK,KSA,EWI",3
current_best country_only bucket5% top3 boost16,2017-01-31,2017-02-28,XLK,"EPOL,EWZ,ARGT",3
current_best country_only bucket5% top3 boost16,2017-02-28,2017-03-31,SCHG,"EPOL,EWS,EIS",3
current_best country_only bucket5% top3 boost16,2017-03-31,2017-04-30,INDA,"ARGT,EPI,EWP",3
current_best country_only bucket5% top3 boost16,2017-04-30,2017-05-31,EWY,"EPOL,KWEB,EWP",3
current_best country_only bucket5% top3 boost16,2017-05-31,2017-06-30,EWY,"TUR,EDEN,EWY",3
current_best country_only bucket5% top3 boost16,2017-06-30,2017-07-31,EWY,"GREK,EWI,TUR",3
current_best country_only bucket5% top3 boost16,2017-07-31,2017-08-31,INDA,"KWEB,TUR,MCHI",3
current_best country_only bucket5% top3 boost16,2017-08-31,2017-09-30,XLK,"MCHI,KWEB,EPOL",3
current_best country_only bucket5% top3 boost16,2017-09-30,2017-10-31,MTUM,"MCHI,THD,EPU",3
current_best country_only bucket5% top3 boost16,2017-10-31,2017-11-30,XLK,"EPU,EGPT,DXJ",3
current_best country_only bucket5% top3 boost16,2017-11-30,2017-12-31,SPMO,"VNM,EGPT,THD",3
current_best country_only bucket5% top3 boost16,2017-12-31,2018-01-31,SPMO,"VNM,EZA,ARGT",3
current_best country_only bucket5% top3 boost16,2018-01-31,2018-02-28,SPMO,"GREK,VNM,ARGT",3
current_best country_only bucket5% top3 boost16,2018-02-28,2018-03-31,SPMO,"VNM,THD,KWEB",3
current_best country_only bucket5% top3 boost16,2018-03-31,2018-04-30,BIL,"EGPT,KSA,EWM",3
current_best country_only bucket5% top3 boost16,2018-04-30,2018-05-31,EWY,"KSA,EGPT,EPU",3
current_best country_only bucket5% top3 boost16,2018-05-31,2018-06-30,XLK,"KSA,QAT",2
current_best country_only bucket5% top3 boost16,2018-06-30,2018-07-31,XLK,"KSA,EWC,ENZL",3
current_best country_only bucket5% top3 boost16,2018-07-31,2018-08-31,SPMO,"QAT,INDA,EWL",3
current_best country_only bucket5% top3 boost16,2018-08-31,2018-09-30,XLK,"EIS,QAT,EWL",3
current_best country_only bucket5% top3 boost16,2018-09-30,2018-10-31,SPMO,"QAT,DXJ,THD",3
current_best country_only bucket5% top3 boost16,2018-10-31,2018-11-30,BIL,"QAT,EWZ",2
current_best country_only bucket5% top3 boost16,2018-11-30,2018-12-31,IEF,"QAT,EIDO,EWZ",3
current_best country_only bucket5% top3 boost16,2018-12-31,2019-01-31,IEF,"EIDO,EWZ,QAT",3
current_best country_only bucket5% top3 boost16,2019-01-31,2019-02-28,IEF,"EWZ,KSA,TUR",3
current_best country_only bucket5% top3 boost16,2019-02-28,2019-03-31,SPMO,"ARGT,KWEB,GXG",3
current_best country_only bucket5% top3 boost16,2019-03-31,2019-04-30,XLK,"MCHI,GREK,EPI",3
current_best country_only bucket5% top3 boost16,2019-04-30,2019-05-31,XLK,"KSA,EWN,GREK",3
current_best country_only bucket5% top3 boost16,2019-05-31,2019-06-30,INDA,"GREK,INDA,EPI",3
current_best country_only bucket5% top3 boost16,2019-06-30,2019-07-31,MTUM,"ARGT,GREK,ENZL",3
current_best country_only bucket5% top3 boost16,2019-07-31,2019-08-31,XLK,"GREK,TUR,ENZL",3
current_best country_only bucket5% top3 boost16,2019-08-31,2019-09-30,IEF,"EGPT,TUR",2
current_best country_only bucket5% top3 boost16,2019-09-30,2019-10-31,EWJ,"TUR,EWJ,DXJ",3
current_best country_only bucket5% top3 boost16,2019-10-31,2019-11-30,EWJ,"EWT,DXJ,EWD",3
current_best country_only bucket5% top3 boost16,2019-11-30,2019-12-31,XLK,"PAK,EIRL,EIS",3
current_best country_only bucket5% top3 boost16,2019-12-31,2020-01-31,XLK,"EWT,EWZ,EWY",3
current_best country_only bucket5% top3 boost16,2020-01-31,2020-02-29,XLK,"EDEN,EWL,EIS",3
current_best country_only bucket5% top3 boost16,2020-02-29,2020-03-31,IEF,,0
current_best country_only bucket5% top3 boost16,2020-03-31,2020-04-30,IEF,,0
current_best country_only bucket5% top3 boost16,2020-04-30,2020-05-31,IEF,,0
current_best country_only bucket5% top3 boost16,2020-05-31,2020-06-30,SCHG,"EDEN,KWEB",2
current_best country_only bucket5% top3 boost16,2020-06-30,2020-07-31,XLK,"KWEB,EWN,EDEN",3
current_best country_only bucket5% top3 boost16,2020-07-31,2020-08-31,XLK,"ARGT,EWT,EPU",3
current_best country_only bucket5% top3 boost16,2020-08-31,2020-09-30,XLK,"KWEB,NORW,EDEN",3
current_best country_only bucket5% top3 boost16,2020-09-30,2020-10-31,XLK,"EWY,KWEB,EPI",3
current_best country_only bucket5% top3 boost16,2020-10-31,2020-11-30,EWY,"MCHI,KWEB,EWT",3
current_best country_only bucket5% top3 boost16,2020-11-30,2020-12-31,EWY,"EWY,EWW,EIRL",3
current_best country_only bucket5% top3 boost16,2020-12-31,2021-01-31,EWY,"GXG,EWY,TUR",3
current_best country_only bucket5% top3 boost16,2021-01-31,2021-02-28,EWY,"KWEB,EWT,EWY",3
current_best country_only bucket5% top3 boost16,2021-02-28,2021-03-31,EWY,"EWT,EPI,EPU",3
current_best country_only bucket5% top3 boost16,2021-03-31,2021-04-30,XLK,"GREK,EWT,EWN",3
current_best country_only bucket5% top3 boost16,2021-04-30,2021-05-31,SCHG,"KSA,EWT,GREK",3
current_best country_only bucket5% top3 boost16,2021-05-31,2021-06-30,INDA,"EPOL,EWC,KSA",3
current_best country_only bucket5% top3 boost16,2021-06-30,2021-07-31,SPMO,"VNM,EWZ,KSA",3
current_best country_only bucket5% top3 boost16,2021-07-31,2021-08-31,XLK,"EDEN,KSA,EWL",3
current_best country_only bucket5% top3 boost16,2021-08-31,2021-09-30,INDA,"ARGT,INDA,EPI",3
current_best country_only bucket5% top3 boost16,2021-09-30,2021-10-31,INDA,"EPI,INDA,KSA",3
current_best country_only bucket5% top3 boost16,2021-10-31,2021-11-30,SCHG,"EIS,EIDO,KSA",3
current_best country_only bucket5% top3 boost16,2021-11-30,2021-12-31,XLK,"UAE,VNM,EIDO",3
current_best country_only bucket5% top3 boost16,2021-12-31,2022-01-31,XLK,"EGPT,VNM,EPU",3
current_best country_only bucket5% top3 boost16,2022-01-31,2022-02-28,,"EPU,KSA,QAT",3
current_best country_only bucket5% top3 boost16,2022-02-28,2022-03-31,,"EPU,UAE,EZA",3
current_best country_only bucket5% top3 boost16,2022-03-31,2022-04-30,BIL,"EWZ,EWW,ARGT",3
current_best country_only bucket5% top3 boost16,2022-04-30,2022-05-31,BIL,"KSA,UAE,QAT",3
current_best country_only bucket5% top3 boost16,2022-05-31,2022-06-30,BIL,"ECH,EIDO,EWP",3
current_best country_only bucket5% top3 boost16,2022-06-30,2022-07-31,BIL,,0
current_best country_only bucket5% top3 boost16,2022-07-31,2022-08-31,BIL,DXJ,1
current_best country_only bucket5% top3 boost16,2022-08-31,2022-09-30,BIL,"ECH,TUR,DXJ",3
current_best country_only bucket5% top3 boost16,2022-09-30,2022-10-31,BIL,TUR,1
current_best country_only bucket5% top3 boost16,2022-10-31,2022-11-30,MTUM,"TUR,EWW,EWZ",3
current_best country_only bucket5% top3 boost16,2022-11-30,2022-12-31,MTUM,"TUR,EWI,EWG",3
current_best country_only bucket5% top3 boost16,2022-12-31,2023-01-31,BIL,"TUR,EPOL,GREK",3
current_best country_only bucket5% top3 boost16,2023-01-31,2023-02-28,EWY,"ARGT,GREK,EIRL",3
current_best country_only bucket5% top3 boost16,2023-02-28,2023-03-31,XLK,"GREK,ARGT,EWP",3
current_best country_only bucket5% top3 boost16,2023-03-31,2023-04-30,XLK,"EDEN,EIRL,EWQ",3
current_best country_only bucket5% top3 boost16,2023-04-30,2023-05-31,XLK,"EIRL,EPOL,EWQ",3
current_best country_only bucket5% top3 boost16,2023-05-31,2023-06-30,XLK,"GREK,DXJ,EWT",3
current_best country_only bucket5% top3 boost16,2023-06-30,2023-07-31,XLK,"GREK,ARGT,DXJ",3
current_best country_only bucket5% top3 boost16,2023-07-31,2023-08-31,SCHG,"EPOL,VNM,GXG",3
current_best country_only bucket5% top3 boost16,2023-08-31,2023-09-30,XLK,"VNM,TUR,ARGT",3
current_best country_only bucket5% top3 boost16,2023-09-30,2023-10-31,SPMO,"EGPT,DXJ,TUR",3
current_best country_only bucket5% top3 boost16,2023-10-31,2023-11-30,BIL,"EGPT,PAK,DXJ",3
current_best country_only bucket5% top3 boost16,2023-11-30,2023-12-31,XLK,"PAK,ARGT,EGPT",3
current_best country_only bucket5% top3 boost16,2023-12-31,2024-01-31,XLK,"EWD,EWZ,GXG",3
current_best country_only bucket5% top3 boost16,2024-01-31,2024-02-29,SPMO,"EGPT,EPI,EWN",3
current_best country_only bucket5% top3 boost16,2024-02-29,2024-03-31,SPMO,"EIS,DXJ,EIRL",3
current_best country_only bucket5% top3 boost16,2024-03-31,2024-04-30,SPMO,"EPU,DXJ,EIRL",3
current_best country_only bucket5% top3 boost16,2024-04-30,2024-05-31,INDA,"EPU,TUR,ARGT",3
current_best country_only bucket5% top3 boost16,2024-05-31,2024-06-30,SPMO,"EPU,TUR,EPOL",3
current_best country_only bucket5% top3 boost16,2024-06-30,2024-07-31,SPMO,"EWT,EZA,TUR",3
current_best country_only bucket5% top3 boost16,2024-07-31,2024-08-31,INDA,"EZA,EPI,INDA",3
current_best country_only bucket5% top3 boost16,2024-08-31,2024-09-30,SPMO,"EWM,ARGT,EIS",3
current_best country_only bucket5% top3 boost16,2024-09-30,2024-10-31,SPMO,"KWEB,EZA,MCHI",3
current_best country_only bucket5% top3 boost16,2024-10-31,2024-11-30,MTUM,"ARGT,EZA,EPU",3
current_best country_only bucket5% top3 boost16,2024-11-30,2024-12-31,MTUM,"ARGT,EIS,EWS",3
current_best country_only bucket5% top3 boost16,2024-12-31,2025-01-31,SCHG,"ARGT,EIS,UAE",3
current_best country_only bucket5% top3 boost16,2025-01-31,2025-02-28,SPMO,"GXG,EIS,EWG",3
current_best country_only bucket5% top3 boost16,2025-02-28,2025-03-31,SPMO,"GXG,EPOL,EWP",3
current_best country_only bucket5% top3 boost16,2025-03-31,2025-04-30,IEF,"EPOL,GREK,EWP",3
current_best country_only bucket5% top3 boost16,2025-04-30,2025-05-31,EWJ,"GREK,EWP,ECH",3
current_best country_only bucket5% top3 boost16,2025-05-31,2025-06-30,SPMO,"GREK,EWP,EWI",3
current_best country_only bucket5% top3 boost16,2025-06-30,2025-07-31,EWY,"GREK,EWY,EIS",3
current_best country_only bucket5% top3 boost16,2025-07-31,2025-08-31,XLK,"VNM,UAE,EWY",3
current_best country_only bucket5% top3 boost16,2025-08-31,2025-09-30,SCHG,"VNM,EPU,GXG",3
current_best country_only bucket5% top3 boost16,2025-09-30,2025-10-31,EWY,"EPU,EZA,KWEB",3
current_best country_only bucket5% top3 boost16,2025-10-31,2025-11-30,EWY,"EWY,GXG,EPU",3
current_best country_only bucket5% top3 boost16,2025-11-30,2025-12-31,EWY,"ECH,EPU,EWZ",3
current_best country_only bucket5% top3 boost16,2025-12-31,2026-01-31,EWY,"EPU,EZA,ECH",3
current_best country_only bucket5% top3 boost16,2026-01-31,2026-02-28,EWY,"EWY,EPU,GXG",3
current_best country_only bucket5% top3 boost16,2026-02-28,2026-03-31,EWY,"EWY,EPU,EZA",3
current_best country_only bucket5% top3 boost16,2026-03-31,2026-04-29,BIL,"NORW,EWZ,THD",3
current_best country_only bucket8% top1 boost16,2016-09-30,2016-10-31,EWY,KWEB,1
current_best country_only bucket8% top1 boost16,2016-10-31,2016-11-30,EWJ,EWZ,1
current_best country_only bucket8% top1 boost16,2016-11-30,2016-12-31,,DXJ,1
current_best country_only bucket8% top1 boost16,2016-12-31,2017-01-31,SPMO,PAK,1
current_best country_only bucket8% top1 boost16,2017-01-31,2017-02-28,XLK,EPOL,1
current_best country_only bucket8% top1 boost16,2017-02-28,2017-03-31,SCHG,EPOL,1
current_best country_only bucket8% top1 boost16,2017-03-31,2017-04-30,INDA,ARGT,1
current_best country_only bucket8% top1 boost16,2017-04-30,2017-05-31,EWY,EPOL,1
current_best country_only bucket8% top1 boost16,2017-05-31,2017-06-30,EWY,TUR,1
current_best country_only bucket8% top1 boost16,2017-06-30,2017-07-31,EWY,GREK,1
current_best country_only bucket8% top1 boost16,2017-07-31,2017-08-31,INDA,KWEB,1
current_best country_only bucket8% top1 boost16,2017-08-31,2017-09-30,XLK,MCHI,1
current_best country_only bucket8% top1 boost16,2017-09-30,2017-10-31,MTUM,MCHI,1
current_best country_only bucket8% top1 boost16,2017-10-31,2017-11-30,XLK,EPU,1
current_best country_only bucket8% top1 boost16,2017-11-30,2017-12-31,SPMO,VNM,1
current_best country_only bucket8% top1 boost16,2017-12-31,2018-01-31,SPMO,VNM,1
current_best country_only bucket8% top1 boost16,2018-01-31,2018-02-28,SPMO,GREK,1
current_best country_only bucket8% top1 boost16,2018-02-28,2018-03-31,SPMO,VNM,1
current_best country_only bucket8% top1 boost16,2018-03-31,2018-04-30,BIL,EGPT,1
current_best country_only bucket8% top1 boost16,2018-04-30,2018-05-31,EWY,KSA,1
current_best country_only bucket8% top1 boost16,2018-05-31,2018-06-30,XLK,KSA,1
current_best country_only bucket8% top1 boost16,2018-06-30,2018-07-31,XLK,KSA,1
current_best country_only bucket8% top1 boost16,2018-07-31,2018-08-31,SPMO,QAT,1
current_best country_only bucket8% top1 boost16,2018-08-31,2018-09-30,XLK,EIS,1
current_best country_only bucket8% top1 boost16,2018-09-30,2018-10-31,SPMO,QAT,1
current_best country_only bucket8% top1 boost16,2018-10-31,2018-11-30,BIL,QAT,1
current_best country_only bucket8% top1 boost16,2018-11-30,2018-12-31,IEF,QAT,1
current_best country_only bucket8% top1 boost16,2018-12-31,2019-01-31,IEF,EIDO,1
current_best country_only bucket8% top1 boost16,2019-01-31,2019-02-28,IEF,EWZ,1
current_best country_only bucket8% top1 boost16,2019-02-28,2019-03-31,SPMO,ARGT,1
current_best country_only bucket8% top1 boost16,2019-03-31,2019-04-30,XLK,MCHI,1
current_best country_only bucket8% top1 boost16,2019-04-30,2019-05-31,XLK,KSA,1
current_best country_only bucket8% top1 boost16,2019-05-31,2019-06-30,INDA,GREK,1
current_best country_only bucket8% top1 boost16,2019-06-30,2019-07-31,MTUM,ARGT,1
current_best country_only bucket8% top1 boost16,2019-07-31,2019-08-31,XLK,GREK,1
current_best country_only bucket8% top1 boost16,2019-08-31,2019-09-30,IEF,EGPT,1
current_best country_only bucket8% top1 boost16,2019-09-30,2019-10-31,EWJ,TUR,1
current_best country_only bucket8% top1 boost16,2019-10-31,2019-11-30,EWJ,EWT,1
current_best country_only bucket8% top1 boost16,2019-11-30,2019-12-31,XLK,PAK,1
current_best country_only bucket8% top1 boost16,2019-12-31,2020-01-31,XLK,EWT,1
current_best country_only bucket8% top1 boost16,2020-01-31,2020-02-29,XLK,EDEN,1
current_best country_only bucket8% top1 boost16,2020-02-29,2020-03-31,IEF,,0
current_best country_only bucket8% top1 boost16,2020-03-31,2020-04-30,IEF,,0
current_best country_only bucket8% top1 boost16,2020-04-30,2020-05-31,IEF,,0
current_best country_only bucket8% top1 boost16,2020-05-31,2020-06-30,SCHG,EDEN,1
current_best country_only bucket8% top1 boost16,2020-06-30,2020-07-31,XLK,KWEB,1
current_best country_only bucket8% top1 boost16,2020-07-31,2020-08-31,XLK,ARGT,1
current_best country_only bucket8% top1 boost16,2020-08-31,2020-09-30,XLK,KWEB,1
current_best country_only bucket8% top1 boost16,2020-09-30,2020-10-31,XLK,EWY,1
current_best country_only bucket8% top1 boost16,2020-10-31,2020-11-30,EWY,MCHI,1
current_best country_only bucket8% top1 boost16,2020-11-30,2020-12-31,EWY,EWY,1
current_best country_only bucket8% top1 boost16,2020-12-31,2021-01-31,EWY,GXG,1
current_best country_only bucket8% top1 boost16,2021-01-31,2021-02-28,EWY,KWEB,1
current_best country_only bucket8% top1 boost16,2021-02-28,2021-03-31,EWY,EWT,1
current_best country_only bucket8% top1 boost16,2021-03-31,2021-04-30,XLK,GREK,1
current_best country_only bucket8% top1 boost16,2021-04-30,2021-05-31,SCHG,KSA,1
current_best country_only bucket8% top1 boost16,2021-05-31,2021-06-30,INDA,EPOL,1
current_best country_only bucket8% top1 boost16,2021-06-30,2021-07-31,SPMO,VNM,1
current_best country_only bucket8% top1 boost16,2021-07-31,2021-08-31,XLK,EDEN,1
current_best country_only bucket8% top1 boost16,2021-08-31,2021-09-30,INDA,ARGT,1
current_best country_only bucket8% top1 boost16,2021-09-30,2021-10-31,INDA,EPI,1
current_best country_only bucket8% top1 boost16,2021-10-31,2021-11-30,SCHG,EIS,1
current_best country_only bucket8% top1 boost16,2021-11-30,2021-12-31,XLK,UAE,1
current_best country_only bucket8% top1 boost16,2021-12-31,2022-01-31,XLK,EGPT,1
current_best country_only bucket8% top1 boost16,2022-01-31,2022-02-28,,EPU,1
current_best country_only bucket8% top1 boost16,2022-02-28,2022-03-31,,EPU,1
current_best country_only bucket8% top1 boost16,2022-03-31,2022-04-30,BIL,EWZ,1
current_best country_only bucket8% top1 boost16,2022-04-30,2022-05-31,BIL,KSA,1
current_best country_only bucket8% top1 boost16,2022-05-31,2022-06-30,BIL,ECH,1
current_best country_only bucket8% top1 boost16,2022-06-30,2022-07-31,BIL,,0
current_best country_only bucket8% top1 boost16,2022-07-31,2022-08-31,BIL,DXJ,1
current_best country_only bucket8% top1 boost16,2022-08-31,2022-09-30,BIL,ECH,1
current_best country_only bucket8% top1 boost16,2022-09-30,2022-10-31,BIL,TUR,1
current_best country_only bucket8% top1 boost16,2022-10-31,2022-11-30,MTUM,TUR,1
current_best country_only bucket8% top1 boost16,2022-11-30,2022-12-31,MTUM,TUR,1
current_best country_only bucket8% top1 boost16,2022-12-31,2023-01-31,BIL,TUR,1
current_best country_only bucket8% top1 boost16,2023-01-31,2023-02-28,EWY,ARGT,1
current_best country_only bucket8% top1 boost16,2023-02-28,2023-03-31,XLK,GREK,1
current_best country_only bucket8% top1 boost16,2023-03-31,2023-04-30,XLK,EDEN,1
current_best country_only bucket8% top1 boost16,2023-04-30,2023-05-31,XLK,EIRL,1
current_best country_only bucket8% top1 boost16,2023-05-31,2023-06-30,XLK,GREK,1
current_best country_only bucket8% top1 boost16,2023-06-30,2023-07-31,XLK,GREK,1
current_best country_only bucket8% top1 boost16,2023-07-31,2023-08-31,SCHG,EPOL,1
current_best country_only bucket8% top1 boost16,2023-08-31,2023-09-30,XLK,VNM,1
current_best country_only bucket8% top1 boost16,2023-09-30,2023-10-31,SPMO,EGPT,1
current_best country_only bucket8% top1 boost16,2023-10-31,2023-11-30,BIL,EGPT,1
current_best country_only bucket8% top1 boost16,2023-11-30,2023-12-31,XLK,PAK,1
current_best country_only bucket8% top1 boost16,2023-12-31,2024-01-31,XLK,EWD,1
current_best country_only bucket8% top1 boost16,2024-01-31,2024-02-29,SPMO,EGPT,1
current_best country_only bucket8% top1 boost16,2024-02-29,2024-03-31,SPMO,EIS,1
current_best country_only bucket8% top1 boost16,2024-03-31,2024-04-30,SPMO,EPU,1
current_best country_only bucket8% top1 boost16,2024-04-30,2024-05-31,INDA,EPU,1
current_best country_only bucket8% top1 boost16,2024-05-31,2024-06-30,SPMO,EPU,1
current_best country_only bucket8% top1 boost16,2024-06-30,2024-07-31,SPMO,EWT,1
current_best country_only bucket8% top1 boost16,2024-07-31,2024-08-31,INDA,EZA,1
current_best country_only bucket8% top1 boost16,2024-08-31,2024-09-30,SPMO,EWM,1
current_best country_only bucket8% top1 boost16,2024-09-30,2024-10-31,SPMO,KWEB,1
current_best country_only bucket8% top1 boost16,2024-10-31,2024-11-30,MTUM,ARGT,1
current_best country_only bucket8% top1 boost16,2024-11-30,2024-12-31,MTUM,ARGT,1
current_best country_only bucket8% top1 boost16,2024-12-31,2025-01-31,SCHG,ARGT,1
current_best country_only bucket8% top1 boost16,2025-01-31,2025-02-28,SPMO,GXG,1
current_best country_only bucket8% top1 boost16,2025-02-28,2025-03-31,SPMO,GXG,1
current_best country_only bucket8% top1 boost16,2025-03-31,2025-04-30,IEF,EPOL,1
current_best country_only bucket8% top1 boost16,2025-04-30,2025-05-31,EWJ,GREK,1
current_best country_only bucket8% top1 boost16,2025-05-31,2025-06-30,SPMO,GREK,1
current_best country_only bucket8% top1 boost16,2025-06-30,2025-07-31,EWY,GREK,1
current_best country_only bucket8% top1 boost16,2025-07-31,2025-08-31,XLK,VNM,1
current_best country_only bucket8% top1 boost16,2025-08-31,2025-09-30,SCHG,VNM,1
current_best country_only bucket8% top1 boost16,2025-09-30,2025-10-31,EWY,EPU,1
current_best country_only bucket8% top1 boost16,2025-10-31,2025-11-30,EWY,EWY,1
current_best country_only bucket8% top1 boost16,2025-11-30,2025-12-31,EWY,ECH,1
current_best country_only bucket8% top1 boost16,2025-12-31,2026-01-31,EWY,EPU,1
current_best country_only bucket8% top1 boost16,2026-01-31,2026-02-28,EWY,EWY,1
current_best country_only bucket8% top1 boost16,2026-02-28,2026-03-31,EWY,EWY,1
current_best country_only bucket8% top1 boost16,2026-03-31,2026-04-29,BIL,NORW,1
current_best country_only bucket8% top2 boost16,2016-09-30,2016-10-31,EWY,"KWEB,EWT",2
current_best country_only bucket8% top2 boost16,2016-10-31,2016-11-30,EWJ,"EWZ,DXJ",2
current_best country_only bucket8% top2 boost16,2016-11-30,2016-12-31,,"DXJ,KSA",2
current_best country_only bucket8% top2 boost16,2016-12-31,2017-01-31,SPMO,"PAK,KSA",2
current_best country_only bucket8% top2 boost16,2017-01-31,2017-02-28,XLK,"EPOL,EWZ",2
current_best country_only bucket8% top2 boost16,2017-02-28,2017-03-31,SCHG,"EPOL,EWS",2
current_best country_only bucket8% top2 boost16,2017-03-31,2017-04-30,INDA,"ARGT,EPI",2
current_best country_only bucket8% top2 boost16,2017-04-30,2017-05-31,EWY,"EPOL,KWEB",2
current_best country_only bucket8% top2 boost16,2017-05-31,2017-06-30,EWY,"TUR,EDEN",2
current_best country_only bucket8% top2 boost16,2017-06-30,2017-07-31,EWY,"GREK,EWI",2
current_best country_only bucket8% top2 boost16,2017-07-31,2017-08-31,INDA,"KWEB,TUR",2
current_best country_only bucket8% top2 boost16,2017-08-31,2017-09-30,XLK,"MCHI,KWEB",2
current_best country_only bucket8% top2 boost16,2017-09-30,2017-10-31,MTUM,"MCHI,THD",2
current_best country_only bucket8% top2 boost16,2017-10-31,2017-11-30,XLK,"EPU,EGPT",2
current_best country_only bucket8% top2 boost16,2017-11-30,2017-12-31,SPMO,"VNM,EGPT",2
current_best country_only bucket8% top2 boost16,2017-12-31,2018-01-31,SPMO,"VNM,EZA",2
current_best country_only bucket8% top2 boost16,2018-01-31,2018-02-28,SPMO,"GREK,VNM",2
current_best country_only bucket8% top2 boost16,2018-02-28,2018-03-31,SPMO,"VNM,THD",2
current_best country_only bucket8% top2 boost16,2018-03-31,2018-04-30,BIL,"EGPT,KSA",2
current_best country_only bucket8% top2 boost16,2018-04-30,2018-05-31,EWY,"KSA,EGPT",2
current_best country_only bucket8% top2 boost16,2018-05-31,2018-06-30,XLK,"KSA,QAT",2
current_best country_only bucket8% top2 boost16,2018-06-30,2018-07-31,XLK,"KSA,EWC",2
current_best country_only bucket8% top2 boost16,2018-07-31,2018-08-31,SPMO,"QAT,INDA",2
current_best country_only bucket8% top2 boost16,2018-08-31,2018-09-30,XLK,"EIS,QAT",2
current_best country_only bucket8% top2 boost16,2018-09-30,2018-10-31,SPMO,"QAT,DXJ",2
current_best country_only bucket8% top2 boost16,2018-10-31,2018-11-30,BIL,"QAT,EWZ",2
current_best country_only bucket8% top2 boost16,2018-11-30,2018-12-31,IEF,"QAT,EIDO",2
current_best country_only bucket8% top2 boost16,2018-12-31,2019-01-31,IEF,"EIDO,EWZ",2
current_best country_only bucket8% top2 boost16,2019-01-31,2019-02-28,IEF,"EWZ,KSA",2
current_best country_only bucket8% top2 boost16,2019-02-28,2019-03-31,SPMO,"ARGT,KWEB",2
current_best country_only bucket8% top2 boost16,2019-03-31,2019-04-30,XLK,"MCHI,GREK",2
current_best country_only bucket8% top2 boost16,2019-04-30,2019-05-31,XLK,"KSA,EWN",2
current_best country_only bucket8% top2 boost16,2019-05-31,2019-06-30,INDA,"GREK,INDA",2
current_best country_only bucket8% top2 boost16,2019-06-30,2019-07-31,MTUM,"ARGT,GREK",2
current_best country_only bucket8% top2 boost16,2019-07-31,2019-08-31,XLK,"GREK,TUR",2
current_best country_only bucket8% top2 boost16,2019-08-31,2019-09-30,IEF,"EGPT,TUR",2
current_best country_only bucket8% top2 boost16,2019-09-30,2019-10-31,EWJ,"TUR,EWJ",2
current_best country_only bucket8% top2 boost16,2019-10-31,2019-11-30,EWJ,"EWT,DXJ",2
current_best country_only bucket8% top2 boost16,2019-11-30,2019-12-31,XLK,"PAK,EIRL",2
current_best country_only bucket8% top2 boost16,2019-12-31,2020-01-31,XLK,"EWT,EWZ",2
current_best country_only bucket8% top2 boost16,2020-01-31,2020-02-29,XLK,"EDEN,EWL",2
current_best country_only bucket8% top2 boost16,2020-02-29,2020-03-31,IEF,,0
current_best country_only bucket8% top2 boost16,2020-03-31,2020-04-30,IEF,,0
current_best country_only bucket8% top2 boost16,2020-04-30,2020-05-31,IEF,,0
current_best country_only bucket8% top2 boost16,2020-05-31,2020-06-30,SCHG,"EDEN,KWEB",2
current_best country_only bucket8% top2 boost16,2020-06-30,2020-07-31,XLK,"KWEB,EWN",2
current_best country_only bucket8% top2 boost16,2020-07-31,2020-08-31,XLK,"ARGT,EWT",2
current_best country_only bucket8% top2 boost16,2020-08-31,2020-09-30,XLK,"KWEB,NORW",2
current_best country_only bucket8% top2 boost16,2020-09-30,2020-10-31,XLK,"EWY,KWEB",2
current_best country_only bucket8% top2 boost16,2020-10-31,2020-11-30,EWY,"MCHI,KWEB",2
current_best country_only bucket8% top2 boost16,2020-11-30,2020-12-31,EWY,"EWY,EWW",2
current_best country_only bucket8% top2 boost16,2020-12-31,2021-01-31,EWY,"GXG,EWY",2
current_best country_only bucket8% top2 boost16,2021-01-31,2021-02-28,EWY,"KWEB,EWT",2
current_best country_only bucket8% top2 boost16,2021-02-28,2021-03-31,EWY,"EWT,EPI",2
current_best country_only bucket8% top2 boost16,2021-03-31,2021-04-30,XLK,"GREK,EWT",2
current_best country_only bucket8% top2 boost16,2021-04-30,2021-05-31,SCHG,"KSA,EWT",2
current_best country_only bucket8% top2 boost16,2021-05-31,2021-06-30,INDA,"EPOL,EWC",2
current_best country_only bucket8% top2 boost16,2021-06-30,2021-07-31,SPMO,"VNM,EWZ",2
current_best country_only bucket8% top2 boost16,2021-07-31,2021-08-31,XLK,"EDEN,KSA",2
current_best country_only bucket8% top2 boost16,2021-08-31,2021-09-30,INDA,"ARGT,INDA",2
current_best country_only bucket8% top2 boost16,2021-09-30,2021-10-31,INDA,"EPI,INDA",2
current_best country_only bucket8% top2 boost16,2021-10-31,2021-11-30,SCHG,"EIS,EIDO",2
current_best country_only bucket8% top2 boost16,2021-11-30,2021-12-31,XLK,"UAE,VNM",2
current_best country_only bucket8% top2 boost16,2021-12-31,2022-01-31,XLK,"EGPT,VNM",2
current_best country_only bucket8% top2 boost16,2022-01-31,2022-02-28,,"EPU,KSA",2
current_best country_only bucket8% top2 boost16,2022-02-28,2022-03-31,,"EPU,UAE",2
current_best country_only bucket8% top2 boost16,2022-03-31,2022-04-30,BIL,"EWZ,EWW",2
current_best country_only bucket8% top2 boost16,2022-04-30,2022-05-31,BIL,"KSA,UAE",2
current_best country_only bucket8% top2 boost16,2022-05-31,2022-06-30,BIL,"ECH,EIDO",2
current_best country_only bucket8% top2 boost16,2022-06-30,2022-07-31,BIL,,0
current_best country_only bucket8% top2 boost16,2022-07-31,2022-08-31,BIL,DXJ,1
current_best country_only bucket8% top2 boost16,2022-08-31,2022-09-30,BIL,"ECH,TUR",2
current_best country_only bucket8% top2 boost16,2022-09-30,2022-10-31,BIL,TUR,1
current_best country_only bucket8% top2 boost16,2022-10-31,2022-11-30,MTUM,"TUR,EWW",2
current_best country_only bucket8% top2 boost16,2022-11-30,2022-12-31,MTUM,"TUR,EWI",2
current_best country_only bucket8% top2 boost16,2022-12-31,2023-01-31,BIL,"TUR,EPOL",2
current_best country_only bucket8% top2 boost16,2023-01-31,2023-02-28,EWY,"ARGT,GREK",2
current_best country_only bucket8% top2 boost16,2023-02-28,2023-03-31,XLK,"GREK,ARGT",2
current_best country_only bucket8% top2 boost16,2023-03-31,2023-04-30,XLK,"EDEN,EIRL",2
current_best country_only bucket8% top2 boost16,2023-04-30,2023-05-31,XLK,"EIRL,EPOL",2
current_best country_only bucket8% top2 boost16,2023-05-31,2023-06-30,XLK,"GREK,DXJ",2
current_best country_only bucket8% top2 boost16,2023-06-30,2023-07-31,XLK,"GREK,ARGT",2
current_best country_only bucket8% top2 boost16,2023-07-31,2023-08-31,SCHG,"EPOL,VNM",2
current_best country_only bucket8% top2 boost16,2023-08-31,2023-09-30,XLK,"VNM,TUR",2
current_best country_only bucket8% top2 boost16,2023-09-30,2023-10-31,SPMO,"EGPT,DXJ",2
current_best country_only bucket8% top2 boost16,2023-10-31,2023-11-30,BIL,"EGPT,PAK",2
current_best country_only bucket8% top2 boost16,2023-11-30,2023-12-31,XLK,"PAK,ARGT",2
current_best country_only bucket8% top2 boost16,2023-12-31,2024-01-31,XLK,"EWD,EWZ",2
current_best country_only bucket8% top2 boost16,2024-01-31,2024-02-29,SPMO,"EGPT,EPI",2
current_best country_only bucket8% top2 boost16,2024-02-29,2024-03-31,SPMO,"EIS,DXJ",2
current_best country_only bucket8% top2 boost16,2024-03-31,2024-04-30,SPMO,"EPU,DXJ",2
current_best country_only bucket8% top2 boost16,2024-04-30,2024-05-31,INDA,"EPU,TUR",2
current_best country_only bucket8% top2 boost16,2024-05-31,2024-06-30,SPMO,"EPU,TUR",2
current_best country_only bucket8% top2 boost16,2024-06-30,2024-07-31,SPMO,"EWT,EZA",2
current_best country_only bucket8% top2 boost16,2024-07-31,2024-08-31,INDA,"EZA,EPI",2
current_best country_only bucket8% top2 boost16,2024-08-31,2024-09-30,SPMO,"EWM,ARGT",2
current_best country_only bucket8% top2 boost16,2024-09-30,2024-10-31,SPMO,"KWEB,EZA",2
current_best country_only bucket8% top2 boost16,2024-10-31,2024-11-30,MTUM,"ARGT,EZA",2
current_best country_only bucket8% top2 boost16,2024-11-30,2024-12-31,MTUM,"ARGT,EIS",2
current_best country_only bucket8% top2 boost16,2024-12-31,2025-01-31,SCHG,"ARGT,EIS",2
current_best country_only bucket8% top2 boost16,2025-01-31,2025-02-28,SPMO,"GXG,EIS",2
current_best country_only bucket8% top2 boost16,2025-02-28,2025-03-31,SPMO,"GXG,EPOL",2
current_best country_only bucket8% top2 boost16,2025-03-31,2025-04-30,IEF,"EPOL,GREK",2
current_best country_only bucket8% top2 boost16,2025-04-30,2025-05-31,EWJ,"GREK,EWP",2
current_best country_only bucket8% top2 boost16,2025-05-31,2025-06-30,SPMO,"GREK,EWP",2
current_best country_only bucket8% top2 boost16,2025-06-30,2025-07-31,EWY,"GREK,EWY",2
current_best country_only bucket8% top2 boost16,2025-07-31,2025-08-31,XLK,"VNM,UAE",2
current_best country_only bucket8% top2 boost16,2025-08-31,2025-09-30,SCHG,"VNM,EPU",2
current_best country_only bucket8% top2 boost16,2025-09-30,2025-10-31,EWY,"EPU,EZA",2
current_best country_only bucket8% top2 boost16,2025-10-31,2025-11-30,EWY,"EWY,GXG",2
current_best country_only bucket8% top2 boost16,2025-11-30,2025-12-31,EWY,"ECH,EPU",2
current_best country_only bucket8% top2 boost16,2025-12-31,2026-01-31,EWY,"EPU,EZA",2
current_best country_only bucket8% top2 boost16,2026-01-31,2026-02-28,EWY,"EWY,EPU",2
current_best country_only bucket8% top2 boost16,2026-02-28,2026-03-31,EWY,"EWY,EPU",2
current_best country_only bucket8% top2 boost16,2026-03-31,2026-04-29,BIL,"NORW,EWZ",2
current_best country_only bucket8% top3 boost16,2016-09-30,2016-10-31,EWY,"KWEB,EWT,ARGT",3
current_best country_only bucket8% top3 boost16,2016-10-31,2016-11-30,EWJ,"EWZ,DXJ,ECH",3
current_best country_only bucket8% top3 boost16,2016-11-30,2016-12-31,,"DXJ,KSA,GREK",3
current_best country_only bucket8% top3 boost16,2016-12-31,2017-01-31,SPMO,"PAK,KSA,EWI",3
current_best country_only bucket8% top3 boost16,2017-01-31,2017-02-28,XLK,"EPOL,EWZ,ARGT",3
current_best country_only bucket8% top3 boost16,2017-02-28,2017-03-31,SCHG,"EPOL,EWS,EIS",3
current_best country_only bucket8% top3 boost16,2017-03-31,2017-04-30,INDA,"ARGT,EPI,EWP",3
current_best country_only bucket8% top3 boost16,2017-04-30,2017-05-31,EWY,"EPOL,KWEB,EWP",3
current_best country_only bucket8% top3 boost16,2017-05-31,2017-06-30,EWY,"TUR,EDEN,EWY",3
current_best country_only bucket8% top3 boost16,2017-06-30,2017-07-31,EWY,"GREK,EWI,TUR",3
current_best country_only bucket8% top3 boost16,2017-07-31,2017-08-31,INDA,"KWEB,TUR,MCHI",3
current_best country_only bucket8% top3 boost16,2017-08-31,2017-09-30,XLK,"MCHI,KWEB,EPOL",3
current_best country_only bucket8% top3 boost16,2017-09-30,2017-10-31,MTUM,"MCHI,THD,EPU",3
current_best country_only bucket8% top3 boost16,2017-10-31,2017-11-30,XLK,"EPU,EGPT,DXJ",3
current_best country_only bucket8% top3 boost16,2017-11-30,2017-12-31,SPMO,"VNM,EGPT,THD",3
current_best country_only bucket8% top3 boost16,2017-12-31,2018-01-31,SPMO,"VNM,EZA,ARGT",3
current_best country_only bucket8% top3 boost16,2018-01-31,2018-02-28,SPMO,"GREK,VNM,ARGT",3
current_best country_only bucket8% top3 boost16,2018-02-28,2018-03-31,SPMO,"VNM,THD,KWEB",3
current_best country_only bucket8% top3 boost16,2018-03-31,2018-04-30,BIL,"EGPT,KSA,EWM",3
current_best country_only bucket8% top3 boost16,2018-04-30,2018-05-31,EWY,"KSA,EGPT,EPU",3
current_best country_only bucket8% top3 boost16,2018-05-31,2018-06-30,XLK,"KSA,QAT",2
current_best country_only bucket8% top3 boost16,2018-06-30,2018-07-31,XLK,"KSA,EWC,ENZL",3
current_best country_only bucket8% top3 boost16,2018-07-31,2018-08-31,SPMO,"QAT,INDA,EWL",3
current_best country_only bucket8% top3 boost16,2018-08-31,2018-09-30,XLK,"EIS,QAT,EWL",3
current_best country_only bucket8% top3 boost16,2018-09-30,2018-10-31,SPMO,"QAT,DXJ,THD",3
current_best country_only bucket8% top3 boost16,2018-10-31,2018-11-30,BIL,"QAT,EWZ",2
current_best country_only bucket8% top3 boost16,2018-11-30,2018-12-31,IEF,"QAT,EIDO,EWZ",3
current_best country_only bucket8% top3 boost16,2018-12-31,2019-01-31,IEF,"EIDO,EWZ,QAT",3
current_best country_only bucket8% top3 boost16,2019-01-31,2019-02-28,IEF,"EWZ,KSA,TUR",3
current_best country_only bucket8% top3 boost16,2019-02-28,2019-03-31,SPMO,"ARGT,KWEB,GXG",3
current_best country_only bucket8% top3 boost16,2019-03-31,2019-04-30,XLK,"MCHI,GREK,EPI",3
current_best country_only bucket8% top3 boost16,2019-04-30,2019-05-31,XLK,"KSA,EWN,GREK",3
current_best country_only bucket8% top3 boost16,2019-05-31,2019-06-30,INDA,"GREK,INDA,EPI",3
current_best country_only bucket8% top3 boost16,2019-06-30,2019-07-31,MTUM,"ARGT,GREK,ENZL",3
current_best country_only bucket8% top3 boost16,2019-07-31,2019-08-31,XLK,"GREK,TUR,ENZL",3
current_best country_only bucket8% top3 boost16,2019-08-31,2019-09-30,IEF,"EGPT,TUR",2
current_best country_only bucket8% top3 boost16,2019-09-30,2019-10-31,EWJ,"TUR,EWJ,DXJ",3
current_best country_only bucket8% top3 boost16,2019-10-31,2019-11-30,EWJ,"EWT,DXJ,EWD",3
current_best country_only bucket8% top3 boost16,2019-11-30,2019-12-31,XLK,"PAK,EIRL,EIS",3
current_best country_only bucket8% top3 boost16,2019-12-31,2020-01-31,XLK,"EWT,EWZ,EWY",3
current_best country_only bucket8% top3 boost16,2020-01-31,2020-02-29,XLK,"EDEN,EWL,EIS",3
current_best country_only bucket8% top3 boost16,2020-02-29,2020-03-31,IEF,,0
current_best country_only bucket8% top3 boost16,2020-03-31,2020-04-30,IEF,,0
current_best country_only bucket8% top3 boost16,2020-04-30,2020-05-31,IEF,,0
current_best country_only bucket8% top3 boost16,2020-05-31,2020-06-30,SCHG,"EDEN,KWEB",2
current_best country_only bucket8% top3 boost16,2020-06-30,2020-07-31,XLK,"KWEB,EWN,EDEN",3
current_best country_only bucket8% top3 boost16,2020-07-31,2020-08-31,XLK,"ARGT,EWT,EPU",3
current_best country_only bucket8% top3 boost16,2020-08-31,2020-09-30,XLK,"KWEB,NORW,EDEN",3
current_best country_only bucket8% top3 boost16,2020-09-30,2020-10-31,XLK,"EWY,KWEB,EPI",3
current_best country_only bucket8% top3 boost16,2020-10-31,2020-11-30,EWY,"MCHI,KWEB,EWT",3
current_best country_only bucket8% top3 boost16,2020-11-30,2020-12-31,EWY,"EWY,EWW,EIRL",3
current_best country_only bucket8% top3 boost16,2020-12-31,2021-01-31,EWY,"GXG,EWY,TUR",3
current_best country_only bucket8% top3 boost16,2021-01-31,2021-02-28,EWY,"KWEB,EWT,EWY",3
current_best country_only bucket8% top3 boost16,2021-02-28,2021-03-31,EWY,"EWT,EPI,EPU",3
current_best country_only bucket8% top3 boost16,2021-03-31,2021-04-30,XLK,"GREK,EWT,EWN",3
current_best country_only bucket8% top3 boost16,2021-04-30,2021-05-31,SCHG,"KSA,EWT,GREK",3
current_best country_only bucket8% top3 boost16,2021-05-31,2021-06-30,INDA,"EPOL,EWC,KSA",3
current_best country_only bucket8% top3 boost16,2021-06-30,2021-07-31,SPMO,"VNM,EWZ,KSA",3
current_best country_only bucket8% top3 boost16,2021-07-31,2021-08-31,XLK,"EDEN,KSA,EWL",3
current_best country_only bucket8% top3 boost16,2021-08-31,2021-09-30,INDA,"ARGT,INDA,EPI",3
current_best country_only bucket8% top3 boost16,2021-09-30,2021-10-31,INDA,"EPI,INDA,KSA",3
current_best country_only bucket8% top3 boost16,2021-10-31,2021-11-30,SCHG,"EIS,EIDO,KSA",3
current_best country_only bucket8% top3 boost16,2021-11-30,2021-12-31,XLK,"UAE,VNM,EIDO",3
current_best country_only bucket8% top3 boost16,2021-12-31,2022-01-31,XLK,"EGPT,VNM,EPU",3
current_best country_only bucket8% top3 boost16,2022-01-31,2022-02-28,,"EPU,KSA,QAT",3
current_best country_only bucket8% top3 boost16,2022-02-28,2022-03-31,,"EPU,UAE,EZA",3
current_best country_only bucket8% top3 boost16,2022-03-31,2022-04-30,BIL,"EWZ,EWW,ARGT",3
current_best country_only bucket8% top3 boost16,2022-04-30,2022-05-31,BIL,"KSA,UAE,QAT",3
current_best country_only bucket8% top3 boost16,2022-05-31,2022-06-30,BIL,"ECH,EIDO,EWP",3
current_best country_only bucket8% top3 boost16,2022-06-30,2022-07-31,BIL,,0
current_best country_only bucket8% top3 boost16,2022-07-31,2022-08-31,BIL,DXJ,1
current_best country_only bucket8% top3 boost16,2022-08-31,2022-09-30,BIL,"ECH,TUR,DXJ",3
current_best country_only bucket8% top3 boost16,2022-09-30,2022-10-31,BIL,TUR,1
current_best country_only bucket8% top3 boost16,2022-10-31,2022-11-30,MTUM,"TUR,EWW,EWZ",3
current_best country_only bucket8% top3 boost16,2022-11-30,2022-12-31,MTUM,"TUR,EWI,EWG",3
current_best country_only bucket8% top3 boost16,2022-12-31,2023-01-31,BIL,"TUR,EPOL,GREK",3
current_best country_only bucket8% top3 boost16,2023-01-31,2023-02-28,EWY,"ARGT,GREK,EIRL",3
current_best country_only bucket8% top3 boost16,2023-02-28,2023-03-31,XLK,"GREK,ARGT,EWP",3
current_best country_only bucket8% top3 boost16,2023-03-31,2023-04-30,XLK,"EDEN,EIRL,EWQ",3
current_best country_only bucket8% top3 boost16,2023-04-30,2023-05-31,XLK,"EIRL,EPOL,EWQ",3
current_best country_only bucket8% top3 boost16,2023-05-31,2023-06-30,XLK,"GREK,DXJ,EWT",3
current_best country_only bucket8% top3 boost16,2023-06-30,2023-07-31,XLK,"GREK,ARGT,DXJ",3
current_best country_only bucket8% top3 boost16,2023-07-31,2023-08-31,SCHG,"EPOL,VNM,GXG",3
current_best country_only bucket8% top3 boost16,2023-08-31,2023-09-30,XLK,"VNM,TUR,ARGT",3
current_best country_only bucket8% top3 boost16,2023-09-30,2023-10-31,SPMO,"EGPT,DXJ,TUR",3
current_best country_only bucket8% top3 boost16,2023-10-31,2023-11-30,BIL,"EGPT,PAK,DXJ",3
current_best country_only bucket8% top3 boost16,2023-11-30,2023-12-31,XLK,"PAK,ARGT,EGPT",3
current_best country_only bucket8% top3 boost16,2023-12-31,2024-01-31,XLK,"EWD,EWZ,GXG",3
current_best country_only bucket8% top3 boost16,2024-01-31,2024-02-29,SPMO,"EGPT,EPI,EWN",3
current_best country_only bucket8% top3 boost16,2024-02-29,2024-03-31,SPMO,"EIS,DXJ,EIRL",3
current_best country_only bucket8% top3 boost16,2024-03-31,2024-04-30,SPMO,"EPU,DXJ,EIRL",3
current_best country_only bucket8% top3 boost16,2024-04-30,2024-05-31,INDA,"EPU,TUR,ARGT",3
current_best country_only bucket8% top3 boost16,2024-05-31,2024-06-30,SPMO,"EPU,TUR,EPOL",3
current_best country_only bucket8% top3 boost16,2024-06-30,2024-07-31,SPMO,"EWT,EZA,TUR",3
current_best country_only bucket8% top3 boost16,2024-07-31,2024-08-31,INDA,"EZA,EPI,INDA",3
current_best country_only bucket8% top3 boost16,2024-08-31,2024-09-30,SPMO,"EWM,ARGT,EIS",3
current_best country_only bucket8% top3 boost16,2024-09-30,2024-10-31,SPMO,"KWEB,EZA,MCHI",3
current_best country_only bucket8% top3 boost16,2024-10-31,2024-11-30,MTUM,"ARGT,EZA,EPU",3
current_best country_only bucket8% top3 boost16,2024-11-30,2024-12-31,MTUM,"ARGT,EIS,EWS",3
current_best country_only bucket8% top3 boost16,2024-12-31,2025-01-31,SCHG,"ARGT,EIS,UAE",3
current_best country_only bucket8% top3 boost16,2025-01-31,2025-02-28,SPMO,"GXG,EIS,EWG",3
current_best country_only bucket8% top3 boost16,2025-02-28,2025-03-31,SPMO,"GXG,EPOL,EWP",3
current_best country_only bucket8% top3 boost16,2025-03-31,2025-04-30,IEF,"EPOL,GREK,EWP",3
current_best country_only bucket8% top3 boost16,2025-04-30,2025-05-31,EWJ,"GREK,EWP,ECH",3
current_best country_only bucket8% top3 boost16,2025-05-31,2025-06-30,SPMO,"GREK,EWP,EWI",3
current_best country_only bucket8% top3 boost16,2025-06-30,2025-07-31,EWY,"GREK,EWY,EIS",3
current_best country_only bucket8% top3 boost16,2025-07-31,2025-08-31,XLK,"VNM,UAE,EWY",3
current_best country_only bucket8% top3 boost16,2025-08-31,2025-09-30,SCHG,"VNM,EPU,GXG",3
current_best country_only bucket8% top3 boost16,2025-09-30,2025-10-31,EWY,"EPU,EZA,KWEB",3
current_best country_only bucket8% top3 boost16,2025-10-31,2025-11-30,EWY,"EWY,GXG,EPU",3
current_best country_only bucket8% top3 boost16,2025-11-30,2025-12-31,EWY,"ECH,EPU,EWZ",3
current_best country_only bucket8% top3 boost16,2025-12-31,2026-01-31,EWY,"EPU,EZA,ECH",3
current_best country_only bucket8% top3 boost16,2026-01-31,2026-02-28,EWY,"EWY,EPU,GXG",3
current_best country_only bucket8% top3 boost16,2026-02-28,2026-03-31,EWY,"EWY,EPU,EZA",3
current_best country_only bucket8% top3 boost16,2026-03-31,2026-04-29,BIL,"NORW,EWZ,THD",3
current_best country_only bucket10% top1 boost16,2016-09-30,2016-10-31,EWY,KWEB,1
current_best country_only bucket10% top1 boost16,2016-10-31,2016-11-30,EWJ,EWZ,1
current_best country_only bucket10% top1 boost16,2016-11-30,2016-12-31,,DXJ,1
current_best country_only bucket10% top1 boost16,2016-12-31,2017-01-31,SPMO,PAK,1
current_best country_only bucket10% top1 boost16,2017-01-31,2017-02-28,XLK,EPOL,1
current_best country_only bucket10% top1 boost16,2017-02-28,2017-03-31,SCHG,EPOL,1
current_best country_only bucket10% top1 boost16,2017-03-31,2017-04-30,INDA,ARGT,1
current_best country_only bucket10% top1 boost16,2017-04-30,2017-05-31,EWY,EPOL,1
current_best country_only bucket10% top1 boost16,2017-05-31,2017-06-30,EWY,TUR,1
current_best country_only bucket10% top1 boost16,2017-06-30,2017-07-31,EWY,GREK,1
current_best country_only bucket10% top1 boost16,2017-07-31,2017-08-31,INDA,KWEB,1
current_best country_only bucket10% top1 boost16,2017-08-31,2017-09-30,XLK,MCHI,1
current_best country_only bucket10% top1 boost16,2017-09-30,2017-10-31,MTUM,MCHI,1
current_best country_only bucket10% top1 boost16,2017-10-31,2017-11-30,XLK,EPU,1
current_best country_only bucket10% top1 boost16,2017-11-30,2017-12-31,SPMO,VNM,1
current_best country_only bucket10% top1 boost16,2017-12-31,2018-01-31,SPMO,VNM,1
current_best country_only bucket10% top1 boost16,2018-01-31,2018-02-28,SPMO,GREK,1
current_best country_only bucket10% top1 boost16,2018-02-28,2018-03-31,SPMO,VNM,1
current_best country_only bucket10% top1 boost16,2018-03-31,2018-04-30,BIL,EGPT,1
current_best country_only bucket10% top1 boost16,2018-04-30,2018-05-31,EWY,KSA,1
current_best country_only bucket10% top1 boost16,2018-05-31,2018-06-30,XLK,KSA,1
current_best country_only bucket10% top1 boost16,2018-06-30,2018-07-31,XLK,KSA,1
current_best country_only bucket10% top1 boost16,2018-07-31,2018-08-31,SPMO,QAT,1
current_best country_only bucket10% top1 boost16,2018-08-31,2018-09-30,XLK,EIS,1
current_best country_only bucket10% top1 boost16,2018-09-30,2018-10-31,SPMO,QAT,1
current_best country_only bucket10% top1 boost16,2018-10-31,2018-11-30,BIL,QAT,1
current_best country_only bucket10% top1 boost16,2018-11-30,2018-12-31,IEF,QAT,1
current_best country_only bucket10% top1 boost16,2018-12-31,2019-01-31,IEF,EIDO,1
current_best country_only bucket10% top1 boost16,2019-01-31,2019-02-28,IEF,EWZ,1
current_best country_only bucket10% top1 boost16,2019-02-28,2019-03-31,SPMO,ARGT,1
current_best country_only bucket10% top1 boost16,2019-03-31,2019-04-30,XLK,MCHI,1
current_best country_only bucket10% top1 boost16,2019-04-30,2019-05-31,XLK,KSA,1
current_best country_only bucket10% top1 boost16,2019-05-31,2019-06-30,INDA,GREK,1
current_best country_only bucket10% top1 boost16,2019-06-30,2019-07-31,MTUM,ARGT,1
current_best country_only bucket10% top1 boost16,2019-07-31,2019-08-31,XLK,GREK,1
current_best country_only bucket10% top1 boost16,2019-08-31,2019-09-30,IEF,EGPT,1
current_best country_only bucket10% top1 boost16,2019-09-30,2019-10-31,EWJ,TUR,1
current_best country_only bucket10% top1 boost16,2019-10-31,2019-11-30,EWJ,EWT,1
current_best country_only bucket10% top1 boost16,2019-11-30,2019-12-31,XLK,PAK,1
current_best country_only bucket10% top1 boost16,2019-12-31,2020-01-31,XLK,EWT,1
current_best country_only bucket10% top1 boost16,2020-01-31,2020-02-29,XLK,EDEN,1
current_best country_only bucket10% top1 boost16,2020-02-29,2020-03-31,IEF,,0
current_best country_only bucket10% top1 boost16,2020-03-31,2020-04-30,IEF,,0
current_best country_only bucket10% top1 boost16,2020-04-30,2020-05-31,IEF,,0
current_best country_only bucket10% top1 boost16,2020-05-31,2020-06-30,SCHG,EDEN,1
current_best country_only bucket10% top1 boost16,2020-06-30,2020-07-31,XLK,KWEB,1
current_best country_only bucket10% top1 boost16,2020-07-31,2020-08-31,XLK,ARGT,1
current_best country_only bucket10% top1 boost16,2020-08-31,2020-09-30,XLK,KWEB,1
current_best country_only bucket10% top1 boost16,2020-09-30,2020-10-31,XLK,EWY,1
current_best country_only bucket10% top1 boost16,2020-10-31,2020-11-30,EWY,MCHI,1
current_best country_only bucket10% top1 boost16,2020-11-30,2020-12-31,EWY,EWY,1
current_best country_only bucket10% top1 boost16,2020-12-31,2021-01-31,EWY,GXG,1
current_best country_only bucket10% top1 boost16,2021-01-31,2021-02-28,EWY,KWEB,1
current_best country_only bucket10% top1 boost16,2021-02-28,2021-03-31,EWY,EWT,1
current_best country_only bucket10% top1 boost16,2021-03-31,2021-04-30,XLK,GREK,1
current_best country_only bucket10% top1 boost16,2021-04-30,2021-05-31,SCHG,KSA,1
current_best country_only bucket10% top1 boost16,2021-05-31,2021-06-30,INDA,EPOL,1
current_best country_only bucket10% top1 boost16,2021-06-30,2021-07-31,SPMO,VNM,1
current_best country_only bucket10% top1 boost16,2021-07-31,2021-08-31,XLK,EDEN,1
current_best country_only bucket10% top1 boost16,2021-08-31,2021-09-30,INDA,ARGT,1
current_best country_only bucket10% top1 boost16,2021-09-30,2021-10-31,INDA,EPI,1
current_best country_only bucket10% top1 boost16,2021-10-31,2021-11-30,SCHG,EIS,1
current_best country_only bucket10% top1 boost16,2021-11-30,2021-12-31,XLK,UAE,1
current_best country_only bucket10% top1 boost16,2021-12-31,2022-01-31,XLK,EGPT,1
current_best country_only bucket10% top1 boost16,2022-01-31,2022-02-28,,EPU,1
current_best country_only bucket10% top1 boost16,2022-02-28,2022-03-31,,EPU,1
current_best country_only bucket10% top1 boost16,2022-03-31,2022-04-30,BIL,EWZ,1
current_best country_only bucket10% top1 boost16,2022-04-30,2022-05-31,BIL,KSA,1
current_best country_only bucket10% top1 boost16,2022-05-31,2022-06-30,BIL,ECH,1
current_best country_only bucket10% top1 boost16,2022-06-30,2022-07-31,BIL,,0
current_best country_only bucket10% top1 boost16,2022-07-31,2022-08-31,BIL,DXJ,1
current_best country_only bucket10% top1 boost16,2022-08-31,2022-09-30,BIL,ECH,1
current_best country_only bucket10% top1 boost16,2022-09-30,2022-10-31,BIL,TUR,1
current_best country_only bucket10% top1 boost16,2022-10-31,2022-11-30,MTUM,TUR,1
current_best country_only bucket10% top1 boost16,2022-11-30,2022-12-31,MTUM,TUR,1
current_best country_only bucket10% top1 boost16,2022-12-31,2023-01-31,BIL,TUR,1
current_best country_only bucket10% top1 boost16,2023-01-31,2023-02-28,EWY,ARGT,1
current_best country_only bucket10% top1 boost16,2023-02-28,2023-03-31,XLK,GREK,1
current_best country_only bucket10% top1 boost16,2023-03-31,2023-04-30,XLK,EDEN,1
current_best country_only bucket10% top1 boost16,2023-04-30,2023-05-31,XLK,EIRL,1
current_best country_only bucket10% top1 boost16,2023-05-31,2023-06-30,XLK,GREK,1
current_best country_only bucket10% top1 boost16,2023-06-30,2023-07-31,XLK,GREK,1
current_best country_only bucket10% top1 boost16,2023-07-31,2023-08-31,SCHG,EPOL,1
current_best country_only bucket10% top1 boost16,2023-08-31,2023-09-30,XLK,VNM,1
current_best country_only bucket10% top1 boost16,2023-09-30,2023-10-31,SPMO,EGPT,1
current_best country_only bucket10% top1 boost16,2023-10-31,2023-11-30,BIL,EGPT,1
current_best country_only bucket10% top1 boost16,2023-11-30,2023-12-31,XLK,PAK,1
current_best country_only bucket10% top1 boost16,2023-12-31,2024-01-31,XLK,EWD,1
current_best country_only bucket10% top1 boost16,2024-01-31,2024-02-29,SPMO,EGPT,1
current_best country_only bucket10% top1 boost16,2024-02-29,2024-03-31,SPMO,EIS,1
current_best country_only bucket10% top1 boost16,2024-03-31,2024-04-30,SPMO,EPU,1
current_best country_only bucket10% top1 boost16,2024-04-30,2024-05-31,INDA,EPU,1
current_best country_only bucket10% top1 boost16,2024-05-31,2024-06-30,SPMO,EPU,1
current_best country_only bucket10% top1 boost16,2024-06-30,2024-07-31,SPMO,EWT,1
current_best country_only bucket10% top1 boost16,2024-07-31,2024-08-31,INDA,EZA,1
current_best country_only bucket10% top1 boost16,2024-08-31,2024-09-30,SPMO,EWM,1
current_best country_only bucket10% top1 boost16,2024-09-30,2024-10-31,SPMO,KWEB,1
current_best country_only bucket10% top1 boost16,2024-10-31,2024-11-30,MTUM,ARGT,1
current_best country_only bucket10% top1 boost16,2024-11-30,2024-12-31,MTUM,ARGT,1
current_best country_only bucket10% top1 boost16,2024-12-31,2025-01-31,SCHG,ARGT,1
current_best country_only bucket10% top1 boost16,2025-01-31,2025-02-28,SPMO,GXG,1
current_best country_only bucket10% top1 boost16,2025-02-28,2025-03-31,SPMO,GXG,1
current_best country_only bucket10% top1 boost16,2025-03-31,2025-04-30,IEF,EPOL,1
current_best country_only bucket10% top1 boost16,2025-04-30,2025-05-31,EWJ,GREK,1
current_best country_only bucket10% top1 boost16,2025-05-31,2025-06-30,SPMO,GREK,1
current_best country_only bucket10% top1 boost16,2025-06-30,2025-07-31,EWY,GREK,1
current_best country_only bucket10% top1 boost16,2025-07-31,2025-08-31,XLK,VNM,1
current_best country_only bucket10% top1 boost16,2025-08-31,2025-09-30,SCHG,VNM,1
current_best country_only bucket10% top1 boost16,2025-09-30,2025-10-31,EWY,EPU,1
current_best country_only bucket10% top1 boost16,2025-10-31,2025-11-30,EWY,EWY,1
current_best country_only bucket10% top1 boost16,2025-11-30,2025-12-31,EWY,ECH,1
current_best country_only bucket10% top1 boost16,2025-12-31,2026-01-31,EWY,EPU,1
current_best country_only bucket10% top1 boost16,2026-01-31,2026-02-28,EWY,EWY,1
current_best country_only bucket10% top1 boost16,2026-02-28,2026-03-31,EWY,EWY,1
current_best country_only bucket10% top1 boost16,2026-03-31,2026-04-29,BIL,NORW,1
current_best country_only bucket10% top2 boost16,2016-09-30,2016-10-31,EWY,"KWEB,EWT",2
current_best country_only bucket10% top2 boost16,2016-10-31,2016-11-30,EWJ,"EWZ,DXJ",2
current_best country_only bucket10% top2 boost16,2016-11-30,2016-12-31,,"DXJ,KSA",2
current_best country_only bucket10% top2 boost16,2016-12-31,2017-01-31,SPMO,"PAK,KSA",2
current_best country_only bucket10% top2 boost16,2017-01-31,2017-02-28,XLK,"EPOL,EWZ",2
current_best country_only bucket10% top2 boost16,2017-02-28,2017-03-31,SCHG,"EPOL,EWS",2
current_best country_only bucket10% top2 boost16,2017-03-31,2017-04-30,INDA,"ARGT,EPI",2
current_best country_only bucket10% top2 boost16,2017-04-30,2017-05-31,EWY,"EPOL,KWEB",2
current_best country_only bucket10% top2 boost16,2017-05-31,2017-06-30,EWY,"TUR,EDEN",2
current_best country_only bucket10% top2 boost16,2017-06-30,2017-07-31,EWY,"GREK,EWI",2
current_best country_only bucket10% top2 boost16,2017-07-31,2017-08-31,INDA,"KWEB,TUR",2
current_best country_only bucket10% top2 boost16,2017-08-31,2017-09-30,XLK,"MCHI,KWEB",2
current_best country_only bucket10% top2 boost16,2017-09-30,2017-10-31,MTUM,"MCHI,THD",2
current_best country_only bucket10% top2 boost16,2017-10-31,2017-11-30,XLK,"EPU,EGPT",2
current_best country_only bucket10% top2 boost16,2017-11-30,2017-12-31,SPMO,"VNM,EGPT",2
current_best country_only bucket10% top2 boost16,2017-12-31,2018-01-31,SPMO,"VNM,EZA",2
current_best country_only bucket10% top2 boost16,2018-01-31,2018-02-28,SPMO,"GREK,VNM",2
current_best country_only bucket10% top2 boost16,2018-02-28,2018-03-31,SPMO,"VNM,THD",2
current_best country_only bucket10% top2 boost16,2018-03-31,2018-04-30,BIL,"EGPT,KSA",2
current_best country_only bucket10% top2 boost16,2018-04-30,2018-05-31,EWY,"KSA,EGPT",2
current_best country_only bucket10% top2 boost16,2018-05-31,2018-06-30,XLK,"KSA,QAT",2
current_best country_only bucket10% top2 boost16,2018-06-30,2018-07-31,XLK,"KSA,EWC",2
current_best country_only bucket10% top2 boost16,2018-07-31,2018-08-31,SPMO,"QAT,INDA",2
current_best country_only bucket10% top2 boost16,2018-08-31,2018-09-30,XLK,"EIS,QAT",2
current_best country_only bucket10% top2 boost16,2018-09-30,2018-10-31,SPMO,"QAT,DXJ",2
current_best country_only bucket10% top2 boost16,2018-10-31,2018-11-30,BIL,"QAT,EWZ",2
current_best country_only bucket10% top2 boost16,2018-11-30,2018-12-31,IEF,"QAT,EIDO",2
current_best country_only bucket10% top2 boost16,2018-12-31,2019-01-31,IEF,"EIDO,EWZ",2
current_best country_only bucket10% top2 boost16,2019-01-31,2019-02-28,IEF,"EWZ,KSA",2
current_best country_only bucket10% top2 boost16,2019-02-28,2019-03-31,SPMO,"ARGT,KWEB",2
current_best country_only bucket10% top2 boost16,2019-03-31,2019-04-30,XLK,"MCHI,GREK",2
current_best country_only bucket10% top2 boost16,2019-04-30,2019-05-31,XLK,"KSA,EWN",2
current_best country_only bucket10% top2 boost16,2019-05-31,2019-06-30,INDA,"GREK,INDA",2
current_best country_only bucket10% top2 boost16,2019-06-30,2019-07-31,MTUM,"ARGT,GREK",2
current_best country_only bucket10% top2 boost16,2019-07-31,2019-08-31,XLK,"GREK,TUR",2
current_best country_only bucket10% top2 boost16,2019-08-31,2019-09-30,IEF,"EGPT,TUR",2
current_best country_only bucket10% top2 boost16,2019-09-30,2019-10-31,EWJ,"TUR,EWJ",2
current_best country_only bucket10% top2 boost16,2019-10-31,2019-11-30,EWJ,"EWT,DXJ",2
current_best country_only bucket10% top2 boost16,2019-11-30,2019-12-31,XLK,"PAK,EIRL",2
current_best country_only bucket10% top2 boost16,2019-12-31,2020-01-31,XLK,"EWT,EWZ",2
current_best country_only bucket10% top2 boost16,2020-01-31,2020-02-29,XLK,"EDEN,EWL",2
current_best country_only bucket10% top2 boost16,2020-02-29,2020-03-31,IEF,,0
current_best country_only bucket10% top2 boost16,2020-03-31,2020-04-30,IEF,,0
current_best country_only bucket10% top2 boost16,2020-04-30,2020-05-31,IEF,,0
current_best country_only bucket10% top2 boost16,2020-05-31,2020-06-30,SCHG,"EDEN,KWEB",2
current_best country_only bucket10% top2 boost16,2020-06-30,2020-07-31,XLK,"KWEB,EWN",2
current_best country_only bucket10% top2 boost16,2020-07-31,2020-08-31,XLK,"ARGT,EWT",2
current_best country_only bucket10% top2 boost16,2020-08-31,2020-09-30,XLK,"KWEB,NORW",2
current_best country_only bucket10% top2 boost16,2020-09-30,2020-10-31,XLK,"EWY,KWEB",2
current_best country_only bucket10% top2 boost16,2020-10-31,2020-11-30,EWY,"MCHI,KWEB",2
current_best country_only bucket10% top2 boost16,2020-11-30,2020-12-31,EWY,"EWY,EWW",2
current_best country_only bucket10% top2 boost16,2020-12-31,2021-01-31,EWY,"GXG,EWY",2
current_best country_only bucket10% top2 boost16,2021-01-31,2021-02-28,EWY,"KWEB,EWT",2
current_best country_only bucket10% top2 boost16,2021-02-28,2021-03-31,EWY,"EWT,EPI",2
current_best country_only bucket10% top2 boost16,2021-03-31,2021-04-30,XLK,"GREK,EWT",2
current_best country_only bucket10% top2 boost16,2021-04-30,2021-05-31,SCHG,"KSA,EWT",2
current_best country_only bucket10% top2 boost16,2021-05-31,2021-06-30,INDA,"EPOL,EWC",2
current_best country_only bucket10% top2 boost16,2021-06-30,2021-07-31,SPMO,"VNM,EWZ",2
current_best country_only bucket10% top2 boost16,2021-07-31,2021-08-31,XLK,"EDEN,KSA",2
current_best country_only bucket10% top2 boost16,2021-08-31,2021-09-30,INDA,"ARGT,INDA",2
current_best country_only bucket10% top2 boost16,2021-09-30,2021-10-31,INDA,"EPI,INDA",2
current_best country_only bucket10% top2 boost16,2021-10-31,2021-11-30,SCHG,"EIS,EIDO",2
current_best country_only bucket10% top2 boost16,2021-11-30,2021-12-31,XLK,"UAE,VNM",2
current_best country_only bucket10% top2 boost16,2021-12-31,2022-01-31,XLK,"EGPT,VNM",2
current_best country_only bucket10% top2 boost16,2022-01-31,2022-02-28,,"EPU,KSA",2
current_best country_only bucket10% top2 boost16,2022-02-28,2022-03-31,,"EPU,UAE",2
current_best country_only bucket10% top2 boost16,2022-03-31,2022-04-30,BIL,"EWZ,EWW",2
current_best country_only bucket10% top2 boost16,2022-04-30,2022-05-31,BIL,"KSA,UAE",2
current_best country_only bucket10% top2 boost16,2022-05-31,2022-06-30,BIL,"ECH,EIDO",2
current_best country_only bucket10% top2 boost16,2022-06-30,2022-07-31,BIL,,0
current_best country_only bucket10% top2 boost16,2022-07-31,2022-08-31,BIL,DXJ,1
current_best country_only bucket10% top2 boost16,2022-08-31,2022-09-30,BIL,"ECH,TUR",2
current_best country_only bucket10% top2 boost16,2022-09-30,2022-10-31,BIL,TUR,1
current_best country_only bucket10% top2 boost16,2022-10-31,2022-11-30,MTUM,"TUR,EWW",2
current_best country_only bucket10% top2 boost16,2022-11-30,2022-12-31,MTUM,"TUR,EWI",2
current_best country_only bucket10% top2 boost16,2022-12-31,2023-01-31,BIL,"TUR,EPOL",2
current_best country_only bucket10% top2 boost16,2023-01-31,2023-02-28,EWY,"ARGT,GREK",2
current_best country_only bucket10% top2 boost16,2023-02-28,2023-03-31,XLK,"GREK,ARGT",2
current_best country_only bucket10% top2 boost16,2023-03-31,2023-04-30,XLK,"EDEN,EIRL",2
current_best country_only bucket10% top2 boost16,2023-04-30,2023-05-31,XLK,"EIRL,EPOL",2
current_best country_only bucket10% top2 boost16,2023-05-31,2023-06-30,XLK,"GREK,DXJ",2
current_best country_only bucket10% top2 boost16,2023-06-30,2023-07-31,XLK,"GREK,ARGT",2
current_best country_only bucket10% top2 boost16,2023-07-31,2023-08-31,SCHG,"EPOL,VNM",2
current_best country_only bucket10% top2 boost16,2023-08-31,2023-09-30,XLK,"VNM,TUR",2
current_best country_only bucket10% top2 boost16,2023-09-30,2023-10-31,SPMO,"EGPT,DXJ",2
current_best country_only bucket10% top2 boost16,2023-10-31,2023-11-30,BIL,"EGPT,PAK",2
current_best country_only bucket10% top2 boost16,2023-11-30,2023-12-31,XLK,"PAK,ARGT",2
current_best country_only bucket10% top2 boost16,2023-12-31,2024-01-31,XLK,"EWD,EWZ",2
current_best country_only bucket10% top2 boost16,2024-01-31,2024-02-29,SPMO,"EGPT,EPI",2
current_best country_only bucket10% top2 boost16,2024-02-29,2024-03-31,SPMO,"EIS,DXJ",2
current_best country_only bucket10% top2 boost16,2024-03-31,2024-04-30,SPMO,"EPU,DXJ",2
current_best country_only bucket10% top2 boost16,2024-04-30,2024-05-31,INDA,"EPU,TUR",2
current_best country_only bucket10% top2 boost16,2024-05-31,2024-06-30,SPMO,"EPU,TUR",2
current_best country_only bucket10% top2 boost16,2024-06-30,2024-07-31,SPMO,"EWT,EZA",2
current_best country_only bucket10% top2 boost16,2024-07-31,2024-08-31,INDA,"EZA,EPI",2
current_best country_only bucket10% top2 boost16,2024-08-31,2024-09-30,SPMO,"EWM,ARGT",2
current_best country_only bucket10% top2 boost16,2024-09-30,2024-10-31,SPMO,"KWEB,EZA",2
current_best country_only bucket10% top2 boost16,2024-10-31,2024-11-30,MTUM,"ARGT,EZA",2
current_best country_only bucket10% top2 boost16,2024-11-30,2024-12-31,MTUM,"ARGT,EIS",2
current_best country_only bucket10% top2 boost16,2024-12-31,2025-01-31,SCHG,"ARGT,EIS",2
current_best country_only bucket10% top2 boost16,2025-01-31,2025-02-28,SPMO,"GXG,EIS",2
current_best country_only bucket10% top2 boost16,2025-02-28,2025-03-31,SPMO,"GXG,EPOL",2
current_best country_only bucket10% top2 boost16,2025-03-31,2025-04-30,IEF,"EPOL,GREK",2
current_best country_only bucket10% top2 boost16,2025-04-30,2025-05-31,EWJ,"GREK,EWP",2
current_best country_only bucket10% top2 boost16,2025-05-31,2025-06-30,SPMO,"GREK,EWP",2
current_best country_only bucket10% top2 boost16,2025-06-30,2025-07-31,EWY,"GREK,EWY",2
current_best country_only bucket10% top2 boost16,2025-07-31,2025-08-31,XLK,"VNM,UAE",2
current_best country_only bucket10% top2 boost16,2025-08-31,2025-09-30,SCHG,"VNM,EPU",2
current_best country_only bucket10% top2 boost16,2025-09-30,2025-10-31,EWY,"EPU,EZA",2
current_best country_only bucket10% top2 boost16,2025-10-31,2025-11-30,EWY,"EWY,GXG",2
current_best country_only bucket10% top2 boost16,2025-11-30,2025-12-31,EWY,"ECH,EPU",2
current_best country_only bucket10% top2 boost16,2025-12-31,2026-01-31,EWY,"EPU,EZA",2
current_best country_only bucket10% top2 boost16,2026-01-31,2026-02-28,EWY,"EWY,EPU",2
current_best country_only bucket10% top2 boost16,2026-02-28,2026-03-31,EWY,"EWY,EPU",2
current_best country_only bucket10% top2 boost16,2026-03-31,2026-04-29,BIL,"NORW,EWZ",2
current_best country_only bucket10% top3 boost16,2016-09-30,2016-10-31,EWY,"KWEB,EWT,ARGT",3
current_best country_only bucket10% top3 boost16,2016-10-31,2016-11-30,EWJ,"EWZ,DXJ,ECH",3
current_best country_only bucket10% top3 boost16,2016-11-30,2016-12-31,,"DXJ,KSA,GREK",3
current_best country_only bucket10% top3 boost16,2016-12-31,2017-01-31,SPMO,"PAK,KSA,EWI",3
current_best country_only bucket10% top3 boost16,2017-01-31,2017-02-28,XLK,"EPOL,EWZ,ARGT",3
current_best country_only bucket10% top3 boost16,2017-02-28,2017-03-31,SCHG,"EPOL,EWS,EIS",3
current_best country_only bucket10% top3 boost16,2017-03-31,2017-04-30,INDA,"ARGT,EPI,EWP",3
current_best country_only bucket10% top3 boost16,2017-04-30,2017-05-31,EWY,"EPOL,KWEB,EWP",3
current_best country_only bucket10% top3 boost16,2017-05-31,2017-06-30,EWY,"TUR,EDEN,EWY",3
current_best country_only bucket10% top3 boost16,2017-06-30,2017-07-31,EWY,"GREK,EWI,TUR",3
current_best country_only bucket10% top3 boost16,2017-07-31,2017-08-31,INDA,"KWEB,TUR,MCHI",3
current_best country_only bucket10% top3 boost16,2017-08-31,2017-09-30,XLK,"MCHI,KWEB,EPOL",3
current_best country_only bucket10% top3 boost16,2017-09-30,2017-10-31,MTUM,"MCHI,THD,EPU",3
current_best country_only bucket10% top3 boost16,2017-10-31,2017-11-30,XLK,"EPU,EGPT,DXJ",3
current_best country_only bucket10% top3 boost16,2017-11-30,2017-12-31,SPMO,"VNM,EGPT,THD",3
current_best country_only bucket10% top3 boost16,2017-12-31,2018-01-31,SPMO,"VNM,EZA,ARGT",3
current_best country_only bucket10% top3 boost16,2018-01-31,2018-02-28,SPMO,"GREK,VNM,ARGT",3
current_best country_only bucket10% top3 boost16,2018-02-28,2018-03-31,SPMO,"VNM,THD,KWEB",3
current_best country_only bucket10% top3 boost16,2018-03-31,2018-04-30,BIL,"EGPT,KSA,EWM",3
current_best country_only bucket10% top3 boost16,2018-04-30,2018-05-31,EWY,"KSA,EGPT,EPU",3
current_best country_only bucket10% top3 boost16,2018-05-31,2018-06-30,XLK,"KSA,QAT",2
current_best country_only bucket10% top3 boost16,2018-06-30,2018-07-31,XLK,"KSA,EWC,ENZL",3
current_best country_only bucket10% top3 boost16,2018-07-31,2018-08-31,SPMO,"QAT,INDA,EWL",3
current_best country_only bucket10% top3 boost16,2018-08-31,2018-09-30,XLK,"EIS,QAT,EWL",3
current_best country_only bucket10% top3 boost16,2018-09-30,2018-10-31,SPMO,"QAT,DXJ,THD",3
current_best country_only bucket10% top3 boost16,2018-10-31,2018-11-30,BIL,"QAT,EWZ",2
current_best country_only bucket10% top3 boost16,2018-11-30,2018-12-31,IEF,"QAT,EIDO,EWZ",3
current_best country_only bucket10% top3 boost16,2018-12-31,2019-01-31,IEF,"EIDO,EWZ,QAT",3
current_best country_only bucket10% top3 boost16,2019-01-31,2019-02-28,IEF,"EWZ,KSA,TUR",3
current_best country_only bucket10% top3 boost16,2019-02-28,2019-03-31,SPMO,"ARGT,KWEB,GXG",3
current_best country_only bucket10% top3 boost16,2019-03-31,2019-04-30,XLK,"MCHI,GREK,EPI",3
current_best country_only bucket10% top3 boost16,2019-04-30,2019-05-31,XLK,"KSA,EWN,GREK",3
current_best country_only bucket10% top3 boost16,2019-05-31,2019-06-30,INDA,"GREK,INDA,EPI",3
current_best country_only bucket10% top3 boost16,2019-06-30,2019-07-31,MTUM,"ARGT,GREK,ENZL",3
current_best country_only bucket10% top3 boost16,2019-07-31,2019-08-31,XLK,"GREK,TUR,ENZL",3
current_best country_only bucket10% top3 boost16,2019-08-31,2019-09-30,IEF,"EGPT,TUR",2
current_best country_only bucket10% top3 boost16,2019-09-30,2019-10-31,EWJ,"TUR,EWJ,DXJ",3
current_best country_only bucket10% top3 boost16,2019-10-31,2019-11-30,EWJ,"EWT,DXJ,EWD",3
current_best country_only bucket10% top3 boost16,2019-11-30,2019-12-31,XLK,"PAK,EIRL,EIS",3
current_best country_only bucket10% top3 boost16,2019-12-31,2020-01-31,XLK,"EWT,EWZ,EWY",3
current_best country_only bucket10% top3 boost16,2020-01-31,2020-02-29,XLK,"EDEN,EWL,EIS",3
current_best country_only bucket10% top3 boost16,2020-02-29,2020-03-31,IEF,,0
current_best country_only bucket10% top3 boost16,2020-03-31,2020-04-30,IEF,,0
current_best country_only bucket10% top3 boost16,2020-04-30,2020-05-31,IEF,,0
current_best country_only bucket10% top3 boost16,2020-05-31,2020-06-30,SCHG,"EDEN,KWEB",2
current_best country_only bucket10% top3 boost16,2020-06-30,2020-07-31,XLK,"KWEB,EWN,EDEN",3
current_best country_only bucket10% top3 boost16,2020-07-31,2020-08-31,XLK,"ARGT,EWT,EPU",3
current_best country_only bucket10% top3 boost16,2020-08-31,2020-09-30,XLK,"KWEB,NORW,EDEN",3
current_best country_only bucket10% top3 boost16,2020-09-30,2020-10-31,XLK,"EWY,KWEB,EPI",3
current_best country_only bucket10% top3 boost16,2020-10-31,2020-11-30,EWY,"MCHI,KWEB,EWT",3
current_best country_only bucket10% top3 boost16,2020-11-30,2020-12-31,EWY,"EWY,EWW,EIRL",3
current_best country_only bucket10% top3 boost16,2020-12-31,2021-01-31,EWY,"GXG,EWY,TUR",3
current_best country_only bucket10% top3 boost16,2021-01-31,2021-02-28,EWY,"KWEB,EWT,EWY",3
current_best country_only bucket10% top3 boost16,2021-02-28,2021-03-31,EWY,"EWT,EPI,EPU",3
current_best country_only bucket10% top3 boost16,2021-03-31,2021-04-30,XLK,"GREK,EWT,EWN",3
current_best country_only bucket10% top3 boost16,2021-04-30,2021-05-31,SCHG,"KSA,EWT,GREK",3
current_best country_only bucket10% top3 boost16,2021-05-31,2021-06-30,INDA,"EPOL,EWC,KSA",3
current_best country_only bucket10% top3 boost16,2021-06-30,2021-07-31,SPMO,"VNM,EWZ,KSA",3
current_best country_only bucket10% top3 boost16,2021-07-31,2021-08-31,XLK,"EDEN,KSA,EWL",3
current_best country_only bucket10% top3 boost16,2021-08-31,2021-09-30,INDA,"ARGT,INDA,EPI",3
current_best country_only bucket10% top3 boost16,2021-09-30,2021-10-31,INDA,"EPI,INDA,KSA",3
current_best country_only bucket10% top3 boost16,2021-10-31,2021-11-30,SCHG,"EIS,EIDO,KSA",3
current_best country_only bucket10% top3 boost16,2021-11-30,2021-12-31,XLK,"UAE,VNM,EIDO",3
current_best country_only bucket10% top3 boost16,2021-12-31,2022-01-31,XLK,"EGPT,VNM,EPU",3
current_best country_only bucket10% top3 boost16,2022-01-31,2022-02-28,,"EPU,KSA,QAT",3
current_best country_only bucket10% top3 boost16,2022-02-28,2022-03-31,,"EPU,UAE,EZA",3
current_best country_only bucket10% top3 boost16,2022-03-31,2022-04-30,BIL,"EWZ,EWW,ARGT",3
current_best country_only bucket10% top3 boost16,2022-04-30,2022-05-31,BIL,"KSA,UAE,QAT",3
current_best country_only bucket10% top3 boost16,2022-05-31,2022-06-30,BIL,"ECH,EIDO,EWP",3
current_best country_only bucket10% top3 boost16,2022-06-30,2022-07-31,BIL,,0
current_best country_only bucket10% top3 boost16,2022-07-31,2022-08-31,BIL,DXJ,1
current_best country_only bucket10% top3 boost16,2022-08-31,2022-09-30,BIL,"ECH,TUR,DXJ",3
current_best country_only bucket10% top3 boost16,2022-09-30,2022-10-31,BIL,TUR,1
current_best country_only bucket10% top3 boost16,2022-10-31,2022-11-30,MTUM,"TUR,EWW,EWZ",3
current_best country_only bucket10% top3 boost16,2022-11-30,2022-12-31,MTUM,"TUR,EWI,EWG",3
current_best country_only bucket10% top3 boost16,2022-12-31,2023-01-31,BIL,"TUR,EPOL,GREK",3
current_best country_only bucket10% top3 boost16,2023-01-31,2023-02-28,EWY,"ARGT,GREK,EIRL",3
current_best country_only bucket10% top3 boost16,2023-02-28,2023-03-31,XLK,"GREK,ARGT,EWP",3
current_best country_only bucket10% top3 boost16,2023-03-31,2023-04-30,XLK,"EDEN,EIRL,EWQ",3
current_best country_only bucket10% top3 boost16,2023-04-30,2023-05-31,XLK,"EIRL,EPOL,EWQ",3
current_best country_only bucket10% top3 boost16,2023-05-31,2023-06-30,XLK,"GREK,DXJ,EWT",3
current_best country_only bucket10% top3 boost16,2023-06-30,2023-07-31,XLK,"GREK,ARGT,DXJ",3
current_best country_only bucket10% top3 boost16,2023-07-31,2023-08-31,SCHG,"EPOL,VNM,GXG",3
current_best country_only bucket10% top3 boost16,2023-08-31,2023-09-30,XLK,"VNM,TUR,ARGT",3
current_best country_only bucket10% top3 boost16,2023-09-30,2023-10-31,SPMO,"EGPT,DXJ,TUR",3
current_best country_only bucket10% top3 boost16,2023-10-31,2023-11-30,BIL,"EGPT,PAK,DXJ",3
current_best country_only bucket10% top3 boost16,2023-11-30,2023-12-31,XLK,"PAK,ARGT,EGPT",3
current_best country_only bucket10% top3 boost16,2023-12-31,2024-01-31,XLK,"EWD,EWZ,GXG",3
current_best country_only bucket10% top3 boost16,2024-01-31,2024-02-29,SPMO,"EGPT,EPI,EWN",3
current_best country_only bucket10% top3 boost16,2024-02-29,2024-03-31,SPMO,"EIS,DXJ,EIRL",3
current_best country_only bucket10% top3 boost16,2024-03-31,2024-04-30,SPMO,"EPU,DXJ,EIRL",3
current_best country_only bucket10% top3 boost16,2024-04-30,2024-05-31,INDA,"EPU,TUR,ARGT",3
current_best country_only bucket10% top3 boost16,2024-05-31,2024-06-30,SPMO,"EPU,TUR,EPOL",3
current_best country_only bucket10% top3 boost16,2024-06-30,2024-07-31,SPMO,"EWT,EZA,TUR",3
current_best country_only bucket10% top3 boost16,2024-07-31,2024-08-31,INDA,"EZA,EPI,INDA",3
current_best country_only bucket10% top3 boost16,2024-08-31,2024-09-30,SPMO,"EWM,ARGT,EIS",3
current_best country_only bucket10% top3 boost16,2024-09-30,2024-10-31,SPMO,"KWEB,EZA,MCHI",3
current_best country_only bucket10% top3 boost16,2024-10-31,2024-11-30,MTUM,"ARGT,EZA,EPU",3
current_best country_only bucket10% top3 boost16,2024-11-30,2024-12-31,MTUM,"ARGT,EIS,EWS",3
current_best country_only bucket10% top3 boost16,2024-12-31,2025-01-31,SCHG,"ARGT,EIS,UAE",3
current_best country_only bucket10% top3 boost16,2025-01-31,2025-02-28,SPMO,"GXG,EIS,EWG",3
current_best country_only bucket10% top3 boost16,2025-02-28,2025-03-31,SPMO,"GXG,EPOL,EWP",3
current_best country_only bucket10% top3 boost16,2025-03-31,2025-04-30,IEF,"EPOL,GREK,EWP",3
current_best country_only bucket10% top3 boost16,2025-04-30,2025-05-31,EWJ,"GREK,EWP,ECH",3
current_best country_only bucket10% top3 boost16,2025-05-31,2025-06-30,SPMO,"GREK,EWP,EWI",3
current_best country_only bucket10% top3 boost16,2025-06-30,2025-07-31,EWY,"GREK,EWY,EIS",3
current_best country_only bucket10% top3 boost16,2025-07-31,2025-08-31,XLK,"VNM,UAE,EWY",3
current_best country_only bucket10% top3 boost16,2025-08-31,2025-09-30,SCHG,"VNM,EPU,GXG",3
current_best country_only bucket10% top3 boost16,2025-09-30,2025-10-31,EWY,"EPU,EZA,KWEB",3
current_best country_only bucket10% top3 boost16,2025-10-31,2025-11-30,EWY,"EWY,GXG,EPU",3
current_best country_only bucket10% top3 boost16,2025-11-30,2025-12-31,EWY,"ECH,EPU,EWZ",3
current_best country_only bucket10% top3 boost16,2025-12-31,2026-01-31,EWY,"EPU,EZA,ECH",3
current_best country_only bucket10% top3 boost16,2026-01-31,2026-02-28,EWY,"EWY,EPU,GXG",3
current_best country_only bucket10% top3 boost16,2026-02-28,2026-03-31,EWY,"EWY,EPU,EZA",3
current_best country_only bucket10% top3 boost16,2026-03-31,2026-04-29,BIL,"NORW,EWZ,THD",3
current_best momentum_core bucket5% top1 boost16,2016-09-30,2016-10-31,EWY,EWY,1
current_best momentum_core bucket5% top1 boost16,2016-10-31,2016-11-30,EWJ,XLK,1
current_best momentum_core bucket5% top1 boost16,2016-11-30,2016-12-31,,,0
current_best momentum_core bucket5% top1 boost16,2016-12-31,2017-01-31,SPMO,XLK,1
current_best momentum_core bucket5% top1 boost16,2017-01-31,2017-02-28,XLK,XLK,1
current_best momentum_core bucket5% top1 boost16,2017-02-28,2017-03-31,SCHG,SCHG,1
current_best momentum_core bucket5% top1 boost16,2017-03-31,2017-04-30,INDA,INDA,1
current_best momentum_core bucket5% top1 boost16,2017-04-30,2017-05-31,EWY,EWY,1
current_best momentum_core bucket5% top1 boost16,2017-05-31,2017-06-30,EWY,EWY,1
current_best momentum_core bucket5% top1 boost16,2017-06-30,2017-07-31,EWY,EWY,1
current_best momentum_core bucket5% top1 boost16,2017-07-31,2017-08-31,INDA,INDA,1
current_best momentum_core bucket5% top1 boost16,2017-08-31,2017-09-30,XLK,XLK,1
current_best momentum_core bucket5% top1 boost16,2017-09-30,2017-10-31,MTUM,MTUM,1
current_best momentum_core bucket5% top1 boost16,2017-10-31,2017-11-30,XLK,XLK,1
current_best momentum_core bucket5% top1 boost16,2017-11-30,2017-12-31,SPMO,SPMO,1
current_best momentum_core bucket5% top1 boost16,2017-12-31,2018-01-31,SPMO,SPMO,1
current_best momentum_core bucket5% top1 boost16,2018-01-31,2018-02-28,SPMO,SPMO,1
current_best momentum_core bucket5% top1 boost16,2018-02-28,2018-03-31,SPMO,SPMO,1
current_best momentum_core bucket5% top1 boost16,2018-03-31,2018-04-30,BIL,,0
current_best momentum_core bucket5% top1 boost16,2018-04-30,2018-05-31,EWY,EWY,1
current_best momentum_core bucket5% top1 boost16,2018-05-31,2018-06-30,XLK,XLK,1
current_best momentum_core bucket5% top1 boost16,2018-06-30,2018-07-31,XLK,XLK,1
current_best momentum_core bucket5% top1 boost16,2018-07-31,2018-08-31,SPMO,SPMO,1
current_best momentum_core bucket5% top1 boost16,2018-08-31,2018-09-30,XLK,XLK,1
current_best momentum_core bucket5% top1 boost16,2018-09-30,2018-10-31,SPMO,SPMO,1
current_best momentum_core bucket5% top1 boost16,2018-10-31,2018-11-30,BIL,,0
current_best momentum_core bucket5% top1 boost16,2018-11-30,2018-12-31,IEF,,0
current_best momentum_core bucket5% top1 boost16,2018-12-31,2019-01-31,IEF,,0
current_best momentum_core bucket5% top1 boost16,2019-01-31,2019-02-28,IEF,,0
current_best momentum_core bucket5% top1 boost16,2019-02-28,2019-03-31,SPMO,SPMO,1
current_best momentum_core bucket5% top1 boost16,2019-03-31,2019-04-30,XLK,XLK,1
current_best momentum_core bucket5% top1 boost16,2019-04-30,2019-05-31,XLK,XLK,1
current_best momentum_core bucket5% top1 boost16,2019-05-31,2019-06-30,INDA,INDA,1
current_best momentum_core bucket5% top1 boost16,2019-06-30,2019-07-31,MTUM,MTUM,1
current_best momentum_core bucket5% top1 boost16,2019-07-31,2019-08-31,XLK,XLK,1
current_best momentum_core bucket5% top1 boost16,2019-08-31,2019-09-30,IEF,MTUM,1
current_best momentum_core bucket5% top1 boost16,2019-09-30,2019-10-31,EWJ,EWJ,1
current_best momentum_core bucket5% top1 boost16,2019-10-31,2019-11-30,EWJ,EWJ,1
current_best momentum_core bucket5% top1 boost16,2019-11-30,2019-12-31,XLK,XLK,1
current_best momentum_core bucket5% top1 boost16,2019-12-31,2020-01-31,XLK,XLK,1
current_best momentum_core bucket5% top1 boost16,2020-01-31,2020-02-29,XLK,XLK,1
current_best momentum_core bucket5% top1 boost16,2020-02-29,2020-03-31,IEF,,0
current_best momentum_core bucket5% top1 boost16,2020-03-31,2020-04-30,IEF,,0
current_best momentum_core bucket5% top1 boost16,2020-04-30,2020-05-31,IEF,,0
current_best momentum_core bucket5% top1 boost16,2020-05-31,2020-06-30,SCHG,SCHG,1
current_best momentum_core bucket5% top1 boost16,2020-06-30,2020-07-31,XLK,XLK,1
current_best momentum_core bucket5% top1 boost16,2020-07-31,2020-08-31,XLK,XLK,1
current_best momentum_core bucket5% top1 boost16,2020-08-31,2020-09-30,XLK,XLK,1
current_best momentum_core bucket5% top1 boost16,2020-09-30,2020-10-31,XLK,XLK,1
current_best momentum_core bucket5% top1 boost16,2020-10-31,2020-11-30,EWY,EWY,1
current_best momentum_core bucket5% top1 boost16,2020-11-30,2020-12-31,EWY,EWY,1
current_best momentum_core bucket5% top1 boost16,2020-12-31,2021-01-31,EWY,EWY,1
current_best momentum_core bucket5% top1 boost16,2021-01-31,2021-02-28,EWY,EWY,1
current_best momentum_core bucket5% top1 boost16,2021-02-28,2021-03-31,EWY,EWY,1
current_best momentum_core bucket5% top1 boost16,2021-03-31,2021-04-30,XLK,INDA,1
current_best momentum_core bucket5% top1 boost16,2021-04-30,2021-05-31,SCHG,SCHG,1
current_best momentum_core bucket5% top1 boost16,2021-05-31,2021-06-30,INDA,INDA,1
current_best momentum_core bucket5% top1 boost16,2021-06-30,2021-07-31,SPMO,SPMO,1
current_best momentum_core bucket5% top1 boost16,2021-07-31,2021-08-31,XLK,XLK,1
current_best momentum_core bucket5% top1 boost16,2021-08-31,2021-09-30,INDA,INDA,1
current_best momentum_core bucket5% top1 boost16,2021-09-30,2021-10-31,INDA,INDA,1
current_best momentum_core bucket5% top1 boost16,2021-10-31,2021-11-30,SCHG,SCHG,1
current_best momentum_core bucket5% top1 boost16,2021-11-30,2021-12-31,XLK,XLK,1
current_best momentum_core bucket5% top1 boost16,2021-12-31,2022-01-31,XLK,XLK,1
current_best momentum_core bucket5% top1 boost16,2022-01-31,2022-02-28,,,0
current_best momentum_core bucket5% top1 boost16,2022-02-28,2022-03-31,,,0
current_best momentum_core bucket5% top1 boost16,2022-03-31,2022-04-30,BIL,,0
current_best momentum_core bucket5% top1 boost16,2022-04-30,2022-05-31,BIL,,0
current_best momentum_core bucket5% top1 boost16,2022-05-31,2022-06-30,BIL,,0
current_best momentum_core bucket5% top1 boost16,2022-06-30,2022-07-31,BIL,,0
current_best momentum_core bucket5% top1 boost16,2022-07-31,2022-08-31,BIL,,0
current_best momentum_core bucket5% top1 boost16,2022-08-31,2022-09-30,BIL,,0
current_best momentum_core bucket5% top1 boost16,2022-09-30,2022-10-31,BIL,,0
current_best momentum_core bucket5% top1 boost16,2022-10-31,2022-11-30,MTUM,MTUM,1
current_best momentum_core bucket5% top1 boost16,2022-11-30,2022-12-31,MTUM,MTUM,1
current_best momentum_core bucket5% top1 boost16,2022-12-31,2023-01-31,BIL,EWJ,1
current_best momentum_core bucket5% top1 boost16,2023-01-31,2023-02-28,EWY,EWY,1
current_best momentum_core bucket5% top1 boost16,2023-02-28,2023-03-31,XLK,XLK,1
current_best momentum_core bucket5% top1 boost16,2023-03-31,2023-04-30,XLK,XLK,1
current_best momentum_core bucket5% top1 boost16,2023-04-30,2023-05-31,XLK,XLK,1
current_best momentum_core bucket5% top1 boost16,2023-05-31,2023-06-30,XLK,XLK,1
current_best momentum_core bucket5% top1 boost16,2023-06-30,2023-07-31,XLK,XLK,1
current_best momentum_core bucket5% top1 boost16,2023-07-31,2023-08-31,SCHG,SCHG,1
current_best momentum_core bucket5% top1 boost16,2023-08-31,2023-09-30,XLK,XLK,1
current_best momentum_core bucket5% top1 boost16,2023-09-30,2023-10-31,SPMO,SPMO,1
current_best momentum_core bucket5% top1 boost16,2023-10-31,2023-11-30,BIL,,0
current_best momentum_core bucket5% top1 boost16,2023-11-30,2023-12-31,XLK,XLK,1
current_best momentum_core bucket5% top1 boost16,2023-12-31,2024-01-31,XLK,XLK,1
current_best momentum_core bucket5% top1 boost16,2024-01-31,2024-02-29,SPMO,SPMO,1
current_best momentum_core bucket5% top1 boost16,2024-02-29,2024-03-31,SPMO,SPMO,1
current_best momentum_core bucket5% top1 boost16,2024-03-31,2024-04-30,SPMO,SPMO,1
current_best momentum_core bucket5% top1 boost16,2024-04-30,2024-05-31,INDA,INDA,1
current_best momentum_core bucket5% top1 boost16,2024-05-31,2024-06-30,SPMO,SPMO,1
current_best momentum_core bucket5% top1 boost16,2024-06-30,2024-07-31,SPMO,SPMO,1
current_best momentum_core bucket5% top1 boost16,2024-07-31,2024-08-31,INDA,INDA,1
current_best momentum_core bucket5% top1 boost16,2024-08-31,2024-09-30,SPMO,SPMO,1
current_best momentum_core bucket5% top1 boost16,2024-09-30,2024-10-31,SPMO,SPMO,1
current_best momentum_core bucket5% top1 boost16,2024-10-31,2024-11-30,MTUM,MTUM,1
current_best momentum_core bucket5% top1 boost16,2024-11-30,2024-12-31,MTUM,MTUM,1
current_best momentum_core bucket5% top1 boost16,2024-12-31,2025-01-31,SCHG,SCHG,1
current_best momentum_core bucket5% top1 boost16,2025-01-31,2025-02-28,SPMO,SPMO,1
current_best momentum_core bucket5% top1 boost16,2025-02-28,2025-03-31,SPMO,SPMO,1
current_best momentum_core bucket5% top1 boost16,2025-03-31,2025-04-30,IEF,EWJ,1
current_best momentum_core bucket5% top1 boost16,2025-04-30,2025-05-31,EWJ,EWJ,1
current_best momentum_core bucket5% top1 boost16,2025-05-31,2025-06-30,SPMO,SPMO,1
current_best momentum_core bucket5% top1 boost16,2025-06-30,2025-07-31,EWY,EWY,1
current_best momentum_core bucket5% top1 boost16,2025-07-31,2025-08-31,XLK,EWY,1
current_best momentum_core bucket5% top1 boost16,2025-08-31,2025-09-30,SCHG,SCHG,1
current_best momentum_core bucket5% top1 boost16,2025-09-30,2025-10-31,EWY,EWY,1
current_best momentum_core bucket5% top1 boost16,2025-10-31,2025-11-30,EWY,EWY,1
current_best momentum_core bucket5% top1 boost16,2025-11-30,2025-12-31,EWY,EWY,1
current_best momentum_core bucket5% top1 boost16,2025-12-31,2026-01-31,EWY,EWY,1
current_best momentum_core bucket5% top1 boost16,2026-01-31,2026-02-28,EWY,EWY,1
current_best momentum_core bucket5% top1 boost16,2026-02-28,2026-03-31,EWY,EWY,1
current_best momentum_core bucket5% top1 boost16,2026-03-31,2026-04-29,BIL,EWY,1
current_best momentum_core bucket5% top2 boost16,2016-09-30,2016-10-31,EWY,"EWY,XLK",2
current_best momentum_core bucket5% top2 boost16,2016-10-31,2016-11-30,EWJ,"XLK,EWJ",2
current_best momentum_core bucket5% top2 boost16,2016-11-30,2016-12-31,,,0
current_best momentum_core bucket5% top2 boost16,2016-12-31,2017-01-31,SPMO,"XLK,SCHG",2
current_best momentum_core bucket5% top2 boost16,2017-01-31,2017-02-28,XLK,"XLK,EWY",2
current_best momentum_core bucket5% top2 boost16,2017-02-28,2017-03-31,SCHG,"SCHG,XLK",2
current_best momentum_core bucket5% top2 boost16,2017-03-31,2017-04-30,INDA,"INDA,EWY",2
current_best momentum_core bucket5% top2 boost16,2017-04-30,2017-05-31,EWY,"EWY,INDA",2
current_best momentum_core bucket5% top2 boost16,2017-05-31,2017-06-30,EWY,"EWY,MTUM",2
current_best momentum_core bucket5% top2 boost16,2017-06-30,2017-07-31,EWY,"EWY,MTUM",2
current_best momentum_core bucket5% top2 boost16,2017-07-31,2017-08-31,INDA,"INDA,MTUM",2
current_best momentum_core bucket5% top2 boost16,2017-08-31,2017-09-30,XLK,"XLK,MTUM",2
current_best momentum_core bucket5% top2 boost16,2017-09-30,2017-10-31,MTUM,"MTUM,SPMO",2
current_best momentum_core bucket5% top2 boost16,2017-10-31,2017-11-30,XLK,"XLK,MTUM",2
current_best momentum_core bucket5% top2 boost16,2017-11-30,2017-12-31,SPMO,"SPMO,MTUM",2
current_best momentum_core bucket5% top2 boost16,2017-12-31,2018-01-31,SPMO,"SPMO,EWY",2
current_best momentum_core bucket5% top2 boost16,2018-01-31,2018-02-28,SPMO,"SPMO,MTUM",2
current_best momentum_core bucket5% top2 boost16,2018-02-28,2018-03-31,SPMO,"SPMO,XLK",2
current_best momentum_core bucket5% top2 boost16,2018-03-31,2018-04-30,BIL,,0
current_best momentum_core bucket5% top2 boost16,2018-04-30,2018-05-31,EWY,EWY,1
current_best momentum_core bucket5% top2 boost16,2018-05-31,2018-06-30,XLK,"XLK,SPMO",2
current_best momentum_core bucket5% top2 boost16,2018-06-30,2018-07-31,XLK,"XLK,SCHG",2
current_best momentum_core bucket5% top2 boost16,2018-07-31,2018-08-31,SPMO,"SPMO,SCHG",2
current_best momentum_core bucket5% top2 boost16,2018-08-31,2018-09-30,XLK,"XLK,SCHG",2
current_best momentum_core bucket5% top2 boost16,2018-09-30,2018-10-31,SPMO,"SPMO,XLK",2
current_best momentum_core bucket5% top2 boost16,2018-10-31,2018-11-30,BIL,,0
current_best momentum_core bucket5% top2 boost16,2018-11-30,2018-12-31,IEF,,0
current_best momentum_core bucket5% top2 boost16,2018-12-31,2019-01-31,IEF,,0
current_best momentum_core bucket5% top2 boost16,2019-01-31,2019-02-28,IEF,,0
current_best momentum_core bucket5% top2 boost16,2019-02-28,2019-03-31,SPMO,"SPMO,XLK",2
current_best momentum_core bucket5% top2 boost16,2019-03-31,2019-04-30,XLK,"XLK,SPMO",2
current_best momentum_core bucket5% top2 boost16,2019-04-30,2019-05-31,XLK,"XLK,SCHG",2
current_best momentum_core bucket5% top2 boost16,2019-05-31,2019-06-30,INDA,"INDA,MTUM",2
current_best momentum_core bucket5% top2 boost16,2019-06-30,2019-07-31,MTUM,"MTUM,INDA",2
current_best momentum_core bucket5% top2 boost16,2019-07-31,2019-08-31,XLK,"XLK,MTUM",2
current_best momentum_core bucket5% top2 boost16,2019-08-31,2019-09-30,IEF,"MTUM,XLK",2
current_best momentum_core bucket5% top2 boost16,2019-09-30,2019-10-31,EWJ,EWJ,1
current_best momentum_core bucket5% top2 boost16,2019-10-31,2019-11-30,EWJ,"EWJ,XLK",2
current_best momentum_core bucket5% top2 boost16,2019-11-30,2019-12-31,XLK,"XLK,SCHG",2
current_best momentum_core bucket5% top2 boost16,2019-12-31,2020-01-31,XLK,"XLK,EWY",2
current_best momentum_core bucket5% top2 boost16,2020-01-31,2020-02-29,XLK,"XLK,SCHG",2
current_best momentum_core bucket5% top2 boost16,2020-02-29,2020-03-31,IEF,,0
current_best momentum_core bucket5% top2 boost16,2020-03-31,2020-04-30,IEF,,0
current_best momentum_core bucket5% top2 boost16,2020-04-30,2020-05-31,IEF,,0
current_best momentum_core bucket5% top2 boost16,2020-05-31,2020-06-30,SCHG,"SCHG,XLK",2
current_best momentum_core bucket5% top2 boost16,2020-06-30,2020-07-31,XLK,"XLK,SCHG",2
current_best momentum_core bucket5% top2 boost16,2020-07-31,2020-08-31,XLK,"XLK,INDA",2
current_best momentum_core bucket5% top2 boost16,2020-08-31,2020-09-30,XLK,"XLK,SCHG",2
current_best momentum_core bucket5% top2 boost16,2020-09-30,2020-10-31,XLK,"XLK,EWY",2
current_best momentum_core bucket5% top2 boost16,2020-10-31,2020-11-30,EWY,"EWY,EWJ",2
current_best momentum_core bucket5% top2 boost16,2020-11-30,2020-12-31,EWY,"EWY,SCHG",2
current_best momentum_core bucket5% top2 boost16,2020-12-31,2021-01-31,EWY,"EWY,INDA",2
current_best momentum_core bucket5% top2 boost16,2021-01-31,2021-02-28,EWY,"EWY,INDA",2
current_best momentum_core bucket5% top2 boost16,2021-02-28,2021-03-31,EWY,"EWY,INDA",2
current_best momentum_core bucket5% top2 boost16,2021-03-31,2021-04-30,XLK,"INDA,XLK",2
current_best momentum_core bucket5% top2 boost16,2021-04-30,2021-05-31,SCHG,"SCHG,EWY",2
current_best momentum_core bucket5% top2 boost16,2021-05-31,2021-06-30,INDA,"INDA,SCHG",2
current_best momentum_core bucket5% top2 boost16,2021-06-30,2021-07-31,SPMO,"SPMO,SCHG",2
current_best momentum_core bucket5% top2 boost16,2021-07-31,2021-08-31,XLK,"XLK,SCHG",2
current_best momentum_core bucket5% top2 boost16,2021-08-31,2021-09-30,INDA,"INDA,SPMO",2
current_best momentum_core bucket5% top2 boost16,2021-09-30,2021-10-31,INDA,"INDA,EWJ",2
current_best momentum_core bucket5% top2 boost16,2021-10-31,2021-11-30,SCHG,"SCHG,MTUM",2
current_best momentum_core bucket5% top2 boost16,2021-11-30,2021-12-31,XLK,"XLK,SCHG",2
current_best momentum_core bucket5% top2 boost16,2021-12-31,2022-01-31,XLK,"XLK,SCHG",2
current_best momentum_core bucket5% top2 boost16,2022-01-31,2022-02-28,,,0
current_best momentum_core bucket5% top2 boost16,2022-02-28,2022-03-31,,,0
current_best momentum_core bucket5% top2 boost16,2022-03-31,2022-04-30,BIL,,0
current_best momentum_core bucket5% top2 boost16,2022-04-30,2022-05-31,BIL,,0
current_best momentum_core bucket5% top2 boost16,2022-05-31,2022-06-30,BIL,,0
current_best momentum_core bucket5% top2 boost16,2022-06-30,2022-07-31,BIL,,0
current_best momentum_core bucket5% top2 boost16,2022-07-31,2022-08-31,BIL,,0
current_best momentum_core bucket5% top2 boost16,2022-08-31,2022-09-30,BIL,,0
current_best momentum_core bucket5% top2 boost16,2022-09-30,2022-10-31,BIL,,0
current_best momentum_core bucket5% top2 boost16,2022-10-31,2022-11-30,MTUM,"MTUM,SPMO",2
current_best momentum_core bucket5% top2 boost16,2022-11-30,2022-12-31,MTUM,"MTUM,SPMO",2
current_best momentum_core bucket5% top2 boost16,2022-12-31,2023-01-31,BIL,EWJ,1
current_best momentum_core bucket5% top2 boost16,2023-01-31,2023-02-28,EWY,"EWY,EWJ",2
current_best momentum_core bucket5% top2 boost16,2023-02-28,2023-03-31,XLK,"XLK,EWJ",2
current_best momentum_core bucket5% top2 boost16,2023-03-31,2023-04-30,XLK,"XLK,SCHG",2
current_best momentum_core bucket5% top2 boost16,2023-04-30,2023-05-31,XLK,"XLK,SCHG",2
current_best momentum_core bucket5% top2 boost16,2023-05-31,2023-06-30,XLK,"XLK,SCHG",2
current_best momentum_core bucket5% top2 boost16,2023-06-30,2023-07-31,XLK,"XLK,SCHG",2
current_best momentum_core bucket5% top2 boost16,2023-07-31,2023-08-31,SCHG,"SCHG,XLK",2
current_best momentum_core bucket5% top2 boost16,2023-08-31,2023-09-30,XLK,"XLK,SCHG",2
current_best momentum_core bucket5% top2 boost16,2023-09-30,2023-10-31,SPMO,SPMO,1
current_best momentum_core bucket5% top2 boost16,2023-10-31,2023-11-30,BIL,,0
current_best momentum_core bucket5% top2 boost16,2023-11-30,2023-12-31,XLK,"XLK,SCHG",2
current_best momentum_core bucket5% top2 boost16,2023-12-31,2024-01-31,XLK,"XLK,SPMO",2
current_best momentum_core bucket5% top2 boost16,2024-01-31,2024-02-29,SPMO,"SPMO,MTUM",2
current_best momentum_core bucket5% top2 boost16,2024-02-29,2024-03-31,SPMO,"SPMO,MTUM",2
current_best momentum_core bucket5% top2 boost16,2024-03-31,2024-04-30,SPMO,"SPMO,MTUM",2
current_best momentum_core bucket5% top2 boost16,2024-04-30,2024-05-31,INDA,INDA,1
current_best momentum_core bucket5% top2 boost16,2024-05-31,2024-06-30,SPMO,"SPMO,INDA",2
current_best momentum_core bucket5% top2 boost16,2024-06-30,2024-07-31,SPMO,"SPMO,XLK",2
current_best momentum_core bucket5% top2 boost16,2024-07-31,2024-08-31,INDA,"INDA,SCHG",2
current_best momentum_core bucket5% top2 boost16,2024-08-31,2024-09-30,SPMO,"SPMO,EWJ",2
current_best momentum_core bucket5% top2 boost16,2024-09-30,2024-10-31,SPMO,"SPMO,MTUM",2
current_best momentum_core bucket5% top2 boost16,2024-10-31,2024-11-30,MTUM,"MTUM,SPMO",2
current_best momentum_core bucket5% top2 boost16,2024-11-30,2024-12-31,MTUM,"MTUM,SCHG",2
current_best momentum_core bucket5% top2 boost16,2024-12-31,2025-01-31,SCHG,"SCHG,SPMO",2
current_best momentum_core bucket5% top2 boost16,2025-01-31,2025-02-28,SPMO,"SPMO,SCHG",2
current_best momentum_core bucket5% top2 boost16,2025-02-28,2025-03-31,SPMO,"SPMO,MTUM",2
current_best momentum_core bucket5% top2 boost16,2025-03-31,2025-04-30,IEF,EWJ,1
current_best momentum_core bucket5% top2 boost16,2025-04-30,2025-05-31,EWJ,"EWJ,INDA",2
current_best momentum_core bucket5% top2 boost16,2025-05-31,2025-06-30,SPMO,"SPMO,MTUM",2
current_best momentum_core bucket5% top2 boost16,2025-06-30,2025-07-31,EWY,"EWY,SPMO",2
current_best momentum_core bucket5% top2 boost16,2025-07-31,2025-08-31,XLK,"EWY,XLK",2
current_best momentum_core bucket5% top2 boost16,2025-08-31,2025-09-30,SCHG,"SCHG,SPMO",2
current_best momentum_core bucket5% top2 boost16,2025-09-30,2025-10-31,EWY,"EWY,XLK",2
current_best momentum_core bucket5% top2 boost16,2025-10-31,2025-11-30,EWY,"EWY,XLK",2
current_best momentum_core bucket5% top2 boost16,2025-11-30,2025-12-31,EWY,"EWY,SCHG",2
current_best momentum_core bucket5% top2 boost16,2025-12-31,2026-01-31,EWY,"EWY,EWJ",2
current_best momentum_core bucket5% top2 boost16,2026-01-31,2026-02-28,EWY,"EWY,EWJ",2
current_best momentum_core bucket5% top2 boost16,2026-02-28,2026-03-31,EWY,"EWY,EWJ",2
current_best momentum_core bucket5% top2 boost16,2026-03-31,2026-04-29,BIL,EWY,1
current_best momentum_core bucket5% top3 boost16,2016-09-30,2016-10-31,EWY,"EWY,XLK,EWJ",3
current_best momentum_core bucket5% top3 boost16,2016-10-31,2016-11-30,EWJ,"XLK,EWJ",2
current_best momentum_core bucket5% top3 boost16,2016-11-30,2016-12-31,,,0
current_best momentum_core bucket5% top3 boost16,2016-12-31,2017-01-31,SPMO,"XLK,SCHG,SPMO",3
current_best momentum_core bucket5% top3 boost16,2017-01-31,2017-02-28,XLK,"XLK,EWY,SCHG",3
current_best momentum_core bucket5% top3 boost16,2017-02-28,2017-03-31,SCHG,"SCHG,XLK,SPMO",3
current_best momentum_core bucket5% top3 boost16,2017-03-31,2017-04-30,INDA,"INDA,EWY,XLK",3
current_best momentum_core bucket5% top3 boost16,2017-04-30,2017-05-31,EWY,"EWY,INDA,XLK",3
current_best momentum_core bucket5% top3 boost16,2017-05-31,2017-06-30,EWY,"EWY,MTUM,XLK",3
current_best momentum_core bucket5% top3 boost16,2017-06-30,2017-07-31,EWY,"EWY,MTUM,SCHG",3
current_best momentum_core bucket5% top3 boost16,2017-07-31,2017-08-31,INDA,"INDA,MTUM,EWY",3
current_best momentum_core bucket5% top3 boost16,2017-08-31,2017-09-30,XLK,"XLK,MTUM,EWY",3
current_best momentum_core bucket5% top3 boost16,2017-09-30,2017-10-31,MTUM,"MTUM,SPMO,XLK",3
current_best momentum_core bucket5% top3 boost16,2017-10-31,2017-11-30,XLK,"XLK,MTUM,SPMO",3
current_best momentum_core bucket5% top3 boost16,2017-11-30,2017-12-31,SPMO,"SPMO,MTUM,XLK",3
current_best momentum_core bucket5% top3 boost16,2017-12-31,2018-01-31,SPMO,"SPMO,EWY,MTUM",3
current_best momentum_core bucket5% top3 boost16,2018-01-31,2018-02-28,SPMO,"SPMO,MTUM,XLK",3
current_best momentum_core bucket5% top3 boost16,2018-02-28,2018-03-31,SPMO,"SPMO,XLK,MTUM",3
current_best momentum_core bucket5% top3 boost16,2018-03-31,2018-04-30,BIL,,0
current_best momentum_core bucket5% top3 boost16,2018-04-30,2018-05-31,EWY,EWY,1
current_best momentum_core bucket5% top3 boost16,2018-05-31,2018-06-30,XLK,"XLK,SPMO",2
current_best momentum_core bucket5% top3 boost16,2018-06-30,2018-07-31,XLK,"XLK,SCHG,SPMO",3
current_best momentum_core bucket5% top3 boost16,2018-07-31,2018-08-31,SPMO,"SPMO,SCHG,INDA",3
current_best momentum_core bucket5% top3 boost16,2018-08-31,2018-09-30,XLK,"XLK,SCHG,SPMO",3
current_best momentum_core bucket5% top3 boost16,2018-09-30,2018-10-31,SPMO,"SPMO,XLK,SCHG",3
current_best momentum_core bucket5% top3 boost16,2018-10-31,2018-11-30,BIL,,0
current_best momentum_core bucket5% top3 boost16,2018-11-30,2018-12-31,IEF,,0
current_best momentum_core bucket5% top3 boost16,2018-12-31,2019-01-31,IEF,,0
current_best momentum_core bucket5% top3 boost16,2019-01-31,2019-02-28,IEF,,0
current_best momentum_core bucket5% top3 boost16,2019-02-28,2019-03-31,SPMO,"SPMO,XLK,SCHG",3
current_best momentum_core bucket5% top3 boost16,2019-03-31,2019-04-30,XLK,"XLK,SPMO,INDA",3
current_best momentum_core bucket5% top3 boost16,2019-04-30,2019-05-31,XLK,"XLK,SCHG,MTUM",3
current_best momentum_core bucket5% top3 boost16,2019-05-31,2019-06-30,INDA,"INDA,MTUM",2
current_best momentum_core bucket5% top3 boost16,2019-06-30,2019-07-31,MTUM,"MTUM,INDA,SCHG",3
current_best momentum_core bucket5% top3 boost16,2019-07-31,2019-08-31,XLK,"XLK,MTUM,SCHG",3
current_best momentum_core bucket5% top3 boost16,2019-08-31,2019-09-30,IEF,"MTUM,XLK,SCHG",3
current_best momentum_core bucket5% top3 boost16,2019-09-30,2019-10-31,EWJ,EWJ,1
current_best momentum_core bucket5% top3 boost16,2019-10-31,2019-11-30,EWJ,"EWJ,XLK,SCHG",3
current_best momentum_core bucket5% top3 boost16,2019-11-30,2019-12-31,XLK,"XLK,SCHG,EWJ",3
current_best momentum_core bucket5% top3 boost16,2019-12-31,2020-01-31,XLK,"XLK,EWY,SCHG",3
current_best momentum_core bucket5% top3 boost16,2020-01-31,2020-02-29,XLK,"XLK,SCHG,MTUM",3
current_best momentum_core bucket5% top3 boost16,2020-02-29,2020-03-31,IEF,,0
current_best momentum_core bucket5% top3 boost16,2020-03-31,2020-04-30,IEF,,0
current_best momentum_core bucket5% top3 boost16,2020-04-30,2020-05-31,IEF,,0
current_best momentum_core bucket5% top3 boost16,2020-05-31,2020-06-30,SCHG,"SCHG,XLK",2
current_best momentum_core bucket5% top3 boost16,2020-06-30,2020-07-31,XLK,"XLK,SCHG,MTUM",3
current_best momentum_core bucket5% top3 boost16,2020-07-31,2020-08-31,XLK,"XLK,INDA,SCHG",3
current_best momentum_core bucket5% top3 boost16,2020-08-31,2020-09-30,XLK,"XLK,SCHG,MTUM",3
current_best momentum_core bucket5% top3 boost16,2020-09-30,2020-10-31,XLK,"XLK,EWY,SPMO",3
current_best momentum_core bucket5% top3 boost16,2020-10-31,2020-11-30,EWY,"EWY,EWJ",2
current_best momentum_core bucket5% top3 boost16,2020-11-30,2020-12-31,EWY,"EWY,SCHG,XLK",3
current_best momentum_core bucket5% top3 boost16,2020-12-31,2021-01-31,EWY,"EWY,INDA,XLK",3
current_best momentum_core bucket5% top3 boost16,2021-01-31,2021-02-28,EWY,"EWY,INDA,MTUM",3
current_best momentum_core bucket5% top3 boost16,2021-02-28,2021-03-31,EWY,"EWY,INDA,EWJ",3
current_best momentum_core bucket5% top3 boost16,2021-03-31,2021-04-30,XLK,"INDA,XLK,SCHG",3
current_best momentum_core bucket5% top3 boost16,2021-04-30,2021-05-31,SCHG,"SCHG,EWY,XLK",3
current_best momentum_core bucket5% top3 boost16,2021-05-31,2021-06-30,INDA,"INDA,SCHG,XLK",3
current_best momentum_core bucket5% top3 boost16,2021-06-30,2021-07-31,SPMO,"SPMO,SCHG,XLK",3
current_best momentum_core bucket5% top3 boost16,2021-07-31,2021-08-31,XLK,"XLK,SCHG,SPMO",3
current_best momentum_core bucket5% top3 boost16,2021-08-31,2021-09-30,INDA,"INDA,SPMO,XLK",3
current_best momentum_core bucket5% top3 boost16,2021-09-30,2021-10-31,INDA,"INDA,EWJ",2
current_best momentum_core bucket5% top3 boost16,2021-10-31,2021-11-30,SCHG,"SCHG,MTUM,XLK",3
current_best momentum_core bucket5% top3 boost16,2021-11-30,2021-12-31,XLK,"XLK,SCHG,MTUM",3
current_best momentum_core bucket5% top3 boost16,2021-12-31,2022-01-31,XLK,"XLK,SCHG",2
current_best momentum_core bucket5% top3 boost16,2022-01-31,2022-02-28,,,0
current_best momentum_core bucket5% top3 boost16,2022-02-28,2022-03-31,,,0
current_best momentum_core bucket5% top3 boost16,2022-03-31,2022-04-30,BIL,,0
current_best momentum_core bucket5% top3 boost16,2022-04-30,2022-05-31,BIL,,0
current_best momentum_core bucket5% top3 boost16,2022-05-31,2022-06-30,BIL,,0
current_best momentum_core bucket5% top3 boost16,2022-06-30,2022-07-31,BIL,,0
current_best momentum_core bucket5% top3 boost16,2022-07-31,2022-08-31,BIL,,0
current_best momentum_core bucket5% top3 boost16,2022-08-31,2022-09-30,BIL,,0
current_best momentum_core bucket5% top3 boost16,2022-09-30,2022-10-31,BIL,,0
current_best momentum_core bucket5% top3 boost16,2022-10-31,2022-11-30,MTUM,"MTUM,SPMO",2
current_best momentum_core bucket5% top3 boost16,2022-11-30,2022-12-31,MTUM,"MTUM,SPMO,EWY",3
current_best momentum_core bucket5% top3 boost16,2022-12-31,2023-01-31,BIL,EWJ,1
current_best momentum_core bucket5% top3 boost16,2023-01-31,2023-02-28,EWY,"EWY,EWJ,SCHG",3
current_best momentum_core bucket5% top3 boost16,2023-02-28,2023-03-31,XLK,"XLK,EWJ,EWY",3
current_best momentum_core bucket5% top3 boost16,2023-03-31,2023-04-30,XLK,"XLK,SCHG",2
current_best momentum_core bucket5% top3 boost16,2023-04-30,2023-05-31,XLK,"XLK,SCHG,EWJ",3
current_best momentum_core bucket5% top3 boost16,2023-05-31,2023-06-30,XLK,"XLK,SCHG,EWJ",3
current_best momentum_core bucket5% top3 boost16,2023-06-30,2023-07-31,XLK,"XLK,SCHG,INDA",3
current_best momentum_core bucket5% top3 boost16,2023-07-31,2023-08-31,SCHG,"SCHG,XLK,EWY",3
current_best momentum_core bucket5% top3 boost16,2023-08-31,2023-09-30,XLK,"XLK,SCHG,SPMO",3
current_best momentum_core bucket5% top3 boost16,2023-09-30,2023-10-31,SPMO,SPMO,1
current_best momentum_core bucket5% top3 boost16,2023-10-31,2023-11-30,BIL,,0
current_best momentum_core bucket5% top3 boost16,2023-11-30,2023-12-31,XLK,"XLK,SCHG,SPMO",3
current_best momentum_core bucket5% top3 boost16,2023-12-31,2024-01-31,XLK,"XLK,SPMO,SCHG",3
current_best momentum_core bucket5% top3 boost16,2024-01-31,2024-02-29,SPMO,"SPMO,MTUM,XLK",3
current_best momentum_core bucket5% top3 boost16,2024-02-29,2024-03-31,SPMO,"SPMO,MTUM,SCHG",3
current_best momentum_core bucket5% top3 boost16,2024-03-31,2024-04-30,SPMO,"SPMO,MTUM,SCHG",3
current_best momentum_core bucket5% top3 boost16,2024-04-30,2024-05-31,INDA,INDA,1
current_best momentum_core bucket5% top3 boost16,2024-05-31,2024-06-30,SPMO,"SPMO,INDA,SCHG",3
current_best momentum_core bucket5% top3 boost16,2024-06-30,2024-07-31,SPMO,"SPMO,XLK,SCHG",3
current_best momentum_core bucket5% top3 boost16,2024-07-31,2024-08-31,INDA,"INDA,SCHG,SPMO",3
current_best momentum_core bucket5% top3 boost16,2024-08-31,2024-09-30,SPMO,"SPMO,EWJ,SCHG",3
current_best momentum_core bucket5% top3 boost16,2024-09-30,2024-10-31,SPMO,"SPMO,MTUM,SCHG",3
current_best momentum_core bucket5% top3 boost16,2024-10-31,2024-11-30,MTUM,"MTUM,SPMO,SCHG",3
current_best momentum_core bucket5% top3 boost16,2024-11-30,2024-12-31,MTUM,"MTUM,SCHG,SPMO",3
current_best momentum_core bucket5% top3 boost16,2024-12-31,2025-01-31,SCHG,"SCHG,SPMO,MTUM",3
current_best momentum_core bucket5% top3 boost16,2025-01-31,2025-02-28,SPMO,"SPMO,SCHG,MTUM",3
current_best momentum_core bucket5% top3 boost16,2025-02-28,2025-03-31,SPMO,"SPMO,MTUM,EWJ",3
current_best momentum_core bucket5% top3 boost16,2025-03-31,2025-04-30,IEF,EWJ,1
current_best momentum_core bucket5% top3 boost16,2025-04-30,2025-05-31,EWJ,"EWJ,INDA",2
current_best momentum_core bucket5% top3 boost16,2025-05-31,2025-06-30,SPMO,"SPMO,MTUM,EWY",3
current_best momentum_core bucket5% top3 boost16,2025-06-30,2025-07-31,EWY,"EWY,SPMO,MTUM",3
current_best momentum_core bucket5% top3 boost16,2025-07-31,2025-08-31,XLK,"EWY,XLK,SPMO",3
current_best momentum_core bucket5% top3 boost16,2025-08-31,2025-09-30,SCHG,"SCHG,SPMO,XLK",3
current_best momentum_core bucket5% top3 boost16,2025-09-30,2025-10-31,EWY,"EWY,XLK,SCHG",3
current_best momentum_core bucket5% top3 boost16,2025-10-31,2025-11-30,EWY,"EWY,XLK,SCHG",3
current_best momentum_core bucket5% top3 boost16,2025-11-30,2025-12-31,EWY,"EWY,SCHG,EWJ",3
current_best momentum_core bucket5% top3 boost16,2025-12-31,2026-01-31,EWY,"EWY,EWJ",2
current_best momentum_core bucket5% top3 boost16,2026-01-31,2026-02-28,EWY,"EWY,EWJ,XLK",3
current_best momentum_core bucket5% top3 boost16,2026-02-28,2026-03-31,EWY,"EWY,EWJ",2
current_best momentum_core bucket5% top3 boost16,2026-03-31,2026-04-29,BIL,EWY,1
current_best momentum_core bucket8% top1 boost16,2016-09-30,2016-10-31,EWY,EWY,1
current_best momentum_core bucket8% top1 boost16,2016-10-31,2016-11-30,EWJ,XLK,1
current_best momentum_core bucket8% top1 boost16,2016-11-30,2016-12-31,,,0
current_best momentum_core bucket8% top1 boost16,2016-12-31,2017-01-31,SPMO,XLK,1
current_best momentum_core bucket8% top1 boost16,2017-01-31,2017-02-28,XLK,XLK,1
current_best momentum_core bucket8% top1 boost16,2017-02-28,2017-03-31,SCHG,SCHG,1
current_best momentum_core bucket8% top1 boost16,2017-03-31,2017-04-30,INDA,INDA,1
current_best momentum_core bucket8% top1 boost16,2017-04-30,2017-05-31,EWY,EWY,1
current_best momentum_core bucket8% top1 boost16,2017-05-31,2017-06-30,EWY,EWY,1
current_best momentum_core bucket8% top1 boost16,2017-06-30,2017-07-31,EWY,EWY,1
current_best momentum_core bucket8% top1 boost16,2017-07-31,2017-08-31,INDA,INDA,1
current_best momentum_core bucket8% top1 boost16,2017-08-31,2017-09-30,XLK,XLK,1
current_best momentum_core bucket8% top1 boost16,2017-09-30,2017-10-31,MTUM,MTUM,1
current_best momentum_core bucket8% top1 boost16,2017-10-31,2017-11-30,XLK,XLK,1
current_best momentum_core bucket8% top1 boost16,2017-11-30,2017-12-31,SPMO,SPMO,1
current_best momentum_core bucket8% top1 boost16,2017-12-31,2018-01-31,SPMO,SPMO,1
current_best momentum_core bucket8% top1 boost16,2018-01-31,2018-02-28,SPMO,SPMO,1
current_best momentum_core bucket8% top1 boost16,2018-02-28,2018-03-31,SPMO,SPMO,1
current_best momentum_core bucket8% top1 boost16,2018-03-31,2018-04-30,BIL,,0
current_best momentum_core bucket8% top1 boost16,2018-04-30,2018-05-31,EWY,EWY,1
current_best momentum_core bucket8% top1 boost16,2018-05-31,2018-06-30,XLK,XLK,1
current_best momentum_core bucket8% top1 boost16,2018-06-30,2018-07-31,XLK,XLK,1
current_best momentum_core bucket8% top1 boost16,2018-07-31,2018-08-31,SPMO,SPMO,1
current_best momentum_core bucket8% top1 boost16,2018-08-31,2018-09-30,XLK,XLK,1
current_best momentum_core bucket8% top1 boost16,2018-09-30,2018-10-31,SPMO,SPMO,1
current_best momentum_core bucket8% top1 boost16,2018-10-31,2018-11-30,BIL,,0
current_best momentum_core bucket8% top1 boost16,2018-11-30,2018-12-31,IEF,,0
current_best momentum_core bucket8% top1 boost16,2018-12-31,2019-01-31,IEF,,0
current_best momentum_core bucket8% top1 boost16,2019-01-31,2019-02-28,IEF,,0
current_best momentum_core bucket8% top1 boost16,2019-02-28,2019-03-31,SPMO,SPMO,1
current_best momentum_core bucket8% top1 boost16,2019-03-31,2019-04-30,XLK,XLK,1
current_best momentum_core bucket8% top1 boost16,2019-04-30,2019-05-31,XLK,XLK,1
current_best momentum_core bucket8% top1 boost16,2019-05-31,2019-06-30,INDA,INDA,1
current_best momentum_core bucket8% top1 boost16,2019-06-30,2019-07-31,MTUM,MTUM,1
current_best momentum_core bucket8% top1 boost16,2019-07-31,2019-08-31,XLK,XLK,1
current_best momentum_core bucket8% top1 boost16,2019-08-31,2019-09-30,IEF,MTUM,1
current_best momentum_core bucket8% top1 boost16,2019-09-30,2019-10-31,EWJ,EWJ,1
current_best momentum_core bucket8% top1 boost16,2019-10-31,2019-11-30,EWJ,EWJ,1
current_best momentum_core bucket8% top1 boost16,2019-11-30,2019-12-31,XLK,XLK,1
current_best momentum_core bucket8% top1 boost16,2019-12-31,2020-01-31,XLK,XLK,1
current_best momentum_core bucket8% top1 boost16,2020-01-31,2020-02-29,XLK,XLK,1
current_best momentum_core bucket8% top1 boost16,2020-02-29,2020-03-31,IEF,,0
current_best momentum_core bucket8% top1 boost16,2020-03-31,2020-04-30,IEF,,0
current_best momentum_core bucket8% top1 boost16,2020-04-30,2020-05-31,IEF,,0
current_best momentum_core bucket8% top1 boost16,2020-05-31,2020-06-30,SCHG,SCHG,1
current_best momentum_core bucket8% top1 boost16,2020-06-30,2020-07-31,XLK,XLK,1
current_best momentum_core bucket8% top1 boost16,2020-07-31,2020-08-31,XLK,XLK,1
current_best momentum_core bucket8% top1 boost16,2020-08-31,2020-09-30,XLK,XLK,1
current_best momentum_core bucket8% top1 boost16,2020-09-30,2020-10-31,XLK,XLK,1
current_best momentum_core bucket8% top1 boost16,2020-10-31,2020-11-30,EWY,EWY,1
current_best momentum_core bucket8% top1 boost16,2020-11-30,2020-12-31,EWY,EWY,1
current_best momentum_core bucket8% top1 boost16,2020-12-31,2021-01-31,EWY,EWY,1
current_best momentum_core bucket8% top1 boost16,2021-01-31,2021-02-28,EWY,EWY,1
current_best momentum_core bucket8% top1 boost16,2021-02-28,2021-03-31,EWY,EWY,1
current_best momentum_core bucket8% top1 boost16,2021-03-31,2021-04-30,XLK,INDA,1
current_best momentum_core bucket8% top1 boost16,2021-04-30,2021-05-31,SCHG,SCHG,1
current_best momentum_core bucket8% top1 boost16,2021-05-31,2021-06-30,INDA,INDA,1
current_best momentum_core bucket8% top1 boost16,2021-06-30,2021-07-31,SPMO,SPMO,1
current_best momentum_core bucket8% top1 boost16,2021-07-31,2021-08-31,XLK,XLK,1
current_best momentum_core bucket8% top1 boost16,2021-08-31,2021-09-30,INDA,INDA,1
current_best momentum_core bucket8% top1 boost16,2021-09-30,2021-10-31,INDA,INDA,1
current_best momentum_core bucket8% top1 boost16,2021-10-31,2021-11-30,SCHG,SCHG,1
current_best momentum_core bucket8% top1 boost16,2021-11-30,2021-12-31,XLK,XLK,1
current_best momentum_core bucket8% top1 boost16,2021-12-31,2022-01-31,XLK,XLK,1
current_best momentum_core bucket8% top1 boost16,2022-01-31,2022-02-28,,,0
current_best momentum_core bucket8% top1 boost16,2022-02-28,2022-03-31,,,0
current_best momentum_core bucket8% top1 boost16,2022-03-31,2022-04-30,BIL,,0
current_best momentum_core bucket8% top1 boost16,2022-04-30,2022-05-31,BIL,,0
current_best momentum_core bucket8% top1 boost16,2022-05-31,2022-06-30,BIL,,0
current_best momentum_core bucket8% top1 boost16,2022-06-30,2022-07-31,BIL,,0
current_best momentum_core bucket8% top1 boost16,2022-07-31,2022-08-31,BIL,,0
current_best momentum_core bucket8% top1 boost16,2022-08-31,2022-09-30,BIL,,0
current_best momentum_core bucket8% top1 boost16,2022-09-30,2022-10-31,BIL,,0
current_best momentum_core bucket8% top1 boost16,2022-10-31,2022-11-30,MTUM,MTUM,1
current_best momentum_core bucket8% top1 boost16,2022-11-30,2022-12-31,MTUM,MTUM,1
current_best momentum_core bucket8% top1 boost16,2022-12-31,2023-01-31,BIL,EWJ,1
current_best momentum_core bucket8% top1 boost16,2023-01-31,2023-02-28,EWY,EWY,1
current_best momentum_core bucket8% top1 boost16,2023-02-28,2023-03-31,XLK,XLK,1
current_best momentum_core bucket8% top1 boost16,2023-03-31,2023-04-30,XLK,XLK,1
current_best momentum_core bucket8% top1 boost16,2023-04-30,2023-05-31,XLK,XLK,1
current_best momentum_core bucket8% top1 boost16,2023-05-31,2023-06-30,XLK,XLK,1
current_best momentum_core bucket8% top1 boost16,2023-06-30,2023-07-31,XLK,XLK,1
current_best momentum_core bucket8% top1 boost16,2023-07-31,2023-08-31,SCHG,SCHG,1
current_best momentum_core bucket8% top1 boost16,2023-08-31,2023-09-30,XLK,XLK,1
current_best momentum_core bucket8% top1 boost16,2023-09-30,2023-10-31,SPMO,SPMO,1
current_best momentum_core bucket8% top1 boost16,2023-10-31,2023-11-30,BIL,,0
current_best momentum_core bucket8% top1 boost16,2023-11-30,2023-12-31,XLK,XLK,1
current_best momentum_core bucket8% top1 boost16,2023-12-31,2024-01-31,XLK,XLK,1
current_best momentum_core bucket8% top1 boost16,2024-01-31,2024-02-29,SPMO,SPMO,1
current_best momentum_core bucket8% top1 boost16,2024-02-29,2024-03-31,SPMO,SPMO,1
current_best momentum_core bucket8% top1 boost16,2024-03-31,2024-04-30,SPMO,SPMO,1
current_best momentum_core bucket8% top1 boost16,2024-04-30,2024-05-31,INDA,INDA,1
current_best momentum_core bucket8% top1 boost16,2024-05-31,2024-06-30,SPMO,SPMO,1
current_best momentum_core bucket8% top1 boost16,2024-06-30,2024-07-31,SPMO,SPMO,1
current_best momentum_core bucket8% top1 boost16,2024-07-31,2024-08-31,INDA,INDA,1
current_best momentum_core bucket8% top1 boost16,2024-08-31,2024-09-30,SPMO,SPMO,1
current_best momentum_core bucket8% top1 boost16,2024-09-30,2024-10-31,SPMO,SPMO,1
current_best momentum_core bucket8% top1 boost16,2024-10-31,2024-11-30,MTUM,MTUM,1
current_best momentum_core bucket8% top1 boost16,2024-11-30,2024-12-31,MTUM,MTUM,1
current_best momentum_core bucket8% top1 boost16,2024-12-31,2025-01-31,SCHG,SCHG,1
current_best momentum_core bucket8% top1 boost16,2025-01-31,2025-02-28,SPMO,SPMO,1
current_best momentum_core bucket8% top1 boost16,2025-02-28,2025-03-31,SPMO,SPMO,1
current_best momentum_core bucket8% top1 boost16,2025-03-31,2025-04-30,IEF,EWJ,1
current_best momentum_core bucket8% top1 boost16,2025-04-30,2025-05-31,EWJ,EWJ,1
current_best momentum_core bucket8% top1 boost16,2025-05-31,2025-06-30,SPMO,SPMO,1
current_best momentum_core bucket8% top1 boost16,2025-06-30,2025-07-31,EWY,EWY,1
current_best momentum_core bucket8% top1 boost16,2025-07-31,2025-08-31,XLK,EWY,1
current_best momentum_core bucket8% top1 boost16,2025-08-31,2025-09-30,SCHG,SCHG,1
current_best momentum_core bucket8% top1 boost16,2025-09-30,2025-10-31,EWY,EWY,1
current_best momentum_core bucket8% top1 boost16,2025-10-31,2025-11-30,EWY,EWY,1
current_best momentum_core bucket8% top1 boost16,2025-11-30,2025-12-31,EWY,EWY,1
current_best momentum_core bucket8% top1 boost16,2025-12-31,2026-01-31,EWY,EWY,1
current_best momentum_core bucket8% top1 boost16,2026-01-31,2026-02-28,EWY,EWY,1
current_best momentum_core bucket8% top1 boost16,2026-02-28,2026-03-31,EWY,EWY,1
current_best momentum_core bucket8% top1 boost16,2026-03-31,2026-04-29,BIL,EWY,1
current_best momentum_core bucket8% top2 boost16,2016-09-30,2016-10-31,EWY,"EWY,XLK",2
current_best momentum_core bucket8% top2 boost16,2016-10-31,2016-11-30,EWJ,"XLK,EWJ",2
current_best momentum_core bucket8% top2 boost16,2016-11-30,2016-12-31,,,0
current_best momentum_core bucket8% top2 boost16,2016-12-31,2017-01-31,SPMO,"XLK,SCHG",2
current_best momentum_core bucket8% top2 boost16,2017-01-31,2017-02-28,XLK,"XLK,EWY",2
current_best momentum_core bucket8% top2 boost16,2017-02-28,2017-03-31,SCHG,"SCHG,XLK",2
current_best momentum_core bucket8% top2 boost16,2017-03-31,2017-04-30,INDA,"INDA,EWY",2
current_best momentum_core bucket8% top2 boost16,2017-04-30,2017-05-31,EWY,"EWY,INDA",2
current_best momentum_core bucket8% top2 boost16,2017-05-31,2017-06-30,EWY,"EWY,MTUM",2
current_best momentum_core bucket8% top2 boost16,2017-06-30,2017-07-31,EWY,"EWY,MTUM",2
current_best momentum_core bucket8% top2 boost16,2017-07-31,2017-08-31,INDA,"INDA,MTUM",2
current_best momentum_core bucket8% top2 boost16,2017-08-31,2017-09-30,XLK,"XLK,MTUM",2
current_best momentum_core bucket8% top2 boost16,2017-09-30,2017-10-31,MTUM,"MTUM,SPMO",2
current_best momentum_core bucket8% top2 boost16,2017-10-31,2017-11-30,XLK,"XLK,MTUM",2
current_best momentum_core bucket8% top2 boost16,2017-11-30,2017-12-31,SPMO,"SPMO,MTUM",2
current_best momentum_core bucket8% top2 boost16,2017-12-31,2018-01-31,SPMO,"SPMO,EWY",2
current_best momentum_core bucket8% top2 boost16,2018-01-31,2018-02-28,SPMO,"SPMO,MTUM",2
current_best momentum_core bucket8% top2 boost16,2018-02-28,2018-03-31,SPMO,"SPMO,XLK",2
current_best momentum_core bucket8% top2 boost16,2018-03-31,2018-04-30,BIL,,0
current_best momentum_core bucket8% top2 boost16,2018-04-30,2018-05-31,EWY,EWY,1
current_best momentum_core bucket8% top2 boost16,2018-05-31,2018-06-30,XLK,"XLK,SPMO",2
current_best momentum_core bucket8% top2 boost16,2018-06-30,2018-07-31,XLK,"XLK,SCHG",2
current_best momentum_core bucket8% top2 boost16,2018-07-31,2018-08-31,SPMO,"SPMO,SCHG",2
current_best momentum_core bucket8% top2 boost16,2018-08-31,2018-09-30,XLK,"XLK,SCHG",2
current_best momentum_core bucket8% top2 boost16,2018-09-30,2018-10-31,SPMO,"SPMO,XLK",2
current_best momentum_core bucket8% top2 boost16,2018-10-31,2018-11-30,BIL,,0
current_best momentum_core bucket8% top2 boost16,2018-11-30,2018-12-31,IEF,,0
current_best momentum_core bucket8% top2 boost16,2018-12-31,2019-01-31,IEF,,0
current_best momentum_core bucket8% top2 boost16,2019-01-31,2019-02-28,IEF,,0
current_best momentum_core bucket8% top2 boost16,2019-02-28,2019-03-31,SPMO,"SPMO,XLK",2
current_best momentum_core bucket8% top2 boost16,2019-03-31,2019-04-30,XLK,"XLK,SPMO",2
current_best momentum_core bucket8% top2 boost16,2019-04-30,2019-05-31,XLK,"XLK,SCHG",2
current_best momentum_core bucket8% top2 boost16,2019-05-31,2019-06-30,INDA,"INDA,MTUM",2
current_best momentum_core bucket8% top2 boost16,2019-06-30,2019-07-31,MTUM,"MTUM,INDA",2
current_best momentum_core bucket8% top2 boost16,2019-07-31,2019-08-31,XLK,"XLK,MTUM",2
current_best momentum_core bucket8% top2 boost16,2019-08-31,2019-09-30,IEF,"MTUM,XLK",2
current_best momentum_core bucket8% top2 boost16,2019-09-30,2019-10-31,EWJ,EWJ,1
current_best momentum_core bucket8% top2 boost16,2019-10-31,2019-11-30,EWJ,"EWJ,XLK",2
current_best momentum_core bucket8% top2 boost16,2019-11-30,2019-12-31,XLK,"XLK,SCHG",2
current_best momentum_core bucket8% top2 boost16,2019-12-31,2020-01-31,XLK,"XLK,EWY",2
current_best momentum_core bucket8% top2 boost16,2020-01-31,2020-02-29,XLK,"XLK,SCHG",2
current_best momentum_core bucket8% top2 boost16,2020-02-29,2020-03-31,IEF,,0
current_best momentum_core bucket8% top2 boost16,2020-03-31,2020-04-30,IEF,,0
current_best momentum_core bucket8% top2 boost16,2020-04-30,2020-05-31,IEF,,0
current_best momentum_core bucket8% top2 boost16,2020-05-31,2020-06-30,SCHG,"SCHG,XLK",2
current_best momentum_core bucket8% top2 boost16,2020-06-30,2020-07-31,XLK,"XLK,SCHG",2
current_best momentum_core bucket8% top2 boost16,2020-07-31,2020-08-31,XLK,"XLK,INDA",2
current_best momentum_core bucket8% top2 boost16,2020-08-31,2020-09-30,XLK,"XLK,SCHG",2
current_best momentum_core bucket8% top2 boost16,2020-09-30,2020-10-31,XLK,"XLK,EWY",2
current_best momentum_core bucket8% top2 boost16,2020-10-31,2020-11-30,EWY,"EWY,EWJ",2
current_best momentum_core bucket8% top2 boost16,2020-11-30,2020-12-31,EWY,"EWY,SCHG",2
current_best momentum_core bucket8% top2 boost16,2020-12-31,2021-01-31,EWY,"EWY,INDA",2
current_best momentum_core bucket8% top2 boost16,2021-01-31,2021-02-28,EWY,"EWY,INDA",2
current_best momentum_core bucket8% top2 boost16,2021-02-28,2021-03-31,EWY,"EWY,INDA",2
current_best momentum_core bucket8% top2 boost16,2021-03-31,2021-04-30,XLK,"INDA,XLK",2
current_best momentum_core bucket8% top2 boost16,2021-04-30,2021-05-31,SCHG,"SCHG,EWY",2
current_best momentum_core bucket8% top2 boost16,2021-05-31,2021-06-30,INDA,"INDA,SCHG",2
current_best momentum_core bucket8% top2 boost16,2021-06-30,2021-07-31,SPMO,"SPMO,SCHG",2
current_best momentum_core bucket8% top2 boost16,2021-07-31,2021-08-31,XLK,"XLK,SCHG",2
current_best momentum_core bucket8% top2 boost16,2021-08-31,2021-09-30,INDA,"INDA,SPMO",2
current_best momentum_core bucket8% top2 boost16,2021-09-30,2021-10-31,INDA,"INDA,EWJ",2
current_best momentum_core bucket8% top2 boost16,2021-10-31,2021-11-30,SCHG,"SCHG,MTUM",2
current_best momentum_core bucket8% top2 boost16,2021-11-30,2021-12-31,XLK,"XLK,SCHG",2
current_best momentum_core bucket8% top2 boost16,2021-12-31,2022-01-31,XLK,"XLK,SCHG",2
current_best momentum_core bucket8% top2 boost16,2022-01-31,2022-02-28,,,0
current_best momentum_core bucket8% top2 boost16,2022-02-28,2022-03-31,,,0
current_best momentum_core bucket8% top2 boost16,2022-03-31,2022-04-30,BIL,,0
current_best momentum_core bucket8% top2 boost16,2022-04-30,2022-05-31,BIL,,0
current_best momentum_core bucket8% top2 boost16,2022-05-31,2022-06-30,BIL,,0
current_best momentum_core bucket8% top2 boost16,2022-06-30,2022-07-31,BIL,,0
current_best momentum_core bucket8% top2 boost16,2022-07-31,2022-08-31,BIL,,0
current_best momentum_core bucket8% top2 boost16,2022-08-31,2022-09-30,BIL,,0
current_best momentum_core bucket8% top2 boost16,2022-09-30,2022-10-31,BIL,,0
current_best momentum_core bucket8% top2 boost16,2022-10-31,2022-11-30,MTUM,"MTUM,SPMO",2
current_best momentum_core bucket8% top2 boost16,2022-11-30,2022-12-31,MTUM,"MTUM,SPMO",2
current_best momentum_core bucket8% top2 boost16,2022-12-31,2023-01-31,BIL,EWJ,1
current_best momentum_core bucket8% top2 boost16,2023-01-31,2023-02-28,EWY,"EWY,EWJ",2
current_best momentum_core bucket8% top2 boost16,2023-02-28,2023-03-31,XLK,"XLK,EWJ",2
current_best momentum_core bucket8% top2 boost16,2023-03-31,2023-04-30,XLK,"XLK,SCHG",2
current_best momentum_core bucket8% top2 boost16,2023-04-30,2023-05-31,XLK,"XLK,SCHG",2
current_best momentum_core bucket8% top2 boost16,2023-05-31,2023-06-30,XLK,"XLK,SCHG",2
current_best momentum_core bucket8% top2 boost16,2023-06-30,2023-07-31,XLK,"XLK,SCHG",2
current_best momentum_core bucket8% top2 boost16,2023-07-31,2023-08-31,SCHG,"SCHG,XLK",2
current_best momentum_core bucket8% top2 boost16,2023-08-31,2023-09-30,XLK,"XLK,SCHG",2
current_best momentum_core bucket8% top2 boost16,2023-09-30,2023-10-31,SPMO,SPMO,1
current_best momentum_core bucket8% top2 boost16,2023-10-31,2023-11-30,BIL,,0
current_best momentum_core bucket8% top2 boost16,2023-11-30,2023-12-31,XLK,"XLK,SCHG",2
current_best momentum_core bucket8% top2 boost16,2023-12-31,2024-01-31,XLK,"XLK,SPMO",2
current_best momentum_core bucket8% top2 boost16,2024-01-31,2024-02-29,SPMO,"SPMO,MTUM",2
current_best momentum_core bucket8% top2 boost16,2024-02-29,2024-03-31,SPMO,"SPMO,MTUM",2
current_best momentum_core bucket8% top2 boost16,2024-03-31,2024-04-30,SPMO,"SPMO,MTUM",2
current_best momentum_core bucket8% top2 boost16,2024-04-30,2024-05-31,INDA,INDA,1
current_best momentum_core bucket8% top2 boost16,2024-05-31,2024-06-30,SPMO,"SPMO,INDA",2
current_best momentum_core bucket8% top2 boost16,2024-06-30,2024-07-31,SPMO,"SPMO,XLK",2
current_best momentum_core bucket8% top2 boost16,2024-07-31,2024-08-31,INDA,"INDA,SCHG",2
current_best momentum_core bucket8% top2 boost16,2024-08-31,2024-09-30,SPMO,"SPMO,EWJ",2
current_best momentum_core bucket8% top2 boost16,2024-09-30,2024-10-31,SPMO,"SPMO,MTUM",2
current_best momentum_core bucket8% top2 boost16,2024-10-31,2024-11-30,MTUM,"MTUM,SPMO",2
current_best momentum_core bucket8% top2 boost16,2024-11-30,2024-12-31,MTUM,"MTUM,SCHG",2
current_best momentum_core bucket8% top2 boost16,2024-12-31,2025-01-31,SCHG,"SCHG,SPMO",2
current_best momentum_core bucket8% top2 boost16,2025-01-31,2025-02-28,SPMO,"SPMO,SCHG",2
current_best momentum_core bucket8% top2 boost16,2025-02-28,2025-03-31,SPMO,"SPMO,MTUM",2
current_best momentum_core bucket8% top2 boost16,2025-03-31,2025-04-30,IEF,EWJ,1
current_best momentum_core bucket8% top2 boost16,2025-04-30,2025-05-31,EWJ,"EWJ,INDA",2
current_best momentum_core bucket8% top2 boost16,2025-05-31,2025-06-30,SPMO,"SPMO,MTUM",2
current_best momentum_core bucket8% top2 boost16,2025-06-30,2025-07-31,EWY,"EWY,SPMO",2
current_best momentum_core bucket8% top2 boost16,2025-07-31,2025-08-31,XLK,"EWY,XLK",2
current_best momentum_core bucket8% top2 boost16,2025-08-31,2025-09-30,SCHG,"SCHG,SPMO",2
current_best momentum_core bucket8% top2 boost16,2025-09-30,2025-10-31,EWY,"EWY,XLK",2
current_best momentum_core bucket8% top2 boost16,2025-10-31,2025-11-30,EWY,"EWY,XLK",2
current_best momentum_core bucket8% top2 boost16,2025-11-30,2025-12-31,EWY,"EWY,SCHG",2
current_best momentum_core bucket8% top2 boost16,2025-12-31,2026-01-31,EWY,"EWY,EWJ",2
current_best momentum_core bucket8% top2 boost16,2026-01-31,2026-02-28,EWY,"EWY,EWJ",2
current_best momentum_core bucket8% top2 boost16,2026-02-28,2026-03-31,EWY,"EWY,EWJ",2
current_best momentum_core bucket8% top2 boost16,2026-03-31,2026-04-29,BIL,EWY,1
current_best momentum_core bucket8% top3 boost16,2016-09-30,2016-10-31,EWY,"EWY,XLK,EWJ",3
current_best momentum_core bucket8% top3 boost16,2016-10-31,2016-11-30,EWJ,"XLK,EWJ",2
current_best momentum_core bucket8% top3 boost16,2016-11-30,2016-12-31,,,0
current_best momentum_core bucket8% top3 boost16,2016-12-31,2017-01-31,SPMO,"XLK,SCHG,SPMO",3
current_best momentum_core bucket8% top3 boost16,2017-01-31,2017-02-28,XLK,"XLK,EWY,SCHG",3
current_best momentum_core bucket8% top3 boost16,2017-02-28,2017-03-31,SCHG,"SCHG,XLK,SPMO",3
current_best momentum_core bucket8% top3 boost16,2017-03-31,2017-04-30,INDA,"INDA,EWY,XLK",3
current_best momentum_core bucket8% top3 boost16,2017-04-30,2017-05-31,EWY,"EWY,INDA,XLK",3
current_best momentum_core bucket8% top3 boost16,2017-05-31,2017-06-30,EWY,"EWY,MTUM,XLK",3
current_best momentum_core bucket8% top3 boost16,2017-06-30,2017-07-31,EWY,"EWY,MTUM,SCHG",3
current_best momentum_core bucket8% top3 boost16,2017-07-31,2017-08-31,INDA,"INDA,MTUM,EWY",3
current_best momentum_core bucket8% top3 boost16,2017-08-31,2017-09-30,XLK,"XLK,MTUM,EWY",3
current_best momentum_core bucket8% top3 boost16,2017-09-30,2017-10-31,MTUM,"MTUM,SPMO,XLK",3
current_best momentum_core bucket8% top3 boost16,2017-10-31,2017-11-30,XLK,"XLK,MTUM,SPMO",3
current_best momentum_core bucket8% top3 boost16,2017-11-30,2017-12-31,SPMO,"SPMO,MTUM,XLK",3
current_best momentum_core bucket8% top3 boost16,2017-12-31,2018-01-31,SPMO,"SPMO,EWY,MTUM",3
current_best momentum_core bucket8% top3 boost16,2018-01-31,2018-02-28,SPMO,"SPMO,MTUM,XLK",3
current_best momentum_core bucket8% top3 boost16,2018-02-28,2018-03-31,SPMO,"SPMO,XLK,MTUM",3
current_best momentum_core bucket8% top3 boost16,2018-03-31,2018-04-30,BIL,,0
current_best momentum_core bucket8% top3 boost16,2018-04-30,2018-05-31,EWY,EWY,1
current_best momentum_core bucket8% top3 boost16,2018-05-31,2018-06-30,XLK,"XLK,SPMO",2
current_best momentum_core bucket8% top3 boost16,2018-06-30,2018-07-31,XLK,"XLK,SCHG,SPMO",3
current_best momentum_core bucket8% top3 boost16,2018-07-31,2018-08-31,SPMO,"SPMO,SCHG,INDA",3
current_best momentum_core bucket8% top3 boost16,2018-08-31,2018-09-30,XLK,"XLK,SCHG,SPMO",3
current_best momentum_core bucket8% top3 boost16,2018-09-30,2018-10-31,SPMO,"SPMO,XLK,SCHG",3
current_best momentum_core bucket8% top3 boost16,2018-10-31,2018-11-30,BIL,,0
current_best momentum_core bucket8% top3 boost16,2018-11-30,2018-12-31,IEF,,0
current_best momentum_core bucket8% top3 boost16,2018-12-31,2019-01-31,IEF,,0
current_best momentum_core bucket8% top3 boost16,2019-01-31,2019-02-28,IEF,,0
current_best momentum_core bucket8% top3 boost16,2019-02-28,2019-03-31,SPMO,"SPMO,XLK,SCHG",3
current_best momentum_core bucket8% top3 boost16,2019-03-31,2019-04-30,XLK,"XLK,SPMO,INDA",3
current_best momentum_core bucket8% top3 boost16,2019-04-30,2019-05-31,XLK,"XLK,SCHG,MTUM",3
current_best momentum_core bucket8% top3 boost16,2019-05-31,2019-06-30,INDA,"INDA,MTUM",2
current_best momentum_core bucket8% top3 boost16,2019-06-30,2019-07-31,MTUM,"MTUM,INDA,SCHG",3
current_best momentum_core bucket8% top3 boost16,2019-07-31,2019-08-31,XLK,"XLK,MTUM,SCHG",3
current_best momentum_core bucket8% top3 boost16,2019-08-31,2019-09-30,IEF,"MTUM,XLK,SCHG",3
current_best momentum_core bucket8% top3 boost16,2019-09-30,2019-10-31,EWJ,EWJ,1
current_best momentum_core bucket8% top3 boost16,2019-10-31,2019-11-30,EWJ,"EWJ,XLK,SCHG",3
current_best momentum_core bucket8% top3 boost16,2019-11-30,2019-12-31,XLK,"XLK,SCHG,EWJ",3
current_best momentum_core bucket8% top3 boost16,2019-12-31,2020-01-31,XLK,"XLK,EWY,SCHG",3
current_best momentum_core bucket8% top3 boost16,2020-01-31,2020-02-29,XLK,"XLK,SCHG,MTUM",3
current_best momentum_core bucket8% top3 boost16,2020-02-29,2020-03-31,IEF,,0
current_best momentum_core bucket8% top3 boost16,2020-03-31,2020-04-30,IEF,,0
current_best momentum_core bucket8% top3 boost16,2020-04-30,2020-05-31,IEF,,0
current_best momentum_core bucket8% top3 boost16,2020-05-31,2020-06-30,SCHG,"SCHG,XLK",2
current_best momentum_core bucket8% top3 boost16,2020-06-30,2020-07-31,XLK,"XLK,SCHG,MTUM",3
current_best momentum_core bucket8% top3 boost16,2020-07-31,2020-08-31,XLK,"XLK,INDA,SCHG",3
current_best momentum_core bucket8% top3 boost16,2020-08-31,2020-09-30,XLK,"XLK,SCHG,MTUM",3
current_best momentum_core bucket8% top3 boost16,2020-09-30,2020-10-31,XLK,"XLK,EWY,SPMO",3
current_best momentum_core bucket8% top3 boost16,2020-10-31,2020-11-30,EWY,"EWY,EWJ",2
current_best momentum_core bucket8% top3 boost16,2020-11-30,2020-12-31,EWY,"EWY,SCHG,XLK",3
current_best momentum_core bucket8% top3 boost16,2020-12-31,2021-01-31,EWY,"EWY,INDA,XLK",3
current_best momentum_core bucket8% top3 boost16,2021-01-31,2021-02-28,EWY,"EWY,INDA,MTUM",3
current_best momentum_core bucket8% top3 boost16,2021-02-28,2021-03-31,EWY,"EWY,INDA,EWJ",3
current_best momentum_core bucket8% top3 boost16,2021-03-31,2021-04-30,XLK,"INDA,XLK,SCHG",3
current_best momentum_core bucket8% top3 boost16,2021-04-30,2021-05-31,SCHG,"SCHG,EWY,XLK",3
current_best momentum_core bucket8% top3 boost16,2021-05-31,2021-06-30,INDA,"INDA,SCHG,XLK",3
current_best momentum_core bucket8% top3 boost16,2021-06-30,2021-07-31,SPMO,"SPMO,SCHG,XLK",3
current_best momentum_core bucket8% top3 boost16,2021-07-31,2021-08-31,XLK,"XLK,SCHG,SPMO",3
current_best momentum_core bucket8% top3 boost16,2021-08-31,2021-09-30,INDA,"INDA,SPMO,XLK",3
current_best momentum_core bucket8% top3 boost16,2021-09-30,2021-10-31,INDA,"INDA,EWJ",2
current_best momentum_core bucket8% top3 boost16,2021-10-31,2021-11-30,SCHG,"SCHG,MTUM,XLK",3
current_best momentum_core bucket8% top3 boost16,2021-11-30,2021-12-31,XLK,"XLK,SCHG,MTUM",3
current_best momentum_core bucket8% top3 boost16,2021-12-31,2022-01-31,XLK,"XLK,SCHG",2
current_best momentum_core bucket8% top3 boost16,2022-01-31,2022-02-28,,,0
current_best momentum_core bucket8% top3 boost16,2022-02-28,2022-03-31,,,0
current_best momentum_core bucket8% top3 boost16,2022-03-31,2022-04-30,BIL,,0
current_best momentum_core bucket8% top3 boost16,2022-04-30,2022-05-31,BIL,,0
current_best momentum_core bucket8% top3 boost16,2022-05-31,2022-06-30,BIL,,0
current_best momentum_core bucket8% top3 boost16,2022-06-30,2022-07-31,BIL,,0
current_best momentum_core bucket8% top3 boost16,2022-07-31,2022-08-31,BIL,,0
current_best momentum_core bucket8% top3 boost16,2022-08-31,2022-09-30,BIL,,0
current_best momentum_core bucket8% top3 boost16,2022-09-30,2022-10-31,BIL,,0
current_best momentum_core bucket8% top3 boost16,2022-10-31,2022-11-30,MTUM,"MTUM,SPMO",2
current_best momentum_core bucket8% top3 boost16,2022-11-30,2022-12-31,MTUM,"MTUM,SPMO,EWY",3
current_best momentum_core bucket8% top3 boost16,2022-12-31,2023-01-31,BIL,EWJ,1
current_best momentum_core bucket8% top3 boost16,2023-01-31,2023-02-28,EWY,"EWY,EWJ,SCHG",3
current_best momentum_core bucket8% top3 boost16,2023-02-28,2023-03-31,XLK,"XLK,EWJ,EWY",3
current_best momentum_core bucket8% top3 boost16,2023-03-31,2023-04-30,XLK,"XLK,SCHG",2
current_best momentum_core bucket8% top3 boost16,2023-04-30,2023-05-31,XLK,"XLK,SCHG,EWJ",3
current_best momentum_core bucket8% top3 boost16,2023-05-31,2023-06-30,XLK,"XLK,SCHG,EWJ",3
current_best momentum_core bucket8% top3 boost16,2023-06-30,2023-07-31,XLK,"XLK,SCHG,INDA",3
current_best momentum_core bucket8% top3 boost16,2023-07-31,2023-08-31,SCHG,"SCHG,XLK,EWY",3
current_best momentum_core bucket8% top3 boost16,2023-08-31,2023-09-30,XLK,"XLK,SCHG,SPMO",3
current_best momentum_core bucket8% top3 boost16,2023-09-30,2023-10-31,SPMO,SPMO,1
current_best momentum_core bucket8% top3 boost16,2023-10-31,2023-11-30,BIL,,0
current_best momentum_core bucket8% top3 boost16,2023-11-30,2023-12-31,XLK,"XLK,SCHG,SPMO",3
current_best momentum_core bucket8% top3 boost16,2023-12-31,2024-01-31,XLK,"XLK,SPMO,SCHG",3
current_best momentum_core bucket8% top3 boost16,2024-01-31,2024-02-29,SPMO,"SPMO,MTUM,XLK",3
current_best momentum_core bucket8% top3 boost16,2024-02-29,2024-03-31,SPMO,"SPMO,MTUM,SCHG",3
current_best momentum_core bucket8% top3 boost16,2024-03-31,2024-04-30,SPMO,"SPMO,MTUM,SCHG",3
current_best momentum_core bucket8% top3 boost16,2024-04-30,2024-05-31,INDA,INDA,1
current_best momentum_core bucket8% top3 boost16,2024-05-31,2024-06-30,SPMO,"SPMO,INDA,SCHG",3
current_best momentum_core bucket8% top3 boost16,2024-06-30,2024-07-31,SPMO,"SPMO,XLK,SCHG",3
current_best momentum_core bucket8% top3 boost16,2024-07-31,2024-08-31,INDA,"INDA,SCHG,SPMO",3
current_best momentum_core bucket8% top3 boost16,2024-08-31,2024-09-30,SPMO,"SPMO,EWJ,SCHG",3
current_best momentum_core bucket8% top3 boost16,2024-09-30,2024-10-31,SPMO,"SPMO,MTUM,SCHG",3
current_best momentum_core bucket8% top3 boost16,2024-10-31,2024-11-30,MTUM,"MTUM,SPMO,SCHG",3
current_best momentum_core bucket8% top3 boost16,2024-11-30,2024-12-31,MTUM,"MTUM,SCHG,SPMO",3
current_best momentum_core bucket8% top3 boost16,2024-12-31,2025-01-31,SCHG,"SCHG,SPMO,MTUM",3
current_best momentum_core bucket8% top3 boost16,2025-01-31,2025-02-28,SPMO,"SPMO,SCHG,MTUM",3
current_best momentum_core bucket8% top3 boost16,2025-02-28,2025-03-31,SPMO,"SPMO,MTUM,EWJ",3
current_best momentum_core bucket8% top3 boost16,2025-03-31,2025-04-30,IEF,EWJ,1
current_best momentum_core bucket8% top3 boost16,2025-04-30,2025-05-31,EWJ,"EWJ,INDA",2
current_best momentum_core bucket8% top3 boost16,2025-05-31,2025-06-30,SPMO,"SPMO,MTUM,EWY",3
current_best momentum_core bucket8% top3 boost16,2025-06-30,2025-07-31,EWY,"EWY,SPMO,MTUM",3
current_best momentum_core bucket8% top3 boost16,2025-07-31,2025-08-31,XLK,"EWY,XLK,SPMO",3
current_best momentum_core bucket8% top3 boost16,2025-08-31,2025-09-30,SCHG,"SCHG,SPMO,XLK",3
current_best momentum_core bucket8% top3 boost16,2025-09-30,2025-10-31,EWY,"EWY,XLK,SCHG",3
current_best momentum_core bucket8% top3 boost16,2025-10-31,2025-11-30,EWY,"EWY,XLK,SCHG",3
current_best momentum_core bucket8% top3 boost16,2025-11-30,2025-12-31,EWY,"EWY,SCHG,EWJ",3
current_best momentum_core bucket8% top3 boost16,2025-12-31,2026-01-31,EWY,"EWY,EWJ",2
current_best momentum_core bucket8% top3 boost16,2026-01-31,2026-02-28,EWY,"EWY,EWJ,XLK",3
current_best momentum_core bucket8% top3 boost16,2026-02-28,2026-03-31,EWY,"EWY,EWJ",2
current_best momentum_core bucket8% top3 boost16,2026-03-31,2026-04-29,BIL,EWY,1
current_best momentum_core bucket10% top1 boost16,2016-09-30,2016-10-31,EWY,EWY,1
current_best momentum_core bucket10% top1 boost16,2016-10-31,2016-11-30,EWJ,XLK,1
current_best momentum_core bucket10% top1 boost16,2016-11-30,2016-12-31,,,0
current_best momentum_core bucket10% top1 boost16,2016-12-31,2017-01-31,SPMO,XLK,1
current_best momentum_core bucket10% top1 boost16,2017-01-31,2017-02-28,XLK,XLK,1
current_best momentum_core bucket10% top1 boost16,2017-02-28,2017-03-31,SCHG,SCHG,1
current_best momentum_core bucket10% top1 boost16,2017-03-31,2017-04-30,INDA,INDA,1
current_best momentum_core bucket10% top1 boost16,2017-04-30,2017-05-31,EWY,EWY,1
current_best momentum_core bucket10% top1 boost16,2017-05-31,2017-06-30,EWY,EWY,1
current_best momentum_core bucket10% top1 boost16,2017-06-30,2017-07-31,EWY,EWY,1
current_best momentum_core bucket10% top1 boost16,2017-07-31,2017-08-31,INDA,INDA,1
current_best momentum_core bucket10% top1 boost16,2017-08-31,2017-09-30,XLK,XLK,1
current_best momentum_core bucket10% top1 boost16,2017-09-30,2017-10-31,MTUM,MTUM,1
current_best momentum_core bucket10% top1 boost16,2017-10-31,2017-11-30,XLK,XLK,1
current_best momentum_core bucket10% top1 boost16,2017-11-30,2017-12-31,SPMO,SPMO,1
current_best momentum_core bucket10% top1 boost16,2017-12-31,2018-01-31,SPMO,SPMO,1
current_best momentum_core bucket10% top1 boost16,2018-01-31,2018-02-28,SPMO,SPMO,1
current_best momentum_core bucket10% top1 boost16,2018-02-28,2018-03-31,SPMO,SPMO,1
current_best momentum_core bucket10% top1 boost16,2018-03-31,2018-04-30,BIL,,0
current_best momentum_core bucket10% top1 boost16,2018-04-30,2018-05-31,EWY,EWY,1
current_best momentum_core bucket10% top1 boost16,2018-05-31,2018-06-30,XLK,XLK,1
current_best momentum_core bucket10% top1 boost16,2018-06-30,2018-07-31,XLK,XLK,1
current_best momentum_core bucket10% top1 boost16,2018-07-31,2018-08-31,SPMO,SPMO,1
current_best momentum_core bucket10% top1 boost16,2018-08-31,2018-09-30,XLK,XLK,1
current_best momentum_core bucket10% top1 boost16,2018-09-30,2018-10-31,SPMO,SPMO,1
current_best momentum_core bucket10% top1 boost16,2018-10-31,2018-11-30,BIL,,0
current_best momentum_core bucket10% top1 boost16,2018-11-30,2018-12-31,IEF,,0
current_best momentum_core bucket10% top1 boost16,2018-12-31,2019-01-31,IEF,,0
current_best momentum_core bucket10% top1 boost16,2019-01-31,2019-02-28,IEF,,0
current_best momentum_core bucket10% top1 boost16,2019-02-28,2019-03-31,SPMO,SPMO,1
current_best momentum_core bucket10% top1 boost16,2019-03-31,2019-04-30,XLK,XLK,1
current_best momentum_core bucket10% top1 boost16,2019-04-30,2019-05-31,XLK,XLK,1
current_best momentum_core bucket10% top1 boost16,2019-05-31,2019-06-30,INDA,INDA,1
current_best momentum_core bucket10% top1 boost16,2019-06-30,2019-07-31,MTUM,MTUM,1
current_best momentum_core bucket10% top1 boost16,2019-07-31,2019-08-31,XLK,XLK,1
current_best momentum_core bucket10% top1 boost16,2019-08-31,2019-09-30,IEF,MTUM,1
current_best momentum_core bucket10% top1 boost16,2019-09-30,2019-10-31,EWJ,EWJ,1
current_best momentum_core bucket10% top1 boost16,2019-10-31,2019-11-30,EWJ,EWJ,1
current_best momentum_core bucket10% top1 boost16,2019-11-30,2019-12-31,XLK,XLK,1
current_best momentum_core bucket10% top1 boost16,2019-12-31,2020-01-31,XLK,XLK,1
current_best momentum_core bucket10% top1 boost16,2020-01-31,2020-02-29,XLK,XLK,1
current_best momentum_core bucket10% top1 boost16,2020-02-29,2020-03-31,IEF,,0
current_best momentum_core bucket10% top1 boost16,2020-03-31,2020-04-30,IEF,,0
current_best momentum_core bucket10% top1 boost16,2020-04-30,2020-05-31,IEF,,0
current_best momentum_core bucket10% top1 boost16,2020-05-31,2020-06-30,SCHG,SCHG,1
current_best momentum_core bucket10% top1 boost16,2020-06-30,2020-07-31,XLK,XLK,1
current_best momentum_core bucket10% top1 boost16,2020-07-31,2020-08-31,XLK,XLK,1
current_best momentum_core bucket10% top1 boost16,2020-08-31,2020-09-30,XLK,XLK,1
current_best momentum_core bucket10% top1 boost16,2020-09-30,2020-10-31,XLK,XLK,1
current_best momentum_core bucket10% top1 boost16,2020-10-31,2020-11-30,EWY,EWY,1
current_best momentum_core bucket10% top1 boost16,2020-11-30,2020-12-31,EWY,EWY,1
current_best momentum_core bucket10% top1 boost16,2020-12-31,2021-01-31,EWY,EWY,1
current_best momentum_core bucket10% top1 boost16,2021-01-31,2021-02-28,EWY,EWY,1
current_best momentum_core bucket10% top1 boost16,2021-02-28,2021-03-31,EWY,EWY,1
current_best momentum_core bucket10% top1 boost16,2021-03-31,2021-04-30,XLK,INDA,1
current_best momentum_core bucket10% top1 boost16,2021-04-30,2021-05-31,SCHG,SCHG,1
current_best momentum_core bucket10% top1 boost16,2021-05-31,2021-06-30,INDA,INDA,1
current_best momentum_core bucket10% top1 boost16,2021-06-30,2021-07-31,SPMO,SPMO,1
current_best momentum_core bucket10% top1 boost16,2021-07-31,2021-08-31,XLK,XLK,1
current_best momentum_core bucket10% top1 boost16,2021-08-31,2021-09-30,INDA,INDA,1
current_best momentum_core bucket10% top1 boost16,2021-09-30,2021-10-31,INDA,INDA,1
current_best momentum_core bucket10% top1 boost16,2021-10-31,2021-11-30,SCHG,SCHG,1
current_best momentum_core bucket10% top1 boost16,2021-11-30,2021-12-31,XLK,XLK,1
current_best momentum_core bucket10% top1 boost16,2021-12-31,2022-01-31,XLK,XLK,1
current_best momentum_core bucket10% top1 boost16,2022-01-31,2022-02-28,,,0
current_best momentum_core bucket10% top1 boost16,2022-02-28,2022-03-31,,,0
current_best momentum_core bucket10% top1 boost16,2022-03-31,2022-04-30,BIL,,0
current_best momentum_core bucket10% top1 boost16,2022-04-30,2022-05-31,BIL,,0
current_best momentum_core bucket10% top1 boost16,2022-05-31,2022-06-30,BIL,,0
current_best momentum_core bucket10% top1 boost16,2022-06-30,2022-07-31,BIL,,0
current_best momentum_core bucket10% top1 boost16,2022-07-31,2022-08-31,BIL,,0
current_best momentum_core bucket10% top1 boost16,2022-08-31,2022-09-30,BIL,,0
current_best momentum_core bucket10% top1 boost16,2022-09-30,2022-10-31,BIL,,0
current_best momentum_core bucket10% top1 boost16,2022-10-31,2022-11-30,MTUM,MTUM,1
current_best momentum_core bucket10% top1 boost16,2022-11-30,2022-12-31,MTUM,MTUM,1
current_best momentum_core bucket10% top1 boost16,2022-12-31,2023-01-31,BIL,EWJ,1
current_best momentum_core bucket10% top1 boost16,2023-01-31,2023-02-28,EWY,EWY,1
current_best momentum_core bucket10% top1 boost16,2023-02-28,2023-03-31,XLK,XLK,1
current_best momentum_core bucket10% top1 boost16,2023-03-31,2023-04-30,XLK,XLK,1
current_best momentum_core bucket10% top1 boost16,2023-04-30,2023-05-31,XLK,XLK,1
current_best momentum_core bucket10% top1 boost16,2023-05-31,2023-06-30,XLK,XLK,1
current_best momentum_core bucket10% top1 boost16,2023-06-30,2023-07-31,XLK,XLK,1
current_best momentum_core bucket10% top1 boost16,2023-07-31,2023-08-31,SCHG,SCHG,1
current_best momentum_core bucket10% top1 boost16,2023-08-31,2023-09-30,XLK,XLK,1
current_best momentum_core bucket10% top1 boost16,2023-09-30,2023-10-31,SPMO,SPMO,1
current_best momentum_core bucket10% top1 boost16,2023-10-31,2023-11-30,BIL,,0
current_best momentum_core bucket10% top1 boost16,2023-11-30,2023-12-31,XLK,XLK,1
current_best momentum_core bucket10% top1 boost16,2023-12-31,2024-01-31,XLK,XLK,1
current_best momentum_core bucket10% top1 boost16,2024-01-31,2024-02-29,SPMO,SPMO,1
current_best momentum_core bucket10% top1 boost16,2024-02-29,2024-03-31,SPMO,SPMO,1
current_best momentum_core bucket10% top1 boost16,2024-03-31,2024-04-30,SPMO,SPMO,1
current_best momentum_core bucket10% top1 boost16,2024-04-30,2024-05-31,INDA,INDA,1
current_best momentum_core bucket10% top1 boost16,2024-05-31,2024-06-30,SPMO,SPMO,1
current_best momentum_core bucket10% top1 boost16,2024-06-30,2024-07-31,SPMO,SPMO,1
current_best momentum_core bucket10% top1 boost16,2024-07-31,2024-08-31,INDA,INDA,1
current_best momentum_core bucket10% top1 boost16,2024-08-31,2024-09-30,SPMO,SPMO,1
current_best momentum_core bucket10% top1 boost16,2024-09-30,2024-10-31,SPMO,SPMO,1
current_best momentum_core bucket10% top1 boost16,2024-10-31,2024-11-30,MTUM,MTUM,1
current_best momentum_core bucket10% top1 boost16,2024-11-30,2024-12-31,MTUM,MTUM,1
current_best momentum_core bucket10% top1 boost16,2024-12-31,2025-01-31,SCHG,SCHG,1
current_best momentum_core bucket10% top1 boost16,2025-01-31,2025-02-28,SPMO,SPMO,1
current_best momentum_core bucket10% top1 boost16,2025-02-28,2025-03-31,SPMO,SPMO,1
current_best momentum_core bucket10% top1 boost16,2025-03-31,2025-04-30,IEF,EWJ,1
current_best momentum_core bucket10% top1 boost16,2025-04-30,2025-05-31,EWJ,EWJ,1
current_best momentum_core bucket10% top1 boost16,2025-05-31,2025-06-30,SPMO,SPMO,1
current_best momentum_core bucket10% top1 boost16,2025-06-30,2025-07-31,EWY,EWY,1
current_best momentum_core bucket10% top1 boost16,2025-07-31,2025-08-31,XLK,EWY,1
current_best momentum_core bucket10% top1 boost16,2025-08-31,2025-09-30,SCHG,SCHG,1
current_best momentum_core bucket10% top1 boost16,2025-09-30,2025-10-31,EWY,EWY,1
current_best momentum_core bucket10% top1 boost16,2025-10-31,2025-11-30,EWY,EWY,1
current_best momentum_core bucket10% top1 boost16,2025-11-30,2025-12-31,EWY,EWY,1
current_best momentum_core bucket10% top1 boost16,2025-12-31,2026-01-31,EWY,EWY,1
current_best momentum_core bucket10% top1 boost16,2026-01-31,2026-02-28,EWY,EWY,1
current_best momentum_core bucket10% top1 boost16,2026-02-28,2026-03-31,EWY,EWY,1
current_best momentum_core bucket10% top1 boost16,2026-03-31,2026-04-29,BIL,EWY,1
current_best momentum_core bucket10% top2 boost16,2016-09-30,2016-10-31,EWY,"EWY,XLK",2
current_best momentum_core bucket10% top2 boost16,2016-10-31,2016-11-30,EWJ,"XLK,EWJ",2
current_best momentum_core bucket10% top2 boost16,2016-11-30,2016-12-31,,,0
current_best momentum_core bucket10% top2 boost16,2016-12-31,2017-01-31,SPMO,"XLK,SCHG",2
current_best momentum_core bucket10% top2 boost16,2017-01-31,2017-02-28,XLK,"XLK,EWY",2
current_best momentum_core bucket10% top2 boost16,2017-02-28,2017-03-31,SCHG,"SCHG,XLK",2
current_best momentum_core bucket10% top2 boost16,2017-03-31,2017-04-30,INDA,"INDA,EWY",2
current_best momentum_core bucket10% top2 boost16,2017-04-30,2017-05-31,EWY,"EWY,INDA",2
current_best momentum_core bucket10% top2 boost16,2017-05-31,2017-06-30,EWY,"EWY,MTUM",2
current_best momentum_core bucket10% top2 boost16,2017-06-30,2017-07-31,EWY,"EWY,MTUM",2
current_best momentum_core bucket10% top2 boost16,2017-07-31,2017-08-31,INDA,"INDA,MTUM",2
current_best momentum_core bucket10% top2 boost16,2017-08-31,2017-09-30,XLK,"XLK,MTUM",2
current_best momentum_core bucket10% top2 boost16,2017-09-30,2017-10-31,MTUM,"MTUM,SPMO",2
current_best momentum_core bucket10% top2 boost16,2017-10-31,2017-11-30,XLK,"XLK,MTUM",2
current_best momentum_core bucket10% top2 boost16,2017-11-30,2017-12-31,SPMO,"SPMO,MTUM",2
current_best momentum_core bucket10% top2 boost16,2017-12-31,2018-01-31,SPMO,"SPMO,EWY",2
current_best momentum_core bucket10% top2 boost16,2018-01-31,2018-02-28,SPMO,"SPMO,MTUM",2
current_best momentum_core bucket10% top2 boost16,2018-02-28,2018-03-31,SPMO,"SPMO,XLK",2
current_best momentum_core bucket10% top2 boost16,2018-03-31,2018-04-30,BIL,,0
current_best momentum_core bucket10% top2 boost16,2018-04-30,2018-05-31,EWY,EWY,1
current_best momentum_core bucket10% top2 boost16,2018-05-31,2018-06-30,XLK,"XLK,SPMO",2
current_best momentum_core bucket10% top2 boost16,2018-06-30,2018-07-31,XLK,"XLK,SCHG",2
current_best momentum_core bucket10% top2 boost16,2018-07-31,2018-08-31,SPMO,"SPMO,SCHG",2
current_best momentum_core bucket10% top2 boost16,2018-08-31,2018-09-30,XLK,"XLK,SCHG",2
current_best momentum_core bucket10% top2 boost16,2018-09-30,2018-10-31,SPMO,"SPMO,XLK",2
current_best momentum_core bucket10% top2 boost16,2018-10-31,2018-11-30,BIL,,0
current_best momentum_core bucket10% top2 boost16,2018-11-30,2018-12-31,IEF,,0
current_best momentum_core bucket10% top2 boost16,2018-12-31,2019-01-31,IEF,,0
current_best momentum_core bucket10% top2 boost16,2019-01-31,2019-02-28,IEF,,0
current_best momentum_core bucket10% top2 boost16,2019-02-28,2019-03-31,SPMO,"SPMO,XLK",2
current_best momentum_core bucket10% top2 boost16,2019-03-31,2019-04-30,XLK,"XLK,SPMO",2
current_best momentum_core bucket10% top2 boost16,2019-04-30,2019-05-31,XLK,"XLK,SCHG",2
current_best momentum_core bucket10% top2 boost16,2019-05-31,2019-06-30,INDA,"INDA,MTUM",2
current_best momentum_core bucket10% top2 boost16,2019-06-30,2019-07-31,MTUM,"MTUM,INDA",2
current_best momentum_core bucket10% top2 boost16,2019-07-31,2019-08-31,XLK,"XLK,MTUM",2
current_best momentum_core bucket10% top2 boost16,2019-08-31,2019-09-30,IEF,"MTUM,XLK",2
current_best momentum_core bucket10% top2 boost16,2019-09-30,2019-10-31,EWJ,EWJ,1
current_best momentum_core bucket10% top2 boost16,2019-10-31,2019-11-30,EWJ,"EWJ,XLK",2
current_best momentum_core bucket10% top2 boost16,2019-11-30,2019-12-31,XLK,"XLK,SCHG",2
current_best momentum_core bucket10% top2 boost16,2019-12-31,2020-01-31,XLK,"XLK,EWY",2
current_best momentum_core bucket10% top2 boost16,2020-01-31,2020-02-29,XLK,"XLK,SCHG",2
current_best momentum_core bucket10% top2 boost16,2020-02-29,2020-03-31,IEF,,0
current_best momentum_core bucket10% top2 boost16,2020-03-31,2020-04-30,IEF,,0
current_best momentum_core bucket10% top2 boost16,2020-04-30,2020-05-31,IEF,,0
current_best momentum_core bucket10% top2 boost16,2020-05-31,2020-06-30,SCHG,"SCHG,XLK",2
current_best momentum_core bucket10% top2 boost16,2020-06-30,2020-07-31,XLK,"XLK,SCHG",2
current_best momentum_core bucket10% top2 boost16,2020-07-31,2020-08-31,XLK,"XLK,INDA",2
current_best momentum_core bucket10% top2 boost16,2020-08-31,2020-09-30,XLK,"XLK,SCHG",2
current_best momentum_core bucket10% top2 boost16,2020-09-30,2020-10-31,XLK,"XLK,EWY",2
current_best momentum_core bucket10% top2 boost16,2020-10-31,2020-11-30,EWY,"EWY,EWJ",2
current_best momentum_core bucket10% top2 boost16,2020-11-30,2020-12-31,EWY,"EWY,SCHG",2
current_best momentum_core bucket10% top2 boost16,2020-12-31,2021-01-31,EWY,"EWY,INDA",2
current_best momentum_core bucket10% top2 boost16,2021-01-31,2021-02-28,EWY,"EWY,INDA",2
current_best momentum_core bucket10% top2 boost16,2021-02-28,2021-03-31,EWY,"EWY,INDA",2
current_best momentum_core bucket10% top2 boost16,2021-03-31,2021-04-30,XLK,"INDA,XLK",2
current_best momentum_core bucket10% top2 boost16,2021-04-30,2021-05-31,SCHG,"SCHG,EWY",2
current_best momentum_core bucket10% top2 boost16,2021-05-31,2021-06-30,INDA,"INDA,SCHG",2
current_best momentum_core bucket10% top2 boost16,2021-06-30,2021-07-31,SPMO,"SPMO,SCHG",2
current_best momentum_core bucket10% top2 boost16,2021-07-31,2021-08-31,XLK,"XLK,SCHG",2
current_best momentum_core bucket10% top2 boost16,2021-08-31,2021-09-30,INDA,"INDA,SPMO",2
current_best momentum_core bucket10% top2 boost16,2021-09-30,2021-10-31,INDA,"INDA,EWJ",2
current_best momentum_core bucket10% top2 boost16,2021-10-31,2021-11-30,SCHG,"SCHG,MTUM",2
current_best momentum_core bucket10% top2 boost16,2021-11-30,2021-12-31,XLK,"XLK,SCHG",2
current_best momentum_core bucket10% top2 boost16,2021-12-31,2022-01-31,XLK,"XLK,SCHG",2
current_best momentum_core bucket10% top2 boost16,2022-01-31,2022-02-28,,,0
current_best momentum_core bucket10% top2 boost16,2022-02-28,2022-03-31,,,0
current_best momentum_core bucket10% top2 boost16,2022-03-31,2022-04-30,BIL,,0
current_best momentum_core bucket10% top2 boost16,2022-04-30,2022-05-31,BIL,,0
current_best momentum_core bucket10% top2 boost16,2022-05-31,2022-06-30,BIL,,0
current_best momentum_core bucket10% top2 boost16,2022-06-30,2022-07-31,BIL,,0
current_best momentum_core bucket10% top2 boost16,2022-07-31,2022-08-31,BIL,,0
current_best momentum_core bucket10% top2 boost16,2022-08-31,2022-09-30,BIL,,0
current_best momentum_core bucket10% top2 boost16,2022-09-30,2022-10-31,BIL,,0
current_best momentum_core bucket10% top2 boost16,2022-10-31,2022-11-30,MTUM,"MTUM,SPMO",2
current_best momentum_core bucket10% top2 boost16,2022-11-30,2022-12-31,MTUM,"MTUM,SPMO",2
current_best momentum_core bucket10% top2 boost16,2022-12-31,2023-01-31,BIL,EWJ,1
current_best momentum_core bucket10% top2 boost16,2023-01-31,2023-02-28,EWY,"EWY,EWJ",2
current_best momentum_core bucket10% top2 boost16,2023-02-28,2023-03-31,XLK,"XLK,EWJ",2
current_best momentum_core bucket10% top2 boost16,2023-03-31,2023-04-30,XLK,"XLK,SCHG",2
current_best momentum_core bucket10% top2 boost16,2023-04-30,2023-05-31,XLK,"XLK,SCHG",2
current_best momentum_core bucket10% top2 boost16,2023-05-31,2023-06-30,XLK,"XLK,SCHG",2
current_best momentum_core bucket10% top2 boost16,2023-06-30,2023-07-31,XLK,"XLK,SCHG",2
current_best momentum_core bucket10% top2 boost16,2023-07-31,2023-08-31,SCHG,"SCHG,XLK",2
current_best momentum_core bucket10% top2 boost16,2023-08-31,2023-09-30,XLK,"XLK,SCHG",2
current_best momentum_core bucket10% top2 boost16,2023-09-30,2023-10-31,SPMO,SPMO,1
current_best momentum_core bucket10% top2 boost16,2023-10-31,2023-11-30,BIL,,0
current_best momentum_core bucket10% top2 boost16,2023-11-30,2023-12-31,XLK,"XLK,SCHG",2
current_best momentum_core bucket10% top2 boost16,2023-12-31,2024-01-31,XLK,"XLK,SPMO",2
current_best momentum_core bucket10% top2 boost16,2024-01-31,2024-02-29,SPMO,"SPMO,MTUM",2
current_best momentum_core bucket10% top2 boost16,2024-02-29,2024-03-31,SPMO,"SPMO,MTUM",2
current_best momentum_core bucket10% top2 boost16,2024-03-31,2024-04-30,SPMO,"SPMO,MTUM",2
current_best momentum_core bucket10% top2 boost16,2024-04-30,2024-05-31,INDA,INDA,1
current_best momentum_core bucket10% top2 boost16,2024-05-31,2024-06-30,SPMO,"SPMO,INDA",2
current_best momentum_core bucket10% top2 boost16,2024-06-30,2024-07-31,SPMO,"SPMO,XLK",2
current_best momentum_core bucket10% top2 boost16,2024-07-31,2024-08-31,INDA,"INDA,SCHG",2
current_best momentum_core bucket10% top2 boost16,2024-08-31,2024-09-30,SPMO,"SPMO,EWJ",2
current_best momentum_core bucket10% top2 boost16,2024-09-30,2024-10-31,SPMO,"SPMO,MTUM",2
current_best momentum_core bucket10% top2 boost16,2024-10-31,2024-11-30,MTUM,"MTUM,SPMO",2
current_best momentum_core bucket10% top2 boost16,2024-11-30,2024-12-31,MTUM,"MTUM,SCHG",2
current_best momentum_core bucket10% top2 boost16,2024-12-31,2025-01-31,SCHG,"SCHG,SPMO",2
current_best momentum_core bucket10% top2 boost16,2025-01-31,2025-02-28,SPMO,"SPMO,SCHG",2
current_best momentum_core bucket10% top2 boost16,2025-02-28,2025-03-31,SPMO,"SPMO,MTUM",2
current_best momentum_core bucket10% top2 boost16,2025-03-31,2025-04-30,IEF,EWJ,1
current_best momentum_core bucket10% top2 boost16,2025-04-30,2025-05-31,EWJ,"EWJ,INDA",2
current_best momentum_core bucket10% top2 boost16,2025-05-31,2025-06-30,SPMO,"SPMO,MTUM",2
current_best momentum_core bucket10% top2 boost16,2025-06-30,2025-07-31,EWY,"EWY,SPMO",2
current_best momentum_core bucket10% top2 boost16,2025-07-31,2025-08-31,XLK,"EWY,XLK",2
current_best momentum_core bucket10% top2 boost16,2025-08-31,2025-09-30,SCHG,"SCHG,SPMO",2
current_best momentum_core bucket10% top2 boost16,2025-09-30,2025-10-31,EWY,"EWY,XLK",2
current_best momentum_core bucket10% top2 boost16,2025-10-31,2025-11-30,EWY,"EWY,XLK",2
current_best momentum_core bucket10% top2 boost16,2025-11-30,2025-12-31,EWY,"EWY,SCHG",2
current_best momentum_core bucket10% top2 boost16,2025-12-31,2026-01-31,EWY,"EWY,EWJ",2
current_best momentum_core bucket10% top2 boost16,2026-01-31,2026-02-28,EWY,"EWY,EWJ",2
current_best momentum_core bucket10% top2 boost16,2026-02-28,2026-03-31,EWY,"EWY,EWJ",2
current_best momentum_core bucket10% top2 boost16,2026-03-31,2026-04-29,BIL,EWY,1
current_best momentum_core bucket10% top3 boost16,2016-09-30,2016-10-31,EWY,"EWY,XLK,EWJ",3
current_best momentum_core bucket10% top3 boost16,2016-10-31,2016-11-30,EWJ,"XLK,EWJ",2
current_best momentum_core bucket10% top3 boost16,2016-11-30,2016-12-31,,,0
current_best momentum_core bucket10% top3 boost16,2016-12-31,2017-01-31,SPMO,"XLK,SCHG,SPMO",3
current_best momentum_core bucket10% top3 boost16,2017-01-31,2017-02-28,XLK,"XLK,EWY,SCHG",3
current_best momentum_core bucket10% top3 boost16,2017-02-28,2017-03-31,SCHG,"SCHG,XLK,SPMO",3
current_best momentum_core bucket10% top3 boost16,2017-03-31,2017-04-30,INDA,"INDA,EWY,XLK",3
current_best momentum_core bucket10% top3 boost16,2017-04-30,2017-05-31,EWY,"EWY,INDA,XLK",3
current_best momentum_core bucket10% top3 boost16,2017-05-31,2017-06-30,EWY,"EWY,MTUM,XLK",3
current_best momentum_core bucket10% top3 boost16,2017-06-30,2017-07-31,EWY,"EWY,MTUM,SCHG",3
current_best momentum_core bucket10% top3 boost16,2017-07-31,2017-08-31,INDA,"INDA,MTUM,EWY",3
current_best momentum_core bucket10% top3 boost16,2017-08-31,2017-09-30,XLK,"XLK,MTUM,EWY",3
current_best momentum_core bucket10% top3 boost16,2017-09-30,2017-10-31,MTUM,"MTUM,SPMO,XLK",3
current_best momentum_core bucket10% top3 boost16,2017-10-31,2017-11-30,XLK,"XLK,MTUM,SPMO",3
current_best momentum_core bucket10% top3 boost16,2017-11-30,2017-12-31,SPMO,"SPMO,MTUM,XLK",3
current_best momentum_core bucket10% top3 boost16,2017-12-31,2018-01-31,SPMO,"SPMO,EWY,MTUM",3
current_best momentum_core bucket10% top3 boost16,2018-01-31,2018-02-28,SPMO,"SPMO,MTUM,XLK",3
current_best momentum_core bucket10% top3 boost16,2018-02-28,2018-03-31,SPMO,"SPMO,XLK,MTUM",3
current_best momentum_core bucket10% top3 boost16,2018-03-31,2018-04-30,BIL,,0
current_best momentum_core bucket10% top3 boost16,2018-04-30,2018-05-31,EWY,EWY,1
current_best momentum_core bucket10% top3 boost16,2018-05-31,2018-06-30,XLK,"XLK,SPMO",2
current_best momentum_core bucket10% top3 boost16,2018-06-30,2018-07-31,XLK,"XLK,SCHG,SPMO",3
current_best momentum_core bucket10% top3 boost16,2018-07-31,2018-08-31,SPMO,"SPMO,SCHG,INDA",3
current_best momentum_core bucket10% top3 boost16,2018-08-31,2018-09-30,XLK,"XLK,SCHG,SPMO",3
current_best momentum_core bucket10% top3 boost16,2018-09-30,2018-10-31,SPMO,"SPMO,XLK,SCHG",3
current_best momentum_core bucket10% top3 boost16,2018-10-31,2018-11-30,BIL,,0
current_best momentum_core bucket10% top3 boost16,2018-11-30,2018-12-31,IEF,,0
current_best momentum_core bucket10% top3 boost16,2018-12-31,2019-01-31,IEF,,0
current_best momentum_core bucket10% top3 boost16,2019-01-31,2019-02-28,IEF,,0
current_best momentum_core bucket10% top3 boost16,2019-02-28,2019-03-31,SPMO,"SPMO,XLK,SCHG",3
current_best momentum_core bucket10% top3 boost16,2019-03-31,2019-04-30,XLK,"XLK,SPMO,INDA",3
current_best momentum_core bucket10% top3 boost16,2019-04-30,2019-05-31,XLK,"XLK,SCHG,MTUM",3
current_best momentum_core bucket10% top3 boost16,2019-05-31,2019-06-30,INDA,"INDA,MTUM",2
current_best momentum_core bucket10% top3 boost16,2019-06-30,2019-07-31,MTUM,"MTUM,INDA,SCHG",3
current_best momentum_core bucket10% top3 boost16,2019-07-31,2019-08-31,XLK,"XLK,MTUM,SCHG",3
current_best momentum_core bucket10% top3 boost16,2019-08-31,2019-09-30,IEF,"MTUM,XLK,SCHG",3
current_best momentum_core bucket10% top3 boost16,2019-09-30,2019-10-31,EWJ,EWJ,1
current_best momentum_core bucket10% top3 boost16,2019-10-31,2019-11-30,EWJ,"EWJ,XLK,SCHG",3
current_best momentum_core bucket10% top3 boost16,2019-11-30,2019-12-31,XLK,"XLK,SCHG,EWJ",3
current_best momentum_core bucket10% top3 boost16,2019-12-31,2020-01-31,XLK,"XLK,EWY,SCHG",3
current_best momentum_core bucket10% top3 boost16,2020-01-31,2020-02-29,XLK,"XLK,SCHG,MTUM",3
current_best momentum_core bucket10% top3 boost16,2020-02-29,2020-03-31,IEF,,0
current_best momentum_core bucket10% top3 boost16,2020-03-31,2020-04-30,IEF,,0
current_best momentum_core bucket10% top3 boost16,2020-04-30,2020-05-31,IEF,,0
current_best momentum_core bucket10% top3 boost16,2020-05-31,2020-06-30,SCHG,"SCHG,XLK",2
current_best momentum_core bucket10% top3 boost16,2020-06-30,2020-07-31,XLK,"XLK,SCHG,MTUM",3
current_best momentum_core bucket10% top3 boost16,2020-07-31,2020-08-31,XLK,"XLK,INDA,SCHG",3
current_best momentum_core bucket10% top3 boost16,2020-08-31,2020-09-30,XLK,"XLK,SCHG,MTUM",3
current_best momentum_core bucket10% top3 boost16,2020-09-30,2020-10-31,XLK,"XLK,EWY,SPMO",3
current_best momentum_core bucket10% top3 boost16,2020-10-31,2020-11-30,EWY,"EWY,EWJ",2
current_best momentum_core bucket10% top3 boost16,2020-11-30,2020-12-31,EWY,"EWY,SCHG,XLK",3
current_best momentum_core bucket10% top3 boost16,2020-12-31,2021-01-31,EWY,"EWY,INDA,XLK",3
current_best momentum_core bucket10% top3 boost16,2021-01-31,2021-02-28,EWY,"EWY,INDA,MTUM",3
current_best momentum_core bucket10% top3 boost16,2021-02-28,2021-03-31,EWY,"EWY,INDA,EWJ",3
current_best momentum_core bucket10% top3 boost16,2021-03-31,2021-04-30,XLK,"INDA,XLK,SCHG",3
current_best momentum_core bucket10% top3 boost16,2021-04-30,2021-05-31,SCHG,"SCHG,EWY,XLK",3
current_best momentum_core bucket10% top3 boost16,2021-05-31,2021-06-30,INDA,"INDA,SCHG,XLK",3
current_best momentum_core bucket10% top3 boost16,2021-06-30,2021-07-31,SPMO,"SPMO,SCHG,XLK",3
current_best momentum_core bucket10% top3 boost16,2021-07-31,2021-08-31,XLK,"XLK,SCHG,SPMO",3
current_best momentum_core bucket10% top3 boost16,2021-08-31,2021-09-30,INDA,"INDA,SPMO,XLK",3
current_best momentum_core bucket10% top3 boost16,2021-09-30,2021-10-31,INDA,"INDA,EWJ",2
current_best momentum_core bucket10% top3 boost16,2021-10-31,2021-11-30,SCHG,"SCHG,MTUM,XLK",3
current_best momentum_core bucket10% top3 boost16,2021-11-30,2021-12-31,XLK,"XLK,SCHG,MTUM",3
current_best momentum_core bucket10% top3 boost16,2021-12-31,2022-01-31,XLK,"XLK,SCHG",2
current_best momentum_core bucket10% top3 boost16,2022-01-31,2022-02-28,,,0
current_best momentum_core bucket10% top3 boost16,2022-02-28,2022-03-31,,,0
current_best momentum_core bucket10% top3 boost16,2022-03-31,2022-04-30,BIL,,0
current_best momentum_core bucket10% top3 boost16,2022-04-30,2022-05-31,BIL,,0
current_best momentum_core bucket10% top3 boost16,2022-05-31,2022-06-30,BIL,,0
current_best momentum_core bucket10% top3 boost16,2022-06-30,2022-07-31,BIL,,0
current_best momentum_core bucket10% top3 boost16,2022-07-31,2022-08-31,BIL,,0
current_best momentum_core bucket10% top3 boost16,2022-08-31,2022-09-30,BIL,,0
current_best momentum_core bucket10% top3 boost16,2022-09-30,2022-10-31,BIL,,0
current_best momentum_core bucket10% top3 boost16,2022-10-31,2022-11-30,MTUM,"MTUM,SPMO",2
current_best momentum_core bucket10% top3 boost16,2022-11-30,2022-12-31,MTUM,"MTUM,SPMO,EWY",3
current_best momentum_core bucket10% top3 boost16,2022-12-31,2023-01-31,BIL,EWJ,1
current_best momentum_core bucket10% top3 boost16,2023-01-31,2023-02-28,EWY,"EWY,EWJ,SCHG",3
current_best momentum_core bucket10% top3 boost16,2023-02-28,2023-03-31,XLK,"XLK,EWJ,EWY",3
current_best momentum_core bucket10% top3 boost16,2023-03-31,2023-04-30,XLK,"XLK,SCHG",2
current_best momentum_core bucket10% top3 boost16,2023-04-30,2023-05-31,XLK,"XLK,SCHG,EWJ",3
current_best momentum_core bucket10% top3 boost16,2023-05-31,2023-06-30,XLK,"XLK,SCHG,EWJ",3
current_best momentum_core bucket10% top3 boost16,2023-06-30,2023-07-31,XLK,"XLK,SCHG,INDA",3
current_best momentum_core bucket10% top3 boost16,2023-07-31,2023-08-31,SCHG,"SCHG,XLK,EWY",3
current_best momentum_core bucket10% top3 boost16,2023-08-31,2023-09-30,XLK,"XLK,SCHG,SPMO",3
current_best momentum_core bucket10% top3 boost16,2023-09-30,2023-10-31,SPMO,SPMO,1
current_best momentum_core bucket10% top3 boost16,2023-10-31,2023-11-30,BIL,,0
current_best momentum_core bucket10% top3 boost16,2023-11-30,2023-12-31,XLK,"XLK,SCHG,SPMO",3
current_best momentum_core bucket10% top3 boost16,2023-12-31,2024-01-31,XLK,"XLK,SPMO,SCHG",3
current_best momentum_core bucket10% top3 boost16,2024-01-31,2024-02-29,SPMO,"SPMO,MTUM,XLK",3
current_best momentum_core bucket10% top3 boost16,2024-02-29,2024-03-31,SPMO,"SPMO,MTUM,SCHG",3
current_best momentum_core bucket10% top3 boost16,2024-03-31,2024-04-30,SPMO,"SPMO,MTUM,SCHG",3
current_best momentum_core bucket10% top3 boost16,2024-04-30,2024-05-31,INDA,INDA,1
current_best momentum_core bucket10% top3 boost16,2024-05-31,2024-06-30,SPMO,"SPMO,INDA,SCHG",3
current_best momentum_core bucket10% top3 boost16,2024-06-30,2024-07-31,SPMO,"SPMO,XLK,SCHG",3
current_best momentum_core bucket10% top3 boost16,2024-07-31,2024-08-31,INDA,"INDA,SCHG,SPMO",3
current_best momentum_core bucket10% top3 boost16,2024-08-31,2024-09-30,SPMO,"SPMO,EWJ,SCHG",3
current_best momentum_core bucket10% top3 boost16,2024-09-30,2024-10-31,SPMO,"SPMO,MTUM,SCHG",3
current_best momentum_core bucket10% top3 boost16,2024-10-31,2024-11-30,MTUM,"MTUM,SPMO,SCHG",3
current_best momentum_core bucket10% top3 boost16,2024-11-30,2024-12-31,MTUM,"MTUM,SCHG,SPMO",3
current_best momentum_core bucket10% top3 boost16,2024-12-31,2025-01-31,SCHG,"SCHG,SPMO,MTUM",3
current_best momentum_core bucket10% top3 boost16,2025-01-31,2025-02-28,SPMO,"SPMO,SCHG,MTUM",3
current_best momentum_core bucket10% top3 boost16,2025-02-28,2025-03-31,SPMO,"SPMO,MTUM,EWJ",3
current_best momentum_core bucket10% top3 boost16,2025-03-31,2025-04-30,IEF,EWJ,1
current_best momentum_core bucket10% top3 boost16,2025-04-30,2025-05-31,EWJ,"EWJ,INDA",2
current_best momentum_core bucket10% top3 boost16,2025-05-31,2025-06-30,SPMO,"SPMO,MTUM,EWY",3
current_best momentum_core bucket10% top3 boost16,2025-06-30,2025-07-31,EWY,"EWY,SPMO,MTUM",3
current_best momentum_core bucket10% top3 boost16,2025-07-31,2025-08-31,XLK,"EWY,XLK,SPMO",3
current_best momentum_core bucket10% top3 boost16,2025-08-31,2025-09-30,SCHG,"SCHG,SPMO,XLK",3
current_best momentum_core bucket10% top3 boost16,2025-09-30,2025-10-31,EWY,"EWY,XLK,SCHG",3
current_best momentum_core bucket10% top3 boost16,2025-10-31,2025-11-30,EWY,"EWY,XLK,SCHG",3
current_best momentum_core bucket10% top3 boost16,2025-11-30,2025-12-31,EWY,"EWY,SCHG,EWJ",3
current_best momentum_core bucket10% top3 boost16,2025-12-31,2026-01-31,EWY,"EWY,EWJ",2
current_best momentum_core bucket10% top3 boost16,2026-01-31,2026-02-28,EWY,"EWY,EWJ,XLK",3
current_best momentum_core bucket10% top3 boost16,2026-02-28,2026-03-31,EWY,"EWY,EWJ",2
current_best momentum_core bucket10% top3 boost16,2026-03-31,2026-04-29,BIL,EWY,1
current_best sector_only bucket5% top1 boost16,2016-09-30,2016-10-31,EWY,SMH,1
current_best sector_only bucket5% top1 boost16,2016-10-31,2016-11-30,EWJ,SMH,1
current_best sector_only bucket5% top1 boost16,2016-11-30,2016-12-31,,XLF,1
current_best sector_only bucket5% top1 boost16,2016-12-31,2017-01-31,SPMO,XLF,1
current_best sector_only bucket5% top1 boost16,2017-01-31,2017-02-28,XLK,SMH,1
current_best sector_only bucket5% top1 boost16,2017-02-28,2017-03-31,SCHG,XAR,1
current_best sector_only bucket5% top1 boost16,2017-03-31,2017-04-30,INDA,SMH,1
current_best sector_only bucket5% top1 boost16,2017-04-30,2017-05-31,EWY,ITA,1
current_best sector_only bucket5% top1 boost16,2017-05-31,2017-06-30,EWY,SMH,1
current_best sector_only bucket5% top1 boost16,2017-06-30,2017-07-31,EWY,XLV,1
current_best sector_only bucket5% top1 boost16,2017-07-31,2017-08-31,INDA,ITA,1
current_best sector_only bucket5% top1 boost16,2017-08-31,2017-09-30,XLK,ITA,1
current_best sector_only bucket5% top1 boost16,2017-09-30,2017-10-31,MTUM,XAR,1
current_best sector_only bucket5% top1 boost16,2017-10-31,2017-11-30,XLK,SMH,1
current_best sector_only bucket5% top1 boost16,2017-11-30,2017-12-31,SPMO,SMH,1
current_best sector_only bucket5% top1 boost16,2017-12-31,2018-01-31,SPMO,XLE,1
current_best sector_only bucket5% top1 boost16,2018-01-31,2018-02-28,SPMO,ITA,1
current_best sector_only bucket5% top1 boost16,2018-02-28,2018-03-31,SPMO,SMH,1
current_best sector_only bucket5% top1 boost16,2018-03-31,2018-04-30,BIL,,0
current_best sector_only bucket5% top1 boost16,2018-04-30,2018-05-31,EWY,XLE,1
current_best sector_only bucket5% top1 boost16,2018-05-31,2018-06-30,XLK,SMH,1
current_best sector_only bucket5% top1 boost16,2018-06-30,2018-07-31,XLK,XLE,1
current_best sector_only bucket5% top1 boost16,2018-07-31,2018-08-31,SPMO,XAR,1
current_best sector_only bucket5% top1 boost16,2018-08-31,2018-09-30,XLK,XLV,1
current_best sector_only bucket5% top1 boost16,2018-09-30,2018-10-31,SPMO,XLV,1
current_best sector_only bucket5% top1 boost16,2018-10-31,2018-11-30,BIL,XLP,1
current_best sector_only bucket5% top1 boost16,2018-11-30,2018-12-31,IEF,XLV,1
current_best sector_only bucket5% top1 boost16,2018-12-31,2019-01-31,IEF,,0
current_best sector_only bucket5% top1 boost16,2019-01-31,2019-02-28,IEF,XLU,1
current_best sector_only bucket5% top1 boost16,2019-02-28,2019-03-31,SPMO,SMH,1
current_best sector_only bucket5% top1 boost16,2019-03-31,2019-04-30,XLK,SMH,1
current_best sector_only bucket5% top1 boost16,2019-04-30,2019-05-31,XLK,SMH,1
current_best sector_only bucket5% top1 boost16,2019-05-31,2019-06-30,INDA,XAR,1
current_best sector_only bucket5% top1 boost16,2019-06-30,2019-07-31,MTUM,XAR,1
current_best sector_only bucket5% top1 boost16,2019-07-31,2019-08-31,XLK,XAR,1
current_best sector_only bucket5% top1 boost16,2019-08-31,2019-09-30,IEF,XLU,1
current_best sector_only bucket5% top1 boost16,2019-09-30,2019-10-31,EWJ,XLU,1
current_best sector_only bucket5% top1 boost16,2019-10-31,2019-11-30,EWJ,SMH,1
current_best sector_only bucket5% top1 boost16,2019-11-30,2019-12-31,XLK,XLV,1
current_best sector_only bucket5% top1 boost16,2019-12-31,2020-01-31,XLK,SMH,1
current_best sector_only bucket5% top1 boost16,2020-01-31,2020-02-29,XLK,XLU,1
current_best sector_only bucket5% top1 boost16,2020-02-29,2020-03-31,IEF,,0
current_best sector_only bucket5% top1 boost16,2020-03-31,2020-04-30,IEF,,0
current_best sector_only bucket5% top1 boost16,2020-04-30,2020-05-31,IEF,,0
current_best sector_only bucket5% top1 boost16,2020-05-31,2020-06-30,SCHG,XLV,1
current_best sector_only bucket5% top1 boost16,2020-06-30,2020-07-31,XLK,SMH,1
current_best sector_only bucket5% top1 boost16,2020-07-31,2020-08-31,XLK,SMH,1
current_best sector_only bucket5% top1 boost16,2020-08-31,2020-09-30,XLK,SMH,1
current_best sector_only bucket5% top1 boost16,2020-09-30,2020-10-31,XLK,SMH,1
current_best sector_only bucket5% top1 boost16,2020-10-31,2020-11-30,EWY,XLU,1
current_best sector_only bucket5% top1 boost16,2020-11-30,2020-12-31,EWY,SMH,1
current_best sector_only bucket5% top1 boost16,2020-12-31,2021-01-31,EWY,SMH,1
current_best sector_only bucket5% top1 boost16,2021-01-31,2021-02-28,EWY,SMH,1
current_best sector_only bucket5% top1 boost16,2021-02-28,2021-03-31,EWY,XLE,1
current_best sector_only bucket5% top1 boost16,2021-03-31,2021-04-30,XLK,SMH,1
current_best sector_only bucket5% top1 boost16,2021-04-30,2021-05-31,SCHG,XLF,1
current_best sector_only bucket5% top1 boost16,2021-05-31,2021-06-30,INDA,XLF,1
current_best sector_only bucket5% top1 boost16,2021-06-30,2021-07-31,SPMO,XLV,1
current_best sector_only bucket5% top1 boost16,2021-07-31,2021-08-31,XLK,XLV,1
current_best sector_only bucket5% top1 boost16,2021-08-31,2021-09-30,INDA,XLV,1
current_best sector_only bucket5% top1 boost16,2021-09-30,2021-10-31,INDA,XLE,1
current_best sector_only bucket5% top1 boost16,2021-10-31,2021-11-30,SCHG,XLF,1
current_best sector_only bucket5% top1 boost16,2021-11-30,2021-12-31,XLK,SMH,1
current_best sector_only bucket5% top1 boost16,2021-12-31,2022-01-31,XLK,SMH,1
current_best sector_only bucket5% top1 boost16,2022-01-31,2022-02-28,,XLE,1
current_best sector_only bucket5% top1 boost16,2022-02-28,2022-03-31,,XLE,1
current_best sector_only bucket5% top1 boost16,2022-03-31,2022-04-30,BIL,XLU,1
current_best sector_only bucket5% top1 boost16,2022-04-30,2022-05-31,BIL,XLE,1
current_best sector_only bucket5% top1 boost16,2022-05-31,2022-06-30,BIL,XLE,1
current_best sector_only bucket5% top1 boost16,2022-06-30,2022-07-31,BIL,,0
current_best sector_only bucket5% top1 boost16,2022-07-31,2022-08-31,BIL,XLP,1
current_best sector_only bucket5% top1 boost16,2022-08-31,2022-09-30,BIL,XLE,1
current_best sector_only bucket5% top1 boost16,2022-09-30,2022-10-31,BIL,,0
current_best sector_only bucket5% top1 boost16,2022-10-31,2022-11-30,MTUM,XLE,1
current_best sector_only bucket5% top1 boost16,2022-11-30,2022-12-31,MTUM,XLE,1
current_best sector_only bucket5% top1 boost16,2022-12-31,2023-01-31,BIL,ITA,1
current_best sector_only bucket5% top1 boost16,2023-01-31,2023-02-28,EWY,XAR,1
current_best sector_only bucket5% top1 boost16,2023-02-28,2023-03-31,XLK,XAR,1
current_best sector_only bucket5% top1 boost16,2023-03-31,2023-04-30,XLK,SMH,1
current_best sector_only bucket5% top1 boost16,2023-04-30,2023-05-31,XLK,XLP,1
current_best sector_only bucket5% top1 boost16,2023-05-31,2023-06-30,XLK,SMH,1
current_best sector_only bucket5% top1 boost16,2023-06-30,2023-07-31,XLK,SMH,1
current_best sector_only bucket5% top1 boost16,2023-07-31,2023-08-31,SCHG,SMH,1
current_best sector_only bucket5% top1 boost16,2023-08-31,2023-09-30,XLK,SMH,1
current_best sector_only bucket5% top1 boost16,2023-09-30,2023-10-31,SPMO,XLE,1
current_best sector_only bucket5% top1 boost16,2023-10-31,2023-11-30,BIL,,0
current_best sector_only bucket5% top1 boost16,2023-11-30,2023-12-31,XLK,XAR,1
current_best sector_only bucket5% top1 boost16,2023-12-31,2024-01-31,XLK,SMH,1
current_best sector_only bucket5% top1 boost16,2024-01-31,2024-02-29,SPMO,SMH,1
current_best sector_only bucket5% top1 boost16,2024-02-29,2024-03-31,SPMO,SMH,1
current_best sector_only bucket5% top1 boost16,2024-03-31,2024-04-30,SPMO,SMH,1
current_best sector_only bucket5% top1 boost16,2024-04-30,2024-05-31,INDA,XLE,1
current_best sector_only bucket5% top1 boost16,2024-05-31,2024-06-30,SPMO,SMH,1
current_best sector_only bucket5% top1 boost16,2024-06-30,2024-07-31,SPMO,SMH,1
current_best sector_only bucket5% top1 boost16,2024-07-31,2024-08-31,INDA,ITA,1
current_best sector_only bucket5% top1 boost16,2024-08-31,2024-09-30,SPMO,XLU,1
current_best sector_only bucket5% top1 boost16,2024-09-30,2024-10-31,SPMO,XLU,1
current_best sector_only bucket5% top1 boost16,2024-10-31,2024-11-30,MTUM,XLU,1
current_best sector_only bucket5% top1 boost16,2024-11-30,2024-12-31,MTUM,XAR,1
current_best sector_only bucket5% top1 boost16,2024-12-31,2025-01-31,SCHG,XAR,1
current_best sector_only bucket5% top1 boost16,2025-01-31,2025-02-28,SPMO,XLF,1
current_best sector_only bucket5% top1 boost16,2025-02-28,2025-03-31,SPMO,XLF,1
current_best sector_only bucket5% top1 boost16,2025-03-31,2025-04-30,IEF,XLP,1
current_best sector_only bucket5% top1 boost16,2025-04-30,2025-05-31,EWJ,ITA,1
current_best sector_only bucket5% top1 boost16,2025-05-31,2025-06-30,SPMO,ITA,1
current_best sector_only bucket5% top1 boost16,2025-06-30,2025-07-31,EWY,XAR,1
current_best sector_only bucket5% top1 boost16,2025-07-31,2025-08-31,XLK,SMH,1
current_best sector_only bucket5% top1 boost16,2025-08-31,2025-09-30,SCHG,ITA,1
current_best sector_only bucket5% top1 boost16,2025-09-30,2025-10-31,EWY,SMH,1
current_best sector_only bucket5% top1 boost16,2025-10-31,2025-11-30,EWY,SMH,1
current_best sector_only bucket5% top1 boost16,2025-11-30,2025-12-31,EWY,SMH,1
current_best sector_only bucket5% top1 boost16,2025-12-31,2026-01-31,EWY,XLV,1
current_best sector_only bucket5% top1 boost16,2026-01-31,2026-02-28,EWY,SMH,1
current_best sector_only bucket5% top1 boost16,2026-02-28,2026-03-31,EWY,XLE,1
current_best sector_only bucket5% top1 boost16,2026-03-31,2026-04-29,BIL,XLE,1
current_best sector_only bucket5% top2 boost16,2016-09-30,2016-10-31,EWY,"SMH,XLE",2
current_best sector_only bucket5% top2 boost16,2016-10-31,2016-11-30,EWJ,"SMH,XLF",2
current_best sector_only bucket5% top2 boost16,2016-11-30,2016-12-31,,"XLF,XAR",2
current_best sector_only bucket5% top2 boost16,2016-12-31,2017-01-31,SPMO,"XLF,XLE",2
current_best sector_only bucket5% top2 boost16,2017-01-31,2017-02-28,XLK,"SMH,XLF",2
current_best sector_only bucket5% top2 boost16,2017-02-28,2017-03-31,SCHG,"XAR,ITA",2
current_best sector_only bucket5% top2 boost16,2017-03-31,2017-04-30,INDA,"SMH,XLU",2
current_best sector_only bucket5% top2 boost16,2017-04-30,2017-05-31,EWY,"ITA,SMH",2
current_best sector_only bucket5% top2 boost16,2017-05-31,2017-06-30,EWY,"SMH,XLU",2
current_best sector_only bucket5% top2 boost16,2017-06-30,2017-07-31,EWY,"XLV,XLI",2
current_best sector_only bucket5% top2 boost16,2017-07-31,2017-08-31,INDA,"ITA,XAR",2
current_best sector_only bucket5% top2 boost16,2017-08-31,2017-09-30,XLK,"ITA,XAR",2
current_best sector_only bucket5% top2 boost16,2017-09-30,2017-10-31,MTUM,"XAR,ITA",2
current_best sector_only bucket5% top2 boost16,2017-10-31,2017-11-30,XLK,"SMH,XAR",2
current_best sector_only bucket5% top2 boost16,2017-11-30,2017-12-31,SPMO,"SMH,XLF",2
current_best sector_only bucket5% top2 boost16,2017-12-31,2018-01-31,SPMO,"XLE,XAR",2
current_best sector_only bucket5% top2 boost16,2018-01-31,2018-02-28,SPMO,"ITA,SMH",2
current_best sector_only bucket5% top2 boost16,2018-02-28,2018-03-31,SPMO,"SMH,ITA",2
current_best sector_only bucket5% top2 boost16,2018-03-31,2018-04-30,BIL,,0
current_best sector_only bucket5% top2 boost16,2018-04-30,2018-05-31,EWY,XLE,1
current_best sector_only bucket5% top2 boost16,2018-05-31,2018-06-30,XLK,"SMH,XAR",2
current_best sector_only bucket5% top2 boost16,2018-06-30,2018-07-31,XLK,"XLE,XLU",2
current_best sector_only bucket5% top2 boost16,2018-07-31,2018-08-31,SPMO,"XAR,XLV",2
current_best sector_only bucket5% top2 boost16,2018-08-31,2018-09-30,XLK,"XLV,XAR",2
current_best sector_only bucket5% top2 boost16,2018-09-30,2018-10-31,SPMO,"XLV,XAR",2
current_best sector_only bucket5% top2 boost16,2018-10-31,2018-11-30,BIL,"XLP,XLU",2
current_best sector_only bucket5% top2 boost16,2018-11-30,2018-12-31,IEF,"XLV,XLU",2
current_best sector_only bucket5% top2 boost16,2018-12-31,2019-01-31,IEF,,0
current_best sector_only bucket5% top2 boost16,2019-01-31,2019-02-28,IEF,XLU,1
current_best sector_only bucket5% top2 boost16,2019-02-28,2019-03-31,SPMO,"SMH,ITA",2
current_best sector_only bucket5% top2 boost16,2019-03-31,2019-04-30,XLK,"SMH,XLU",2
current_best sector_only bucket5% top2 boost16,2019-04-30,2019-05-31,XLK,"SMH,XAR",2
current_best sector_only bucket5% top2 boost16,2019-05-31,2019-06-30,INDA,"XAR,XLU",2
current_best sector_only bucket5% top2 boost16,2019-06-30,2019-07-31,MTUM,"XAR,XLU",2
current_best sector_only bucket5% top2 boost16,2019-07-31,2019-08-31,XLK,"XAR,SMH",2
current_best sector_only bucket5% top2 boost16,2019-08-31,2019-09-30,IEF,"XLU,XAR",2
current_best sector_only bucket5% top2 boost16,2019-09-30,2019-10-31,EWJ,"XLU,ITA",2
current_best sector_only bucket5% top2 boost16,2019-10-31,2019-11-30,EWJ,"SMH,XLF",2
current_best sector_only bucket5% top2 boost16,2019-11-30,2019-12-31,XLK,"XLV,SMH",2
current_best sector_only bucket5% top2 boost16,2019-12-31,2020-01-31,XLK,"SMH,XLV",2
current_best sector_only bucket5% top2 boost16,2020-01-31,2020-02-29,XLK,"XLU,SMH",2
current_best sector_only bucket5% top2 boost16,2020-02-29,2020-03-31,IEF,,0
current_best sector_only bucket5% top2 boost16,2020-03-31,2020-04-30,IEF,,0
current_best sector_only bucket5% top2 boost16,2020-04-30,2020-05-31,IEF,,0
current_best sector_only bucket5% top2 boost16,2020-05-31,2020-06-30,SCHG,XLV,1
current_best sector_only bucket5% top2 boost16,2020-06-30,2020-07-31,XLK,"SMH,XLV",2
current_best sector_only bucket5% top2 boost16,2020-07-31,2020-08-31,XLK,"SMH,XLI",2
current_best sector_only bucket5% top2 boost16,2020-08-31,2020-09-30,XLK,"SMH,XLI",2
current_best sector_only bucket5% top2 boost16,2020-09-30,2020-10-31,XLK,"SMH,XLI",2
current_best sector_only bucket5% top2 boost16,2020-10-31,2020-11-30,EWY,XLU,1
current_best sector_only bucket5% top2 boost16,2020-11-30,2020-12-31,EWY,"SMH,XAR",2
current_best sector_only bucket5% top2 boost16,2020-12-31,2021-01-31,EWY,"SMH,XLF",2
current_best sector_only bucket5% top2 boost16,2021-01-31,2021-02-28,EWY,"SMH,XAR",2
current_best sector_only bucket5% top2 boost16,2021-02-28,2021-03-31,EWY,"XLE,SMH",2
current_best sector_only bucket5% top2 boost16,2021-03-31,2021-04-30,XLK,"SMH,XLE",2
current_best sector_only bucket5% top2 boost16,2021-04-30,2021-05-31,SCHG,"XLF,XLI",2
current_best sector_only bucket5% top2 boost16,2021-05-31,2021-06-30,INDA,"XLF,ITA",2
current_best sector_only bucket5% top2 boost16,2021-06-30,2021-07-31,SPMO,"XLV,XLE",2
current_best sector_only bucket5% top2 boost16,2021-07-31,2021-08-31,XLK,"XLV,SMH",2
current_best sector_only bucket5% top2 boost16,2021-08-31,2021-09-30,INDA,"XLV,XLF",2
current_best sector_only bucket5% top2 boost16,2021-09-30,2021-10-31,INDA,XLE,1
current_best sector_only bucket5% top2 boost16,2021-10-31,2021-11-30,SCHG,"XLF,SMH",2
current_best sector_only bucket5% top2 boost16,2021-11-30,2021-12-31,XLK,"SMH,XLE",2
current_best sector_only bucket5% top2 boost16,2021-12-31,2022-01-31,XLK,"SMH,XLP",2
current_best sector_only bucket5% top2 boost16,2022-01-31,2022-02-28,,"XLE,XLP",2
current_best sector_only bucket5% top2 boost16,2022-02-28,2022-03-31,,"XLE,ITA",2
current_best sector_only bucket5% top2 boost16,2022-03-31,2022-04-30,BIL,"XLU,XLE",2
current_best sector_only bucket5% top2 boost16,2022-04-30,2022-05-31,BIL,"XLE,XLP",2
current_best sector_only bucket5% top2 boost16,2022-05-31,2022-06-30,BIL,"XLE,XLU",2
current_best sector_only bucket5% top2 boost16,2022-06-30,2022-07-31,BIL,,0
current_best sector_only bucket5% top2 boost16,2022-07-31,2022-08-31,BIL,XLP,1
current_best sector_only bucket5% top2 boost16,2022-08-31,2022-09-30,BIL,"XLE,XLU",2
current_best sector_only bucket5% top2 boost16,2022-09-30,2022-10-31,BIL,,0
current_best sector_only bucket5% top2 boost16,2022-10-31,2022-11-30,MTUM,"XLE,ITA",2
current_best sector_only bucket5% top2 boost16,2022-11-30,2022-12-31,MTUM,"XLE,XLI",2
current_best sector_only bucket5% top2 boost16,2022-12-31,2023-01-31,BIL,"ITA,XLI",2
current_best sector_only bucket5% top2 boost16,2023-01-31,2023-02-28,EWY,"XAR,SMH",2
current_best sector_only bucket5% top2 boost16,2023-02-28,2023-03-31,XLK,"XAR,SMH",2
current_best sector_only bucket5% top2 boost16,2023-03-31,2023-04-30,XLK,"SMH,ITA",2
current_best sector_only bucket5% top2 boost16,2023-04-30,2023-05-31,XLK,"XLP,SMH",2
current_best sector_only bucket5% top2 boost16,2023-05-31,2023-06-30,XLK,SMH,1
current_best sector_only bucket5% top2 boost16,2023-06-30,2023-07-31,XLK,"SMH,XLI",2
current_best sector_only bucket5% top2 boost16,2023-07-31,2023-08-31,SCHG,"SMH,XLI",2
current_best sector_only bucket5% top2 boost16,2023-08-31,2023-09-30,XLK,"SMH,XLE",2
current_best sector_only bucket5% top2 boost16,2023-09-30,2023-10-31,SPMO,XLE,1
current_best sector_only bucket5% top2 boost16,2023-10-31,2023-11-30,BIL,,0
current_best sector_only bucket5% top2 boost16,2023-11-30,2023-12-31,XLK,"XAR,ITA",2
current_best sector_only bucket5% top2 boost16,2023-12-31,2024-01-31,XLK,"SMH,XAR",2
current_best sector_only bucket5% top2 boost16,2024-01-31,2024-02-29,SPMO,"SMH,XLF",2
current_best sector_only bucket5% top2 boost16,2024-02-29,2024-03-31,SPMO,"SMH,XLF",2
current_best sector_only bucket5% top2 boost16,2024-03-31,2024-04-30,SPMO,"SMH,XLF",2
current_best sector_only bucket5% top2 boost16,2024-04-30,2024-05-31,INDA,"XLE,XLU",2
current_best sector_only bucket5% top2 boost16,2024-05-31,2024-06-30,SPMO,"SMH,XLU",2
current_best sector_only bucket5% top2 boost16,2024-06-30,2024-07-31,SPMO,"SMH,XLU",2
current_best sector_only bucket5% top2 boost16,2024-07-31,2024-08-31,INDA,"ITA,XAR",2
current_best sector_only bucket5% top2 boost16,2024-08-31,2024-09-30,SPMO,"XLU,ITA",2
current_best sector_only bucket5% top2 boost16,2024-09-30,2024-10-31,SPMO,"XLU,ITA",2
current_best sector_only bucket5% top2 boost16,2024-10-31,2024-11-30,MTUM,"XLU,XLF",2
current_best sector_only bucket5% top2 boost16,2024-11-30,2024-12-31,MTUM,"XAR,XLF",2
current_best sector_only bucket5% top2 boost16,2024-12-31,2025-01-31,SCHG,"XAR,XLF",2
current_best sector_only bucket5% top2 boost16,2025-01-31,2025-02-28,SPMO,"XLF,ITA",2
current_best sector_only bucket5% top2 boost16,2025-02-28,2025-03-31,SPMO,"XLF,XLE",2
current_best sector_only bucket5% top2 boost16,2025-03-31,2025-04-30,IEF,XLP,1
current_best sector_only bucket5% top2 boost16,2025-04-30,2025-05-31,EWJ,"ITA,XAR",2
current_best sector_only bucket5% top2 boost16,2025-05-31,2025-06-30,SPMO,"ITA,XAR",2
current_best sector_only bucket5% top2 boost16,2025-06-30,2025-07-31,EWY,"XAR,SMH",2
current_best sector_only bucket5% top2 boost16,2025-07-31,2025-08-31,XLK,"SMH,XAR",2
current_best sector_only bucket5% top2 boost16,2025-08-31,2025-09-30,SCHG,"ITA,SMH",2
current_best sector_only bucket5% top2 boost16,2025-09-30,2025-10-31,EWY,"SMH,XAR",2
current_best sector_only bucket5% top2 boost16,2025-10-31,2025-11-30,EWY,"SMH,XAR",2
current_best sector_only bucket5% top2 boost16,2025-11-30,2025-12-31,EWY,"SMH,XLV",2
current_best sector_only bucket5% top2 boost16,2025-12-31,2026-01-31,EWY,"XLV,XLF",2
current_best sector_only bucket5% top2 boost16,2026-01-31,2026-02-28,EWY,"SMH,XAR",2
current_best sector_only bucket5% top2 boost16,2026-02-28,2026-03-31,EWY,"XLE,XAR",2
current_best sector_only bucket5% top2 boost16,2026-03-31,2026-04-29,BIL,"XLE,XLU",2
current_best sector_only bucket5% top3 boost16,2016-09-30,2016-10-31,EWY,"SMH,XLE,XLI",3
current_best sector_only bucket5% top3 boost16,2016-10-31,2016-11-30,EWJ,"SMH,XLF",2
current_best sector_only bucket5% top3 boost16,2016-11-30,2016-12-31,,"XLF,XAR,XLE",3
current_best sector_only bucket5% top3 boost16,2016-12-31,2017-01-31,SPMO,"XLF,XLE,SMH",3
current_best sector_only bucket5% top3 boost16,2017-01-31,2017-02-28,XLK,"SMH,XLF,XLI",3
current_best sector_only bucket5% top3 boost16,2017-02-28,2017-03-31,SCHG,"XAR,ITA,XLF",3
current_best sector_only bucket5% top3 boost16,2017-03-31,2017-04-30,INDA,"SMH,XLU,XLP",3
current_best sector_only bucket5% top3 boost16,2017-04-30,2017-05-31,EWY,"ITA,SMH,XLV",3
current_best sector_only bucket5% top3 boost16,2017-05-31,2017-06-30,EWY,"SMH,XLU,ITA",3
current_best sector_only bucket5% top3 boost16,2017-06-30,2017-07-31,EWY,"XLV,XLI,XLF",3
current_best sector_only bucket5% top3 boost16,2017-07-31,2017-08-31,INDA,"ITA,XAR,XLV",3
current_best sector_only bucket5% top3 boost16,2017-08-31,2017-09-30,XLK,"ITA,XAR,SMH",3
current_best sector_only bucket5% top3 boost16,2017-09-30,2017-10-31,MTUM,"XAR,ITA,SMH",3
current_best sector_only bucket5% top3 boost16,2017-10-31,2017-11-30,XLK,"SMH,XAR,XLF",3
current_best sector_only bucket5% top3 boost16,2017-11-30,2017-12-31,SPMO,"SMH,XLF,ITA",3
current_best sector_only bucket5% top3 boost16,2017-12-31,2018-01-31,SPMO,"XLE,XAR,ITA",3
current_best sector_only bucket5% top3 boost16,2018-01-31,2018-02-28,SPMO,"ITA,SMH,XLF",3
current_best sector_only bucket5% top3 boost16,2018-02-28,2018-03-31,SPMO,"SMH,ITA,XAR",3
current_best sector_only bucket5% top3 boost16,2018-03-31,2018-04-30,BIL,,0
current_best sector_only bucket5% top3 boost16,2018-04-30,2018-05-31,EWY,XLE,1
current_best sector_only bucket5% top3 boost16,2018-05-31,2018-06-30,XLK,"SMH,XAR",2
current_best sector_only bucket5% top3 boost16,2018-06-30,2018-07-31,XLK,"XLE,XLU",2
current_best sector_only bucket5% top3 boost16,2018-07-31,2018-08-31,SPMO,"XAR,XLV,XLE",3
current_best sector_only bucket5% top3 boost16,2018-08-31,2018-09-30,XLK,"XLV,XAR,SMH",3
current_best sector_only bucket5% top3 boost16,2018-09-30,2018-10-31,SPMO,"XLV,XAR,ITA",3
current_best sector_only bucket5% top3 boost16,2018-10-31,2018-11-30,BIL,"XLP,XLU",2
current_best sector_only bucket5% top3 boost16,2018-11-30,2018-12-31,IEF,"XLV,XLU,XLP",3
current_best sector_only bucket5% top3 boost16,2018-12-31,2019-01-31,IEF,,0
current_best sector_only bucket5% top3 boost16,2019-01-31,2019-02-28,IEF,XLU,1
current_best sector_only bucket5% top3 boost16,2019-02-28,2019-03-31,SPMO,"SMH,ITA,XAR",3
current_best sector_only bucket5% top3 boost16,2019-03-31,2019-04-30,XLK,"SMH,XLU,XLI",3
current_best sector_only bucket5% top3 boost16,2019-04-30,2019-05-31,XLK,"SMH,XAR,XLF",3
current_best sector_only bucket5% top3 boost16,2019-05-31,2019-06-30,INDA,"XAR,XLU,ITA",3
current_best sector_only bucket5% top3 boost16,2019-06-30,2019-07-31,MTUM,"XAR,XLU,XLP",3
current_best sector_only bucket5% top3 boost16,2019-07-31,2019-08-31,XLK,"XAR,SMH,XLF",3
current_best sector_only bucket5% top3 boost16,2019-08-31,2019-09-30,IEF,"XLU,XAR,XLP",3
current_best sector_only bucket5% top3 boost16,2019-09-30,2019-10-31,EWJ,"XLU,ITA,XAR",3
current_best sector_only bucket5% top3 boost16,2019-10-31,2019-11-30,EWJ,"SMH,XLF,XLU",3
current_best sector_only bucket5% top3 boost16,2019-11-30,2019-12-31,XLK,"XLV,SMH,XLF",3
current_best sector_only bucket5% top3 boost16,2019-12-31,2020-01-31,XLK,"SMH,XLV,XLF",3
current_best sector_only bucket5% top3 boost16,2020-01-31,2020-02-29,XLK,"XLU,SMH,XLV",3
current_best sector_only bucket5% top3 boost16,2020-02-29,2020-03-31,IEF,,0
current_best sector_only bucket5% top3 boost16,2020-03-31,2020-04-30,IEF,,0
current_best sector_only bucket5% top3 boost16,2020-04-30,2020-05-31,IEF,,0
current_best sector_only bucket5% top3 boost16,2020-05-31,2020-06-30,SCHG,XLV,1
current_best sector_only bucket5% top3 boost16,2020-06-30,2020-07-31,XLK,"SMH,XLV",2
current_best sector_only bucket5% top3 boost16,2020-07-31,2020-08-31,XLK,"SMH,XLI,XLV",3
current_best sector_only bucket5% top3 boost16,2020-08-31,2020-09-30,XLK,"SMH,XLI,XLP",3
current_best sector_only bucket5% top3 boost16,2020-09-30,2020-10-31,XLK,"SMH,XLI,XLP",3
current_best sector_only bucket5% top3 boost16,2020-10-31,2020-11-30,EWY,XLU,1
current_best sector_only bucket5% top3 boost16,2020-11-30,2020-12-31,EWY,"SMH,XAR,XLI",3
current_best sector_only bucket5% top3 boost16,2020-12-31,2021-01-31,EWY,"SMH,XLF,XAR",3
current_best sector_only bucket5% top3 boost16,2021-01-31,2021-02-28,EWY,"SMH,XAR,XLE",3
current_best sector_only bucket5% top3 boost16,2021-02-28,2021-03-31,EWY,"XLE,SMH,XLF",3
current_best sector_only bucket5% top3 boost16,2021-03-31,2021-04-30,XLK,"SMH,XLE,XLF",3
current_best sector_only bucket5% top3 boost16,2021-04-30,2021-05-31,SCHG,"XLF,XLI,XLE",3
current_best sector_only bucket5% top3 boost16,2021-05-31,2021-06-30,INDA,"XLF,ITA,XLI",3
current_best sector_only bucket5% top3 boost16,2021-06-30,2021-07-31,SPMO,"XLV,XLE,XLF",3
current_best sector_only bucket5% top3 boost16,2021-07-31,2021-08-31,XLK,"XLV,SMH,XLP",3
current_best sector_only bucket5% top3 boost16,2021-08-31,2021-09-30,INDA,"XLV,XLF,SMH",3
current_best sector_only bucket5% top3 boost16,2021-09-30,2021-10-31,INDA,XLE,1
current_best sector_only bucket5% top3 boost16,2021-10-31,2021-11-30,SCHG,"XLF,SMH,XLE",3
current_best sector_only bucket5% top3 boost16,2021-11-30,2021-12-31,XLK,"SMH,XLE",2
current_best sector_only bucket5% top3 boost16,2021-12-31,2022-01-31,XLK,"SMH,XLP,XLV",3
current_best sector_only bucket5% top3 boost16,2022-01-31,2022-02-28,,"XLE,XLP,XLU",3
current_best sector_only bucket5% top3 boost16,2022-02-28,2022-03-31,,"XLE,ITA",2
current_best sector_only bucket5% top3 boost16,2022-03-31,2022-04-30,BIL,"XLU,XLE,ITA",3
current_best sector_only bucket5% top3 boost16,2022-04-30,2022-05-31,BIL,"XLE,XLP,XLU",3
current_best sector_only bucket5% top3 boost16,2022-05-31,2022-06-30,BIL,"XLE,XLU",2
current_best sector_only bucket5% top3 boost16,2022-06-30,2022-07-31,BIL,,0
current_best sector_only bucket5% top3 boost16,2022-07-31,2022-08-31,BIL,XLP,1
current_best sector_only bucket5% top3 boost16,2022-08-31,2022-09-30,BIL,"XLE,XLU",2
current_best sector_only bucket5% top3 boost16,2022-09-30,2022-10-31,BIL,,0
current_best sector_only bucket5% top3 boost16,2022-10-31,2022-11-30,MTUM,"XLE,ITA,XLF",3
current_best sector_only bucket5% top3 boost16,2022-11-30,2022-12-31,MTUM,"XLE,XLI,ITA",3
current_best sector_only bucket5% top3 boost16,2022-12-31,2023-01-31,BIL,"ITA,XLI,XLV",3
current_best sector_only bucket5% top3 boost16,2023-01-31,2023-02-28,EWY,"XAR,SMH,XLE",3
current_best sector_only bucket5% top3 boost16,2023-02-28,2023-03-31,XLK,"XAR,SMH,ITA",3
current_best sector_only bucket5% top3 boost16,2023-03-31,2023-04-30,XLK,"SMH,ITA,XLI",3
current_best sector_only bucket5% top3 boost16,2023-04-30,2023-05-31,XLK,"XLP,SMH,XLI",3
current_best sector_only bucket5% top3 boost16,2023-05-31,2023-06-30,XLK,SMH,1
current_best sector_only bucket5% top3 boost16,2023-06-30,2023-07-31,XLK,"SMH,XLI,XAR",3
current_best sector_only bucket5% top3 boost16,2023-07-31,2023-08-31,SCHG,"SMH,XLI,XLE",3
current_best sector_only bucket5% top3 boost16,2023-08-31,2023-09-30,XLK,"SMH,XLE,XLI",3
current_best sector_only bucket5% top3 boost16,2023-09-30,2023-10-31,SPMO,XLE,1
current_best sector_only bucket5% top3 boost16,2023-10-31,2023-11-30,BIL,,0
current_best sector_only bucket5% top3 boost16,2023-11-30,2023-12-31,XLK,"XAR,ITA,XLF",3
current_best sector_only bucket5% top3 boost16,2023-12-31,2024-01-31,XLK,"SMH,XAR,XLF",3
current_best sector_only bucket5% top3 boost16,2024-01-31,2024-02-29,SPMO,"SMH,XLF,XLI",3
current_best sector_only bucket5% top3 boost16,2024-02-29,2024-03-31,SPMO,"SMH,XLF,XLI",3
current_best sector_only bucket5% top3 boost16,2024-03-31,2024-04-30,SPMO,"SMH,XLF,XLI",3
current_best sector_only bucket5% top3 boost16,2024-04-30,2024-05-31,INDA,"XLE,XLU,SMH",3
current_best sector_only bucket5% top3 boost16,2024-05-31,2024-06-30,SPMO,"SMH,XLU,ITA",3
current_best sector_only bucket5% top3 boost16,2024-06-30,2024-07-31,SPMO,"SMH,XLU,XAR",3
current_best sector_only bucket5% top3 boost16,2024-07-31,2024-08-31,INDA,"ITA,XAR,XLU",3
current_best sector_only bucket5% top3 boost16,2024-08-31,2024-09-30,SPMO,"XLU,ITA,XAR",3
current_best sector_only bucket5% top3 boost16,2024-09-30,2024-10-31,SPMO,"XLU,ITA,XLI",3
current_best sector_only bucket5% top3 boost16,2024-10-31,2024-11-30,MTUM,"XLU,XLF,XLI",3
current_best sector_only bucket5% top3 boost16,2024-11-30,2024-12-31,MTUM,"XAR,XLF,XLU",3
current_best sector_only bucket5% top3 boost16,2024-12-31,2025-01-31,SCHG,"XAR,XLF",2
current_best sector_only bucket5% top3 boost16,2025-01-31,2025-02-28,SPMO,"XLF,ITA",2
current_best sector_only bucket5% top3 boost16,2025-02-28,2025-03-31,SPMO,"XLF,XLE,XLP",3
current_best sector_only bucket5% top3 boost16,2025-03-31,2025-04-30,IEF,XLP,1
current_best sector_only bucket5% top3 boost16,2025-04-30,2025-05-31,EWJ,"ITA,XAR,XLP",3
current_best sector_only bucket5% top3 boost16,2025-05-31,2025-06-30,SPMO,"ITA,XAR,XLI",3
current_best sector_only bucket5% top3 boost16,2025-06-30,2025-07-31,EWY,"XAR,SMH,ITA",3
current_best sector_only bucket5% top3 boost16,2025-07-31,2025-08-31,XLK,"SMH,XAR,ITA",3
current_best sector_only bucket5% top3 boost16,2025-08-31,2025-09-30,SCHG,"ITA,SMH,XLE",3
current_best sector_only bucket5% top3 boost16,2025-09-30,2025-10-31,EWY,"SMH,XAR,ITA",3
current_best sector_only bucket5% top3 boost16,2025-10-31,2025-11-30,EWY,"SMH,XAR,ITA",3
current_best sector_only bucket5% top3 boost16,2025-11-30,2025-12-31,EWY,"SMH,XLV,XLU",3
current_best sector_only bucket5% top3 boost16,2025-12-31,2026-01-31,EWY,"XLV,XLF,XLI",3
current_best sector_only bucket5% top3 boost16,2026-01-31,2026-02-28,EWY,"SMH,XAR,XLE",3
current_best sector_only bucket5% top3 boost16,2026-02-28,2026-03-31,EWY,"XLE,XAR,XLP",3
current_best sector_only bucket5% top3 boost16,2026-03-31,2026-04-29,BIL,"XLE,XLU",2
current_best sector_only bucket8% top1 boost16,2016-09-30,2016-10-31,EWY,SMH,1
current_best sector_only bucket8% top1 boost16,2016-10-31,2016-11-30,EWJ,SMH,1
current_best sector_only bucket8% top1 boost16,2016-11-30,2016-12-31,,XLF,1
current_best sector_only bucket8% top1 boost16,2016-12-31,2017-01-31,SPMO,XLF,1
current_best sector_only bucket8% top1 boost16,2017-01-31,2017-02-28,XLK,SMH,1
current_best sector_only bucket8% top1 boost16,2017-02-28,2017-03-31,SCHG,XAR,1
current_best sector_only bucket8% top1 boost16,2017-03-31,2017-04-30,INDA,SMH,1
current_best sector_only bucket8% top1 boost16,2017-04-30,2017-05-31,EWY,ITA,1
current_best sector_only bucket8% top1 boost16,2017-05-31,2017-06-30,EWY,SMH,1
current_best sector_only bucket8% top1 boost16,2017-06-30,2017-07-31,EWY,XLV,1
current_best sector_only bucket8% top1 boost16,2017-07-31,2017-08-31,INDA,ITA,1
current_best sector_only bucket8% top1 boost16,2017-08-31,2017-09-30,XLK,ITA,1
current_best sector_only bucket8% top1 boost16,2017-09-30,2017-10-31,MTUM,XAR,1
current_best sector_only bucket8% top1 boost16,2017-10-31,2017-11-30,XLK,SMH,1
current_best sector_only bucket8% top1 boost16,2017-11-30,2017-12-31,SPMO,SMH,1
current_best sector_only bucket8% top1 boost16,2017-12-31,2018-01-31,SPMO,XLE,1
current_best sector_only bucket8% top1 boost16,2018-01-31,2018-02-28,SPMO,ITA,1
current_best sector_only bucket8% top1 boost16,2018-02-28,2018-03-31,SPMO,SMH,1
current_best sector_only bucket8% top1 boost16,2018-03-31,2018-04-30,BIL,,0
current_best sector_only bucket8% top1 boost16,2018-04-30,2018-05-31,EWY,XLE,1
current_best sector_only bucket8% top1 boost16,2018-05-31,2018-06-30,XLK,SMH,1
current_best sector_only bucket8% top1 boost16,2018-06-30,2018-07-31,XLK,XLE,1
current_best sector_only bucket8% top1 boost16,2018-07-31,2018-08-31,SPMO,XAR,1
current_best sector_only bucket8% top1 boost16,2018-08-31,2018-09-30,XLK,XLV,1
current_best sector_only bucket8% top1 boost16,2018-09-30,2018-10-31,SPMO,XLV,1
current_best sector_only bucket8% top1 boost16,2018-10-31,2018-11-30,BIL,XLP,1
current_best sector_only bucket8% top1 boost16,2018-11-30,2018-12-31,IEF,XLV,1
current_best sector_only bucket8% top1 boost16,2018-12-31,2019-01-31,IEF,,0
current_best sector_only bucket8% top1 boost16,2019-01-31,2019-02-28,IEF,XLU,1
current_best sector_only bucket8% top1 boost16,2019-02-28,2019-03-31,SPMO,SMH,1
current_best sector_only bucket8% top1 boost16,2019-03-31,2019-04-30,XLK,SMH,1
current_best sector_only bucket8% top1 boost16,2019-04-30,2019-05-31,XLK,SMH,1
current_best sector_only bucket8% top1 boost16,2019-05-31,2019-06-30,INDA,XAR,1
current_best sector_only bucket8% top1 boost16,2019-06-30,2019-07-31,MTUM,XAR,1
current_best sector_only bucket8% top1 boost16,2019-07-31,2019-08-31,XLK,XAR,1
current_best sector_only bucket8% top1 boost16,2019-08-31,2019-09-30,IEF,XLU,1
current_best sector_only bucket8% top1 boost16,2019-09-30,2019-10-31,EWJ,XLU,1
current_best sector_only bucket8% top1 boost16,2019-10-31,2019-11-30,EWJ,SMH,1
current_best sector_only bucket8% top1 boost16,2019-11-30,2019-12-31,XLK,XLV,1
current_best sector_only bucket8% top1 boost16,2019-12-31,2020-01-31,XLK,SMH,1
current_best sector_only bucket8% top1 boost16,2020-01-31,2020-02-29,XLK,XLU,1
current_best sector_only bucket8% top1 boost16,2020-02-29,2020-03-31,IEF,,0
current_best sector_only bucket8% top1 boost16,2020-03-31,2020-04-30,IEF,,0
current_best sector_only bucket8% top1 boost16,2020-04-30,2020-05-31,IEF,,0
current_best sector_only bucket8% top1 boost16,2020-05-31,2020-06-30,SCHG,XLV,1
current_best sector_only bucket8% top1 boost16,2020-06-30,2020-07-31,XLK,SMH,1
current_best sector_only bucket8% top1 boost16,2020-07-31,2020-08-31,XLK,SMH,1
current_best sector_only bucket8% top1 boost16,2020-08-31,2020-09-30,XLK,SMH,1
current_best sector_only bucket8% top1 boost16,2020-09-30,2020-10-31,XLK,SMH,1
current_best sector_only bucket8% top1 boost16,2020-10-31,2020-11-30,EWY,XLU,1
current_best sector_only bucket8% top1 boost16,2020-11-30,2020-12-31,EWY,SMH,1
current_best sector_only bucket8% top1 boost16,2020-12-31,2021-01-31,EWY,SMH,1
current_best sector_only bucket8% top1 boost16,2021-01-31,2021-02-28,EWY,SMH,1
current_best sector_only bucket8% top1 boost16,2021-02-28,2021-03-31,EWY,XLE,1
current_best sector_only bucket8% top1 boost16,2021-03-31,2021-04-30,XLK,SMH,1
current_best sector_only bucket8% top1 boost16,2021-04-30,2021-05-31,SCHG,XLF,1
current_best sector_only bucket8% top1 boost16,2021-05-31,2021-06-30,INDA,XLF,1
current_best sector_only bucket8% top1 boost16,2021-06-30,2021-07-31,SPMO,XLV,1
current_best sector_only bucket8% top1 boost16,2021-07-31,2021-08-31,XLK,XLV,1
current_best sector_only bucket8% top1 boost16,2021-08-31,2021-09-30,INDA,XLV,1
current_best sector_only bucket8% top1 boost16,2021-09-30,2021-10-31,INDA,XLE,1
current_best sector_only bucket8% top1 boost16,2021-10-31,2021-11-30,SCHG,XLF,1
current_best sector_only bucket8% top1 boost16,2021-11-30,2021-12-31,XLK,SMH,1
current_best sector_only bucket8% top1 boost16,2021-12-31,2022-01-31,XLK,SMH,1
current_best sector_only bucket8% top1 boost16,2022-01-31,2022-02-28,,XLE,1
current_best sector_only bucket8% top1 boost16,2022-02-28,2022-03-31,,XLE,1
current_best sector_only bucket8% top1 boost16,2022-03-31,2022-04-30,BIL,XLU,1
current_best sector_only bucket8% top1 boost16,2022-04-30,2022-05-31,BIL,XLE,1
current_best sector_only bucket8% top1 boost16,2022-05-31,2022-06-30,BIL,XLE,1
current_best sector_only bucket8% top1 boost16,2022-06-30,2022-07-31,BIL,,0
current_best sector_only bucket8% top1 boost16,2022-07-31,2022-08-31,BIL,XLP,1
current_best sector_only bucket8% top1 boost16,2022-08-31,2022-09-30,BIL,XLE,1
current_best sector_only bucket8% top1 boost16,2022-09-30,2022-10-31,BIL,,0
current_best sector_only bucket8% top1 boost16,2022-10-31,2022-11-30,MTUM,XLE,1
current_best sector_only bucket8% top1 boost16,2022-11-30,2022-12-31,MTUM,XLE,1
current_best sector_only bucket8% top1 boost16,2022-12-31,2023-01-31,BIL,ITA,1
current_best sector_only bucket8% top1 boost16,2023-01-31,2023-02-28,EWY,XAR,1
current_best sector_only bucket8% top1 boost16,2023-02-28,2023-03-31,XLK,XAR,1
current_best sector_only bucket8% top1 boost16,2023-03-31,2023-04-30,XLK,SMH,1
current_best sector_only bucket8% top1 boost16,2023-04-30,2023-05-31,XLK,XLP,1
current_best sector_only bucket8% top1 boost16,2023-05-31,2023-06-30,XLK,SMH,1
current_best sector_only bucket8% top1 boost16,2023-06-30,2023-07-31,XLK,SMH,1
current_best sector_only bucket8% top1 boost16,2023-07-31,2023-08-31,SCHG,SMH,1
current_best sector_only bucket8% top1 boost16,2023-08-31,2023-09-30,XLK,SMH,1
current_best sector_only bucket8% top1 boost16,2023-09-30,2023-10-31,SPMO,XLE,1
current_best sector_only bucket8% top1 boost16,2023-10-31,2023-11-30,BIL,,0
current_best sector_only bucket8% top1 boost16,2023-11-30,2023-12-31,XLK,XAR,1
current_best sector_only bucket8% top1 boost16,2023-12-31,2024-01-31,XLK,SMH,1
current_best sector_only bucket8% top1 boost16,2024-01-31,2024-02-29,SPMO,SMH,1
current_best sector_only bucket8% top1 boost16,2024-02-29,2024-03-31,SPMO,SMH,1
current_best sector_only bucket8% top1 boost16,2024-03-31,2024-04-30,SPMO,SMH,1
current_best sector_only bucket8% top1 boost16,2024-04-30,2024-05-31,INDA,XLE,1
current_best sector_only bucket8% top1 boost16,2024-05-31,2024-06-30,SPMO,SMH,1
current_best sector_only bucket8% top1 boost16,2024-06-30,2024-07-31,SPMO,SMH,1
current_best sector_only bucket8% top1 boost16,2024-07-31,2024-08-31,INDA,ITA,1
current_best sector_only bucket8% top1 boost16,2024-08-31,2024-09-30,SPMO,XLU,1
current_best sector_only bucket8% top1 boost16,2024-09-30,2024-10-31,SPMO,XLU,1
current_best sector_only bucket8% top1 boost16,2024-10-31,2024-11-30,MTUM,XLU,1
current_best sector_only bucket8% top1 boost16,2024-11-30,2024-12-31,MTUM,XAR,1
current_best sector_only bucket8% top1 boost16,2024-12-31,2025-01-31,SCHG,XAR,1
current_best sector_only bucket8% top1 boost16,2025-01-31,2025-02-28,SPMO,XLF,1
current_best sector_only bucket8% top1 boost16,2025-02-28,2025-03-31,SPMO,XLF,1
current_best sector_only bucket8% top1 boost16,2025-03-31,2025-04-30,IEF,XLP,1
current_best sector_only bucket8% top1 boost16,2025-04-30,2025-05-31,EWJ,ITA,1
current_best sector_only bucket8% top1 boost16,2025-05-31,2025-06-30,SPMO,ITA,1
current_best sector_only bucket8% top1 boost16,2025-06-30,2025-07-31,EWY,XAR,1
current_best sector_only bucket8% top1 boost16,2025-07-31,2025-08-31,XLK,SMH,1
current_best sector_only bucket8% top1 boost16,2025-08-31,2025-09-30,SCHG,ITA,1
current_best sector_only bucket8% top1 boost16,2025-09-30,2025-10-31,EWY,SMH,1
current_best sector_only bucket8% top1 boost16,2025-10-31,2025-11-30,EWY,SMH,1
current_best sector_only bucket8% top1 boost16,2025-11-30,2025-12-31,EWY,SMH,1
current_best sector_only bucket8% top1 boost16,2025-12-31,2026-01-31,EWY,XLV,1
current_best sector_only bucket8% top1 boost16,2026-01-31,2026-02-28,EWY,SMH,1
current_best sector_only bucket8% top1 boost16,2026-02-28,2026-03-31,EWY,XLE,1
current_best sector_only bucket8% top1 boost16,2026-03-31,2026-04-29,BIL,XLE,1
current_best sector_only bucket8% top2 boost16,2016-09-30,2016-10-31,EWY,"SMH,XLE",2
current_best sector_only bucket8% top2 boost16,2016-10-31,2016-11-30,EWJ,"SMH,XLF",2
current_best sector_only bucket8% top2 boost16,2016-11-30,2016-12-31,,"XLF,XAR",2
current_best sector_only bucket8% top2 boost16,2016-12-31,2017-01-31,SPMO,"XLF,XLE",2
current_best sector_only bucket8% top2 boost16,2017-01-31,2017-02-28,XLK,"SMH,XLF",2
current_best sector_only bucket8% top2 boost16,2017-02-28,2017-03-31,SCHG,"XAR,ITA",2
current_best sector_only bucket8% top2 boost16,2017-03-31,2017-04-30,INDA,"SMH,XLU",2
current_best sector_only bucket8% top2 boost16,2017-04-30,2017-05-31,EWY,"ITA,SMH",2
current_best sector_only bucket8% top2 boost16,2017-05-31,2017-06-30,EWY,"SMH,XLU",2
current_best sector_only bucket8% top2 boost16,2017-06-30,2017-07-31,EWY,"XLV,XLI",2
current_best sector_only bucket8% top2 boost16,2017-07-31,2017-08-31,INDA,"ITA,XAR",2
current_best sector_only bucket8% top2 boost16,2017-08-31,2017-09-30,XLK,"ITA,XAR",2
current_best sector_only bucket8% top2 boost16,2017-09-30,2017-10-31,MTUM,"XAR,ITA",2
current_best sector_only bucket8% top2 boost16,2017-10-31,2017-11-30,XLK,"SMH,XAR",2
current_best sector_only bucket8% top2 boost16,2017-11-30,2017-12-31,SPMO,"SMH,XLF",2
current_best sector_only bucket8% top2 boost16,2017-12-31,2018-01-31,SPMO,"XLE,XAR",2
current_best sector_only bucket8% top2 boost16,2018-01-31,2018-02-28,SPMO,"ITA,SMH",2
current_best sector_only bucket8% top2 boost16,2018-02-28,2018-03-31,SPMO,"SMH,ITA",2
current_best sector_only bucket8% top2 boost16,2018-03-31,2018-04-30,BIL,,0
current_best sector_only bucket8% top2 boost16,2018-04-30,2018-05-31,EWY,XLE,1
current_best sector_only bucket8% top2 boost16,2018-05-31,2018-06-30,XLK,"SMH,XAR",2
current_best sector_only bucket8% top2 boost16,2018-06-30,2018-07-31,XLK,"XLE,XLU",2
current_best sector_only bucket8% top2 boost16,2018-07-31,2018-08-31,SPMO,"XAR,XLV",2
current_best sector_only bucket8% top2 boost16,2018-08-31,2018-09-30,XLK,"XLV,XAR",2
current_best sector_only bucket8% top2 boost16,2018-09-30,2018-10-31,SPMO,"XLV,XAR",2
current_best sector_only bucket8% top2 boost16,2018-10-31,2018-11-30,BIL,"XLP,XLU",2
current_best sector_only bucket8% top2 boost16,2018-11-30,2018-12-31,IEF,"XLV,XLU",2
current_best sector_only bucket8% top2 boost16,2018-12-31,2019-01-31,IEF,,0
current_best sector_only bucket8% top2 boost16,2019-01-31,2019-02-28,IEF,XLU,1
current_best sector_only bucket8% top2 boost16,2019-02-28,2019-03-31,SPMO,"SMH,ITA",2
current_best sector_only bucket8% top2 boost16,2019-03-31,2019-04-30,XLK,"SMH,XLU",2
current_best sector_only bucket8% top2 boost16,2019-04-30,2019-05-31,XLK,"SMH,XAR",2
current_best sector_only bucket8% top2 boost16,2019-05-31,2019-06-30,INDA,"XAR,XLU",2
current_best sector_only bucket8% top2 boost16,2019-06-30,2019-07-31,MTUM,"XAR,XLU",2
current_best sector_only bucket8% top2 boost16,2019-07-31,2019-08-31,XLK,"XAR,SMH",2
current_best sector_only bucket8% top2 boost16,2019-08-31,2019-09-30,IEF,"XLU,XAR",2
current_best sector_only bucket8% top2 boost16,2019-09-30,2019-10-31,EWJ,"XLU,ITA",2
current_best sector_only bucket8% top2 boost16,2019-10-31,2019-11-30,EWJ,"SMH,XLF",2
current_best sector_only bucket8% top2 boost16,2019-11-30,2019-12-31,XLK,"XLV,SMH",2
current_best sector_only bucket8% top2 boost16,2019-12-31,2020-01-31,XLK,"SMH,XLV",2
current_best sector_only bucket8% top2 boost16,2020-01-31,2020-02-29,XLK,"XLU,SMH",2
current_best sector_only bucket8% top2 boost16,2020-02-29,2020-03-31,IEF,,0
current_best sector_only bucket8% top2 boost16,2020-03-31,2020-04-30,IEF,,0
current_best sector_only bucket8% top2 boost16,2020-04-30,2020-05-31,IEF,,0
current_best sector_only bucket8% top2 boost16,2020-05-31,2020-06-30,SCHG,XLV,1
current_best sector_only bucket8% top2 boost16,2020-06-30,2020-07-31,XLK,"SMH,XLV",2
current_best sector_only bucket8% top2 boost16,2020-07-31,2020-08-31,XLK,"SMH,XLI",2
current_best sector_only bucket8% top2 boost16,2020-08-31,2020-09-30,XLK,"SMH,XLI",2
current_best sector_only bucket8% top2 boost16,2020-09-30,2020-10-31,XLK,"SMH,XLI",2
current_best sector_only bucket8% top2 boost16,2020-10-31,2020-11-30,EWY,XLU,1
current_best sector_only bucket8% top2 boost16,2020-11-30,2020-12-31,EWY,"SMH,XAR",2
current_best sector_only bucket8% top2 boost16,2020-12-31,2021-01-31,EWY,"SMH,XLF",2
current_best sector_only bucket8% top2 boost16,2021-01-31,2021-02-28,EWY,"SMH,XAR",2
current_best sector_only bucket8% top2 boost16,2021-02-28,2021-03-31,EWY,"XLE,SMH",2
current_best sector_only bucket8% top2 boost16,2021-03-31,2021-04-30,XLK,"SMH,XLE",2
current_best sector_only bucket8% top2 boost16,2021-04-30,2021-05-31,SCHG,"XLF,XLI",2
current_best sector_only bucket8% top2 boost16,2021-05-31,2021-06-30,INDA,"XLF,ITA",2
current_best sector_only bucket8% top2 boost16,2021-06-30,2021-07-31,SPMO,"XLV,XLE",2
current_best sector_only bucket8% top2 boost16,2021-07-31,2021-08-31,XLK,"XLV,SMH",2
current_best sector_only bucket8% top2 boost16,2021-08-31,2021-09-30,INDA,"XLV,XLF",2
current_best sector_only bucket8% top2 boost16,2021-09-30,2021-10-31,INDA,XLE,1
current_best sector_only bucket8% top2 boost16,2021-10-31,2021-11-30,SCHG,"XLF,SMH",2
current_best sector_only bucket8% top2 boost16,2021-11-30,2021-12-31,XLK,"SMH,XLE",2
current_best sector_only bucket8% top2 boost16,2021-12-31,2022-01-31,XLK,"SMH,XLP",2
current_best sector_only bucket8% top2 boost16,2022-01-31,2022-02-28,,"XLE,XLP",2
current_best sector_only bucket8% top2 boost16,2022-02-28,2022-03-31,,"XLE,ITA",2
current_best sector_only bucket8% top2 boost16,2022-03-31,2022-04-30,BIL,"XLU,XLE",2
current_best sector_only bucket8% top2 boost16,2022-04-30,2022-05-31,BIL,"XLE,XLP",2
current_best sector_only bucket8% top2 boost16,2022-05-31,2022-06-30,BIL,"XLE,XLU",2
current_best sector_only bucket8% top2 boost16,2022-06-30,2022-07-31,BIL,,0
current_best sector_only bucket8% top2 boost16,2022-07-31,2022-08-31,BIL,XLP,1
current_best sector_only bucket8% top2 boost16,2022-08-31,2022-09-30,BIL,"XLE,XLU",2
current_best sector_only bucket8% top2 boost16,2022-09-30,2022-10-31,BIL,,0
current_best sector_only bucket8% top2 boost16,2022-10-31,2022-11-30,MTUM,"XLE,ITA",2
current_best sector_only bucket8% top2 boost16,2022-11-30,2022-12-31,MTUM,"XLE,XLI",2
current_best sector_only bucket8% top2 boost16,2022-12-31,2023-01-31,BIL,"ITA,XLI",2
current_best sector_only bucket8% top2 boost16,2023-01-31,2023-02-28,EWY,"XAR,SMH",2
current_best sector_only bucket8% top2 boost16,2023-02-28,2023-03-31,XLK,"XAR,SMH",2
current_best sector_only bucket8% top2 boost16,2023-03-31,2023-04-30,XLK,"SMH,ITA",2
current_best sector_only bucket8% top2 boost16,2023-04-30,2023-05-31,XLK,"XLP,SMH",2
current_best sector_only bucket8% top2 boost16,2023-05-31,2023-06-30,XLK,SMH,1
current_best sector_only bucket8% top2 boost16,2023-06-30,2023-07-31,XLK,"SMH,XLI",2
current_best sector_only bucket8% top2 boost16,2023-07-31,2023-08-31,SCHG,"SMH,XLI",2
current_best sector_only bucket8% top2 boost16,2023-08-31,2023-09-30,XLK,"SMH,XLE",2
current_best sector_only bucket8% top2 boost16,2023-09-30,2023-10-31,SPMO,XLE,1
current_best sector_only bucket8% top2 boost16,2023-10-31,2023-11-30,BIL,,0
current_best sector_only bucket8% top2 boost16,2023-11-30,2023-12-31,XLK,"XAR,ITA",2
current_best sector_only bucket8% top2 boost16,2023-12-31,2024-01-31,XLK,"SMH,XAR",2
current_best sector_only bucket8% top2 boost16,2024-01-31,2024-02-29,SPMO,"SMH,XLF",2
current_best sector_only bucket8% top2 boost16,2024-02-29,2024-03-31,SPMO,"SMH,XLF",2
current_best sector_only bucket8% top2 boost16,2024-03-31,2024-04-30,SPMO,"SMH,XLF",2
current_best sector_only bucket8% top2 boost16,2024-04-30,2024-05-31,INDA,"XLE,XLU",2
current_best sector_only bucket8% top2 boost16,2024-05-31,2024-06-30,SPMO,"SMH,XLU",2
current_best sector_only bucket8% top2 boost16,2024-06-30,2024-07-31,SPMO,"SMH,XLU",2
current_best sector_only bucket8% top2 boost16,2024-07-31,2024-08-31,INDA,"ITA,XAR",2
current_best sector_only bucket8% top2 boost16,2024-08-31,2024-09-30,SPMO,"XLU,ITA",2
current_best sector_only bucket8% top2 boost16,2024-09-30,2024-10-31,SPMO,"XLU,ITA",2
current_best sector_only bucket8% top2 boost16,2024-10-31,2024-11-30,MTUM,"XLU,XLF",2
current_best sector_only bucket8% top2 boost16,2024-11-30,2024-12-31,MTUM,"XAR,XLF",2
current_best sector_only bucket8% top2 boost16,2024-12-31,2025-01-31,SCHG,"XAR,XLF",2
current_best sector_only bucket8% top2 boost16,2025-01-31,2025-02-28,SPMO,"XLF,ITA",2
current_best sector_only bucket8% top2 boost16,2025-02-28,2025-03-31,SPMO,"XLF,XLE",2
current_best sector_only bucket8% top2 boost16,2025-03-31,2025-04-30,IEF,XLP,1
current_best sector_only bucket8% top2 boost16,2025-04-30,2025-05-31,EWJ,"ITA,XAR",2
current_best sector_only bucket8% top2 boost16,2025-05-31,2025-06-30,SPMO,"ITA,XAR",2
current_best sector_only bucket8% top2 boost16,2025-06-30,2025-07-31,EWY,"XAR,SMH",2
current_best sector_only bucket8% top2 boost16,2025-07-31,2025-08-31,XLK,"SMH,XAR",2
current_best sector_only bucket8% top2 boost16,2025-08-31,2025-09-30,SCHG,"ITA,SMH",2
current_best sector_only bucket8% top2 boost16,2025-09-30,2025-10-31,EWY,"SMH,XAR",2
current_best sector_only bucket8% top2 boost16,2025-10-31,2025-11-30,EWY,"SMH,XAR",2
current_best sector_only bucket8% top2 boost16,2025-11-30,2025-12-31,EWY,"SMH,XLV",2
current_best sector_only bucket8% top2 boost16,2025-12-31,2026-01-31,EWY,"XLV,XLF",2
current_best sector_only bucket8% top2 boost16,2026-01-31,2026-02-28,EWY,"SMH,XAR",2
current_best sector_only bucket8% top2 boost16,2026-02-28,2026-03-31,EWY,"XLE,XAR",2
current_best sector_only bucket8% top2 boost16,2026-03-31,2026-04-29,BIL,"XLE,XLU",2
current_best sector_only bucket8% top3 boost16,2016-09-30,2016-10-31,EWY,"SMH,XLE,XLI",3
current_best sector_only bucket8% top3 boost16,2016-10-31,2016-11-30,EWJ,"SMH,XLF",2
current_best sector_only bucket8% top3 boost16,2016-11-30,2016-12-31,,"XLF,XAR,XLE",3
current_best sector_only bucket8% top3 boost16,2016-12-31,2017-01-31,SPMO,"XLF,XLE,SMH",3
current_best sector_only bucket8% top3 boost16,2017-01-31,2017-02-28,XLK,"SMH,XLF,XLI",3
current_best sector_only bucket8% top3 boost16,2017-02-28,2017-03-31,SCHG,"XAR,ITA,XLF",3
current_best sector_only bucket8% top3 boost16,2017-03-31,2017-04-30,INDA,"SMH,XLU,XLP",3
current_best sector_only bucket8% top3 boost16,2017-04-30,2017-05-31,EWY,"ITA,SMH,XLV",3
current_best sector_only bucket8% top3 boost16,2017-05-31,2017-06-30,EWY,"SMH,XLU,ITA",3
current_best sector_only bucket8% top3 boost16,2017-06-30,2017-07-31,EWY,"XLV,XLI,XLF",3
current_best sector_only bucket8% top3 boost16,2017-07-31,2017-08-31,INDA,"ITA,XAR,XLV",3
current_best sector_only bucket8% top3 boost16,2017-08-31,2017-09-30,XLK,"ITA,XAR,SMH",3
current_best sector_only bucket8% top3 boost16,2017-09-30,2017-10-31,MTUM,"XAR,ITA,SMH",3
current_best sector_only bucket8% top3 boost16,2017-10-31,2017-11-30,XLK,"SMH,XAR,XLF",3
current_best sector_only bucket8% top3 boost16,2017-11-30,2017-12-31,SPMO,"SMH,XLF,ITA",3
current_best sector_only bucket8% top3 boost16,2017-12-31,2018-01-31,SPMO,"XLE,XAR,ITA",3
current_best sector_only bucket8% top3 boost16,2018-01-31,2018-02-28,SPMO,"ITA,SMH,XLF",3
current_best sector_only bucket8% top3 boost16,2018-02-28,2018-03-31,SPMO,"SMH,ITA,XAR",3
current_best sector_only bucket8% top3 boost16,2018-03-31,2018-04-30,BIL,,0
current_best sector_only bucket8% top3 boost16,2018-04-30,2018-05-31,EWY,XLE,1
current_best sector_only bucket8% top3 boost16,2018-05-31,2018-06-30,XLK,"SMH,XAR",2
current_best sector_only bucket8% top3 boost16,2018-06-30,2018-07-31,XLK,"XLE,XLU",2
current_best sector_only bucket8% top3 boost16,2018-07-31,2018-08-31,SPMO,"XAR,XLV,XLE",3
current_best sector_only bucket8% top3 boost16,2018-08-31,2018-09-30,XLK,"XLV,XAR,SMH",3
current_best sector_only bucket8% top3 boost16,2018-09-30,2018-10-31,SPMO,"XLV,XAR,ITA",3
current_best sector_only bucket8% top3 boost16,2018-10-31,2018-11-30,BIL,"XLP,XLU",2
current_best sector_only bucket8% top3 boost16,2018-11-30,2018-12-31,IEF,"XLV,XLU,XLP",3
current_best sector_only bucket8% top3 boost16,2018-12-31,2019-01-31,IEF,,0
current_best sector_only bucket8% top3 boost16,2019-01-31,2019-02-28,IEF,XLU,1
current_best sector_only bucket8% top3 boost16,2019-02-28,2019-03-31,SPMO,"SMH,ITA,XAR",3
current_best sector_only bucket8% top3 boost16,2019-03-31,2019-04-30,XLK,"SMH,XLU,XLI",3
current_best sector_only bucket8% top3 boost16,2019-04-30,2019-05-31,XLK,"SMH,XAR,XLF",3
current_best sector_only bucket8% top3 boost16,2019-05-31,2019-06-30,INDA,"XAR,XLU,ITA",3
current_best sector_only bucket8% top3 boost16,2019-06-30,2019-07-31,MTUM,"XAR,XLU,XLP",3
current_best sector_only bucket8% top3 boost16,2019-07-31,2019-08-31,XLK,"XAR,SMH,XLF",3
current_best sector_only bucket8% top3 boost16,2019-08-31,2019-09-30,IEF,"XLU,XAR,XLP",3
current_best sector_only bucket8% top3 boost16,2019-09-30,2019-10-31,EWJ,"XLU,ITA,XAR",3
current_best sector_only bucket8% top3 boost16,2019-10-31,2019-11-30,EWJ,"SMH,XLF,XLU",3
current_best sector_only bucket8% top3 boost16,2019-11-30,2019-12-31,XLK,"XLV,SMH,XLF",3
current_best sector_only bucket8% top3 boost16,2019-12-31,2020-01-31,XLK,"SMH,XLV,XLF",3
current_best sector_only bucket8% top3 boost16,2020-01-31,2020-02-29,XLK,"XLU,SMH,XLV",3
current_best sector_only bucket8% top3 boost16,2020-02-29,2020-03-31,IEF,,0
current_best sector_only bucket8% top3 boost16,2020-03-31,2020-04-30,IEF,,0
current_best sector_only bucket8% top3 boost16,2020-04-30,2020-05-31,IEF,,0
current_best sector_only bucket8% top3 boost16,2020-05-31,2020-06-30,SCHG,XLV,1
current_best sector_only bucket8% top3 boost16,2020-06-30,2020-07-31,XLK,"SMH,XLV",2
current_best sector_only bucket8% top3 boost16,2020-07-31,2020-08-31,XLK,"SMH,XLI,XLV",3
current_best sector_only bucket8% top3 boost16,2020-08-31,2020-09-30,XLK,"SMH,XLI,XLP",3
current_best sector_only bucket8% top3 boost16,2020-09-30,2020-10-31,XLK,"SMH,XLI,XLP",3
current_best sector_only bucket8% top3 boost16,2020-10-31,2020-11-30,EWY,XLU,1
current_best sector_only bucket8% top3 boost16,2020-11-30,2020-12-31,EWY,"SMH,XAR,XLI",3
current_best sector_only bucket8% top3 boost16,2020-12-31,2021-01-31,EWY,"SMH,XLF,XAR",3
current_best sector_only bucket8% top3 boost16,2021-01-31,2021-02-28,EWY,"SMH,XAR,XLE",3
current_best sector_only bucket8% top3 boost16,2021-02-28,2021-03-31,EWY,"XLE,SMH,XLF",3
current_best sector_only bucket8% top3 boost16,2021-03-31,2021-04-30,XLK,"SMH,XLE,XLF",3
current_best sector_only bucket8% top3 boost16,2021-04-30,2021-05-31,SCHG,"XLF,XLI,XLE",3
current_best sector_only bucket8% top3 boost16,2021-05-31,2021-06-30,INDA,"XLF,ITA,XLI",3
current_best sector_only bucket8% top3 boost16,2021-06-30,2021-07-31,SPMO,"XLV,XLE,XLF",3
current_best sector_only bucket8% top3 boost16,2021-07-31,2021-08-31,XLK,"XLV,SMH,XLP",3
current_best sector_only bucket8% top3 boost16,2021-08-31,2021-09-30,INDA,"XLV,XLF,SMH",3
current_best sector_only bucket8% top3 boost16,2021-09-30,2021-10-31,INDA,XLE,1
current_best sector_only bucket8% top3 boost16,2021-10-31,2021-11-30,SCHG,"XLF,SMH,XLE",3
current_best sector_only bucket8% top3 boost16,2021-11-30,2021-12-31,XLK,"SMH,XLE",2
current_best sector_only bucket8% top3 boost16,2021-12-31,2022-01-31,XLK,"SMH,XLP,XLV",3
current_best sector_only bucket8% top3 boost16,2022-01-31,2022-02-28,,"XLE,XLP,XLU",3
current_best sector_only bucket8% top3 boost16,2022-02-28,2022-03-31,,"XLE,ITA",2
current_best sector_only bucket8% top3 boost16,2022-03-31,2022-04-30,BIL,"XLU,XLE,ITA",3
current_best sector_only bucket8% top3 boost16,2022-04-30,2022-05-31,BIL,"XLE,XLP,XLU",3
current_best sector_only bucket8% top3 boost16,2022-05-31,2022-06-30,BIL,"XLE,XLU",2
current_best sector_only bucket8% top3 boost16,2022-06-30,2022-07-31,BIL,,0
current_best sector_only bucket8% top3 boost16,2022-07-31,2022-08-31,BIL,XLP,1
current_best sector_only bucket8% top3 boost16,2022-08-31,2022-09-30,BIL,"XLE,XLU",2
current_best sector_only bucket8% top3 boost16,2022-09-30,2022-10-31,BIL,,0
current_best sector_only bucket8% top3 boost16,2022-10-31,2022-11-30,MTUM,"XLE,ITA,XLF",3
current_best sector_only bucket8% top3 boost16,2022-11-30,2022-12-31,MTUM,"XLE,XLI,ITA",3
current_best sector_only bucket8% top3 boost16,2022-12-31,2023-01-31,BIL,"ITA,XLI,XLV",3
current_best sector_only bucket8% top3 boost16,2023-01-31,2023-02-28,EWY,"XAR,SMH,XLE",3
current_best sector_only bucket8% top3 boost16,2023-02-28,2023-03-31,XLK,"XAR,SMH,ITA",3
current_best sector_only bucket8% top3 boost16,2023-03-31,2023-04-30,XLK,"SMH,ITA,XLI",3
current_best sector_only bucket8% top3 boost16,2023-04-30,2023-05-31,XLK,"XLP,SMH,XLI",3
current_best sector_only bucket8% top3 boost16,2023-05-31,2023-06-30,XLK,SMH,1
current_best sector_only bucket8% top3 boost16,2023-06-30,2023-07-31,XLK,"SMH,XLI,XAR",3
current_best sector_only bucket8% top3 boost16,2023-07-31,2023-08-31,SCHG,"SMH,XLI,XLE",3
current_best sector_only bucket8% top3 boost16,2023-08-31,2023-09-30,XLK,"SMH,XLE,XLI",3
current_best sector_only bucket8% top3 boost16,2023-09-30,2023-10-31,SPMO,XLE,1
current_best sector_only bucket8% top3 boost16,2023-10-31,2023-11-30,BIL,,0
current_best sector_only bucket8% top3 boost16,2023-11-30,2023-12-31,XLK,"XAR,ITA,XLF",3
current_best sector_only bucket8% top3 boost16,2023-12-31,2024-01-31,XLK,"SMH,XAR,XLF",3
current_best sector_only bucket8% top3 boost16,2024-01-31,2024-02-29,SPMO,"SMH,XLF,XLI",3
current_best sector_only bucket8% top3 boost16,2024-02-29,2024-03-31,SPMO,"SMH,XLF,XLI",3
current_best sector_only bucket8% top3 boost16,2024-03-31,2024-04-30,SPMO,"SMH,XLF,XLI",3
current_best sector_only bucket8% top3 boost16,2024-04-30,2024-05-31,INDA,"XLE,XLU,SMH",3
current_best sector_only bucket8% top3 boost16,2024-05-31,2024-06-30,SPMO,"SMH,XLU,ITA",3
current_best sector_only bucket8% top3 boost16,2024-06-30,2024-07-31,SPMO,"SMH,XLU,XAR",3
current_best sector_only bucket8% top3 boost16,2024-07-31,2024-08-31,INDA,"ITA,XAR,XLU",3
current_best sector_only bucket8% top3 boost16,2024-08-31,2024-09-30,SPMO,"XLU,ITA,XAR",3
current_best sector_only bucket8% top3 boost16,2024-09-30,2024-10-31,SPMO,"XLU,ITA,XLI",3
current_best sector_only bucket8% top3 boost16,2024-10-31,2024-11-30,MTUM,"XLU,XLF,XLI",3
current_best sector_only bucket8% top3 boost16,2024-11-30,2024-12-31,MTUM,"XAR,XLF,XLU",3
current_best sector_only bucket8% top3 boost16,2024-12-31,2025-01-31,SCHG,"XAR,XLF",2
current_best sector_only bucket8% top3 boost16,2025-01-31,2025-02-28,SPMO,"XLF,ITA",2
current_best sector_only bucket8% top3 boost16,2025-02-28,2025-03-31,SPMO,"XLF,XLE,XLP",3
current_best sector_only bucket8% top3 boost16,2025-03-31,2025-04-30,IEF,XLP,1
current_best sector_only bucket8% top3 boost16,2025-04-30,2025-05-31,EWJ,"ITA,XAR,XLP",3
current_best sector_only bucket8% top3 boost16,2025-05-31,2025-06-30,SPMO,"ITA,XAR,XLI",3
current_best sector_only bucket8% top3 boost16,2025-06-30,2025-07-31,EWY,"XAR,SMH,ITA",3
current_best sector_only bucket8% top3 boost16,2025-07-31,2025-08-31,XLK,"SMH,XAR,ITA",3
current_best sector_only bucket8% top3 boost16,2025-08-31,2025-09-30,SCHG,"ITA,SMH,XLE",3
current_best sector_only bucket8% top3 boost16,2025-09-30,2025-10-31,EWY,"SMH,XAR,ITA",3
current_best sector_only bucket8% top3 boost16,2025-10-31,2025-11-30,EWY,"SMH,XAR,ITA",3
current_best sector_only bucket8% top3 boost16,2025-11-30,2025-12-31,EWY,"SMH,XLV,XLU",3
current_best sector_only bucket8% top3 boost16,2025-12-31,2026-01-31,EWY,"XLV,XLF,XLI",3
current_best sector_only bucket8% top3 boost16,2026-01-31,2026-02-28,EWY,"SMH,XAR,XLE",3
current_best sector_only bucket8% top3 boost16,2026-02-28,2026-03-31,EWY,"XLE,XAR,XLP",3
current_best sector_only bucket8% top3 boost16,2026-03-31,2026-04-29,BIL,"XLE,XLU",2
current_best sector_only bucket10% top1 boost16,2016-09-30,2016-10-31,EWY,SMH,1
current_best sector_only bucket10% top1 boost16,2016-10-31,2016-11-30,EWJ,SMH,1
current_best sector_only bucket10% top1 boost16,2016-11-30,2016-12-31,,XLF,1
current_best sector_only bucket10% top1 boost16,2016-12-31,2017-01-31,SPMO,XLF,1
current_best sector_only bucket10% top1 boost16,2017-01-31,2017-02-28,XLK,SMH,1
current_best sector_only bucket10% top1 boost16,2017-02-28,2017-03-31,SCHG,XAR,1
current_best sector_only bucket10% top1 boost16,2017-03-31,2017-04-30,INDA,SMH,1
current_best sector_only bucket10% top1 boost16,2017-04-30,2017-05-31,EWY,ITA,1
current_best sector_only bucket10% top1 boost16,2017-05-31,2017-06-30,EWY,SMH,1
current_best sector_only bucket10% top1 boost16,2017-06-30,2017-07-31,EWY,XLV,1
current_best sector_only bucket10% top1 boost16,2017-07-31,2017-08-31,INDA,ITA,1
current_best sector_only bucket10% top1 boost16,2017-08-31,2017-09-30,XLK,ITA,1
current_best sector_only bucket10% top1 boost16,2017-09-30,2017-10-31,MTUM,XAR,1
current_best sector_only bucket10% top1 boost16,2017-10-31,2017-11-30,XLK,SMH,1
current_best sector_only bucket10% top1 boost16,2017-11-30,2017-12-31,SPMO,SMH,1
current_best sector_only bucket10% top1 boost16,2017-12-31,2018-01-31,SPMO,XLE,1
current_best sector_only bucket10% top1 boost16,2018-01-31,2018-02-28,SPMO,ITA,1
current_best sector_only bucket10% top1 boost16,2018-02-28,2018-03-31,SPMO,SMH,1
current_best sector_only bucket10% top1 boost16,2018-03-31,2018-04-30,BIL,,0
current_best sector_only bucket10% top1 boost16,2018-04-30,2018-05-31,EWY,XLE,1
current_best sector_only bucket10% top1 boost16,2018-05-31,2018-06-30,XLK,SMH,1
current_best sector_only bucket10% top1 boost16,2018-06-30,2018-07-31,XLK,XLE,1
current_best sector_only bucket10% top1 boost16,2018-07-31,2018-08-31,SPMO,XAR,1
current_best sector_only bucket10% top1 boost16,2018-08-31,2018-09-30,XLK,XLV,1
current_best sector_only bucket10% top1 boost16,2018-09-30,2018-10-31,SPMO,XLV,1
current_best sector_only bucket10% top1 boost16,2018-10-31,2018-11-30,BIL,XLP,1
current_best sector_only bucket10% top1 boost16,2018-11-30,2018-12-31,IEF,XLV,1
current_best sector_only bucket10% top1 boost16,2018-12-31,2019-01-31,IEF,,0
current_best sector_only bucket10% top1 boost16,2019-01-31,2019-02-28,IEF,XLU,1
current_best sector_only bucket10% top1 boost16,2019-02-28,2019-03-31,SPMO,SMH,1
current_best sector_only bucket10% top1 boost16,2019-03-31,2019-04-30,XLK,SMH,1
current_best sector_only bucket10% top1 boost16,2019-04-30,2019-05-31,XLK,SMH,1
current_best sector_only bucket10% top1 boost16,2019-05-31,2019-06-30,INDA,XAR,1
current_best sector_only bucket10% top1 boost16,2019-06-30,2019-07-31,MTUM,XAR,1
current_best sector_only bucket10% top1 boost16,2019-07-31,2019-08-31,XLK,XAR,1
current_best sector_only bucket10% top1 boost16,2019-08-31,2019-09-30,IEF,XLU,1
current_best sector_only bucket10% top1 boost16,2019-09-30,2019-10-31,EWJ,XLU,1
current_best sector_only bucket10% top1 boost16,2019-10-31,2019-11-30,EWJ,SMH,1
current_best sector_only bucket10% top1 boost16,2019-11-30,2019-12-31,XLK,XLV,1
current_best sector_only bucket10% top1 boost16,2019-12-31,2020-01-31,XLK,SMH,1
current_best sector_only bucket10% top1 boost16,2020-01-31,2020-02-29,XLK,XLU,1
current_best sector_only bucket10% top1 boost16,2020-02-29,2020-03-31,IEF,,0
current_best sector_only bucket10% top1 boost16,2020-03-31,2020-04-30,IEF,,0
current_best sector_only bucket10% top1 boost16,2020-04-30,2020-05-31,IEF,,0
current_best sector_only bucket10% top1 boost16,2020-05-31,2020-06-30,SCHG,XLV,1
current_best sector_only bucket10% top1 boost16,2020-06-30,2020-07-31,XLK,SMH,1
current_best sector_only bucket10% top1 boost16,2020-07-31,2020-08-31,XLK,SMH,1
current_best sector_only bucket10% top1 boost16,2020-08-31,2020-09-30,XLK,SMH,1
current_best sector_only bucket10% top1 boost16,2020-09-30,2020-10-31,XLK,SMH,1
current_best sector_only bucket10% top1 boost16,2020-10-31,2020-11-30,EWY,XLU,1
current_best sector_only bucket10% top1 boost16,2020-11-30,2020-12-31,EWY,SMH,1
current_best sector_only bucket10% top1 boost16,2020-12-31,2021-01-31,EWY,SMH,1
current_best sector_only bucket10% top1 boost16,2021-01-31,2021-02-28,EWY,SMH,1
current_best sector_only bucket10% top1 boost16,2021-02-28,2021-03-31,EWY,XLE,1
current_best sector_only bucket10% top1 boost16,2021-03-31,2021-04-30,XLK,SMH,1
current_best sector_only bucket10% top1 boost16,2021-04-30,2021-05-31,SCHG,XLF,1
current_best sector_only bucket10% top1 boost16,2021-05-31,2021-06-30,INDA,XLF,1
current_best sector_only bucket10% top1 boost16,2021-06-30,2021-07-31,SPMO,XLV,1
current_best sector_only bucket10% top1 boost16,2021-07-31,2021-08-31,XLK,XLV,1
current_best sector_only bucket10% top1 boost16,2021-08-31,2021-09-30,INDA,XLV,1
current_best sector_only bucket10% top1 boost16,2021-09-30,2021-10-31,INDA,XLE,1
current_best sector_only bucket10% top1 boost16,2021-10-31,2021-11-30,SCHG,XLF,1
current_best sector_only bucket10% top1 boost16,2021-11-30,2021-12-31,XLK,SMH,1
current_best sector_only bucket10% top1 boost16,2021-12-31,2022-01-31,XLK,SMH,1
current_best sector_only bucket10% top1 boost16,2022-01-31,2022-02-28,,XLE,1
current_best sector_only bucket10% top1 boost16,2022-02-28,2022-03-31,,XLE,1
current_best sector_only bucket10% top1 boost16,2022-03-31,2022-04-30,BIL,XLU,1
current_best sector_only bucket10% top1 boost16,2022-04-30,2022-05-31,BIL,XLE,1
current_best sector_only bucket10% top1 boost16,2022-05-31,2022-06-30,BIL,XLE,1
current_best sector_only bucket10% top1 boost16,2022-06-30,2022-07-31,BIL,,0
current_best sector_only bucket10% top1 boost16,2022-07-31,2022-08-31,BIL,XLP,1
current_best sector_only bucket10% top1 boost16,2022-08-31,2022-09-30,BIL,XLE,1
current_best sector_only bucket10% top1 boost16,2022-09-30,2022-10-31,BIL,,0
current_best sector_only bucket10% top1 boost16,2022-10-31,2022-11-30,MTUM,XLE,1
current_best sector_only bucket10% top1 boost16,2022-11-30,2022-12-31,MTUM,XLE,1
current_best sector_only bucket10% top1 boost16,2022-12-31,2023-01-31,BIL,ITA,1
current_best sector_only bucket10% top1 boost16,2023-01-31,2023-02-28,EWY,XAR,1
current_best sector_only bucket10% top1 boost16,2023-02-28,2023-03-31,XLK,XAR,1
current_best sector_only bucket10% top1 boost16,2023-03-31,2023-04-30,XLK,SMH,1
current_best sector_only bucket10% top1 boost16,2023-04-30,2023-05-31,XLK,XLP,1
current_best sector_only bucket10% top1 boost16,2023-05-31,2023-06-30,XLK,SMH,1
current_best sector_only bucket10% top1 boost16,2023-06-30,2023-07-31,XLK,SMH,1
current_best sector_only bucket10% top1 boost16,2023-07-31,2023-08-31,SCHG,SMH,1
current_best sector_only bucket10% top1 boost16,2023-08-31,2023-09-30,XLK,SMH,1
current_best sector_only bucket10% top1 boost16,2023-09-30,2023-10-31,SPMO,XLE,1
current_best sector_only bucket10% top1 boost16,2023-10-31,2023-11-30,BIL,,0
current_best sector_only bucket10% top1 boost16,2023-11-30,2023-12-31,XLK,XAR,1
current_best sector_only bucket10% top1 boost16,2023-12-31,2024-01-31,XLK,SMH,1
current_best sector_only bucket10% top1 boost16,2024-01-31,2024-02-29,SPMO,SMH,1
current_best sector_only bucket10% top1 boost16,2024-02-29,2024-03-31,SPMO,SMH,1
current_best sector_only bucket10% top1 boost16,2024-03-31,2024-04-30,SPMO,SMH,1
current_best sector_only bucket10% top1 boost16,2024-04-30,2024-05-31,INDA,XLE,1
current_best sector_only bucket10% top1 boost16,2024-05-31,2024-06-30,SPMO,SMH,1
current_best sector_only bucket10% top1 boost16,2024-06-30,2024-07-31,SPMO,SMH,1
current_best sector_only bucket10% top1 boost16,2024-07-31,2024-08-31,INDA,ITA,1
current_best sector_only bucket10% top1 boost16,2024-08-31,2024-09-30,SPMO,XLU,1
current_best sector_only bucket10% top1 boost16,2024-09-30,2024-10-31,SPMO,XLU,1
current_best sector_only bucket10% top1 boost16,2024-10-31,2024-11-30,MTUM,XLU,1
current_best sector_only bucket10% top1 boost16,2024-11-30,2024-12-31,MTUM,XAR,1
current_best sector_only bucket10% top1 boost16,2024-12-31,2025-01-31,SCHG,XAR,1
current_best sector_only bucket10% top1 boost16,2025-01-31,2025-02-28,SPMO,XLF,1
current_best sector_only bucket10% top1 boost16,2025-02-28,2025-03-31,SPMO,XLF,1
current_best sector_only bucket10% top1 boost16,2025-03-31,2025-04-30,IEF,XLP,1
current_best sector_only bucket10% top1 boost16,2025-04-30,2025-05-31,EWJ,ITA,1
current_best sector_only bucket10% top1 boost16,2025-05-31,2025-06-30,SPMO,ITA,1
current_best sector_only bucket10% top1 boost16,2025-06-30,2025-07-31,EWY,XAR,1
current_best sector_only bucket10% top1 boost16,2025-07-31,2025-08-31,XLK,SMH,1
current_best sector_only bucket10% top1 boost16,2025-08-31,2025-09-30,SCHG,ITA,1
current_best sector_only bucket10% top1 boost16,2025-09-30,2025-10-31,EWY,SMH,1
current_best sector_only bucket10% top1 boost16,2025-10-31,2025-11-30,EWY,SMH,1
current_best sector_only bucket10% top1 boost16,2025-11-30,2025-12-31,EWY,SMH,1
current_best sector_only bucket10% top1 boost16,2025-12-31,2026-01-31,EWY,XLV,1
current_best sector_only bucket10% top1 boost16,2026-01-31,2026-02-28,EWY,SMH,1
current_best sector_only bucket10% top1 boost16,2026-02-28,2026-03-31,EWY,XLE,1
current_best sector_only bucket10% top1 boost16,2026-03-31,2026-04-29,BIL,XLE,1
current_best sector_only bucket10% top2 boost16,2016-09-30,2016-10-31,EWY,"SMH,XLE",2
current_best sector_only bucket10% top2 boost16,2016-10-31,2016-11-30,EWJ,"SMH,XLF",2
current_best sector_only bucket10% top2 boost16,2016-11-30,2016-12-31,,"XLF,XAR",2
current_best sector_only bucket10% top2 boost16,2016-12-31,2017-01-31,SPMO,"XLF,XLE",2
current_best sector_only bucket10% top2 boost16,2017-01-31,2017-02-28,XLK,"SMH,XLF",2
current_best sector_only bucket10% top2 boost16,2017-02-28,2017-03-31,SCHG,"XAR,ITA",2
current_best sector_only bucket10% top2 boost16,2017-03-31,2017-04-30,INDA,"SMH,XLU",2
current_best sector_only bucket10% top2 boost16,2017-04-30,2017-05-31,EWY,"ITA,SMH",2
current_best sector_only bucket10% top2 boost16,2017-05-31,2017-06-30,EWY,"SMH,XLU",2
current_best sector_only bucket10% top2 boost16,2017-06-30,2017-07-31,EWY,"XLV,XLI",2
current_best sector_only bucket10% top2 boost16,2017-07-31,2017-08-31,INDA,"ITA,XAR",2
current_best sector_only bucket10% top2 boost16,2017-08-31,2017-09-30,XLK,"ITA,XAR",2
current_best sector_only bucket10% top2 boost16,2017-09-30,2017-10-31,MTUM,"XAR,ITA",2
current_best sector_only bucket10% top2 boost16,2017-10-31,2017-11-30,XLK,"SMH,XAR",2
current_best sector_only bucket10% top2 boost16,2017-11-30,2017-12-31,SPMO,"SMH,XLF",2
current_best sector_only bucket10% top2 boost16,2017-12-31,2018-01-31,SPMO,"XLE,XAR",2
current_best sector_only bucket10% top2 boost16,2018-01-31,2018-02-28,SPMO,"ITA,SMH",2
current_best sector_only bucket10% top2 boost16,2018-02-28,2018-03-31,SPMO,"SMH,ITA",2
current_best sector_only bucket10% top2 boost16,2018-03-31,2018-04-30,BIL,,0
current_best sector_only bucket10% top2 boost16,2018-04-30,2018-05-31,EWY,XLE,1
current_best sector_only bucket10% top2 boost16,2018-05-31,2018-06-30,XLK,"SMH,XAR",2
current_best sector_only bucket10% top2 boost16,2018-06-30,2018-07-31,XLK,"XLE,XLU",2
current_best sector_only bucket10% top2 boost16,2018-07-31,2018-08-31,SPMO,"XAR,XLV",2
current_best sector_only bucket10% top2 boost16,2018-08-31,2018-09-30,XLK,"XLV,XAR",2
current_best sector_only bucket10% top2 boost16,2018-09-30,2018-10-31,SPMO,"XLV,XAR",2
current_best sector_only bucket10% top2 boost16,2018-10-31,2018-11-30,BIL,"XLP,XLU",2
current_best sector_only bucket10% top2 boost16,2018-11-30,2018-12-31,IEF,"XLV,XLU",2
current_best sector_only bucket10% top2 boost16,2018-12-31,2019-01-31,IEF,,0
current_best sector_only bucket10% top2 boost16,2019-01-31,2019-02-28,IEF,XLU,1
current_best sector_only bucket10% top2 boost16,2019-02-28,2019-03-31,SPMO,"SMH,ITA",2
current_best sector_only bucket10% top2 boost16,2019-03-31,2019-04-30,XLK,"SMH,XLU",2
current_best sector_only bucket10% top2 boost16,2019-04-30,2019-05-31,XLK,"SMH,XAR",2
current_best sector_only bucket10% top2 boost16,2019-05-31,2019-06-30,INDA,"XAR,XLU",2
current_best sector_only bucket10% top2 boost16,2019-06-30,2019-07-31,MTUM,"XAR,XLU",2
current_best sector_only bucket10% top2 boost16,2019-07-31,2019-08-31,XLK,"XAR,SMH",2
current_best sector_only bucket10% top2 boost16,2019-08-31,2019-09-30,IEF,"XLU,XAR",2
current_best sector_only bucket10% top2 boost16,2019-09-30,2019-10-31,EWJ,"XLU,ITA",2
current_best sector_only bucket10% top2 boost16,2019-10-31,2019-11-30,EWJ,"SMH,XLF",2
current_best sector_only bucket10% top2 boost16,2019-11-30,2019-12-31,XLK,"XLV,SMH",2
current_best sector_only bucket10% top2 boost16,2019-12-31,2020-01-31,XLK,"SMH,XLV",2
current_best sector_only bucket10% top2 boost16,2020-01-31,2020-02-29,XLK,"XLU,SMH",2
current_best sector_only bucket10% top2 boost16,2020-02-29,2020-03-31,IEF,,0
current_best sector_only bucket10% top2 boost16,2020-03-31,2020-04-30,IEF,,0
current_best sector_only bucket10% top2 boost16,2020-04-30,2020-05-31,IEF,,0
current_best sector_only bucket10% top2 boost16,2020-05-31,2020-06-30,SCHG,XLV,1
current_best sector_only bucket10% top2 boost16,2020-06-30,2020-07-31,XLK,"SMH,XLV",2
current_best sector_only bucket10% top2 boost16,2020-07-31,2020-08-31,XLK,"SMH,XLI",2
current_best sector_only bucket10% top2 boost16,2020-08-31,2020-09-30,XLK,"SMH,XLI",2
current_best sector_only bucket10% top2 boost16,2020-09-30,2020-10-31,XLK,"SMH,XLI",2
current_best sector_only bucket10% top2 boost16,2020-10-31,2020-11-30,EWY,XLU,1
current_best sector_only bucket10% top2 boost16,2020-11-30,2020-12-31,EWY,"SMH,XAR",2
current_best sector_only bucket10% top2 boost16,2020-12-31,2021-01-31,EWY,"SMH,XLF",2
current_best sector_only bucket10% top2 boost16,2021-01-31,2021-02-28,EWY,"SMH,XAR",2
current_best sector_only bucket10% top2 boost16,2021-02-28,2021-03-31,EWY,"XLE,SMH",2
current_best sector_only bucket10% top2 boost16,2021-03-31,2021-04-30,XLK,"SMH,XLE",2
current_best sector_only bucket10% top2 boost16,2021-04-30,2021-05-31,SCHG,"XLF,XLI",2
current_best sector_only bucket10% top2 boost16,2021-05-31,2021-06-30,INDA,"XLF,ITA",2
current_best sector_only bucket10% top2 boost16,2021-06-30,2021-07-31,SPMO,"XLV,XLE",2
current_best sector_only bucket10% top2 boost16,2021-07-31,2021-08-31,XLK,"XLV,SMH",2
current_best sector_only bucket10% top2 boost16,2021-08-31,2021-09-30,INDA,"XLV,XLF",2
current_best sector_only bucket10% top2 boost16,2021-09-30,2021-10-31,INDA,XLE,1
current_best sector_only bucket10% top2 boost16,2021-10-31,2021-11-30,SCHG,"XLF,SMH",2
current_best sector_only bucket10% top2 boost16,2021-11-30,2021-12-31,XLK,"SMH,XLE",2
current_best sector_only bucket10% top2 boost16,2021-12-31,2022-01-31,XLK,"SMH,XLP",2
current_best sector_only bucket10% top2 boost16,2022-01-31,2022-02-28,,"XLE,XLP",2
current_best sector_only bucket10% top2 boost16,2022-02-28,2022-03-31,,"XLE,ITA",2
current_best sector_only bucket10% top2 boost16,2022-03-31,2022-04-30,BIL,"XLU,XLE",2
current_best sector_only bucket10% top2 boost16,2022-04-30,2022-05-31,BIL,"XLE,XLP",2
current_best sector_only bucket10% top2 boost16,2022-05-31,2022-06-30,BIL,"XLE,XLU",2
current_best sector_only bucket10% top2 boost16,2022-06-30,2022-07-31,BIL,,0
current_best sector_only bucket10% top2 boost16,2022-07-31,2022-08-31,BIL,XLP,1
current_best sector_only bucket10% top2 boost16,2022-08-31,2022-09-30,BIL,"XLE,XLU",2
current_best sector_only bucket10% top2 boost16,2022-09-30,2022-10-31,BIL,,0
current_best sector_only bucket10% top2 boost16,2022-10-31,2022-11-30,MTUM,"XLE,ITA",2
current_best sector_only bucket10% top2 boost16,2022-11-30,2022-12-31,MTUM,"XLE,XLI",2
current_best sector_only bucket10% top2 boost16,2022-12-31,2023-01-31,BIL,"ITA,XLI",2
current_best sector_only bucket10% top2 boost16,2023-01-31,2023-02-28,EWY,"XAR,SMH",2
current_best sector_only bucket10% top2 boost16,2023-02-28,2023-03-31,XLK,"XAR,SMH",2
current_best sector_only bucket10% top2 boost16,2023-03-31,2023-04-30,XLK,"SMH,ITA",2
current_best sector_only bucket10% top2 boost16,2023-04-30,2023-05-31,XLK,"XLP,SMH",2
current_best sector_only bucket10% top2 boost16,2023-05-31,2023-06-30,XLK,SMH,1
current_best sector_only bucket10% top2 boost16,2023-06-30,2023-07-31,XLK,"SMH,XLI",2
current_best sector_only bucket10% top2 boost16,2023-07-31,2023-08-31,SCHG,"SMH,XLI",2
current_best sector_only bucket10% top2 boost16,2023-08-31,2023-09-30,XLK,"SMH,XLE",2
current_best sector_only bucket10% top2 boost16,2023-09-30,2023-10-31,SPMO,XLE,1
current_best sector_only bucket10% top2 boost16,2023-10-31,2023-11-30,BIL,,0
current_best sector_only bucket10% top2 boost16,2023-11-30,2023-12-31,XLK,"XAR,ITA",2
current_best sector_only bucket10% top2 boost16,2023-12-31,2024-01-31,XLK,"SMH,XAR",2
current_best sector_only bucket10% top2 boost16,2024-01-31,2024-02-29,SPMO,"SMH,XLF",2
current_best sector_only bucket10% top2 boost16,2024-02-29,2024-03-31,SPMO,"SMH,XLF",2
current_best sector_only bucket10% top2 boost16,2024-03-31,2024-04-30,SPMO,"SMH,XLF",2
current_best sector_only bucket10% top2 boost16,2024-04-30,2024-05-31,INDA,"XLE,XLU",2
current_best sector_only bucket10% top2 boost16,2024-05-31,2024-06-30,SPMO,"SMH,XLU",2
current_best sector_only bucket10% top2 boost16,2024-06-30,2024-07-31,SPMO,"SMH,XLU",2
current_best sector_only bucket10% top2 boost16,2024-07-31,2024-08-31,INDA,"ITA,XAR",2
current_best sector_only bucket10% top2 boost16,2024-08-31,2024-09-30,SPMO,"XLU,ITA",2
current_best sector_only bucket10% top2 boost16,2024-09-30,2024-10-31,SPMO,"XLU,ITA",2
current_best sector_only bucket10% top2 boost16,2024-10-31,2024-11-30,MTUM,"XLU,XLF",2
current_best sector_only bucket10% top2 boost16,2024-11-30,2024-12-31,MTUM,"XAR,XLF",2
current_best sector_only bucket10% top2 boost16,2024-12-31,2025-01-31,SCHG,"XAR,XLF",2
current_best sector_only bucket10% top2 boost16,2025-01-31,2025-02-28,SPMO,"XLF,ITA",2
current_best sector_only bucket10% top2 boost16,2025-02-28,2025-03-31,SPMO,"XLF,XLE",2
current_best sector_only bucket10% top2 boost16,2025-03-31,2025-04-30,IEF,XLP,1
current_best sector_only bucket10% top2 boost16,2025-04-30,2025-05-31,EWJ,"ITA,XAR",2
current_best sector_only bucket10% top2 boost16,2025-05-31,2025-06-30,SPMO,"ITA,XAR",2
current_best sector_only bucket10% top2 boost16,2025-06-30,2025-07-31,EWY,"XAR,SMH",2
current_best sector_only bucket10% top2 boost16,2025-07-31,2025-08-31,XLK,"SMH,XAR",2
current_best sector_only bucket10% top2 boost16,2025-08-31,2025-09-30,SCHG,"ITA,SMH",2
current_best sector_only bucket10% top2 boost16,2025-09-30,2025-10-31,EWY,"SMH,XAR",2
current_best sector_only bucket10% top2 boost16,2025-10-31,2025-11-30,EWY,"SMH,XAR",2
current_best sector_only bucket10% top2 boost16,2025-11-30,2025-12-31,EWY,"SMH,XLV",2
current_best sector_only bucket10% top2 boost16,2025-12-31,2026-01-31,EWY,"XLV,XLF",2
current_best sector_only bucket10% top2 boost16,2026-01-31,2026-02-28,EWY,"SMH,XAR",2
current_best sector_only bucket10% top2 boost16,2026-02-28,2026-03-31,EWY,"XLE,XAR",2
current_best sector_only bucket10% top2 boost16,2026-03-31,2026-04-29,BIL,"XLE,XLU",2
current_best sector_only bucket10% top3 boost16,2016-09-30,2016-10-31,EWY,"SMH,XLE,XLI",3
current_best sector_only bucket10% top3 boost16,2016-10-31,2016-11-30,EWJ,"SMH,XLF",2
current_best sector_only bucket10% top3 boost16,2016-11-30,2016-12-31,,"XLF,XAR,XLE",3
current_best sector_only bucket10% top3 boost16,2016-12-31,2017-01-31,SPMO,"XLF,XLE,SMH",3
current_best sector_only bucket10% top3 boost16,2017-01-31,2017-02-28,XLK,"SMH,XLF,XLI",3
current_best sector_only bucket10% top3 boost16,2017-02-28,2017-03-31,SCHG,"XAR,ITA,XLF",3
current_best sector_only bucket10% top3 boost16,2017-03-31,2017-04-30,INDA,"SMH,XLU,XLP",3
current_best sector_only bucket10% top3 boost16,2017-04-30,2017-05-31,EWY,"ITA,SMH,XLV",3
current_best sector_only bucket10% top3 boost16,2017-05-31,2017-06-30,EWY,"SMH,XLU,ITA",3
current_best sector_only bucket10% top3 boost16,2017-06-30,2017-07-31,EWY,"XLV,XLI,XLF",3
current_best sector_only bucket10% top3 boost16,2017-07-31,2017-08-31,INDA,"ITA,XAR,XLV",3
current_best sector_only bucket10% top3 boost16,2017-08-31,2017-09-30,XLK,"ITA,XAR,SMH",3
current_best sector_only bucket10% top3 boost16,2017-09-30,2017-10-31,MTUM,"XAR,ITA,SMH",3
current_best sector_only bucket10% top3 boost16,2017-10-31,2017-11-30,XLK,"SMH,XAR,XLF",3
current_best sector_only bucket10% top3 boost16,2017-11-30,2017-12-31,SPMO,"SMH,XLF,ITA",3
current_best sector_only bucket10% top3 boost16,2017-12-31,2018-01-31,SPMO,"XLE,XAR,ITA",3
current_best sector_only bucket10% top3 boost16,2018-01-31,2018-02-28,SPMO,"ITA,SMH,XLF",3
current_best sector_only bucket10% top3 boost16,2018-02-28,2018-03-31,SPMO,"SMH,ITA,XAR",3
current_best sector_only bucket10% top3 boost16,2018-03-31,2018-04-30,BIL,,0
current_best sector_only bucket10% top3 boost16,2018-04-30,2018-05-31,EWY,XLE,1
current_best sector_only bucket10% top3 boost16,2018-05-31,2018-06-30,XLK,"SMH,XAR",2
current_best sector_only bucket10% top3 boost16,2018-06-30,2018-07-31,XLK,"XLE,XLU",2
current_best sector_only bucket10% top3 boost16,2018-07-31,2018-08-31,SPMO,"XAR,XLV,XLE",3
current_best sector_only bucket10% top3 boost16,2018-08-31,2018-09-30,XLK,"XLV,XAR,SMH",3
current_best sector_only bucket10% top3 boost16,2018-09-30,2018-10-31,SPMO,"XLV,XAR,ITA",3
current_best sector_only bucket10% top3 boost16,2018-10-31,2018-11-30,BIL,"XLP,XLU",2
current_best sector_only bucket10% top3 boost16,2018-11-30,2018-12-31,IEF,"XLV,XLU,XLP",3
current_best sector_only bucket10% top3 boost16,2018-12-31,2019-01-31,IEF,,0
current_best sector_only bucket10% top3 boost16,2019-01-31,2019-02-28,IEF,XLU,1
current_best sector_only bucket10% top3 boost16,2019-02-28,2019-03-31,SPMO,"SMH,ITA,XAR",3
current_best sector_only bucket10% top3 boost16,2019-03-31,2019-04-30,XLK,"SMH,XLU,XLI",3
current_best sector_only bucket10% top3 boost16,2019-04-30,2019-05-31,XLK,"SMH,XAR,XLF",3
current_best sector_only bucket10% top3 boost16,2019-05-31,2019-06-30,INDA,"XAR,XLU,ITA",3
current_best sector_only bucket10% top3 boost16,2019-06-30,2019-07-31,MTUM,"XAR,XLU,XLP",3
current_best sector_only bucket10% top3 boost16,2019-07-31,2019-08-31,XLK,"XAR,SMH,XLF",3
current_best sector_only bucket10% top3 boost16,2019-08-31,2019-09-30,IEF,"XLU,XAR,XLP",3
current_best sector_only bucket10% top3 boost16,2019-09-30,2019-10-31,EWJ,"XLU,ITA,XAR",3
current_best sector_only bucket10% top3 boost16,2019-10-31,2019-11-30,EWJ,"SMH,XLF,XLU",3
current_best sector_only bucket10% top3 boost16,2019-11-30,2019-12-31,XLK,"XLV,SMH,XLF",3
current_best sector_only bucket10% top3 boost16,2019-12-31,2020-01-31,XLK,"SMH,XLV,XLF",3
current_best sector_only bucket10% top3 boost16,2020-01-31,2020-02-29,XLK,"XLU,SMH,XLV",3
current_best sector_only bucket10% top3 boost16,2020-02-29,2020-03-31,IEF,,0
current_best sector_only bucket10% top3 boost16,2020-03-31,2020-04-30,IEF,,0
current_best sector_only bucket10% top3 boost16,2020-04-30,2020-05-31,IEF,,0
current_best sector_only bucket10% top3 boost16,2020-05-31,2020-06-30,SCHG,XLV,1
current_best sector_only bucket10% top3 boost16,2020-06-30,2020-07-31,XLK,"SMH,XLV",2
current_best sector_only bucket10% top3 boost16,2020-07-31,2020-08-31,XLK,"SMH,XLI,XLV",3
current_best sector_only bucket10% top3 boost16,2020-08-31,2020-09-30,XLK,"SMH,XLI,XLP",3
current_best sector_only bucket10% top3 boost16,2020-09-30,2020-10-31,XLK,"SMH,XLI,XLP",3
current_best sector_only bucket10% top3 boost16,2020-10-31,2020-11-30,EWY,XLU,1
current_best sector_only bucket10% top3 boost16,2020-11-30,2020-12-31,EWY,"SMH,XAR,XLI",3
current_best sector_only bucket10% top3 boost16,2020-12-31,2021-01-31,EWY,"SMH,XLF,XAR",3
current_best sector_only bucket10% top3 boost16,2021-01-31,2021-02-28,EWY,"SMH,XAR,XLE",3
current_best sector_only bucket10% top3 boost16,2021-02-28,2021-03-31,EWY,"XLE,SMH,XLF",3
current_best sector_only bucket10% top3 boost16,2021-03-31,2021-04-30,XLK,"SMH,XLE,XLF",3
current_best sector_only bucket10% top3 boost16,2021-04-30,2021-05-31,SCHG,"XLF,XLI,XLE",3
current_best sector_only bucket10% top3 boost16,2021-05-31,2021-06-30,INDA,"XLF,ITA,XLI",3
current_best sector_only bucket10% top3 boost16,2021-06-30,2021-07-31,SPMO,"XLV,XLE,XLF",3
current_best sector_only bucket10% top3 boost16,2021-07-31,2021-08-31,XLK,"XLV,SMH,XLP",3
current_best sector_only bucket10% top3 boost16,2021-08-31,2021-09-30,INDA,"XLV,XLF,SMH",3
current_best sector_only bucket10% top3 boost16,2021-09-30,2021-10-31,INDA,XLE,1
current_best sector_only bucket10% top3 boost16,2021-10-31,2021-11-30,SCHG,"XLF,SMH,XLE",3
current_best sector_only bucket10% top3 boost16,2021-11-30,2021-12-31,XLK,"SMH,XLE",2
current_best sector_only bucket10% top3 boost16,2021-12-31,2022-01-31,XLK,"SMH,XLP,XLV",3
current_best sector_only bucket10% top3 boost16,2022-01-31,2022-02-28,,"XLE,XLP,XLU",3
current_best sector_only bucket10% top3 boost16,2022-02-28,2022-03-31,,"XLE,ITA",2
current_best sector_only bucket10% top3 boost16,2022-03-31,2022-04-30,BIL,"XLU,XLE,ITA",3
current_best sector_only bucket10% top3 boost16,2022-04-30,2022-05-31,BIL,"XLE,XLP,XLU",3
current_best sector_only bucket10% top3 boost16,2022-05-31,2022-06-30,BIL,"XLE,XLU",2
current_best sector_only bucket10% top3 boost16,2022-06-30,2022-07-31,BIL,,0
current_best sector_only bucket10% top3 boost16,2022-07-31,2022-08-31,BIL,XLP,1
current_best sector_only bucket10% top3 boost16,2022-08-31,2022-09-30,BIL,"XLE,XLU",2
current_best sector_only bucket10% top3 boost16,2022-09-30,2022-10-31,BIL,,0
current_best sector_only bucket10% top3 boost16,2022-10-31,2022-11-30,MTUM,"XLE,ITA,XLF",3
current_best sector_only bucket10% top3 boost16,2022-11-30,2022-12-31,MTUM,"XLE,XLI,ITA",3
current_best sector_only bucket10% top3 boost16,2022-12-31,2023-01-31,BIL,"ITA,XLI,XLV",3
current_best sector_only bucket10% top3 boost16,2023-01-31,2023-02-28,EWY,"XAR,SMH,XLE",3
current_best sector_only bucket10% top3 boost16,2023-02-28,2023-03-31,XLK,"XAR,SMH,ITA",3
current_best sector_only bucket10% top3 boost16,2023-03-31,2023-04-30,XLK,"SMH,ITA,XLI",3
current_best sector_only bucket10% top3 boost16,2023-04-30,2023-05-31,XLK,"XLP,SMH,XLI",3
current_best sector_only bucket10% top3 boost16,2023-05-31,2023-06-30,XLK,SMH,1
current_best sector_only bucket10% top3 boost16,2023-06-30,2023-07-31,XLK,"SMH,XLI,XAR",3
current_best sector_only bucket10% top3 boost16,2023-07-31,2023-08-31,SCHG,"SMH,XLI,XLE",3
current_best sector_only bucket10% top3 boost16,2023-08-31,2023-09-30,XLK,"SMH,XLE,XLI",3
current_best sector_only bucket10% top3 boost16,2023-09-30,2023-10-31,SPMO,XLE,1
current_best sector_only bucket10% top3 boost16,2023-10-31,2023-11-30,BIL,,0
current_best sector_only bucket10% top3 boost16,2023-11-30,2023-12-31,XLK,"XAR,ITA,XLF",3
current_best sector_only bucket10% top3 boost16,2023-12-31,2024-01-31,XLK,"SMH,XAR,XLF",3
current_best sector_only bucket10% top3 boost16,2024-01-31,2024-02-29,SPMO,"SMH,XLF,XLI",3
current_best sector_only bucket10% top3 boost16,2024-02-29,2024-03-31,SPMO,"SMH,XLF,XLI",3
current_best sector_only bucket10% top3 boost16,2024-03-31,2024-04-30,SPMO,"SMH,XLF,XLI",3
current_best sector_only bucket10% top3 boost16,2024-04-30,2024-05-31,INDA,"XLE,XLU,SMH",3
current_best sector_only bucket10% top3 boost16,2024-05-31,2024-06-30,SPMO,"SMH,XLU,ITA",3
current_best sector_only bucket10% top3 boost16,2024-06-30,2024-07-31,SPMO,"SMH,XLU,XAR",3
current_best sector_only bucket10% top3 boost16,2024-07-31,2024-08-31,INDA,"ITA,XAR,XLU",3
current_best sector_only bucket10% top3 boost16,2024-08-31,2024-09-30,SPMO,"XLU,ITA,XAR",3
current_best sector_only bucket10% top3 boost16,2024-09-30,2024-10-31,SPMO,"XLU,ITA,XLI",3
current_best sector_only bucket10% top3 boost16,2024-10-31,2024-11-30,MTUM,"XLU,XLF,XLI",3
current_best sector_only bucket10% top3 boost16,2024-11-30,2024-12-31,MTUM,"XAR,XLF,XLU",3
current_best sector_only bucket10% top3 boost16,2024-12-31,2025-01-31,SCHG,"XAR,XLF",2
current_best sector_only bucket10% top3 boost16,2025-01-31,2025-02-28,SPMO,"XLF,ITA",2
current_best sector_only bucket10% top3 boost16,2025-02-28,2025-03-31,SPMO,"XLF,XLE,XLP",3
current_best sector_only bucket10% top3 boost16,2025-03-31,2025-04-30,IEF,XLP,1
current_best sector_only bucket10% top3 boost16,2025-04-30,2025-05-31,EWJ,"ITA,XAR,XLP",3
current_best sector_only bucket10% top3 boost16,2025-05-31,2025-06-30,SPMO,"ITA,XAR,XLI",3
current_best sector_only bucket10% top3 boost16,2025-06-30,2025-07-31,EWY,"XAR,SMH,ITA",3
current_best sector_only bucket10% top3 boost16,2025-07-31,2025-08-31,XLK,"SMH,XAR,ITA",3
current_best sector_only bucket10% top3 boost16,2025-08-31,2025-09-30,SCHG,"ITA,SMH,XLE",3
current_best sector_only bucket10% top3 boost16,2025-09-30,2025-10-31,EWY,"SMH,XAR,ITA",3
current_best sector_only bucket10% top3 boost16,2025-10-31,2025-11-30,EWY,"SMH,XAR,ITA",3
current_best sector_only bucket10% top3 boost16,2025-11-30,2025-12-31,EWY,"SMH,XLV,XLU",3
current_best sector_only bucket10% top3 boost16,2025-12-31,2026-01-31,EWY,"XLV,XLF,XLI",3
current_best sector_only bucket10% top3 boost16,2026-01-31,2026-02-28,EWY,"SMH,XAR,XLE",3
current_best sector_only bucket10% top3 boost16,2026-02-28,2026-03-31,EWY,"XLE,XAR,XLP",3
current_best sector_only bucket10% top3 boost16,2026-03-31,2026-04-29,BIL,"XLE,XLU",2
current_best momentum_sector bucket5% top1 boost16,2016-09-30,2016-10-31,EWY,SMH,1
current_best momentum_sector bucket5% top1 boost16,2016-10-31,2016-11-30,EWJ,SMH,1
current_best momentum_sector bucket5% top1 boost16,2016-11-30,2016-12-31,,XLF,1
current_best momentum_sector bucket5% top1 boost16,2016-12-31,2017-01-31,SPMO,XLF,1
current_best momentum_sector bucket5% top1 boost16,2017-01-31,2017-02-28,XLK,SMH,1
current_best momentum_sector bucket5% top1 boost16,2017-02-28,2017-03-31,SCHG,XAR,1
current_best momentum_sector bucket5% top1 boost16,2017-03-31,2017-04-30,INDA,EWY,1
current_best momentum_sector bucket5% top1 boost16,2017-04-30,2017-05-31,EWY,EWY,1
current_best momentum_sector bucket5% top1 boost16,2017-05-31,2017-06-30,EWY,SMH,1
current_best momentum_sector bucket5% top1 boost16,2017-06-30,2017-07-31,EWY,EWY,1
current_best momentum_sector bucket5% top1 boost16,2017-07-31,2017-08-31,INDA,INDA,1
current_best momentum_sector bucket5% top1 boost16,2017-08-31,2017-09-30,XLK,ITA,1
current_best momentum_sector bucket5% top1 boost16,2017-09-30,2017-10-31,MTUM,XAR,1
current_best momentum_sector bucket5% top1 boost16,2017-10-31,2017-11-30,XLK,SMH,1
current_best momentum_sector bucket5% top1 boost16,2017-11-30,2017-12-31,SPMO,SPMO,1
current_best momentum_sector bucket5% top1 boost16,2017-12-31,2018-01-31,SPMO,XLE,1
current_best momentum_sector bucket5% top1 boost16,2018-01-31,2018-02-28,SPMO,SPMO,1
current_best momentum_sector bucket5% top1 boost16,2018-02-28,2018-03-31,SPMO,ITA,1
current_best momentum_sector bucket5% top1 boost16,2018-03-31,2018-04-30,BIL,,0
current_best momentum_sector bucket5% top1 boost16,2018-04-30,2018-05-31,EWY,XLE,1
current_best momentum_sector bucket5% top1 boost16,2018-05-31,2018-06-30,XLK,XLK,1
current_best momentum_sector bucket5% top1 boost16,2018-06-30,2018-07-31,XLK,XLE,1
current_best momentum_sector bucket5% top1 boost16,2018-07-31,2018-08-31,SPMO,XLV,1
current_best momentum_sector bucket5% top1 boost16,2018-08-31,2018-09-30,XLK,XLK,1
current_best momentum_sector bucket5% top1 boost16,2018-09-30,2018-10-31,SPMO,XLV,1
current_best momentum_sector bucket5% top1 boost16,2018-10-31,2018-11-30,BIL,XLP,1
current_best momentum_sector bucket5% top1 boost16,2018-11-30,2018-12-31,IEF,XLV,1
current_best momentum_sector bucket5% top1 boost16,2018-12-31,2019-01-31,IEF,,0
current_best momentum_sector bucket5% top1 boost16,2019-01-31,2019-02-28,IEF,XLU,1
current_best momentum_sector bucket5% top1 boost16,2019-02-28,2019-03-31,SPMO,ITA,1
current_best momentum_sector bucket5% top1 boost16,2019-03-31,2019-04-30,XLK,XLK,1
current_best momentum_sector bucket5% top1 boost16,2019-04-30,2019-05-31,XLK,SMH,1
current_best momentum_sector bucket5% top1 boost16,2019-05-31,2019-06-30,INDA,INDA,1
current_best momentum_sector bucket5% top1 boost16,2019-06-30,2019-07-31,MTUM,XAR,1
current_best momentum_sector bucket5% top1 boost16,2019-07-31,2019-08-31,XLK,SMH,1
current_best momentum_sector bucket5% top1 boost16,2019-08-31,2019-09-30,IEF,XLU,1
current_best momentum_sector bucket5% top1 boost16,2019-09-30,2019-10-31,EWJ,XLU,1
current_best momentum_sector bucket5% top1 boost16,2019-10-31,2019-11-30,EWJ,SMH,1
current_best momentum_sector bucket5% top1 boost16,2019-11-30,2019-12-31,XLK,XLV,1
current_best momentum_sector bucket5% top1 boost16,2019-12-31,2020-01-31,XLK,SMH,1
current_best momentum_sector bucket5% top1 boost16,2020-01-31,2020-02-29,XLK,XLK,1
current_best momentum_sector bucket5% top1 boost16,2020-02-29,2020-03-31,IEF,,0
current_best momentum_sector bucket5% top1 boost16,2020-03-31,2020-04-30,IEF,,0
current_best momentum_sector bucket5% top1 boost16,2020-04-30,2020-05-31,IEF,,0
current_best momentum_sector bucket5% top1 boost16,2020-05-31,2020-06-30,SCHG,SCHG,1
current_best momentum_sector bucket5% top1 boost16,2020-06-30,2020-07-31,XLK,XLK,1
current_best momentum_sector bucket5% top1 boost16,2020-07-31,2020-08-31,XLK,SMH,1
current_best momentum_sector bucket5% top1 boost16,2020-08-31,2020-09-30,XLK,XLK,1
current_best momentum_sector bucket5% top1 boost16,2020-09-30,2020-10-31,XLK,SMH,1
current_best momentum_sector bucket5% top1 boost16,2020-10-31,2020-11-30,EWY,XLU,1
current_best momentum_sector bucket5% top1 boost16,2020-11-30,2020-12-31,EWY,SMH,1
current_best momentum_sector bucket5% top1 boost16,2020-12-31,2021-01-31,EWY,EWY,1
current_best momentum_sector bucket5% top1 boost16,2021-01-31,2021-02-28,EWY,SMH,1
current_best momentum_sector bucket5% top1 boost16,2021-02-28,2021-03-31,EWY,XLE,1
current_best momentum_sector bucket5% top1 boost16,2021-03-31,2021-04-30,XLK,SMH,1
current_best momentum_sector bucket5% top1 boost16,2021-04-30,2021-05-31,SCHG,XLF,1
current_best momentum_sector bucket5% top1 boost16,2021-05-31,2021-06-30,INDA,XLF,1
current_best momentum_sector bucket5% top1 boost16,2021-06-30,2021-07-31,SPMO,SPMO,1
current_best momentum_sector bucket5% top1 boost16,2021-07-31,2021-08-31,XLK,XLK,1
current_best momentum_sector bucket5% top1 boost16,2021-08-31,2021-09-30,INDA,INDA,1
current_best momentum_sector bucket5% top1 boost16,2021-09-30,2021-10-31,INDA,INDA,1
current_best momentum_sector bucket5% top1 boost16,2021-10-31,2021-11-30,SCHG,SCHG,1
current_best momentum_sector bucket5% top1 boost16,2021-11-30,2021-12-31,XLK,SMH,1
current_best momentum_sector bucket5% top1 boost16,2021-12-31,2022-01-31,XLK,SMH,1
current_best momentum_sector bucket5% top1 boost16,2022-01-31,2022-02-28,,XLE,1
current_best momentum_sector bucket5% top1 boost16,2022-02-28,2022-03-31,,XLE,1
current_best momentum_sector bucket5% top1 boost16,2022-03-31,2022-04-30,BIL,XLU,1
current_best momentum_sector bucket5% top1 boost16,2022-04-30,2022-05-31,BIL,XLE,1
current_best momentum_sector bucket5% top1 boost16,2022-05-31,2022-06-30,BIL,XLE,1
current_best momentum_sector bucket5% top1 boost16,2022-06-30,2022-07-31,BIL,,0
current_best momentum_sector bucket5% top1 boost16,2022-07-31,2022-08-31,BIL,XLP,1
current_best momentum_sector bucket5% top1 boost16,2022-08-31,2022-09-30,BIL,XLE,1
current_best momentum_sector bucket5% top1 boost16,2022-09-30,2022-10-31,BIL,,0
current_best momentum_sector bucket5% top1 boost16,2022-10-31,2022-11-30,MTUM,XLE,1
current_best momentum_sector bucket5% top1 boost16,2022-11-30,2022-12-31,MTUM,XLE,1
current_best momentum_sector bucket5% top1 boost16,2022-12-31,2023-01-31,BIL,ITA,1
current_best momentum_sector bucket5% top1 boost16,2023-01-31,2023-02-28,EWY,SMH,1
current_best momentum_sector bucket5% top1 boost16,2023-02-28,2023-03-31,XLK,XAR,1
current_best momentum_sector bucket5% top1 boost16,2023-03-31,2023-04-30,XLK,SMH,1
current_best momentum_sector bucket5% top1 boost16,2023-04-30,2023-05-31,XLK,XLK,1
current_best momentum_sector bucket5% top1 boost16,2023-05-31,2023-06-30,XLK,SMH,1
current_best momentum_sector bucket5% top1 boost16,2023-06-30,2023-07-31,XLK,XLK,1
current_best momentum_sector bucket5% top1 boost16,2023-07-31,2023-08-31,SCHG,SMH,1
current_best momentum_sector bucket5% top1 boost16,2023-08-31,2023-09-30,XLK,SMH,1
current_best momentum_sector bucket5% top1 boost16,2023-09-30,2023-10-31,SPMO,XLE,1
current_best momentum_sector bucket5% top1 boost16,2023-10-31,2023-11-30,BIL,,0
current_best momentum_sector bucket5% top1 boost16,2023-11-30,2023-12-31,XLK,XAR,1
current_best momentum_sector bucket5% top1 boost16,2023-12-31,2024-01-31,XLK,SMH,1
current_best momentum_sector bucket5% top1 boost16,2024-01-31,2024-02-29,SPMO,SMH,1
current_best momentum_sector bucket5% top1 boost16,2024-02-29,2024-03-31,SPMO,SMH,1
current_best momentum_sector bucket5% top1 boost16,2024-03-31,2024-04-30,SPMO,SPMO,1
current_best momentum_sector bucket5% top1 boost16,2024-04-30,2024-05-31,INDA,SMH,1
current_best momentum_sector bucket5% top1 boost16,2024-05-31,2024-06-30,SPMO,SMH,1
current_best momentum_sector bucket5% top1 boost16,2024-06-30,2024-07-31,SPMO,SMH,1
current_best momentum_sector bucket5% top1 boost16,2024-07-31,2024-08-31,INDA,ITA,1
current_best momentum_sector bucket5% top1 boost16,2024-08-31,2024-09-30,SPMO,XLU,1
current_best momentum_sector bucket5% top1 boost16,2024-09-30,2024-10-31,SPMO,XLU,1
current_best momentum_sector bucket5% top1 boost16,2024-10-31,2024-11-30,MTUM,XLU,1
current_best momentum_sector bucket5% top1 boost16,2024-11-30,2024-12-31,MTUM,XAR,1
current_best momentum_sector bucket5% top1 boost16,2024-12-31,2025-01-31,SCHG,XAR,1
current_best momentum_sector bucket5% top1 boost16,2025-01-31,2025-02-28,SPMO,XLF,1
current_best momentum_sector bucket5% top1 boost16,2025-02-28,2025-03-31,SPMO,XLF,1
current_best momentum_sector bucket5% top1 boost16,2025-03-31,2025-04-30,IEF,EWJ,1
current_best momentum_sector bucket5% top1 boost16,2025-04-30,2025-05-31,EWJ,EWJ,1
current_best momentum_sector bucket5% top1 boost16,2025-05-31,2025-06-30,SPMO,ITA,1
current_best momentum_sector bucket5% top1 boost16,2025-06-30,2025-07-31,EWY,XAR,1
current_best momentum_sector bucket5% top1 boost16,2025-07-31,2025-08-31,XLK,XAR,1
current_best momentum_sector bucket5% top1 boost16,2025-08-31,2025-09-30,SCHG,ITA,1
current_best momentum_sector bucket5% top1 boost16,2025-09-30,2025-10-31,EWY,SMH,1
current_best momentum_sector bucket5% top1 boost16,2025-10-31,2025-11-30,EWY,EWY,1
current_best momentum_sector bucket5% top1 boost16,2025-11-30,2025-12-31,EWY,XLV,1
current_best momentum_sector bucket5% top1 boost16,2025-12-31,2026-01-31,EWY,EWY,1
current_best momentum_sector bucket5% top1 boost16,2026-01-31,2026-02-28,EWY,EWY,1
current_best momentum_sector bucket5% top1 boost16,2026-02-28,2026-03-31,EWY,EWY,1
current_best momentum_sector bucket5% top1 boost16,2026-03-31,2026-04-29,BIL,XLE,1
current_best momentum_sector bucket5% top2 boost16,2016-09-30,2016-10-31,EWY,"SMH,EWY",2
current_best momentum_sector bucket5% top2 boost16,2016-10-31,2016-11-30,EWJ,"SMH,EWJ",2
current_best momentum_sector bucket5% top2 boost16,2016-11-30,2016-12-31,,"XLF,XAR",2
current_best momentum_sector bucket5% top2 boost16,2016-12-31,2017-01-31,SPMO,"XLF,SMH",2
current_best momentum_sector bucket5% top2 boost16,2017-01-31,2017-02-28,XLK,"SMH,XLF",2
current_best momentum_sector bucket5% top2 boost16,2017-02-28,2017-03-31,SCHG,"XAR,ITA",2
current_best momentum_sector bucket5% top2 boost16,2017-03-31,2017-04-30,INDA,"EWY,INDA",2
current_best momentum_sector bucket5% top2 boost16,2017-04-30,2017-05-31,EWY,"EWY,XLK",2
current_best momentum_sector bucket5% top2 boost16,2017-05-31,2017-06-30,EWY,"SMH,EWY",2
current_best momentum_sector bucket5% top2 boost16,2017-06-30,2017-07-31,EWY,"EWY,XLV",2
current_best momentum_sector bucket5% top2 boost16,2017-07-31,2017-08-31,INDA,"INDA,ITA",2
current_best momentum_sector bucket5% top2 boost16,2017-08-31,2017-09-30,XLK,"ITA,SMH",2
current_best momentum_sector bucket5% top2 boost16,2017-09-30,2017-10-31,MTUM,"XAR,ITA",2
current_best momentum_sector bucket5% top2 boost16,2017-10-31,2017-11-30,XLK,"SMH,XLK",2
current_best momentum_sector bucket5% top2 boost16,2017-11-30,2017-12-31,SPMO,"SPMO,MTUM",2
current_best momentum_sector bucket5% top2 boost16,2017-12-31,2018-01-31,SPMO,"XLE,SPMO",2
current_best momentum_sector bucket5% top2 boost16,2018-01-31,2018-02-28,SPMO,"SPMO,MTUM",2
current_best momentum_sector bucket5% top2 boost16,2018-02-28,2018-03-31,SPMO,"ITA,SPMO",2
current_best momentum_sector bucket5% top2 boost16,2018-03-31,2018-04-30,BIL,,0
current_best momentum_sector bucket5% top2 boost16,2018-04-30,2018-05-31,EWY,"XLE,EWY",2
current_best momentum_sector bucket5% top2 boost16,2018-05-31,2018-06-30,XLK,"XLK,SMH",2
current_best momentum_sector bucket5% top2 boost16,2018-06-30,2018-07-31,XLK,"XLE,XLK",2
current_best momentum_sector bucket5% top2 boost16,2018-07-31,2018-08-31,SPMO,"XLV,XAR",2
current_best momentum_sector bucket5% top2 boost16,2018-08-31,2018-09-30,XLK,"XLK,XLV",2
current_best momentum_sector bucket5% top2 boost16,2018-09-30,2018-10-31,SPMO,"XLV,XAR",2
current_best momentum_sector bucket5% top2 boost16,2018-10-31,2018-11-30,BIL,"XLP,XLU",2
current_best momentum_sector bucket5% top2 boost16,2018-11-30,2018-12-31,IEF,"XLV,XLU",2
current_best momentum_sector bucket5% top2 boost16,2018-12-31,2019-01-31,IEF,,0
current_best momentum_sector bucket5% top2 boost16,2019-01-31,2019-02-28,IEF,XLU,1
current_best momentum_sector bucket5% top2 boost16,2019-02-28,2019-03-31,SPMO,"ITA,XAR",2
current_best momentum_sector bucket5% top2 boost16,2019-03-31,2019-04-30,XLK,"XLK,SMH",2
current_best momentum_sector bucket5% top2 boost16,2019-04-30,2019-05-31,XLK,"SMH,XLK",2
current_best momentum_sector bucket5% top2 boost16,2019-05-31,2019-06-30,INDA,"INDA,XAR",2
current_best momentum_sector bucket5% top2 boost16,2019-06-30,2019-07-31,MTUM,"XAR,MTUM",2
current_best momentum_sector bucket5% top2 boost16,2019-07-31,2019-08-31,XLK,"SMH,XAR",2
current_best momentum_sector bucket5% top2 boost16,2019-08-31,2019-09-30,IEF,"XLU,XAR",2
current_best momentum_sector bucket5% top2 boost16,2019-09-30,2019-10-31,EWJ,"XLU,ITA",2
current_best momentum_sector bucket5% top2 boost16,2019-10-31,2019-11-30,EWJ,"SMH,EWJ",2
current_best momentum_sector bucket5% top2 boost16,2019-11-30,2019-12-31,XLK,"XLV,SMH",2
current_best momentum_sector bucket5% top2 boost16,2019-12-31,2020-01-31,XLK,"SMH,XLK",2
current_best momentum_sector bucket5% top2 boost16,2020-01-31,2020-02-29,XLK,"XLK,SCHG",2
current_best momentum_sector bucket5% top2 boost16,2020-02-29,2020-03-31,IEF,,0
current_best momentum_sector bucket5% top2 boost16,2020-03-31,2020-04-30,IEF,,0
current_best momentum_sector bucket5% top2 boost16,2020-04-30,2020-05-31,IEF,,0
current_best momentum_sector bucket5% top2 boost16,2020-05-31,2020-06-30,SCHG,"SCHG,XLK",2
current_best momentum_sector bucket5% top2 boost16,2020-06-30,2020-07-31,XLK,"XLK,SMH",2
current_best momentum_sector bucket5% top2 boost16,2020-07-31,2020-08-31,XLK,"SMH,XLK",2
current_best momentum_sector bucket5% top2 boost16,2020-08-31,2020-09-30,XLK,"XLK,SCHG",2
current_best momentum_sector bucket5% top2 boost16,2020-09-30,2020-10-31,XLK,"SMH,XLK",2
current_best momentum_sector bucket5% top2 boost16,2020-10-31,2020-11-30,EWY,"XLU,EWY",2
current_best momentum_sector bucket5% top2 boost16,2020-11-30,2020-12-31,EWY,"SMH,EWY",2
current_best momentum_sector bucket5% top2 boost16,2020-12-31,2021-01-31,EWY,"EWY,INDA",2
current_best momentum_sector bucket5% top2 boost16,2021-01-31,2021-02-28,EWY,"SMH,EWY",2
current_best momentum_sector bucket5% top2 boost16,2021-02-28,2021-03-31,EWY,"XLE,SMH",2
current_best momentum_sector bucket5% top2 boost16,2021-03-31,2021-04-30,XLK,"SMH,XLE",2
current_best momentum_sector bucket5% top2 boost16,2021-04-30,2021-05-31,SCHG,"XLF,XLI",2
current_best momentum_sector bucket5% top2 boost16,2021-05-31,2021-06-30,INDA,"XLF,ITA",2
current_best momentum_sector bucket5% top2 boost16,2021-06-30,2021-07-31,SPMO,"SPMO,SCHG",2
current_best momentum_sector bucket5% top2 boost16,2021-07-31,2021-08-31,XLK,"XLK,SCHG",2
current_best momentum_sector bucket5% top2 boost16,2021-08-31,2021-09-30,INDA,"INDA,XLK",2
current_best momentum_sector bucket5% top2 boost16,2021-09-30,2021-10-31,INDA,"INDA,XLE",2
current_best momentum_sector bucket5% top2 boost16,2021-10-31,2021-11-30,SCHG,"SCHG,MTUM",2
current_best momentum_sector bucket5% top2 boost16,2021-11-30,2021-12-31,XLK,"SMH,XLK",2
current_best momentum_sector bucket5% top2 boost16,2021-12-31,2022-01-31,XLK,"SMH,XLP",2
current_best momentum_sector bucket5% top2 boost16,2022-01-31,2022-02-28,,"XLE,XLP",2
current_best momentum_sector bucket5% top2 boost16,2022-02-28,2022-03-31,,"XLE,ITA",2
current_best momentum_sector bucket5% top2 boost16,2022-03-31,2022-04-30,BIL,"XLU,XLE",2
current_best momentum_sector bucket5% top2 boost16,2022-04-30,2022-05-31,BIL,"XLE,XLP",2
current_best momentum_sector bucket5% top2 boost16,2022-05-31,2022-06-30,BIL,"XLE,XLU",2
current_best momentum_sector bucket5% top2 boost16,2022-06-30,2022-07-31,BIL,,0
current_best momentum_sector bucket5% top2 boost16,2022-07-31,2022-08-31,BIL,XLP,1
current_best momentum_sector bucket5% top2 boost16,2022-08-31,2022-09-30,BIL,"XLE,XLU",2
current_best momentum_sector bucket5% top2 boost16,2022-09-30,2022-10-31,BIL,,0
current_best momentum_sector bucket5% top2 boost16,2022-10-31,2022-11-30,MTUM,"XLE,ITA",2
current_best momentum_sector bucket5% top2 boost16,2022-11-30,2022-12-31,MTUM,"XLE,XLI",2
current_best momentum_sector bucket5% top2 boost16,2022-12-31,2023-01-31,BIL,"ITA,XLI",2
current_best momentum_sector bucket5% top2 boost16,2023-01-31,2023-02-28,EWY,"SMH,XAR",2
current_best momentum_sector bucket5% top2 boost16,2023-02-28,2023-03-31,XLK,"XAR,SMH",2
current_best momentum_sector bucket5% top2 boost16,2023-03-31,2023-04-30,XLK,"SMH,XLK",2
current_best momentum_sector bucket5% top2 boost16,2023-04-30,2023-05-31,XLK,"XLK,SCHG",2
current_best momentum_sector bucket5% top2 boost16,2023-05-31,2023-06-30,XLK,"SMH,XLK",2
current_best momentum_sector bucket5% top2 boost16,2023-06-30,2023-07-31,XLK,"XLK,SMH",2
current_best momentum_sector bucket5% top2 boost16,2023-07-31,2023-08-31,SCHG,"SMH,SCHG",2
current_best momentum_sector bucket5% top2 boost16,2023-08-31,2023-09-30,XLK,"SMH,SCHG",2
current_best momentum_sector bucket5% top2 boost16,2023-09-30,2023-10-31,SPMO,"XLE,SPMO",2
current_best momentum_sector bucket5% top2 boost16,2023-10-31,2023-11-30,BIL,,0
current_best momentum_sector bucket5% top2 boost16,2023-11-30,2023-12-31,XLK,"XAR,XLK",2
current_best momentum_sector bucket5% top2 boost16,2023-12-31,2024-01-31,XLK,"SMH,XAR",2
current_best momentum_sector bucket5% top2 boost16,2024-01-31,2024-02-29,SPMO,"SMH,SPMO",2
current_best momentum_sector bucket5% top2 boost16,2024-02-29,2024-03-31,SPMO,"SMH,SPMO",2
current_best momentum_sector bucket5% top2 boost16,2024-03-31,2024-04-30,SPMO,"SPMO,SMH",2
current_best momentum_sector bucket5% top2 boost16,2024-04-30,2024-05-31,INDA,"SMH,XLE",2
current_best momentum_sector bucket5% top2 boost16,2024-05-31,2024-06-30,SPMO,"SMH,XLU",2
current_best momentum_sector bucket5% top2 boost16,2024-06-30,2024-07-31,SPMO,"SMH,SPMO",2
current_best momentum_sector bucket5% top2 boost16,2024-07-31,2024-08-31,INDA,"ITA,INDA",2
current_best momentum_sector bucket5% top2 boost16,2024-08-31,2024-09-30,SPMO,"XLU,XLF",2
current_best momentum_sector bucket5% top2 boost16,2024-09-30,2024-10-31,SPMO,"XLU,SPMO",2
current_best momentum_sector bucket5% top2 boost16,2024-10-31,2024-11-30,MTUM,"XLU,XLF",2
current_best momentum_sector bucket5% top2 boost16,2024-11-30,2024-12-31,MTUM,"XAR,XLF",2
current_best momentum_sector bucket5% top2 boost16,2024-12-31,2025-01-31,SCHG,"XAR,SCHG",2
current_best momentum_sector bucket5% top2 boost16,2025-01-31,2025-02-28,SPMO,"XLF,SPMO",2
current_best momentum_sector bucket5% top2 boost16,2025-02-28,2025-03-31,SPMO,"XLF,XLE",2
current_best momentum_sector bucket5% top2 boost16,2025-03-31,2025-04-30,IEF,"EWJ,XLP",2
current_best momentum_sector bucket5% top2 boost16,2025-04-30,2025-05-31,EWJ,"EWJ,ITA",2
current_best momentum_sector bucket5% top2 boost16,2025-05-31,2025-06-30,SPMO,"ITA,XAR",2
current_best momentum_sector bucket5% top2 boost16,2025-06-30,2025-07-31,EWY,"XAR,EWY",2
current_best momentum_sector bucket5% top2 boost16,2025-07-31,2025-08-31,XLK,"XAR,SMH",2
current_best momentum_sector bucket5% top2 boost16,2025-08-31,2025-09-30,SCHG,"ITA,SMH",2
current_best momentum_sector bucket5% top2 boost16,2025-09-30,2025-10-31,EWY,"SMH,EWY",2
current_best momentum_sector bucket5% top2 boost16,2025-10-31,2025-11-30,EWY,"EWY,SMH",2
current_best momentum_sector bucket5% top2 boost16,2025-11-30,2025-12-31,EWY,"XLV,SMH",2
current_best momentum_sector bucket5% top2 boost16,2025-12-31,2026-01-31,EWY,"EWY,XLV",2
current_best momentum_sector bucket5% top2 boost16,2026-01-31,2026-02-28,EWY,"EWY,SMH",2
current_best momentum_sector bucket5% top2 boost16,2026-02-28,2026-03-31,EWY,"EWY,XLE",2
current_best momentum_sector bucket5% top2 boost16,2026-03-31,2026-04-29,BIL,"XLE,EWY",2
current_best momentum_sector bucket5% top3 boost16,2016-09-30,2016-10-31,EWY,"SMH,EWY,XLK",3
current_best momentum_sector bucket5% top3 boost16,2016-10-31,2016-11-30,EWJ,"SMH,EWJ,XLK",3
current_best momentum_sector bucket5% top3 boost16,2016-11-30,2016-12-31,,"XLF,XAR,XLE",3
current_best momentum_sector bucket5% top3 boost16,2016-12-31,2017-01-31,SPMO,"XLF,SMH,XLE",3
current_best momentum_sector bucket5% top3 boost16,2017-01-31,2017-02-28,XLK,"SMH,XLF,EWY",3
current_best momentum_sector bucket5% top3 boost16,2017-02-28,2017-03-31,SCHG,"XAR,ITA,XLF",3
current_best momentum_sector bucket5% top3 boost16,2017-03-31,2017-04-30,INDA,"EWY,INDA,SMH",3
current_best momentum_sector bucket5% top3 boost16,2017-04-30,2017-05-31,EWY,"EWY,XLK,MTUM",3
current_best momentum_sector bucket5% top3 boost16,2017-05-31,2017-06-30,EWY,"SMH,EWY,MTUM",3
current_best momentum_sector bucket5% top3 boost16,2017-06-30,2017-07-31,EWY,"EWY,XLV,MTUM",3
current_best momentum_sector bucket5% top3 boost16,2017-07-31,2017-08-31,INDA,"INDA,ITA,MTUM",3
current_best momentum_sector bucket5% top3 boost16,2017-08-31,2017-09-30,XLK,"ITA,SMH,XAR",3
current_best momentum_sector bucket5% top3 boost16,2017-09-30,2017-10-31,MTUM,"XAR,ITA,SMH",3
current_best momentum_sector bucket5% top3 boost16,2017-10-31,2017-11-30,XLK,"SMH,XLK,SPMO",3
current_best momentum_sector bucket5% top3 boost16,2017-11-30,2017-12-31,SPMO,"SPMO,MTUM,SMH",3
current_best momentum_sector bucket5% top3 boost16,2017-12-31,2018-01-31,SPMO,"XLE,SPMO,ITA",3
current_best momentum_sector bucket5% top3 boost16,2018-01-31,2018-02-28,SPMO,"SPMO,MTUM,ITA",3
current_best momentum_sector bucket5% top3 boost16,2018-02-28,2018-03-31,SPMO,"ITA,SPMO,SMH",3
current_best momentum_sector bucket5% top3 boost16,2018-03-31,2018-04-30,BIL,,0
current_best momentum_sector bucket5% top3 boost16,2018-04-30,2018-05-31,EWY,"XLE,EWY",2
current_best momentum_sector bucket5% top3 boost16,2018-05-31,2018-06-30,XLK,"XLK,SMH,SPMO",3
current_best momentum_sector bucket5% top3 boost16,2018-06-30,2018-07-31,XLK,"XLE,XLK,SCHG",3
current_best momentum_sector bucket5% top3 boost16,2018-07-31,2018-08-31,SPMO,"XLV,XAR,XLE",3
current_best momentum_sector bucket5% top3 boost16,2018-08-31,2018-09-30,XLK,"XLK,XLV,SCHG",3
current_best momentum_sector bucket5% top3 boost16,2018-09-30,2018-10-31,SPMO,"XLV,XAR,ITA",3
current_best momentum_sector bucket5% top3 boost16,2018-10-31,2018-11-30,BIL,"XLP,XLU",2
current_best momentum_sector bucket5% top3 boost16,2018-11-30,2018-12-31,IEF,"XLV,XLU,XLP",3
current_best momentum_sector bucket5% top3 boost16,2018-12-31,2019-01-31,IEF,,0
current_best momentum_sector bucket5% top3 boost16,2019-01-31,2019-02-28,IEF,XLU,1
current_best momentum_sector bucket5% top3 boost16,2019-02-28,2019-03-31,SPMO,"ITA,XAR,SMH",3
current_best momentum_sector bucket5% top3 boost16,2019-03-31,2019-04-30,XLK,"XLK,SMH,SPMO",3
current_best momentum_sector bucket5% top3 boost16,2019-04-30,2019-05-31,XLK,"SMH,XLK,XAR",3
current_best momentum_sector bucket5% top3 boost16,2019-05-31,2019-06-30,INDA,"INDA,XAR,XLU",3
current_best momentum_sector bucket5% top3 boost16,2019-06-30,2019-07-31,MTUM,"XAR,MTUM,INDA",3
current_best momentum_sector bucket5% top3 boost16,2019-07-31,2019-08-31,XLK,"SMH,XAR,XLK",3
current_best momentum_sector bucket5% top3 boost16,2019-08-31,2019-09-30,IEF,"XLU,XAR,XLP",3
current_best momentum_sector bucket5% top3 boost16,2019-09-30,2019-10-31,EWJ,"XLU,ITA,XAR",3
current_best momentum_sector bucket5% top3 boost16,2019-10-31,2019-11-30,EWJ,"SMH,EWJ,XLK",3
current_best momentum_sector bucket5% top3 boost16,2019-11-30,2019-12-31,XLK,"XLV,SMH,XLK",3
current_best momentum_sector bucket5% top3 boost16,2019-12-31,2020-01-31,XLK,"SMH,XLK,EWY",3
current_best momentum_sector bucket5% top3 boost16,2020-01-31,2020-02-29,XLK,"XLK,SCHG,XLU",3
current_best momentum_sector bucket5% top3 boost16,2020-02-29,2020-03-31,IEF,,0
current_best momentum_sector bucket5% top3 boost16,2020-03-31,2020-04-30,IEF,,0
current_best momentum_sector bucket5% top3 boost16,2020-04-30,2020-05-31,IEF,,0
current_best momentum_sector bucket5% top3 boost16,2020-05-31,2020-06-30,SCHG,"SCHG,XLK,XLV",3
current_best momentum_sector bucket5% top3 boost16,2020-06-30,2020-07-31,XLK,"XLK,SMH,SCHG",3
current_best momentum_sector bucket5% top3 boost16,2020-07-31,2020-08-31,XLK,"SMH,XLK,INDA",3
current_best momentum_sector bucket5% top3 boost16,2020-08-31,2020-09-30,XLK,"XLK,SCHG,MTUM",3
current_best momentum_sector bucket5% top3 boost16,2020-09-30,2020-10-31,XLK,"SMH,XLK,EWY",3
current_best momentum_sector bucket5% top3 boost16,2020-10-31,2020-11-30,EWY,"XLU,EWY,EWJ",3
current_best momentum_sector bucket5% top3 boost16,2020-11-30,2020-12-31,EWY,"SMH,EWY,XAR",3
current_best momentum_sector bucket5% top3 boost16,2020-12-31,2021-01-31,EWY,"EWY,INDA,SMH",3
current_best momentum_sector bucket5% top3 boost16,2021-01-31,2021-02-28,EWY,"SMH,EWY,XAR",3
current_best momentum_sector bucket5% top3 boost16,2021-02-28,2021-03-31,EWY,"XLE,SMH,XLF",3
current_best momentum_sector bucket5% top3 boost16,2021-03-31,2021-04-30,XLK,"SMH,XLE,XLF",3
current_best momentum_sector bucket5% top3 boost16,2021-04-30,2021-05-31,SCHG,"XLF,XLI,XLU",3
current_best momentum_sector bucket5% top3 boost16,2021-05-31,2021-06-30,INDA,"XLF,ITA,XLI",3
current_best momentum_sector bucket5% top3 boost16,2021-06-30,2021-07-31,SPMO,"SPMO,SCHG,XLK",3
current_best momentum_sector bucket5% top3 boost16,2021-07-31,2021-08-31,XLK,"XLK,SCHG,XLV",3
current_best momentum_sector bucket5% top3 boost16,2021-08-31,2021-09-30,INDA,"INDA,XLK,SPMO",3
current_best momentum_sector bucket5% top3 boost16,2021-09-30,2021-10-31,INDA,"INDA,XLE,EWJ",3
current_best momentum_sector bucket5% top3 boost16,2021-10-31,2021-11-30,SCHG,"SCHG,MTUM,XLK",3
current_best momentum_sector bucket5% top3 boost16,2021-11-30,2021-12-31,XLK,"SMH,XLK,SCHG",3
current_best momentum_sector bucket5% top3 boost16,2021-12-31,2022-01-31,XLK,"SMH,XLP,XLK",3
current_best momentum_sector bucket5% top3 boost16,2022-01-31,2022-02-28,,"XLE,XLP,XLU",3
current_best momentum_sector bucket5% top3 boost16,2022-02-28,2022-03-31,,"XLE,ITA",2
current_best momentum_sector bucket5% top3 boost16,2022-03-31,2022-04-30,BIL,"XLU,XLE,ITA",3
current_best momentum_sector bucket5% top3 boost16,2022-04-30,2022-05-31,BIL,"XLE,XLP,XLU",3
current_best momentum_sector bucket5% top3 boost16,2022-05-31,2022-06-30,BIL,"XLE,XLU",2
current_best momentum_sector bucket5% top3 boost16,2022-06-30,2022-07-31,BIL,,0
current_best momentum_sector bucket5% top3 boost16,2022-07-31,2022-08-31,BIL,XLP,1
current_best momentum_sector bucket5% top3 boost16,2022-08-31,2022-09-30,BIL,"XLE,XLU",2
current_best momentum_sector bucket5% top3 boost16,2022-09-30,2022-10-31,BIL,,0
current_best momentum_sector bucket5% top3 boost16,2022-10-31,2022-11-30,MTUM,"XLE,ITA,SPMO",3
current_best momentum_sector bucket5% top3 boost16,2022-11-30,2022-12-31,MTUM,"XLE,XLI,ITA",3
current_best momentum_sector bucket5% top3 boost16,2022-12-31,2023-01-31,BIL,"ITA,XLI,XLV",3
current_best momentum_sector bucket5% top3 boost16,2023-01-31,2023-02-28,EWY,"SMH,XAR,EWY",3
current_best momentum_sector bucket5% top3 boost16,2023-02-28,2023-03-31,XLK,"XAR,SMH,ITA",3
current_best momentum_sector bucket5% top3 boost16,2023-03-31,2023-04-30,XLK,"SMH,XLK,SCHG",3
current_best momentum_sector bucket5% top3 boost16,2023-04-30,2023-05-31,XLK,"XLK,SCHG,EWJ",3
current_best momentum_sector bucket5% top3 boost16,2023-05-31,2023-06-30,XLK,"SMH,XLK,SCHG",3
current_best momentum_sector bucket5% top3 boost16,2023-06-30,2023-07-31,XLK,"XLK,SMH,SCHG",3
current_best momentum_sector bucket5% top3 boost16,2023-07-31,2023-08-31,SCHG,"SMH,SCHG,XLK",3
current_best momentum_sector bucket5% top3 boost16,2023-08-31,2023-09-30,XLK,"SMH,SCHG,XLK",3
current_best momentum_sector bucket5% top3 boost16,2023-09-30,2023-10-31,SPMO,"XLE,SPMO",2
current_best momentum_sector bucket5% top3 boost16,2023-10-31,2023-11-30,BIL,,0
current_best momentum_sector bucket5% top3 boost16,2023-11-30,2023-12-31,XLK,"XAR,XLK,SCHG",3
current_best momentum_sector bucket5% top3 boost16,2023-12-31,2024-01-31,XLK,"SMH,XAR,SPMO",3
current_best momentum_sector bucket5% top3 boost16,2024-01-31,2024-02-29,SPMO,"SMH,SPMO,MTUM",3
current_best momentum_sector bucket5% top3 boost16,2024-02-29,2024-03-31,SPMO,"SMH,SPMO,MTUM",3
current_best momentum_sector bucket5% top3 boost16,2024-03-31,2024-04-30,SPMO,"SPMO,SMH,XLF",3
current_best momentum_sector bucket5% top3 boost16,2024-04-30,2024-05-31,INDA,"SMH,XLE,INDA",3
current_best momentum_sector bucket5% top3 boost16,2024-05-31,2024-06-30,SPMO,"SMH,XLU,SPMO",3
current_best momentum_sector bucket5% top3 boost16,2024-06-30,2024-07-31,SPMO,"SMH,SPMO,XLK",3
current_best momentum_sector bucket5% top3 boost16,2024-07-31,2024-08-31,INDA,"ITA,INDA,XAR",3
current_best momentum_sector bucket5% top3 boost16,2024-08-31,2024-09-30,SPMO,"XLU,XLF,ITA",3
current_best momentum_sector bucket5% top3 boost16,2024-09-30,2024-10-31,SPMO,"XLU,SPMO,ITA",3
current_best momentum_sector bucket5% top3 boost16,2024-10-31,2024-11-30,MTUM,"XLU,XLF,XLI",3
current_best momentum_sector bucket5% top3 boost16,2024-11-30,2024-12-31,MTUM,"XAR,XLF,XLU",3
current_best momentum_sector bucket5% top3 boost16,2024-12-31,2025-01-31,SCHG,"XAR,SCHG,SPMO",3
current_best momentum_sector bucket5% top3 boost16,2025-01-31,2025-02-28,SPMO,"XLF,SPMO,MTUM",3
current_best momentum_sector bucket5% top3 boost16,2025-02-28,2025-03-31,SPMO,"XLF,XLE,XLP",3
current_best momentum_sector bucket5% top3 boost16,2025-03-31,2025-04-30,IEF,"EWJ,XLP",2
current_best momentum_sector bucket5% top3 boost16,2025-04-30,2025-05-31,EWJ,"EWJ,ITA,XAR",3
current_best momentum_sector bucket5% top3 boost16,2025-05-31,2025-06-30,SPMO,"ITA,XAR,SPMO",3
current_best momentum_sector bucket5% top3 boost16,2025-06-30,2025-07-31,EWY,"XAR,EWY,SMH",3
current_best momentum_sector bucket5% top3 boost16,2025-07-31,2025-08-31,XLK,"XAR,SMH,ITA",3
current_best momentum_sector bucket5% top3 boost16,2025-08-31,2025-09-30,SCHG,"ITA,SMH,XAR",3
current_best momentum_sector bucket5% top3 boost16,2025-09-30,2025-10-31,EWY,"SMH,EWY,XAR",3
current_best momentum_sector bucket5% top3 boost16,2025-10-31,2025-11-30,EWY,"EWY,SMH,XLK",3
current_best momentum_sector bucket5% top3 boost16,2025-11-30,2025-12-31,EWY,"XLV,SMH,EWY",3
current_best momentum_sector bucket5% top3 boost16,2025-12-31,2026-01-31,EWY,"EWY,XLV,XLF",3
current_best momentum_sector bucket5% top3 boost16,2026-01-31,2026-02-28,EWY,"EWY,SMH,XAR",3
current_best momentum_sector bucket5% top3 boost16,2026-02-28,2026-03-31,EWY,"EWY,XLE,EWJ",3
current_best momentum_sector bucket5% top3 boost16,2026-03-31,2026-04-29,BIL,"XLE,EWY,XLU",3
current_best momentum_sector bucket8% top1 boost16,2016-09-30,2016-10-31,EWY,SMH,1
current_best momentum_sector bucket8% top1 boost16,2016-10-31,2016-11-30,EWJ,SMH,1
current_best momentum_sector bucket8% top1 boost16,2016-11-30,2016-12-31,,XLF,1
current_best momentum_sector bucket8% top1 boost16,2016-12-31,2017-01-31,SPMO,XLF,1
current_best momentum_sector bucket8% top1 boost16,2017-01-31,2017-02-28,XLK,SMH,1
current_best momentum_sector bucket8% top1 boost16,2017-02-28,2017-03-31,SCHG,XAR,1
current_best momentum_sector bucket8% top1 boost16,2017-03-31,2017-04-30,INDA,EWY,1
current_best momentum_sector bucket8% top1 boost16,2017-04-30,2017-05-31,EWY,EWY,1
current_best momentum_sector bucket8% top1 boost16,2017-05-31,2017-06-30,EWY,SMH,1
current_best momentum_sector bucket8% top1 boost16,2017-06-30,2017-07-31,EWY,EWY,1
current_best momentum_sector bucket8% top1 boost16,2017-07-31,2017-08-31,INDA,INDA,1
current_best momentum_sector bucket8% top1 boost16,2017-08-31,2017-09-30,XLK,ITA,1
current_best momentum_sector bucket8% top1 boost16,2017-09-30,2017-10-31,MTUM,XAR,1
current_best momentum_sector bucket8% top1 boost16,2017-10-31,2017-11-30,XLK,SMH,1
current_best momentum_sector bucket8% top1 boost16,2017-11-30,2017-12-31,SPMO,SPMO,1
current_best momentum_sector bucket8% top1 boost16,2017-12-31,2018-01-31,SPMO,XLE,1
current_best momentum_sector bucket8% top1 boost16,2018-01-31,2018-02-28,SPMO,SPMO,1
current_best momentum_sector bucket8% top1 boost16,2018-02-28,2018-03-31,SPMO,ITA,1
current_best momentum_sector bucket8% top1 boost16,2018-03-31,2018-04-30,BIL,,0
current_best momentum_sector bucket8% top1 boost16,2018-04-30,2018-05-31,EWY,XLE,1
current_best momentum_sector bucket8% top1 boost16,2018-05-31,2018-06-30,XLK,XLK,1
current_best momentum_sector bucket8% top1 boost16,2018-06-30,2018-07-31,XLK,XLE,1
current_best momentum_sector bucket8% top1 boost16,2018-07-31,2018-08-31,SPMO,XLV,1
current_best momentum_sector bucket8% top1 boost16,2018-08-31,2018-09-30,XLK,XLK,1
current_best momentum_sector bucket8% top1 boost16,2018-09-30,2018-10-31,SPMO,XLV,1
current_best momentum_sector bucket8% top1 boost16,2018-10-31,2018-11-30,BIL,XLP,1
current_best momentum_sector bucket8% top1 boost16,2018-11-30,2018-12-31,IEF,XLV,1
current_best momentum_sector bucket8% top1 boost16,2018-12-31,2019-01-31,IEF,,0
current_best momentum_sector bucket8% top1 boost16,2019-01-31,2019-02-28,IEF,XLU,1
current_best momentum_sector bucket8% top1 boost16,2019-02-28,2019-03-31,SPMO,ITA,1
current_best momentum_sector bucket8% top1 boost16,2019-03-31,2019-04-30,XLK,XLK,1
current_best momentum_sector bucket8% top1 boost16,2019-04-30,2019-05-31,XLK,SMH,1
current_best momentum_sector bucket8% top1 boost16,2019-05-31,2019-06-30,INDA,INDA,1
current_best momentum_sector bucket8% top1 boost16,2019-06-30,2019-07-31,MTUM,XAR,1
current_best momentum_sector bucket8% top1 boost16,2019-07-31,2019-08-31,XLK,SMH,1
current_best momentum_sector bucket8% top1 boost16,2019-08-31,2019-09-30,IEF,XLU,1
current_best momentum_sector bucket8% top1 boost16,2019-09-30,2019-10-31,EWJ,XLU,1
current_best momentum_sector bucket8% top1 boost16,2019-10-31,2019-11-30,EWJ,SMH,1
current_best momentum_sector bucket8% top1 boost16,2019-11-30,2019-12-31,XLK,XLV,1
current_best momentum_sector bucket8% top1 boost16,2019-12-31,2020-01-31,XLK,SMH,1
current_best momentum_sector bucket8% top1 boost16,2020-01-31,2020-02-29,XLK,XLK,1
current_best momentum_sector bucket8% top1 boost16,2020-02-29,2020-03-31,IEF,,0
current_best momentum_sector bucket8% top1 boost16,2020-03-31,2020-04-30,IEF,,0
current_best momentum_sector bucket8% top1 boost16,2020-04-30,2020-05-31,IEF,,0
current_best momentum_sector bucket8% top1 boost16,2020-05-31,2020-06-30,SCHG,SCHG,1
current_best momentum_sector bucket8% top1 boost16,2020-06-30,2020-07-31,XLK,XLK,1
current_best momentum_sector bucket8% top1 boost16,2020-07-31,2020-08-31,XLK,SMH,1
current_best momentum_sector bucket8% top1 boost16,2020-08-31,2020-09-30,XLK,XLK,1
current_best momentum_sector bucket8% top1 boost16,2020-09-30,2020-10-31,XLK,SMH,1
current_best momentum_sector bucket8% top1 boost16,2020-10-31,2020-11-30,EWY,XLU,1
current_best momentum_sector bucket8% top1 boost16,2020-11-30,2020-12-31,EWY,SMH,1
current_best momentum_sector bucket8% top1 boost16,2020-12-31,2021-01-31,EWY,EWY,1
current_best momentum_sector bucket8% top1 boost16,2021-01-31,2021-02-28,EWY,SMH,1
current_best momentum_sector bucket8% top1 boost16,2021-02-28,2021-03-31,EWY,XLE,1
current_best momentum_sector bucket8% top1 boost16,2021-03-31,2021-04-30,XLK,SMH,1
current_best momentum_sector bucket8% top1 boost16,2021-04-30,2021-05-31,SCHG,XLF,1
current_best momentum_sector bucket8% top1 boost16,2021-05-31,2021-06-30,INDA,XLF,1
current_best momentum_sector bucket8% top1 boost16,2021-06-30,2021-07-31,SPMO,SPMO,1
current_best momentum_sector bucket8% top1 boost16,2021-07-31,2021-08-31,XLK,XLK,1
current_best momentum_sector bucket8% top1 boost16,2021-08-31,2021-09-30,INDA,INDA,1
current_best momentum_sector bucket8% top1 boost16,2021-09-30,2021-10-31,INDA,INDA,1
current_best momentum_sector bucket8% top1 boost16,2021-10-31,2021-11-30,SCHG,SCHG,1
current_best momentum_sector bucket8% top1 boost16,2021-11-30,2021-12-31,XLK,SMH,1
current_best momentum_sector bucket8% top1 boost16,2021-12-31,2022-01-31,XLK,SMH,1
current_best momentum_sector bucket8% top1 boost16,2022-01-31,2022-02-28,,XLE,1
current_best momentum_sector bucket8% top1 boost16,2022-02-28,2022-03-31,,XLE,1
current_best momentum_sector bucket8% top1 boost16,2022-03-31,2022-04-30,BIL,XLU,1
current_best momentum_sector bucket8% top1 boost16,2022-04-30,2022-05-31,BIL,XLE,1
current_best momentum_sector bucket8% top1 boost16,2022-05-31,2022-06-30,BIL,XLE,1
current_best momentum_sector bucket8% top1 boost16,2022-06-30,2022-07-31,BIL,,0
current_best momentum_sector bucket8% top1 boost16,2022-07-31,2022-08-31,BIL,XLP,1
current_best momentum_sector bucket8% top1 boost16,2022-08-31,2022-09-30,BIL,XLE,1
current_best momentum_sector bucket8% top1 boost16,2022-09-30,2022-10-31,BIL,,0
current_best momentum_sector bucket8% top1 boost16,2022-10-31,2022-11-30,MTUM,XLE,1
current_best momentum_sector bucket8% top1 boost16,2022-11-30,2022-12-31,MTUM,XLE,1
current_best momentum_sector bucket8% top1 boost16,2022-12-31,2023-01-31,BIL,ITA,1
current_best momentum_sector bucket8% top1 boost16,2023-01-31,2023-02-28,EWY,SMH,1
current_best momentum_sector bucket8% top1 boost16,2023-02-28,2023-03-31,XLK,XAR,1
current_best momentum_sector bucket8% top1 boost16,2023-03-31,2023-04-30,XLK,SMH,1
current_best momentum_sector bucket8% top1 boost16,2023-04-30,2023-05-31,XLK,XLK,1
current_best momentum_sector bucket8% top1 boost16,2023-05-31,2023-06-30,XLK,SMH,1
current_best momentum_sector bucket8% top1 boost16,2023-06-30,2023-07-31,XLK,XLK,1
current_best momentum_sector bucket8% top1 boost16,2023-07-31,2023-08-31,SCHG,SMH,1
current_best momentum_sector bucket8% top1 boost16,2023-08-31,2023-09-30,XLK,SMH,1
current_best momentum_sector bucket8% top1 boost16,2023-09-30,2023-10-31,SPMO,XLE,1
current_best momentum_sector bucket8% top1 boost16,2023-10-31,2023-11-30,BIL,,0
current_best momentum_sector bucket8% top1 boost16,2023-11-30,2023-12-31,XLK,XAR,1
current_best momentum_sector bucket8% top1 boost16,2023-12-31,2024-01-31,XLK,SMH,1
current_best momentum_sector bucket8% top1 boost16,2024-01-31,2024-02-29,SPMO,SMH,1
current_best momentum_sector bucket8% top1 boost16,2024-02-29,2024-03-31,SPMO,SMH,1
current_best momentum_sector bucket8% top1 boost16,2024-03-31,2024-04-30,SPMO,SPMO,1
current_best momentum_sector bucket8% top1 boost16,2024-04-30,2024-05-31,INDA,SMH,1
current_best momentum_sector bucket8% top1 boost16,2024-05-31,2024-06-30,SPMO,SMH,1
current_best momentum_sector bucket8% top1 boost16,2024-06-30,2024-07-31,SPMO,SMH,1
current_best momentum_sector bucket8% top1 boost16,2024-07-31,2024-08-31,INDA,ITA,1
current_best momentum_sector bucket8% top1 boost16,2024-08-31,2024-09-30,SPMO,XLU,1
current_best momentum_sector bucket8% top1 boost16,2024-09-30,2024-10-31,SPMO,XLU,1
current_best momentum_sector bucket8% top1 boost16,2024-10-31,2024-11-30,MTUM,XLU,1
current_best momentum_sector bucket8% top1 boost16,2024-11-30,2024-12-31,MTUM,XAR,1
current_best momentum_sector bucket8% top1 boost16,2024-12-31,2025-01-31,SCHG,XAR,1
current_best momentum_sector bucket8% top1 boost16,2025-01-31,2025-02-28,SPMO,XLF,1
current_best momentum_sector bucket8% top1 boost16,2025-02-28,2025-03-31,SPMO,XLF,1
current_best momentum_sector bucket8% top1 boost16,2025-03-31,2025-04-30,IEF,EWJ,1
current_best momentum_sector bucket8% top1 boost16,2025-04-30,2025-05-31,EWJ,EWJ,1
current_best momentum_sector bucket8% top1 boost16,2025-05-31,2025-06-30,SPMO,ITA,1
current_best momentum_sector bucket8% top1 boost16,2025-06-30,2025-07-31,EWY,XAR,1
current_best momentum_sector bucket8% top1 boost16,2025-07-31,2025-08-31,XLK,XAR,1
current_best momentum_sector bucket8% top1 boost16,2025-08-31,2025-09-30,SCHG,ITA,1
current_best momentum_sector bucket8% top1 boost16,2025-09-30,2025-10-31,EWY,SMH,1
current_best momentum_sector bucket8% top1 boost16,2025-10-31,2025-11-30,EWY,EWY,1
current_best momentum_sector bucket8% top1 boost16,2025-11-30,2025-12-31,EWY,XLV,1
current_best momentum_sector bucket8% top1 boost16,2025-12-31,2026-01-31,EWY,EWY,1
current_best momentum_sector bucket8% top1 boost16,2026-01-31,2026-02-28,EWY,EWY,1
current_best momentum_sector bucket8% top1 boost16,2026-02-28,2026-03-31,EWY,EWY,1
current_best momentum_sector bucket8% top1 boost16,2026-03-31,2026-04-29,BIL,XLE,1
current_best momentum_sector bucket8% top2 boost16,2016-09-30,2016-10-31,EWY,"SMH,EWY",2
current_best momentum_sector bucket8% top2 boost16,2016-10-31,2016-11-30,EWJ,"SMH,EWJ",2
current_best momentum_sector bucket8% top2 boost16,2016-11-30,2016-12-31,,"XLF,XAR",2
current_best momentum_sector bucket8% top2 boost16,2016-12-31,2017-01-31,SPMO,"XLF,SMH",2
current_best momentum_sector bucket8% top2 boost16,2017-01-31,2017-02-28,XLK,"SMH,XLF",2
current_best momentum_sector bucket8% top2 boost16,2017-02-28,2017-03-31,SCHG,"XAR,ITA",2
current_best momentum_sector bucket8% top2 boost16,2017-03-31,2017-04-30,INDA,"EWY,INDA",2
current_best momentum_sector bucket8% top2 boost16,2017-04-30,2017-05-31,EWY,"EWY,XLK",2
current_best momentum_sector bucket8% top2 boost16,2017-05-31,2017-06-30,EWY,"SMH,EWY",2
current_best momentum_sector bucket8% top2 boost16,2017-06-30,2017-07-31,EWY,"EWY,XLV",2
current_best momentum_sector bucket8% top2 boost16,2017-07-31,2017-08-31,INDA,"INDA,ITA",2
current_best momentum_sector bucket8% top2 boost16,2017-08-31,2017-09-30,XLK,"ITA,SMH",2
current_best momentum_sector bucket8% top2 boost16,2017-09-30,2017-10-31,MTUM,"XAR,ITA",2
current_best momentum_sector bucket8% top2 boost16,2017-10-31,2017-11-30,XLK,"SMH,XLK",2
current_best momentum_sector bucket8% top2 boost16,2017-11-30,2017-12-31,SPMO,"SPMO,MTUM",2
current_best momentum_sector bucket8% top2 boost16,2017-12-31,2018-01-31,SPMO,"XLE,SPMO",2
current_best momentum_sector bucket8% top2 boost16,2018-01-31,2018-02-28,SPMO,"SPMO,MTUM",2
current_best momentum_sector bucket8% top2 boost16,2018-02-28,2018-03-31,SPMO,"ITA,SPMO",2
current_best momentum_sector bucket8% top2 boost16,2018-03-31,2018-04-30,BIL,,0
current_best momentum_sector bucket8% top2 boost16,2018-04-30,2018-05-31,EWY,"XLE,EWY",2
current_best momentum_sector bucket8% top2 boost16,2018-05-31,2018-06-30,XLK,"XLK,SMH",2
current_best momentum_sector bucket8% top2 boost16,2018-06-30,2018-07-31,XLK,"XLE,XLK",2
current_best momentum_sector bucket8% top2 boost16,2018-07-31,2018-08-31,SPMO,"XLV,XAR",2
current_best momentum_sector bucket8% top2 boost16,2018-08-31,2018-09-30,XLK,"XLK,XLV",2
current_best momentum_sector bucket8% top2 boost16,2018-09-30,2018-10-31,SPMO,"XLV,XAR",2
current_best momentum_sector bucket8% top2 boost16,2018-10-31,2018-11-30,BIL,"XLP,XLU",2
current_best momentum_sector bucket8% top2 boost16,2018-11-30,2018-12-31,IEF,"XLV,XLU",2
current_best momentum_sector bucket8% top2 boost16,2018-12-31,2019-01-31,IEF,,0
current_best momentum_sector bucket8% top2 boost16,2019-01-31,2019-02-28,IEF,XLU,1
current_best momentum_sector bucket8% top2 boost16,2019-02-28,2019-03-31,SPMO,"ITA,XAR",2
current_best momentum_sector bucket8% top2 boost16,2019-03-31,2019-04-30,XLK,"XLK,SMH",2
current_best momentum_sector bucket8% top2 boost16,2019-04-30,2019-05-31,XLK,"SMH,XLK",2
current_best momentum_sector bucket8% top2 boost16,2019-05-31,2019-06-30,INDA,"INDA,XAR",2
current_best momentum_sector bucket8% top2 boost16,2019-06-30,2019-07-31,MTUM,"XAR,MTUM",2
current_best momentum_sector bucket8% top2 boost16,2019-07-31,2019-08-31,XLK,"SMH,XAR",2
current_best momentum_sector bucket8% top2 boost16,2019-08-31,2019-09-30,IEF,"XLU,XAR",2
current_best momentum_sector bucket8% top2 boost16,2019-09-30,2019-10-31,EWJ,"XLU,ITA",2
current_best momentum_sector bucket8% top2 boost16,2019-10-31,2019-11-30,EWJ,"SMH,EWJ",2
current_best momentum_sector bucket8% top2 boost16,2019-11-30,2019-12-31,XLK,"XLV,SMH",2
current_best momentum_sector bucket8% top2 boost16,2019-12-31,2020-01-31,XLK,"SMH,XLK",2
current_best momentum_sector bucket8% top2 boost16,2020-01-31,2020-02-29,XLK,"XLK,SCHG",2
current_best momentum_sector bucket8% top2 boost16,2020-02-29,2020-03-31,IEF,,0
current_best momentum_sector bucket8% top2 boost16,2020-03-31,2020-04-30,IEF,,0
current_best momentum_sector bucket8% top2 boost16,2020-04-30,2020-05-31,IEF,,0
current_best momentum_sector bucket8% top2 boost16,2020-05-31,2020-06-30,SCHG,"SCHG,XLK",2
current_best momentum_sector bucket8% top2 boost16,2020-06-30,2020-07-31,XLK,"XLK,SMH",2
current_best momentum_sector bucket8% top2 boost16,2020-07-31,2020-08-31,XLK,"SMH,XLK",2
current_best momentum_sector bucket8% top2 boost16,2020-08-31,2020-09-30,XLK,"XLK,SCHG",2
current_best momentum_sector bucket8% top2 boost16,2020-09-30,2020-10-31,XLK,"SMH,XLK",2
current_best momentum_sector bucket8% top2 boost16,2020-10-31,2020-11-30,EWY,"XLU,EWY",2
current_best momentum_sector bucket8% top2 boost16,2020-11-30,2020-12-31,EWY,"SMH,EWY",2
current_best momentum_sector bucket8% top2 boost16,2020-12-31,2021-01-31,EWY,"EWY,INDA",2
current_best momentum_sector bucket8% top2 boost16,2021-01-31,2021-02-28,EWY,"SMH,EWY",2
current_best momentum_sector bucket8% top2 boost16,2021-02-28,2021-03-31,EWY,"XLE,SMH",2
current_best momentum_sector bucket8% top2 boost16,2021-03-31,2021-04-30,XLK,"SMH,XLE",2
current_best momentum_sector bucket8% top2 boost16,2021-04-30,2021-05-31,SCHG,"XLF,XLI",2
current_best momentum_sector bucket8% top2 boost16,2021-05-31,2021-06-30,INDA,"XLF,ITA",2
current_best momentum_sector bucket8% top2 boost16,2021-06-30,2021-07-31,SPMO,"SPMO,SCHG",2
current_best momentum_sector bucket8% top2 boost16,2021-07-31,2021-08-31,XLK,"XLK,SCHG",2
current_best momentum_sector bucket8% top2 boost16,2021-08-31,2021-09-30,INDA,"INDA,XLK",2
current_best momentum_sector bucket8% top2 boost16,2021-09-30,2021-10-31,INDA,"INDA,XLE",2
current_best momentum_sector bucket8% top2 boost16,2021-10-31,2021-11-30,SCHG,"SCHG,MTUM",2
current_best momentum_sector bucket8% top2 boost16,2021-11-30,2021-12-31,XLK,"SMH,XLK",2
current_best momentum_sector bucket8% top2 boost16,2021-12-31,2022-01-31,XLK,"SMH,XLP",2
current_best momentum_sector bucket8% top2 boost16,2022-01-31,2022-02-28,,"XLE,XLP",2
current_best momentum_sector bucket8% top2 boost16,2022-02-28,2022-03-31,,"XLE,ITA",2
current_best momentum_sector bucket8% top2 boost16,2022-03-31,2022-04-30,BIL,"XLU,XLE",2
current_best momentum_sector bucket8% top2 boost16,2022-04-30,2022-05-31,BIL,"XLE,XLP",2
current_best momentum_sector bucket8% top2 boost16,2022-05-31,2022-06-30,BIL,"XLE,XLU",2
current_best momentum_sector bucket8% top2 boost16,2022-06-30,2022-07-31,BIL,,0
current_best momentum_sector bucket8% top2 boost16,2022-07-31,2022-08-31,BIL,XLP,1
current_best momentum_sector bucket8% top2 boost16,2022-08-31,2022-09-30,BIL,"XLE,XLU",2
current_best momentum_sector bucket8% top2 boost16,2022-09-30,2022-10-31,BIL,,0
current_best momentum_sector bucket8% top2 boost16,2022-10-31,2022-11-30,MTUM,"XLE,ITA",2
current_best momentum_sector bucket8% top2 boost16,2022-11-30,2022-12-31,MTUM,"XLE,XLI",2
current_best momentum_sector bucket8% top2 boost16,2022-12-31,2023-01-31,BIL,"ITA,XLI",2
current_best momentum_sector bucket8% top2 boost16,2023-01-31,2023-02-28,EWY,"SMH,XAR",2
current_best momentum_sector bucket8% top2 boost16,2023-02-28,2023-03-31,XLK,"XAR,SMH",2
current_best momentum_sector bucket8% top2 boost16,2023-03-31,2023-04-30,XLK,"SMH,XLK",2
current_best momentum_sector bucket8% top2 boost16,2023-04-30,2023-05-31,XLK,"XLK,SCHG",2
current_best momentum_sector bucket8% top2 boost16,2023-05-31,2023-06-30,XLK,"SMH,XLK",2
current_best momentum_sector bucket8% top2 boost16,2023-06-30,2023-07-31,XLK,"XLK,SMH",2
current_best momentum_sector bucket8% top2 boost16,2023-07-31,2023-08-31,SCHG,"SMH,SCHG",2
current_best momentum_sector bucket8% top2 boost16,2023-08-31,2023-09-30,XLK,"SMH,SCHG",2
current_best momentum_sector bucket8% top2 boost16,2023-09-30,2023-10-31,SPMO,"XLE,SPMO",2
current_best momentum_sector bucket8% top2 boost16,2023-10-31,2023-11-30,BIL,,0
current_best momentum_sector bucket8% top2 boost16,2023-11-30,2023-12-31,XLK,"XAR,XLK",2
current_best momentum_sector bucket8% top2 boost16,2023-12-31,2024-01-31,XLK,"SMH,XAR",2
current_best momentum_sector bucket8% top2 boost16,2024-01-31,2024-02-29,SPMO,"SMH,SPMO",2
current_best momentum_sector bucket8% top2 boost16,2024-02-29,2024-03-31,SPMO,"SMH,SPMO",2
current_best momentum_sector bucket8% top2 boost16,2024-03-31,2024-04-30,SPMO,"SPMO,SMH",2
current_best momentum_sector bucket8% top2 boost16,2024-04-30,2024-05-31,INDA,"SMH,XLE",2
current_best momentum_sector bucket8% top2 boost16,2024-05-31,2024-06-30,SPMO,"SMH,XLU",2
current_best momentum_sector bucket8% top2 boost16,2024-06-30,2024-07-31,SPMO,"SMH,SPMO",2
current_best momentum_sector bucket8% top2 boost16,2024-07-31,2024-08-31,INDA,"ITA,INDA",2
current_best momentum_sector bucket8% top2 boost16,2024-08-31,2024-09-30,SPMO,"XLU,XLF",2
current_best momentum_sector bucket8% top2 boost16,2024-09-30,2024-10-31,SPMO,"XLU,SPMO",2
current_best momentum_sector bucket8% top2 boost16,2024-10-31,2024-11-30,MTUM,"XLU,XLF",2
current_best momentum_sector bucket8% top2 boost16,2024-11-30,2024-12-31,MTUM,"XAR,XLF",2
current_best momentum_sector bucket8% top2 boost16,2024-12-31,2025-01-31,SCHG,"XAR,SCHG",2
current_best momentum_sector bucket8% top2 boost16,2025-01-31,2025-02-28,SPMO,"XLF,SPMO",2
current_best momentum_sector bucket8% top2 boost16,2025-02-28,2025-03-31,SPMO,"XLF,XLE",2
current_best momentum_sector bucket8% top2 boost16,2025-03-31,2025-04-30,IEF,"EWJ,XLP",2
current_best momentum_sector bucket8% top2 boost16,2025-04-30,2025-05-31,EWJ,"EWJ,ITA",2
current_best momentum_sector bucket8% top2 boost16,2025-05-31,2025-06-30,SPMO,"ITA,XAR",2
current_best momentum_sector bucket8% top2 boost16,2025-06-30,2025-07-31,EWY,"XAR,EWY",2
current_best momentum_sector bucket8% top2 boost16,2025-07-31,2025-08-31,XLK,"XAR,SMH",2
current_best momentum_sector bucket8% top2 boost16,2025-08-31,2025-09-30,SCHG,"ITA,SMH",2
current_best momentum_sector bucket8% top2 boost16,2025-09-30,2025-10-31,EWY,"SMH,EWY",2
current_best momentum_sector bucket8% top2 boost16,2025-10-31,2025-11-30,EWY,"EWY,SMH",2
current_best momentum_sector bucket8% top2 boost16,2025-11-30,2025-12-31,EWY,"XLV,SMH",2
current_best momentum_sector bucket8% top2 boost16,2025-12-31,2026-01-31,EWY,"EWY,XLV",2
current_best momentum_sector bucket8% top2 boost16,2026-01-31,2026-02-28,EWY,"EWY,SMH",2
current_best momentum_sector bucket8% top2 boost16,2026-02-28,2026-03-31,EWY,"EWY,XLE",2
current_best momentum_sector bucket8% top2 boost16,2026-03-31,2026-04-29,BIL,"XLE,EWY",2
current_best momentum_sector bucket8% top3 boost16,2016-09-30,2016-10-31,EWY,"SMH,EWY,XLK",3
current_best momentum_sector bucket8% top3 boost16,2016-10-31,2016-11-30,EWJ,"SMH,EWJ,XLK",3
current_best momentum_sector bucket8% top3 boost16,2016-11-30,2016-12-31,,"XLF,XAR,XLE",3
current_best momentum_sector bucket8% top3 boost16,2016-12-31,2017-01-31,SPMO,"XLF,SMH,XLE",3
current_best momentum_sector bucket8% top3 boost16,2017-01-31,2017-02-28,XLK,"SMH,XLF,EWY",3
current_best momentum_sector bucket8% top3 boost16,2017-02-28,2017-03-31,SCHG,"XAR,ITA,XLF",3
current_best momentum_sector bucket8% top3 boost16,2017-03-31,2017-04-30,INDA,"EWY,INDA,SMH",3
current_best momentum_sector bucket8% top3 boost16,2017-04-30,2017-05-31,EWY,"EWY,XLK,MTUM",3
current_best momentum_sector bucket8% top3 boost16,2017-05-31,2017-06-30,EWY,"SMH,EWY,MTUM",3
current_best momentum_sector bucket8% top3 boost16,2017-06-30,2017-07-31,EWY,"EWY,XLV,MTUM",3
current_best momentum_sector bucket8% top3 boost16,2017-07-31,2017-08-31,INDA,"INDA,ITA,MTUM",3
current_best momentum_sector bucket8% top3 boost16,2017-08-31,2017-09-30,XLK,"ITA,SMH,XAR",3
current_best momentum_sector bucket8% top3 boost16,2017-09-30,2017-10-31,MTUM,"XAR,ITA,SMH",3
current_best momentum_sector bucket8% top3 boost16,2017-10-31,2017-11-30,XLK,"SMH,XLK,SPMO",3
current_best momentum_sector bucket8% top3 boost16,2017-11-30,2017-12-31,SPMO,"SPMO,MTUM,SMH",3
current_best momentum_sector bucket8% top3 boost16,2017-12-31,2018-01-31,SPMO,"XLE,SPMO,ITA",3
current_best momentum_sector bucket8% top3 boost16,2018-01-31,2018-02-28,SPMO,"SPMO,MTUM,ITA",3
current_best momentum_sector bucket8% top3 boost16,2018-02-28,2018-03-31,SPMO,"ITA,SPMO,SMH",3
current_best momentum_sector bucket8% top3 boost16,2018-03-31,2018-04-30,BIL,,0
current_best momentum_sector bucket8% top3 boost16,2018-04-30,2018-05-31,EWY,"XLE,EWY",2
current_best momentum_sector bucket8% top3 boost16,2018-05-31,2018-06-30,XLK,"XLK,SMH,SPMO",3
current_best momentum_sector bucket8% top3 boost16,2018-06-30,2018-07-31,XLK,"XLE,XLK,SCHG",3
current_best momentum_sector bucket8% top3 boost16,2018-07-31,2018-08-31,SPMO,"XLV,XAR,XLE",3
current_best momentum_sector bucket8% top3 boost16,2018-08-31,2018-09-30,XLK,"XLK,XLV,SCHG",3
current_best momentum_sector bucket8% top3 boost16,2018-09-30,2018-10-31,SPMO,"XLV,XAR,ITA",3
current_best momentum_sector bucket8% top3 boost16,2018-10-31,2018-11-30,BIL,"XLP,XLU",2
current_best momentum_sector bucket8% top3 boost16,2018-11-30,2018-12-31,IEF,"XLV,XLU,XLP",3
current_best momentum_sector bucket8% top3 boost16,2018-12-31,2019-01-31,IEF,,0
current_best momentum_sector bucket8% top3 boost16,2019-01-31,2019-02-28,IEF,XLU,1
current_best momentum_sector bucket8% top3 boost16,2019-02-28,2019-03-31,SPMO,"ITA,XAR,SMH",3
current_best momentum_sector bucket8% top3 boost16,2019-03-31,2019-04-30,XLK,"XLK,SMH,SPMO",3
current_best momentum_sector bucket8% top3 boost16,2019-04-30,2019-05-31,XLK,"SMH,XLK,XAR",3
current_best momentum_sector bucket8% top3 boost16,2019-05-31,2019-06-30,INDA,"INDA,XAR,XLU",3
current_best momentum_sector bucket8% top3 boost16,2019-06-30,2019-07-31,MTUM,"XAR,MTUM,INDA",3
current_best momentum_sector bucket8% top3 boost16,2019-07-31,2019-08-31,XLK,"SMH,XAR,XLK",3
current_best momentum_sector bucket8% top3 boost16,2019-08-31,2019-09-30,IEF,"XLU,XAR,XLP",3
current_best momentum_sector bucket8% top3 boost16,2019-09-30,2019-10-31,EWJ,"XLU,ITA,XAR",3
current_best momentum_sector bucket8% top3 boost16,2019-10-31,2019-11-30,EWJ,"SMH,EWJ,XLK",3
current_best momentum_sector bucket8% top3 boost16,2019-11-30,2019-12-31,XLK,"XLV,SMH,XLK",3
current_best momentum_sector bucket8% top3 boost16,2019-12-31,2020-01-31,XLK,"SMH,XLK,EWY",3
current_best momentum_sector bucket8% top3 boost16,2020-01-31,2020-02-29,XLK,"XLK,SCHG,XLU",3
current_best momentum_sector bucket8% top3 boost16,2020-02-29,2020-03-31,IEF,,0
current_best momentum_sector bucket8% top3 boost16,2020-03-31,2020-04-30,IEF,,0
current_best momentum_sector bucket8% top3 boost16,2020-04-30,2020-05-31,IEF,,0
current_best momentum_sector bucket8% top3 boost16,2020-05-31,2020-06-30,SCHG,"SCHG,XLK,XLV",3
current_best momentum_sector bucket8% top3 boost16,2020-06-30,2020-07-31,XLK,"XLK,SMH,SCHG",3
current_best momentum_sector bucket8% top3 boost16,2020-07-31,2020-08-31,XLK,"SMH,XLK,INDA",3
current_best momentum_sector bucket8% top3 boost16,2020-08-31,2020-09-30,XLK,"XLK,SCHG,MTUM",3
current_best momentum_sector bucket8% top3 boost16,2020-09-30,2020-10-31,XLK,"SMH,XLK,EWY",3
current_best momentum_sector bucket8% top3 boost16,2020-10-31,2020-11-30,EWY,"XLU,EWY,EWJ",3
current_best momentum_sector bucket8% top3 boost16,2020-11-30,2020-12-31,EWY,"SMH,EWY,XAR",3
current_best momentum_sector bucket8% top3 boost16,2020-12-31,2021-01-31,EWY,"EWY,INDA,SMH",3
current_best momentum_sector bucket8% top3 boost16,2021-01-31,2021-02-28,EWY,"SMH,EWY,XAR",3
current_best momentum_sector bucket8% top3 boost16,2021-02-28,2021-03-31,EWY,"XLE,SMH,XLF",3
current_best momentum_sector bucket8% top3 boost16,2021-03-31,2021-04-30,XLK,"SMH,XLE,XLF",3
current_best momentum_sector bucket8% top3 boost16,2021-04-30,2021-05-31,SCHG,"XLF,XLI,XLU",3
current_best momentum_sector bucket8% top3 boost16,2021-05-31,2021-06-30,INDA,"XLF,ITA,XLI",3
current_best momentum_sector bucket8% top3 boost16,2021-06-30,2021-07-31,SPMO,"SPMO,SCHG,XLK",3
current_best momentum_sector bucket8% top3 boost16,2021-07-31,2021-08-31,XLK,"XLK,SCHG,XLV",3
current_best momentum_sector bucket8% top3 boost16,2021-08-31,2021-09-30,INDA,"INDA,XLK,SPMO",3
current_best momentum_sector bucket8% top3 boost16,2021-09-30,2021-10-31,INDA,"INDA,XLE,EWJ",3
current_best momentum_sector bucket8% top3 boost16,2021-10-31,2021-11-30,SCHG,"SCHG,MTUM,XLK",3
current_best momentum_sector bucket8% top3 boost16,2021-11-30,2021-12-31,XLK,"SMH,XLK,SCHG",3
current_best momentum_sector bucket8% top3 boost16,2021-12-31,2022-01-31,XLK,"SMH,XLP,XLK",3
current_best momentum_sector bucket8% top3 boost16,2022-01-31,2022-02-28,,"XLE,XLP,XLU",3
current_best momentum_sector bucket8% top3 boost16,2022-02-28,2022-03-31,,"XLE,ITA",2
current_best momentum_sector bucket8% top3 boost16,2022-03-31,2022-04-30,BIL,"XLU,XLE,ITA",3
current_best momentum_sector bucket8% top3 boost16,2022-04-30,2022-05-31,BIL,"XLE,XLP,XLU",3
current_best momentum_sector bucket8% top3 boost16,2022-05-31,2022-06-30,BIL,"XLE,XLU",2
current_best momentum_sector bucket8% top3 boost16,2022-06-30,2022-07-31,BIL,,0
current_best momentum_sector bucket8% top3 boost16,2022-07-31,2022-08-31,BIL,XLP,1
current_best momentum_sector bucket8% top3 boost16,2022-08-31,2022-09-30,BIL,"XLE,XLU",2
current_best momentum_sector bucket8% top3 boost16,2022-09-30,2022-10-31,BIL,,0
current_best momentum_sector bucket8% top3 boost16,2022-10-31,2022-11-30,MTUM,"XLE,ITA,SPMO",3
current_best momentum_sector bucket8% top3 boost16,2022-11-30,2022-12-31,MTUM,"XLE,XLI,ITA",3
current_best momentum_sector bucket8% top3 boost16,2022-12-31,2023-01-31,BIL,"ITA,XLI,XLV",3
current_best momentum_sector bucket8% top3 boost16,2023-01-31,2023-02-28,EWY,"SMH,XAR,EWY",3
current_best momentum_sector bucket8% top3 boost16,2023-02-28,2023-03-31,XLK,"XAR,SMH,ITA",3
current_best momentum_sector bucket8% top3 boost16,2023-03-31,2023-04-30,XLK,"SMH,XLK,SCHG",3
current_best momentum_sector bucket8% top3 boost16,2023-04-30,2023-05-31,XLK,"XLK,SCHG,EWJ",3
current_best momentum_sector bucket8% top3 boost16,2023-05-31,2023-06-30,XLK,"SMH,XLK,SCHG",3
current_best momentum_sector bucket8% top3 boost16,2023-06-30,2023-07-31,XLK,"XLK,SMH,SCHG",3
current_best momentum_sector bucket8% top3 boost16,2023-07-31,2023-08-31,SCHG,"SMH,SCHG,XLK",3
current_best momentum_sector bucket8% top3 boost16,2023-08-31,2023-09-30,XLK,"SMH,SCHG,XLK",3
current_best momentum_sector bucket8% top3 boost16,2023-09-30,2023-10-31,SPMO,"XLE,SPMO",2
current_best momentum_sector bucket8% top3 boost16,2023-10-31,2023-11-30,BIL,,0
current_best momentum_sector bucket8% top3 boost16,2023-11-30,2023-12-31,XLK,"XAR,XLK,SCHG",3
current_best momentum_sector bucket8% top3 boost16,2023-12-31,2024-01-31,XLK,"SMH,XAR,SPMO",3
current_best momentum_sector bucket8% top3 boost16,2024-01-31,2024-02-29,SPMO,"SMH,SPMO,MTUM",3
current_best momentum_sector bucket8% top3 boost16,2024-02-29,2024-03-31,SPMO,"SMH,SPMO,MTUM",3
current_best momentum_sector bucket8% top3 boost16,2024-03-31,2024-04-30,SPMO,"SPMO,SMH,XLF",3
current_best momentum_sector bucket8% top3 boost16,2024-04-30,2024-05-31,INDA,"SMH,XLE,INDA",3
current_best momentum_sector bucket8% top3 boost16,2024-05-31,2024-06-30,SPMO,"SMH,XLU,SPMO",3
current_best momentum_sector bucket8% top3 boost16,2024-06-30,2024-07-31,SPMO,"SMH,SPMO,XLK",3
current_best momentum_sector bucket8% top3 boost16,2024-07-31,2024-08-31,INDA,"ITA,INDA,XAR",3
current_best momentum_sector bucket8% top3 boost16,2024-08-31,2024-09-30,SPMO,"XLU,XLF,ITA",3
current_best momentum_sector bucket8% top3 boost16,2024-09-30,2024-10-31,SPMO,"XLU,SPMO,ITA",3
current_best momentum_sector bucket8% top3 boost16,2024-10-31,2024-11-30,MTUM,"XLU,XLF,XLI",3
current_best momentum_sector bucket8% top3 boost16,2024-11-30,2024-12-31,MTUM,"XAR,XLF,XLU",3
current_best momentum_sector bucket8% top3 boost16,2024-12-31,2025-01-31,SCHG,"XAR,SCHG,SPMO",3
current_best momentum_sector bucket8% top3 boost16,2025-01-31,2025-02-28,SPMO,"XLF,SPMO,MTUM",3
current_best momentum_sector bucket8% top3 boost16,2025-02-28,2025-03-31,SPMO,"XLF,XLE,XLP",3
current_best momentum_sector bucket8% top3 boost16,2025-03-31,2025-04-30,IEF,"EWJ,XLP",2
current_best momentum_sector bucket8% top3 boost16,2025-04-30,2025-05-31,EWJ,"EWJ,ITA,XAR",3
current_best momentum_sector bucket8% top3 boost16,2025-05-31,2025-06-30,SPMO,"ITA,XAR,SPMO",3
current_best momentum_sector bucket8% top3 boost16,2025-06-30,2025-07-31,EWY,"XAR,EWY,SMH",3
current_best momentum_sector bucket8% top3 boost16,2025-07-31,2025-08-31,XLK,"XAR,SMH,ITA",3
current_best momentum_sector bucket8% top3 boost16,2025-08-31,2025-09-30,SCHG,"ITA,SMH,XAR",3
current_best momentum_sector bucket8% top3 boost16,2025-09-30,2025-10-31,EWY,"SMH,EWY,XAR",3
current_best momentum_sector bucket8% top3 boost16,2025-10-31,2025-11-30,EWY,"EWY,SMH,XLK",3
current_best momentum_sector bucket8% top3 boost16,2025-11-30,2025-12-31,EWY,"XLV,SMH,EWY",3
current_best momentum_sector bucket8% top3 boost16,2025-12-31,2026-01-31,EWY,"EWY,XLV,XLF",3
current_best momentum_sector bucket8% top3 boost16,2026-01-31,2026-02-28,EWY,"EWY,SMH,XAR",3
current_best momentum_sector bucket8% top3 boost16,2026-02-28,2026-03-31,EWY,"EWY,XLE,EWJ",3
current_best momentum_sector bucket8% top3 boost16,2026-03-31,2026-04-29,BIL,"XLE,EWY,XLU",3
current_best momentum_sector bucket10% top1 boost16,2016-09-30,2016-10-31,EWY,SMH,1
current_best momentum_sector bucket10% top1 boost16,2016-10-31,2016-11-30,EWJ,SMH,1
current_best momentum_sector bucket10% top1 boost16,2016-11-30,2016-12-31,,XLF,1
current_best momentum_sector bucket10% top1 boost16,2016-12-31,2017-01-31,SPMO,XLF,1
current_best momentum_sector bucket10% top1 boost16,2017-01-31,2017-02-28,XLK,SMH,1
current_best momentum_sector bucket10% top1 boost16,2017-02-28,2017-03-31,SCHG,XAR,1
current_best momentum_sector bucket10% top1 boost16,2017-03-31,2017-04-30,INDA,EWY,1
current_best momentum_sector bucket10% top1 boost16,2017-04-30,2017-05-31,EWY,EWY,1
current_best momentum_sector bucket10% top1 boost16,2017-05-31,2017-06-30,EWY,SMH,1
current_best momentum_sector bucket10% top1 boost16,2017-06-30,2017-07-31,EWY,EWY,1
current_best momentum_sector bucket10% top1 boost16,2017-07-31,2017-08-31,INDA,INDA,1
current_best momentum_sector bucket10% top1 boost16,2017-08-31,2017-09-30,XLK,ITA,1
current_best momentum_sector bucket10% top1 boost16,2017-09-30,2017-10-31,MTUM,XAR,1
current_best momentum_sector bucket10% top1 boost16,2017-10-31,2017-11-30,XLK,SMH,1
current_best momentum_sector bucket10% top1 boost16,2017-11-30,2017-12-31,SPMO,SPMO,1
current_best momentum_sector bucket10% top1 boost16,2017-12-31,2018-01-31,SPMO,XLE,1
current_best momentum_sector bucket10% top1 boost16,2018-01-31,2018-02-28,SPMO,SPMO,1
current_best momentum_sector bucket10% top1 boost16,2018-02-28,2018-03-31,SPMO,ITA,1
current_best momentum_sector bucket10% top1 boost16,2018-03-31,2018-04-30,BIL,,0
current_best momentum_sector bucket10% top1 boost16,2018-04-30,2018-05-31,EWY,XLE,1
current_best momentum_sector bucket10% top1 boost16,2018-05-31,2018-06-30,XLK,XLK,1
current_best momentum_sector bucket10% top1 boost16,2018-06-30,2018-07-31,XLK,XLE,1
current_best momentum_sector bucket10% top1 boost16,2018-07-31,2018-08-31,SPMO,XLV,1
current_best momentum_sector bucket10% top1 boost16,2018-08-31,2018-09-30,XLK,XLK,1
current_best momentum_sector bucket10% top1 boost16,2018-09-30,2018-10-31,SPMO,XLV,1
current_best momentum_sector bucket10% top1 boost16,2018-10-31,2018-11-30,BIL,XLP,1
current_best momentum_sector bucket10% top1 boost16,2018-11-30,2018-12-31,IEF,XLV,1
current_best momentum_sector bucket10% top1 boost16,2018-12-31,2019-01-31,IEF,,0
current_best momentum_sector bucket10% top1 boost16,2019-01-31,2019-02-28,IEF,XLU,1
current_best momentum_sector bucket10% top1 boost16,2019-02-28,2019-03-31,SPMO,ITA,1
current_best momentum_sector bucket10% top1 boost16,2019-03-31,2019-04-30,XLK,XLK,1
current_best momentum_sector bucket10% top1 boost16,2019-04-30,2019-05-31,XLK,SMH,1
current_best momentum_sector bucket10% top1 boost16,2019-05-31,2019-06-30,INDA,INDA,1
current_best momentum_sector bucket10% top1 boost16,2019-06-30,2019-07-31,MTUM,XAR,1
current_best momentum_sector bucket10% top1 boost16,2019-07-31,2019-08-31,XLK,SMH,1
current_best momentum_sector bucket10% top1 boost16,2019-08-31,2019-09-30,IEF,XLU,1
current_best momentum_sector bucket10% top1 boost16,2019-09-30,2019-10-31,EWJ,XLU,1
current_best momentum_sector bucket10% top1 boost16,2019-10-31,2019-11-30,EWJ,SMH,1
current_best momentum_sector bucket10% top1 boost16,2019-11-30,2019-12-31,XLK,XLV,1
current_best momentum_sector bucket10% top1 boost16,2019-12-31,2020-01-31,XLK,SMH,1
current_best momentum_sector bucket10% top1 boost16,2020-01-31,2020-02-29,XLK,XLK,1
current_best momentum_sector bucket10% top1 boost16,2020-02-29,2020-03-31,IEF,,0
current_best momentum_sector bucket10% top1 boost16,2020-03-31,2020-04-30,IEF,,0
current_best momentum_sector bucket10% top1 boost16,2020-04-30,2020-05-31,IEF,,0
current_best momentum_sector bucket10% top1 boost16,2020-05-31,2020-06-30,SCHG,SCHG,1
current_best momentum_sector bucket10% top1 boost16,2020-06-30,2020-07-31,XLK,XLK,1
current_best momentum_sector bucket10% top1 boost16,2020-07-31,2020-08-31,XLK,SMH,1
current_best momentum_sector bucket10% top1 boost16,2020-08-31,2020-09-30,XLK,XLK,1
current_best momentum_sector bucket10% top1 boost16,2020-09-30,2020-10-31,XLK,SMH,1
current_best momentum_sector bucket10% top1 boost16,2020-10-31,2020-11-30,EWY,XLU,1
current_best momentum_sector bucket10% top1 boost16,2020-11-30,2020-12-31,EWY,SMH,1
current_best momentum_sector bucket10% top1 boost16,2020-12-31,2021-01-31,EWY,EWY,1
current_best momentum_sector bucket10% top1 boost16,2021-01-31,2021-02-28,EWY,SMH,1
current_best momentum_sector bucket10% top1 boost16,2021-02-28,2021-03-31,EWY,XLE,1
current_best momentum_sector bucket10% top1 boost16,2021-03-31,2021-04-30,XLK,SMH,1
current_best momentum_sector bucket10% top1 boost16,2021-04-30,2021-05-31,SCHG,XLF,1
current_best momentum_sector bucket10% top1 boost16,2021-05-31,2021-06-30,INDA,XLF,1
current_best momentum_sector bucket10% top1 boost16,2021-06-30,2021-07-31,SPMO,SPMO,1
current_best momentum_sector bucket10% top1 boost16,2021-07-31,2021-08-31,XLK,XLK,1
current_best momentum_sector bucket10% top1 boost16,2021-08-31,2021-09-30,INDA,INDA,1
current_best momentum_sector bucket10% top1 boost16,2021-09-30,2021-10-31,INDA,INDA,1
current_best momentum_sector bucket10% top1 boost16,2021-10-31,2021-11-30,SCHG,SCHG,1
current_best momentum_sector bucket10% top1 boost16,2021-11-30,2021-12-31,XLK,SMH,1
current_best momentum_sector bucket10% top1 boost16,2021-12-31,2022-01-31,XLK,SMH,1
current_best momentum_sector bucket10% top1 boost16,2022-01-31,2022-02-28,,XLE,1
current_best momentum_sector bucket10% top1 boost16,2022-02-28,2022-03-31,,XLE,1
current_best momentum_sector bucket10% top1 boost16,2022-03-31,2022-04-30,BIL,XLU,1
current_best momentum_sector bucket10% top1 boost16,2022-04-30,2022-05-31,BIL,XLE,1
current_best momentum_sector bucket10% top1 boost16,2022-05-31,2022-06-30,BIL,XLE,1
current_best momentum_sector bucket10% top1 boost16,2022-06-30,2022-07-31,BIL,,0
current_best momentum_sector bucket10% top1 boost16,2022-07-31,2022-08-31,BIL,XLP,1
current_best momentum_sector bucket10% top1 boost16,2022-08-31,2022-09-30,BIL,XLE,1
current_best momentum_sector bucket10% top1 boost16,2022-09-30,2022-10-31,BIL,,0
current_best momentum_sector bucket10% top1 boost16,2022-10-31,2022-11-30,MTUM,XLE,1
current_best momentum_sector bucket10% top1 boost16,2022-11-30,2022-12-31,MTUM,XLE,1
current_best momentum_sector bucket10% top1 boost16,2022-12-31,2023-01-31,BIL,ITA,1
current_best momentum_sector bucket10% top1 boost16,2023-01-31,2023-02-28,EWY,SMH,1
current_best momentum_sector bucket10% top1 boost16,2023-02-28,2023-03-31,XLK,XAR,1
current_best momentum_sector bucket10% top1 boost16,2023-03-31,2023-04-30,XLK,SMH,1
current_best momentum_sector bucket10% top1 boost16,2023-04-30,2023-05-31,XLK,XLK,1
current_best momentum_sector bucket10% top1 boost16,2023-05-31,2023-06-30,XLK,SMH,1
current_best momentum_sector bucket10% top1 boost16,2023-06-30,2023-07-31,XLK,XLK,1
current_best momentum_sector bucket10% top1 boost16,2023-07-31,2023-08-31,SCHG,SMH,1
current_best momentum_sector bucket10% top1 boost16,2023-08-31,2023-09-30,XLK,SMH,1
current_best momentum_sector bucket10% top1 boost16,2023-09-30,2023-10-31,SPMO,XLE,1
current_best momentum_sector bucket10% top1 boost16,2023-10-31,2023-11-30,BIL,,0
current_best momentum_sector bucket10% top1 boost16,2023-11-30,2023-12-31,XLK,XAR,1
current_best momentum_sector bucket10% top1 boost16,2023-12-31,2024-01-31,XLK,SMH,1
current_best momentum_sector bucket10% top1 boost16,2024-01-31,2024-02-29,SPMO,SMH,1
current_best momentum_sector bucket10% top1 boost16,2024-02-29,2024-03-31,SPMO,SMH,1
current_best momentum_sector bucket10% top1 boost16,2024-03-31,2024-04-30,SPMO,SPMO,1
current_best momentum_sector bucket10% top1 boost16,2024-04-30,2024-05-31,INDA,SMH,1
current_best momentum_sector bucket10% top1 boost16,2024-05-31,2024-06-30,SPMO,SMH,1
current_best momentum_sector bucket10% top1 boost16,2024-06-30,2024-07-31,SPMO,SMH,1
current_best momentum_sector bucket10% top1 boost16,2024-07-31,2024-08-31,INDA,ITA,1
current_best momentum_sector bucket10% top1 boost16,2024-08-31,2024-09-30,SPMO,XLU,1
current_best momentum_sector bucket10% top1 boost16,2024-09-30,2024-10-31,SPMO,XLU,1
current_best momentum_sector bucket10% top1 boost16,2024-10-31,2024-11-30,MTUM,XLU,1
current_best momentum_sector bucket10% top1 boost16,2024-11-30,2024-12-31,MTUM,XAR,1
current_best momentum_sector bucket10% top1 boost16,2024-12-31,2025-01-31,SCHG,XAR,1
current_best momentum_sector bucket10% top1 boost16,2025-01-31,2025-02-28,SPMO,XLF,1
current_best momentum_sector bucket10% top1 boost16,2025-02-28,2025-03-31,SPMO,XLF,1
current_best momentum_sector bucket10% top1 boost16,2025-03-31,2025-04-30,IEF,EWJ,1
current_best momentum_sector bucket10% top1 boost16,2025-04-30,2025-05-31,EWJ,EWJ,1
current_best momentum_sector bucket10% top1 boost16,2025-05-31,2025-06-30,SPMO,ITA,1
current_best momentum_sector bucket10% top1 boost16,2025-06-30,2025-07-31,EWY,XAR,1
current_best momentum_sector bucket10% top1 boost16,2025-07-31,2025-08-31,XLK,XAR,1
current_best momentum_sector bucket10% top1 boost16,2025-08-31,2025-09-30,SCHG,ITA,1
current_best momentum_sector bucket10% top1 boost16,2025-09-30,2025-10-31,EWY,SMH,1
current_best momentum_sector bucket10% top1 boost16,2025-10-31,2025-11-30,EWY,EWY,1
current_best momentum_sector bucket10% top1 boost16,2025-11-30,2025-12-31,EWY,XLV,1
current_best momentum_sector bucket10% top1 boost16,2025-12-31,2026-01-31,EWY,EWY,1
current_best momentum_sector bucket10% top1 boost16,2026-01-31,2026-02-28,EWY,EWY,1
current_best momentum_sector bucket10% top1 boost16,2026-02-28,2026-03-31,EWY,EWY,1
current_best momentum_sector bucket10% top1 boost16,2026-03-31,2026-04-29,BIL,XLE,1
current_best momentum_sector bucket10% top2 boost16,2016-09-30,2016-10-31,EWY,"SMH,EWY",2
current_best momentum_sector bucket10% top2 boost16,2016-10-31,2016-11-30,EWJ,"SMH,EWJ",2
current_best momentum_sector bucket10% top2 boost16,2016-11-30,2016-12-31,,"XLF,XAR",2
current_best momentum_sector bucket10% top2 boost16,2016-12-31,2017-01-31,SPMO,"XLF,SMH",2
current_best momentum_sector bucket10% top2 boost16,2017-01-31,2017-02-28,XLK,"SMH,XLF",2
current_best momentum_sector bucket10% top2 boost16,2017-02-28,2017-03-31,SCHG,"XAR,ITA",2
current_best momentum_sector bucket10% top2 boost16,2017-03-31,2017-04-30,INDA,"EWY,INDA",2
current_best momentum_sector bucket10% top2 boost16,2017-04-30,2017-05-31,EWY,"EWY,XLK",2
current_best momentum_sector bucket10% top2 boost16,2017-05-31,2017-06-30,EWY,"SMH,EWY",2
current_best momentum_sector bucket10% top2 boost16,2017-06-30,2017-07-31,EWY,"EWY,XLV",2
current_best momentum_sector bucket10% top2 boost16,2017-07-31,2017-08-31,INDA,"INDA,ITA",2
current_best momentum_sector bucket10% top2 boost16,2017-08-31,2017-09-30,XLK,"ITA,SMH",2
current_best momentum_sector bucket10% top2 boost16,2017-09-30,2017-10-31,MTUM,"XAR,ITA",2
current_best momentum_sector bucket10% top2 boost16,2017-10-31,2017-11-30,XLK,"SMH,XLK",2
current_best momentum_sector bucket10% top2 boost16,2017-11-30,2017-12-31,SPMO,"SPMO,MTUM",2
current_best momentum_sector bucket10% top2 boost16,2017-12-31,2018-01-31,SPMO,"XLE,SPMO",2
current_best momentum_sector bucket10% top2 boost16,2018-01-31,2018-02-28,SPMO,"SPMO,MTUM",2
current_best momentum_sector bucket10% top2 boost16,2018-02-28,2018-03-31,SPMO,"ITA,SPMO",2
current_best momentum_sector bucket10% top2 boost16,2018-03-31,2018-04-30,BIL,,0
current_best momentum_sector bucket10% top2 boost16,2018-04-30,2018-05-31,EWY,"XLE,EWY",2
current_best momentum_sector bucket10% top2 boost16,2018-05-31,2018-06-30,XLK,"XLK,SMH",2
current_best momentum_sector bucket10% top2 boost16,2018-06-30,2018-07-31,XLK,"XLE,XLK",2
current_best momentum_sector bucket10% top2 boost16,2018-07-31,2018-08-31,SPMO,"XLV,XAR",2
current_best momentum_sector bucket10% top2 boost16,2018-08-31,2018-09-30,XLK,"XLK,XLV",2
current_best momentum_sector bucket10% top2 boost16,2018-09-30,2018-10-31,SPMO,"XLV,XAR",2
current_best momentum_sector bucket10% top2 boost16,2018-10-31,2018-11-30,BIL,"XLP,XLU",2
current_best momentum_sector bucket10% top2 boost16,2018-11-30,2018-12-31,IEF,"XLV,XLU",2
current_best momentum_sector bucket10% top2 boost16,2018-12-31,2019-01-31,IEF,,0
current_best momentum_sector bucket10% top2 boost16,2019-01-31,2019-02-28,IEF,XLU,1
current_best momentum_sector bucket10% top2 boost16,2019-02-28,2019-03-31,SPMO,"ITA,XAR",2
current_best momentum_sector bucket10% top2 boost16,2019-03-31,2019-04-30,XLK,"XLK,SMH",2
current_best momentum_sector bucket10% top2 boost16,2019-04-30,2019-05-31,XLK,"SMH,XLK",2
current_best momentum_sector bucket10% top2 boost16,2019-05-31,2019-06-30,INDA,"INDA,XAR",2
current_best momentum_sector bucket10% top2 boost16,2019-06-30,2019-07-31,MTUM,"XAR,MTUM",2
current_best momentum_sector bucket10% top2 boost16,2019-07-31,2019-08-31,XLK,"SMH,XAR",2
current_best momentum_sector bucket10% top2 boost16,2019-08-31,2019-09-30,IEF,"XLU,XAR",2
current_best momentum_sector bucket10% top2 boost16,2019-09-30,2019-10-31,EWJ,"XLU,ITA",2
current_best momentum_sector bucket10% top2 boost16,2019-10-31,2019-11-30,EWJ,"SMH,EWJ",2
current_best momentum_sector bucket10% top2 boost16,2019-11-30,2019-12-31,XLK,"XLV,SMH",2
current_best momentum_sector bucket10% top2 boost16,2019-12-31,2020-01-31,XLK,"SMH,XLK",2
current_best momentum_sector bucket10% top2 boost16,2020-01-31,2020-02-29,XLK,"XLK,SCHG",2
current_best momentum_sector bucket10% top2 boost16,2020-02-29,2020-03-31,IEF,,0
current_best momentum_sector bucket10% top2 boost16,2020-03-31,2020-04-30,IEF,,0
current_best momentum_sector bucket10% top2 boost16,2020-04-30,2020-05-31,IEF,,0
current_best momentum_sector bucket10% top2 boost16,2020-05-31,2020-06-30,SCHG,"SCHG,XLK",2
current_best momentum_sector bucket10% top2 boost16,2020-06-30,2020-07-31,XLK,"XLK,SMH",2
current_best momentum_sector bucket10% top2 boost16,2020-07-31,2020-08-31,XLK,"SMH,XLK",2
current_best momentum_sector bucket10% top2 boost16,2020-08-31,2020-09-30,XLK,"XLK,SCHG",2
current_best momentum_sector bucket10% top2 boost16,2020-09-30,2020-10-31,XLK,"SMH,XLK",2
current_best momentum_sector bucket10% top2 boost16,2020-10-31,2020-11-30,EWY,"XLU,EWY",2
current_best momentum_sector bucket10% top2 boost16,2020-11-30,2020-12-31,EWY,"SMH,EWY",2
current_best momentum_sector bucket10% top2 boost16,2020-12-31,2021-01-31,EWY,"EWY,INDA",2
current_best momentum_sector bucket10% top2 boost16,2021-01-31,2021-02-28,EWY,"SMH,EWY",2
current_best momentum_sector bucket10% top2 boost16,2021-02-28,2021-03-31,EWY,"XLE,SMH",2
current_best momentum_sector bucket10% top2 boost16,2021-03-31,2021-04-30,XLK,"SMH,XLE",2
current_best momentum_sector bucket10% top2 boost16,2021-04-30,2021-05-31,SCHG,"XLF,XLI",2
current_best momentum_sector bucket10% top2 boost16,2021-05-31,2021-06-30,INDA,"XLF,ITA",2
current_best momentum_sector bucket10% top2 boost16,2021-06-30,2021-07-31,SPMO,"SPMO,SCHG",2
current_best momentum_sector bucket10% top2 boost16,2021-07-31,2021-08-31,XLK,"XLK,SCHG",2
current_best momentum_sector bucket10% top2 boost16,2021-08-31,2021-09-30,INDA,"INDA,XLK",2
current_best momentum_sector bucket10% top2 boost16,2021-09-30,2021-10-31,INDA,"INDA,XLE",2
current_best momentum_sector bucket10% top2 boost16,2021-10-31,2021-11-30,SCHG,"SCHG,MTUM",2
current_best momentum_sector bucket10% top2 boost16,2021-11-30,2021-12-31,XLK,"SMH,XLK",2
current_best momentum_sector bucket10% top2 boost16,2021-12-31,2022-01-31,XLK,"SMH,XLP",2
current_best momentum_sector bucket10% top2 boost16,2022-01-31,2022-02-28,,"XLE,XLP",2
current_best momentum_sector bucket10% top2 boost16,2022-02-28,2022-03-31,,"XLE,ITA",2
current_best momentum_sector bucket10% top2 boost16,2022-03-31,2022-04-30,BIL,"XLU,XLE",2
current_best momentum_sector bucket10% top2 boost16,2022-04-30,2022-05-31,BIL,"XLE,XLP",2
current_best momentum_sector bucket10% top2 boost16,2022-05-31,2022-06-30,BIL,"XLE,XLU",2
current_best momentum_sector bucket10% top2 boost16,2022-06-30,2022-07-31,BIL,,0
current_best momentum_sector bucket10% top2 boost16,2022-07-31,2022-08-31,BIL,XLP,1
current_best momentum_sector bucket10% top2 boost16,2022-08-31,2022-09-30,BIL,"XLE,XLU",2
current_best momentum_sector bucket10% top2 boost16,2022-09-30,2022-10-31,BIL,,0
current_best momentum_sector bucket10% top2 boost16,2022-10-31,2022-11-30,MTUM,"XLE,ITA",2
current_best momentum_sector bucket10% top2 boost16,2022-11-30,2022-12-31,MTUM,"XLE,XLI",2
current_best momentum_sector bucket10% top2 boost16,2022-12-31,2023-01-31,BIL,"ITA,XLI",2
current_best momentum_sector bucket10% top2 boost16,2023-01-31,2023-02-28,EWY,"SMH,XAR",2
current_best momentum_sector bucket10% top2 boost16,2023-02-28,2023-03-31,XLK,"XAR,SMH",2
current_best momentum_sector bucket10% top2 boost16,2023-03-31,2023-04-30,XLK,"SMH,XLK",2
current_best momentum_sector bucket10% top2 boost16,2023-04-30,2023-05-31,XLK,"XLK,SCHG",2
current_best momentum_sector bucket10% top2 boost16,2023-05-31,2023-06-30,XLK,"SMH,XLK",2
current_best momentum_sector bucket10% top2 boost16,2023-06-30,2023-07-31,XLK,"XLK,SMH",2
current_best momentum_sector bucket10% top2 boost16,2023-07-31,2023-08-31,SCHG,"SMH,SCHG",2
current_best momentum_sector bucket10% top2 boost16,2023-08-31,2023-09-30,XLK,"SMH,SCHG",2
current_best momentum_sector bucket10% top2 boost16,2023-09-30,2023-10-31,SPMO,"XLE,SPMO",2
current_best momentum_sector bucket10% top2 boost16,2023-10-31,2023-11-30,BIL,,0
current_best momentum_sector bucket10% top2 boost16,2023-11-30,2023-12-31,XLK,"XAR,XLK",2
current_best momentum_sector bucket10% top2 boost16,2023-12-31,2024-01-31,XLK,"SMH,XAR",2
current_best momentum_sector bucket10% top2 boost16,2024-01-31,2024-02-29,SPMO,"SMH,SPMO",2
current_best momentum_sector bucket10% top2 boost16,2024-02-29,2024-03-31,SPMO,"SMH,SPMO",2
current_best momentum_sector bucket10% top2 boost16,2024-03-31,2024-04-30,SPMO,"SPMO,SMH",2
current_best momentum_sector bucket10% top2 boost16,2024-04-30,2024-05-31,INDA,"SMH,XLE",2
current_best momentum_sector bucket10% top2 boost16,2024-05-31,2024-06-30,SPMO,"SMH,XLU",2
current_best momentum_sector bucket10% top2 boost16,2024-06-30,2024-07-31,SPMO,"SMH,SPMO",2
current_best momentum_sector bucket10% top2 boost16,2024-07-31,2024-08-31,INDA,"ITA,INDA",2
current_best momentum_sector bucket10% top2 boost16,2024-08-31,2024-09-30,SPMO,"XLU,XLF",2
current_best momentum_sector bucket10% top2 boost16,2024-09-30,2024-10-31,SPMO,"XLU,SPMO",2
current_best momentum_sector bucket10% top2 boost16,2024-10-31,2024-11-30,MTUM,"XLU,XLF",2
current_best momentum_sector bucket10% top2 boost16,2024-11-30,2024-12-31,MTUM,"XAR,XLF",2
current_best momentum_sector bucket10% top2 boost16,2024-12-31,2025-01-31,SCHG,"XAR,SCHG",2
current_best momentum_sector bucket10% top2 boost16,2025-01-31,2025-02-28,SPMO,"XLF,SPMO",2
current_best momentum_sector bucket10% top2 boost16,2025-02-28,2025-03-31,SPMO,"XLF,XLE",2
current_best momentum_sector bucket10% top2 boost16,2025-03-31,2025-04-30,IEF,"EWJ,XLP",2
current_best momentum_sector bucket10% top2 boost16,2025-04-30,2025-05-31,EWJ,"EWJ,ITA",2
current_best momentum_sector bucket10% top2 boost16,2025-05-31,2025-06-30,SPMO,"ITA,XAR",2
current_best momentum_sector bucket10% top2 boost16,2025-06-30,2025-07-31,EWY,"XAR,EWY",2
current_best momentum_sector bucket10% top2 boost16,2025-07-31,2025-08-31,XLK,"XAR,SMH",2
current_best momentum_sector bucket10% top2 boost16,2025-08-31,2025-09-30,SCHG,"ITA,SMH",2
current_best momentum_sector bucket10% top2 boost16,2025-09-30,2025-10-31,EWY,"SMH,EWY",2
current_best momentum_sector bucket10% top2 boost16,2025-10-31,2025-11-30,EWY,"EWY,SMH",2
current_best momentum_sector bucket10% top2 boost16,2025-11-30,2025-12-31,EWY,"XLV,SMH",2
current_best momentum_sector bucket10% top2 boost16,2025-12-31,2026-01-31,EWY,"EWY,XLV",2
current_best momentum_sector bucket10% top2 boost16,2026-01-31,2026-02-28,EWY,"EWY,SMH",2
current_best momentum_sector bucket10% top2 boost16,2026-02-28,2026-03-31,EWY,"EWY,XLE",2
current_best momentum_sector bucket10% top2 boost16,2026-03-31,2026-04-29,BIL,"XLE,EWY",2
current_best momentum_sector bucket10% top3 boost16,2016-09-30,2016-10-31,EWY,"SMH,EWY,XLK",3
current_best momentum_sector bucket10% top3 boost16,2016-10-31,2016-11-30,EWJ,"SMH,EWJ,XLK",3
current_best momentum_sector bucket10% top3 boost16,2016-11-30,2016-12-31,,"XLF,XAR,XLE",3
current_best momentum_sector bucket10% top3 boost16,2016-12-31,2017-01-31,SPMO,"XLF,SMH,XLE",3
current_best momentum_sector bucket10% top3 boost16,2017-01-31,2017-02-28,XLK,"SMH,XLF,EWY",3
current_best momentum_sector bucket10% top3 boost16,2017-02-28,2017-03-31,SCHG,"XAR,ITA,XLF",3
current_best momentum_sector bucket10% top3 boost16,2017-03-31,2017-04-30,INDA,"EWY,INDA,SMH",3
current_best momentum_sector bucket10% top3 boost16,2017-04-30,2017-05-31,EWY,"EWY,XLK,MTUM",3
current_best momentum_sector bucket10% top3 boost16,2017-05-31,2017-06-30,EWY,"SMH,EWY,MTUM",3
current_best momentum_sector bucket10% top3 boost16,2017-06-30,2017-07-31,EWY,"EWY,XLV,MTUM",3
current_best momentum_sector bucket10% top3 boost16,2017-07-31,2017-08-31,INDA,"INDA,ITA,MTUM",3
current_best momentum_sector bucket10% top3 boost16,2017-08-31,2017-09-30,XLK,"ITA,SMH,XAR",3
current_best momentum_sector bucket10% top3 boost16,2017-09-30,2017-10-31,MTUM,"XAR,ITA,SMH",3
current_best momentum_sector bucket10% top3 boost16,2017-10-31,2017-11-30,XLK,"SMH,XLK,SPMO",3
current_best momentum_sector bucket10% top3 boost16,2017-11-30,2017-12-31,SPMO,"SPMO,MTUM,SMH",3
current_best momentum_sector bucket10% top3 boost16,2017-12-31,2018-01-31,SPMO,"XLE,SPMO,ITA",3
current_best momentum_sector bucket10% top3 boost16,2018-01-31,2018-02-28,SPMO,"SPMO,MTUM,ITA",3
current_best momentum_sector bucket10% top3 boost16,2018-02-28,2018-03-31,SPMO,"ITA,SPMO,SMH",3
current_best momentum_sector bucket10% top3 boost16,2018-03-31,2018-04-30,BIL,,0
current_best momentum_sector bucket10% top3 boost16,2018-04-30,2018-05-31,EWY,"XLE,EWY",2
current_best momentum_sector bucket10% top3 boost16,2018-05-31,2018-06-30,XLK,"XLK,SMH,SPMO",3
current_best momentum_sector bucket10% top3 boost16,2018-06-30,2018-07-31,XLK,"XLE,XLK,SCHG",3
current_best momentum_sector bucket10% top3 boost16,2018-07-31,2018-08-31,SPMO,"XLV,XAR,XLE",3
current_best momentum_sector bucket10% top3 boost16,2018-08-31,2018-09-30,XLK,"XLK,XLV,SCHG",3
current_best momentum_sector bucket10% top3 boost16,2018-09-30,2018-10-31,SPMO,"XLV,XAR,ITA",3
current_best momentum_sector bucket10% top3 boost16,2018-10-31,2018-11-30,BIL,"XLP,XLU",2
current_best momentum_sector bucket10% top3 boost16,2018-11-30,2018-12-31,IEF,"XLV,XLU,XLP",3
current_best momentum_sector bucket10% top3 boost16,2018-12-31,2019-01-31,IEF,,0
current_best momentum_sector bucket10% top3 boost16,2019-01-31,2019-02-28,IEF,XLU,1
current_best momentum_sector bucket10% top3 boost16,2019-02-28,2019-03-31,SPMO,"ITA,XAR,SMH",3
current_best momentum_sector bucket10% top3 boost16,2019-03-31,2019-04-30,XLK,"XLK,SMH,SPMO",3
current_best momentum_sector bucket10% top3 boost16,2019-04-30,2019-05-31,XLK,"SMH,XLK,XAR",3
current_best momentum_sector bucket10% top3 boost16,2019-05-31,2019-06-30,INDA,"INDA,XAR,XLU",3
current_best momentum_sector bucket10% top3 boost16,2019-06-30,2019-07-31,MTUM,"XAR,MTUM,INDA",3
current_best momentum_sector bucket10% top3 boost16,2019-07-31,2019-08-31,XLK,"SMH,XAR,XLK",3
current_best momentum_sector bucket10% top3 boost16,2019-08-31,2019-09-30,IEF,"XLU,XAR,XLP",3
current_best momentum_sector bucket10% top3 boost16,2019-09-30,2019-10-31,EWJ,"XLU,ITA,XAR",3
current_best momentum_sector bucket10% top3 boost16,2019-10-31,2019-11-30,EWJ,"SMH,EWJ,XLK",3
current_best momentum_sector bucket10% top3 boost16,2019-11-30,2019-12-31,XLK,"XLV,SMH,XLK",3
current_best momentum_sector bucket10% top3 boost16,2019-12-31,2020-01-31,XLK,"SMH,XLK,EWY",3
current_best momentum_sector bucket10% top3 boost16,2020-01-31,2020-02-29,XLK,"XLK,SCHG,XLU",3
current_best momentum_sector bucket10% top3 boost16,2020-02-29,2020-03-31,IEF,,0
current_best momentum_sector bucket10% top3 boost16,2020-03-31,2020-04-30,IEF,,0
current_best momentum_sector bucket10% top3 boost16,2020-04-30,2020-05-31,IEF,,0
current_best momentum_sector bucket10% top3 boost16,2020-05-31,2020-06-30,SCHG,"SCHG,XLK,XLV",3
current_best momentum_sector bucket10% top3 boost16,2020-06-30,2020-07-31,XLK,"XLK,SMH,SCHG",3
current_best momentum_sector bucket10% top3 boost16,2020-07-31,2020-08-31,XLK,"SMH,XLK,INDA",3
current_best momentum_sector bucket10% top3 boost16,2020-08-31,2020-09-30,XLK,"XLK,SCHG,MTUM",3
current_best momentum_sector bucket10% top3 boost16,2020-09-30,2020-10-31,XLK,"SMH,XLK,EWY",3
current_best momentum_sector bucket10% top3 boost16,2020-10-31,2020-11-30,EWY,"XLU,EWY,EWJ",3
current_best momentum_sector bucket10% top3 boost16,2020-11-30,2020-12-31,EWY,"SMH,EWY,XAR",3
current_best momentum_sector bucket10% top3 boost16,2020-12-31,2021-01-31,EWY,"EWY,INDA,SMH",3
current_best momentum_sector bucket10% top3 boost16,2021-01-31,2021-02-28,EWY,"SMH,EWY,XAR",3
current_best momentum_sector bucket10% top3 boost16,2021-02-28,2021-03-31,EWY,"XLE,SMH,XLF",3
current_best momentum_sector bucket10% top3 boost16,2021-03-31,2021-04-30,XLK,"SMH,XLE,XLF",3
current_best momentum_sector bucket10% top3 boost16,2021-04-30,2021-05-31,SCHG,"XLF,XLI,XLU",3
current_best momentum_sector bucket10% top3 boost16,2021-05-31,2021-06-30,INDA,"XLF,ITA,XLI",3
current_best momentum_sector bucket10% top3 boost16,2021-06-30,2021-07-31,SPMO,"SPMO,SCHG,XLK",3
current_best momentum_sector bucket10% top3 boost16,2021-07-31,2021-08-31,XLK,"XLK,SCHG,XLV",3
current_best momentum_sector bucket10% top3 boost16,2021-08-31,2021-09-30,INDA,"INDA,XLK,SPMO",3
current_best momentum_sector bucket10% top3 boost16,2021-09-30,2021-10-31,INDA,"INDA,XLE,EWJ",3
current_best momentum_sector bucket10% top3 boost16,2021-10-31,2021-11-30,SCHG,"SCHG,MTUM,XLK",3
current_best momentum_sector bucket10% top3 boost16,2021-11-30,2021-12-31,XLK,"SMH,XLK,SCHG",3
current_best momentum_sector bucket10% top3 boost16,2021-12-31,2022-01-31,XLK,"SMH,XLP,XLK",3
current_best momentum_sector bucket10% top3 boost16,2022-01-31,2022-02-28,,"XLE,XLP,XLU",3
current_best momentum_sector bucket10% top3 boost16,2022-02-28,2022-03-31,,"XLE,ITA",2
current_best momentum_sector bucket10% top3 boost16,2022-03-31,2022-04-30,BIL,"XLU,XLE,ITA",3
current_best momentum_sector bucket10% top3 boost16,2022-04-30,2022-05-31,BIL,"XLE,XLP,XLU",3
current_best momentum_sector bucket10% top3 boost16,2022-05-31,2022-06-30,BIL,"XLE,XLU",2
current_best momentum_sector bucket10% top3 boost16,2022-06-30,2022-07-31,BIL,,0
current_best momentum_sector bucket10% top3 boost16,2022-07-31,2022-08-31,BIL,XLP,1
current_best momentum_sector bucket10% top3 boost16,2022-08-31,2022-09-30,BIL,"XLE,XLU",2
current_best momentum_sector bucket10% top3 boost16,2022-09-30,2022-10-31,BIL,,0
current_best momentum_sector bucket10% top3 boost16,2022-10-31,2022-11-30,MTUM,"XLE,ITA,SPMO",3
current_best momentum_sector bucket10% top3 boost16,2022-11-30,2022-12-31,MTUM,"XLE,XLI,ITA",3
current_best momentum_sector bucket10% top3 boost16,2022-12-31,2023-01-31,BIL,"ITA,XLI,XLV",3
current_best momentum_sector bucket10% top3 boost16,2023-01-31,2023-02-28,EWY,"SMH,XAR,EWY",3
current_best momentum_sector bucket10% top3 boost16,2023-02-28,2023-03-31,XLK,"XAR,SMH,ITA",3
current_best momentum_sector bucket10% top3 boost16,2023-03-31,2023-04-30,XLK,"SMH,XLK,SCHG",3
current_best momentum_sector bucket10% top3 boost16,2023-04-30,2023-05-31,XLK,"XLK,SCHG,EWJ",3
current_best momentum_sector bucket10% top3 boost16,2023-05-31,2023-06-30,XLK,"SMH,XLK,SCHG",3
current_best momentum_sector bucket10% top3 boost16,2023-06-30,2023-07-31,XLK,"XLK,SMH,SCHG",3
current_best momentum_sector bucket10% top3 boost16,2023-07-31,2023-08-31,SCHG,"SMH,SCHG,XLK",3
current_best momentum_sector bucket10% top3 boost16,2023-08-31,2023-09-30,XLK,"SMH,SCHG,XLK",3
current_best momentum_sector bucket10% top3 boost16,2023-09-30,2023-10-31,SPMO,"XLE,SPMO",2
current_best momentum_sector bucket10% top3 boost16,2023-10-31,2023-11-30,BIL,,0
current_best momentum_sector bucket10% top3 boost16,2023-11-30,2023-12-31,XLK,"XAR,XLK,SCHG",3
current_best momentum_sector bucket10% top3 boost16,2023-12-31,2024-01-31,XLK,"SMH,XAR,SPMO",3
current_best momentum_sector bucket10% top3 boost16,2024-01-31,2024-02-29,SPMO,"SMH,SPMO,MTUM",3
current_best momentum_sector bucket10% top3 boost16,2024-02-29,2024-03-31,SPMO,"SMH,SPMO,MTUM",3
current_best momentum_sector bucket10% top3 boost16,2024-03-31,2024-04-30,SPMO,"SPMO,SMH,XLF",3
current_best momentum_sector bucket10% top3 boost16,2024-04-30,2024-05-31,INDA,"SMH,XLE,INDA",3
current_best momentum_sector bucket10% top3 boost16,2024-05-31,2024-06-30,SPMO,"SMH,XLU,SPMO",3
current_best momentum_sector bucket10% top3 boost16,2024-06-30,2024-07-31,SPMO,"SMH,SPMO,XLK",3
current_best momentum_sector bucket10% top3 boost16,2024-07-31,2024-08-31,INDA,"ITA,INDA,XAR",3
current_best momentum_sector bucket10% top3 boost16,2024-08-31,2024-09-30,SPMO,"XLU,XLF,ITA",3
current_best momentum_sector bucket10% top3 boost16,2024-09-30,2024-10-31,SPMO,"XLU,SPMO,ITA",3
current_best momentum_sector bucket10% top3 boost16,2024-10-31,2024-11-30,MTUM,"XLU,XLF,XLI",3
current_best momentum_sector bucket10% top3 boost16,2024-11-30,2024-12-31,MTUM,"XAR,XLF,XLU",3
current_best momentum_sector bucket10% top3 boost16,2024-12-31,2025-01-31,SCHG,"XAR,SCHG,SPMO",3
current_best momentum_sector bucket10% top3 boost16,2025-01-31,2025-02-28,SPMO,"XLF,SPMO,MTUM",3
current_best momentum_sector bucket10% top3 boost16,2025-02-28,2025-03-31,SPMO,"XLF,XLE,XLP",3
current_best momentum_sector bucket10% top3 boost16,2025-03-31,2025-04-30,IEF,"EWJ,XLP",2
current_best momentum_sector bucket10% top3 boost16,2025-04-30,2025-05-31,EWJ,"EWJ,ITA,XAR",3
current_best momentum_sector bucket10% top3 boost16,2025-05-31,2025-06-30,SPMO,"ITA,XAR,SPMO",3
current_best momentum_sector bucket10% top3 boost16,2025-06-30,2025-07-31,EWY,"XAR,EWY,SMH",3
current_best momentum_sector bucket10% top3 boost16,2025-07-31,2025-08-31,XLK,"XAR,SMH,ITA",3
current_best momentum_sector bucket10% top3 boost16,2025-08-31,2025-09-30,SCHG,"ITA,SMH,XAR",3
current_best momentum_sector bucket10% top3 boost16,2025-09-30,2025-10-31,EWY,"SMH,EWY,XAR",3
current_best momentum_sector bucket10% top3 boost16,2025-10-31,2025-11-30,EWY,"EWY,SMH,XLK",3
current_best momentum_sector bucket10% top3 boost16,2025-11-30,2025-12-31,EWY,"XLV,SMH,EWY",3
current_best momentum_sector bucket10% top3 boost16,2025-12-31,2026-01-31,EWY,"EWY,XLV,XLF",3
current_best momentum_sector bucket10% top3 boost16,2026-01-31,2026-02-28,EWY,"EWY,SMH,XAR",3
current_best momentum_sector bucket10% top3 boost16,2026-02-28,2026-03-31,EWY,"EWY,XLE,EWJ",3
current_best momentum_sector bucket10% top3 boost16,2026-03-31,2026-04-29,BIL,"XLE,EWY,XLU",3
current_best momentum_country bucket5% top1 boost16,2016-09-30,2016-10-31,EWY,KWEB,1
current_best momentum_country bucket5% top1 boost16,2016-10-31,2016-11-30,EWJ,EWZ,1
current_best momentum_country bucket5% top1 boost16,2016-11-30,2016-12-31,,DXJ,1
current_best momentum_country bucket5% top1 boost16,2016-12-31,2017-01-31,SPMO,PAK,1
current_best momentum_country bucket5% top1 boost16,2017-01-31,2017-02-28,XLK,EPOL,1
current_best momentum_country bucket5% top1 boost16,2017-02-28,2017-03-31,SCHG,EPOL,1
current_best momentum_country bucket5% top1 boost16,2017-03-31,2017-04-30,INDA,ARGT,1
current_best momentum_country bucket5% top1 boost16,2017-04-30,2017-05-31,EWY,EPOL,1
current_best momentum_country bucket5% top1 boost16,2017-05-31,2017-06-30,EWY,TUR,1
current_best momentum_country bucket5% top1 boost16,2017-06-30,2017-07-31,EWY,GREK,1
current_best momentum_country bucket5% top1 boost16,2017-07-31,2017-08-31,INDA,KWEB,1
current_best momentum_country bucket5% top1 boost16,2017-08-31,2017-09-30,XLK,MCHI,1
current_best momentum_country bucket5% top1 boost16,2017-09-30,2017-10-31,MTUM,MCHI,1
current_best momentum_country bucket5% top1 boost16,2017-10-31,2017-11-30,XLK,EPU,1
current_best momentum_country bucket5% top1 boost16,2017-11-30,2017-12-31,SPMO,VNM,1
current_best momentum_country bucket5% top1 boost16,2017-12-31,2018-01-31,SPMO,VNM,1
current_best momentum_country bucket5% top1 boost16,2018-01-31,2018-02-28,SPMO,GREK,1
current_best momentum_country bucket5% top1 boost16,2018-02-28,2018-03-31,SPMO,VNM,1
current_best momentum_country bucket5% top1 boost16,2018-03-31,2018-04-30,BIL,EGPT,1
current_best momentum_country bucket5% top1 boost16,2018-04-30,2018-05-31,EWY,KSA,1
current_best momentum_country bucket5% top1 boost16,2018-05-31,2018-06-30,XLK,KSA,1
current_best momentum_country bucket5% top1 boost16,2018-06-30,2018-07-31,XLK,KSA,1
current_best momentum_country bucket5% top1 boost16,2018-07-31,2018-08-31,SPMO,QAT,1
current_best momentum_country bucket5% top1 boost16,2018-08-31,2018-09-30,XLK,EIS,1
current_best momentum_country bucket5% top1 boost16,2018-09-30,2018-10-31,SPMO,QAT,1
current_best momentum_country bucket5% top1 boost16,2018-10-31,2018-11-30,BIL,QAT,1
current_best momentum_country bucket5% top1 boost16,2018-11-30,2018-12-31,IEF,QAT,1
current_best momentum_country bucket5% top1 boost16,2018-12-31,2019-01-31,IEF,EIDO,1
current_best momentum_country bucket5% top1 boost16,2019-01-31,2019-02-28,IEF,EWZ,1
current_best momentum_country bucket5% top1 boost16,2019-02-28,2019-03-31,SPMO,KWEB,1
current_best momentum_country bucket5% top1 boost16,2019-03-31,2019-04-30,XLK,XLK,1
current_best momentum_country bucket5% top1 boost16,2019-04-30,2019-05-31,XLK,XLK,1
current_best momentum_country bucket5% top1 boost16,2019-05-31,2019-06-30,INDA,GREK,1
current_best momentum_country bucket5% top1 boost16,2019-06-30,2019-07-31,MTUM,ARGT,1
current_best momentum_country bucket5% top1 boost16,2019-07-31,2019-08-31,XLK,GREK,1
current_best momentum_country bucket5% top1 boost16,2019-08-31,2019-09-30,IEF,EGPT,1
current_best momentum_country bucket5% top1 boost16,2019-09-30,2019-10-31,EWJ,TUR,1
current_best momentum_country bucket5% top1 boost16,2019-10-31,2019-11-30,EWJ,EWT,1
current_best momentum_country bucket5% top1 boost16,2019-11-30,2019-12-31,XLK,PAK,1
current_best momentum_country bucket5% top1 boost16,2019-12-31,2020-01-31,XLK,EWZ,1
current_best momentum_country bucket5% top1 boost16,2020-01-31,2020-02-29,XLK,XLK,1
current_best momentum_country bucket5% top1 boost16,2020-02-29,2020-03-31,IEF,,0
current_best momentum_country bucket5% top1 boost16,2020-03-31,2020-04-30,IEF,,0
current_best momentum_country bucket5% top1 boost16,2020-04-30,2020-05-31,IEF,,0
current_best momentum_country bucket5% top1 boost16,2020-05-31,2020-06-30,SCHG,EDEN,1
current_best momentum_country bucket5% top1 boost16,2020-06-30,2020-07-31,XLK,KWEB,1
current_best momentum_country bucket5% top1 boost16,2020-07-31,2020-08-31,XLK,ARGT,1
current_best momentum_country bucket5% top1 boost16,2020-08-31,2020-09-30,XLK,XLK,1
current_best momentum_country bucket5% top1 boost16,2020-09-30,2020-10-31,XLK,XLK,1
current_best momentum_country bucket5% top1 boost16,2020-10-31,2020-11-30,EWY,MCHI,1
current_best momentum_country bucket5% top1 boost16,2020-11-30,2020-12-31,EWY,EWY,1
current_best momentum_country bucket5% top1 boost16,2020-12-31,2021-01-31,EWY,GXG,1
current_best momentum_country bucket5% top1 boost16,2021-01-31,2021-02-28,EWY,KWEB,1
current_best momentum_country bucket5% top1 boost16,2021-02-28,2021-03-31,EWY,EWT,1
current_best momentum_country bucket5% top1 boost16,2021-03-31,2021-04-30,XLK,EWT,1
current_best momentum_country bucket5% top1 boost16,2021-04-30,2021-05-31,SCHG,KSA,1
current_best momentum_country bucket5% top1 boost16,2021-05-31,2021-06-30,INDA,EPOL,1
current_best momentum_country bucket5% top1 boost16,2021-06-30,2021-07-31,SPMO,VNM,1
current_best momentum_country bucket5% top1 boost16,2021-07-31,2021-08-31,XLK,EDEN,1
current_best momentum_country bucket5% top1 boost16,2021-08-31,2021-09-30,INDA,ARGT,1
current_best momentum_country bucket5% top1 boost16,2021-09-30,2021-10-31,INDA,EPI,1
current_best momentum_country bucket5% top1 boost16,2021-10-31,2021-11-30,SCHG,SCHG,1
current_best momentum_country bucket5% top1 boost16,2021-11-30,2021-12-31,XLK,UAE,1
current_best momentum_country bucket5% top1 boost16,2021-12-31,2022-01-31,XLK,EGPT,1
current_best momentum_country bucket5% top1 boost16,2022-01-31,2022-02-28,,EPU,1
current_best momentum_country bucket5% top1 boost16,2022-02-28,2022-03-31,,EPU,1
current_best momentum_country bucket5% top1 boost16,2022-03-31,2022-04-30,BIL,EWZ,1
current_best momentum_country bucket5% top1 boost16,2022-04-30,2022-05-31,BIL,KSA,1
current_best momentum_country bucket5% top1 boost16,2022-05-31,2022-06-30,BIL,ECH,1
current_best momentum_country bucket5% top1 boost16,2022-06-30,2022-07-31,BIL,,0
current_best momentum_country bucket5% top1 boost16,2022-07-31,2022-08-31,BIL,DXJ,1
current_best momentum_country bucket5% top1 boost16,2022-08-31,2022-09-30,BIL,ECH,1
current_best momentum_country bucket5% top1 boost16,2022-09-30,2022-10-31,BIL,TUR,1
current_best momentum_country bucket5% top1 boost16,2022-10-31,2022-11-30,MTUM,TUR,1
current_best momentum_country bucket5% top1 boost16,2022-11-30,2022-12-31,MTUM,TUR,1
current_best momentum_country bucket5% top1 boost16,2022-12-31,2023-01-31,BIL,TUR,1
current_best momentum_country bucket5% top1 boost16,2023-01-31,2023-02-28,EWY,ARGT,1
current_best momentum_country bucket5% top1 boost16,2023-02-28,2023-03-31,XLK,GREK,1
current_best momentum_country bucket5% top1 boost16,2023-03-31,2023-04-30,XLK,XLK,1
current_best momentum_country bucket5% top1 boost16,2023-04-30,2023-05-31,XLK,EIRL,1
current_best momentum_country bucket5% top1 boost16,2023-05-31,2023-06-30,XLK,GREK,1
current_best momentum_country bucket5% top1 boost16,2023-06-30,2023-07-31,XLK,XLK,1
current_best momentum_country bucket5% top1 boost16,2023-07-31,2023-08-31,SCHG,EPOL,1
current_best momentum_country bucket5% top1 boost16,2023-08-31,2023-09-30,XLK,VNM,1
current_best momentum_country bucket5% top1 boost16,2023-09-30,2023-10-31,SPMO,EGPT,1
current_best momentum_country bucket5% top1 boost16,2023-10-31,2023-11-30,BIL,EGPT,1
current_best momentum_country bucket5% top1 boost16,2023-11-30,2023-12-31,XLK,PAK,1
current_best momentum_country bucket5% top1 boost16,2023-12-31,2024-01-31,XLK,EWD,1
current_best momentum_country bucket5% top1 boost16,2024-01-31,2024-02-29,SPMO,EGPT,1
current_best momentum_country bucket5% top1 boost16,2024-02-29,2024-03-31,SPMO,EIS,1
current_best momentum_country bucket5% top1 boost16,2024-03-31,2024-04-30,SPMO,EPU,1
current_best momentum_country bucket5% top1 boost16,2024-04-30,2024-05-31,INDA,EPU,1
current_best momentum_country bucket5% top1 boost16,2024-05-31,2024-06-30,SPMO,EPU,1
current_best momentum_country bucket5% top1 boost16,2024-06-30,2024-07-31,SPMO,EWT,1
current_best momentum_country bucket5% top1 boost16,2024-07-31,2024-08-31,INDA,EPI,1
current_best momentum_country bucket5% top1 boost16,2024-08-31,2024-09-30,SPMO,EWM,1
current_best momentum_country bucket5% top1 boost16,2024-09-30,2024-10-31,SPMO,KWEB,1
current_best momentum_country bucket5% top1 boost16,2024-10-31,2024-11-30,MTUM,ARGT,1
current_best momentum_country bucket5% top1 boost16,2024-11-30,2024-12-31,MTUM,ARGT,1
current_best momentum_country bucket5% top1 boost16,2024-12-31,2025-01-31,SCHG,ARGT,1
current_best momentum_country bucket5% top1 boost16,2025-01-31,2025-02-28,SPMO,GXG,1
current_best momentum_country bucket5% top1 boost16,2025-02-28,2025-03-31,SPMO,GXG,1
current_best momentum_country bucket5% top1 boost16,2025-03-31,2025-04-30,IEF,EPOL,1
current_best momentum_country bucket5% top1 boost16,2025-04-30,2025-05-31,EWJ,GREK,1
current_best momentum_country bucket5% top1 boost16,2025-05-31,2025-06-30,SPMO,GREK,1
current_best momentum_country bucket5% top1 boost16,2025-06-30,2025-07-31,EWY,GREK,1
current_best momentum_country bucket5% top1 boost16,2025-07-31,2025-08-31,XLK,VNM,1
current_best momentum_country bucket5% top1 boost16,2025-08-31,2025-09-30,SCHG,VNM,1
current_best momentum_country bucket5% top1 boost16,2025-09-30,2025-10-31,EWY,EPU,1
current_best momentum_country bucket5% top1 boost16,2025-10-31,2025-11-30,EWY,EWY,1
current_best momentum_country bucket5% top1 boost16,2025-11-30,2025-12-31,EWY,EPU,1
current_best momentum_country bucket5% top1 boost16,2025-12-31,2026-01-31,EWY,EPU,1
current_best momentum_country bucket5% top1 boost16,2026-01-31,2026-02-28,EWY,EWY,1
current_best momentum_country bucket5% top1 boost16,2026-02-28,2026-03-31,EWY,EWY,1
current_best momentum_country bucket5% top1 boost16,2026-03-31,2026-04-29,BIL,NORW,1
current_best momentum_country bucket5% top2 boost16,2016-09-30,2016-10-31,EWY,"KWEB,EWT",2
current_best momentum_country bucket5% top2 boost16,2016-10-31,2016-11-30,EWJ,"EWZ,ECH",2
current_best momentum_country bucket5% top2 boost16,2016-11-30,2016-12-31,,"DXJ,KSA",2
current_best momentum_country bucket5% top2 boost16,2016-12-31,2017-01-31,SPMO,"PAK,KSA",2
current_best momentum_country bucket5% top2 boost16,2017-01-31,2017-02-28,XLK,"EPOL,EWZ",2
current_best momentum_country bucket5% top2 boost16,2017-02-28,2017-03-31,SCHG,"EPOL,SCHG",2
current_best momentum_country bucket5% top2 boost16,2017-03-31,2017-04-30,INDA,"ARGT,EPI",2
current_best momentum_country bucket5% top2 boost16,2017-04-30,2017-05-31,EWY,"EPOL,KWEB",2
current_best momentum_country bucket5% top2 boost16,2017-05-31,2017-06-30,EWY,"TUR,EDEN",2
current_best momentum_country bucket5% top2 boost16,2017-06-30,2017-07-31,EWY,"GREK,EWI",2
current_best momentum_country bucket5% top2 boost16,2017-07-31,2017-08-31,INDA,"KWEB,TUR",2
current_best momentum_country bucket5% top2 boost16,2017-08-31,2017-09-30,XLK,"MCHI,EPOL",2
current_best momentum_country bucket5% top2 boost16,2017-09-30,2017-10-31,MTUM,"MCHI,THD",2
current_best momentum_country bucket5% top2 boost16,2017-10-31,2017-11-30,XLK,"EPU,XLK",2
current_best momentum_country bucket5% top2 boost16,2017-11-30,2017-12-31,SPMO,"VNM,EGPT",2
current_best momentum_country bucket5% top2 boost16,2017-12-31,2018-01-31,SPMO,"VNM,ARGT",2
current_best momentum_country bucket5% top2 boost16,2018-01-31,2018-02-28,SPMO,"GREK,VNM",2
current_best momentum_country bucket5% top2 boost16,2018-02-28,2018-03-31,SPMO,"VNM,THD",2
current_best momentum_country bucket5% top2 boost16,2018-03-31,2018-04-30,BIL,"EGPT,KSA",2
current_best momentum_country bucket5% top2 boost16,2018-04-30,2018-05-31,EWY,"KSA,EGPT",2
current_best momentum_country bucket5% top2 boost16,2018-05-31,2018-06-30,XLK,"KSA,XLK",2
current_best momentum_country bucket5% top2 boost16,2018-06-30,2018-07-31,XLK,"KSA,SCHG",2
current_best momentum_country bucket5% top2 boost16,2018-07-31,2018-08-31,SPMO,"QAT,INDA",2
current_best momentum_country bucket5% top2 boost16,2018-08-31,2018-09-30,XLK,"EIS,XLK",2
current_best momentum_country bucket5% top2 boost16,2018-09-30,2018-10-31,SPMO,"QAT,DXJ",2
current_best momentum_country bucket5% top2 boost16,2018-10-31,2018-11-30,BIL,"QAT,EWZ",2
current_best momentum_country bucket5% top2 boost16,2018-11-30,2018-12-31,IEF,"QAT,EIDO",2
current_best momentum_country bucket5% top2 boost16,2018-12-31,2019-01-31,IEF,"EIDO,EWZ",2
current_best momentum_country bucket5% top2 boost16,2019-01-31,2019-02-28,IEF,"EWZ,KSA",2
current_best momentum_country bucket5% top2 boost16,2019-02-28,2019-03-31,SPMO,"KWEB,ARGT",2
current_best momentum_country bucket5% top2 boost16,2019-03-31,2019-04-30,XLK,"XLK,GREK",2
current_best momentum_country bucket5% top2 boost16,2019-04-30,2019-05-31,XLK,"XLK,KSA",2
current_best momentum_country bucket5% top2 boost16,2019-05-31,2019-06-30,INDA,"GREK,INDA",2
current_best momentum_country bucket5% top2 boost16,2019-06-30,2019-07-31,MTUM,"ARGT,GREK",2
current_best momentum_country bucket5% top2 boost16,2019-07-31,2019-08-31,XLK,"GREK,XLK",2
current_best momentum_country bucket5% top2 boost16,2019-08-31,2019-09-30,IEF,"EGPT,XLK",2
current_best momentum_country bucket5% top2 boost16,2019-09-30,2019-10-31,EWJ,"TUR,EWJ",2
current_best momentum_country bucket5% top2 boost16,2019-10-31,2019-11-30,EWJ,"EWT,DXJ",2
current_best momentum_country bucket5% top2 boost16,2019-11-30,2019-12-31,XLK,"PAK,XLK",2
current_best momentum_country bucket5% top2 boost16,2019-12-31,2020-01-31,XLK,"EWZ,EWT",2
current_best momentum_country bucket5% top2 boost16,2020-01-31,2020-02-29,XLK,"XLK,EDEN",2
current_best momentum_country bucket5% top2 boost16,2020-02-29,2020-03-31,IEF,,0
current_best momentum_country bucket5% top2 boost16,2020-03-31,2020-04-30,IEF,,0
current_best momentum_country bucket5% top2 boost16,2020-04-30,2020-05-31,IEF,,0
current_best momentum_country bucket5% top2 boost16,2020-05-31,2020-06-30,SCHG,"EDEN,SCHG",2
current_best momentum_country bucket5% top2 boost16,2020-06-30,2020-07-31,XLK,"KWEB,XLK",2
current_best momentum_country bucket5% top2 boost16,2020-07-31,2020-08-31,XLK,"ARGT,EWT",2
current_best momentum_country bucket5% top2 boost16,2020-08-31,2020-09-30,XLK,"XLK,SCHG",2
current_best momentum_country bucket5% top2 boost16,2020-09-30,2020-10-31,XLK,"XLK,EWY",2
current_best momentum_country bucket5% top2 boost16,2020-10-31,2020-11-30,EWY,"MCHI,KWEB",2
current_best momentum_country bucket5% top2 boost16,2020-11-30,2020-12-31,EWY,"EWY,EWW",2
current_best momentum_country bucket5% top2 boost16,2020-12-31,2021-01-31,EWY,"GXG,EWY",2
current_best momentum_country bucket5% top2 boost16,2021-01-31,2021-02-28,EWY,"KWEB,EWT",2
current_best momentum_country bucket5% top2 boost16,2021-02-28,2021-03-31,EWY,"EWT,EPI",2
current_best momentum_country bucket5% top2 boost16,2021-03-31,2021-04-30,XLK,"EWT,KSA",2
current_best momentum_country bucket5% top2 boost16,2021-04-30,2021-05-31,SCHG,"KSA,EWT",2
current_best momentum_country bucket5% top2 boost16,2021-05-31,2021-06-30,INDA,"EPOL,EWC",2
current_best momentum_country bucket5% top2 boost16,2021-06-30,2021-07-31,SPMO,"VNM,EWZ",2
current_best momentum_country bucket5% top2 boost16,2021-07-31,2021-08-31,XLK,"EDEN,XLK",2
current_best momentum_country bucket5% top2 boost16,2021-08-31,2021-09-30,INDA,"ARGT,INDA",2
current_best momentum_country bucket5% top2 boost16,2021-09-30,2021-10-31,INDA,"EPI,INDA",2
current_best momentum_country bucket5% top2 boost16,2021-10-31,2021-11-30,SCHG,"SCHG,XLK",2
current_best momentum_country bucket5% top2 boost16,2021-11-30,2021-12-31,XLK,"UAE,XLK",2
current_best momentum_country bucket5% top2 boost16,2021-12-31,2022-01-31,XLK,"EGPT,VNM",2
current_best momentum_country bucket5% top2 boost16,2022-01-31,2022-02-28,,"EPU,KSA",2
current_best momentum_country bucket5% top2 boost16,2022-02-28,2022-03-31,,"EPU,UAE",2
current_best momentum_country bucket5% top2 boost16,2022-03-31,2022-04-30,BIL,"EWZ,EWW",2
current_best momentum_country bucket5% top2 boost16,2022-04-30,2022-05-31,BIL,"KSA,UAE",2
current_best momentum_country bucket5% top2 boost16,2022-05-31,2022-06-30,BIL,"ECH,EIDO",2
current_best momentum_country bucket5% top2 boost16,2022-06-30,2022-07-31,BIL,,0
current_best momentum_country bucket5% top2 boost16,2022-07-31,2022-08-31,BIL,DXJ,1
current_best momentum_country bucket5% top2 boost16,2022-08-31,2022-09-30,BIL,"ECH,TUR",2
current_best momentum_country bucket5% top2 boost16,2022-09-30,2022-10-31,BIL,TUR,1
current_best momentum_country bucket5% top2 boost16,2022-10-31,2022-11-30,MTUM,"TUR,EWW",2
current_best momentum_country bucket5% top2 boost16,2022-11-30,2022-12-31,MTUM,"TUR,EWI",2
current_best momentum_country bucket5% top2 boost16,2022-12-31,2023-01-31,BIL,"TUR,EPOL",2
current_best momentum_country bucket5% top2 boost16,2023-01-31,2023-02-28,EWY,"ARGT,GREK",2
current_best momentum_country bucket5% top2 boost16,2023-02-28,2023-03-31,XLK,"GREK,ARGT",2
current_best momentum_country bucket5% top2 boost16,2023-03-31,2023-04-30,XLK,"XLK,EDEN",2
current_best momentum_country bucket5% top2 boost16,2023-04-30,2023-05-31,XLK,"EIRL,EPOL",2
current_best momentum_country bucket5% top2 boost16,2023-05-31,2023-06-30,XLK,"GREK,XLK",2
current_best momentum_country bucket5% top2 boost16,2023-06-30,2023-07-31,XLK,"XLK,GREK",2
current_best momentum_country bucket5% top2 boost16,2023-07-31,2023-08-31,SCHG,"EPOL,VNM",2
current_best momentum_country bucket5% top2 boost16,2023-08-31,2023-09-30,XLK,"VNM,TUR",2
current_best momentum_country bucket5% top2 boost16,2023-09-30,2023-10-31,SPMO,"EGPT,DXJ",2
current_best momentum_country bucket5% top2 boost16,2023-10-31,2023-11-30,BIL,"EGPT,PAK",2
current_best momentum_country bucket5% top2 boost16,2023-11-30,2023-12-31,XLK,"PAK,ARGT",2
current_best momentum_country bucket5% top2 boost16,2023-12-31,2024-01-31,XLK,"EWD,EWZ",2
current_best momentum_country bucket5% top2 boost16,2024-01-31,2024-02-29,SPMO,"EGPT,SPMO",2
current_best momentum_country bucket5% top2 boost16,2024-02-29,2024-03-31,SPMO,"EIS,SPMO",2
current_best momentum_country bucket5% top2 boost16,2024-03-31,2024-04-30,SPMO,"EPU,DXJ",2
current_best momentum_country bucket5% top2 boost16,2024-04-30,2024-05-31,INDA,"EPU,TUR",2
current_best momentum_country bucket5% top2 boost16,2024-05-31,2024-06-30,SPMO,"EPU,TUR",2
current_best momentum_country bucket5% top2 boost16,2024-06-30,2024-07-31,SPMO,"EWT,SPMO",2
current_best momentum_country bucket5% top2 boost16,2024-07-31,2024-08-31,INDA,"EPI,EZA",2
current_best momentum_country bucket5% top2 boost16,2024-08-31,2024-09-30,SPMO,"EWM,ARGT",2
current_best momentum_country bucket5% top2 boost16,2024-09-30,2024-10-31,SPMO,"KWEB,EZA",2
current_best momentum_country bucket5% top2 boost16,2024-10-31,2024-11-30,MTUM,"ARGT,EZA",2
current_best momentum_country bucket5% top2 boost16,2024-11-30,2024-12-31,MTUM,"ARGT,EIS",2
current_best momentum_country bucket5% top2 boost16,2024-12-31,2025-01-31,SCHG,"ARGT,EIS",2
current_best momentum_country bucket5% top2 boost16,2025-01-31,2025-02-28,SPMO,"GXG,EIS",2
current_best momentum_country bucket5% top2 boost16,2025-02-28,2025-03-31,SPMO,"GXG,EPOL",2
current_best momentum_country bucket5% top2 boost16,2025-03-31,2025-04-30,IEF,"EPOL,GREK",2
current_best momentum_country bucket5% top2 boost16,2025-04-30,2025-05-31,EWJ,"GREK,EWP",2
current_best momentum_country bucket5% top2 boost16,2025-05-31,2025-06-30,SPMO,"GREK,EWP",2
current_best momentum_country bucket5% top2 boost16,2025-06-30,2025-07-31,EWY,"GREK,EWY",2
current_best momentum_country bucket5% top2 boost16,2025-07-31,2025-08-31,XLK,"VNM,UAE",2
current_best momentum_country bucket5% top2 boost16,2025-08-31,2025-09-30,SCHG,"VNM,EPU",2
current_best momentum_country bucket5% top2 boost16,2025-09-30,2025-10-31,EWY,"EPU,EZA",2
current_best momentum_country bucket5% top2 boost16,2025-10-31,2025-11-30,EWY,"EWY,GXG",2
current_best momentum_country bucket5% top2 boost16,2025-11-30,2025-12-31,EWY,"EPU,ECH",2
current_best momentum_country bucket5% top2 boost16,2025-12-31,2026-01-31,EWY,"EPU,EZA",2
current_best momentum_country bucket5% top2 boost16,2026-01-31,2026-02-28,EWY,"EWY,EPU",2
current_best momentum_country bucket5% top2 boost16,2026-02-28,2026-03-31,EWY,"EWY,EPU",2
current_best momentum_country bucket5% top2 boost16,2026-03-31,2026-04-29,BIL,"NORW,EWZ",2
current_best momentum_country bucket5% top3 boost16,2016-09-30,2016-10-31,EWY,"KWEB,EWT,ARGT",3
current_best momentum_country bucket5% top3 boost16,2016-10-31,2016-11-30,EWJ,"EWZ,ECH,DXJ",3
current_best momentum_country bucket5% top3 boost16,2016-11-30,2016-12-31,,"DXJ,KSA,GREK",3
current_best momentum_country bucket5% top3 boost16,2016-12-31,2017-01-31,SPMO,"PAK,KSA,EWI",3
current_best momentum_country bucket5% top3 boost16,2017-01-31,2017-02-28,XLK,"EPOL,EWZ,ARGT",3
current_best momentum_country bucket5% top3 boost16,2017-02-28,2017-03-31,SCHG,"EPOL,SCHG,XLK",3
current_best momentum_country bucket5% top3 boost16,2017-03-31,2017-04-30,INDA,"ARGT,EPI,EWP",3
current_best momentum_country bucket5% top3 boost16,2017-04-30,2017-05-31,EWY,"EPOL,KWEB,EWP",3
current_best momentum_country bucket5% top3 boost16,2017-05-31,2017-06-30,EWY,"TUR,EDEN,EWY",3
current_best momentum_country bucket5% top3 boost16,2017-06-30,2017-07-31,EWY,"GREK,EWI,TUR",3
current_best momentum_country bucket5% top3 boost16,2017-07-31,2017-08-31,INDA,"KWEB,TUR,MCHI",3
current_best momentum_country bucket5% top3 boost16,2017-08-31,2017-09-30,XLK,"MCHI,EPOL,KWEB",3
current_best momentum_country bucket5% top3 boost16,2017-09-30,2017-10-31,MTUM,"MCHI,THD,EWI",3
current_best momentum_country bucket5% top3 boost16,2017-10-31,2017-11-30,XLK,"EPU,XLK,EGPT",3
current_best momentum_country bucket5% top3 boost16,2017-11-30,2017-12-31,SPMO,"VNM,EGPT,SPMO",3
current_best momentum_country bucket5% top3 boost16,2017-12-31,2018-01-31,SPMO,"VNM,ARGT,EZA",3
current_best momentum_country bucket5% top3 boost16,2018-01-31,2018-02-28,SPMO,"GREK,VNM,ARGT",3
current_best momentum_country bucket5% top3 boost16,2018-02-28,2018-03-31,SPMO,"VNM,THD,KWEB",3
current_best momentum_country bucket5% top3 boost16,2018-03-31,2018-04-30,BIL,"EGPT,KSA,EWM",3
current_best momentum_country bucket5% top3 boost16,2018-04-30,2018-05-31,EWY,"KSA,EGPT,EPU",3
current_best momentum_country bucket5% top3 boost16,2018-05-31,2018-06-30,XLK,"KSA,XLK,QAT",3
current_best momentum_country bucket5% top3 boost16,2018-06-30,2018-07-31,XLK,"KSA,SCHG,XLK",3
current_best momentum_country bucket5% top3 boost16,2018-07-31,2018-08-31,SPMO,"QAT,INDA,EIS",3
current_best momentum_country bucket5% top3 boost16,2018-08-31,2018-09-30,XLK,"EIS,XLK,SCHG",3
current_best momentum_country bucket5% top3 boost16,2018-09-30,2018-10-31,SPMO,"QAT,DXJ,XLK",3
current_best momentum_country bucket5% top3 boost16,2018-10-31,2018-11-30,BIL,"QAT,EWZ",2
current_best momentum_country bucket5% top3 boost16,2018-11-30,2018-12-31,IEF,"QAT,EIDO,EWZ",3
current_best momentum_country bucket5% top3 boost16,2018-12-31,2019-01-31,IEF,"EIDO,EWZ,QAT",3
current_best momentum_country bucket5% top3 boost16,2019-01-31,2019-02-28,IEF,"EWZ,KSA,TUR",3
current_best momentum_country bucket5% top3 boost16,2019-02-28,2019-03-31,SPMO,"KWEB,ARGT,GXG",3
current_best momentum_country bucket5% top3 boost16,2019-03-31,2019-04-30,XLK,"XLK,GREK,MCHI",3
current_best momentum_country bucket5% top3 boost16,2019-04-30,2019-05-31,XLK,"XLK,KSA,SCHG",3
current_best momentum_country bucket5% top3 boost16,2019-05-31,2019-06-30,INDA,"GREK,INDA,EPI",3
current_best momentum_country bucket5% top3 boost16,2019-06-30,2019-07-31,MTUM,"ARGT,GREK,ENZL",3
current_best momentum_country bucket5% top3 boost16,2019-07-31,2019-08-31,XLK,"GREK,XLK,TUR",3
current_best momentum_country bucket5% top3 boost16,2019-08-31,2019-09-30,IEF,"EGPT,XLK,MTUM",3
current_best momentum_country bucket5% top3 boost16,2019-09-30,2019-10-31,EWJ,"TUR,EWJ,EWT",3
current_best momentum_country bucket5% top3 boost16,2019-10-31,2019-11-30,EWJ,"EWT,DXJ,EWD",3
current_best momentum_country bucket5% top3 boost16,2019-11-30,2019-12-31,XLK,"PAK,XLK,EIRL",3
current_best momentum_country bucket5% top3 boost16,2019-12-31,2020-01-31,XLK,"EWZ,EWT,XLK",3
current_best momentum_country bucket5% top3 boost16,2020-01-31,2020-02-29,XLK,"XLK,EDEN,SCHG",3
current_best momentum_country bucket5% top3 boost16,2020-02-29,2020-03-31,IEF,,0
current_best momentum_country bucket5% top3 boost16,2020-03-31,2020-04-30,IEF,,0
current_best momentum_country bucket5% top3 boost16,2020-04-30,2020-05-31,IEF,,0
current_best momentum_country bucket5% top3 boost16,2020-05-31,2020-06-30,SCHG,"EDEN,SCHG,XLK",3
current_best momentum_country bucket5% top3 boost16,2020-06-30,2020-07-31,XLK,"KWEB,XLK,SCHG",3
current_best momentum_country bucket5% top3 boost16,2020-07-31,2020-08-31,XLK,"ARGT,EWT,EPU",3
current_best momentum_country bucket5% top3 boost16,2020-08-31,2020-09-30,XLK,"XLK,SCHG,KWEB",3
current_best momentum_country bucket5% top3 boost16,2020-09-30,2020-10-31,XLK,"XLK,EWY,KWEB",3
current_best momentum_country bucket5% top3 boost16,2020-10-31,2020-11-30,EWY,"MCHI,KWEB,EWT",3
current_best momentum_country bucket5% top3 boost16,2020-11-30,2020-12-31,EWY,"EWY,EWW,EIRL",3
current_best momentum_country bucket5% top3 boost16,2020-12-31,2021-01-31,EWY,"GXG,EWY,TUR",3
current_best momentum_country bucket5% top3 boost16,2021-01-31,2021-02-28,EWY,"KWEB,EWT,EZA",3
current_best momentum_country bucket5% top3 boost16,2021-02-28,2021-03-31,EWY,"EWT,EPI,EPU",3
current_best momentum_country bucket5% top3 boost16,2021-03-31,2021-04-30,XLK,"EWT,KSA,EWN",3
current_best momentum_country bucket5% top3 boost16,2021-04-30,2021-05-31,SCHG,"KSA,EWT,GREK",3
current_best momentum_country bucket5% top3 boost16,2021-05-31,2021-06-30,INDA,"EPOL,EWC,KSA",3
current_best momentum_country bucket5% top3 boost16,2021-06-30,2021-07-31,SPMO,"VNM,EWZ,UAE",3
current_best momentum_country bucket5% top3 boost16,2021-07-31,2021-08-31,XLK,"EDEN,XLK,KSA",3
current_best momentum_country bucket5% top3 boost16,2021-08-31,2021-09-30,INDA,"ARGT,INDA,EPI",3
current_best momentum_country bucket5% top3 boost16,2021-09-30,2021-10-31,INDA,"EPI,INDA,KSA",3
current_best momentum_country bucket5% top3 boost16,2021-10-31,2021-11-30,SCHG,"SCHG,XLK,SPMO",3
current_best momentum_country bucket5% top3 boost16,2021-11-30,2021-12-31,XLK,"UAE,XLK,VNM",3
current_best momentum_country bucket5% top3 boost16,2021-12-31,2022-01-31,XLK,"EGPT,VNM,EPU",3
current_best momentum_country bucket5% top3 boost16,2022-01-31,2022-02-28,,"EPU,KSA,QAT",3
current_best momentum_country bucket5% top3 boost16,2022-02-28,2022-03-31,,"EPU,UAE,EZA",3
current_best momentum_country bucket5% top3 boost16,2022-03-31,2022-04-30,BIL,"EWZ,EWW,ARGT",3
current_best momentum_country bucket5% top3 boost16,2022-04-30,2022-05-31,BIL,"KSA,UAE,QAT",3
current_best momentum_country bucket5% top3 boost16,2022-05-31,2022-06-30,BIL,"ECH,EIDO,EWP",3
current_best momentum_country bucket5% top3 boost16,2022-06-30,2022-07-31,BIL,,0
current_best momentum_country bucket5% top3 boost16,2022-07-31,2022-08-31,BIL,DXJ,1
current_best momentum_country bucket5% top3 boost16,2022-08-31,2022-09-30,BIL,"ECH,TUR,DXJ",3
current_best momentum_country bucket5% top3 boost16,2022-09-30,2022-10-31,BIL,TUR,1
current_best momentum_country bucket5% top3 boost16,2022-10-31,2022-11-30,MTUM,"TUR,EWW,SPMO",3
current_best momentum_country bucket5% top3 boost16,2022-11-30,2022-12-31,MTUM,"TUR,EWI,EWG",3
current_best momentum_country bucket5% top3 boost16,2022-12-31,2023-01-31,BIL,"TUR,EPOL,GREK",3
current_best momentum_country bucket5% top3 boost16,2023-01-31,2023-02-28,EWY,"ARGT,GREK,EIRL",3
current_best momentum_country bucket5% top3 boost16,2023-02-28,2023-03-31,XLK,"GREK,ARGT,EWP",3
current_best momentum_country bucket5% top3 boost16,2023-03-31,2023-04-30,XLK,"XLK,EDEN,EIRL",3
current_best momentum_country bucket5% top3 boost16,2023-04-30,2023-05-31,XLK,"EIRL,EPOL,EWQ",3
current_best momentum_country bucket5% top3 boost16,2023-05-31,2023-06-30,XLK,"GREK,XLK,SCHG",3
current_best momentum_country bucket5% top3 boost16,2023-06-30,2023-07-31,XLK,"XLK,GREK,ARGT",3
current_best momentum_country bucket5% top3 boost16,2023-07-31,2023-08-31,SCHG,"EPOL,VNM,GXG",3
current_best momentum_country bucket5% top3 boost16,2023-08-31,2023-09-30,XLK,"VNM,TUR,ARGT",3
current_best momentum_country bucket5% top3 boost16,2023-09-30,2023-10-31,SPMO,"EGPT,DXJ,TUR",3
current_best momentum_country bucket5% top3 boost16,2023-10-31,2023-11-30,BIL,"EGPT,PAK,DXJ",3
current_best momentum_country bucket5% top3 boost16,2023-11-30,2023-12-31,XLK,"PAK,ARGT,EGPT",3
current_best momentum_country bucket5% top3 boost16,2023-12-31,2024-01-31,XLK,"EWD,EWZ,GXG",3
current_best momentum_country bucket5% top3 boost16,2024-01-31,2024-02-29,SPMO,"EGPT,SPMO,EWN",3
current_best momentum_country bucket5% top3 boost16,2024-02-29,2024-03-31,SPMO,"EIS,SPMO,MTUM",3
current_best momentum_country bucket5% top3 boost16,2024-03-31,2024-04-30,SPMO,"EPU,DXJ,SPMO",3
current_best momentum_country bucket5% top3 boost16,2024-04-30,2024-05-31,INDA,"EPU,TUR,DXJ",3
current_best momentum_country bucket5% top3 boost16,2024-05-31,2024-06-30,SPMO,"EPU,TUR,EPOL",3
current_best momentum_country bucket5% top3 boost16,2024-06-30,2024-07-31,SPMO,"EWT,SPMO,EZA",3
current_best momentum_country bucket5% top3 boost16,2024-07-31,2024-08-31,INDA,"EPI,EZA,INDA",3
current_best momentum_country bucket5% top3 boost16,2024-08-31,2024-09-30,SPMO,"EWM,ARGT,EIS",3
current_best momentum_country bucket5% top3 boost16,2024-09-30,2024-10-31,SPMO,"KWEB,EZA,MCHI",3
current_best momentum_country bucket5% top3 boost16,2024-10-31,2024-11-30,MTUM,"ARGT,EZA,EPU",3
current_best momentum_country bucket5% top3 boost16,2024-11-30,2024-12-31,MTUM,"ARGT,EIS,EWS",3
current_best momentum_country bucket5% top3 boost16,2024-12-31,2025-01-31,SCHG,"ARGT,EIS,UAE",3
current_best momentum_country bucket5% top3 boost16,2025-01-31,2025-02-28,SPMO,"GXG,EIS,EWG",3
current_best momentum_country bucket5% top3 boost16,2025-02-28,2025-03-31,SPMO,"GXG,EPOL,EWP",3
current_best momentum_country bucket5% top3 boost16,2025-03-31,2025-04-30,IEF,"EPOL,GREK,EWP",3
current_best momentum_country bucket5% top3 boost16,2025-04-30,2025-05-31,EWJ,"GREK,EWP,ECH",3
current_best momentum_country bucket5% top3 boost16,2025-05-31,2025-06-30,SPMO,"GREK,EWP,EWW",3
current_best momentum_country bucket5% top3 boost16,2025-06-30,2025-07-31,EWY,"GREK,EWY,EIS",3
current_best momentum_country bucket5% top3 boost16,2025-07-31,2025-08-31,XLK,"VNM,UAE,EWY",3
current_best momentum_country bucket5% top3 boost16,2025-08-31,2025-09-30,SCHG,"VNM,EPU,GXG",3
current_best momentum_country bucket5% top3 boost16,2025-09-30,2025-10-31,EWY,"EPU,EZA,KWEB",3
current_best momentum_country bucket5% top3 boost16,2025-10-31,2025-11-30,EWY,"EWY,GXG,EPU",3
current_best momentum_country bucket5% top3 boost16,2025-11-30,2025-12-31,EWY,"EPU,ECH,EWZ",3
current_best momentum_country bucket5% top3 boost16,2025-12-31,2026-01-31,EWY,"EPU,EZA,ECH",3
current_best momentum_country bucket5% top3 boost16,2026-01-31,2026-02-28,EWY,"EWY,EPU,GXG",3
current_best momentum_country bucket5% top3 boost16,2026-02-28,2026-03-31,EWY,"EWY,EPU,EZA",3
current_best momentum_country bucket5% top3 boost16,2026-03-31,2026-04-29,BIL,"NORW,EWZ,THD",3
current_best momentum_country bucket8% top1 boost16,2016-09-30,2016-10-31,EWY,KWEB,1
current_best momentum_country bucket8% top1 boost16,2016-10-31,2016-11-30,EWJ,EWZ,1
current_best momentum_country bucket8% top1 boost16,2016-11-30,2016-12-31,,DXJ,1
current_best momentum_country bucket8% top1 boost16,2016-12-31,2017-01-31,SPMO,PAK,1
current_best momentum_country bucket8% top1 boost16,2017-01-31,2017-02-28,XLK,EPOL,1
current_best momentum_country bucket8% top1 boost16,2017-02-28,2017-03-31,SCHG,EPOL,1
current_best momentum_country bucket8% top1 boost16,2017-03-31,2017-04-30,INDA,ARGT,1
current_best momentum_country bucket8% top1 boost16,2017-04-30,2017-05-31,EWY,EPOL,1
current_best momentum_country bucket8% top1 boost16,2017-05-31,2017-06-30,EWY,TUR,1
current_best momentum_country bucket8% top1 boost16,2017-06-30,2017-07-31,EWY,GREK,1
current_best momentum_country bucket8% top1 boost16,2017-07-31,2017-08-31,INDA,KWEB,1
current_best momentum_country bucket8% top1 boost16,2017-08-31,2017-09-30,XLK,MCHI,1
current_best momentum_country bucket8% top1 boost16,2017-09-30,2017-10-31,MTUM,MCHI,1
current_best momentum_country bucket8% top1 boost16,2017-10-31,2017-11-30,XLK,EPU,1
current_best momentum_country bucket8% top1 boost16,2017-11-30,2017-12-31,SPMO,VNM,1
current_best momentum_country bucket8% top1 boost16,2017-12-31,2018-01-31,SPMO,VNM,1
current_best momentum_country bucket8% top1 boost16,2018-01-31,2018-02-28,SPMO,GREK,1
current_best momentum_country bucket8% top1 boost16,2018-02-28,2018-03-31,SPMO,VNM,1
current_best momentum_country bucket8% top1 boost16,2018-03-31,2018-04-30,BIL,EGPT,1
current_best momentum_country bucket8% top1 boost16,2018-04-30,2018-05-31,EWY,KSA,1
current_best momentum_country bucket8% top1 boost16,2018-05-31,2018-06-30,XLK,KSA,1
current_best momentum_country bucket8% top1 boost16,2018-06-30,2018-07-31,XLK,KSA,1
current_best momentum_country bucket8% top1 boost16,2018-07-31,2018-08-31,SPMO,QAT,1
current_best momentum_country bucket8% top1 boost16,2018-08-31,2018-09-30,XLK,EIS,1
current_best momentum_country bucket8% top1 boost16,2018-09-30,2018-10-31,SPMO,QAT,1
current_best momentum_country bucket8% top1 boost16,2018-10-31,2018-11-30,BIL,QAT,1
current_best momentum_country bucket8% top1 boost16,2018-11-30,2018-12-31,IEF,QAT,1
current_best momentum_country bucket8% top1 boost16,2018-12-31,2019-01-31,IEF,EIDO,1
current_best momentum_country bucket8% top1 boost16,2019-01-31,2019-02-28,IEF,EWZ,1
current_best momentum_country bucket8% top1 boost16,2019-02-28,2019-03-31,SPMO,KWEB,1
current_best momentum_country bucket8% top1 boost16,2019-03-31,2019-04-30,XLK,XLK,1
current_best momentum_country bucket8% top1 boost16,2019-04-30,2019-05-31,XLK,XLK,1
current_best momentum_country bucket8% top1 boost16,2019-05-31,2019-06-30,INDA,GREK,1
current_best momentum_country bucket8% top1 boost16,2019-06-30,2019-07-31,MTUM,ARGT,1
current_best momentum_country bucket8% top1 boost16,2019-07-31,2019-08-31,XLK,GREK,1
current_best momentum_country bucket8% top1 boost16,2019-08-31,2019-09-30,IEF,EGPT,1
current_best momentum_country bucket8% top1 boost16,2019-09-30,2019-10-31,EWJ,TUR,1
current_best momentum_country bucket8% top1 boost16,2019-10-31,2019-11-30,EWJ,EWT,1
current_best momentum_country bucket8% top1 boost16,2019-11-30,2019-12-31,XLK,PAK,1
current_best momentum_country bucket8% top1 boost16,2019-12-31,2020-01-31,XLK,EWZ,1
current_best momentum_country bucket8% top1 boost16,2020-01-31,2020-02-29,XLK,XLK,1
current_best momentum_country bucket8% top1 boost16,2020-02-29,2020-03-31,IEF,,0
current_best momentum_country bucket8% top1 boost16,2020-03-31,2020-04-30,IEF,,0
current_best momentum_country bucket8% top1 boost16,2020-04-30,2020-05-31,IEF,,0
current_best momentum_country bucket8% top1 boost16,2020-05-31,2020-06-30,SCHG,EDEN,1
current_best momentum_country bucket8% top1 boost16,2020-06-30,2020-07-31,XLK,KWEB,1
current_best momentum_country bucket8% top1 boost16,2020-07-31,2020-08-31,XLK,ARGT,1
current_best momentum_country bucket8% top1 boost16,2020-08-31,2020-09-30,XLK,XLK,1
current_best momentum_country bucket8% top1 boost16,2020-09-30,2020-10-31,XLK,XLK,1
current_best momentum_country bucket8% top1 boost16,2020-10-31,2020-11-30,EWY,MCHI,1
current_best momentum_country bucket8% top1 boost16,2020-11-30,2020-12-31,EWY,EWY,1
current_best momentum_country bucket8% top1 boost16,2020-12-31,2021-01-31,EWY,GXG,1
current_best momentum_country bucket8% top1 boost16,2021-01-31,2021-02-28,EWY,KWEB,1
current_best momentum_country bucket8% top1 boost16,2021-02-28,2021-03-31,EWY,EWT,1
current_best momentum_country bucket8% top1 boost16,2021-03-31,2021-04-30,XLK,EWT,1
current_best momentum_country bucket8% top1 boost16,2021-04-30,2021-05-31,SCHG,KSA,1
current_best momentum_country bucket8% top1 boost16,2021-05-31,2021-06-30,INDA,EPOL,1
current_best momentum_country bucket8% top1 boost16,2021-06-30,2021-07-31,SPMO,VNM,1
current_best momentum_country bucket8% top1 boost16,2021-07-31,2021-08-31,XLK,EDEN,1
current_best momentum_country bucket8% top1 boost16,2021-08-31,2021-09-30,INDA,ARGT,1
current_best momentum_country bucket8% top1 boost16,2021-09-30,2021-10-31,INDA,EPI,1
current_best momentum_country bucket8% top1 boost16,2021-10-31,2021-11-30,SCHG,SCHG,1
current_best momentum_country bucket8% top1 boost16,2021-11-30,2021-12-31,XLK,UAE,1
current_best momentum_country bucket8% top1 boost16,2021-12-31,2022-01-31,XLK,EGPT,1
current_best momentum_country bucket8% top1 boost16,2022-01-31,2022-02-28,,EPU,1
current_best momentum_country bucket8% top1 boost16,2022-02-28,2022-03-31,,EPU,1
current_best momentum_country bucket8% top1 boost16,2022-03-31,2022-04-30,BIL,EWZ,1
current_best momentum_country bucket8% top1 boost16,2022-04-30,2022-05-31,BIL,KSA,1
current_best momentum_country bucket8% top1 boost16,2022-05-31,2022-06-30,BIL,ECH,1
current_best momentum_country bucket8% top1 boost16,2022-06-30,2022-07-31,BIL,,0
current_best momentum_country bucket8% top1 boost16,2022-07-31,2022-08-31,BIL,DXJ,1
current_best momentum_country bucket8% top1 boost16,2022-08-31,2022-09-30,BIL,ECH,1
current_best momentum_country bucket8% top1 boost16,2022-09-30,2022-10-31,BIL,TUR,1
current_best momentum_country bucket8% top1 boost16,2022-10-31,2022-11-30,MTUM,TUR,1
current_best momentum_country bucket8% top1 boost16,2022-11-30,2022-12-31,MTUM,TUR,1
current_best momentum_country bucket8% top1 boost16,2022-12-31,2023-01-31,BIL,TUR,1
current_best momentum_country bucket8% top1 boost16,2023-01-31,2023-02-28,EWY,ARGT,1
current_best momentum_country bucket8% top1 boost16,2023-02-28,2023-03-31,XLK,GREK,1
current_best momentum_country bucket8% top1 boost16,2023-03-31,2023-04-30,XLK,XLK,1
current_best momentum_country bucket8% top1 boost16,2023-04-30,2023-05-31,XLK,EIRL,1
current_best momentum_country bucket8% top1 boost16,2023-05-31,2023-06-30,XLK,GREK,1
current_best momentum_country bucket8% top1 boost16,2023-06-30,2023-07-31,XLK,XLK,1
current_best momentum_country bucket8% top1 boost16,2023-07-31,2023-08-31,SCHG,EPOL,1
current_best momentum_country bucket8% top1 boost16,2023-08-31,2023-09-30,XLK,VNM,1
current_best momentum_country bucket8% top1 boost16,2023-09-30,2023-10-31,SPMO,EGPT,1
current_best momentum_country bucket8% top1 boost16,2023-10-31,2023-11-30,BIL,EGPT,1
current_best momentum_country bucket8% top1 boost16,2023-11-30,2023-12-31,XLK,PAK,1
current_best momentum_country bucket8% top1 boost16,2023-12-31,2024-01-31,XLK,EWD,1
current_best momentum_country bucket8% top1 boost16,2024-01-31,2024-02-29,SPMO,EGPT,1
current_best momentum_country bucket8% top1 boost16,2024-02-29,2024-03-31,SPMO,EIS,1
current_best momentum_country bucket8% top1 boost16,2024-03-31,2024-04-30,SPMO,EPU,1
current_best momentum_country bucket8% top1 boost16,2024-04-30,2024-05-31,INDA,EPU,1
current_best momentum_country bucket8% top1 boost16,2024-05-31,2024-06-30,SPMO,EPU,1
current_best momentum_country bucket8% top1 boost16,2024-06-30,2024-07-31,SPMO,EWT,1
current_best momentum_country bucket8% top1 boost16,2024-07-31,2024-08-31,INDA,EPI,1
current_best momentum_country bucket8% top1 boost16,2024-08-31,2024-09-30,SPMO,EWM,1
current_best momentum_country bucket8% top1 boost16,2024-09-30,2024-10-31,SPMO,KWEB,1
current_best momentum_country bucket8% top1 boost16,2024-10-31,2024-11-30,MTUM,ARGT,1
current_best momentum_country bucket8% top1 boost16,2024-11-30,2024-12-31,MTUM,ARGT,1
current_best momentum_country bucket8% top1 boost16,2024-12-31,2025-01-31,SCHG,ARGT,1
current_best momentum_country bucket8% top1 boost16,2025-01-31,2025-02-28,SPMO,GXG,1
current_best momentum_country bucket8% top1 boost16,2025-02-28,2025-03-31,SPMO,GXG,1
current_best momentum_country bucket8% top1 boost16,2025-03-31,2025-04-30,IEF,EPOL,1
current_best momentum_country bucket8% top1 boost16,2025-04-30,2025-05-31,EWJ,GREK,1
current_best momentum_country bucket8% top1 boost16,2025-05-31,2025-06-30,SPMO,GREK,1
current_best momentum_country bucket8% top1 boost16,2025-06-30,2025-07-31,EWY,GREK,1
current_best momentum_country bucket8% top1 boost16,2025-07-31,2025-08-31,XLK,VNM,1
current_best momentum_country bucket8% top1 boost16,2025-08-31,2025-09-30,SCHG,VNM,1
current_best momentum_country bucket8% top1 boost16,2025-09-30,2025-10-31,EWY,EPU,1
current_best momentum_country bucket8% top1 boost16,2025-10-31,2025-11-30,EWY,EWY,1
current_best momentum_country bucket8% top1 boost16,2025-11-30,2025-12-31,EWY,EPU,1
current_best momentum_country bucket8% top1 boost16,2025-12-31,2026-01-31,EWY,EPU,1
current_best momentum_country bucket8% top1 boost16,2026-01-31,2026-02-28,EWY,EWY,1
current_best momentum_country bucket8% top1 boost16,2026-02-28,2026-03-31,EWY,EWY,1
current_best momentum_country bucket8% top1 boost16,2026-03-31,2026-04-29,BIL,NORW,1
current_best momentum_country bucket8% top2 boost16,2016-09-30,2016-10-31,EWY,"KWEB,EWT",2
current_best momentum_country bucket8% top2 boost16,2016-10-31,2016-11-30,EWJ,"EWZ,ECH",2
current_best momentum_country bucket8% top2 boost16,2016-11-30,2016-12-31,,"DXJ,KSA",2
current_best momentum_country bucket8% top2 boost16,2016-12-31,2017-01-31,SPMO,"PAK,KSA",2
current_best momentum_country bucket8% top2 boost16,2017-01-31,2017-02-28,XLK,"EPOL,EWZ",2
current_best momentum_country bucket8% top2 boost16,2017-02-28,2017-03-31,SCHG,"EPOL,SCHG",2
current_best momentum_country bucket8% top2 boost16,2017-03-31,2017-04-30,INDA,"ARGT,EPI",2
current_best momentum_country bucket8% top2 boost16,2017-04-30,2017-05-31,EWY,"EPOL,KWEB",2
current_best momentum_country bucket8% top2 boost16,2017-05-31,2017-06-30,EWY,"TUR,EDEN",2
current_best momentum_country bucket8% top2 boost16,2017-06-30,2017-07-31,EWY,"GREK,EWI",2
current_best momentum_country bucket8% top2 boost16,2017-07-31,2017-08-31,INDA,"KWEB,TUR",2
current_best momentum_country bucket8% top2 boost16,2017-08-31,2017-09-30,XLK,"MCHI,EPOL",2
current_best momentum_country bucket8% top2 boost16,2017-09-30,2017-10-31,MTUM,"MCHI,THD",2
current_best momentum_country bucket8% top2 boost16,2017-10-31,2017-11-30,XLK,"EPU,XLK",2
current_best momentum_country bucket8% top2 boost16,2017-11-30,2017-12-31,SPMO,"VNM,EGPT",2
current_best momentum_country bucket8% top2 boost16,2017-12-31,2018-01-31,SPMO,"VNM,ARGT",2
current_best momentum_country bucket8% top2 boost16,2018-01-31,2018-02-28,SPMO,"GREK,VNM",2
current_best momentum_country bucket8% top2 boost16,2018-02-28,2018-03-31,SPMO,"VNM,THD",2
current_best momentum_country bucket8% top2 boost16,2018-03-31,2018-04-30,BIL,"EGPT,KSA",2
current_best momentum_country bucket8% top2 boost16,2018-04-30,2018-05-31,EWY,"KSA,EGPT",2
current_best momentum_country bucket8% top2 boost16,2018-05-31,2018-06-30,XLK,"KSA,XLK",2
current_best momentum_country bucket8% top2 boost16,2018-06-30,2018-07-31,XLK,"KSA,SCHG",2
current_best momentum_country bucket8% top2 boost16,2018-07-31,2018-08-31,SPMO,"QAT,INDA",2
current_best momentum_country bucket8% top2 boost16,2018-08-31,2018-09-30,XLK,"EIS,XLK",2
current_best momentum_country bucket8% top2 boost16,2018-09-30,2018-10-31,SPMO,"QAT,DXJ",2
current_best momentum_country bucket8% top2 boost16,2018-10-31,2018-11-30,BIL,"QAT,EWZ",2
current_best momentum_country bucket8% top2 boost16,2018-11-30,2018-12-31,IEF,"QAT,EIDO",2
current_best momentum_country bucket8% top2 boost16,2018-12-31,2019-01-31,IEF,"EIDO,EWZ",2
current_best momentum_country bucket8% top2 boost16,2019-01-31,2019-02-28,IEF,"EWZ,KSA",2
current_best momentum_country bucket8% top2 boost16,2019-02-28,2019-03-31,SPMO,"KWEB,ARGT",2
current_best momentum_country bucket8% top2 boost16,2019-03-31,2019-04-30,XLK,"XLK,GREK",2
current_best momentum_country bucket8% top2 boost16,2019-04-30,2019-05-31,XLK,"XLK,KSA",2
current_best momentum_country bucket8% top2 boost16,2019-05-31,2019-06-30,INDA,"GREK,INDA",2
current_best momentum_country bucket8% top2 boost16,2019-06-30,2019-07-31,MTUM,"ARGT,GREK",2
current_best momentum_country bucket8% top2 boost16,2019-07-31,2019-08-31,XLK,"GREK,XLK",2
current_best momentum_country bucket8% top2 boost16,2019-08-31,2019-09-30,IEF,"EGPT,XLK",2
current_best momentum_country bucket8% top2 boost16,2019-09-30,2019-10-31,EWJ,"TUR,EWJ",2
current_best momentum_country bucket8% top2 boost16,2019-10-31,2019-11-30,EWJ,"EWT,DXJ",2
current_best momentum_country bucket8% top2 boost16,2019-11-30,2019-12-31,XLK,"PAK,XLK",2
current_best momentum_country bucket8% top2 boost16,2019-12-31,2020-01-31,XLK,"EWZ,EWT",2
current_best momentum_country bucket8% top2 boost16,2020-01-31,2020-02-29,XLK,"XLK,EDEN",2
current_best momentum_country bucket8% top2 boost16,2020-02-29,2020-03-31,IEF,,0
current_best momentum_country bucket8% top2 boost16,2020-03-31,2020-04-30,IEF,,0
current_best momentum_country bucket8% top2 boost16,2020-04-30,2020-05-31,IEF,,0
current_best momentum_country bucket8% top2 boost16,2020-05-31,2020-06-30,SCHG,"EDEN,SCHG",2
current_best momentum_country bucket8% top2 boost16,2020-06-30,2020-07-31,XLK,"KWEB,XLK",2
current_best momentum_country bucket8% top2 boost16,2020-07-31,2020-08-31,XLK,"ARGT,EWT",2
current_best momentum_country bucket8% top2 boost16,2020-08-31,2020-09-30,XLK,"XLK,SCHG",2
current_best momentum_country bucket8% top2 boost16,2020-09-30,2020-10-31,XLK,"XLK,EWY",2
current_best momentum_country bucket8% top2 boost16,2020-10-31,2020-11-30,EWY,"MCHI,KWEB",2
current_best momentum_country bucket8% top2 boost16,2020-11-30,2020-12-31,EWY,"EWY,EWW",2
current_best momentum_country bucket8% top2 boost16,2020-12-31,2021-01-31,EWY,"GXG,EWY",2
current_best momentum_country bucket8% top2 boost16,2021-01-31,2021-02-28,EWY,"KWEB,EWT",2
current_best momentum_country bucket8% top2 boost16,2021-02-28,2021-03-31,EWY,"EWT,EPI",2
current_best momentum_country bucket8% top2 boost16,2021-03-31,2021-04-30,XLK,"EWT,KSA",2
current_best momentum_country bucket8% top2 boost16,2021-04-30,2021-05-31,SCHG,"KSA,EWT",2
current_best momentum_country bucket8% top2 boost16,2021-05-31,2021-06-30,INDA,"EPOL,EWC",2
current_best momentum_country bucket8% top2 boost16,2021-06-30,2021-07-31,SPMO,"VNM,EWZ",2
current_best momentum_country bucket8% top2 boost16,2021-07-31,2021-08-31,XLK,"EDEN,XLK",2
current_best momentum_country bucket8% top2 boost16,2021-08-31,2021-09-30,INDA,"ARGT,INDA",2
current_best momentum_country bucket8% top2 boost16,2021-09-30,2021-10-31,INDA,"EPI,INDA",2
current_best momentum_country bucket8% top2 boost16,2021-10-31,2021-11-30,SCHG,"SCHG,XLK",2
current_best momentum_country bucket8% top2 boost16,2021-11-30,2021-12-31,XLK,"UAE,XLK",2
current_best momentum_country bucket8% top2 boost16,2021-12-31,2022-01-31,XLK,"EGPT,VNM",2
current_best momentum_country bucket8% top2 boost16,2022-01-31,2022-02-28,,"EPU,KSA",2
current_best momentum_country bucket8% top2 boost16,2022-02-28,2022-03-31,,"EPU,UAE",2
current_best momentum_country bucket8% top2 boost16,2022-03-31,2022-04-30,BIL,"EWZ,EWW",2
current_best momentum_country bucket8% top2 boost16,2022-04-30,2022-05-31,BIL,"KSA,UAE",2
current_best momentum_country bucket8% top2 boost16,2022-05-31,2022-06-30,BIL,"ECH,EIDO",2
current_best momentum_country bucket8% top2 boost16,2022-06-30,2022-07-31,BIL,,0
current_best momentum_country bucket8% top2 boost16,2022-07-31,2022-08-31,BIL,DXJ,1
current_best momentum_country bucket8% top2 boost16,2022-08-31,2022-09-30,BIL,"ECH,TUR",2
current_best momentum_country bucket8% top2 boost16,2022-09-30,2022-10-31,BIL,TUR,1
current_best momentum_country bucket8% top2 boost16,2022-10-31,2022-11-30,MTUM,"TUR,EWW",2
current_best momentum_country bucket8% top2 boost16,2022-11-30,2022-12-31,MTUM,"TUR,EWI",2
current_best momentum_country bucket8% top2 boost16,2022-12-31,2023-01-31,BIL,"TUR,EPOL",2
current_best momentum_country bucket8% top2 boost16,2023-01-31,2023-02-28,EWY,"ARGT,GREK",2
current_best momentum_country bucket8% top2 boost16,2023-02-28,2023-03-31,XLK,"GREK,ARGT",2
current_best momentum_country bucket8% top2 boost16,2023-03-31,2023-04-30,XLK,"XLK,EDEN",2
current_best momentum_country bucket8% top2 boost16,2023-04-30,2023-05-31,XLK,"EIRL,EPOL",2
current_best momentum_country bucket8% top2 boost16,2023-05-31,2023-06-30,XLK,"GREK,XLK",2
current_best momentum_country bucket8% top2 boost16,2023-06-30,2023-07-31,XLK,"XLK,GREK",2
current_best momentum_country bucket8% top2 boost16,2023-07-31,2023-08-31,SCHG,"EPOL,VNM",2
current_best momentum_country bucket8% top2 boost16,2023-08-31,2023-09-30,XLK,"VNM,TUR",2
current_best momentum_country bucket8% top2 boost16,2023-09-30,2023-10-31,SPMO,"EGPT,DXJ",2
current_best momentum_country bucket8% top2 boost16,2023-10-31,2023-11-30,BIL,"EGPT,PAK",2
current_best momentum_country bucket8% top2 boost16,2023-11-30,2023-12-31,XLK,"PAK,ARGT",2
current_best momentum_country bucket8% top2 boost16,2023-12-31,2024-01-31,XLK,"EWD,EWZ",2
current_best momentum_country bucket8% top2 boost16,2024-01-31,2024-02-29,SPMO,"EGPT,SPMO",2
current_best momentum_country bucket8% top2 boost16,2024-02-29,2024-03-31,SPMO,"EIS,SPMO",2
current_best momentum_country bucket8% top2 boost16,2024-03-31,2024-04-30,SPMO,"EPU,DXJ",2
current_best momentum_country bucket8% top2 boost16,2024-04-30,2024-05-31,INDA,"EPU,TUR",2
current_best momentum_country bucket8% top2 boost16,2024-05-31,2024-06-30,SPMO,"EPU,TUR",2
current_best momentum_country bucket8% top2 boost16,2024-06-30,2024-07-31,SPMO,"EWT,SPMO",2
current_best momentum_country bucket8% top2 boost16,2024-07-31,2024-08-31,INDA,"EPI,EZA",2
current_best momentum_country bucket8% top2 boost16,2024-08-31,2024-09-30,SPMO,"EWM,ARGT",2
current_best momentum_country bucket8% top2 boost16,2024-09-30,2024-10-31,SPMO,"KWEB,EZA",2
current_best momentum_country bucket8% top2 boost16,2024-10-31,2024-11-30,MTUM,"ARGT,EZA",2
current_best momentum_country bucket8% top2 boost16,2024-11-30,2024-12-31,MTUM,"ARGT,EIS",2
current_best momentum_country bucket8% top2 boost16,2024-12-31,2025-01-31,SCHG,"ARGT,EIS",2
current_best momentum_country bucket8% top2 boost16,2025-01-31,2025-02-28,SPMO,"GXG,EIS",2
current_best momentum_country bucket8% top2 boost16,2025-02-28,2025-03-31,SPMO,"GXG,EPOL",2
current_best momentum_country bucket8% top2 boost16,2025-03-31,2025-04-30,IEF,"EPOL,GREK",2
current_best momentum_country bucket8% top2 boost16,2025-04-30,2025-05-31,EWJ,"GREK,EWP",2
current_best momentum_country bucket8% top2 boost16,2025-05-31,2025-06-30,SPMO,"GREK,EWP",2
current_best momentum_country bucket8% top2 boost16,2025-06-30,2025-07-31,EWY,"GREK,EWY",2
current_best momentum_country bucket8% top2 boost16,2025-07-31,2025-08-31,XLK,"VNM,UAE",2
current_best momentum_country bucket8% top2 boost16,2025-08-31,2025-09-30,SCHG,"VNM,EPU",2
current_best momentum_country bucket8% top2 boost16,2025-09-30,2025-10-31,EWY,"EPU,EZA",2
current_best momentum_country bucket8% top2 boost16,2025-10-31,2025-11-30,EWY,"EWY,GXG",2
current_best momentum_country bucket8% top2 boost16,2025-11-30,2025-12-31,EWY,"EPU,ECH",2
current_best momentum_country bucket8% top2 boost16,2025-12-31,2026-01-31,EWY,"EPU,EZA",2
current_best momentum_country bucket8% top2 boost16,2026-01-31,2026-02-28,EWY,"EWY,EPU",2
current_best momentum_country bucket8% top2 boost16,2026-02-28,2026-03-31,EWY,"EWY,EPU",2
current_best momentum_country bucket8% top2 boost16,2026-03-31,2026-04-29,BIL,"NORW,EWZ",2
current_best momentum_country bucket8% top3 boost16,2016-09-30,2016-10-31,EWY,"KWEB,EWT,ARGT",3
current_best momentum_country bucket8% top3 boost16,2016-10-31,2016-11-30,EWJ,"EWZ,ECH,DXJ",3
current_best momentum_country bucket8% top3 boost16,2016-11-30,2016-12-31,,"DXJ,KSA,GREK",3
current_best momentum_country bucket8% top3 boost16,2016-12-31,2017-01-31,SPMO,"PAK,KSA,EWI",3
current_best momentum_country bucket8% top3 boost16,2017-01-31,2017-02-28,XLK,"EPOL,EWZ,ARGT",3
current_best momentum_country bucket8% top3 boost16,2017-02-28,2017-03-31,SCHG,"EPOL,SCHG,XLK",3
current_best momentum_country bucket8% top3 boost16,2017-03-31,2017-04-30,INDA,"ARGT,EPI,EWP",3
current_best momentum_country bucket8% top3 boost16,2017-04-30,2017-05-31,EWY,"EPOL,KWEB,EWP",3
current_best momentum_country bucket8% top3 boost16,2017-05-31,2017-06-30,EWY,"TUR,EDEN,EWY",3
current_best momentum_country bucket8% top3 boost16,2017-06-30,2017-07-31,EWY,"GREK,EWI,TUR",3
current_best momentum_country bucket8% top3 boost16,2017-07-31,2017-08-31,INDA,"KWEB,TUR,MCHI",3
current_best momentum_country bucket8% top3 boost16,2017-08-31,2017-09-30,XLK,"MCHI,EPOL,KWEB",3
current_best momentum_country bucket8% top3 boost16,2017-09-30,2017-10-31,MTUM,"MCHI,THD,EWI",3
current_best momentum_country bucket8% top3 boost16,2017-10-31,2017-11-30,XLK,"EPU,XLK,EGPT",3
current_best momentum_country bucket8% top3 boost16,2017-11-30,2017-12-31,SPMO,"VNM,EGPT,SPMO",3
current_best momentum_country bucket8% top3 boost16,2017-12-31,2018-01-31,SPMO,"VNM,ARGT,EZA",3
current_best momentum_country bucket8% top3 boost16,2018-01-31,2018-02-28,SPMO,"GREK,VNM,ARGT",3
current_best momentum_country bucket8% top3 boost16,2018-02-28,2018-03-31,SPMO,"VNM,THD,KWEB",3
current_best momentum_country bucket8% top3 boost16,2018-03-31,2018-04-30,BIL,"EGPT,KSA,EWM",3
current_best momentum_country bucket8% top3 boost16,2018-04-30,2018-05-31,EWY,"KSA,EGPT,EPU",3
current_best momentum_country bucket8% top3 boost16,2018-05-31,2018-06-30,XLK,"KSA,XLK,QAT",3
current_best momentum_country bucket8% top3 boost16,2018-06-30,2018-07-31,XLK,"KSA,SCHG,XLK",3
current_best momentum_country bucket8% top3 boost16,2018-07-31,2018-08-31,SPMO,"QAT,INDA,EIS",3
current_best momentum_country bucket8% top3 boost16,2018-08-31,2018-09-30,XLK,"EIS,XLK,SCHG",3
current_best momentum_country bucket8% top3 boost16,2018-09-30,2018-10-31,SPMO,"QAT,DXJ,XLK",3
current_best momentum_country bucket8% top3 boost16,2018-10-31,2018-11-30,BIL,"QAT,EWZ",2
current_best momentum_country bucket8% top3 boost16,2018-11-30,2018-12-31,IEF,"QAT,EIDO,EWZ",3
current_best momentum_country bucket8% top3 boost16,2018-12-31,2019-01-31,IEF,"EIDO,EWZ,QAT",3
current_best momentum_country bucket8% top3 boost16,2019-01-31,2019-02-28,IEF,"EWZ,KSA,TUR",3
current_best momentum_country bucket8% top3 boost16,2019-02-28,2019-03-31,SPMO,"KWEB,ARGT,GXG",3
current_best momentum_country bucket8% top3 boost16,2019-03-31,2019-04-30,XLK,"XLK,GREK,MCHI",3
current_best momentum_country bucket8% top3 boost16,2019-04-30,2019-05-31,XLK,"XLK,KSA,SCHG",3
current_best momentum_country bucket8% top3 boost16,2019-05-31,2019-06-30,INDA,"GREK,INDA,EPI",3
current_best momentum_country bucket8% top3 boost16,2019-06-30,2019-07-31,MTUM,"ARGT,GREK,ENZL",3
current_best momentum_country bucket8% top3 boost16,2019-07-31,2019-08-31,XLK,"GREK,XLK,TUR",3
current_best momentum_country bucket8% top3 boost16,2019-08-31,2019-09-30,IEF,"EGPT,XLK,MTUM",3
current_best momentum_country bucket8% top3 boost16,2019-09-30,2019-10-31,EWJ,"TUR,EWJ,EWT",3
current_best momentum_country bucket8% top3 boost16,2019-10-31,2019-11-30,EWJ,"EWT,DXJ,EWD",3
current_best momentum_country bucket8% top3 boost16,2019-11-30,2019-12-31,XLK,"PAK,XLK,EIRL",3
current_best momentum_country bucket8% top3 boost16,2019-12-31,2020-01-31,XLK,"EWZ,EWT,XLK",3
current_best momentum_country bucket8% top3 boost16,2020-01-31,2020-02-29,XLK,"XLK,EDEN,SCHG",3
current_best momentum_country bucket8% top3 boost16,2020-02-29,2020-03-31,IEF,,0
current_best momentum_country bucket8% top3 boost16,2020-03-31,2020-04-30,IEF,,0
current_best momentum_country bucket8% top3 boost16,2020-04-30,2020-05-31,IEF,,0
current_best momentum_country bucket8% top3 boost16,2020-05-31,2020-06-30,SCHG,"EDEN,SCHG,XLK",3
current_best momentum_country bucket8% top3 boost16,2020-06-30,2020-07-31,XLK,"KWEB,XLK,SCHG",3
current_best momentum_country bucket8% top3 boost16,2020-07-31,2020-08-31,XLK,"ARGT,EWT,EPU",3
current_best momentum_country bucket8% top3 boost16,2020-08-31,2020-09-30,XLK,"XLK,SCHG,KWEB",3
current_best momentum_country bucket8% top3 boost16,2020-09-30,2020-10-31,XLK,"XLK,EWY,KWEB",3
current_best momentum_country bucket8% top3 boost16,2020-10-31,2020-11-30,EWY,"MCHI,KWEB,EWT",3
current_best momentum_country bucket8% top3 boost16,2020-11-30,2020-12-31,EWY,"EWY,EWW,EIRL",3
current_best momentum_country bucket8% top3 boost16,2020-12-31,2021-01-31,EWY,"GXG,EWY,TUR",3
current_best momentum_country bucket8% top3 boost16,2021-01-31,2021-02-28,EWY,"KWEB,EWT,EZA",3
current_best momentum_country bucket8% top3 boost16,2021-02-28,2021-03-31,EWY,"EWT,EPI,EPU",3
current_best momentum_country bucket8% top3 boost16,2021-03-31,2021-04-30,XLK,"EWT,KSA,EWN",3
current_best momentum_country bucket8% top3 boost16,2021-04-30,2021-05-31,SCHG,"KSA,EWT,GREK",3
current_best momentum_country bucket8% top3 boost16,2021-05-31,2021-06-30,INDA,"EPOL,EWC,KSA",3
current_best momentum_country bucket8% top3 boost16,2021-06-30,2021-07-31,SPMO,"VNM,EWZ,UAE",3
current_best momentum_country bucket8% top3 boost16,2021-07-31,2021-08-31,XLK,"EDEN,XLK,KSA",3
current_best momentum_country bucket8% top3 boost16,2021-08-31,2021-09-30,INDA,"ARGT,INDA,EPI",3
current_best momentum_country bucket8% top3 boost16,2021-09-30,2021-10-31,INDA,"EPI,INDA,KSA",3
current_best momentum_country bucket8% top3 boost16,2021-10-31,2021-11-30,SCHG,"SCHG,XLK,SPMO",3
current_best momentum_country bucket8% top3 boost16,2021-11-30,2021-12-31,XLK,"UAE,XLK,VNM",3
current_best momentum_country bucket8% top3 boost16,2021-12-31,2022-01-31,XLK,"EGPT,VNM,EPU",3
current_best momentum_country bucket8% top3 boost16,2022-01-31,2022-02-28,,"EPU,KSA,QAT",3
current_best momentum_country bucket8% top3 boost16,2022-02-28,2022-03-31,,"EPU,UAE,EZA",3
current_best momentum_country bucket8% top3 boost16,2022-03-31,2022-04-30,BIL,"EWZ,EWW,ARGT",3
current_best momentum_country bucket8% top3 boost16,2022-04-30,2022-05-31,BIL,"KSA,UAE,QAT",3
current_best momentum_country bucket8% top3 boost16,2022-05-31,2022-06-30,BIL,"ECH,EIDO,EWP",3
current_best momentum_country bucket8% top3 boost16,2022-06-30,2022-07-31,BIL,,0
current_best momentum_country bucket8% top3 boost16,2022-07-31,2022-08-31,BIL,DXJ,1
current_best momentum_country bucket8% top3 boost16,2022-08-31,2022-09-30,BIL,"ECH,TUR,DXJ",3
current_best momentum_country bucket8% top3 boost16,2022-09-30,2022-10-31,BIL,TUR,1
current_best momentum_country bucket8% top3 boost16,2022-10-31,2022-11-30,MTUM,"TUR,EWW,SPMO",3
current_best momentum_country bucket8% top3 boost16,2022-11-30,2022-12-31,MTUM,"TUR,EWI,EWG",3
current_best momentum_country bucket8% top3 boost16,2022-12-31,2023-01-31,BIL,"TUR,EPOL,GREK",3
current_best momentum_country bucket8% top3 boost16,2023-01-31,2023-02-28,EWY,"ARGT,GREK,EIRL",3
current_best momentum_country bucket8% top3 boost16,2023-02-28,2023-03-31,XLK,"GREK,ARGT,EWP",3
current_best momentum_country bucket8% top3 boost16,2023-03-31,2023-04-30,XLK,"XLK,EDEN,EIRL",3
current_best momentum_country bucket8% top3 boost16,2023-04-30,2023-05-31,XLK,"EIRL,EPOL,EWQ",3
current_best momentum_country bucket8% top3 boost16,2023-05-31,2023-06-30,XLK,"GREK,XLK,SCHG",3
current_best momentum_country bucket8% top3 boost16,2023-06-30,2023-07-31,XLK,"XLK,GREK,ARGT",3
current_best momentum_country bucket8% top3 boost16,2023-07-31,2023-08-31,SCHG,"EPOL,VNM,GXG",3
current_best momentum_country bucket8% top3 boost16,2023-08-31,2023-09-30,XLK,"VNM,TUR,ARGT",3
current_best momentum_country bucket8% top3 boost16,2023-09-30,2023-10-31,SPMO,"EGPT,DXJ,TUR",3
current_best momentum_country bucket8% top3 boost16,2023-10-31,2023-11-30,BIL,"EGPT,PAK,DXJ",3
current_best momentum_country bucket8% top3 boost16,2023-11-30,2023-12-31,XLK,"PAK,ARGT,EGPT",3
current_best momentum_country bucket8% top3 boost16,2023-12-31,2024-01-31,XLK,"EWD,EWZ,GXG",3
current_best momentum_country bucket8% top3 boost16,2024-01-31,2024-02-29,SPMO,"EGPT,SPMO,EWN",3
current_best momentum_country bucket8% top3 boost16,2024-02-29,2024-03-31,SPMO,"EIS,SPMO,MTUM",3
current_best momentum_country bucket8% top3 boost16,2024-03-31,2024-04-30,SPMO,"EPU,DXJ,SPMO",3
current_best momentum_country bucket8% top3 boost16,2024-04-30,2024-05-31,INDA,"EPU,TUR,DXJ",3
current_best momentum_country bucket8% top3 boost16,2024-05-31,2024-06-30,SPMO,"EPU,TUR,EPOL",3
current_best momentum_country bucket8% top3 boost16,2024-06-30,2024-07-31,SPMO,"EWT,SPMO,EZA",3
current_best momentum_country bucket8% top3 boost16,2024-07-31,2024-08-31,INDA,"EPI,EZA,INDA",3
current_best momentum_country bucket8% top3 boost16,2024-08-31,2024-09-30,SPMO,"EWM,ARGT,EIS",3
current_best momentum_country bucket8% top3 boost16,2024-09-30,2024-10-31,SPMO,"KWEB,EZA,MCHI",3
current_best momentum_country bucket8% top3 boost16,2024-10-31,2024-11-30,MTUM,"ARGT,EZA,EPU",3
current_best momentum_country bucket8% top3 boost16,2024-11-30,2024-12-31,MTUM,"ARGT,EIS,EWS",3
current_best momentum_country bucket8% top3 boost16,2024-12-31,2025-01-31,SCHG,"ARGT,EIS,UAE",3
current_best momentum_country bucket8% top3 boost16,2025-01-31,2025-02-28,SPMO,"GXG,EIS,EWG",3
current_best momentum_country bucket8% top3 boost16,2025-02-28,2025-03-31,SPMO,"GXG,EPOL,EWP",3
current_best momentum_country bucket8% top3 boost16,2025-03-31,2025-04-30,IEF,"EPOL,GREK,EWP",3
current_best momentum_country bucket8% top3 boost16,2025-04-30,2025-05-31,EWJ,"GREK,EWP,ECH",3
current_best momentum_country bucket8% top3 boost16,2025-05-31,2025-06-30,SPMO,"GREK,EWP,EWW",3
current_best momentum_country bucket8% top3 boost16,2025-06-30,2025-07-31,EWY,"GREK,EWY,EIS",3
current_best momentum_country bucket8% top3 boost16,2025-07-31,2025-08-31,XLK,"VNM,UAE,EWY",3
current_best momentum_country bucket8% top3 boost16,2025-08-31,2025-09-30,SCHG,"VNM,EPU,GXG",3
current_best momentum_country bucket8% top3 boost16,2025-09-30,2025-10-31,EWY,"EPU,EZA,KWEB",3
current_best momentum_country bucket8% top3 boost16,2025-10-31,2025-11-30,EWY,"EWY,GXG,EPU",3
current_best momentum_country bucket8% top3 boost16,2025-11-30,2025-12-31,EWY,"EPU,ECH,EWZ",3
current_best momentum_country bucket8% top3 boost16,2025-12-31,2026-01-31,EWY,"EPU,EZA,ECH",3
current_best momentum_country bucket8% top3 boost16,2026-01-31,2026-02-28,EWY,"EWY,EPU,GXG",3
current_best momentum_country bucket8% top3 boost16,2026-02-28,2026-03-31,EWY,"EWY,EPU,EZA",3
current_best momentum_country bucket8% top3 boost16,2026-03-31,2026-04-29,BIL,"NORW,EWZ,THD",3
current_best momentum_country bucket10% top1 boost16,2016-09-30,2016-10-31,EWY,KWEB,1
current_best momentum_country bucket10% top1 boost16,2016-10-31,2016-11-30,EWJ,EWZ,1
current_best momentum_country bucket10% top1 boost16,2016-11-30,2016-12-31,,DXJ,1
current_best momentum_country bucket10% top1 boost16,2016-12-31,2017-01-31,SPMO,PAK,1
current_best momentum_country bucket10% top1 boost16,2017-01-31,2017-02-28,XLK,EPOL,1
current_best momentum_country bucket10% top1 boost16,2017-02-28,2017-03-31,SCHG,EPOL,1
current_best momentum_country bucket10% top1 boost16,2017-03-31,2017-04-30,INDA,ARGT,1
current_best momentum_country bucket10% top1 boost16,2017-04-30,2017-05-31,EWY,EPOL,1
current_best momentum_country bucket10% top1 boost16,2017-05-31,2017-06-30,EWY,TUR,1
current_best momentum_country bucket10% top1 boost16,2017-06-30,2017-07-31,EWY,GREK,1
current_best momentum_country bucket10% top1 boost16,2017-07-31,2017-08-31,INDA,KWEB,1
current_best momentum_country bucket10% top1 boost16,2017-08-31,2017-09-30,XLK,MCHI,1
current_best momentum_country bucket10% top1 boost16,2017-09-30,2017-10-31,MTUM,MCHI,1
current_best momentum_country bucket10% top1 boost16,2017-10-31,2017-11-30,XLK,EPU,1
current_best momentum_country bucket10% top1 boost16,2017-11-30,2017-12-31,SPMO,VNM,1
current_best momentum_country bucket10% top1 boost16,2017-12-31,2018-01-31,SPMO,VNM,1
current_best momentum_country bucket10% top1 boost16,2018-01-31,2018-02-28,SPMO,GREK,1
current_best momentum_country bucket10% top1 boost16,2018-02-28,2018-03-31,SPMO,VNM,1
current_best momentum_country bucket10% top1 boost16,2018-03-31,2018-04-30,BIL,EGPT,1
current_best momentum_country bucket10% top1 boost16,2018-04-30,2018-05-31,EWY,KSA,1
current_best momentum_country bucket10% top1 boost16,2018-05-31,2018-06-30,XLK,KSA,1
current_best momentum_country bucket10% top1 boost16,2018-06-30,2018-07-31,XLK,KSA,1
current_best momentum_country bucket10% top1 boost16,2018-07-31,2018-08-31,SPMO,QAT,1
current_best momentum_country bucket10% top1 boost16,2018-08-31,2018-09-30,XLK,EIS,1
current_best momentum_country bucket10% top1 boost16,2018-09-30,2018-10-31,SPMO,QAT,1
current_best momentum_country bucket10% top1 boost16,2018-10-31,2018-11-30,BIL,QAT,1
current_best momentum_country bucket10% top1 boost16,2018-11-30,2018-12-31,IEF,QAT,1
current_best momentum_country bucket10% top1 boost16,2018-12-31,2019-01-31,IEF,EIDO,1
current_best momentum_country bucket10% top1 boost16,2019-01-31,2019-02-28,IEF,EWZ,1
current_best momentum_country bucket10% top1 boost16,2019-02-28,2019-03-31,SPMO,KWEB,1
current_best momentum_country bucket10% top1 boost16,2019-03-31,2019-04-30,XLK,XLK,1
current_best momentum_country bucket10% top1 boost16,2019-04-30,2019-05-31,XLK,XLK,1
current_best momentum_country bucket10% top1 boost16,2019-05-31,2019-06-30,INDA,GREK,1
current_best momentum_country bucket10% top1 boost16,2019-06-30,2019-07-31,MTUM,ARGT,1
current_best momentum_country bucket10% top1 boost16,2019-07-31,2019-08-31,XLK,GREK,1
current_best momentum_country bucket10% top1 boost16,2019-08-31,2019-09-30,IEF,EGPT,1
current_best momentum_country bucket10% top1 boost16,2019-09-30,2019-10-31,EWJ,TUR,1
current_best momentum_country bucket10% top1 boost16,2019-10-31,2019-11-30,EWJ,EWT,1
current_best momentum_country bucket10% top1 boost16,2019-11-30,2019-12-31,XLK,PAK,1
current_best momentum_country bucket10% top1 boost16,2019-12-31,2020-01-31,XLK,EWZ,1
current_best momentum_country bucket10% top1 boost16,2020-01-31,2020-02-29,XLK,XLK,1
current_best momentum_country bucket10% top1 boost16,2020-02-29,2020-03-31,IEF,,0
current_best momentum_country bucket10% top1 boost16,2020-03-31,2020-04-30,IEF,,0
current_best momentum_country bucket10% top1 boost16,2020-04-30,2020-05-31,IEF,,0
current_best momentum_country bucket10% top1 boost16,2020-05-31,2020-06-30,SCHG,EDEN,1
current_best momentum_country bucket10% top1 boost16,2020-06-30,2020-07-31,XLK,KWEB,1
current_best momentum_country bucket10% top1 boost16,2020-07-31,2020-08-31,XLK,ARGT,1
current_best momentum_country bucket10% top1 boost16,2020-08-31,2020-09-30,XLK,XLK,1
current_best momentum_country bucket10% top1 boost16,2020-09-30,2020-10-31,XLK,XLK,1
current_best momentum_country bucket10% top1 boost16,2020-10-31,2020-11-30,EWY,MCHI,1
current_best momentum_country bucket10% top1 boost16,2020-11-30,2020-12-31,EWY,EWY,1
current_best momentum_country bucket10% top1 boost16,2020-12-31,2021-01-31,EWY,GXG,1
current_best momentum_country bucket10% top1 boost16,2021-01-31,2021-02-28,EWY,KWEB,1
current_best momentum_country bucket10% top1 boost16,2021-02-28,2021-03-31,EWY,EWT,1
current_best momentum_country bucket10% top1 boost16,2021-03-31,2021-04-30,XLK,EWT,1
current_best momentum_country bucket10% top1 boost16,2021-04-30,2021-05-31,SCHG,KSA,1
current_best momentum_country bucket10% top1 boost16,2021-05-31,2021-06-30,INDA,EPOL,1
current_best momentum_country bucket10% top1 boost16,2021-06-30,2021-07-31,SPMO,VNM,1
current_best momentum_country bucket10% top1 boost16,2021-07-31,2021-08-31,XLK,EDEN,1
current_best momentum_country bucket10% top1 boost16,2021-08-31,2021-09-30,INDA,ARGT,1
current_best momentum_country bucket10% top1 boost16,2021-09-30,2021-10-31,INDA,EPI,1
current_best momentum_country bucket10% top1 boost16,2021-10-31,2021-11-30,SCHG,SCHG,1
current_best momentum_country bucket10% top1 boost16,2021-11-30,2021-12-31,XLK,UAE,1
current_best momentum_country bucket10% top1 boost16,2021-12-31,2022-01-31,XLK,EGPT,1
current_best momentum_country bucket10% top1 boost16,2022-01-31,2022-02-28,,EPU,1
current_best momentum_country bucket10% top1 boost16,2022-02-28,2022-03-31,,EPU,1
current_best momentum_country bucket10% top1 boost16,2022-03-31,2022-04-30,BIL,EWZ,1
current_best momentum_country bucket10% top1 boost16,2022-04-30,2022-05-31,BIL,KSA,1
current_best momentum_country bucket10% top1 boost16,2022-05-31,2022-06-30,BIL,ECH,1
current_best momentum_country bucket10% top1 boost16,2022-06-30,2022-07-31,BIL,,0
current_best momentum_country bucket10% top1 boost16,2022-07-31,2022-08-31,BIL,DXJ,1
current_best momentum_country bucket10% top1 boost16,2022-08-31,2022-09-30,BIL,ECH,1
current_best momentum_country bucket10% top1 boost16,2022-09-30,2022-10-31,BIL,TUR,1
current_best momentum_country bucket10% top1 boost16,2022-10-31,2022-11-30,MTUM,TUR,1
current_best momentum_country bucket10% top1 boost16,2022-11-30,2022-12-31,MTUM,TUR,1
current_best momentum_country bucket10% top1 boost16,2022-12-31,2023-01-31,BIL,TUR,1
current_best momentum_country bucket10% top1 boost16,2023-01-31,2023-02-28,EWY,ARGT,1
current_best momentum_country bucket10% top1 boost16,2023-02-28,2023-03-31,XLK,GREK,1
current_best momentum_country bucket10% top1 boost16,2023-03-31,2023-04-30,XLK,XLK,1
current_best momentum_country bucket10% top1 boost16,2023-04-30,2023-05-31,XLK,EIRL,1
current_best momentum_country bucket10% top1 boost16,2023-05-31,2023-06-30,XLK,GREK,1
current_best momentum_country bucket10% top1 boost16,2023-06-30,2023-07-31,XLK,XLK,1
current_best momentum_country bucket10% top1 boost16,2023-07-31,2023-08-31,SCHG,EPOL,1
current_best momentum_country bucket10% top1 boost16,2023-08-31,2023-09-30,XLK,VNM,1
current_best momentum_country bucket10% top1 boost16,2023-09-30,2023-10-31,SPMO,EGPT,1
current_best momentum_country bucket10% top1 boost16,2023-10-31,2023-11-30,BIL,EGPT,1
current_best momentum_country bucket10% top1 boost16,2023-11-30,2023-12-31,XLK,PAK,1
current_best momentum_country bucket10% top1 boost16,2023-12-31,2024-01-31,XLK,EWD,1
current_best momentum_country bucket10% top1 boost16,2024-01-31,2024-02-29,SPMO,EGPT,1
current_best momentum_country bucket10% top1 boost16,2024-02-29,2024-03-31,SPMO,EIS,1
current_best momentum_country bucket10% top1 boost16,2024-03-31,2024-04-30,SPMO,EPU,1
current_best momentum_country bucket10% top1 boost16,2024-04-30,2024-05-31,INDA,EPU,1
current_best momentum_country bucket10% top1 boost16,2024-05-31,2024-06-30,SPMO,EPU,1
current_best momentum_country bucket10% top1 boost16,2024-06-30,2024-07-31,SPMO,EWT,1
current_best momentum_country bucket10% top1 boost16,2024-07-31,2024-08-31,INDA,EPI,1
current_best momentum_country bucket10% top1 boost16,2024-08-31,2024-09-30,SPMO,EWM,1
current_best momentum_country bucket10% top1 boost16,2024-09-30,2024-10-31,SPMO,KWEB,1
current_best momentum_country bucket10% top1 boost16,2024-10-31,2024-11-30,MTUM,ARGT,1
current_best momentum_country bucket10% top1 boost16,2024-11-30,2024-12-31,MTUM,ARGT,1
current_best momentum_country bucket10% top1 boost16,2024-12-31,2025-01-31,SCHG,ARGT,1
current_best momentum_country bucket10% top1 boost16,2025-01-31,2025-02-28,SPMO,GXG,1
current_best momentum_country bucket10% top1 boost16,2025-02-28,2025-03-31,SPMO,GXG,1
current_best momentum_country bucket10% top1 boost16,2025-03-31,2025-04-30,IEF,EPOL,1
current_best momentum_country bucket10% top1 boost16,2025-04-30,2025-05-31,EWJ,GREK,1
current_best momentum_country bucket10% top1 boost16,2025-05-31,2025-06-30,SPMO,GREK,1
current_best momentum_country bucket10% top1 boost16,2025-06-30,2025-07-31,EWY,GREK,1
current_best momentum_country bucket10% top1 boost16,2025-07-31,2025-08-31,XLK,VNM,1
current_best momentum_country bucket10% top1 boost16,2025-08-31,2025-09-30,SCHG,VNM,1
current_best momentum_country bucket10% top1 boost16,2025-09-30,2025-10-31,EWY,EPU,1
current_best momentum_country bucket10% top1 boost16,2025-10-31,2025-11-30,EWY,EWY,1
current_best momentum_country bucket10% top1 boost16,2025-11-30,2025-12-31,EWY,EPU,1
current_best momentum_country bucket10% top1 boost16,2025-12-31,2026-01-31,EWY,EPU,1
current_best momentum_country bucket10% top1 boost16,2026-01-31,2026-02-28,EWY,EWY,1
current_best momentum_country bucket10% top1 boost16,2026-02-28,2026-03-31,EWY,EWY,1
current_best momentum_country bucket10% top1 boost16,2026-03-31,2026-04-29,BIL,NORW,1
current_best momentum_country bucket10% top2 boost16,2016-09-30,2016-10-31,EWY,"KWEB,EWT",2
current_best momentum_country bucket10% top2 boost16,2016-10-31,2016-11-30,EWJ,"EWZ,ECH",2
current_best momentum_country bucket10% top2 boost16,2016-11-30,2016-12-31,,"DXJ,KSA",2
current_best momentum_country bucket10% top2 boost16,2016-12-31,2017-01-31,SPMO,"PAK,KSA",2
current_best momentum_country bucket10% top2 boost16,2017-01-31,2017-02-28,XLK,"EPOL,EWZ",2
current_best momentum_country bucket10% top2 boost16,2017-02-28,2017-03-31,SCHG,"EPOL,SCHG",2
current_best momentum_country bucket10% top2 boost16,2017-03-31,2017-04-30,INDA,"ARGT,EPI",2
current_best momentum_country bucket10% top2 boost16,2017-04-30,2017-05-31,EWY,"EPOL,KWEB",2
current_best momentum_country bucket10% top2 boost16,2017-05-31,2017-06-30,EWY,"TUR,EDEN",2
current_best momentum_country bucket10% top2 boost16,2017-06-30,2017-07-31,EWY,"GREK,EWI",2
current_best momentum_country bucket10% top2 boost16,2017-07-31,2017-08-31,INDA,"KWEB,TUR",2
current_best momentum_country bucket10% top2 boost16,2017-08-31,2017-09-30,XLK,"MCHI,EPOL",2
current_best momentum_country bucket10% top2 boost16,2017-09-30,2017-10-31,MTUM,"MCHI,THD",2
current_best momentum_country bucket10% top2 boost16,2017-10-31,2017-11-30,XLK,"EPU,XLK",2
current_best momentum_country bucket10% top2 boost16,2017-11-30,2017-12-31,SPMO,"VNM,EGPT",2
current_best momentum_country bucket10% top2 boost16,2017-12-31,2018-01-31,SPMO,"VNM,ARGT",2
current_best momentum_country bucket10% top2 boost16,2018-01-31,2018-02-28,SPMO,"GREK,VNM",2
current_best momentum_country bucket10% top2 boost16,2018-02-28,2018-03-31,SPMO,"VNM,THD",2
current_best momentum_country bucket10% top2 boost16,2018-03-31,2018-04-30,BIL,"EGPT,KSA",2
current_best momentum_country bucket10% top2 boost16,2018-04-30,2018-05-31,EWY,"KSA,EGPT",2
current_best momentum_country bucket10% top2 boost16,2018-05-31,2018-06-30,XLK,"KSA,XLK",2
current_best momentum_country bucket10% top2 boost16,2018-06-30,2018-07-31,XLK,"KSA,SCHG",2
current_best momentum_country bucket10% top2 boost16,2018-07-31,2018-08-31,SPMO,"QAT,INDA",2
current_best momentum_country bucket10% top2 boost16,2018-08-31,2018-09-30,XLK,"EIS,XLK",2
current_best momentum_country bucket10% top2 boost16,2018-09-30,2018-10-31,SPMO,"QAT,DXJ",2
current_best momentum_country bucket10% top2 boost16,2018-10-31,2018-11-30,BIL,"QAT,EWZ",2
current_best momentum_country bucket10% top2 boost16,2018-11-30,2018-12-31,IEF,"QAT,EIDO",2
current_best momentum_country bucket10% top2 boost16,2018-12-31,2019-01-31,IEF,"EIDO,EWZ",2
current_best momentum_country bucket10% top2 boost16,2019-01-31,2019-02-28,IEF,"EWZ,KSA",2
current_best momentum_country bucket10% top2 boost16,2019-02-28,2019-03-31,SPMO,"KWEB,ARGT",2
current_best momentum_country bucket10% top2 boost16,2019-03-31,2019-04-30,XLK,"XLK,GREK",2
current_best momentum_country bucket10% top2 boost16,2019-04-30,2019-05-31,XLK,"XLK,KSA",2
current_best momentum_country bucket10% top2 boost16,2019-05-31,2019-06-30,INDA,"GREK,INDA",2
current_best momentum_country bucket10% top2 boost16,2019-06-30,2019-07-31,MTUM,"ARGT,GREK",2
current_best momentum_country bucket10% top2 boost16,2019-07-31,2019-08-31,XLK,"GREK,XLK",2
current_best momentum_country bucket10% top2 boost16,2019-08-31,2019-09-30,IEF,"EGPT,XLK",2
current_best momentum_country bucket10% top2 boost16,2019-09-30,2019-10-31,EWJ,"TUR,EWJ",2
current_best momentum_country bucket10% top2 boost16,2019-10-31,2019-11-30,EWJ,"EWT,DXJ",2
current_best momentum_country bucket10% top2 boost16,2019-11-30,2019-12-31,XLK,"PAK,XLK",2
current_best momentum_country bucket10% top2 boost16,2019-12-31,2020-01-31,XLK,"EWZ,EWT",2
current_best momentum_country bucket10% top2 boost16,2020-01-31,2020-02-29,XLK,"XLK,EDEN",2
current_best momentum_country bucket10% top2 boost16,2020-02-29,2020-03-31,IEF,,0
current_best momentum_country bucket10% top2 boost16,2020-03-31,2020-04-30,IEF,,0
current_best momentum_country bucket10% top2 boost16,2020-04-30,2020-05-31,IEF,,0
current_best momentum_country bucket10% top2 boost16,2020-05-31,2020-06-30,SCHG,"EDEN,SCHG",2
current_best momentum_country bucket10% top2 boost16,2020-06-30,2020-07-31,XLK,"KWEB,XLK",2
current_best momentum_country bucket10% top2 boost16,2020-07-31,2020-08-31,XLK,"ARGT,EWT",2
current_best momentum_country bucket10% top2 boost16,2020-08-31,2020-09-30,XLK,"XLK,SCHG",2
current_best momentum_country bucket10% top2 boost16,2020-09-30,2020-10-31,XLK,"XLK,EWY",2
current_best momentum_country bucket10% top2 boost16,2020-10-31,2020-11-30,EWY,"MCHI,KWEB",2
current_best momentum_country bucket10% top2 boost16,2020-11-30,2020-12-31,EWY,"EWY,EWW",2
current_best momentum_country bucket10% top2 boost16,2020-12-31,2021-01-31,EWY,"GXG,EWY",2
current_best momentum_country bucket10% top2 boost16,2021-01-31,2021-02-28,EWY,"KWEB,EWT",2
current_best momentum_country bucket10% top2 boost16,2021-02-28,2021-03-31,EWY,"EWT,EPI",2
current_best momentum_country bucket10% top2 boost16,2021-03-31,2021-04-30,XLK,"EWT,KSA",2
current_best momentum_country bucket10% top2 boost16,2021-04-30,2021-05-31,SCHG,"KSA,EWT",2
current_best momentum_country bucket10% top2 boost16,2021-05-31,2021-06-30,INDA,"EPOL,EWC",2
current_best momentum_country bucket10% top2 boost16,2021-06-30,2021-07-31,SPMO,"VNM,EWZ",2
current_best momentum_country bucket10% top2 boost16,2021-07-31,2021-08-31,XLK,"EDEN,XLK",2
current_best momentum_country bucket10% top2 boost16,2021-08-31,2021-09-30,INDA,"ARGT,INDA",2
current_best momentum_country bucket10% top2 boost16,2021-09-30,2021-10-31,INDA,"EPI,INDA",2
current_best momentum_country bucket10% top2 boost16,2021-10-31,2021-11-30,SCHG,"SCHG,XLK",2
current_best momentum_country bucket10% top2 boost16,2021-11-30,2021-12-31,XLK,"UAE,XLK",2
current_best momentum_country bucket10% top2 boost16,2021-12-31,2022-01-31,XLK,"EGPT,VNM",2
current_best momentum_country bucket10% top2 boost16,2022-01-31,2022-02-28,,"EPU,KSA",2
current_best momentum_country bucket10% top2 boost16,2022-02-28,2022-03-31,,"EPU,UAE",2
current_best momentum_country bucket10% top2 boost16,2022-03-31,2022-04-30,BIL,"EWZ,EWW",2
current_best momentum_country bucket10% top2 boost16,2022-04-30,2022-05-31,BIL,"KSA,UAE",2
current_best momentum_country bucket10% top2 boost16,2022-05-31,2022-06-30,BIL,"ECH,EIDO",2
current_best momentum_country bucket10% top2 boost16,2022-06-30,2022-07-31,BIL,,0
current_best momentum_country bucket10% top2 boost16,2022-07-31,2022-08-31,BIL,DXJ,1
current_best momentum_country bucket10% top2 boost16,2022-08-31,2022-09-30,BIL,"ECH,TUR",2
current_best momentum_country bucket10% top2 boost16,2022-09-30,2022-10-31,BIL,TUR,1
current_best momentum_country bucket10% top2 boost16,2022-10-31,2022-11-30,MTUM,"TUR,EWW",2
current_best momentum_country bucket10% top2 boost16,2022-11-30,2022-12-31,MTUM,"TUR,EWI",2
current_best momentum_country bucket10% top2 boost16,2022-12-31,2023-01-31,BIL,"TUR,EPOL",2
current_best momentum_country bucket10% top2 boost16,2023-01-31,2023-02-28,EWY,"ARGT,GREK",2
current_best momentum_country bucket10% top2 boost16,2023-02-28,2023-03-31,XLK,"GREK,ARGT",2
current_best momentum_country bucket10% top2 boost16,2023-03-31,2023-04-30,XLK,"XLK,EDEN",2
current_best momentum_country bucket10% top2 boost16,2023-04-30,2023-05-31,XLK,"EIRL,EPOL",2
current_best momentum_country bucket10% top2 boost16,2023-05-31,2023-06-30,XLK,"GREK,XLK",2
current_best momentum_country bucket10% top2 boost16,2023-06-30,2023-07-31,XLK,"XLK,GREK",2
current_best momentum_country bucket10% top2 boost16,2023-07-31,2023-08-31,SCHG,"EPOL,VNM",2
current_best momentum_country bucket10% top2 boost16,2023-08-31,2023-09-30,XLK,"VNM,TUR",2
current_best momentum_country bucket10% top2 boost16,2023-09-30,2023-10-31,SPMO,"EGPT,DXJ",2
current_best momentum_country bucket10% top2 boost16,2023-10-31,2023-11-30,BIL,"EGPT,PAK",2
current_best momentum_country bucket10% top2 boost16,2023-11-30,2023-12-31,XLK,"PAK,ARGT",2
current_best momentum_country bucket10% top2 boost16,2023-12-31,2024-01-31,XLK,"EWD,EWZ",2
current_best momentum_country bucket10% top2 boost16,2024-01-31,2024-02-29,SPMO,"EGPT,SPMO",2
current_best momentum_country bucket10% top2 boost16,2024-02-29,2024-03-31,SPMO,"EIS,SPMO",2
current_best momentum_country bucket10% top2 boost16,2024-03-31,2024-04-30,SPMO,"EPU,DXJ",2
current_best momentum_country bucket10% top2 boost16,2024-04-30,2024-05-31,INDA,"EPU,TUR",2
current_best momentum_country bucket10% top2 boost16,2024-05-31,2024-06-30,SPMO,"EPU,TUR",2
current_best momentum_country bucket10% top2 boost16,2024-06-30,2024-07-31,SPMO,"EWT,SPMO",2
current_best momentum_country bucket10% top2 boost16,2024-07-31,2024-08-31,INDA,"EPI,EZA",2
current_best momentum_country bucket10% top2 boost16,2024-08-31,2024-09-30,SPMO,"EWM,ARGT",2
current_best momentum_country bucket10% top2 boost16,2024-09-30,2024-10-31,SPMO,"KWEB,EZA",2
current_best momentum_country bucket10% top2 boost16,2024-10-31,2024-11-30,MTUM,"ARGT,EZA",2
current_best momentum_country bucket10% top2 boost16,2024-11-30,2024-12-31,MTUM,"ARGT,EIS",2
current_best momentum_country bucket10% top2 boost16,2024-12-31,2025-01-31,SCHG,"ARGT,EIS",2
current_best momentum_country bucket10% top2 boost16,2025-01-31,2025-02-28,SPMO,"GXG,EIS",2
current_best momentum_country bucket10% top2 boost16,2025-02-28,2025-03-31,SPMO,"GXG,EPOL",2
current_best momentum_country bucket10% top2 boost16,2025-03-31,2025-04-30,IEF,"EPOL,GREK",2
current_best momentum_country bucket10% top2 boost16,2025-04-30,2025-05-31,EWJ,"GREK,EWP",2
current_best momentum_country bucket10% top2 boost16,2025-05-31,2025-06-30,SPMO,"GREK,EWP",2
current_best momentum_country bucket10% top2 boost16,2025-06-30,2025-07-31,EWY,"GREK,EWY",2
current_best momentum_country bucket10% top2 boost16,2025-07-31,2025-08-31,XLK,"VNM,UAE",2
current_best momentum_country bucket10% top2 boost16,2025-08-31,2025-09-30,SCHG,"VNM,EPU",2
current_best momentum_country bucket10% top2 boost16,2025-09-30,2025-10-31,EWY,"EPU,EZA",2
current_best momentum_country bucket10% top2 boost16,2025-10-31,2025-11-30,EWY,"EWY,GXG",2
current_best momentum_country bucket10% top2 boost16,2025-11-30,2025-12-31,EWY,"EPU,ECH",2
current_best momentum_country bucket10% top2 boost16,2025-12-31,2026-01-31,EWY,"EPU,EZA",2
current_best momentum_country bucket10% top2 boost16,2026-01-31,2026-02-28,EWY,"EWY,EPU",2
current_best momentum_country bucket10% top2 boost16,2026-02-28,2026-03-31,EWY,"EWY,EPU",2
current_best momentum_country bucket10% top2 boost16,2026-03-31,2026-04-29,BIL,"NORW,EWZ",2
current_best momentum_country bucket10% top3 boost16,2016-09-30,2016-10-31,EWY,"KWEB,EWT,ARGT",3
current_best momentum_country bucket10% top3 boost16,2016-10-31,2016-11-30,EWJ,"EWZ,ECH,DXJ",3
current_best momentum_country bucket10% top3 boost16,2016-11-30,2016-12-31,,"DXJ,KSA,GREK",3
current_best momentum_country bucket10% top3 boost16,2016-12-31,2017-01-31,SPMO,"PAK,KSA,EWI",3
current_best momentum_country bucket10% top3 boost16,2017-01-31,2017-02-28,XLK,"EPOL,EWZ,ARGT",3
current_best momentum_country bucket10% top3 boost16,2017-02-28,2017-03-31,SCHG,"EPOL,SCHG,XLK",3
current_best momentum_country bucket10% top3 boost16,2017-03-31,2017-04-30,INDA,"ARGT,EPI,EWP",3
current_best momentum_country bucket10% top3 boost16,2017-04-30,2017-05-31,EWY,"EPOL,KWEB,EWP",3
current_best momentum_country bucket10% top3 boost16,2017-05-31,2017-06-30,EWY,"TUR,EDEN,EWY",3
current_best momentum_country bucket10% top3 boost16,2017-06-30,2017-07-31,EWY,"GREK,EWI,TUR",3
current_best momentum_country bucket10% top3 boost16,2017-07-31,2017-08-31,INDA,"KWEB,TUR,MCHI",3
current_best momentum_country bucket10% top3 boost16,2017-08-31,2017-09-30,XLK,"MCHI,EPOL,KWEB",3
current_best momentum_country bucket10% top3 boost16,2017-09-30,2017-10-31,MTUM,"MCHI,THD,EWI",3
current_best momentum_country bucket10% top3 boost16,2017-10-31,2017-11-30,XLK,"EPU,XLK,EGPT",3
current_best momentum_country bucket10% top3 boost16,2017-11-30,2017-12-31,SPMO,"VNM,EGPT,SPMO",3
current_best momentum_country bucket10% top3 boost16,2017-12-31,2018-01-31,SPMO,"VNM,ARGT,EZA",3
current_best momentum_country bucket10% top3 boost16,2018-01-31,2018-02-28,SPMO,"GREK,VNM,ARGT",3
current_best momentum_country bucket10% top3 boost16,2018-02-28,2018-03-31,SPMO,"VNM,THD,KWEB",3
current_best momentum_country bucket10% top3 boost16,2018-03-31,2018-04-30,BIL,"EGPT,KSA,EWM",3
current_best momentum_country bucket10% top3 boost16,2018-04-30,2018-05-31,EWY,"KSA,EGPT,EPU",3
current_best momentum_country bucket10% top3 boost16,2018-05-31,2018-06-30,XLK,"KSA,XLK,QAT",3
current_best momentum_country bucket10% top3 boost16,2018-06-30,2018-07-31,XLK,"KSA,SCHG,XLK",3
current_best momentum_country bucket10% top3 boost16,2018-07-31,2018-08-31,SPMO,"QAT,INDA,EIS",3
current_best momentum_country bucket10% top3 boost16,2018-08-31,2018-09-30,XLK,"EIS,XLK,SCHG",3
current_best momentum_country bucket10% top3 boost16,2018-09-30,2018-10-31,SPMO,"QAT,DXJ,XLK",3
current_best momentum_country bucket10% top3 boost16,2018-10-31,2018-11-30,BIL,"QAT,EWZ",2
current_best momentum_country bucket10% top3 boost16,2018-11-30,2018-12-31,IEF,"QAT,EIDO,EWZ",3
current_best momentum_country bucket10% top3 boost16,2018-12-31,2019-01-31,IEF,"EIDO,EWZ,QAT",3
current_best momentum_country bucket10% top3 boost16,2019-01-31,2019-02-28,IEF,"EWZ,KSA,TUR",3
current_best momentum_country bucket10% top3 boost16,2019-02-28,2019-03-31,SPMO,"KWEB,ARGT,GXG",3
current_best momentum_country bucket10% top3 boost16,2019-03-31,2019-04-30,XLK,"XLK,GREK,MCHI",3
current_best momentum_country bucket10% top3 boost16,2019-04-30,2019-05-31,XLK,"XLK,KSA,SCHG",3
current_best momentum_country bucket10% top3 boost16,2019-05-31,2019-06-30,INDA,"GREK,INDA,EPI",3
current_best momentum_country bucket10% top3 boost16,2019-06-30,2019-07-31,MTUM,"ARGT,GREK,ENZL",3
current_best momentum_country bucket10% top3 boost16,2019-07-31,2019-08-31,XLK,"GREK,XLK,TUR",3
current_best momentum_country bucket10% top3 boost16,2019-08-31,2019-09-30,IEF,"EGPT,XLK,MTUM",3
current_best momentum_country bucket10% top3 boost16,2019-09-30,2019-10-31,EWJ,"TUR,EWJ,EWT",3
current_best momentum_country bucket10% top3 boost16,2019-10-31,2019-11-30,EWJ,"EWT,DXJ,EWD",3
current_best momentum_country bucket10% top3 boost16,2019-11-30,2019-12-31,XLK,"PAK,XLK,EIRL",3
current_best momentum_country bucket10% top3 boost16,2019-12-31,2020-01-31,XLK,"EWZ,EWT,XLK",3
current_best momentum_country bucket10% top3 boost16,2020-01-31,2020-02-29,XLK,"XLK,EDEN,SCHG",3
current_best momentum_country bucket10% top3 boost16,2020-02-29,2020-03-31,IEF,,0
current_best momentum_country bucket10% top3 boost16,2020-03-31,2020-04-30,IEF,,0
current_best momentum_country bucket10% top3 boost16,2020-04-30,2020-05-31,IEF,,0
current_best momentum_country bucket10% top3 boost16,2020-05-31,2020-06-30,SCHG,"EDEN,SCHG,XLK",3
current_best momentum_country bucket10% top3 boost16,2020-06-30,2020-07-31,XLK,"KWEB,XLK,SCHG",3
current_best momentum_country bucket10% top3 boost16,2020-07-31,2020-08-31,XLK,"ARGT,EWT,EPU",3
current_best momentum_country bucket10% top3 boost16,2020-08-31,2020-09-30,XLK,"XLK,SCHG,KWEB",3
current_best momentum_country bucket10% top3 boost16,2020-09-30,2020-10-31,XLK,"XLK,EWY,KWEB",3
current_best momentum_country bucket10% top3 boost16,2020-10-31,2020-11-30,EWY,"MCHI,KWEB,EWT",3
current_best momentum_country bucket10% top3 boost16,2020-11-30,2020-12-31,EWY,"EWY,EWW,EIRL",3
current_best momentum_country bucket10% top3 boost16,2020-12-31,2021-01-31,EWY,"GXG,EWY,TUR",3
current_best momentum_country bucket10% top3 boost16,2021-01-31,2021-02-28,EWY,"KWEB,EWT,EZA",3
current_best momentum_country bucket10% top3 boost16,2021-02-28,2021-03-31,EWY,"EWT,EPI,EPU",3
current_best momentum_country bucket10% top3 boost16,2021-03-31,2021-04-30,XLK,"EWT,KSA,EWN",3
current_best momentum_country bucket10% top3 boost16,2021-04-30,2021-05-31,SCHG,"KSA,EWT,GREK",3
current_best momentum_country bucket10% top3 boost16,2021-05-31,2021-06-30,INDA,"EPOL,EWC,KSA",3
current_best momentum_country bucket10% top3 boost16,2021-06-30,2021-07-31,SPMO,"VNM,EWZ,UAE",3
current_best momentum_country bucket10% top3 boost16,2021-07-31,2021-08-31,XLK,"EDEN,XLK,KSA",3
current_best momentum_country bucket10% top3 boost16,2021-08-31,2021-09-30,INDA,"ARGT,INDA,EPI",3
current_best momentum_country bucket10% top3 boost16,2021-09-30,2021-10-31,INDA,"EPI,INDA,KSA",3
current_best momentum_country bucket10% top3 boost16,2021-10-31,2021-11-30,SCHG,"SCHG,XLK,SPMO",3
current_best momentum_country bucket10% top3 boost16,2021-11-30,2021-12-31,XLK,"UAE,XLK,VNM",3
current_best momentum_country bucket10% top3 boost16,2021-12-31,2022-01-31,XLK,"EGPT,VNM,EPU",3
current_best momentum_country bucket10% top3 boost16,2022-01-31,2022-02-28,,"EPU,KSA,QAT",3
current_best momentum_country bucket10% top3 boost16,2022-02-28,2022-03-31,,"EPU,UAE,EZA",3
current_best momentum_country bucket10% top3 boost16,2022-03-31,2022-04-30,BIL,"EWZ,EWW,ARGT",3
current_best momentum_country bucket10% top3 boost16,2022-04-30,2022-05-31,BIL,"KSA,UAE,QAT",3
current_best momentum_country bucket10% top3 boost16,2022-05-31,2022-06-30,BIL,"ECH,EIDO,EWP",3
current_best momentum_country bucket10% top3 boost16,2022-06-30,2022-07-31,BIL,,0
current_best momentum_country bucket10% top3 boost16,2022-07-31,2022-08-31,BIL,DXJ,1
current_best momentum_country bucket10% top3 boost16,2022-08-31,2022-09-30,BIL,"ECH,TUR,DXJ",3
current_best momentum_country bucket10% top3 boost16,2022-09-30,2022-10-31,BIL,TUR,1
current_best momentum_country bucket10% top3 boost16,2022-10-31,2022-11-30,MTUM,"TUR,EWW,SPMO",3
current_best momentum_country bucket10% top3 boost16,2022-11-30,2022-12-31,MTUM,"TUR,EWI,EWG",3
current_best momentum_country bucket10% top3 boost16,2022-12-31,2023-01-31,BIL,"TUR,EPOL,GREK",3
current_best momentum_country bucket10% top3 boost16,2023-01-31,2023-02-28,EWY,"ARGT,GREK,EIRL",3
current_best momentum_country bucket10% top3 boost16,2023-02-28,2023-03-31,XLK,"GREK,ARGT,EWP",3
current_best momentum_country bucket10% top3 boost16,2023-03-31,2023-04-30,XLK,"XLK,EDEN,EIRL",3
current_best momentum_country bucket10% top3 boost16,2023-04-30,2023-05-31,XLK,"EIRL,EPOL,EWQ",3
current_best momentum_country bucket10% top3 boost16,2023-05-31,2023-06-30,XLK,"GREK,XLK,SCHG",3
current_best momentum_country bucket10% top3 boost16,2023-06-30,2023-07-31,XLK,"XLK,GREK,ARGT",3
current_best momentum_country bucket10% top3 boost16,2023-07-31,2023-08-31,SCHG,"EPOL,VNM,GXG",3
current_best momentum_country bucket10% top3 boost16,2023-08-31,2023-09-30,XLK,"VNM,TUR,ARGT",3
current_best momentum_country bucket10% top3 boost16,2023-09-30,2023-10-31,SPMO,"EGPT,DXJ,TUR",3
current_best momentum_country bucket10% top3 boost16,2023-10-31,2023-11-30,BIL,"EGPT,PAK,DXJ",3
current_best momentum_country bucket10% top3 boost16,2023-11-30,2023-12-31,XLK,"PAK,ARGT,EGPT",3
current_best momentum_country bucket10% top3 boost16,2023-12-31,2024-01-31,XLK,"EWD,EWZ,GXG",3
current_best momentum_country bucket10% top3 boost16,2024-01-31,2024-02-29,SPMO,"EGPT,SPMO,EWN",3
current_best momentum_country bucket10% top3 boost16,2024-02-29,2024-03-31,SPMO,"EIS,SPMO,MTUM",3
current_best momentum_country bucket10% top3 boost16,2024-03-31,2024-04-30,SPMO,"EPU,DXJ,SPMO",3
current_best momentum_country bucket10% top3 boost16,2024-04-30,2024-05-31,INDA,"EPU,TUR,DXJ",3
current_best momentum_country bucket10% top3 boost16,2024-05-31,2024-06-30,SPMO,"EPU,TUR,EPOL",3
current_best momentum_country bucket10% top3 boost16,2024-06-30,2024-07-31,SPMO,"EWT,SPMO,EZA",3
current_best momentum_country bucket10% top3 boost16,2024-07-31,2024-08-31,INDA,"EPI,EZA,INDA",3
current_best momentum_country bucket10% top3 boost16,2024-08-31,2024-09-30,SPMO,"EWM,ARGT,EIS",3
current_best momentum_country bucket10% top3 boost16,2024-09-30,2024-10-31,SPMO,"KWEB,EZA,MCHI",3
current_best momentum_country bucket10% top3 boost16,2024-10-31,2024-11-30,MTUM,"ARGT,EZA,EPU",3
current_best momentum_country bucket10% top3 boost16,2024-11-30,2024-12-31,MTUM,"ARGT,EIS,EWS",3
current_best momentum_country bucket10% top3 boost16,2024-12-31,2025-01-31,SCHG,"ARGT,EIS,UAE",3
current_best momentum_country bucket10% top3 boost16,2025-01-31,2025-02-28,SPMO,"GXG,EIS,EWG",3
current_best momentum_country bucket10% top3 boost16,2025-02-28,2025-03-31,SPMO,"GXG,EPOL,EWP",3
current_best momentum_country bucket10% top3 boost16,2025-03-31,2025-04-30,IEF,"EPOL,GREK,EWP",3
current_best momentum_country bucket10% top3 boost16,2025-04-30,2025-05-31,EWJ,"GREK,EWP,ECH",3
current_best momentum_country bucket10% top3 boost16,2025-05-31,2025-06-30,SPMO,"GREK,EWP,EWW",3
current_best momentum_country bucket10% top3 boost16,2025-06-30,2025-07-31,EWY,"GREK,EWY,EIS",3
current_best momentum_country bucket10% top3 boost16,2025-07-31,2025-08-31,XLK,"VNM,UAE,EWY",3
current_best momentum_country bucket10% top3 boost16,2025-08-31,2025-09-30,SCHG,"VNM,EPU,GXG",3
current_best momentum_country bucket10% top3 boost16,2025-09-30,2025-10-31,EWY,"EPU,EZA,KWEB",3
current_best momentum_country bucket10% top3 boost16,2025-10-31,2025-11-30,EWY,"EWY,GXG,EPU",3
current_best momentum_country bucket10% top3 boost16,2025-11-30,2025-12-31,EWY,"EPU,ECH,EWZ",3
current_best momentum_country bucket10% top3 boost16,2025-12-31,2026-01-31,EWY,"EPU,EZA,ECH",3
current_best momentum_country bucket10% top3 boost16,2026-01-31,2026-02-28,EWY,"EWY,EPU,GXG",3
current_best momentum_country bucket10% top3 boost16,2026-02-28,2026-03-31,EWY,"EWY,EPU,EZA",3
current_best momentum_country bucket10% top3 boost16,2026-03-31,2026-04-29,BIL,"NORW,EWZ,THD",3
current_best sector_country bucket5% top1 boost16,2016-09-30,2016-10-31,EWY,SMH,1
current_best sector_country bucket5% top1 boost16,2016-10-31,2016-11-30,EWJ,EWZ,1
current_best sector_country bucket5% top1 boost16,2016-11-30,2016-12-31,,XLF,1
current_best sector_country bucket5% top1 boost16,2016-12-31,2017-01-31,SPMO,PAK,1
current_best sector_country bucket5% top1 boost16,2017-01-31,2017-02-28,XLK,EPOL,1
current_best sector_country bucket5% top1 boost16,2017-02-28,2017-03-31,SCHG,EPOL,1
current_best sector_country bucket5% top1 boost16,2017-03-31,2017-04-30,INDA,ARGT,1
current_best sector_country bucket5% top1 boost16,2017-04-30,2017-05-31,EWY,EPOL,1
current_best sector_country bucket5% top1 boost16,2017-05-31,2017-06-30,EWY,EDEN,1
current_best sector_country bucket5% top1 boost16,2017-06-30,2017-07-31,EWY,GREK,1
current_best sector_country bucket5% top1 boost16,2017-07-31,2017-08-31,INDA,KWEB,1
current_best sector_country bucket5% top1 boost16,2017-08-31,2017-09-30,XLK,MCHI,1
current_best sector_country bucket5% top1 boost16,2017-09-30,2017-10-31,MTUM,XAR,1
current_best sector_country bucket5% top1 boost16,2017-10-31,2017-11-30,XLK,SMH,1
current_best sector_country bucket5% top1 boost16,2017-11-30,2017-12-31,SPMO,VNM,1
current_best sector_country bucket5% top1 boost16,2017-12-31,2018-01-31,SPMO,VNM,1
current_best sector_country bucket5% top1 boost16,2018-01-31,2018-02-28,SPMO,GREK,1
current_best sector_country bucket5% top1 boost16,2018-02-28,2018-03-31,SPMO,VNM,1
current_best sector_country bucket5% top1 boost16,2018-03-31,2018-04-30,BIL,EGPT,1
current_best sector_country bucket5% top1 boost16,2018-04-30,2018-05-31,EWY,KSA,1
current_best sector_country bucket5% top1 boost16,2018-05-31,2018-06-30,XLK,KSA,1
current_best sector_country bucket5% top1 boost16,2018-06-30,2018-07-31,XLK,KSA,1
current_best sector_country bucket5% top1 boost16,2018-07-31,2018-08-31,SPMO,QAT,1
current_best sector_country bucket5% top1 boost16,2018-08-31,2018-09-30,XLK,XLV,1
current_best sector_country bucket5% top1 boost16,2018-09-30,2018-10-31,SPMO,XLV,1
current_best sector_country bucket5% top1 boost16,2018-10-31,2018-11-30,BIL,QAT,1
current_best sector_country bucket5% top1 boost16,2018-11-30,2018-12-31,IEF,QAT,1
current_best sector_country bucket5% top1 boost16,2018-12-31,2019-01-31,IEF,EIDO,1
current_best sector_country bucket5% top1 boost16,2019-01-31,2019-02-28,IEF,EWZ,1
current_best sector_country bucket5% top1 boost16,2019-02-28,2019-03-31,SPMO,KWEB,1
current_best sector_country bucket5% top1 boost16,2019-03-31,2019-04-30,XLK,SMH,1
current_best sector_country bucket5% top1 boost16,2019-04-30,2019-05-31,XLK,SMH,1
current_best sector_country bucket5% top1 boost16,2019-05-31,2019-06-30,INDA,GREK,1
current_best sector_country bucket5% top1 boost16,2019-06-30,2019-07-31,MTUM,ARGT,1
current_best sector_country bucket5% top1 boost16,2019-07-31,2019-08-31,XLK,GREK,1
current_best sector_country bucket5% top1 boost16,2019-08-31,2019-09-30,IEF,XLU,1
current_best sector_country bucket5% top1 boost16,2019-09-30,2019-10-31,EWJ,XLU,1
current_best sector_country bucket5% top1 boost16,2019-10-31,2019-11-30,EWJ,SMH,1
current_best sector_country bucket5% top1 boost16,2019-11-30,2019-12-31,XLK,XLV,1
current_best sector_country bucket5% top1 boost16,2019-12-31,2020-01-31,XLK,SMH,1
current_best sector_country bucket5% top1 boost16,2020-01-31,2020-02-29,XLK,EDEN,1
current_best sector_country bucket5% top1 boost16,2020-02-29,2020-03-31,IEF,,0
current_best sector_country bucket5% top1 boost16,2020-03-31,2020-04-30,IEF,,0
current_best sector_country bucket5% top1 boost16,2020-04-30,2020-05-31,IEF,,0
current_best sector_country bucket5% top1 boost16,2020-05-31,2020-06-30,SCHG,EDEN,1
current_best sector_country bucket5% top1 boost16,2020-06-30,2020-07-31,XLK,KWEB,1
current_best sector_country bucket5% top1 boost16,2020-07-31,2020-08-31,XLK,ARGT,1
current_best sector_country bucket5% top1 boost16,2020-08-31,2020-09-30,XLK,NORW,1
current_best sector_country bucket5% top1 boost16,2020-09-30,2020-10-31,XLK,SMH,1
current_best sector_country bucket5% top1 boost16,2020-10-31,2020-11-30,EWY,MCHI,1
current_best sector_country bucket5% top1 boost16,2020-11-30,2020-12-31,EWY,SMH,1
current_best sector_country bucket5% top1 boost16,2020-12-31,2021-01-31,EWY,GXG,1
current_best sector_country bucket5% top1 boost16,2021-01-31,2021-02-28,EWY,KWEB,1
current_best sector_country bucket5% top1 boost16,2021-02-28,2021-03-31,EWY,XLE,1
current_best sector_country bucket5% top1 boost16,2021-03-31,2021-04-30,XLK,SMH,1
current_best sector_country bucket5% top1 boost16,2021-04-30,2021-05-31,SCHG,KSA,1
current_best sector_country bucket5% top1 boost16,2021-05-31,2021-06-30,INDA,EPOL,1
current_best sector_country bucket5% top1 boost16,2021-06-30,2021-07-31,SPMO,VNM,1
current_best sector_country bucket5% top1 boost16,2021-07-31,2021-08-31,XLK,XLV,1
current_best sector_country bucket5% top1 boost16,2021-08-31,2021-09-30,INDA,ARGT,1
current_best sector_country bucket5% top1 boost16,2021-09-30,2021-10-31,INDA,EPI,1
current_best sector_country bucket5% top1 boost16,2021-10-31,2021-11-30,SCHG,EIS,1
current_best sector_country bucket5% top1 boost16,2021-11-30,2021-12-31,XLK,SMH,1
current_best sector_country bucket5% top1 boost16,2021-12-31,2022-01-31,XLK,XLP,1
current_best sector_country bucket5% top1 boost16,2022-01-31,2022-02-28,,XLE,1
current_best sector_country bucket5% top1 boost16,2022-02-28,2022-03-31,,EPU,1
current_best sector_country bucket5% top1 boost16,2022-03-31,2022-04-30,BIL,EWZ,1
current_best sector_country bucket5% top1 boost16,2022-04-30,2022-05-31,BIL,KSA,1
current_best sector_country bucket5% top1 boost16,2022-05-31,2022-06-30,BIL,XLE,1
current_best sector_country bucket5% top1 boost16,2022-06-30,2022-07-31,BIL,,0
current_best sector_country bucket5% top1 boost16,2022-07-31,2022-08-31,BIL,DXJ,1
current_best sector_country bucket5% top1 boost16,2022-08-31,2022-09-30,BIL,ECH,1
current_best sector_country bucket5% top1 boost16,2022-09-30,2022-10-31,BIL,TUR,1
current_best sector_country bucket5% top1 boost16,2022-10-31,2022-11-30,MTUM,XLE,1
current_best sector_country bucket5% top1 boost16,2022-11-30,2022-12-31,MTUM,TUR,1
current_best sector_country bucket5% top1 boost16,2022-12-31,2023-01-31,BIL,TUR,1
current_best sector_country bucket5% top1 boost16,2023-01-31,2023-02-28,EWY,ARGT,1
current_best sector_country bucket5% top1 boost16,2023-02-28,2023-03-31,XLK,GREK,1
current_best sector_country bucket5% top1 boost16,2023-03-31,2023-04-30,XLK,SMH,1
current_best sector_country bucket5% top1 boost16,2023-04-30,2023-05-31,XLK,EIRL,1
current_best sector_country bucket5% top1 boost16,2023-05-31,2023-06-30,XLK,SMH,1
current_best sector_country bucket5% top1 boost16,2023-06-30,2023-07-31,XLK,SMH,1
current_best sector_country bucket5% top1 boost16,2023-07-31,2023-08-31,SCHG,EPOL,1
current_best sector_country bucket5% top1 boost16,2023-08-31,2023-09-30,XLK,VNM,1
current_best sector_country bucket5% top1 boost16,2023-09-30,2023-10-31,SPMO,EGPT,1
current_best sector_country bucket5% top1 boost16,2023-10-31,2023-11-30,BIL,EGPT,1
current_best sector_country bucket5% top1 boost16,2023-11-30,2023-12-31,XLK,PAK,1
current_best sector_country bucket5% top1 boost16,2023-12-31,2024-01-31,XLK,SMH,1
current_best sector_country bucket5% top1 boost16,2024-01-31,2024-02-29,SPMO,SMH,1
current_best sector_country bucket5% top1 boost16,2024-02-29,2024-03-31,SPMO,SMH,1
current_best sector_country bucket5% top1 boost16,2024-03-31,2024-04-30,SPMO,EPU,1
current_best sector_country bucket5% top1 boost16,2024-04-30,2024-05-31,INDA,EPU,1
current_best sector_country bucket5% top1 boost16,2024-05-31,2024-06-30,SPMO,EPU,1
current_best sector_country bucket5% top1 boost16,2024-06-30,2024-07-31,SPMO,SMH,1
current_best sector_country bucket5% top1 boost16,2024-07-31,2024-08-31,INDA,EPI,1
current_best sector_country bucket5% top1 boost16,2024-08-31,2024-09-30,SPMO,EWM,1
current_best sector_country bucket5% top1 boost16,2024-09-30,2024-10-31,SPMO,KWEB,1
current_best sector_country bucket5% top1 boost16,2024-10-31,2024-11-30,MTUM,ARGT,1
current_best sector_country bucket5% top1 boost16,2024-11-30,2024-12-31,MTUM,ARGT,1
current_best sector_country bucket5% top1 boost16,2024-12-31,2025-01-31,SCHG,ARGT,1
current_best sector_country bucket5% top1 boost16,2025-01-31,2025-02-28,SPMO,EIS,1
current_best sector_country bucket5% top1 boost16,2025-02-28,2025-03-31,SPMO,GXG,1
current_best sector_country bucket5% top1 boost16,2025-03-31,2025-04-30,IEF,EPOL,1
current_best sector_country bucket5% top1 boost16,2025-04-30,2025-05-31,EWJ,GREK,1
current_best sector_country bucket5% top1 boost16,2025-05-31,2025-06-30,SPMO,GREK,1
current_best sector_country bucket5% top1 boost16,2025-06-30,2025-07-31,EWY,XAR,1
current_best sector_country bucket5% top1 boost16,2025-07-31,2025-08-31,XLK,VNM,1
current_best sector_country bucket5% top1 boost16,2025-08-31,2025-09-30,SCHG,VNM,1
current_best sector_country bucket5% top1 boost16,2025-09-30,2025-10-31,EWY,EPU,1
current_best sector_country bucket5% top1 boost16,2025-10-31,2025-11-30,EWY,EWY,1
current_best sector_country bucket5% top1 boost16,2025-11-30,2025-12-31,EWY,ECH,1
current_best sector_country bucket5% top1 boost16,2025-12-31,2026-01-31,EWY,EPU,1
current_best sector_country bucket5% top1 boost16,2026-01-31,2026-02-28,EWY,EWY,1
current_best sector_country bucket5% top1 boost16,2026-02-28,2026-03-31,EWY,EWY,1
current_best sector_country bucket5% top1 boost16,2026-03-31,2026-04-29,BIL,XLE,1
current_best sector_country bucket5% top2 boost16,2016-09-30,2016-10-31,EWY,"SMH,KWEB",2
current_best sector_country bucket5% top2 boost16,2016-10-31,2016-11-30,EWJ,"EWZ,ECH",2
current_best sector_country bucket5% top2 boost16,2016-11-30,2016-12-31,,"XLF,DXJ",2
current_best sector_country bucket5% top2 boost16,2016-12-31,2017-01-31,SPMO,"PAK,KSA",2
current_best sector_country bucket5% top2 boost16,2017-01-31,2017-02-28,XLK,"EPOL,ARGT",2
current_best sector_country bucket5% top2 boost16,2017-02-28,2017-03-31,SCHG,"EPOL,XAR",2
current_best sector_country bucket5% top2 boost16,2017-03-31,2017-04-30,INDA,"ARGT,EPI",2
current_best sector_country bucket5% top2 boost16,2017-04-30,2017-05-31,EWY,"EPOL,KWEB",2
current_best sector_country bucket5% top2 boost16,2017-05-31,2017-06-30,EWY,"EDEN,TUR",2
current_best sector_country bucket5% top2 boost16,2017-06-30,2017-07-31,EWY,"GREK,EWI",2
current_best sector_country bucket5% top2 boost16,2017-07-31,2017-08-31,INDA,"KWEB,TUR",2
current_best sector_country bucket5% top2 boost16,2017-08-31,2017-09-30,XLK,"MCHI,EPOL",2
current_best sector_country bucket5% top2 boost16,2017-09-30,2017-10-31,MTUM,"XAR,MCHI",2
current_best sector_country bucket5% top2 boost16,2017-10-31,2017-11-30,XLK,"SMH,EPU",2
current_best sector_country bucket5% top2 boost16,2017-11-30,2017-12-31,SPMO,"VNM,EGPT",2
current_best sector_country bucket5% top2 boost16,2017-12-31,2018-01-31,SPMO,"VNM,ARGT",2
current_best sector_country bucket5% top2 boost16,2018-01-31,2018-02-28,SPMO,"GREK,VNM",2
current_best sector_country bucket5% top2 boost16,2018-02-28,2018-03-31,SPMO,"VNM,THD",2
current_best sector_country bucket5% top2 boost16,2018-03-31,2018-04-30,BIL,"EGPT,KSA",2
current_best sector_country bucket5% top2 boost16,2018-04-30,2018-05-31,EWY,"KSA,EGPT",2
current_best sector_country bucket5% top2 boost16,2018-05-31,2018-06-30,XLK,"KSA,QAT",2
current_best sector_country bucket5% top2 boost16,2018-06-30,2018-07-31,XLK,"KSA,XLE",2
current_best sector_country bucket5% top2 boost16,2018-07-31,2018-08-31,SPMO,"QAT,XAR",2
current_best sector_country bucket5% top2 boost16,2018-08-31,2018-09-30,XLK,"XLV,EIS",2
current_best sector_country bucket5% top2 boost16,2018-09-30,2018-10-31,SPMO,"XLV,QAT",2
current_best sector_country bucket5% top2 boost16,2018-10-31,2018-11-30,BIL,"QAT,EWZ",2
current_best sector_country bucket5% top2 boost16,2018-11-30,2018-12-31,IEF,"QAT,XLV",2
current_best sector_country bucket5% top2 boost16,2018-12-31,2019-01-31,IEF,"EIDO,EWZ",2
current_best sector_country bucket5% top2 boost16,2019-01-31,2019-02-28,IEF,"EWZ,TUR",2
current_best sector_country bucket5% top2 boost16,2019-02-28,2019-03-31,SPMO,"KWEB,ARGT",2
current_best sector_country bucket5% top2 boost16,2019-03-31,2019-04-30,XLK,"SMH,EPI",2
current_best sector_country bucket5% top2 boost16,2019-04-30,2019-05-31,XLK,"SMH,KSA",2
current_best sector_country bucket5% top2 boost16,2019-05-31,2019-06-30,INDA,"GREK,INDA",2
current_best sector_country bucket5% top2 boost16,2019-06-30,2019-07-31,MTUM,"ARGT,GREK",2
current_best sector_country bucket5% top2 boost16,2019-07-31,2019-08-31,XLK,"GREK,SMH",2
current_best sector_country bucket5% top2 boost16,2019-08-31,2019-09-30,IEF,"XLU,XAR",2
current_best sector_country bucket5% top2 boost16,2019-09-30,2019-10-31,EWJ,"XLU,ITA",2
current_best sector_country bucket5% top2 boost16,2019-10-31,2019-11-30,EWJ,"SMH,EWT",2
current_best sector_country bucket5% top2 boost16,2019-11-30,2019-12-31,XLK,"XLV,PAK",2
current_best sector_country bucket5% top2 boost16,2019-12-31,2020-01-31,XLK,"SMH,EWZ",2
current_best sector_country bucket5% top2 boost16,2020-01-31,2020-02-29,XLK,"EDEN,XLU",2
current_best sector_country bucket5% top2 boost16,2020-02-29,2020-03-31,IEF,,0
current_best sector_country bucket5% top2 boost16,2020-03-31,2020-04-30,IEF,,0
current_best sector_country bucket5% top2 boost16,2020-04-30,2020-05-31,IEF,,0
current_best sector_country bucket5% top2 boost16,2020-05-31,2020-06-30,SCHG,"EDEN,XLV",2
current_best sector_country bucket5% top2 boost16,2020-06-30,2020-07-31,XLK,"KWEB,SMH",2
current_best sector_country bucket5% top2 boost16,2020-07-31,2020-08-31,XLK,"ARGT,SMH",2
current_best sector_country bucket5% top2 boost16,2020-08-31,2020-09-30,XLK,"NORW,KWEB",2
current_best sector_country bucket5% top2 boost16,2020-09-30,2020-10-31,XLK,"SMH,EWY",2
current_best sector_country bucket5% top2 boost16,2020-10-31,2020-11-30,EWY,"MCHI,KWEB",2
current_best sector_country bucket5% top2 boost16,2020-11-30,2020-12-31,EWY,"SMH,EWY",2
current_best sector_country bucket5% top2 boost16,2020-12-31,2021-01-31,EWY,"GXG,EWY",2
current_best sector_country bucket5% top2 boost16,2021-01-31,2021-02-28,EWY,"KWEB,SMH",2
current_best sector_country bucket5% top2 boost16,2021-02-28,2021-03-31,EWY,"XLE,SMH",2
current_best sector_country bucket5% top2 boost16,2021-03-31,2021-04-30,XLK,"SMH,EWT",2
current_best sector_country bucket5% top2 boost16,2021-04-30,2021-05-31,SCHG,"KSA,XLF",2
current_best sector_country bucket5% top2 boost16,2021-05-31,2021-06-30,INDA,"EPOL,EWC",2
current_best sector_country bucket5% top2 boost16,2021-06-30,2021-07-31,SPMO,"VNM,EWZ",2
current_best sector_country bucket5% top2 boost16,2021-07-31,2021-08-31,XLK,"XLV,KSA",2
current_best sector_country bucket5% top2 boost16,2021-08-31,2021-09-30,INDA,"ARGT,INDA",2
current_best sector_country bucket5% top2 boost16,2021-09-30,2021-10-31,INDA,"EPI,INDA",2
current_best sector_country bucket5% top2 boost16,2021-10-31,2021-11-30,SCHG,"EIS,KSA",2
current_best sector_country bucket5% top2 boost16,2021-11-30,2021-12-31,XLK,"SMH,UAE",2
current_best sector_country bucket5% top2 boost16,2021-12-31,2022-01-31,XLK,"XLP,SMH",2
current_best sector_country bucket5% top2 boost16,2022-01-31,2022-02-28,,"XLE,EPU",2
current_best sector_country bucket5% top2 boost16,2022-02-28,2022-03-31,,"EPU,XLE",2
current_best sector_country bucket5% top2 boost16,2022-03-31,2022-04-30,BIL,"EWZ,ARGT",2
current_best sector_country bucket5% top2 boost16,2022-04-30,2022-05-31,BIL,"KSA,UAE",2
current_best sector_country bucket5% top2 boost16,2022-05-31,2022-06-30,BIL,"XLE,ECH",2
current_best sector_country bucket5% top2 boost16,2022-06-30,2022-07-31,BIL,,0
current_best sector_country bucket5% top2 boost16,2022-07-31,2022-08-31,BIL,"DXJ,XLP",2
current_best sector_country bucket5% top2 boost16,2022-08-31,2022-09-30,BIL,"ECH,XLE",2
current_best sector_country bucket5% top2 boost16,2022-09-30,2022-10-31,BIL,TUR,1
current_best sector_country bucket5% top2 boost16,2022-10-31,2022-11-30,MTUM,"XLE,TUR",2
current_best sector_country bucket5% top2 boost16,2022-11-30,2022-12-31,MTUM,"TUR,EWI",2
current_best sector_country bucket5% top2 boost16,2022-12-31,2023-01-31,BIL,"TUR,EPOL",2
current_best sector_country bucket5% top2 boost16,2023-01-31,2023-02-28,EWY,"ARGT,GREK",2
current_best sector_country bucket5% top2 boost16,2023-02-28,2023-03-31,XLK,"GREK,ARGT",2
current_best sector_country bucket5% top2 boost16,2023-03-31,2023-04-30,XLK,"SMH,EDEN",2
current_best sector_country bucket5% top2 boost16,2023-04-30,2023-05-31,XLK,"EIRL,EPOL",2
current_best sector_country bucket5% top2 boost16,2023-05-31,2023-06-30,XLK,"SMH,GREK",2
current_best sector_country bucket5% top2 boost16,2023-06-30,2023-07-31,XLK,"SMH,GREK",2
current_best sector_country bucket5% top2 boost16,2023-07-31,2023-08-31,SCHG,"EPOL,VNM",2
current_best sector_country bucket5% top2 boost16,2023-08-31,2023-09-30,XLK,"VNM,SMH",2
current_best sector_country bucket5% top2 boost16,2023-09-30,2023-10-31,SPMO,"EGPT,DXJ",2
current_best sector_country bucket5% top2 boost16,2023-10-31,2023-11-30,BIL,"EGPT,PAK",2
current_best sector_country bucket5% top2 boost16,2023-11-30,2023-12-31,XLK,"PAK,ARGT",2
current_best sector_country bucket5% top2 boost16,2023-12-31,2024-01-31,XLK,"SMH,EWD",2
current_best sector_country bucket5% top2 boost16,2024-01-31,2024-02-29,SPMO,"SMH,EGPT",2
current_best sector_country bucket5% top2 boost16,2024-02-29,2024-03-31,SPMO,"SMH,EIS",2
current_best sector_country bucket5% top2 boost16,2024-03-31,2024-04-30,SPMO,"EPU,DXJ",2
current_best sector_country bucket5% top2 boost16,2024-04-30,2024-05-31,INDA,"EPU,TUR",2
current_best sector_country bucket5% top2 boost16,2024-05-31,2024-06-30,SPMO,"EPU,SMH",2
current_best sector_country bucket5% top2 boost16,2024-06-30,2024-07-31,SPMO,"SMH,EWT",2
current_best sector_country bucket5% top2 boost16,2024-07-31,2024-08-31,INDA,"EPI,EZA",2
current_best sector_country bucket5% top2 boost16,2024-08-31,2024-09-30,SPMO,"EWM,ARGT",2
current_best sector_country bucket5% top2 boost16,2024-09-30,2024-10-31,SPMO,"KWEB,EZA",2
current_best sector_country bucket5% top2 boost16,2024-10-31,2024-11-30,MTUM,"ARGT,XLU",2
current_best sector_country bucket5% top2 boost16,2024-11-30,2024-12-31,MTUM,"ARGT,XAR",2
current_best sector_country bucket5% top2 boost16,2024-12-31,2025-01-31,SCHG,"ARGT,EIS",2
current_best sector_country bucket5% top2 boost16,2025-01-31,2025-02-28,SPMO,"EIS,GXG",2
current_best sector_country bucket5% top2 boost16,2025-02-28,2025-03-31,SPMO,"GXG,EPOL",2
current_best sector_country bucket5% top2 boost16,2025-03-31,2025-04-30,IEF,"EPOL,GREK",2
current_best sector_country bucket5% top2 boost16,2025-04-30,2025-05-31,EWJ,"GREK,EWP",2
current_best sector_country bucket5% top2 boost16,2025-05-31,2025-06-30,SPMO,"GREK,EWP",2
current_best sector_country bucket5% top2 boost16,2025-06-30,2025-07-31,EWY,"XAR,GREK",2
current_best sector_country bucket5% top2 boost16,2025-07-31,2025-08-31,XLK,"VNM,XAR",2
current_best sector_country bucket5% top2 boost16,2025-08-31,2025-09-30,SCHG,"VNM,GXG",2
current_best sector_country bucket5% top2 boost16,2025-09-30,2025-10-31,EWY,"EPU,EZA",2
current_best sector_country bucket5% top2 boost16,2025-10-31,2025-11-30,EWY,"EWY,SMH",2
current_best sector_country bucket5% top2 boost16,2025-11-30,2025-12-31,EWY,"ECH,EPU",2
current_best sector_country bucket5% top2 boost16,2025-12-31,2026-01-31,EWY,"EPU,EZA",2
current_best sector_country bucket5% top2 boost16,2026-01-31,2026-02-28,EWY,"EWY,EPU",2
current_best sector_country bucket5% top2 boost16,2026-02-28,2026-03-31,EWY,"EWY,EPU",2
current_best sector_country bucket5% top2 boost16,2026-03-31,2026-04-29,BIL,"XLE,NORW",2
current_best sector_country bucket5% top3 boost16,2016-09-30,2016-10-31,EWY,"SMH,KWEB,EWT",3
current_best sector_country bucket5% top3 boost16,2016-10-31,2016-11-30,EWJ,"EWZ,ECH,DXJ",3
current_best sector_country bucket5% top3 boost16,2016-11-30,2016-12-31,,"XLF,DXJ,KSA",3
current_best sector_country bucket5% top3 boost16,2016-12-31,2017-01-31,SPMO,"PAK,KSA,XLF",3
current_best sector_country bucket5% top3 boost16,2017-01-31,2017-02-28,XLK,"EPOL,ARGT,EWZ",3
current_best sector_country bucket5% top3 boost16,2017-02-28,2017-03-31,SCHG,"EPOL,XAR,ITA",3
current_best sector_country bucket5% top3 boost16,2017-03-31,2017-04-30,INDA,"ARGT,EPI,EWP",3
current_best sector_country bucket5% top3 boost16,2017-04-30,2017-05-31,EWY,"EPOL,KWEB,EWP",3
current_best sector_country bucket5% top3 boost16,2017-05-31,2017-06-30,EWY,"EDEN,TUR,EWY",3
current_best sector_country bucket5% top3 boost16,2017-06-30,2017-07-31,EWY,"GREK,EWI,TUR",3
current_best sector_country bucket5% top3 boost16,2017-07-31,2017-08-31,INDA,"KWEB,TUR,MCHI",3
current_best sector_country bucket5% top3 boost16,2017-08-31,2017-09-30,XLK,"MCHI,EPOL,KWEB",3
current_best sector_country bucket5% top3 boost16,2017-09-30,2017-10-31,MTUM,"XAR,MCHI,ITA",3
current_best sector_country bucket5% top3 boost16,2017-10-31,2017-11-30,XLK,"SMH,EPU,DXJ",3
current_best sector_country bucket5% top3 boost16,2017-11-30,2017-12-31,SPMO,"VNM,EGPT,ITA",3
current_best sector_country bucket5% top3 boost16,2017-12-31,2018-01-31,SPMO,"VNM,ARGT,EZA",3
current_best sector_country bucket5% top3 boost16,2018-01-31,2018-02-28,SPMO,"GREK,VNM,ARGT",3
current_best sector_country bucket5% top3 boost16,2018-02-28,2018-03-31,SPMO,"VNM,THD,KWEB",3
current_best sector_country bucket5% top3 boost16,2018-03-31,2018-04-30,BIL,"EGPT,KSA,EWM",3
current_best sector_country bucket5% top3 boost16,2018-04-30,2018-05-31,EWY,"KSA,EGPT,EPU",3
current_best sector_country bucket5% top3 boost16,2018-05-31,2018-06-30,XLK,"KSA,QAT,SMH",3
current_best sector_country bucket5% top3 boost16,2018-06-30,2018-07-31,XLK,"KSA,XLE,XLU",3
current_best sector_country bucket5% top3 boost16,2018-07-31,2018-08-31,SPMO,"QAT,XAR,XLV",3
current_best sector_country bucket5% top3 boost16,2018-08-31,2018-09-30,XLK,"XLV,EIS,XAR",3
current_best sector_country bucket5% top3 boost16,2018-09-30,2018-10-31,SPMO,"XLV,QAT,XAR",3
current_best sector_country bucket5% top3 boost16,2018-10-31,2018-11-30,BIL,"QAT,EWZ,XLP",3
current_best sector_country bucket5% top3 boost16,2018-11-30,2018-12-31,IEF,"QAT,XLV,EIDO",3
current_best sector_country bucket5% top3 boost16,2018-12-31,2019-01-31,IEF,"EIDO,EWZ,QAT",3
current_best sector_country bucket5% top3 boost16,2019-01-31,2019-02-28,IEF,"EWZ,TUR,KSA",3
current_best sector_country bucket5% top3 boost16,2019-02-28,2019-03-31,SPMO,"KWEB,ARGT,SMH",3
current_best sector_country bucket5% top3 boost16,2019-03-31,2019-04-30,XLK,"SMH,EPI,GREK",3
current_best sector_country bucket5% top3 boost16,2019-04-30,2019-05-31,XLK,"SMH,KSA,XLF",3
current_best sector_country bucket5% top3 boost16,2019-05-31,2019-06-30,INDA,"GREK,INDA,XAR",3
current_best sector_country bucket5% top3 boost16,2019-06-30,2019-07-31,MTUM,"ARGT,GREK,ENZL",3
current_best sector_country bucket5% top3 boost16,2019-07-31,2019-08-31,XLK,"GREK,SMH,XAR",3
current_best sector_country bucket5% top3 boost16,2019-08-31,2019-09-30,IEF,"XLU,XAR,XLP",3
current_best sector_country bucket5% top3 boost16,2019-09-30,2019-10-31,EWJ,"XLU,ITA,TUR",3
current_best sector_country bucket5% top3 boost16,2019-10-31,2019-11-30,EWJ,"SMH,EWT,DXJ",3
current_best sector_country bucket5% top3 boost16,2019-11-30,2019-12-31,XLK,"XLV,PAK,SMH",3
current_best sector_country bucket5% top3 boost16,2019-12-31,2020-01-31,XLK,"SMH,EWZ,EWT",3
current_best sector_country bucket5% top3 boost16,2020-01-31,2020-02-29,XLK,"EDEN,XLU,SMH",3
current_best sector_country bucket5% top3 boost16,2020-02-29,2020-03-31,IEF,,0
current_best sector_country bucket5% top3 boost16,2020-03-31,2020-04-30,IEF,,0
current_best sector_country bucket5% top3 boost16,2020-04-30,2020-05-31,IEF,,0
current_best sector_country bucket5% top3 boost16,2020-05-31,2020-06-30,SCHG,"EDEN,XLV,KWEB",3
current_best sector_country bucket5% top3 boost16,2020-06-30,2020-07-31,XLK,"KWEB,SMH,EWN",3
current_best sector_country bucket5% top3 boost16,2020-07-31,2020-08-31,XLK,"ARGT,SMH,EWT",3
current_best sector_country bucket5% top3 boost16,2020-08-31,2020-09-30,XLK,"NORW,KWEB,SMH",3
current_best sector_country bucket5% top3 boost16,2020-09-30,2020-10-31,XLK,"SMH,EWY,KWEB",3
current_best sector_country bucket5% top3 boost16,2020-10-31,2020-11-30,EWY,"MCHI,KWEB,XLU",3
current_best sector_country bucket5% top3 boost16,2020-11-30,2020-12-31,EWY,"SMH,EWY,XAR",3
current_best sector_country bucket5% top3 boost16,2020-12-31,2021-01-31,EWY,"GXG,EWY,TUR",3
current_best sector_country bucket5% top3 boost16,2021-01-31,2021-02-28,EWY,"KWEB,SMH,EWT",3
current_best sector_country bucket5% top3 boost16,2021-02-28,2021-03-31,EWY,"XLE,SMH,XLF",3
current_best sector_country bucket5% top3 boost16,2021-03-31,2021-04-30,XLK,"SMH,EWT,ECH",3
current_best sector_country bucket5% top3 boost16,2021-04-30,2021-05-31,SCHG,"KSA,XLF,EWT",3
current_best sector_country bucket5% top3 boost16,2021-05-31,2021-06-30,INDA,"EPOL,EWC,XLF",3
current_best sector_country bucket5% top3 boost16,2021-06-30,2021-07-31,SPMO,"VNM,EWZ,UAE",3
current_best sector_country bucket5% top3 boost16,2021-07-31,2021-08-31,XLK,"XLV,KSA,EDEN",3
current_best sector_country bucket5% top3 boost16,2021-08-31,2021-09-30,INDA,"ARGT,INDA,EPI",3
current_best sector_country bucket5% top3 boost16,2021-09-30,2021-10-31,INDA,"EPI,INDA,KSA",3
current_best sector_country bucket5% top3 boost16,2021-10-31,2021-11-30,SCHG,"EIS,KSA,EIDO",3
current_best sector_country bucket5% top3 boost16,2021-11-30,2021-12-31,XLK,"SMH,UAE,VNM",3
current_best sector_country bucket5% top3 boost16,2021-12-31,2022-01-31,XLK,"XLP,SMH,XLU",3
current_best sector_country bucket5% top3 boost16,2022-01-31,2022-02-28,,"XLE,EPU,KSA",3
current_best sector_country bucket5% top3 boost16,2022-02-28,2022-03-31,,"EPU,XLE,UAE",3
current_best sector_country bucket5% top3 boost16,2022-03-31,2022-04-30,BIL,"EWZ,ARGT,EWW",3
current_best sector_country bucket5% top3 boost16,2022-04-30,2022-05-31,BIL,"KSA,UAE,QAT",3
current_best sector_country bucket5% top3 boost16,2022-05-31,2022-06-30,BIL,"XLE,ECH,XLU",3
current_best sector_country bucket5% top3 boost16,2022-06-30,2022-07-31,BIL,,0
current_best sector_country bucket5% top3 boost16,2022-07-31,2022-08-31,BIL,"DXJ,XLP",2
current_best sector_country bucket5% top3 boost16,2022-08-31,2022-09-30,BIL,"ECH,XLE,TUR",3
current_best sector_country bucket5% top3 boost16,2022-09-30,2022-10-31,BIL,TUR,1
current_best sector_country bucket5% top3 boost16,2022-10-31,2022-11-30,MTUM,"XLE,TUR,ITA",3
current_best sector_country bucket5% top3 boost16,2022-11-30,2022-12-31,MTUM,"TUR,EWI,XLE",3
current_best sector_country bucket5% top3 boost16,2022-12-31,2023-01-31,BIL,"TUR,EPOL,GREK",3
current_best sector_country bucket5% top3 boost16,2023-01-31,2023-02-28,EWY,"ARGT,GREK,EIRL",3
current_best sector_country bucket5% top3 boost16,2023-02-28,2023-03-31,XLK,"GREK,ARGT,EWP",3
current_best sector_country bucket5% top3 boost16,2023-03-31,2023-04-30,XLK,"SMH,EDEN,EIRL",3
current_best sector_country bucket5% top3 boost16,2023-04-30,2023-05-31,XLK,"EIRL,EPOL,EWQ",3
current_best sector_country bucket5% top3 boost16,2023-05-31,2023-06-30,XLK,"SMH,GREK,DXJ",3
current_best sector_country bucket5% top3 boost16,2023-06-30,2023-07-31,XLK,"SMH,GREK,ARGT",3
current_best sector_country bucket5% top3 boost16,2023-07-31,2023-08-31,SCHG,"EPOL,VNM,GXG",3
current_best sector_country bucket5% top3 boost16,2023-08-31,2023-09-30,XLK,"VNM,SMH,TUR",3
current_best sector_country bucket5% top3 boost16,2023-09-30,2023-10-31,SPMO,"EGPT,DXJ,TUR",3
current_best sector_country bucket5% top3 boost16,2023-10-31,2023-11-30,BIL,"EGPT,PAK,EPOL",3
current_best sector_country bucket5% top3 boost16,2023-11-30,2023-12-31,XLK,"PAK,ARGT,EPOL",3
current_best sector_country bucket5% top3 boost16,2023-12-31,2024-01-31,XLK,"SMH,EWD,EWZ",3
current_best sector_country bucket5% top3 boost16,2024-01-31,2024-02-29,SPMO,"SMH,EGPT,EPI",3
current_best sector_country bucket5% top3 boost16,2024-02-29,2024-03-31,SPMO,"SMH,EIS,DXJ",3
current_best sector_country bucket5% top3 boost16,2024-03-31,2024-04-30,SPMO,"EPU,DXJ,SMH",3
current_best sector_country bucket5% top3 boost16,2024-04-30,2024-05-31,INDA,"EPU,TUR,ARGT",3
current_best sector_country bucket5% top3 boost16,2024-05-31,2024-06-30,SPMO,"EPU,SMH,TUR",3
current_best sector_country bucket5% top3 boost16,2024-06-30,2024-07-31,SPMO,"SMH,EWT,EZA",3
current_best sector_country bucket5% top3 boost16,2024-07-31,2024-08-31,INDA,"EPI,EZA,ITA",3
current_best sector_country bucket5% top3 boost16,2024-08-31,2024-09-30,SPMO,"EWM,ARGT,XLF",3
current_best sector_country bucket5% top3 boost16,2024-09-30,2024-10-31,SPMO,"KWEB,EZA,MCHI",3
current_best sector_country bucket5% top3 boost16,2024-10-31,2024-11-30,MTUM,"ARGT,XLU,EZA",3
current_best sector_country bucket5% top3 boost16,2024-11-30,2024-12-31,MTUM,"ARGT,XAR,XLF",3
current_best sector_country bucket5% top3 boost16,2024-12-31,2025-01-31,SCHG,"ARGT,EIS,UAE",3
current_best sector_country bucket5% top3 boost16,2025-01-31,2025-02-28,SPMO,"EIS,GXG,EWG",3
current_best sector_country bucket5% top3 boost16,2025-02-28,2025-03-31,SPMO,"GXG,EPOL,EWP",3
current_best sector_country bucket5% top3 boost16,2025-03-31,2025-04-30,IEF,"EPOL,GREK,EWP",3
current_best sector_country bucket5% top3 boost16,2025-04-30,2025-05-31,EWJ,"GREK,EWP,ECH",3
current_best sector_country bucket5% top3 boost16,2025-05-31,2025-06-30,SPMO,"GREK,EWP,EWI",3
current_best sector_country bucket5% top3 boost16,2025-06-30,2025-07-31,EWY,"XAR,GREK,EWY",3
current_best sector_country bucket5% top3 boost16,2025-07-31,2025-08-31,XLK,"VNM,XAR,ITA",3
current_best sector_country bucket5% top3 boost16,2025-08-31,2025-09-30,SCHG,"VNM,GXG,EPU",3
current_best sector_country bucket5% top3 boost16,2025-09-30,2025-10-31,EWY,"EPU,EZA,KWEB",3
current_best sector_country bucket5% top3 boost16,2025-10-31,2025-11-30,EWY,"EWY,SMH,GXG",3
current_best sector_country bucket5% top3 boost16,2025-11-30,2025-12-31,EWY,"ECH,EPU,EWZ",3
current_best sector_country bucket5% top3 boost16,2025-12-31,2026-01-31,EWY,"EPU,EZA,ECH",3
current_best sector_country bucket5% top3 boost16,2026-01-31,2026-02-28,EWY,"EWY,EPU,GXG",3
current_best sector_country bucket5% top3 boost16,2026-02-28,2026-03-31,EWY,"EWY,EPU,EZA",3
current_best sector_country bucket5% top3 boost16,2026-03-31,2026-04-29,BIL,"XLE,NORW,EWZ",3
current_best sector_country bucket8% top1 boost16,2016-09-30,2016-10-31,EWY,SMH,1
current_best sector_country bucket8% top1 boost16,2016-10-31,2016-11-30,EWJ,EWZ,1
current_best sector_country bucket8% top1 boost16,2016-11-30,2016-12-31,,XLF,1
current_best sector_country bucket8% top1 boost16,2016-12-31,2017-01-31,SPMO,PAK,1
current_best sector_country bucket8% top1 boost16,2017-01-31,2017-02-28,XLK,EPOL,1
current_best sector_country bucket8% top1 boost16,2017-02-28,2017-03-31,SCHG,EPOL,1
current_best sector_country bucket8% top1 boost16,2017-03-31,2017-04-30,INDA,ARGT,1
current_best sector_country bucket8% top1 boost16,2017-04-30,2017-05-31,EWY,EPOL,1
current_best sector_country bucket8% top1 boost16,2017-05-31,2017-06-30,EWY,EDEN,1
current_best sector_country bucket8% top1 boost16,2017-06-30,2017-07-31,EWY,GREK,1
current_best sector_country bucket8% top1 boost16,2017-07-31,2017-08-31,INDA,KWEB,1
current_best sector_country bucket8% top1 boost16,2017-08-31,2017-09-30,XLK,MCHI,1
current_best sector_country bucket8% top1 boost16,2017-09-30,2017-10-31,MTUM,XAR,1
current_best sector_country bucket8% top1 boost16,2017-10-31,2017-11-30,XLK,SMH,1
current_best sector_country bucket8% top1 boost16,2017-11-30,2017-12-31,SPMO,VNM,1
current_best sector_country bucket8% top1 boost16,2017-12-31,2018-01-31,SPMO,VNM,1
current_best sector_country bucket8% top1 boost16,2018-01-31,2018-02-28,SPMO,GREK,1
current_best sector_country bucket8% top1 boost16,2018-02-28,2018-03-31,SPMO,VNM,1
current_best sector_country bucket8% top1 boost16,2018-03-31,2018-04-30,BIL,EGPT,1
current_best sector_country bucket8% top1 boost16,2018-04-30,2018-05-31,EWY,KSA,1
current_best sector_country bucket8% top1 boost16,2018-05-31,2018-06-30,XLK,KSA,1
current_best sector_country bucket8% top1 boost16,2018-06-30,2018-07-31,XLK,KSA,1
current_best sector_country bucket8% top1 boost16,2018-07-31,2018-08-31,SPMO,QAT,1
current_best sector_country bucket8% top1 boost16,2018-08-31,2018-09-30,XLK,XLV,1
current_best sector_country bucket8% top1 boost16,2018-09-30,2018-10-31,SPMO,XLV,1
current_best sector_country bucket8% top1 boost16,2018-10-31,2018-11-30,BIL,QAT,1
current_best sector_country bucket8% top1 boost16,2018-11-30,2018-12-31,IEF,QAT,1
current_best sector_country bucket8% top1 boost16,2018-12-31,2019-01-31,IEF,EIDO,1
current_best sector_country bucket8% top1 boost16,2019-01-31,2019-02-28,IEF,EWZ,1
current_best sector_country bucket8% top1 boost16,2019-02-28,2019-03-31,SPMO,KWEB,1
current_best sector_country bucket8% top1 boost16,2019-03-31,2019-04-30,XLK,SMH,1
current_best sector_country bucket8% top1 boost16,2019-04-30,2019-05-31,XLK,SMH,1
current_best sector_country bucket8% top1 boost16,2019-05-31,2019-06-30,INDA,GREK,1
current_best sector_country bucket8% top1 boost16,2019-06-30,2019-07-31,MTUM,ARGT,1
current_best sector_country bucket8% top1 boost16,2019-07-31,2019-08-31,XLK,GREK,1
current_best sector_country bucket8% top1 boost16,2019-08-31,2019-09-30,IEF,XLU,1
current_best sector_country bucket8% top1 boost16,2019-09-30,2019-10-31,EWJ,XLU,1
current_best sector_country bucket8% top1 boost16,2019-10-31,2019-11-30,EWJ,SMH,1
current_best sector_country bucket8% top1 boost16,2019-11-30,2019-12-31,XLK,XLV,1
current_best sector_country bucket8% top1 boost16,2019-12-31,2020-01-31,XLK,SMH,1
current_best sector_country bucket8% top1 boost16,2020-01-31,2020-02-29,XLK,EDEN,1
current_best sector_country bucket8% top1 boost16,2020-02-29,2020-03-31,IEF,,0
current_best sector_country bucket8% top1 boost16,2020-03-31,2020-04-30,IEF,,0
current_best sector_country bucket8% top1 boost16,2020-04-30,2020-05-31,IEF,,0
current_best sector_country bucket8% top1 boost16,2020-05-31,2020-06-30,SCHG,EDEN,1
current_best sector_country bucket8% top1 boost16,2020-06-30,2020-07-31,XLK,KWEB,1
current_best sector_country bucket8% top1 boost16,2020-07-31,2020-08-31,XLK,ARGT,1
current_best sector_country bucket8% top1 boost16,2020-08-31,2020-09-30,XLK,NORW,1
current_best sector_country bucket8% top1 boost16,2020-09-30,2020-10-31,XLK,SMH,1
current_best sector_country bucket8% top1 boost16,2020-10-31,2020-11-30,EWY,MCHI,1
current_best sector_country bucket8% top1 boost16,2020-11-30,2020-12-31,EWY,SMH,1
current_best sector_country bucket8% top1 boost16,2020-12-31,2021-01-31,EWY,GXG,1
current_best sector_country bucket8% top1 boost16,2021-01-31,2021-02-28,EWY,KWEB,1
current_best sector_country bucket8% top1 boost16,2021-02-28,2021-03-31,EWY,XLE,1
current_best sector_country bucket8% top1 boost16,2021-03-31,2021-04-30,XLK,SMH,1
current_best sector_country bucket8% top1 boost16,2021-04-30,2021-05-31,SCHG,KSA,1
current_best sector_country bucket8% top1 boost16,2021-05-31,2021-06-30,INDA,EPOL,1
current_best sector_country bucket8% top1 boost16,2021-06-30,2021-07-31,SPMO,VNM,1
current_best sector_country bucket8% top1 boost16,2021-07-31,2021-08-31,XLK,XLV,1
current_best sector_country bucket8% top1 boost16,2021-08-31,2021-09-30,INDA,ARGT,1
current_best sector_country bucket8% top1 boost16,2021-09-30,2021-10-31,INDA,EPI,1
current_best sector_country bucket8% top1 boost16,2021-10-31,2021-11-30,SCHG,EIS,1
current_best sector_country bucket8% top1 boost16,2021-11-30,2021-12-31,XLK,SMH,1
current_best sector_country bucket8% top1 boost16,2021-12-31,2022-01-31,XLK,XLP,1
current_best sector_country bucket8% top1 boost16,2022-01-31,2022-02-28,,XLE,1
current_best sector_country bucket8% top1 boost16,2022-02-28,2022-03-31,,EPU,1
current_best sector_country bucket8% top1 boost16,2022-03-31,2022-04-30,BIL,EWZ,1
current_best sector_country bucket8% top1 boost16,2022-04-30,2022-05-31,BIL,KSA,1
current_best sector_country bucket8% top1 boost16,2022-05-31,2022-06-30,BIL,XLE,1
current_best sector_country bucket8% top1 boost16,2022-06-30,2022-07-31,BIL,,0
current_best sector_country bucket8% top1 boost16,2022-07-31,2022-08-31,BIL,DXJ,1
current_best sector_country bucket8% top1 boost16,2022-08-31,2022-09-30,BIL,ECH,1
current_best sector_country bucket8% top1 boost16,2022-09-30,2022-10-31,BIL,TUR,1
current_best sector_country bucket8% top1 boost16,2022-10-31,2022-11-30,MTUM,XLE,1
current_best sector_country bucket8% top1 boost16,2022-11-30,2022-12-31,MTUM,TUR,1
current_best sector_country bucket8% top1 boost16,2022-12-31,2023-01-31,BIL,TUR,1
current_best sector_country bucket8% top1 boost16,2023-01-31,2023-02-28,EWY,ARGT,1
current_best sector_country bucket8% top1 boost16,2023-02-28,2023-03-31,XLK,GREK,1
current_best sector_country bucket8% top1 boost16,2023-03-31,2023-04-30,XLK,SMH,1
current_best sector_country bucket8% top1 boost16,2023-04-30,2023-05-31,XLK,EIRL,1
current_best sector_country bucket8% top1 boost16,2023-05-31,2023-06-30,XLK,SMH,1
current_best sector_country bucket8% top1 boost16,2023-06-30,2023-07-31,XLK,SMH,1
current_best sector_country bucket8% top1 boost16,2023-07-31,2023-08-31,SCHG,EPOL,1
current_best sector_country bucket8% top1 boost16,2023-08-31,2023-09-30,XLK,VNM,1
current_best sector_country bucket8% top1 boost16,2023-09-30,2023-10-31,SPMO,EGPT,1
current_best sector_country bucket8% top1 boost16,2023-10-31,2023-11-30,BIL,EGPT,1
current_best sector_country bucket8% top1 boost16,2023-11-30,2023-12-31,XLK,PAK,1
current_best sector_country bucket8% top1 boost16,2023-12-31,2024-01-31,XLK,SMH,1
current_best sector_country bucket8% top1 boost16,2024-01-31,2024-02-29,SPMO,SMH,1
current_best sector_country bucket8% top1 boost16,2024-02-29,2024-03-31,SPMO,SMH,1
current_best sector_country bucket8% top1 boost16,2024-03-31,2024-04-30,SPMO,EPU,1
current_best sector_country bucket8% top1 boost16,2024-04-30,2024-05-31,INDA,EPU,1
current_best sector_country bucket8% top1 boost16,2024-05-31,2024-06-30,SPMO,EPU,1
current_best sector_country bucket8% top1 boost16,2024-06-30,2024-07-31,SPMO,SMH,1
current_best sector_country bucket8% top1 boost16,2024-07-31,2024-08-31,INDA,EPI,1
current_best sector_country bucket8% top1 boost16,2024-08-31,2024-09-30,SPMO,EWM,1
current_best sector_country bucket8% top1 boost16,2024-09-30,2024-10-31,SPMO,KWEB,1
current_best sector_country bucket8% top1 boost16,2024-10-31,2024-11-30,MTUM,ARGT,1
current_best sector_country bucket8% top1 boost16,2024-11-30,2024-12-31,MTUM,ARGT,1
current_best sector_country bucket8% top1 boost16,2024-12-31,2025-01-31,SCHG,ARGT,1
current_best sector_country bucket8% top1 boost16,2025-01-31,2025-02-28,SPMO,EIS,1
current_best sector_country bucket8% top1 boost16,2025-02-28,2025-03-31,SPMO,GXG,1
current_best sector_country bucket8% top1 boost16,2025-03-31,2025-04-30,IEF,EPOL,1
current_best sector_country bucket8% top1 boost16,2025-04-30,2025-05-31,EWJ,GREK,1
current_best sector_country bucket8% top1 boost16,2025-05-31,2025-06-30,SPMO,GREK,1
current_best sector_country bucket8% top1 boost16,2025-06-30,2025-07-31,EWY,XAR,1
current_best sector_country bucket8% top1 boost16,2025-07-31,2025-08-31,XLK,VNM,1
current_best sector_country bucket8% top1 boost16,2025-08-31,2025-09-30,SCHG,VNM,1
current_best sector_country bucket8% top1 boost16,2025-09-30,2025-10-31,EWY,EPU,1
current_best sector_country bucket8% top1 boost16,2025-10-31,2025-11-30,EWY,EWY,1
current_best sector_country bucket8% top1 boost16,2025-11-30,2025-12-31,EWY,ECH,1
current_best sector_country bucket8% top1 boost16,2025-12-31,2026-01-31,EWY,EPU,1
current_best sector_country bucket8% top1 boost16,2026-01-31,2026-02-28,EWY,EWY,1
current_best sector_country bucket8% top1 boost16,2026-02-28,2026-03-31,EWY,EWY,1
current_best sector_country bucket8% top1 boost16,2026-03-31,2026-04-29,BIL,XLE,1
current_best sector_country bucket8% top2 boost16,2016-09-30,2016-10-31,EWY,"SMH,KWEB",2
current_best sector_country bucket8% top2 boost16,2016-10-31,2016-11-30,EWJ,"EWZ,ECH",2
current_best sector_country bucket8% top2 boost16,2016-11-30,2016-12-31,,"XLF,DXJ",2
current_best sector_country bucket8% top2 boost16,2016-12-31,2017-01-31,SPMO,"PAK,KSA",2
current_best sector_country bucket8% top2 boost16,2017-01-31,2017-02-28,XLK,"EPOL,ARGT",2
current_best sector_country bucket8% top2 boost16,2017-02-28,2017-03-31,SCHG,"EPOL,XAR",2
current_best sector_country bucket8% top2 boost16,2017-03-31,2017-04-30,INDA,"ARGT,EPI",2
current_best sector_country bucket8% top2 boost16,2017-04-30,2017-05-31,EWY,"EPOL,KWEB",2
current_best sector_country bucket8% top2 boost16,2017-05-31,2017-06-30,EWY,"EDEN,TUR",2
current_best sector_country bucket8% top2 boost16,2017-06-30,2017-07-31,EWY,"GREK,EWI",2
current_best sector_country bucket8% top2 boost16,2017-07-31,2017-08-31,INDA,"KWEB,TUR",2
current_best sector_country bucket8% top2 boost16,2017-08-31,2017-09-30,XLK,"MCHI,EPOL",2
current_best sector_country bucket8% top2 boost16,2017-09-30,2017-10-31,MTUM,"XAR,MCHI",2
current_best sector_country bucket8% top2 boost16,2017-10-31,2017-11-30,XLK,"SMH,EPU",2
current_best sector_country bucket8% top2 boost16,2017-11-30,2017-12-31,SPMO,"VNM,EGPT",2
current_best sector_country bucket8% top2 boost16,2017-12-31,2018-01-31,SPMO,"VNM,ARGT",2
current_best sector_country bucket8% top2 boost16,2018-01-31,2018-02-28,SPMO,"GREK,VNM",2
current_best sector_country bucket8% top2 boost16,2018-02-28,2018-03-31,SPMO,"VNM,THD",2
current_best sector_country bucket8% top2 boost16,2018-03-31,2018-04-30,BIL,"EGPT,KSA",2
current_best sector_country bucket8% top2 boost16,2018-04-30,2018-05-31,EWY,"KSA,EGPT",2
current_best sector_country bucket8% top2 boost16,2018-05-31,2018-06-30,XLK,"KSA,QAT",2
current_best sector_country bucket8% top2 boost16,2018-06-30,2018-07-31,XLK,"KSA,XLE",2
current_best sector_country bucket8% top2 boost16,2018-07-31,2018-08-31,SPMO,"QAT,XAR",2
current_best sector_country bucket8% top2 boost16,2018-08-31,2018-09-30,XLK,"XLV,EIS",2
current_best sector_country bucket8% top2 boost16,2018-09-30,2018-10-31,SPMO,"XLV,QAT",2
current_best sector_country bucket8% top2 boost16,2018-10-31,2018-11-30,BIL,"QAT,EWZ",2
current_best sector_country bucket8% top2 boost16,2018-11-30,2018-12-31,IEF,"QAT,XLV",2
current_best sector_country bucket8% top2 boost16,2018-12-31,2019-01-31,IEF,"EIDO,EWZ",2
current_best sector_country bucket8% top2 boost16,2019-01-31,2019-02-28,IEF,"EWZ,TUR",2
current_best sector_country bucket8% top2 boost16,2019-02-28,2019-03-31,SPMO,"KWEB,ARGT",2
current_best sector_country bucket8% top2 boost16,2019-03-31,2019-04-30,XLK,"SMH,EPI",2
current_best sector_country bucket8% top2 boost16,2019-04-30,2019-05-31,XLK,"SMH,KSA",2
current_best sector_country bucket8% top2 boost16,2019-05-31,2019-06-30,INDA,"GREK,INDA",2
current_best sector_country bucket8% top2 boost16,2019-06-30,2019-07-31,MTUM,"ARGT,GREK",2
current_best sector_country bucket8% top2 boost16,2019-07-31,2019-08-31,XLK,"GREK,SMH",2
current_best sector_country bucket8% top2 boost16,2019-08-31,2019-09-30,IEF,"XLU,XAR",2
current_best sector_country bucket8% top2 boost16,2019-09-30,2019-10-31,EWJ,"XLU,ITA",2
current_best sector_country bucket8% top2 boost16,2019-10-31,2019-11-30,EWJ,"SMH,EWT",2
current_best sector_country bucket8% top2 boost16,2019-11-30,2019-12-31,XLK,"XLV,PAK",2
current_best sector_country bucket8% top2 boost16,2019-12-31,2020-01-31,XLK,"SMH,EWZ",2
current_best sector_country bucket8% top2 boost16,2020-01-31,2020-02-29,XLK,"EDEN,XLU",2
current_best sector_country bucket8% top2 boost16,2020-02-29,2020-03-31,IEF,,0
current_best sector_country bucket8% top2 boost16,2020-03-31,2020-04-30,IEF,,0
current_best sector_country bucket8% top2 boost16,2020-04-30,2020-05-31,IEF,,0
current_best sector_country bucket8% top2 boost16,2020-05-31,2020-06-30,SCHG,"EDEN,XLV",2
current_best sector_country bucket8% top2 boost16,2020-06-30,2020-07-31,XLK,"KWEB,SMH",2
current_best sector_country bucket8% top2 boost16,2020-07-31,2020-08-31,XLK,"ARGT,SMH",2
current_best sector_country bucket8% top2 boost16,2020-08-31,2020-09-30,XLK,"NORW,KWEB",2
current_best sector_country bucket8% top2 boost16,2020-09-30,2020-10-31,XLK,"SMH,EWY",2
current_best sector_country bucket8% top2 boost16,2020-10-31,2020-11-30,EWY,"MCHI,KWEB",2
current_best sector_country bucket8% top2 boost16,2020-11-30,2020-12-31,EWY,"SMH,EWY",2
current_best sector_country bucket8% top2 boost16,2020-12-31,2021-01-31,EWY,"GXG,EWY",2
current_best sector_country bucket8% top2 boost16,2021-01-31,2021-02-28,EWY,"KWEB,SMH",2
current_best sector_country bucket8% top2 boost16,2021-02-28,2021-03-31,EWY,"XLE,SMH",2
current_best sector_country bucket8% top2 boost16,2021-03-31,2021-04-30,XLK,"SMH,EWT",2
current_best sector_country bucket8% top2 boost16,2021-04-30,2021-05-31,SCHG,"KSA,XLF",2
current_best sector_country bucket8% top2 boost16,2021-05-31,2021-06-30,INDA,"EPOL,EWC",2
current_best sector_country bucket8% top2 boost16,2021-06-30,2021-07-31,SPMO,"VNM,EWZ",2
current_best sector_country bucket8% top2 boost16,2021-07-31,2021-08-31,XLK,"XLV,KSA",2
current_best sector_country bucket8% top2 boost16,2021-08-31,2021-09-30,INDA,"ARGT,INDA",2
current_best sector_country bucket8% top2 boost16,2021-09-30,2021-10-31,INDA,"EPI,INDA",2
current_best sector_country bucket8% top2 boost16,2021-10-31,2021-11-30,SCHG,"EIS,KSA",2
current_best sector_country bucket8% top2 boost16,2021-11-30,2021-12-31,XLK,"SMH,UAE",2
current_best sector_country bucket8% top2 boost16,2021-12-31,2022-01-31,XLK,"XLP,SMH",2
current_best sector_country bucket8% top2 boost16,2022-01-31,2022-02-28,,"XLE,EPU",2
current_best sector_country bucket8% top2 boost16,2022-02-28,2022-03-31,,"EPU,XLE",2
current_best sector_country bucket8% top2 boost16,2022-03-31,2022-04-30,BIL,"EWZ,ARGT",2
current_best sector_country bucket8% top2 boost16,2022-04-30,2022-05-31,BIL,"KSA,UAE",2
current_best sector_country bucket8% top2 boost16,2022-05-31,2022-06-30,BIL,"XLE,ECH",2
current_best sector_country bucket8% top2 boost16,2022-06-30,2022-07-31,BIL,,0
current_best sector_country bucket8% top2 boost16,2022-07-31,2022-08-31,BIL,"DXJ,XLP",2
current_best sector_country bucket8% top2 boost16,2022-08-31,2022-09-30,BIL,"ECH,XLE",2
current_best sector_country bucket8% top2 boost16,2022-09-30,2022-10-31,BIL,TUR,1
current_best sector_country bucket8% top2 boost16,2022-10-31,2022-11-30,MTUM,"XLE,TUR",2
current_best sector_country bucket8% top2 boost16,2022-11-30,2022-12-31,MTUM,"TUR,EWI",2
current_best sector_country bucket8% top2 boost16,2022-12-31,2023-01-31,BIL,"TUR,EPOL",2
current_best sector_country bucket8% top2 boost16,2023-01-31,2023-02-28,EWY,"ARGT,GREK",2
current_best sector_country bucket8% top2 boost16,2023-02-28,2023-03-31,XLK,"GREK,ARGT",2
current_best sector_country bucket8% top2 boost16,2023-03-31,2023-04-30,XLK,"SMH,EDEN",2
current_best sector_country bucket8% top2 boost16,2023-04-30,2023-05-31,XLK,"EIRL,EPOL",2
current_best sector_country bucket8% top2 boost16,2023-05-31,2023-06-30,XLK,"SMH,GREK",2
current_best sector_country bucket8% top2 boost16,2023-06-30,2023-07-31,XLK,"SMH,GREK",2
current_best sector_country bucket8% top2 boost16,2023-07-31,2023-08-31,SCHG,"EPOL,VNM",2
current_best sector_country bucket8% top2 boost16,2023-08-31,2023-09-30,XLK,"VNM,SMH",2
current_best sector_country bucket8% top2 boost16,2023-09-30,2023-10-31,SPMO,"EGPT,DXJ",2
current_best sector_country bucket8% top2 boost16,2023-10-31,2023-11-30,BIL,"EGPT,PAK",2
current_best sector_country bucket8% top2 boost16,2023-11-30,2023-12-31,XLK,"PAK,ARGT",2
current_best sector_country bucket8% top2 boost16,2023-12-31,2024-01-31,XLK,"SMH,EWD",2
current_best sector_country bucket8% top2 boost16,2024-01-31,2024-02-29,SPMO,"SMH,EGPT",2
current_best sector_country bucket8% top2 boost16,2024-02-29,2024-03-31,SPMO,"SMH,EIS",2
current_best sector_country bucket8% top2 boost16,2024-03-31,2024-04-30,SPMO,"EPU,DXJ",2
current_best sector_country bucket8% top2 boost16,2024-04-30,2024-05-31,INDA,"EPU,TUR",2
current_best sector_country bucket8% top2 boost16,2024-05-31,2024-06-30,SPMO,"EPU,SMH",2
current_best sector_country bucket8% top2 boost16,2024-06-30,2024-07-31,SPMO,"SMH,EWT",2
current_best sector_country bucket8% top2 boost16,2024-07-31,2024-08-31,INDA,"EPI,EZA",2
current_best sector_country bucket8% top2 boost16,2024-08-31,2024-09-30,SPMO,"EWM,ARGT",2
current_best sector_country bucket8% top2 boost16,2024-09-30,2024-10-31,SPMO,"KWEB,EZA",2
current_best sector_country bucket8% top2 boost16,2024-10-31,2024-11-30,MTUM,"ARGT,XLU",2
current_best sector_country bucket8% top2 boost16,2024-11-30,2024-12-31,MTUM,"ARGT,XAR",2
current_best sector_country bucket8% top2 boost16,2024-12-31,2025-01-31,SCHG,"ARGT,EIS",2
current_best sector_country bucket8% top2 boost16,2025-01-31,2025-02-28,SPMO,"EIS,GXG",2
current_best sector_country bucket8% top2 boost16,2025-02-28,2025-03-31,SPMO,"GXG,EPOL",2
current_best sector_country bucket8% top2 boost16,2025-03-31,2025-04-30,IEF,"EPOL,GREK",2
current_best sector_country bucket8% top2 boost16,2025-04-30,2025-05-31,EWJ,"GREK,EWP",2
current_best sector_country bucket8% top2 boost16,2025-05-31,2025-06-30,SPMO,"GREK,EWP",2
current_best sector_country bucket8% top2 boost16,2025-06-30,2025-07-31,EWY,"XAR,GREK",2
current_best sector_country bucket8% top2 boost16,2025-07-31,2025-08-31,XLK,"VNM,XAR",2
current_best sector_country bucket8% top2 boost16,2025-08-31,2025-09-30,SCHG,"VNM,GXG",2
current_best sector_country bucket8% top2 boost16,2025-09-30,2025-10-31,EWY,"EPU,EZA",2
current_best sector_country bucket8% top2 boost16,2025-10-31,2025-11-30,EWY,"EWY,SMH",2
current_best sector_country bucket8% top2 boost16,2025-11-30,2025-12-31,EWY,"ECH,EPU",2
current_best sector_country bucket8% top2 boost16,2025-12-31,2026-01-31,EWY,"EPU,EZA",2
current_best sector_country bucket8% top2 boost16,2026-01-31,2026-02-28,EWY,"EWY,EPU",2
current_best sector_country bucket8% top2 boost16,2026-02-28,2026-03-31,EWY,"EWY,EPU",2
current_best sector_country bucket8% top2 boost16,2026-03-31,2026-04-29,BIL,"XLE,NORW",2
current_best sector_country bucket8% top3 boost16,2016-09-30,2016-10-31,EWY,"SMH,KWEB,EWT",3
current_best sector_country bucket8% top3 boost16,2016-10-31,2016-11-30,EWJ,"EWZ,ECH,DXJ",3
current_best sector_country bucket8% top3 boost16,2016-11-30,2016-12-31,,"XLF,DXJ,KSA",3
current_best sector_country bucket8% top3 boost16,2016-12-31,2017-01-31,SPMO,"PAK,KSA,XLF",3
current_best sector_country bucket8% top3 boost16,2017-01-31,2017-02-28,XLK,"EPOL,ARGT,EWZ",3
current_best sector_country bucket8% top3 boost16,2017-02-28,2017-03-31,SCHG,"EPOL,XAR,ITA",3
current_best sector_country bucket8% top3 boost16,2017-03-31,2017-04-30,INDA,"ARGT,EPI,EWP",3
current_best sector_country bucket8% top3 boost16,2017-04-30,2017-05-31,EWY,"EPOL,KWEB,EWP",3
current_best sector_country bucket8% top3 boost16,2017-05-31,2017-06-30,EWY,"EDEN,TUR,EWY",3
current_best sector_country bucket8% top3 boost16,2017-06-30,2017-07-31,EWY,"GREK,EWI,TUR",3
current_best sector_country bucket8% top3 boost16,2017-07-31,2017-08-31,INDA,"KWEB,TUR,MCHI",3
current_best sector_country bucket8% top3 boost16,2017-08-31,2017-09-30,XLK,"MCHI,EPOL,KWEB",3
current_best sector_country bucket8% top3 boost16,2017-09-30,2017-10-31,MTUM,"XAR,MCHI,ITA",3
current_best sector_country bucket8% top3 boost16,2017-10-31,2017-11-30,XLK,"SMH,EPU,DXJ",3
current_best sector_country bucket8% top3 boost16,2017-11-30,2017-12-31,SPMO,"VNM,EGPT,ITA",3
current_best sector_country bucket8% top3 boost16,2017-12-31,2018-01-31,SPMO,"VNM,ARGT,EZA",3
current_best sector_country bucket8% top3 boost16,2018-01-31,2018-02-28,SPMO,"GREK,VNM,ARGT",3
current_best sector_country bucket8% top3 boost16,2018-02-28,2018-03-31,SPMO,"VNM,THD,KWEB",3
current_best sector_country bucket8% top3 boost16,2018-03-31,2018-04-30,BIL,"EGPT,KSA,EWM",3
current_best sector_country bucket8% top3 boost16,2018-04-30,2018-05-31,EWY,"KSA,EGPT,EPU",3
current_best sector_country bucket8% top3 boost16,2018-05-31,2018-06-30,XLK,"KSA,QAT,SMH",3
current_best sector_country bucket8% top3 boost16,2018-06-30,2018-07-31,XLK,"KSA,XLE,XLU",3
current_best sector_country bucket8% top3 boost16,2018-07-31,2018-08-31,SPMO,"QAT,XAR,XLV",3
current_best sector_country bucket8% top3 boost16,2018-08-31,2018-09-30,XLK,"XLV,EIS,XAR",3
current_best sector_country bucket8% top3 boost16,2018-09-30,2018-10-31,SPMO,"XLV,QAT,XAR",3
current_best sector_country bucket8% top3 boost16,2018-10-31,2018-11-30,BIL,"QAT,EWZ,XLP",3
current_best sector_country bucket8% top3 boost16,2018-11-30,2018-12-31,IEF,"QAT,XLV,EIDO",3
current_best sector_country bucket8% top3 boost16,2018-12-31,2019-01-31,IEF,"EIDO,EWZ,QAT",3
current_best sector_country bucket8% top3 boost16,2019-01-31,2019-02-28,IEF,"EWZ,TUR,KSA",3
current_best sector_country bucket8% top3 boost16,2019-02-28,2019-03-31,SPMO,"KWEB,ARGT,SMH",3
current_best sector_country bucket8% top3 boost16,2019-03-31,2019-04-30,XLK,"SMH,EPI,GREK",3
current_best sector_country bucket8% top3 boost16,2019-04-30,2019-05-31,XLK,"SMH,KSA,XLF",3
current_best sector_country bucket8% top3 boost16,2019-05-31,2019-06-30,INDA,"GREK,INDA,XAR",3
current_best sector_country bucket8% top3 boost16,2019-06-30,2019-07-31,MTUM,"ARGT,GREK,ENZL",3
current_best sector_country bucket8% top3 boost16,2019-07-31,2019-08-31,XLK,"GREK,SMH,XAR",3
current_best sector_country bucket8% top3 boost16,2019-08-31,2019-09-30,IEF,"XLU,XAR,XLP",3
current_best sector_country bucket8% top3 boost16,2019-09-30,2019-10-31,EWJ,"XLU,ITA,TUR",3
current_best sector_country bucket8% top3 boost16,2019-10-31,2019-11-30,EWJ,"SMH,EWT,DXJ",3
current_best sector_country bucket8% top3 boost16,2019-11-30,2019-12-31,XLK,"XLV,PAK,SMH",3
current_best sector_country bucket8% top3 boost16,2019-12-31,2020-01-31,XLK,"SMH,EWZ,EWT",3
current_best sector_country bucket8% top3 boost16,2020-01-31,2020-02-29,XLK,"EDEN,XLU,SMH",3
current_best sector_country bucket8% top3 boost16,2020-02-29,2020-03-31,IEF,,0
current_best sector_country bucket8% top3 boost16,2020-03-31,2020-04-30,IEF,,0
current_best sector_country bucket8% top3 boost16,2020-04-30,2020-05-31,IEF,,0
current_best sector_country bucket8% top3 boost16,2020-05-31,2020-06-30,SCHG,"EDEN,XLV,KWEB",3
current_best sector_country bucket8% top3 boost16,2020-06-30,2020-07-31,XLK,"KWEB,SMH,EWN",3
current_best sector_country bucket8% top3 boost16,2020-07-31,2020-08-31,XLK,"ARGT,SMH,EWT",3
current_best sector_country bucket8% top3 boost16,2020-08-31,2020-09-30,XLK,"NORW,KWEB,SMH",3
current_best sector_country bucket8% top3 boost16,2020-09-30,2020-10-31,XLK,"SMH,EWY,KWEB",3
current_best sector_country bucket8% top3 boost16,2020-10-31,2020-11-30,EWY,"MCHI,KWEB,XLU",3
current_best sector_country bucket8% top3 boost16,2020-11-30,2020-12-31,EWY,"SMH,EWY,XAR",3
current_best sector_country bucket8% top3 boost16,2020-12-31,2021-01-31,EWY,"GXG,EWY,TUR",3
current_best sector_country bucket8% top3 boost16,2021-01-31,2021-02-28,EWY,"KWEB,SMH,EWT",3
current_best sector_country bucket8% top3 boost16,2021-02-28,2021-03-31,EWY,"XLE,SMH,XLF",3
current_best sector_country bucket8% top3 boost16,2021-03-31,2021-04-30,XLK,"SMH,EWT,ECH",3
current_best sector_country bucket8% top3 boost16,2021-04-30,2021-05-31,SCHG,"KSA,XLF,EWT",3
current_best sector_country bucket8% top3 boost16,2021-05-31,2021-06-30,INDA,"EPOL,EWC,XLF",3
current_best sector_country bucket8% top3 boost16,2021-06-30,2021-07-31,SPMO,"VNM,EWZ,UAE",3
current_best sector_country bucket8% top3 boost16,2021-07-31,2021-08-31,XLK,"XLV,KSA,EDEN",3
current_best sector_country bucket8% top3 boost16,2021-08-31,2021-09-30,INDA,"ARGT,INDA,EPI",3
current_best sector_country bucket8% top3 boost16,2021-09-30,2021-10-31,INDA,"EPI,INDA,KSA",3
current_best sector_country bucket8% top3 boost16,2021-10-31,2021-11-30,SCHG,"EIS,KSA,EIDO",3
current_best sector_country bucket8% top3 boost16,2021-11-30,2021-12-31,XLK,"SMH,UAE,VNM",3
current_best sector_country bucket8% top3 boost16,2021-12-31,2022-01-31,XLK,"XLP,SMH,XLU",3
current_best sector_country bucket8% top3 boost16,2022-01-31,2022-02-28,,"XLE,EPU,KSA",3
current_best sector_country bucket8% top3 boost16,2022-02-28,2022-03-31,,"EPU,XLE,UAE",3
current_best sector_country bucket8% top3 boost16,2022-03-31,2022-04-30,BIL,"EWZ,ARGT,EWW",3
current_best sector_country bucket8% top3 boost16,2022-04-30,2022-05-31,BIL,"KSA,UAE,QAT",3
current_best sector_country bucket8% top3 boost16,2022-05-31,2022-06-30,BIL,"XLE,ECH,XLU",3
current_best sector_country bucket8% top3 boost16,2022-06-30,2022-07-31,BIL,,0
current_best sector_country bucket8% top3 boost16,2022-07-31,2022-08-31,BIL,"DXJ,XLP",2
current_best sector_country bucket8% top3 boost16,2022-08-31,2022-09-30,BIL,"ECH,XLE,TUR",3
current_best sector_country bucket8% top3 boost16,2022-09-30,2022-10-31,BIL,TUR,1
current_best sector_country bucket8% top3 boost16,2022-10-31,2022-11-30,MTUM,"XLE,TUR,ITA",3
current_best sector_country bucket8% top3 boost16,2022-11-30,2022-12-31,MTUM,"TUR,EWI,XLE",3
current_best sector_country bucket8% top3 boost16,2022-12-31,2023-01-31,BIL,"TUR,EPOL,GREK",3
current_best sector_country bucket8% top3 boost16,2023-01-31,2023-02-28,EWY,"ARGT,GREK,EIRL",3
current_best sector_country bucket8% top3 boost16,2023-02-28,2023-03-31,XLK,"GREK,ARGT,EWP",3
current_best sector_country bucket8% top3 boost16,2023-03-31,2023-04-30,XLK,"SMH,EDEN,EIRL",3
current_best sector_country bucket8% top3 boost16,2023-04-30,2023-05-31,XLK,"EIRL,EPOL,EWQ",3
current_best sector_country bucket8% top3 boost16,2023-05-31,2023-06-30,XLK,"SMH,GREK,DXJ",3
current_best sector_country bucket8% top3 boost16,2023-06-30,2023-07-31,XLK,"SMH,GREK,ARGT",3
current_best sector_country bucket8% top3 boost16,2023-07-31,2023-08-31,SCHG,"EPOL,VNM,GXG",3
current_best sector_country bucket8% top3 boost16,2023-08-31,2023-09-30,XLK,"VNM,SMH,TUR",3
current_best sector_country bucket8% top3 boost16,2023-09-30,2023-10-31,SPMO,"EGPT,DXJ,TUR",3
current_best sector_country bucket8% top3 boost16,2023-10-31,2023-11-30,BIL,"EGPT,PAK,EPOL",3
current_best sector_country bucket8% top3 boost16,2023-11-30,2023-12-31,XLK,"PAK,ARGT,EPOL",3
current_best sector_country bucket8% top3 boost16,2023-12-31,2024-01-31,XLK,"SMH,EWD,EWZ",3
current_best sector_country bucket8% top3 boost16,2024-01-31,2024-02-29,SPMO,"SMH,EGPT,EPI",3
current_best sector_country bucket8% top3 boost16,2024-02-29,2024-03-31,SPMO,"SMH,EIS,DXJ",3
current_best sector_country bucket8% top3 boost16,2024-03-31,2024-04-30,SPMO,"EPU,DXJ,SMH",3
current_best sector_country bucket8% top3 boost16,2024-04-30,2024-05-31,INDA,"EPU,TUR,ARGT",3
current_best sector_country bucket8% top3 boost16,2024-05-31,2024-06-30,SPMO,"EPU,SMH,TUR",3
current_best sector_country bucket8% top3 boost16,2024-06-30,2024-07-31,SPMO,"SMH,EWT,EZA",3
current_best sector_country bucket8% top3 boost16,2024-07-31,2024-08-31,INDA,"EPI,EZA,ITA",3
current_best sector_country bucket8% top3 boost16,2024-08-31,2024-09-30,SPMO,"EWM,ARGT,XLF",3
current_best sector_country bucket8% top3 boost16,2024-09-30,2024-10-31,SPMO,"KWEB,EZA,MCHI",3
current_best sector_country bucket8% top3 boost16,2024-10-31,2024-11-30,MTUM,"ARGT,XLU,EZA",3
current_best sector_country bucket8% top3 boost16,2024-11-30,2024-12-31,MTUM,"ARGT,XAR,XLF",3
current_best sector_country bucket8% top3 boost16,2024-12-31,2025-01-31,SCHG,"ARGT,EIS,UAE",3
current_best sector_country bucket8% top3 boost16,2025-01-31,2025-02-28,SPMO,"EIS,GXG,EWG",3
current_best sector_country bucket8% top3 boost16,2025-02-28,2025-03-31,SPMO,"GXG,EPOL,EWP",3
current_best sector_country bucket8% top3 boost16,2025-03-31,2025-04-30,IEF,"EPOL,GREK,EWP",3
current_best sector_country bucket8% top3 boost16,2025-04-30,2025-05-31,EWJ,"GREK,EWP,ECH",3
current_best sector_country bucket8% top3 boost16,2025-05-31,2025-06-30,SPMO,"GREK,EWP,EWI",3
current_best sector_country bucket8% top3 boost16,2025-06-30,2025-07-31,EWY,"XAR,GREK,EWY",3
current_best sector_country bucket8% top3 boost16,2025-07-31,2025-08-31,XLK,"VNM,XAR,ITA",3
current_best sector_country bucket8% top3 boost16,2025-08-31,2025-09-30,SCHG,"VNM,GXG,EPU",3
current_best sector_country bucket8% top3 boost16,2025-09-30,2025-10-31,EWY,"EPU,EZA,KWEB",3
current_best sector_country bucket8% top3 boost16,2025-10-31,2025-11-30,EWY,"EWY,SMH,GXG",3
current_best sector_country bucket8% top3 boost16,2025-11-30,2025-12-31,EWY,"ECH,EPU,EWZ",3
current_best sector_country bucket8% top3 boost16,2025-12-31,2026-01-31,EWY,"EPU,EZA,ECH",3
current_best sector_country bucket8% top3 boost16,2026-01-31,2026-02-28,EWY,"EWY,EPU,GXG",3
current_best sector_country bucket8% top3 boost16,2026-02-28,2026-03-31,EWY,"EWY,EPU,EZA",3
current_best sector_country bucket8% top3 boost16,2026-03-31,2026-04-29,BIL,"XLE,NORW,EWZ",3
current_best sector_country bucket10% top1 boost16,2016-09-30,2016-10-31,EWY,SMH,1
current_best sector_country bucket10% top1 boost16,2016-10-31,2016-11-30,EWJ,EWZ,1
current_best sector_country bucket10% top1 boost16,2016-11-30,2016-12-31,,XLF,1
current_best sector_country bucket10% top1 boost16,2016-12-31,2017-01-31,SPMO,PAK,1
current_best sector_country bucket10% top1 boost16,2017-01-31,2017-02-28,XLK,EPOL,1
current_best sector_country bucket10% top1 boost16,2017-02-28,2017-03-31,SCHG,EPOL,1
current_best sector_country bucket10% top1 boost16,2017-03-31,2017-04-30,INDA,ARGT,1
current_best sector_country bucket10% top1 boost16,2017-04-30,2017-05-31,EWY,EPOL,1
current_best sector_country bucket10% top1 boost16,2017-05-31,2017-06-30,EWY,EDEN,1
current_best sector_country bucket10% top1 boost16,2017-06-30,2017-07-31,EWY,GREK,1
current_best sector_country bucket10% top1 boost16,2017-07-31,2017-08-31,INDA,KWEB,1
current_best sector_country bucket10% top1 boost16,2017-08-31,2017-09-30,XLK,MCHI,1
current_best sector_country bucket10% top1 boost16,2017-09-30,2017-10-31,MTUM,XAR,1
current_best sector_country bucket10% top1 boost16,2017-10-31,2017-11-30,XLK,SMH,1
current_best sector_country bucket10% top1 boost16,2017-11-30,2017-12-31,SPMO,VNM,1
current_best sector_country bucket10% top1 boost16,2017-12-31,2018-01-31,SPMO,VNM,1
current_best sector_country bucket10% top1 boost16,2018-01-31,2018-02-28,SPMO,GREK,1
current_best sector_country bucket10% top1 boost16,2018-02-28,2018-03-31,SPMO,VNM,1
current_best sector_country bucket10% top1 boost16,2018-03-31,2018-04-30,BIL,EGPT,1
current_best sector_country bucket10% top1 boost16,2018-04-30,2018-05-31,EWY,KSA,1
current_best sector_country bucket10% top1 boost16,2018-05-31,2018-06-30,XLK,KSA,1
current_best sector_country bucket10% top1 boost16,2018-06-30,2018-07-31,XLK,KSA,1
current_best sector_country bucket10% top1 boost16,2018-07-31,2018-08-31,SPMO,QAT,1
current_best sector_country bucket10% top1 boost16,2018-08-31,2018-09-30,XLK,XLV,1
current_best sector_country bucket10% top1 boost16,2018-09-30,2018-10-31,SPMO,XLV,1
current_best sector_country bucket10% top1 boost16,2018-10-31,2018-11-30,BIL,QAT,1
current_best sector_country bucket10% top1 boost16,2018-11-30,2018-12-31,IEF,QAT,1
current_best sector_country bucket10% top1 boost16,2018-12-31,2019-01-31,IEF,EIDO,1
current_best sector_country bucket10% top1 boost16,2019-01-31,2019-02-28,IEF,EWZ,1
current_best sector_country bucket10% top1 boost16,2019-02-28,2019-03-31,SPMO,KWEB,1
current_best sector_country bucket10% top1 boost16,2019-03-31,2019-04-30,XLK,SMH,1
current_best sector_country bucket10% top1 boost16,2019-04-30,2019-05-31,XLK,SMH,1
current_best sector_country bucket10% top1 boost16,2019-05-31,2019-06-30,INDA,GREK,1
current_best sector_country bucket10% top1 boost16,2019-06-30,2019-07-31,MTUM,ARGT,1
current_best sector_country bucket10% top1 boost16,2019-07-31,2019-08-31,XLK,GREK,1
current_best sector_country bucket10% top1 boost16,2019-08-31,2019-09-30,IEF,XLU,1
current_best sector_country bucket10% top1 boost16,2019-09-30,2019-10-31,EWJ,XLU,1
current_best sector_country bucket10% top1 boost16,2019-10-31,2019-11-30,EWJ,SMH,1
current_best sector_country bucket10% top1 boost16,2019-11-30,2019-12-31,XLK,XLV,1
current_best sector_country bucket10% top1 boost16,2019-12-31,2020-01-31,XLK,SMH,1
current_best sector_country bucket10% top1 boost16,2020-01-31,2020-02-29,XLK,EDEN,1
current_best sector_country bucket10% top1 boost16,2020-02-29,2020-03-31,IEF,,0
current_best sector_country bucket10% top1 boost16,2020-03-31,2020-04-30,IEF,,0
current_best sector_country bucket10% top1 boost16,2020-04-30,2020-05-31,IEF,,0
current_best sector_country bucket10% top1 boost16,2020-05-31,2020-06-30,SCHG,EDEN,1
current_best sector_country bucket10% top1 boost16,2020-06-30,2020-07-31,XLK,KWEB,1
current_best sector_country bucket10% top1 boost16,2020-07-31,2020-08-31,XLK,ARGT,1
current_best sector_country bucket10% top1 boost16,2020-08-31,2020-09-30,XLK,NORW,1
current_best sector_country bucket10% top1 boost16,2020-09-30,2020-10-31,XLK,SMH,1
current_best sector_country bucket10% top1 boost16,2020-10-31,2020-11-30,EWY,MCHI,1
current_best sector_country bucket10% top1 boost16,2020-11-30,2020-12-31,EWY,SMH,1
current_best sector_country bucket10% top1 boost16,2020-12-31,2021-01-31,EWY,GXG,1
current_best sector_country bucket10% top1 boost16,2021-01-31,2021-02-28,EWY,KWEB,1
current_best sector_country bucket10% top1 boost16,2021-02-28,2021-03-31,EWY,XLE,1
current_best sector_country bucket10% top1 boost16,2021-03-31,2021-04-30,XLK,SMH,1
current_best sector_country bucket10% top1 boost16,2021-04-30,2021-05-31,SCHG,KSA,1
current_best sector_country bucket10% top1 boost16,2021-05-31,2021-06-30,INDA,EPOL,1
current_best sector_country bucket10% top1 boost16,2021-06-30,2021-07-31,SPMO,VNM,1
current_best sector_country bucket10% top1 boost16,2021-07-31,2021-08-31,XLK,XLV,1
current_best sector_country bucket10% top1 boost16,2021-08-31,2021-09-30,INDA,ARGT,1
current_best sector_country bucket10% top1 boost16,2021-09-30,2021-10-31,INDA,EPI,1
current_best sector_country bucket10% top1 boost16,2021-10-31,2021-11-30,SCHG,EIS,1
current_best sector_country bucket10% top1 boost16,2021-11-30,2021-12-31,XLK,SMH,1
current_best sector_country bucket10% top1 boost16,2021-12-31,2022-01-31,XLK,XLP,1
current_best sector_country bucket10% top1 boost16,2022-01-31,2022-02-28,,XLE,1
current_best sector_country bucket10% top1 boost16,2022-02-28,2022-03-31,,EPU,1
current_best sector_country bucket10% top1 boost16,2022-03-31,2022-04-30,BIL,EWZ,1
current_best sector_country bucket10% top1 boost16,2022-04-30,2022-05-31,BIL,KSA,1
current_best sector_country bucket10% top1 boost16,2022-05-31,2022-06-30,BIL,XLE,1
current_best sector_country bucket10% top1 boost16,2022-06-30,2022-07-31,BIL,,0
current_best sector_country bucket10% top1 boost16,2022-07-31,2022-08-31,BIL,DXJ,1
current_best sector_country bucket10% top1 boost16,2022-08-31,2022-09-30,BIL,ECH,1
current_best sector_country bucket10% top1 boost16,2022-09-30,2022-10-31,BIL,TUR,1
current_best sector_country bucket10% top1 boost16,2022-10-31,2022-11-30,MTUM,XLE,1
current_best sector_country bucket10% top1 boost16,2022-11-30,2022-12-31,MTUM,TUR,1
current_best sector_country bucket10% top1 boost16,2022-12-31,2023-01-31,BIL,TUR,1
current_best sector_country bucket10% top1 boost16,2023-01-31,2023-02-28,EWY,ARGT,1
current_best sector_country bucket10% top1 boost16,2023-02-28,2023-03-31,XLK,GREK,1
current_best sector_country bucket10% top1 boost16,2023-03-31,2023-04-30,XLK,SMH,1
current_best sector_country bucket10% top1 boost16,2023-04-30,2023-05-31,XLK,EIRL,1
current_best sector_country bucket10% top1 boost16,2023-05-31,2023-06-30,XLK,SMH,1
current_best sector_country bucket10% top1 boost16,2023-06-30,2023-07-31,XLK,SMH,1
current_best sector_country bucket10% top1 boost16,2023-07-31,2023-08-31,SCHG,EPOL,1
current_best sector_country bucket10% top1 boost16,2023-08-31,2023-09-30,XLK,VNM,1
current_best sector_country bucket10% top1 boost16,2023-09-30,2023-10-31,SPMO,EGPT,1
current_best sector_country bucket10% top1 boost16,2023-10-31,2023-11-30,BIL,EGPT,1
current_best sector_country bucket10% top1 boost16,2023-11-30,2023-12-31,XLK,PAK,1
current_best sector_country bucket10% top1 boost16,2023-12-31,2024-01-31,XLK,SMH,1
current_best sector_country bucket10% top1 boost16,2024-01-31,2024-02-29,SPMO,SMH,1
current_best sector_country bucket10% top1 boost16,2024-02-29,2024-03-31,SPMO,SMH,1
current_best sector_country bucket10% top1 boost16,2024-03-31,2024-04-30,SPMO,EPU,1
current_best sector_country bucket10% top1 boost16,2024-04-30,2024-05-31,INDA,EPU,1
current_best sector_country bucket10% top1 boost16,2024-05-31,2024-06-30,SPMO,EPU,1
current_best sector_country bucket10% top1 boost16,2024-06-30,2024-07-31,SPMO,SMH,1
current_best sector_country bucket10% top1 boost16,2024-07-31,2024-08-31,INDA,EPI,1
current_best sector_country bucket10% top1 boost16,2024-08-31,2024-09-30,SPMO,EWM,1
current_best sector_country bucket10% top1 boost16,2024-09-30,2024-10-31,SPMO,KWEB,1
current_best sector_country bucket10% top1 boost16,2024-10-31,2024-11-30,MTUM,ARGT,1
current_best sector_country bucket10% top1 boost16,2024-11-30,2024-12-31,MTUM,ARGT,1
current_best sector_country bucket10% top1 boost16,2024-12-31,2025-01-31,SCHG,ARGT,1
current_best sector_country bucket10% top1 boost16,2025-01-31,2025-02-28,SPMO,EIS,1
current_best sector_country bucket10% top1 boost16,2025-02-28,2025-03-31,SPMO,GXG,1
current_best sector_country bucket10% top1 boost16,2025-03-31,2025-04-30,IEF,EPOL,1
current_best sector_country bucket10% top1 boost16,2025-04-30,2025-05-31,EWJ,GREK,1
current_best sector_country bucket10% top1 boost16,2025-05-31,2025-06-30,SPMO,GREK,1
current_best sector_country bucket10% top1 boost16,2025-06-30,2025-07-31,EWY,XAR,1
current_best sector_country bucket10% top1 boost16,2025-07-31,2025-08-31,XLK,VNM,1
current_best sector_country bucket10% top1 boost16,2025-08-31,2025-09-30,SCHG,VNM,1
current_best sector_country bucket10% top1 boost16,2025-09-30,2025-10-31,EWY,EPU,1
current_best sector_country bucket10% top1 boost16,2025-10-31,2025-11-30,EWY,EWY,1
current_best sector_country bucket10% top1 boost16,2025-11-30,2025-12-31,EWY,ECH,1
current_best sector_country bucket10% top1 boost16,2025-12-31,2026-01-31,EWY,EPU,1
current_best sector_country bucket10% top1 boost16,2026-01-31,2026-02-28,EWY,EWY,1
current_best sector_country bucket10% top1 boost16,2026-02-28,2026-03-31,EWY,EWY,1
current_best sector_country bucket10% top1 boost16,2026-03-31,2026-04-29,BIL,XLE,1
current_best sector_country bucket10% top2 boost16,2016-09-30,2016-10-31,EWY,"SMH,KWEB",2
current_best sector_country bucket10% top2 boost16,2016-10-31,2016-11-30,EWJ,"EWZ,ECH",2
current_best sector_country bucket10% top2 boost16,2016-11-30,2016-12-31,,"XLF,DXJ",2
current_best sector_country bucket10% top2 boost16,2016-12-31,2017-01-31,SPMO,"PAK,KSA",2
current_best sector_country bucket10% top2 boost16,2017-01-31,2017-02-28,XLK,"EPOL,ARGT",2
current_best sector_country bucket10% top2 boost16,2017-02-28,2017-03-31,SCHG,"EPOL,XAR",2
current_best sector_country bucket10% top2 boost16,2017-03-31,2017-04-30,INDA,"ARGT,EPI",2
current_best sector_country bucket10% top2 boost16,2017-04-30,2017-05-31,EWY,"EPOL,KWEB",2
current_best sector_country bucket10% top2 boost16,2017-05-31,2017-06-30,EWY,"EDEN,TUR",2
current_best sector_country bucket10% top2 boost16,2017-06-30,2017-07-31,EWY,"GREK,EWI",2
current_best sector_country bucket10% top2 boost16,2017-07-31,2017-08-31,INDA,"KWEB,TUR",2
current_best sector_country bucket10% top2 boost16,2017-08-31,2017-09-30,XLK,"MCHI,EPOL",2
current_best sector_country bucket10% top2 boost16,2017-09-30,2017-10-31,MTUM,"XAR,MCHI",2
current_best sector_country bucket10% top2 boost16,2017-10-31,2017-11-30,XLK,"SMH,EPU",2
current_best sector_country bucket10% top2 boost16,2017-11-30,2017-12-31,SPMO,"VNM,EGPT",2
current_best sector_country bucket10% top2 boost16,2017-12-31,2018-01-31,SPMO,"VNM,ARGT",2
current_best sector_country bucket10% top2 boost16,2018-01-31,2018-02-28,SPMO,"GREK,VNM",2
current_best sector_country bucket10% top2 boost16,2018-02-28,2018-03-31,SPMO,"VNM,THD",2
current_best sector_country bucket10% top2 boost16,2018-03-31,2018-04-30,BIL,"EGPT,KSA",2
current_best sector_country bucket10% top2 boost16,2018-04-30,2018-05-31,EWY,"KSA,EGPT",2
current_best sector_country bucket10% top2 boost16,2018-05-31,2018-06-30,XLK,"KSA,QAT",2
current_best sector_country bucket10% top2 boost16,2018-06-30,2018-07-31,XLK,"KSA,XLE",2
current_best sector_country bucket10% top2 boost16,2018-07-31,2018-08-31,SPMO,"QAT,XAR",2
current_best sector_country bucket10% top2 boost16,2018-08-31,2018-09-30,XLK,"XLV,EIS",2
current_best sector_country bucket10% top2 boost16,2018-09-30,2018-10-31,SPMO,"XLV,QAT",2
current_best sector_country bucket10% top2 boost16,2018-10-31,2018-11-30,BIL,"QAT,EWZ",2
current_best sector_country bucket10% top2 boost16,2018-11-30,2018-12-31,IEF,"QAT,XLV",2
current_best sector_country bucket10% top2 boost16,2018-12-31,2019-01-31,IEF,"EIDO,EWZ",2
current_best sector_country bucket10% top2 boost16,2019-01-31,2019-02-28,IEF,"EWZ,TUR",2
current_best sector_country bucket10% top2 boost16,2019-02-28,2019-03-31,SPMO,"KWEB,ARGT",2
current_best sector_country bucket10% top2 boost16,2019-03-31,2019-04-30,XLK,"SMH,EPI",2
current_best sector_country bucket10% top2 boost16,2019-04-30,2019-05-31,XLK,"SMH,KSA",2
current_best sector_country bucket10% top2 boost16,2019-05-31,2019-06-30,INDA,"GREK,INDA",2
current_best sector_country bucket10% top2 boost16,2019-06-30,2019-07-31,MTUM,"ARGT,GREK",2
current_best sector_country bucket10% top2 boost16,2019-07-31,2019-08-31,XLK,"GREK,SMH",2
current_best sector_country bucket10% top2 boost16,2019-08-31,2019-09-30,IEF,"XLU,XAR",2
current_best sector_country bucket10% top2 boost16,2019-09-30,2019-10-31,EWJ,"XLU,ITA",2
current_best sector_country bucket10% top2 boost16,2019-10-31,2019-11-30,EWJ,"SMH,EWT",2
current_best sector_country bucket10% top2 boost16,2019-11-30,2019-12-31,XLK,"XLV,PAK",2
current_best sector_country bucket10% top2 boost16,2019-12-31,2020-01-31,XLK,"SMH,EWZ",2
current_best sector_country bucket10% top2 boost16,2020-01-31,2020-02-29,XLK,"EDEN,XLU",2
current_best sector_country bucket10% top2 boost16,2020-02-29,2020-03-31,IEF,,0
current_best sector_country bucket10% top2 boost16,2020-03-31,2020-04-30,IEF,,0
current_best sector_country bucket10% top2 boost16,2020-04-30,2020-05-31,IEF,,0
current_best sector_country bucket10% top2 boost16,2020-05-31,2020-06-30,SCHG,"EDEN,XLV",2
current_best sector_country bucket10% top2 boost16,2020-06-30,2020-07-31,XLK,"KWEB,SMH",2
current_best sector_country bucket10% top2 boost16,2020-07-31,2020-08-31,XLK,"ARGT,SMH",2
current_best sector_country bucket10% top2 boost16,2020-08-31,2020-09-30,XLK,"NORW,KWEB",2
current_best sector_country bucket10% top2 boost16,2020-09-30,2020-10-31,XLK,"SMH,EWY",2
current_best sector_country bucket10% top2 boost16,2020-10-31,2020-11-30,EWY,"MCHI,KWEB",2
current_best sector_country bucket10% top2 boost16,2020-11-30,2020-12-31,EWY,"SMH,EWY",2
current_best sector_country bucket10% top2 boost16,2020-12-31,2021-01-31,EWY,"GXG,EWY",2
current_best sector_country bucket10% top2 boost16,2021-01-31,2021-02-28,EWY,"KWEB,SMH",2
current_best sector_country bucket10% top2 boost16,2021-02-28,2021-03-31,EWY,"XLE,SMH",2
current_best sector_country bucket10% top2 boost16,2021-03-31,2021-04-30,XLK,"SMH,EWT",2
current_best sector_country bucket10% top2 boost16,2021-04-30,2021-05-31,SCHG,"KSA,XLF",2
current_best sector_country bucket10% top2 boost16,2021-05-31,2021-06-30,INDA,"EPOL,EWC",2
current_best sector_country bucket10% top2 boost16,2021-06-30,2021-07-31,SPMO,"VNM,EWZ",2
current_best sector_country bucket10% top2 boost16,2021-07-31,2021-08-31,XLK,"XLV,KSA",2
current_best sector_country bucket10% top2 boost16,2021-08-31,2021-09-30,INDA,"ARGT,INDA",2
current_best sector_country bucket10% top2 boost16,2021-09-30,2021-10-31,INDA,"EPI,INDA",2
current_best sector_country bucket10% top2 boost16,2021-10-31,2021-11-30,SCHG,"EIS,KSA",2
current_best sector_country bucket10% top2 boost16,2021-11-30,2021-12-31,XLK,"SMH,UAE",2
current_best sector_country bucket10% top2 boost16,2021-12-31,2022-01-31,XLK,"XLP,SMH",2
current_best sector_country bucket10% top2 boost16,2022-01-31,2022-02-28,,"XLE,EPU",2
current_best sector_country bucket10% top2 boost16,2022-02-28,2022-03-31,,"EPU,XLE",2
current_best sector_country bucket10% top2 boost16,2022-03-31,2022-04-30,BIL,"EWZ,ARGT",2
current_best sector_country bucket10% top2 boost16,2022-04-30,2022-05-31,BIL,"KSA,UAE",2
current_best sector_country bucket10% top2 boost16,2022-05-31,2022-06-30,BIL,"XLE,ECH",2
current_best sector_country bucket10% top2 boost16,2022-06-30,2022-07-31,BIL,,0
current_best sector_country bucket10% top2 boost16,2022-07-31,2022-08-31,BIL,"DXJ,XLP",2
current_best sector_country bucket10% top2 boost16,2022-08-31,2022-09-30,BIL,"ECH,XLE",2
current_best sector_country bucket10% top2 boost16,2022-09-30,2022-10-31,BIL,TUR,1
current_best sector_country bucket10% top2 boost16,2022-10-31,2022-11-30,MTUM,"XLE,TUR",2
current_best sector_country bucket10% top2 boost16,2022-11-30,2022-12-31,MTUM,"TUR,EWI",2
current_best sector_country bucket10% top2 boost16,2022-12-31,2023-01-31,BIL,"TUR,EPOL",2
current_best sector_country bucket10% top2 boost16,2023-01-31,2023-02-28,EWY,"ARGT,GREK",2
current_best sector_country bucket10% top2 boost16,2023-02-28,2023-03-31,XLK,"GREK,ARGT",2
current_best sector_country bucket10% top2 boost16,2023-03-31,2023-04-30,XLK,"SMH,EDEN",2
current_best sector_country bucket10% top2 boost16,2023-04-30,2023-05-31,XLK,"EIRL,EPOL",2
current_best sector_country bucket10% top2 boost16,2023-05-31,2023-06-30,XLK,"SMH,GREK",2
current_best sector_country bucket10% top2 boost16,2023-06-30,2023-07-31,XLK,"SMH,GREK",2
current_best sector_country bucket10% top2 boost16,2023-07-31,2023-08-31,SCHG,"EPOL,VNM",2
current_best sector_country bucket10% top2 boost16,2023-08-31,2023-09-30,XLK,"VNM,SMH",2
current_best sector_country bucket10% top2 boost16,2023-09-30,2023-10-31,SPMO,"EGPT,DXJ",2
current_best sector_country bucket10% top2 boost16,2023-10-31,2023-11-30,BIL,"EGPT,PAK",2
current_best sector_country bucket10% top2 boost16,2023-11-30,2023-12-31,XLK,"PAK,ARGT",2
current_best sector_country bucket10% top2 boost16,2023-12-31,2024-01-31,XLK,"SMH,EWD",2
current_best sector_country bucket10% top2 boost16,2024-01-31,2024-02-29,SPMO,"SMH,EGPT",2
current_best sector_country bucket10% top2 boost16,2024-02-29,2024-03-31,SPMO,"SMH,EIS",2
current_best sector_country bucket10% top2 boost16,2024-03-31,2024-04-30,SPMO,"EPU,DXJ",2
current_best sector_country bucket10% top2 boost16,2024-04-30,2024-05-31,INDA,"EPU,TUR",2
current_best sector_country bucket10% top2 boost16,2024-05-31,2024-06-30,SPMO,"EPU,SMH",2
current_best sector_country bucket10% top2 boost16,2024-06-30,2024-07-31,SPMO,"SMH,EWT",2
current_best sector_country bucket10% top2 boost16,2024-07-31,2024-08-31,INDA,"EPI,EZA",2
current_best sector_country bucket10% top2 boost16,2024-08-31,2024-09-30,SPMO,"EWM,ARGT",2
current_best sector_country bucket10% top2 boost16,2024-09-30,2024-10-31,SPMO,"KWEB,EZA",2
current_best sector_country bucket10% top2 boost16,2024-10-31,2024-11-30,MTUM,"ARGT,XLU",2
current_best sector_country bucket10% top2 boost16,2024-11-30,2024-12-31,MTUM,"ARGT,XAR",2
current_best sector_country bucket10% top2 boost16,2024-12-31,2025-01-31,SCHG,"ARGT,EIS",2
current_best sector_country bucket10% top2 boost16,2025-01-31,2025-02-28,SPMO,"EIS,GXG",2
current_best sector_country bucket10% top2 boost16,2025-02-28,2025-03-31,SPMO,"GXG,EPOL",2
current_best sector_country bucket10% top2 boost16,2025-03-31,2025-04-30,IEF,"EPOL,GREK",2
current_best sector_country bucket10% top2 boost16,2025-04-30,2025-05-31,EWJ,"GREK,EWP",2
current_best sector_country bucket10% top2 boost16,2025-05-31,2025-06-30,SPMO,"GREK,EWP",2
current_best sector_country bucket10% top2 boost16,2025-06-30,2025-07-31,EWY,"XAR,GREK",2
current_best sector_country bucket10% top2 boost16,2025-07-31,2025-08-31,XLK,"VNM,XAR",2
current_best sector_country bucket10% top2 boost16,2025-08-31,2025-09-30,SCHG,"VNM,GXG",2
current_best sector_country bucket10% top2 boost16,2025-09-30,2025-10-31,EWY,"EPU,EZA",2
current_best sector_country bucket10% top2 boost16,2025-10-31,2025-11-30,EWY,"EWY,SMH",2
current_best sector_country bucket10% top2 boost16,2025-11-30,2025-12-31,EWY,"ECH,EPU",2
current_best sector_country bucket10% top2 boost16,2025-12-31,2026-01-31,EWY,"EPU,EZA",2
current_best sector_country bucket10% top2 boost16,2026-01-31,2026-02-28,EWY,"EWY,EPU",2
current_best sector_country bucket10% top2 boost16,2026-02-28,2026-03-31,EWY,"EWY,EPU",2
current_best sector_country bucket10% top2 boost16,2026-03-31,2026-04-29,BIL,"XLE,NORW",2
current_best sector_country bucket10% top3 boost16,2016-09-30,2016-10-31,EWY,"SMH,KWEB,EWT",3
current_best sector_country bucket10% top3 boost16,2016-10-31,2016-11-30,EWJ,"EWZ,ECH,DXJ",3
current_best sector_country bucket10% top3 boost16,2016-11-30,2016-12-31,,"XLF,DXJ,KSA",3
current_best sector_country bucket10% top3 boost16,2016-12-31,2017-01-31,SPMO,"PAK,KSA,XLF",3
current_best sector_country bucket10% top3 boost16,2017-01-31,2017-02-28,XLK,"EPOL,ARGT,EWZ",3
current_best sector_country bucket10% top3 boost16,2017-02-28,2017-03-31,SCHG,"EPOL,XAR,ITA",3
current_best sector_country bucket10% top3 boost16,2017-03-31,2017-04-30,INDA,"ARGT,EPI,EWP",3
current_best sector_country bucket10% top3 boost16,2017-04-30,2017-05-31,EWY,"EPOL,KWEB,EWP",3
current_best sector_country bucket10% top3 boost16,2017-05-31,2017-06-30,EWY,"EDEN,TUR,EWY",3
current_best sector_country bucket10% top3 boost16,2017-06-30,2017-07-31,EWY,"GREK,EWI,TUR",3
current_best sector_country bucket10% top3 boost16,2017-07-31,2017-08-31,INDA,"KWEB,TUR,MCHI",3
current_best sector_country bucket10% top3 boost16,2017-08-31,2017-09-30,XLK,"MCHI,EPOL,KWEB",3
current_best sector_country bucket10% top3 boost16,2017-09-30,2017-10-31,MTUM,"XAR,MCHI,ITA",3
current_best sector_country bucket10% top3 boost16,2017-10-31,2017-11-30,XLK,"SMH,EPU,DXJ",3
current_best sector_country bucket10% top3 boost16,2017-11-30,2017-12-31,SPMO,"VNM,EGPT,ITA",3
current_best sector_country bucket10% top3 boost16,2017-12-31,2018-01-31,SPMO,"VNM,ARGT,EZA",3
current_best sector_country bucket10% top3 boost16,2018-01-31,2018-02-28,SPMO,"GREK,VNM,ARGT",3
current_best sector_country bucket10% top3 boost16,2018-02-28,2018-03-31,SPMO,"VNM,THD,KWEB",3
current_best sector_country bucket10% top3 boost16,2018-03-31,2018-04-30,BIL,"EGPT,KSA,EWM",3
current_best sector_country bucket10% top3 boost16,2018-04-30,2018-05-31,EWY,"KSA,EGPT,EPU",3
current_best sector_country bucket10% top3 boost16,2018-05-31,2018-06-30,XLK,"KSA,QAT,SMH",3
current_best sector_country bucket10% top3 boost16,2018-06-30,2018-07-31,XLK,"KSA,XLE,XLU",3
current_best sector_country bucket10% top3 boost16,2018-07-31,2018-08-31,SPMO,"QAT,XAR,XLV",3
current_best sector_country bucket10% top3 boost16,2018-08-31,2018-09-30,XLK,"XLV,EIS,XAR",3
current_best sector_country bucket10% top3 boost16,2018-09-30,2018-10-31,SPMO,"XLV,QAT,XAR",3
current_best sector_country bucket10% top3 boost16,2018-10-31,2018-11-30,BIL,"QAT,EWZ,XLP",3
current_best sector_country bucket10% top3 boost16,2018-11-30,2018-12-31,IEF,"QAT,XLV,EIDO",3
current_best sector_country bucket10% top3 boost16,2018-12-31,2019-01-31,IEF,"EIDO,EWZ,QAT",3
current_best sector_country bucket10% top3 boost16,2019-01-31,2019-02-28,IEF,"EWZ,TUR,KSA",3
current_best sector_country bucket10% top3 boost16,2019-02-28,2019-03-31,SPMO,"KWEB,ARGT,SMH",3
current_best sector_country bucket10% top3 boost16,2019-03-31,2019-04-30,XLK,"SMH,EPI,GREK",3
current_best sector_country bucket10% top3 boost16,2019-04-30,2019-05-31,XLK,"SMH,KSA,XLF",3
current_best sector_country bucket10% top3 boost16,2019-05-31,2019-06-30,INDA,"GREK,INDA,XAR",3
current_best sector_country bucket10% top3 boost16,2019-06-30,2019-07-31,MTUM,"ARGT,GREK,ENZL",3
current_best sector_country bucket10% top3 boost16,2019-07-31,2019-08-31,XLK,"GREK,SMH,XAR",3
current_best sector_country bucket10% top3 boost16,2019-08-31,2019-09-30,IEF,"XLU,XAR,XLP",3
current_best sector_country bucket10% top3 boost16,2019-09-30,2019-10-31,EWJ,"XLU,ITA,TUR",3
current_best sector_country bucket10% top3 boost16,2019-10-31,2019-11-30,EWJ,"SMH,EWT,DXJ",3
current_best sector_country bucket10% top3 boost16,2019-11-30,2019-12-31,XLK,"XLV,PAK,SMH",3
current_best sector_country bucket10% top3 boost16,2019-12-31,2020-01-31,XLK,"SMH,EWZ,EWT",3
current_best sector_country bucket10% top3 boost16,2020-01-31,2020-02-29,XLK,"EDEN,XLU,SMH",3
current_best sector_country bucket10% top3 boost16,2020-02-29,2020-03-31,IEF,,0
current_best sector_country bucket10% top3 boost16,2020-03-31,2020-04-30,IEF,,0
current_best sector_country bucket10% top3 boost16,2020-04-30,2020-05-31,IEF,,0
current_best sector_country bucket10% top3 boost16,2020-05-31,2020-06-30,SCHG,"EDEN,XLV,KWEB",3
current_best sector_country bucket10% top3 boost16,2020-06-30,2020-07-31,XLK,"KWEB,SMH,EWN",3
current_best sector_country bucket10% top3 boost16,2020-07-31,2020-08-31,XLK,"ARGT,SMH,EWT",3
current_best sector_country bucket10% top3 boost16,2020-08-31,2020-09-30,XLK,"NORW,KWEB,SMH",3
current_best sector_country bucket10% top3 boost16,2020-09-30,2020-10-31,XLK,"SMH,EWY,KWEB",3
current_best sector_country bucket10% top3 boost16,2020-10-31,2020-11-30,EWY,"MCHI,KWEB,XLU",3
current_best sector_country bucket10% top3 boost16,2020-11-30,2020-12-31,EWY,"SMH,EWY,XAR",3
current_best sector_country bucket10% top3 boost16,2020-12-31,2021-01-31,EWY,"GXG,EWY,TUR",3
current_best sector_country bucket10% top3 boost16,2021-01-31,2021-02-28,EWY,"KWEB,SMH,EWT",3
current_best sector_country bucket10% top3 boost16,2021-02-28,2021-03-31,EWY,"XLE,SMH,XLF",3
current_best sector_country bucket10% top3 boost16,2021-03-31,2021-04-30,XLK,"SMH,EWT,ECH",3
current_best sector_country bucket10% top3 boost16,2021-04-30,2021-05-31,SCHG,"KSA,XLF,EWT",3
current_best sector_country bucket10% top3 boost16,2021-05-31,2021-06-30,INDA,"EPOL,EWC,XLF",3
current_best sector_country bucket10% top3 boost16,2021-06-30,2021-07-31,SPMO,"VNM,EWZ,UAE",3
current_best sector_country bucket10% top3 boost16,2021-07-31,2021-08-31,XLK,"XLV,KSA,EDEN",3
current_best sector_country bucket10% top3 boost16,2021-08-31,2021-09-30,INDA,"ARGT,INDA,EPI",3
current_best sector_country bucket10% top3 boost16,2021-09-30,2021-10-31,INDA,"EPI,INDA,KSA",3
current_best sector_country bucket10% top3 boost16,2021-10-31,2021-11-30,SCHG,"EIS,KSA,EIDO",3
current_best sector_country bucket10% top3 boost16,2021-11-30,2021-12-31,XLK,"SMH,UAE,VNM",3
current_best sector_country bucket10% top3 boost16,2021-12-31,2022-01-31,XLK,"XLP,SMH,XLU",3
current_best sector_country bucket10% top3 boost16,2022-01-31,2022-02-28,,"XLE,EPU,KSA",3
current_best sector_country bucket10% top3 boost16,2022-02-28,2022-03-31,,"EPU,XLE,UAE",3
current_best sector_country bucket10% top3 boost16,2022-03-31,2022-04-30,BIL,"EWZ,ARGT,EWW",3
current_best sector_country bucket10% top3 boost16,2022-04-30,2022-05-31,BIL,"KSA,UAE,QAT",3
current_best sector_country bucket10% top3 boost16,2022-05-31,2022-06-30,BIL,"XLE,ECH,XLU",3
current_best sector_country bucket10% top3 boost16,2022-06-30,2022-07-31,BIL,,0
current_best sector_country bucket10% top3 boost16,2022-07-31,2022-08-31,BIL,"DXJ,XLP",2
current_best sector_country bucket10% top3 boost16,2022-08-31,2022-09-30,BIL,"ECH,XLE,TUR",3
current_best sector_country bucket10% top3 boost16,2022-09-30,2022-10-31,BIL,TUR,1
current_best sector_country bucket10% top3 boost16,2022-10-31,2022-11-30,MTUM,"XLE,TUR,ITA",3
current_best sector_country bucket10% top3 boost16,2022-11-30,2022-12-31,MTUM,"TUR,EWI,XLE",3
current_best sector_country bucket10% top3 boost16,2022-12-31,2023-01-31,BIL,"TUR,EPOL,GREK",3
current_best sector_country bucket10% top3 boost16,2023-01-31,2023-02-28,EWY,"ARGT,GREK,EIRL",3
current_best sector_country bucket10% top3 boost16,2023-02-28,2023-03-31,XLK,"GREK,ARGT,EWP",3
current_best sector_country bucket10% top3 boost16,2023-03-31,2023-04-30,XLK,"SMH,EDEN,EIRL",3
current_best sector_country bucket10% top3 boost16,2023-04-30,2023-05-31,XLK,"EIRL,EPOL,EWQ",3
current_best sector_country bucket10% top3 boost16,2023-05-31,2023-06-30,XLK,"SMH,GREK,DXJ",3
current_best sector_country bucket10% top3 boost16,2023-06-30,2023-07-31,XLK,"SMH,GREK,ARGT",3
current_best sector_country bucket10% top3 boost16,2023-07-31,2023-08-31,SCHG,"EPOL,VNM,GXG",3
current_best sector_country bucket10% top3 boost16,2023-08-31,2023-09-30,XLK,"VNM,SMH,TUR",3
current_best sector_country bucket10% top3 boost16,2023-09-30,2023-10-31,SPMO,"EGPT,DXJ,TUR",3
current_best sector_country bucket10% top3 boost16,2023-10-31,2023-11-30,BIL,"EGPT,PAK,EPOL",3
current_best sector_country bucket10% top3 boost16,2023-11-30,2023-12-31,XLK,"PAK,ARGT,EPOL",3
current_best sector_country bucket10% top3 boost16,2023-12-31,2024-01-31,XLK,"SMH,EWD,EWZ",3
current_best sector_country bucket10% top3 boost16,2024-01-31,2024-02-29,SPMO,"SMH,EGPT,EPI",3
current_best sector_country bucket10% top3 boost16,2024-02-29,2024-03-31,SPMO,"SMH,EIS,DXJ",3
current_best sector_country bucket10% top3 boost16,2024-03-31,2024-04-30,SPMO,"EPU,DXJ,SMH",3
current_best sector_country bucket10% top3 boost16,2024-04-30,2024-05-31,INDA,"EPU,TUR,ARGT",3
current_best sector_country bucket10% top3 boost16,2024-05-31,2024-06-30,SPMO,"EPU,SMH,TUR",3
current_best sector_country bucket10% top3 boost16,2024-06-30,2024-07-31,SPMO,"SMH,EWT,EZA",3
current_best sector_country bucket10% top3 boost16,2024-07-31,2024-08-31,INDA,"EPI,EZA,ITA",3
current_best sector_country bucket10% top3 boost16,2024-08-31,2024-09-30,SPMO,"EWM,ARGT,XLF",3
current_best sector_country bucket10% top3 boost16,2024-09-30,2024-10-31,SPMO,"KWEB,EZA,MCHI",3
current_best sector_country bucket10% top3 boost16,2024-10-31,2024-11-30,MTUM,"ARGT,XLU,EZA",3
current_best sector_country bucket10% top3 boost16,2024-11-30,2024-12-31,MTUM,"ARGT,XAR,XLF",3
current_best sector_country bucket10% top3 boost16,2024-12-31,2025-01-31,SCHG,"ARGT,EIS,UAE",3
current_best sector_country bucket10% top3 boost16,2025-01-31,2025-02-28,SPMO,"EIS,GXG,EWG",3
current_best sector_country bucket10% top3 boost16,2025-02-28,2025-03-31,SPMO,"GXG,EPOL,EWP",3
current_best sector_country bucket10% top3 boost16,2025-03-31,2025-04-30,IEF,"EPOL,GREK,EWP",3
current_best sector_country bucket10% top3 boost16,2025-04-30,2025-05-31,EWJ,"GREK,EWP,ECH",3
current_best sector_country bucket10% top3 boost16,2025-05-31,2025-06-30,SPMO,"GREK,EWP,EWI",3
current_best sector_country bucket10% top3 boost16,2025-06-30,2025-07-31,EWY,"XAR,GREK,EWY",3
current_best sector_country bucket10% top3 boost16,2025-07-31,2025-08-31,XLK,"VNM,XAR,ITA",3
current_best sector_country bucket10% top3 boost16,2025-08-31,2025-09-30,SCHG,"VNM,GXG,EPU",3
current_best sector_country bucket10% top3 boost16,2025-09-30,2025-10-31,EWY,"EPU,EZA,KWEB",3
current_best sector_country bucket10% top3 boost16,2025-10-31,2025-11-30,EWY,"EWY,SMH,GXG",3
current_best sector_country bucket10% top3 boost16,2025-11-30,2025-12-31,EWY,"ECH,EPU,EWZ",3
current_best sector_country bucket10% top3 boost16,2025-12-31,2026-01-31,EWY,"EPU,EZA,ECH",3
current_best sector_country bucket10% top3 boost16,2026-01-31,2026-02-28,EWY,"EWY,EPU,GXG",3
current_best sector_country bucket10% top3 boost16,2026-02-28,2026-03-31,EWY,"EWY,EPU,EZA",3
current_best sector_country bucket10% top3 boost16,2026-03-31,2026-04-29,BIL,"XLE,NORW,EWZ",3
current_best momentum_sector_country bucket5% top1 boost16,2016-09-30,2016-10-31,EWY,SMH,1
current_best momentum_sector_country bucket5% top1 boost16,2016-10-31,2016-11-30,EWJ,EWZ,1
current_best momentum_sector_country bucket5% top1 boost16,2016-11-30,2016-12-31,,XLF,1
current_best momentum_sector_country bucket5% top1 boost16,2016-12-31,2017-01-31,SPMO,PAK,1
current_best momentum_sector_country bucket5% top1 boost16,2017-01-31,2017-02-28,XLK,EPOL,1
current_best momentum_sector_country bucket5% top1 boost16,2017-02-28,2017-03-31,SCHG,EPOL,1
current_best momentum_sector_country bucket5% top1 boost16,2017-03-31,2017-04-30,INDA,ARGT,1
current_best momentum_sector_country bucket5% top1 boost16,2017-04-30,2017-05-31,EWY,EPOL,1
current_best momentum_sector_country bucket5% top1 boost16,2017-05-31,2017-06-30,EWY,EDEN,1
current_best momentum_sector_country bucket5% top1 boost16,2017-06-30,2017-07-31,EWY,GREK,1
current_best momentum_sector_country bucket5% top1 boost16,2017-07-31,2017-08-31,INDA,KWEB,1
current_best momentum_sector_country bucket5% top1 boost16,2017-08-31,2017-09-30,XLK,MCHI,1
current_best momentum_sector_country bucket5% top1 boost16,2017-09-30,2017-10-31,MTUM,XAR,1
current_best momentum_sector_country bucket5% top1 boost16,2017-10-31,2017-11-30,XLK,SMH,1
current_best momentum_sector_country bucket5% top1 boost16,2017-11-30,2017-12-31,SPMO,VNM,1
current_best momentum_sector_country bucket5% top1 boost16,2017-12-31,2018-01-31,SPMO,VNM,1
current_best momentum_sector_country bucket5% top1 boost16,2018-01-31,2018-02-28,SPMO,GREK,1
current_best momentum_sector_country bucket5% top1 boost16,2018-02-28,2018-03-31,SPMO,VNM,1
current_best momentum_sector_country bucket5% top1 boost16,2018-03-31,2018-04-30,BIL,EGPT,1
current_best momentum_sector_country bucket5% top1 boost16,2018-04-30,2018-05-31,EWY,KSA,1
current_best momentum_sector_country bucket5% top1 boost16,2018-05-31,2018-06-30,XLK,KSA,1
current_best momentum_sector_country bucket5% top1 boost16,2018-06-30,2018-07-31,XLK,XLE,1
current_best momentum_sector_country bucket5% top1 boost16,2018-07-31,2018-08-31,SPMO,QAT,1
current_best momentum_sector_country bucket5% top1 boost16,2018-08-31,2018-09-30,XLK,EIS,1
current_best momentum_sector_country bucket5% top1 boost16,2018-09-30,2018-10-31,SPMO,XLV,1
current_best momentum_sector_country bucket5% top1 boost16,2018-10-31,2018-11-30,BIL,QAT,1
current_best momentum_sector_country bucket5% top1 boost16,2018-11-30,2018-12-31,IEF,QAT,1
current_best momentum_sector_country bucket5% top1 boost16,2018-12-31,2019-01-31,IEF,EIDO,1
current_best momentum_sector_country bucket5% top1 boost16,2019-01-31,2019-02-28,IEF,EWZ,1
current_best momentum_sector_country bucket5% top1 boost16,2019-02-28,2019-03-31,SPMO,KWEB,1
current_best momentum_sector_country bucket5% top1 boost16,2019-03-31,2019-04-30,XLK,XLK,1
current_best momentum_sector_country bucket5% top1 boost16,2019-04-30,2019-05-31,XLK,SMH,1
current_best momentum_sector_country bucket5% top1 boost16,2019-05-31,2019-06-30,INDA,GREK,1
current_best momentum_sector_country bucket5% top1 boost16,2019-06-30,2019-07-31,MTUM,ARGT,1
current_best momentum_sector_country bucket5% top1 boost16,2019-07-31,2019-08-31,XLK,GREK,1
current_best momentum_sector_country bucket5% top1 boost16,2019-08-31,2019-09-30,IEF,XLU,1
current_best momentum_sector_country bucket5% top1 boost16,2019-09-30,2019-10-31,EWJ,XLU,1
current_best momentum_sector_country bucket5% top1 boost16,2019-10-31,2019-11-30,EWJ,SMH,1
current_best momentum_sector_country bucket5% top1 boost16,2019-11-30,2019-12-31,XLK,XLV,1
current_best momentum_sector_country bucket5% top1 boost16,2019-12-31,2020-01-31,XLK,SMH,1
current_best momentum_sector_country bucket5% top1 boost16,2020-01-31,2020-02-29,XLK,XLK,1
current_best momentum_sector_country bucket5% top1 boost16,2020-02-29,2020-03-31,IEF,,0
current_best momentum_sector_country bucket5% top1 boost16,2020-03-31,2020-04-30,IEF,,0
current_best momentum_sector_country bucket5% top1 boost16,2020-04-30,2020-05-31,IEF,,0
current_best momentum_sector_country bucket5% top1 boost16,2020-05-31,2020-06-30,SCHG,EDEN,1
current_best momentum_sector_country bucket5% top1 boost16,2020-06-30,2020-07-31,XLK,KWEB,1
current_best momentum_sector_country bucket5% top1 boost16,2020-07-31,2020-08-31,XLK,ARGT,1
current_best momentum_sector_country bucket5% top1 boost16,2020-08-31,2020-09-30,XLK,XLK,1
current_best momentum_sector_country bucket5% top1 boost16,2020-09-30,2020-10-31,XLK,SMH,1
current_best momentum_sector_country bucket5% top1 boost16,2020-10-31,2020-11-30,EWY,MCHI,1
current_best momentum_sector_country bucket5% top1 boost16,2020-11-30,2020-12-31,EWY,SMH,1
current_best momentum_sector_country bucket5% top1 boost16,2020-12-31,2021-01-31,EWY,GXG,1
current_best momentum_sector_country bucket5% top1 boost16,2021-01-31,2021-02-28,EWY,KWEB,1
current_best momentum_sector_country bucket5% top1 boost16,2021-02-28,2021-03-31,EWY,XLE,1
current_best momentum_sector_country bucket5% top1 boost16,2021-03-31,2021-04-30,XLK,SMH,1
current_best momentum_sector_country bucket5% top1 boost16,2021-04-30,2021-05-31,SCHG,XLF,1
current_best momentum_sector_country bucket5% top1 boost16,2021-05-31,2021-06-30,INDA,EPOL,1
current_best momentum_sector_country bucket5% top1 boost16,2021-06-30,2021-07-31,SPMO,VNM,1
current_best momentum_sector_country bucket5% top1 boost16,2021-07-31,2021-08-31,XLK,XLK,1
current_best momentum_sector_country bucket5% top1 boost16,2021-08-31,2021-09-30,INDA,ARGT,1
current_best momentum_sector_country bucket5% top1 boost16,2021-09-30,2021-10-31,INDA,EPI,1
current_best momentum_sector_country bucket5% top1 boost16,2021-10-31,2021-11-30,SCHG,SCHG,1
current_best momentum_sector_country bucket5% top1 boost16,2021-11-30,2021-12-31,XLK,SMH,1
current_best momentum_sector_country bucket5% top1 boost16,2021-12-31,2022-01-31,XLK,XLP,1
current_best momentum_sector_country bucket5% top1 boost16,2022-01-31,2022-02-28,,XLE,1
current_best momentum_sector_country bucket5% top1 boost16,2022-02-28,2022-03-31,,EPU,1
current_best momentum_sector_country bucket5% top1 boost16,2022-03-31,2022-04-30,BIL,EWZ,1
current_best momentum_sector_country bucket5% top1 boost16,2022-04-30,2022-05-31,BIL,KSA,1
current_best momentum_sector_country bucket5% top1 boost16,2022-05-31,2022-06-30,BIL,XLE,1
current_best momentum_sector_country bucket5% top1 boost16,2022-06-30,2022-07-31,BIL,,0
current_best momentum_sector_country bucket5% top1 boost16,2022-07-31,2022-08-31,BIL,DXJ,1
current_best momentum_sector_country bucket5% top1 boost16,2022-08-31,2022-09-30,BIL,ECH,1
current_best momentum_sector_country bucket5% top1 boost16,2022-09-30,2022-10-31,BIL,TUR,1
current_best momentum_sector_country bucket5% top1 boost16,2022-10-31,2022-11-30,MTUM,XLE,1
current_best momentum_sector_country bucket5% top1 boost16,2022-11-30,2022-12-31,MTUM,TUR,1
current_best momentum_sector_country bucket5% top1 boost16,2022-12-31,2023-01-31,BIL,TUR,1
current_best momentum_sector_country bucket5% top1 boost16,2023-01-31,2023-02-28,EWY,ARGT,1
current_best momentum_sector_country bucket5% top1 boost16,2023-02-28,2023-03-31,XLK,GREK,1
current_best momentum_sector_country bucket5% top1 boost16,2023-03-31,2023-04-30,XLK,SMH,1
current_best momentum_sector_country bucket5% top1 boost16,2023-04-30,2023-05-31,XLK,EIRL,1
current_best momentum_sector_country bucket5% top1 boost16,2023-05-31,2023-06-30,XLK,SMH,1
current_best momentum_sector_country bucket5% top1 boost16,2023-06-30,2023-07-31,XLK,XLK,1
current_best momentum_sector_country bucket5% top1 boost16,2023-07-31,2023-08-31,SCHG,EPOL,1
current_best momentum_sector_country bucket5% top1 boost16,2023-08-31,2023-09-30,XLK,VNM,1
current_best momentum_sector_country bucket5% top1 boost16,2023-09-30,2023-10-31,SPMO,EGPT,1
current_best momentum_sector_country bucket5% top1 boost16,2023-10-31,2023-11-30,BIL,EGPT,1
current_best momentum_sector_country bucket5% top1 boost16,2023-11-30,2023-12-31,XLK,PAK,1
current_best momentum_sector_country bucket5% top1 boost16,2023-12-31,2024-01-31,XLK,SMH,1
current_best momentum_sector_country bucket5% top1 boost16,2024-01-31,2024-02-29,SPMO,SMH,1
current_best momentum_sector_country bucket5% top1 boost16,2024-02-29,2024-03-31,SPMO,SMH,1
current_best momentum_sector_country bucket5% top1 boost16,2024-03-31,2024-04-30,SPMO,EPU,1
current_best momentum_sector_country bucket5% top1 boost16,2024-04-30,2024-05-31,INDA,EPU,1
current_best momentum_sector_country bucket5% top1 boost16,2024-05-31,2024-06-30,SPMO,EPU,1
current_best momentum_sector_country bucket5% top1 boost16,2024-06-30,2024-07-31,SPMO,EWT,1
current_best momentum_sector_country bucket5% top1 boost16,2024-07-31,2024-08-31,INDA,EPI,1
current_best momentum_sector_country bucket5% top1 boost16,2024-08-31,2024-09-30,SPMO,EWM,1
current_best momentum_sector_country bucket5% top1 boost16,2024-09-30,2024-10-31,SPMO,KWEB,1
current_best momentum_sector_country bucket5% top1 boost16,2024-10-31,2024-11-30,MTUM,ARGT,1
current_best momentum_sector_country bucket5% top1 boost16,2024-11-30,2024-12-31,MTUM,ARGT,1
current_best momentum_sector_country bucket5% top1 boost16,2024-12-31,2025-01-31,SCHG,ARGT,1
current_best momentum_sector_country bucket5% top1 boost16,2025-01-31,2025-02-28,SPMO,EIS,1
current_best momentum_sector_country bucket5% top1 boost16,2025-02-28,2025-03-31,SPMO,GXG,1
current_best momentum_sector_country bucket5% top1 boost16,2025-03-31,2025-04-30,IEF,EPOL,1
current_best momentum_sector_country bucket5% top1 boost16,2025-04-30,2025-05-31,EWJ,GREK,1
current_best momentum_sector_country bucket5% top1 boost16,2025-05-31,2025-06-30,SPMO,GREK,1
current_best momentum_sector_country bucket5% top1 boost16,2025-06-30,2025-07-31,EWY,XAR,1
current_best momentum_sector_country bucket5% top1 boost16,2025-07-31,2025-08-31,XLK,VNM,1
current_best momentum_sector_country bucket5% top1 boost16,2025-08-31,2025-09-30,SCHG,VNM,1
current_best momentum_sector_country bucket5% top1 boost16,2025-09-30,2025-10-31,EWY,EPU,1
current_best momentum_sector_country bucket5% top1 boost16,2025-10-31,2025-11-30,EWY,EWY,1
current_best momentum_sector_country bucket5% top1 boost16,2025-11-30,2025-12-31,EWY,ECH,1
current_best momentum_sector_country bucket5% top1 boost16,2025-12-31,2026-01-31,EWY,EPU,1
current_best momentum_sector_country bucket5% top1 boost16,2026-01-31,2026-02-28,EWY,EWY,1
current_best momentum_sector_country bucket5% top1 boost16,2026-02-28,2026-03-31,EWY,EWY,1
current_best momentum_sector_country bucket5% top1 boost16,2026-03-31,2026-04-29,BIL,XLE,1
current_best momentum_sector_country bucket5% top2 boost16,2016-09-30,2016-10-31,EWY,"SMH,KWEB",2
current_best momentum_sector_country bucket5% top2 boost16,2016-10-31,2016-11-30,EWJ,"EWZ,ECH",2
current_best momentum_sector_country bucket5% top2 boost16,2016-11-30,2016-12-31,,"XLF,DXJ",2
current_best momentum_sector_country bucket5% top2 boost16,2016-12-31,2017-01-31,SPMO,"PAK,KSA",2
current_best momentum_sector_country bucket5% top2 boost16,2017-01-31,2017-02-28,XLK,"EPOL,ARGT",2
current_best momentum_sector_country bucket5% top2 boost16,2017-02-28,2017-03-31,SCHG,"EPOL,XAR",2
current_best momentum_sector_country bucket5% top2 boost16,2017-03-31,2017-04-30,INDA,"ARGT,EPI",2
current_best momentum_sector_country bucket5% top2 boost16,2017-04-30,2017-05-31,EWY,"EPOL,KWEB",2
current_best momentum_sector_country bucket5% top2 boost16,2017-05-31,2017-06-30,EWY,"EDEN,TUR",2
current_best momentum_sector_country bucket5% top2 boost16,2017-06-30,2017-07-31,EWY,"GREK,EWI",2
current_best momentum_sector_country bucket5% top2 boost16,2017-07-31,2017-08-31,INDA,"KWEB,TUR",2
current_best momentum_sector_country bucket5% top2 boost16,2017-08-31,2017-09-30,XLK,"MCHI,EPOL",2
current_best momentum_sector_country bucket5% top2 boost16,2017-09-30,2017-10-31,MTUM,"XAR,ITA",2
current_best momentum_sector_country bucket5% top2 boost16,2017-10-31,2017-11-30,XLK,"SMH,EPU",2
current_best momentum_sector_country bucket5% top2 boost16,2017-11-30,2017-12-31,SPMO,"VNM,EGPT",2
current_best momentum_sector_country bucket5% top2 boost16,2017-12-31,2018-01-31,SPMO,"VNM,ARGT",2
current_best momentum_sector_country bucket5% top2 boost16,2018-01-31,2018-02-28,SPMO,"GREK,VNM",2
current_best momentum_sector_country bucket5% top2 boost16,2018-02-28,2018-03-31,SPMO,"VNM,THD",2
current_best momentum_sector_country bucket5% top2 boost16,2018-03-31,2018-04-30,BIL,"EGPT,KSA",2
current_best momentum_sector_country bucket5% top2 boost16,2018-04-30,2018-05-31,EWY,"KSA,EGPT",2
current_best momentum_sector_country bucket5% top2 boost16,2018-05-31,2018-06-30,XLK,"KSA,XLK",2
current_best momentum_sector_country bucket5% top2 boost16,2018-06-30,2018-07-31,XLK,"XLE,KSA",2
current_best momentum_sector_country bucket5% top2 boost16,2018-07-31,2018-08-31,SPMO,"QAT,XLV",2
current_best momentum_sector_country bucket5% top2 boost16,2018-08-31,2018-09-30,XLK,"EIS,XLK",2
current_best momentum_sector_country bucket5% top2 boost16,2018-09-30,2018-10-31,SPMO,"XLV,XAR",2
current_best momentum_sector_country bucket5% top2 boost16,2018-10-31,2018-11-30,BIL,"QAT,EWZ",2
current_best momentum_sector_country bucket5% top2 boost16,2018-11-30,2018-12-31,IEF,"QAT,XLV",2
current_best momentum_sector_country bucket5% top2 boost16,2018-12-31,2019-01-31,IEF,"EIDO,EWZ",2
current_best momentum_sector_country bucket5% top2 boost16,2019-01-31,2019-02-28,IEF,"EWZ,KSA",2
current_best momentum_sector_country bucket5% top2 boost16,2019-02-28,2019-03-31,SPMO,"KWEB,ARGT",2
current_best momentum_sector_country bucket5% top2 boost16,2019-03-31,2019-04-30,XLK,"XLK,SMH",2
current_best momentum_sector_country bucket5% top2 boost16,2019-04-30,2019-05-31,XLK,"SMH,XLK",2
current_best momentum_sector_country bucket5% top2 boost16,2019-05-31,2019-06-30,INDA,"GREK,INDA",2
current_best momentum_sector_country bucket5% top2 boost16,2019-06-30,2019-07-31,MTUM,"ARGT,GREK",2
current_best momentum_sector_country bucket5% top2 boost16,2019-07-31,2019-08-31,XLK,"GREK,SMH",2
current_best momentum_sector_country bucket5% top2 boost16,2019-08-31,2019-09-30,IEF,"XLU,XAR",2
current_best momentum_sector_country bucket5% top2 boost16,2019-09-30,2019-10-31,EWJ,"XLU,ITA",2
current_best momentum_sector_country bucket5% top2 boost16,2019-10-31,2019-11-30,EWJ,"SMH,EWT",2
current_best momentum_sector_country bucket5% top2 boost16,2019-11-30,2019-12-31,XLK,"XLV,PAK",2
current_best momentum_sector_country bucket5% top2 boost16,2019-12-31,2020-01-31,XLK,"SMH,EWZ",2
current_best momentum_sector_country bucket5% top2 boost16,2020-01-31,2020-02-29,XLK,"XLK,EDEN",2
current_best momentum_sector_country bucket5% top2 boost16,2020-02-29,2020-03-31,IEF,,0
current_best momentum_sector_country bucket5% top2 boost16,2020-03-31,2020-04-30,IEF,,0
current_best momentum_sector_country bucket5% top2 boost16,2020-04-30,2020-05-31,IEF,,0
current_best momentum_sector_country bucket5% top2 boost16,2020-05-31,2020-06-30,SCHG,"EDEN,SCHG",2
current_best momentum_sector_country bucket5% top2 boost16,2020-06-30,2020-07-31,XLK,"KWEB,XLK",2
current_best momentum_sector_country bucket5% top2 boost16,2020-07-31,2020-08-31,XLK,"ARGT,SMH",2
current_best momentum_sector_country bucket5% top2 boost16,2020-08-31,2020-09-30,XLK,"XLK,SCHG",2
current_best momentum_sector_country bucket5% top2 boost16,2020-09-30,2020-10-31,XLK,"SMH,XLK",2
current_best momentum_sector_country bucket5% top2 boost16,2020-10-31,2020-11-30,EWY,"MCHI,KWEB",2
current_best momentum_sector_country bucket5% top2 boost16,2020-11-30,2020-12-31,EWY,"SMH,EWY",2
current_best momentum_sector_country bucket5% top2 boost16,2020-12-31,2021-01-31,EWY,"GXG,EWY",2
current_best momentum_sector_country bucket5% top2 boost16,2021-01-31,2021-02-28,EWY,"KWEB,SMH",2
current_best momentum_sector_country bucket5% top2 boost16,2021-02-28,2021-03-31,EWY,"XLE,SMH",2
current_best momentum_sector_country bucket5% top2 boost16,2021-03-31,2021-04-30,XLK,"SMH,EWT",2
current_best momentum_sector_country bucket5% top2 boost16,2021-04-30,2021-05-31,SCHG,"XLF,KSA",2
current_best momentum_sector_country bucket5% top2 boost16,2021-05-31,2021-06-30,INDA,"EPOL,EWC",2
current_best momentum_sector_country bucket5% top2 boost16,2021-06-30,2021-07-31,SPMO,"VNM,EWZ",2
current_best momentum_sector_country bucket5% top2 boost16,2021-07-31,2021-08-31,XLK,"XLK,SCHG",2
current_best momentum_sector_country bucket5% top2 boost16,2021-08-31,2021-09-30,INDA,"ARGT,INDA",2
current_best momentum_sector_country bucket5% top2 boost16,2021-09-30,2021-10-31,INDA,"EPI,INDA",2
current_best momentum_sector_country bucket5% top2 boost16,2021-10-31,2021-11-30,SCHG,"SCHG,XLK",2
current_best momentum_sector_country bucket5% top2 boost16,2021-11-30,2021-12-31,XLK,"SMH,UAE",2
current_best momentum_sector_country bucket5% top2 boost16,2021-12-31,2022-01-31,XLK,"XLP,SMH",2
current_best momentum_sector_country bucket5% top2 boost16,2022-01-31,2022-02-28,,"XLE,KSA",2
current_best momentum_sector_country bucket5% top2 boost16,2022-02-28,2022-03-31,,"EPU,XLE",2
current_best momentum_sector_country bucket5% top2 boost16,2022-03-31,2022-04-30,BIL,"EWZ,ARGT",2
current_best momentum_sector_country bucket5% top2 boost16,2022-04-30,2022-05-31,BIL,"KSA,UAE",2
current_best momentum_sector_country bucket5% top2 boost16,2022-05-31,2022-06-30,BIL,"XLE,ECH",2
current_best momentum_sector_country bucket5% top2 boost16,2022-06-30,2022-07-31,BIL,,0
current_best momentum_sector_country bucket5% top2 boost16,2022-07-31,2022-08-31,BIL,"DXJ,XLP",2
current_best momentum_sector_country bucket5% top2 boost16,2022-08-31,2022-09-30,BIL,"ECH,XLE",2
current_best momentum_sector_country bucket5% top2 boost16,2022-09-30,2022-10-31,BIL,TUR,1
current_best momentum_sector_country bucket5% top2 boost16,2022-10-31,2022-11-30,MTUM,"XLE,TUR",2
current_best momentum_sector_country bucket5% top2 boost16,2022-11-30,2022-12-31,MTUM,"TUR,EWI",2
current_best momentum_sector_country bucket5% top2 boost16,2022-12-31,2023-01-31,BIL,"TUR,EPOL",2
current_best momentum_sector_country bucket5% top2 boost16,2023-01-31,2023-02-28,EWY,"ARGT,GREK",2
current_best momentum_sector_country bucket5% top2 boost16,2023-02-28,2023-03-31,XLK,"GREK,ARGT",2
current_best momentum_sector_country bucket5% top2 boost16,2023-03-31,2023-04-30,XLK,"SMH,XLK",2
current_best momentum_sector_country bucket5% top2 boost16,2023-04-30,2023-05-31,XLK,"EIRL,EPOL",2
current_best momentum_sector_country bucket5% top2 boost16,2023-05-31,2023-06-30,XLK,"SMH,GREK",2
current_best momentum_sector_country bucket5% top2 boost16,2023-06-30,2023-07-31,XLK,"XLK,SMH",2
current_best momentum_sector_country bucket5% top2 boost16,2023-07-31,2023-08-31,SCHG,"EPOL,VNM",2
current_best momentum_sector_country bucket5% top2 boost16,2023-08-31,2023-09-30,XLK,"VNM,SMH",2
current_best momentum_sector_country bucket5% top2 boost16,2023-09-30,2023-10-31,SPMO,"EGPT,DXJ",2
current_best momentum_sector_country bucket5% top2 boost16,2023-10-31,2023-11-30,BIL,"EGPT,PAK",2
current_best momentum_sector_country bucket5% top2 boost16,2023-11-30,2023-12-31,XLK,"PAK,ARGT",2
current_best momentum_sector_country bucket5% top2 boost16,2023-12-31,2024-01-31,XLK,"SMH,EWD",2
current_best momentum_sector_country bucket5% top2 boost16,2024-01-31,2024-02-29,SPMO,"SMH,EGPT",2
current_best momentum_sector_country bucket5% top2 boost16,2024-02-29,2024-03-31,SPMO,"SMH,EIS",2
current_best momentum_sector_country bucket5% top2 boost16,2024-03-31,2024-04-30,SPMO,"EPU,DXJ",2
current_best momentum_sector_country bucket5% top2 boost16,2024-04-30,2024-05-31,INDA,"EPU,TUR",2
current_best momentum_sector_country bucket5% top2 boost16,2024-05-31,2024-06-30,SPMO,"EPU,SMH",2
current_best momentum_sector_country bucket5% top2 boost16,2024-06-30,2024-07-31,SPMO,"EWT,SMH",2
current_best momentum_sector_country bucket5% top2 boost16,2024-07-31,2024-08-31,INDA,"EPI,EZA",2
current_best momentum_sector_country bucket5% top2 boost16,2024-08-31,2024-09-30,SPMO,"EWM,ARGT",2
current_best momentum_sector_country bucket5% top2 boost16,2024-09-30,2024-10-31,SPMO,"KWEB,EZA",2
current_best momentum_sector_country bucket5% top2 boost16,2024-10-31,2024-11-30,MTUM,"ARGT,XLU",2
current_best momentum_sector_country bucket5% top2 boost16,2024-11-30,2024-12-31,MTUM,"ARGT,XAR",2
current_best momentum_sector_country bucket5% top2 boost16,2024-12-31,2025-01-31,SCHG,"ARGT,EIS",2
current_best momentum_sector_country bucket5% top2 boost16,2025-01-31,2025-02-28,SPMO,"EIS,GXG",2
current_best momentum_sector_country bucket5% top2 boost16,2025-02-28,2025-03-31,SPMO,"GXG,EPOL",2
current_best momentum_sector_country bucket5% top2 boost16,2025-03-31,2025-04-30,IEF,"EPOL,GREK",2
current_best momentum_sector_country bucket5% top2 boost16,2025-04-30,2025-05-31,EWJ,"GREK,EWP",2
current_best momentum_sector_country bucket5% top2 boost16,2025-05-31,2025-06-30,SPMO,"GREK,EWP",2
current_best momentum_sector_country bucket5% top2 boost16,2025-06-30,2025-07-31,EWY,"XAR,GREK",2
current_best momentum_sector_country bucket5% top2 boost16,2025-07-31,2025-08-31,XLK,"VNM,XAR",2
current_best momentum_sector_country bucket5% top2 boost16,2025-08-31,2025-09-30,SCHG,"VNM,EPU",2
current_best momentum_sector_country bucket5% top2 boost16,2025-09-30,2025-10-31,EWY,"EPU,EZA",2
current_best momentum_sector_country bucket5% top2 boost16,2025-10-31,2025-11-30,EWY,"EWY,SMH",2
current_best momentum_sector_country bucket5% top2 boost16,2025-11-30,2025-12-31,EWY,"ECH,EPU",2
current_best momentum_sector_country bucket5% top2 boost16,2025-12-31,2026-01-31,EWY,"EPU,EZA",2
current_best momentum_sector_country bucket5% top2 boost16,2026-01-31,2026-02-28,EWY,"EWY,EPU",2
current_best momentum_sector_country bucket5% top2 boost16,2026-02-28,2026-03-31,EWY,"EWY,EPU",2
current_best momentum_sector_country bucket5% top2 boost16,2026-03-31,2026-04-29,BIL,"XLE,NORW",2
current_best momentum_sector_country bucket5% top3 boost16,2016-09-30,2016-10-31,EWY,"SMH,KWEB,EWT",3
current_best momentum_sector_country bucket5% top3 boost16,2016-10-31,2016-11-30,EWJ,"EWZ,ECH,DXJ",3
current_best momentum_sector_country bucket5% top3 boost16,2016-11-30,2016-12-31,,"XLF,DXJ,KSA",3
current_best momentum_sector_country bucket5% top3 boost16,2016-12-31,2017-01-31,SPMO,"PAK,KSA,XLF",3
current_best momentum_sector_country bucket5% top3 boost16,2017-01-31,2017-02-28,XLK,"EPOL,ARGT,EWZ",3
current_best momentum_sector_country bucket5% top3 boost16,2017-02-28,2017-03-31,SCHG,"EPOL,XAR,ITA",3
current_best momentum_sector_country bucket5% top3 boost16,2017-03-31,2017-04-30,INDA,"ARGT,EPI,EWP",3
current_best momentum_sector_country bucket5% top3 boost16,2017-04-30,2017-05-31,EWY,"EPOL,KWEB,EWP",3
current_best momentum_sector_country bucket5% top3 boost16,2017-05-31,2017-06-30,EWY,"EDEN,TUR,EWY",3
current_best momentum_sector_country bucket5% top3 boost16,2017-06-30,2017-07-31,EWY,"GREK,EWI,TUR",3
current_best momentum_sector_country bucket5% top3 boost16,2017-07-31,2017-08-31,INDA,"KWEB,TUR,MCHI",3
current_best momentum_sector_country bucket5% top3 boost16,2017-08-31,2017-09-30,XLK,"MCHI,EPOL,KWEB",3
current_best momentum_sector_country bucket5% top3 boost16,2017-09-30,2017-10-31,MTUM,"XAR,ITA,MCHI",3
current_best momentum_sector_country bucket5% top3 boost16,2017-10-31,2017-11-30,XLK,"SMH,EPU,XLK",3
current_best momentum_sector_country bucket5% top3 boost16,2017-11-30,2017-12-31,SPMO,"VNM,EGPT,SPMO",3
current_best momentum_sector_country bucket5% top3 boost16,2017-12-31,2018-01-31,SPMO,"VNM,ARGT,EZA",3
current_best momentum_sector_country bucket5% top3 boost16,2018-01-31,2018-02-28,SPMO,"GREK,VNM,ARGT",3
current_best momentum_sector_country bucket5% top3 boost16,2018-02-28,2018-03-31,SPMO,"VNM,THD,KWEB",3
current_best momentum_sector_country bucket5% top3 boost16,2018-03-31,2018-04-30,BIL,"EGPT,KSA,EWM",3
current_best momentum_sector_country bucket5% top3 boost16,2018-04-30,2018-05-31,EWY,"KSA,EGPT,EPU",3
current_best momentum_sector_country bucket5% top3 boost16,2018-05-31,2018-06-30,XLK,"KSA,XLK,QAT",3
current_best momentum_sector_country bucket5% top3 boost16,2018-06-30,2018-07-31,XLK,"XLE,KSA,SCHG",3
current_best momentum_sector_country bucket5% top3 boost16,2018-07-31,2018-08-31,SPMO,"QAT,XLV,XAR",3
current_best momentum_sector_country bucket5% top3 boost16,2018-08-31,2018-09-30,XLK,"EIS,XLK,XLV",3
current_best momentum_sector_country bucket5% top3 boost16,2018-09-30,2018-10-31,SPMO,"XLV,XAR,QAT",3
current_best momentum_sector_country bucket5% top3 boost16,2018-10-31,2018-11-30,BIL,"QAT,EWZ,XLP",3
current_best momentum_sector_country bucket5% top3 boost16,2018-11-30,2018-12-31,IEF,"QAT,XLV,EIDO",3
current_best momentum_sector_country bucket5% top3 boost16,2018-12-31,2019-01-31,IEF,"EIDO,EWZ,QAT",3
current_best momentum_sector_country bucket5% top3 boost16,2019-01-31,2019-02-28,IEF,"EWZ,KSA,TUR",3
current_best momentum_sector_country bucket5% top3 boost16,2019-02-28,2019-03-31,SPMO,"KWEB,ARGT,SMH",3
current_best momentum_sector_country bucket5% top3 boost16,2019-03-31,2019-04-30,XLK,"XLK,SMH,EPI",3
current_best momentum_sector_country bucket5% top3 boost16,2019-04-30,2019-05-31,XLK,"SMH,XLK,KSA",3
current_best momentum_sector_country bucket5% top3 boost16,2019-05-31,2019-06-30,INDA,"GREK,INDA,EPI",3
current_best momentum_sector_country bucket5% top3 boost16,2019-06-30,2019-07-31,MTUM,"ARGT,GREK,ENZL",3
current_best momentum_sector_country bucket5% top3 boost16,2019-07-31,2019-08-31,XLK,"GREK,SMH,XAR",3
current_best momentum_sector_country bucket5% top3 boost16,2019-08-31,2019-09-30,IEF,"XLU,XAR,XLP",3
current_best momentum_sector_country bucket5% top3 boost16,2019-09-30,2019-10-31,EWJ,"XLU,ITA,TUR",3
current_best momentum_sector_country bucket5% top3 boost16,2019-10-31,2019-11-30,EWJ,"SMH,EWT,DXJ",3
current_best momentum_sector_country bucket5% top3 boost16,2019-11-30,2019-12-31,XLK,"XLV,PAK,XLK",3
current_best momentum_sector_country bucket5% top3 boost16,2019-12-31,2020-01-31,XLK,"SMH,EWZ,EWT",3
current_best momentum_sector_country bucket5% top3 boost16,2020-01-31,2020-02-29,XLK,"XLK,EDEN,SCHG",3
current_best momentum_sector_country bucket5% top3 boost16,2020-02-29,2020-03-31,IEF,,0
current_best momentum_sector_country bucket5% top3 boost16,2020-03-31,2020-04-30,IEF,,0
current_best momentum_sector_country bucket5% top3 boost16,2020-04-30,2020-05-31,IEF,,0
current_best momentum_sector_country bucket5% top3 boost16,2020-05-31,2020-06-30,SCHG,"EDEN,SCHG,XLK",3
current_best momentum_sector_country bucket5% top3 boost16,2020-06-30,2020-07-31,XLK,"KWEB,XLK,SMH",3
current_best momentum_sector_country bucket5% top3 boost16,2020-07-31,2020-08-31,XLK,"ARGT,SMH,EWT",3
current_best momentum_sector_country bucket5% top3 boost16,2020-08-31,2020-09-30,XLK,"XLK,SCHG,KWEB",3
current_best momentum_sector_country bucket5% top3 boost16,2020-09-30,2020-10-31,XLK,"SMH,XLK,EWY",3
current_best momentum_sector_country bucket5% top3 boost16,2020-10-31,2020-11-30,EWY,"MCHI,KWEB,XLU",3
current_best momentum_sector_country bucket5% top3 boost16,2020-11-30,2020-12-31,EWY,"SMH,EWY,XAR",3
current_best momentum_sector_country bucket5% top3 boost16,2020-12-31,2021-01-31,EWY,"GXG,EWY,TUR",3
current_best momentum_sector_country bucket5% top3 boost16,2021-01-31,2021-02-28,EWY,"KWEB,SMH,EWT",3
current_best momentum_sector_country bucket5% top3 boost16,2021-02-28,2021-03-31,EWY,"XLE,SMH,XLF",3
current_best momentum_sector_country bucket5% top3 boost16,2021-03-31,2021-04-30,XLK,"SMH,EWT,KSA",3
current_best momentum_sector_country bucket5% top3 boost16,2021-04-30,2021-05-31,SCHG,"XLF,KSA,EWT",3
current_best momentum_sector_country bucket5% top3 boost16,2021-05-31,2021-06-30,INDA,"EPOL,EWC,KSA",3
current_best momentum_sector_country bucket5% top3 boost16,2021-06-30,2021-07-31,SPMO,"VNM,EWZ,UAE",3
current_best momentum_sector_country bucket5% top3 boost16,2021-07-31,2021-08-31,XLK,"XLK,SCHG,XLV",3
current_best momentum_sector_country bucket5% top3 boost16,2021-08-31,2021-09-30,INDA,"ARGT,INDA,EPI",3
current_best momentum_sector_country bucket5% top3 boost16,2021-09-30,2021-10-31,INDA,"EPI,INDA,KSA",3
current_best momentum_sector_country bucket5% top3 boost16,2021-10-31,2021-11-30,SCHG,"SCHG,XLK,SPMO",3
current_best momentum_sector_country bucket5% top3 boost16,2021-11-30,2021-12-31,XLK,"SMH,UAE,XLK",3
current_best momentum_sector_country bucket5% top3 boost16,2021-12-31,2022-01-31,XLK,"XLP,SMH,XLU",3
current_best momentum_sector_country bucket5% top3 boost16,2022-01-31,2022-02-28,,"XLE,KSA,EPU",3
current_best momentum_sector_country bucket5% top3 boost16,2022-02-28,2022-03-31,,"EPU,XLE,UAE",3
current_best momentum_sector_country bucket5% top3 boost16,2022-03-31,2022-04-30,BIL,"EWZ,ARGT,EWW",3
current_best momentum_sector_country bucket5% top3 boost16,2022-04-30,2022-05-31,BIL,"KSA,UAE,QAT",3
current_best momentum_sector_country bucket5% top3 boost16,2022-05-31,2022-06-30,BIL,"XLE,ECH,XLU",3
current_best momentum_sector_country bucket5% top3 boost16,2022-06-30,2022-07-31,BIL,,0
current_best momentum_sector_country bucket5% top3 boost16,2022-07-31,2022-08-31,BIL,"DXJ,XLP",2
current_best momentum_sector_country bucket5% top3 boost16,2022-08-31,2022-09-30,BIL,"ECH,XLE,TUR",3
current_best momentum_sector_country bucket5% top3 boost16,2022-09-30,2022-10-31,BIL,TUR,1
current_best momentum_sector_country bucket5% top3 boost16,2022-10-31,2022-11-30,MTUM,"XLE,TUR,ITA",3
current_best momentum_sector_country bucket5% top3 boost16,2022-11-30,2022-12-31,MTUM,"TUR,EWI,EWG",3
current_best momentum_sector_country bucket5% top3 boost16,2022-12-31,2023-01-31,BIL,"TUR,EPOL,GREK",3
current_best momentum_sector_country bucket5% top3 boost16,2023-01-31,2023-02-28,EWY,"ARGT,GREK,EIRL",3
current_best momentum_sector_country bucket5% top3 boost16,2023-02-28,2023-03-31,XLK,"GREK,ARGT,EWP",3
current_best momentum_sector_country bucket5% top3 boost16,2023-03-31,2023-04-30,XLK,"SMH,XLK,EDEN",3
current_best momentum_sector_country bucket5% top3 boost16,2023-04-30,2023-05-31,XLK,"EIRL,EPOL,EWQ",3
current_best momentum_sector_country bucket5% top3 boost16,2023-05-31,2023-06-30,XLK,"SMH,GREK,XLK",3
current_best momentum_sector_country bucket5% top3 boost16,2023-06-30,2023-07-31,XLK,"XLK,SMH,ARGT",3
current_best momentum_sector_country bucket5% top3 boost16,2023-07-31,2023-08-31,SCHG,"EPOL,VNM,GXG",3
current_best momentum_sector_country bucket5% top3 boost16,2023-08-31,2023-09-30,XLK,"VNM,SMH,TUR",3
current_best momentum_sector_country bucket5% top3 boost16,2023-09-30,2023-10-31,SPMO,"EGPT,DXJ,TUR",3
current_best momentum_sector_country bucket5% top3 boost16,2023-10-31,2023-11-30,BIL,"EGPT,PAK,EPOL",3
current_best momentum_sector_country bucket5% top3 boost16,2023-11-30,2023-12-31,XLK,"PAK,ARGT,EPOL",3
current_best momentum_sector_country bucket5% top3 boost16,2023-12-31,2024-01-31,XLK,"SMH,EWD,EWZ",3
current_best momentum_sector_country bucket5% top3 boost16,2024-01-31,2024-02-29,SPMO,"SMH,EGPT,SPMO",3
current_best momentum_sector_country bucket5% top3 boost16,2024-02-29,2024-03-31,SPMO,"SMH,EIS,SPMO",3
current_best momentum_sector_country bucket5% top3 boost16,2024-03-31,2024-04-30,SPMO,"EPU,DXJ,SPMO",3
current_best momentum_sector_country bucket5% top3 boost16,2024-04-30,2024-05-31,INDA,"EPU,TUR,ARGT",3
current_best momentum_sector_country bucket5% top3 boost16,2024-05-31,2024-06-30,SPMO,"EPU,SMH,TUR",3
current_best momentum_sector_country bucket5% top3 boost16,2024-06-30,2024-07-31,SPMO,"EWT,SMH,SPMO",3
current_best momentum_sector_country bucket5% top3 boost16,2024-07-31,2024-08-31,INDA,"EPI,EZA,ITA",3
current_best momentum_sector_country bucket5% top3 boost16,2024-08-31,2024-09-30,SPMO,"EWM,ARGT,XLF",3
current_best momentum_sector_country bucket5% top3 boost16,2024-09-30,2024-10-31,SPMO,"KWEB,EZA,MCHI",3
current_best momentum_sector_country bucket5% top3 boost16,2024-10-31,2024-11-30,MTUM,"ARGT,XLU,EZA",3
current_best momentum_sector_country bucket5% top3 boost16,2024-11-30,2024-12-31,MTUM,"ARGT,XAR,XLF",3
current_best momentum_sector_country bucket5% top3 boost16,2024-12-31,2025-01-31,SCHG,"ARGT,EIS,UAE",3
current_best momentum_sector_country bucket5% top3 boost16,2025-01-31,2025-02-28,SPMO,"EIS,GXG,XLF",3
current_best momentum_sector_country bucket5% top3 boost16,2025-02-28,2025-03-31,SPMO,"GXG,EPOL,EWP",3
current_best momentum_sector_country bucket5% top3 boost16,2025-03-31,2025-04-30,IEF,"EPOL,GREK,EWP",3
current_best momentum_sector_country bucket5% top3 boost16,2025-04-30,2025-05-31,EWJ,"GREK,EWP,ECH",3
current_best momentum_sector_country bucket5% top3 boost16,2025-05-31,2025-06-30,SPMO,"GREK,EWP,ITA",3
current_best momentum_sector_country bucket5% top3 boost16,2025-06-30,2025-07-31,EWY,"XAR,GREK,EWY",3
current_best momentum_sector_country bucket5% top3 boost16,2025-07-31,2025-08-31,XLK,"VNM,XAR,ITA",3
current_best momentum_sector_country bucket5% top3 boost16,2025-08-31,2025-09-30,SCHG,"VNM,EPU,GXG",3
current_best momentum_sector_country bucket5% top3 boost16,2025-09-30,2025-10-31,EWY,"EPU,EZA,KWEB",3
current_best momentum_sector_country bucket5% top3 boost16,2025-10-31,2025-11-30,EWY,"EWY,SMH,GXG",3
current_best momentum_sector_country bucket5% top3 boost16,2025-11-30,2025-12-31,EWY,"ECH,EPU,EWZ",3
current_best momentum_sector_country bucket5% top3 boost16,2025-12-31,2026-01-31,EWY,"EPU,EZA,ECH",3
current_best momentum_sector_country bucket5% top3 boost16,2026-01-31,2026-02-28,EWY,"EWY,EPU,GXG",3
current_best momentum_sector_country bucket5% top3 boost16,2026-02-28,2026-03-31,EWY,"EWY,EPU,EZA",3
current_best momentum_sector_country bucket5% top3 boost16,2026-03-31,2026-04-29,BIL,"XLE,NORW,EWZ",3
current_best momentum_sector_country bucket8% top1 boost16,2016-09-30,2016-10-31,EWY,SMH,1
current_best momentum_sector_country bucket8% top1 boost16,2016-10-31,2016-11-30,EWJ,EWZ,1
current_best momentum_sector_country bucket8% top1 boost16,2016-11-30,2016-12-31,,XLF,1
current_best momentum_sector_country bucket8% top1 boost16,2016-12-31,2017-01-31,SPMO,PAK,1
current_best momentum_sector_country bucket8% top1 boost16,2017-01-31,2017-02-28,XLK,EPOL,1
current_best momentum_sector_country bucket8% top1 boost16,2017-02-28,2017-03-31,SCHG,EPOL,1
current_best momentum_sector_country bucket8% top1 boost16,2017-03-31,2017-04-30,INDA,ARGT,1
current_best momentum_sector_country bucket8% top1 boost16,2017-04-30,2017-05-31,EWY,EPOL,1
current_best momentum_sector_country bucket8% top1 boost16,2017-05-31,2017-06-30,EWY,EDEN,1
current_best momentum_sector_country bucket8% top1 boost16,2017-06-30,2017-07-31,EWY,GREK,1
current_best momentum_sector_country bucket8% top1 boost16,2017-07-31,2017-08-31,INDA,KWEB,1
current_best momentum_sector_country bucket8% top1 boost16,2017-08-31,2017-09-30,XLK,MCHI,1
current_best momentum_sector_country bucket8% top1 boost16,2017-09-30,2017-10-31,MTUM,XAR,1
current_best momentum_sector_country bucket8% top1 boost16,2017-10-31,2017-11-30,XLK,SMH,1
current_best momentum_sector_country bucket8% top1 boost16,2017-11-30,2017-12-31,SPMO,VNM,1
current_best momentum_sector_country bucket8% top1 boost16,2017-12-31,2018-01-31,SPMO,VNM,1
current_best momentum_sector_country bucket8% top1 boost16,2018-01-31,2018-02-28,SPMO,GREK,1
current_best momentum_sector_country bucket8% top1 boost16,2018-02-28,2018-03-31,SPMO,VNM,1
current_best momentum_sector_country bucket8% top1 boost16,2018-03-31,2018-04-30,BIL,EGPT,1
current_best momentum_sector_country bucket8% top1 boost16,2018-04-30,2018-05-31,EWY,KSA,1
current_best momentum_sector_country bucket8% top1 boost16,2018-05-31,2018-06-30,XLK,KSA,1
current_best momentum_sector_country bucket8% top1 boost16,2018-06-30,2018-07-31,XLK,XLE,1
current_best momentum_sector_country bucket8% top1 boost16,2018-07-31,2018-08-31,SPMO,QAT,1
current_best momentum_sector_country bucket8% top1 boost16,2018-08-31,2018-09-30,XLK,EIS,1
current_best momentum_sector_country bucket8% top1 boost16,2018-09-30,2018-10-31,SPMO,XLV,1
current_best momentum_sector_country bucket8% top1 boost16,2018-10-31,2018-11-30,BIL,QAT,1
current_best momentum_sector_country bucket8% top1 boost16,2018-11-30,2018-12-31,IEF,QAT,1
current_best momentum_sector_country bucket8% top1 boost16,2018-12-31,2019-01-31,IEF,EIDO,1
current_best momentum_sector_country bucket8% top1 boost16,2019-01-31,2019-02-28,IEF,EWZ,1
current_best momentum_sector_country bucket8% top1 boost16,2019-02-28,2019-03-31,SPMO,KWEB,1
current_best momentum_sector_country bucket8% top1 boost16,2019-03-31,2019-04-30,XLK,XLK,1
current_best momentum_sector_country bucket8% top1 boost16,2019-04-30,2019-05-31,XLK,SMH,1
current_best momentum_sector_country bucket8% top1 boost16,2019-05-31,2019-06-30,INDA,GREK,1
current_best momentum_sector_country bucket8% top1 boost16,2019-06-30,2019-07-31,MTUM,ARGT,1
current_best momentum_sector_country bucket8% top1 boost16,2019-07-31,2019-08-31,XLK,GREK,1
current_best momentum_sector_country bucket8% top1 boost16,2019-08-31,2019-09-30,IEF,XLU,1
current_best momentum_sector_country bucket8% top1 boost16,2019-09-30,2019-10-31,EWJ,XLU,1
current_best momentum_sector_country bucket8% top1 boost16,2019-10-31,2019-11-30,EWJ,SMH,1
current_best momentum_sector_country bucket8% top1 boost16,2019-11-30,2019-12-31,XLK,XLV,1
current_best momentum_sector_country bucket8% top1 boost16,2019-12-31,2020-01-31,XLK,SMH,1
current_best momentum_sector_country bucket8% top1 boost16,2020-01-31,2020-02-29,XLK,XLK,1
current_best momentum_sector_country bucket8% top1 boost16,2020-02-29,2020-03-31,IEF,,0
current_best momentum_sector_country bucket8% top1 boost16,2020-03-31,2020-04-30,IEF,,0
current_best momentum_sector_country bucket8% top1 boost16,2020-04-30,2020-05-31,IEF,,0
current_best momentum_sector_country bucket8% top1 boost16,2020-05-31,2020-06-30,SCHG,EDEN,1
current_best momentum_sector_country bucket8% top1 boost16,2020-06-30,2020-07-31,XLK,KWEB,1
current_best momentum_sector_country bucket8% top1 boost16,2020-07-31,2020-08-31,XLK,ARGT,1
current_best momentum_sector_country bucket8% top1 boost16,2020-08-31,2020-09-30,XLK,XLK,1
current_best momentum_sector_country bucket8% top1 boost16,2020-09-30,2020-10-31,XLK,SMH,1
current_best momentum_sector_country bucket8% top1 boost16,2020-10-31,2020-11-30,EWY,MCHI,1
current_best momentum_sector_country bucket8% top1 boost16,2020-11-30,2020-12-31,EWY,SMH,1
current_best momentum_sector_country bucket8% top1 boost16,2020-12-31,2021-01-31,EWY,GXG,1
current_best momentum_sector_country bucket8% top1 boost16,2021-01-31,2021-02-28,EWY,KWEB,1
current_best momentum_sector_country bucket8% top1 boost16,2021-02-28,2021-03-31,EWY,XLE,1
current_best momentum_sector_country bucket8% top1 boost16,2021-03-31,2021-04-30,XLK,SMH,1
current_best momentum_sector_country bucket8% top1 boost16,2021-04-30,2021-05-31,SCHG,XLF,1
current_best momentum_sector_country bucket8% top1 boost16,2021-05-31,2021-06-30,INDA,EPOL,1
current_best momentum_sector_country bucket8% top1 boost16,2021-06-30,2021-07-31,SPMO,VNM,1
current_best momentum_sector_country bucket8% top1 boost16,2021-07-31,2021-08-31,XLK,XLK,1
current_best momentum_sector_country bucket8% top1 boost16,2021-08-31,2021-09-30,INDA,ARGT,1
current_best momentum_sector_country bucket8% top1 boost16,2021-09-30,2021-10-31,INDA,EPI,1
current_best momentum_sector_country bucket8% top1 boost16,2021-10-31,2021-11-30,SCHG,SCHG,1
current_best momentum_sector_country bucket8% top1 boost16,2021-11-30,2021-12-31,XLK,SMH,1
current_best momentum_sector_country bucket8% top1 boost16,2021-12-31,2022-01-31,XLK,XLP,1
current_best momentum_sector_country bucket8% top1 boost16,2022-01-31,2022-02-28,,XLE,1
current_best momentum_sector_country bucket8% top1 boost16,2022-02-28,2022-03-31,,EPU,1
current_best momentum_sector_country bucket8% top1 boost16,2022-03-31,2022-04-30,BIL,EWZ,1
current_best momentum_sector_country bucket8% top1 boost16,2022-04-30,2022-05-31,BIL,KSA,1
current_best momentum_sector_country bucket8% top1 boost16,2022-05-31,2022-06-30,BIL,XLE,1
current_best momentum_sector_country bucket8% top1 boost16,2022-06-30,2022-07-31,BIL,,0
current_best momentum_sector_country bucket8% top1 boost16,2022-07-31,2022-08-31,BIL,DXJ,1
current_best momentum_sector_country bucket8% top1 boost16,2022-08-31,2022-09-30,BIL,ECH,1
current_best momentum_sector_country bucket8% top1 boost16,2022-09-30,2022-10-31,BIL,TUR,1
current_best momentum_sector_country bucket8% top1 boost16,2022-10-31,2022-11-30,MTUM,XLE,1
current_best momentum_sector_country bucket8% top1 boost16,2022-11-30,2022-12-31,MTUM,TUR,1
current_best momentum_sector_country bucket8% top1 boost16,2022-12-31,2023-01-31,BIL,TUR,1
current_best momentum_sector_country bucket8% top1 boost16,2023-01-31,2023-02-28,EWY,ARGT,1
current_best momentum_sector_country bucket8% top1 boost16,2023-02-28,2023-03-31,XLK,GREK,1
current_best momentum_sector_country bucket8% top1 boost16,2023-03-31,2023-04-30,XLK,SMH,1
current_best momentum_sector_country bucket8% top1 boost16,2023-04-30,2023-05-31,XLK,EIRL,1
current_best momentum_sector_country bucket8% top1 boost16,2023-05-31,2023-06-30,XLK,SMH,1
current_best momentum_sector_country bucket8% top1 boost16,2023-06-30,2023-07-31,XLK,XLK,1
current_best momentum_sector_country bucket8% top1 boost16,2023-07-31,2023-08-31,SCHG,EPOL,1
current_best momentum_sector_country bucket8% top1 boost16,2023-08-31,2023-09-30,XLK,VNM,1
current_best momentum_sector_country bucket8% top1 boost16,2023-09-30,2023-10-31,SPMO,EGPT,1
current_best momentum_sector_country bucket8% top1 boost16,2023-10-31,2023-11-30,BIL,EGPT,1
current_best momentum_sector_country bucket8% top1 boost16,2023-11-30,2023-12-31,XLK,PAK,1
current_best momentum_sector_country bucket8% top1 boost16,2023-12-31,2024-01-31,XLK,SMH,1
current_best momentum_sector_country bucket8% top1 boost16,2024-01-31,2024-02-29,SPMO,SMH,1
current_best momentum_sector_country bucket8% top1 boost16,2024-02-29,2024-03-31,SPMO,SMH,1
current_best momentum_sector_country bucket8% top1 boost16,2024-03-31,2024-04-30,SPMO,EPU,1
current_best momentum_sector_country bucket8% top1 boost16,2024-04-30,2024-05-31,INDA,EPU,1
current_best momentum_sector_country bucket8% top1 boost16,2024-05-31,2024-06-30,SPMO,EPU,1
current_best momentum_sector_country bucket8% top1 boost16,2024-06-30,2024-07-31,SPMO,EWT,1
current_best momentum_sector_country bucket8% top1 boost16,2024-07-31,2024-08-31,INDA,EPI,1
current_best momentum_sector_country bucket8% top1 boost16,2024-08-31,2024-09-30,SPMO,EWM,1
current_best momentum_sector_country bucket8% top1 boost16,2024-09-30,2024-10-31,SPMO,KWEB,1
current_best momentum_sector_country bucket8% top1 boost16,2024-10-31,2024-11-30,MTUM,ARGT,1
current_best momentum_sector_country bucket8% top1 boost16,2024-11-30,2024-12-31,MTUM,ARGT,1
current_best momentum_sector_country bucket8% top1 boost16,2024-12-31,2025-01-31,SCHG,ARGT,1
current_best momentum_sector_country bucket8% top1 boost16,2025-01-31,2025-02-28,SPMO,EIS,1
current_best momentum_sector_country bucket8% top1 boost16,2025-02-28,2025-03-31,SPMO,GXG,1
current_best momentum_sector_country bucket8% top1 boost16,2025-03-31,2025-04-30,IEF,EPOL,1
current_best momentum_sector_country bucket8% top1 boost16,2025-04-30,2025-05-31,EWJ,GREK,1
current_best momentum_sector_country bucket8% top1 boost16,2025-05-31,2025-06-30,SPMO,GREK,1
current_best momentum_sector_country bucket8% top1 boost16,2025-06-30,2025-07-31,EWY,XAR,1
current_best momentum_sector_country bucket8% top1 boost16,2025-07-31,2025-08-31,XLK,VNM,1
current_best momentum_sector_country bucket8% top1 boost16,2025-08-31,2025-09-30,SCHG,VNM,1
current_best momentum_sector_country bucket8% top1 boost16,2025-09-30,2025-10-31,EWY,EPU,1
current_best momentum_sector_country bucket8% top1 boost16,2025-10-31,2025-11-30,EWY,EWY,1
current_best momentum_sector_country bucket8% top1 boost16,2025-11-30,2025-12-31,EWY,ECH,1
current_best momentum_sector_country bucket8% top1 boost16,2025-12-31,2026-01-31,EWY,EPU,1
current_best momentum_sector_country bucket8% top1 boost16,2026-01-31,2026-02-28,EWY,EWY,1
current_best momentum_sector_country bucket8% top1 boost16,2026-02-28,2026-03-31,EWY,EWY,1
current_best momentum_sector_country bucket8% top1 boost16,2026-03-31,2026-04-29,BIL,XLE,1
current_best momentum_sector_country bucket8% top2 boost16,2016-09-30,2016-10-31,EWY,"SMH,KWEB",2
current_best momentum_sector_country bucket8% top2 boost16,2016-10-31,2016-11-30,EWJ,"EWZ,ECH",2
current_best momentum_sector_country bucket8% top2 boost16,2016-11-30,2016-12-31,,"XLF,DXJ",2
current_best momentum_sector_country bucket8% top2 boost16,2016-12-31,2017-01-31,SPMO,"PAK,KSA",2
current_best momentum_sector_country bucket8% top2 boost16,2017-01-31,2017-02-28,XLK,"EPOL,ARGT",2
current_best momentum_sector_country bucket8% top2 boost16,2017-02-28,2017-03-31,SCHG,"EPOL,XAR",2
current_best momentum_sector_country bucket8% top2 boost16,2017-03-31,2017-04-30,INDA,"ARGT,EPI",2
current_best momentum_sector_country bucket8% top2 boost16,2017-04-30,2017-05-31,EWY,"EPOL,KWEB",2
current_best momentum_sector_country bucket8% top2 boost16,2017-05-31,2017-06-30,EWY,"EDEN,TUR",2
current_best momentum_sector_country bucket8% top2 boost16,2017-06-30,2017-07-31,EWY,"GREK,EWI",2
current_best momentum_sector_country bucket8% top2 boost16,2017-07-31,2017-08-31,INDA,"KWEB,TUR",2
current_best momentum_sector_country bucket8% top2 boost16,2017-08-31,2017-09-30,XLK,"MCHI,EPOL",2
current_best momentum_sector_country bucket8% top2 boost16,2017-09-30,2017-10-31,MTUM,"XAR,ITA",2
current_best momentum_sector_country bucket8% top2 boost16,2017-10-31,2017-11-30,XLK,"SMH,EPU",2
current_best momentum_sector_country bucket8% top2 boost16,2017-11-30,2017-12-31,SPMO,"VNM,EGPT",2
current_best momentum_sector_country bucket8% top2 boost16,2017-12-31,2018-01-31,SPMO,"VNM,ARGT",2
current_best momentum_sector_country bucket8% top2 boost16,2018-01-31,2018-02-28,SPMO,"GREK,VNM",2
current_best momentum_sector_country bucket8% top2 boost16,2018-02-28,2018-03-31,SPMO,"VNM,THD",2
current_best momentum_sector_country bucket8% top2 boost16,2018-03-31,2018-04-30,BIL,"EGPT,KSA",2
current_best momentum_sector_country bucket8% top2 boost16,2018-04-30,2018-05-31,EWY,"KSA,EGPT",2
current_best momentum_sector_country bucket8% top2 boost16,2018-05-31,2018-06-30,XLK,"KSA,XLK",2
current_best momentum_sector_country bucket8% top2 boost16,2018-06-30,2018-07-31,XLK,"XLE,KSA",2
current_best momentum_sector_country bucket8% top2 boost16,2018-07-31,2018-08-31,SPMO,"QAT,XLV",2
current_best momentum_sector_country bucket8% top2 boost16,2018-08-31,2018-09-30,XLK,"EIS,XLK",2
current_best momentum_sector_country bucket8% top2 boost16,2018-09-30,2018-10-31,SPMO,"XLV,XAR",2
current_best momentum_sector_country bucket8% top2 boost16,2018-10-31,2018-11-30,BIL,"QAT,EWZ",2
current_best momentum_sector_country bucket8% top2 boost16,2018-11-30,2018-12-31,IEF,"QAT,XLV",2
current_best momentum_sector_country bucket8% top2 boost16,2018-12-31,2019-01-31,IEF,"EIDO,EWZ",2
current_best momentum_sector_country bucket8% top2 boost16,2019-01-31,2019-02-28,IEF,"EWZ,KSA",2
current_best momentum_sector_country bucket8% top2 boost16,2019-02-28,2019-03-31,SPMO,"KWEB,ARGT",2
current_best momentum_sector_country bucket8% top2 boost16,2019-03-31,2019-04-30,XLK,"XLK,SMH",2
current_best momentum_sector_country bucket8% top2 boost16,2019-04-30,2019-05-31,XLK,"SMH,XLK",2
current_best momentum_sector_country bucket8% top2 boost16,2019-05-31,2019-06-30,INDA,"GREK,INDA",2
current_best momentum_sector_country bucket8% top2 boost16,2019-06-30,2019-07-31,MTUM,"ARGT,GREK",2
current_best momentum_sector_country bucket8% top2 boost16,2019-07-31,2019-08-31,XLK,"GREK,SMH",2
current_best momentum_sector_country bucket8% top2 boost16,2019-08-31,2019-09-30,IEF,"XLU,XAR",2
current_best momentum_sector_country bucket8% top2 boost16,2019-09-30,2019-10-31,EWJ,"XLU,ITA",2
current_best momentum_sector_country bucket8% top2 boost16,2019-10-31,2019-11-30,EWJ,"SMH,EWT",2
current_best momentum_sector_country bucket8% top2 boost16,2019-11-30,2019-12-31,XLK,"XLV,PAK",2
current_best momentum_sector_country bucket8% top2 boost16,2019-12-31,2020-01-31,XLK,"SMH,EWZ",2
current_best momentum_sector_country bucket8% top2 boost16,2020-01-31,2020-02-29,XLK,"XLK,EDEN",2
current_best momentum_sector_country bucket8% top2 boost16,2020-02-29,2020-03-31,IEF,,0
current_best momentum_sector_country bucket8% top2 boost16,2020-03-31,2020-04-30,IEF,,0
current_best momentum_sector_country bucket8% top2 boost16,2020-04-30,2020-05-31,IEF,,0
current_best momentum_sector_country bucket8% top2 boost16,2020-05-31,2020-06-30,SCHG,"EDEN,SCHG",2
current_best momentum_sector_country bucket8% top2 boost16,2020-06-30,2020-07-31,XLK,"KWEB,XLK",2
current_best momentum_sector_country bucket8% top2 boost16,2020-07-31,2020-08-31,XLK,"ARGT,SMH",2
current_best momentum_sector_country bucket8% top2 boost16,2020-08-31,2020-09-30,XLK,"XLK,SCHG",2
current_best momentum_sector_country bucket8% top2 boost16,2020-09-30,2020-10-31,XLK,"SMH,XLK",2
current_best momentum_sector_country bucket8% top2 boost16,2020-10-31,2020-11-30,EWY,"MCHI,KWEB",2
current_best momentum_sector_country bucket8% top2 boost16,2020-11-30,2020-12-31,EWY,"SMH,EWY",2
current_best momentum_sector_country bucket8% top2 boost16,2020-12-31,2021-01-31,EWY,"GXG,EWY",2
current_best momentum_sector_country bucket8% top2 boost16,2021-01-31,2021-02-28,EWY,"KWEB,SMH",2
current_best momentum_sector_country bucket8% top2 boost16,2021-02-28,2021-03-31,EWY,"XLE,SMH",2
current_best momentum_sector_country bucket8% top2 boost16,2021-03-31,2021-04-30,XLK,"SMH,EWT",2
current_best momentum_sector_country bucket8% top2 boost16,2021-04-30,2021-05-31,SCHG,"XLF,KSA",2
current_best momentum_sector_country bucket8% top2 boost16,2021-05-31,2021-06-30,INDA,"EPOL,EWC",2
current_best momentum_sector_country bucket8% top2 boost16,2021-06-30,2021-07-31,SPMO,"VNM,EWZ",2
current_best momentum_sector_country bucket8% top2 boost16,2021-07-31,2021-08-31,XLK,"XLK,SCHG",2
current_best momentum_sector_country bucket8% top2 boost16,2021-08-31,2021-09-30,INDA,"ARGT,INDA",2
current_best momentum_sector_country bucket8% top2 boost16,2021-09-30,2021-10-31,INDA,"EPI,INDA",2
current_best momentum_sector_country bucket8% top2 boost16,2021-10-31,2021-11-30,SCHG,"SCHG,XLK",2
current_best momentum_sector_country bucket8% top2 boost16,2021-11-30,2021-12-31,XLK,"SMH,UAE",2
current_best momentum_sector_country bucket8% top2 boost16,2021-12-31,2022-01-31,XLK,"XLP,SMH",2
current_best momentum_sector_country bucket8% top2 boost16,2022-01-31,2022-02-28,,"XLE,KSA",2
current_best momentum_sector_country bucket8% top2 boost16,2022-02-28,2022-03-31,,"EPU,XLE",2
current_best momentum_sector_country bucket8% top2 boost16,2022-03-31,2022-04-30,BIL,"EWZ,ARGT",2
current_best momentum_sector_country bucket8% top2 boost16,2022-04-30,2022-05-31,BIL,"KSA,UAE",2
current_best momentum_sector_country bucket8% top2 boost16,2022-05-31,2022-06-30,BIL,"XLE,ECH",2
current_best momentum_sector_country bucket8% top2 boost16,2022-06-30,2022-07-31,BIL,,0
current_best momentum_sector_country bucket8% top2 boost16,2022-07-31,2022-08-31,BIL,"DXJ,XLP",2
current_best momentum_sector_country bucket8% top2 boost16,2022-08-31,2022-09-30,BIL,"ECH,XLE",2
current_best momentum_sector_country bucket8% top2 boost16,2022-09-30,2022-10-31,BIL,TUR,1
current_best momentum_sector_country bucket8% top2 boost16,2022-10-31,2022-11-30,MTUM,"XLE,TUR",2
current_best momentum_sector_country bucket8% top2 boost16,2022-11-30,2022-12-31,MTUM,"TUR,EWI",2
current_best momentum_sector_country bucket8% top2 boost16,2022-12-31,2023-01-31,BIL,"TUR,EPOL",2
current_best momentum_sector_country bucket8% top2 boost16,2023-01-31,2023-02-28,EWY,"ARGT,GREK",2
current_best momentum_sector_country bucket8% top2 boost16,2023-02-28,2023-03-31,XLK,"GREK,ARGT",2
current_best momentum_sector_country bucket8% top2 boost16,2023-03-31,2023-04-30,XLK,"SMH,XLK",2
current_best momentum_sector_country bucket8% top2 boost16,2023-04-30,2023-05-31,XLK,"EIRL,EPOL",2
current_best momentum_sector_country bucket8% top2 boost16,2023-05-31,2023-06-30,XLK,"SMH,GREK",2
current_best momentum_sector_country bucket8% top2 boost16,2023-06-30,2023-07-31,XLK,"XLK,SMH",2
current_best momentum_sector_country bucket8% top2 boost16,2023-07-31,2023-08-31,SCHG,"EPOL,VNM",2
current_best momentum_sector_country bucket8% top2 boost16,2023-08-31,2023-09-30,XLK,"VNM,SMH",2
current_best momentum_sector_country bucket8% top2 boost16,2023-09-30,2023-10-31,SPMO,"EGPT,DXJ",2
current_best momentum_sector_country bucket8% top2 boost16,2023-10-31,2023-11-30,BIL,"EGPT,PAK",2
current_best momentum_sector_country bucket8% top2 boost16,2023-11-30,2023-12-31,XLK,"PAK,ARGT",2
current_best momentum_sector_country bucket8% top2 boost16,2023-12-31,2024-01-31,XLK,"SMH,EWD",2
current_best momentum_sector_country bucket8% top2 boost16,2024-01-31,2024-02-29,SPMO,"SMH,EGPT",2
current_best momentum_sector_country bucket8% top2 boost16,2024-02-29,2024-03-31,SPMO,"SMH,EIS",2
current_best momentum_sector_country bucket8% top2 boost16,2024-03-31,2024-04-30,SPMO,"EPU,DXJ",2
current_best momentum_sector_country bucket8% top2 boost16,2024-04-30,2024-05-31,INDA,"EPU,TUR",2
current_best momentum_sector_country bucket8% top2 boost16,2024-05-31,2024-06-30,SPMO,"EPU,SMH",2
current_best momentum_sector_country bucket8% top2 boost16,2024-06-30,2024-07-31,SPMO,"EWT,SMH",2
current_best momentum_sector_country bucket8% top2 boost16,2024-07-31,2024-08-31,INDA,"EPI,EZA",2
current_best momentum_sector_country bucket8% top2 boost16,2024-08-31,2024-09-30,SPMO,"EWM,ARGT",2
current_best momentum_sector_country bucket8% top2 boost16,2024-09-30,2024-10-31,SPMO,"KWEB,EZA",2
current_best momentum_sector_country bucket8% top2 boost16,2024-10-31,2024-11-30,MTUM,"ARGT,XLU",2
current_best momentum_sector_country bucket8% top2 boost16,2024-11-30,2024-12-31,MTUM,"ARGT,XAR",2
current_best momentum_sector_country bucket8% top2 boost16,2024-12-31,2025-01-31,SCHG,"ARGT,EIS",2
current_best momentum_sector_country bucket8% top2 boost16,2025-01-31,2025-02-28,SPMO,"EIS,GXG",2
current_best momentum_sector_country bucket8% top2 boost16,2025-02-28,2025-03-31,SPMO,"GXG,EPOL",2
current_best momentum_sector_country bucket8% top2 boost16,2025-03-31,2025-04-30,IEF,"EPOL,GREK",2
current_best momentum_sector_country bucket8% top2 boost16,2025-04-30,2025-05-31,EWJ,"GREK,EWP",2
current_best momentum_sector_country bucket8% top2 boost16,2025-05-31,2025-06-30,SPMO,"GREK,EWP",2
current_best momentum_sector_country bucket8% top2 boost16,2025-06-30,2025-07-31,EWY,"XAR,GREK",2
current_best momentum_sector_country bucket8% top2 boost16,2025-07-31,2025-08-31,XLK,"VNM,XAR",2
current_best momentum_sector_country bucket8% top2 boost16,2025-08-31,2025-09-30,SCHG,"VNM,EPU",2
current_best momentum_sector_country bucket8% top2 boost16,2025-09-30,2025-10-31,EWY,"EPU,EZA",2
current_best momentum_sector_country bucket8% top2 boost16,2025-10-31,2025-11-30,EWY,"EWY,SMH",2
current_best momentum_sector_country bucket8% top2 boost16,2025-11-30,2025-12-31,EWY,"ECH,EPU",2
current_best momentum_sector_country bucket8% top2 boost16,2025-12-31,2026-01-31,EWY,"EPU,EZA",2
current_best momentum_sector_country bucket8% top2 boost16,2026-01-31,2026-02-28,EWY,"EWY,EPU",2
current_best momentum_sector_country bucket8% top2 boost16,2026-02-28,2026-03-31,EWY,"EWY,EPU",2
current_best momentum_sector_country bucket8% top2 boost16,2026-03-31,2026-04-29,BIL,"XLE,NORW",2
current_best momentum_sector_country bucket8% top3 boost16,2016-09-30,2016-10-31,EWY,"SMH,KWEB,EWT",3
current_best momentum_sector_country bucket8% top3 boost16,2016-10-31,2016-11-30,EWJ,"EWZ,ECH,DXJ",3
current_best momentum_sector_country bucket8% top3 boost16,2016-11-30,2016-12-31,,"XLF,DXJ,KSA",3
current_best momentum_sector_country bucket8% top3 boost16,2016-12-31,2017-01-31,SPMO,"PAK,KSA,XLF",3
current_best momentum_sector_country bucket8% top3 boost16,2017-01-31,2017-02-28,XLK,"EPOL,ARGT,EWZ",3
current_best momentum_sector_country bucket8% top3 boost16,2017-02-28,2017-03-31,SCHG,"EPOL,XAR,ITA",3
current_best momentum_sector_country bucket8% top3 boost16,2017-03-31,2017-04-30,INDA,"ARGT,EPI,EWP",3
current_best momentum_sector_country bucket8% top3 boost16,2017-04-30,2017-05-31,EWY,"EPOL,KWEB,EWP",3
current_best momentum_sector_country bucket8% top3 boost16,2017-05-31,2017-06-30,EWY,"EDEN,TUR,EWY",3
current_best momentum_sector_country bucket8% top3 boost16,2017-06-30,2017-07-31,EWY,"GREK,EWI,TUR",3
current_best momentum_sector_country bucket8% top3 boost16,2017-07-31,2017-08-31,INDA,"KWEB,TUR,MCHI",3
current_best momentum_sector_country bucket8% top3 boost16,2017-08-31,2017-09-30,XLK,"MCHI,EPOL,KWEB",3
current_best momentum_sector_country bucket8% top3 boost16,2017-09-30,2017-10-31,MTUM,"XAR,ITA,MCHI",3
current_best momentum_sector_country bucket8% top3 boost16,2017-10-31,2017-11-30,XLK,"SMH,EPU,XLK",3
current_best momentum_sector_country bucket8% top3 boost16,2017-11-30,2017-12-31,SPMO,"VNM,EGPT,SPMO",3
current_best momentum_sector_country bucket8% top3 boost16,2017-12-31,2018-01-31,SPMO,"VNM,ARGT,EZA",3
current_best momentum_sector_country bucket8% top3 boost16,2018-01-31,2018-02-28,SPMO,"GREK,VNM,ARGT",3
current_best momentum_sector_country bucket8% top3 boost16,2018-02-28,2018-03-31,SPMO,"VNM,THD,KWEB",3
current_best momentum_sector_country bucket8% top3 boost16,2018-03-31,2018-04-30,BIL,"EGPT,KSA,EWM",3
current_best momentum_sector_country bucket8% top3 boost16,2018-04-30,2018-05-31,EWY,"KSA,EGPT,EPU",3
current_best momentum_sector_country bucket8% top3 boost16,2018-05-31,2018-06-30,XLK,"KSA,XLK,QAT",3
current_best momentum_sector_country bucket8% top3 boost16,2018-06-30,2018-07-31,XLK,"XLE,KSA,SCHG",3
current_best momentum_sector_country bucket8% top3 boost16,2018-07-31,2018-08-31,SPMO,"QAT,XLV,XAR",3
current_best momentum_sector_country bucket8% top3 boost16,2018-08-31,2018-09-30,XLK,"EIS,XLK,XLV",3
current_best momentum_sector_country bucket8% top3 boost16,2018-09-30,2018-10-31,SPMO,"XLV,XAR,QAT",3
current_best momentum_sector_country bucket8% top3 boost16,2018-10-31,2018-11-30,BIL,"QAT,EWZ,XLP",3
current_best momentum_sector_country bucket8% top3 boost16,2018-11-30,2018-12-31,IEF,"QAT,XLV,EIDO",3
current_best momentum_sector_country bucket8% top3 boost16,2018-12-31,2019-01-31,IEF,"EIDO,EWZ,QAT",3
current_best momentum_sector_country bucket8% top3 boost16,2019-01-31,2019-02-28,IEF,"EWZ,KSA,TUR",3
current_best momentum_sector_country bucket8% top3 boost16,2019-02-28,2019-03-31,SPMO,"KWEB,ARGT,SMH",3
current_best momentum_sector_country bucket8% top3 boost16,2019-03-31,2019-04-30,XLK,"XLK,SMH,EPI",3
current_best momentum_sector_country bucket8% top3 boost16,2019-04-30,2019-05-31,XLK,"SMH,XLK,KSA",3
current_best momentum_sector_country bucket8% top3 boost16,2019-05-31,2019-06-30,INDA,"GREK,INDA,EPI",3
current_best momentum_sector_country bucket8% top3 boost16,2019-06-30,2019-07-31,MTUM,"ARGT,GREK,ENZL",3
current_best momentum_sector_country bucket8% top3 boost16,2019-07-31,2019-08-31,XLK,"GREK,SMH,XAR",3
current_best momentum_sector_country bucket8% top3 boost16,2019-08-31,2019-09-30,IEF,"XLU,XAR,XLP",3
current_best momentum_sector_country bucket8% top3 boost16,2019-09-30,2019-10-31,EWJ,"XLU,ITA,TUR",3
current_best momentum_sector_country bucket8% top3 boost16,2019-10-31,2019-11-30,EWJ,"SMH,EWT,DXJ",3
current_best momentum_sector_country bucket8% top3 boost16,2019-11-30,2019-12-31,XLK,"XLV,PAK,XLK",3
current_best momentum_sector_country bucket8% top3 boost16,2019-12-31,2020-01-31,XLK,"SMH,EWZ,EWT",3
current_best momentum_sector_country bucket8% top3 boost16,2020-01-31,2020-02-29,XLK,"XLK,EDEN,SCHG",3
current_best momentum_sector_country bucket8% top3 boost16,2020-02-29,2020-03-31,IEF,,0
current_best momentum_sector_country bucket8% top3 boost16,2020-03-31,2020-04-30,IEF,,0
current_best momentum_sector_country bucket8% top3 boost16,2020-04-30,2020-05-31,IEF,,0
current_best momentum_sector_country bucket8% top3 boost16,2020-05-31,2020-06-30,SCHG,"EDEN,SCHG,XLK",3
current_best momentum_sector_country bucket8% top3 boost16,2020-06-30,2020-07-31,XLK,"KWEB,XLK,SMH",3
current_best momentum_sector_country bucket8% top3 boost16,2020-07-31,2020-08-31,XLK,"ARGT,SMH,EWT",3
current_best momentum_sector_country bucket8% top3 boost16,2020-08-31,2020-09-30,XLK,"XLK,SCHG,KWEB",3
current_best momentum_sector_country bucket8% top3 boost16,2020-09-30,2020-10-31,XLK,"SMH,XLK,EWY",3
current_best momentum_sector_country bucket8% top3 boost16,2020-10-31,2020-11-30,EWY,"MCHI,KWEB,XLU",3
current_best momentum_sector_country bucket8% top3 boost16,2020-11-30,2020-12-31,EWY,"SMH,EWY,XAR",3
current_best momentum_sector_country bucket8% top3 boost16,2020-12-31,2021-01-31,EWY,"GXG,EWY,TUR",3
current_best momentum_sector_country bucket8% top3 boost16,2021-01-31,2021-02-28,EWY,"KWEB,SMH,EWT",3
current_best momentum_sector_country bucket8% top3 boost16,2021-02-28,2021-03-31,EWY,"XLE,SMH,XLF",3
current_best momentum_sector_country bucket8% top3 boost16,2021-03-31,2021-04-30,XLK,"SMH,EWT,KSA",3
current_best momentum_sector_country bucket8% top3 boost16,2021-04-30,2021-05-31,SCHG,"XLF,KSA,EWT",3
current_best momentum_sector_country bucket8% top3 boost16,2021-05-31,2021-06-30,INDA,"EPOL,EWC,KSA",3
current_best momentum_sector_country bucket8% top3 boost16,2021-06-30,2021-07-31,SPMO,"VNM,EWZ,UAE",3
current_best momentum_sector_country bucket8% top3 boost16,2021-07-31,2021-08-31,XLK,"XLK,SCHG,XLV",3
current_best momentum_sector_country bucket8% top3 boost16,2021-08-31,2021-09-30,INDA,"ARGT,INDA,EPI",3
current_best momentum_sector_country bucket8% top3 boost16,2021-09-30,2021-10-31,INDA,"EPI,INDA,KSA",3
current_best momentum_sector_country bucket8% top3 boost16,2021-10-31,2021-11-30,SCHG,"SCHG,XLK,SPMO",3
current_best momentum_sector_country bucket8% top3 boost16,2021-11-30,2021-12-31,XLK,"SMH,UAE,XLK",3
current_best momentum_sector_country bucket8% top3 boost16,2021-12-31,2022-01-31,XLK,"XLP,SMH,XLU",3
current_best momentum_sector_country bucket8% top3 boost16,2022-01-31,2022-02-28,,"XLE,KSA,EPU",3
current_best momentum_sector_country bucket8% top3 boost16,2022-02-28,2022-03-31,,"EPU,XLE,UAE",3
current_best momentum_sector_country bucket8% top3 boost16,2022-03-31,2022-04-30,BIL,"EWZ,ARGT,EWW",3
current_best momentum_sector_country bucket8% top3 boost16,2022-04-30,2022-05-31,BIL,"KSA,UAE,QAT",3
current_best momentum_sector_country bucket8% top3 boost16,2022-05-31,2022-06-30,BIL,"XLE,ECH,XLU",3
current_best momentum_sector_country bucket8% top3 boost16,2022-06-30,2022-07-31,BIL,,0
current_best momentum_sector_country bucket8% top3 boost16,2022-07-31,2022-08-31,BIL,"DXJ,XLP",2
current_best momentum_sector_country bucket8% top3 boost16,2022-08-31,2022-09-30,BIL,"ECH,XLE,TUR",3
current_best momentum_sector_country bucket8% top3 boost16,2022-09-30,2022-10-31,BIL,TUR,1
current_best momentum_sector_country bucket8% top3 boost16,2022-10-31,2022-11-30,MTUM,"XLE,TUR,ITA",3
current_best momentum_sector_country bucket8% top3 boost16,2022-11-30,2022-12-31,MTUM,"TUR,EWI,EWG",3
current_best momentum_sector_country bucket8% top3 boost16,2022-12-31,2023-01-31,BIL,"TUR,EPOL,GREK",3
current_best momentum_sector_country bucket8% top3 boost16,2023-01-31,2023-02-28,EWY,"ARGT,GREK,EIRL",3
current_best momentum_sector_country bucket8% top3 boost16,2023-02-28,2023-03-31,XLK,"GREK,ARGT,EWP",3
current_best momentum_sector_country bucket8% top3 boost16,2023-03-31,2023-04-30,XLK,"SMH,XLK,EDEN",3
current_best momentum_sector_country bucket8% top3 boost16,2023-04-30,2023-05-31,XLK,"EIRL,EPOL,EWQ",3
current_best momentum_sector_country bucket8% top3 boost16,2023-05-31,2023-06-30,XLK,"SMH,GREK,XLK",3
current_best momentum_sector_country bucket8% top3 boost16,2023-06-30,2023-07-31,XLK,"XLK,SMH,ARGT",3
current_best momentum_sector_country bucket8% top3 boost16,2023-07-31,2023-08-31,SCHG,"EPOL,VNM,GXG",3
current_best momentum_sector_country bucket8% top3 boost16,2023-08-31,2023-09-30,XLK,"VNM,SMH,TUR",3
current_best momentum_sector_country bucket8% top3 boost16,2023-09-30,2023-10-31,SPMO,"EGPT,DXJ,TUR",3
current_best momentum_sector_country bucket8% top3 boost16,2023-10-31,2023-11-30,BIL,"EGPT,PAK,EPOL",3
current_best momentum_sector_country bucket8% top3 boost16,2023-11-30,2023-12-31,XLK,"PAK,ARGT,EPOL",3
current_best momentum_sector_country bucket8% top3 boost16,2023-12-31,2024-01-31,XLK,"SMH,EWD,EWZ",3
current_best momentum_sector_country bucket8% top3 boost16,2024-01-31,2024-02-29,SPMO,"SMH,EGPT,SPMO",3
current_best momentum_sector_country bucket8% top3 boost16,2024-02-29,2024-03-31,SPMO,"SMH,EIS,SPMO",3
current_best momentum_sector_country bucket8% top3 boost16,2024-03-31,2024-04-30,SPMO,"EPU,DXJ,SPMO",3
current_best momentum_sector_country bucket8% top3 boost16,2024-04-30,2024-05-31,INDA,"EPU,TUR,ARGT",3
current_best momentum_sector_country bucket8% top3 boost16,2024-05-31,2024-06-30,SPMO,"EPU,SMH,TUR",3
current_best momentum_sector_country bucket8% top3 boost16,2024-06-30,2024-07-31,SPMO,"EWT,SMH,SPMO",3
current_best momentum_sector_country bucket8% top3 boost16,2024-07-31,2024-08-31,INDA,"EPI,EZA,ITA",3
current_best momentum_sector_country bucket8% top3 boost16,2024-08-31,2024-09-30,SPMO,"EWM,ARGT,XLF",3
current_best momentum_sector_country bucket8% top3 boost16,2024-09-30,2024-10-31,SPMO,"KWEB,EZA,MCHI",3
current_best momentum_sector_country bucket8% top3 boost16,2024-10-31,2024-11-30,MTUM,"ARGT,XLU,EZA",3
current_best momentum_sector_country bucket8% top3 boost16,2024-11-30,2024-12-31,MTUM,"ARGT,XAR,XLF",3
current_best momentum_sector_country bucket8% top3 boost16,2024-12-31,2025-01-31,SCHG,"ARGT,EIS,UAE",3
current_best momentum_sector_country bucket8% top3 boost16,2025-01-31,2025-02-28,SPMO,"EIS,GXG,XLF",3
current_best momentum_sector_country bucket8% top3 boost16,2025-02-28,2025-03-31,SPMO,"GXG,EPOL,EWP",3
current_best momentum_sector_country bucket8% top3 boost16,2025-03-31,2025-04-30,IEF,"EPOL,GREK,EWP",3
current_best momentum_sector_country bucket8% top3 boost16,2025-04-30,2025-05-31,EWJ,"GREK,EWP,ECH",3
current_best momentum_sector_country bucket8% top3 boost16,2025-05-31,2025-06-30,SPMO,"GREK,EWP,ITA",3
current_best momentum_sector_country bucket8% top3 boost16,2025-06-30,2025-07-31,EWY,"XAR,GREK,EWY",3
current_best momentum_sector_country bucket8% top3 boost16,2025-07-31,2025-08-31,XLK,"VNM,XAR,ITA",3
current_best momentum_sector_country bucket8% top3 boost16,2025-08-31,2025-09-30,SCHG,"VNM,EPU,GXG",3
current_best momentum_sector_country bucket8% top3 boost16,2025-09-30,2025-10-31,EWY,"EPU,EZA,KWEB",3
current_best momentum_sector_country bucket8% top3 boost16,2025-10-31,2025-11-30,EWY,"EWY,SMH,GXG",3
current_best momentum_sector_country bucket8% top3 boost16,2025-11-30,2025-12-31,EWY,"ECH,EPU,EWZ",3
current_best momentum_sector_country bucket8% top3 boost16,2025-12-31,2026-01-31,EWY,"EPU,EZA,ECH",3
current_best momentum_sector_country bucket8% top3 boost16,2026-01-31,2026-02-28,EWY,"EWY,EPU,GXG",3
current_best momentum_sector_country bucket8% top3 boost16,2026-02-28,2026-03-31,EWY,"EWY,EPU,EZA",3
current_best momentum_sector_country bucket8% top3 boost16,2026-03-31,2026-04-29,BIL,"XLE,NORW,EWZ",3
current_best momentum_sector_country bucket10% top1 boost16,2016-09-30,2016-10-31,EWY,SMH,1
current_best momentum_sector_country bucket10% top1 boost16,2016-10-31,2016-11-30,EWJ,EWZ,1
current_best momentum_sector_country bucket10% top1 boost16,2016-11-30,2016-12-31,,XLF,1
current_best momentum_sector_country bucket10% top1 boost16,2016-12-31,2017-01-31,SPMO,PAK,1
current_best momentum_sector_country bucket10% top1 boost16,2017-01-31,2017-02-28,XLK,EPOL,1
current_best momentum_sector_country bucket10% top1 boost16,2017-02-28,2017-03-31,SCHG,EPOL,1
current_best momentum_sector_country bucket10% top1 boost16,2017-03-31,2017-04-30,INDA,ARGT,1
current_best momentum_sector_country bucket10% top1 boost16,2017-04-30,2017-05-31,EWY,EPOL,1
current_best momentum_sector_country bucket10% top1 boost16,2017-05-31,2017-06-30,EWY,EDEN,1
current_best momentum_sector_country bucket10% top1 boost16,2017-06-30,2017-07-31,EWY,GREK,1
current_best momentum_sector_country bucket10% top1 boost16,2017-07-31,2017-08-31,INDA,KWEB,1
current_best momentum_sector_country bucket10% top1 boost16,2017-08-31,2017-09-30,XLK,MCHI,1
current_best momentum_sector_country bucket10% top1 boost16,2017-09-30,2017-10-31,MTUM,XAR,1
current_best momentum_sector_country bucket10% top1 boost16,2017-10-31,2017-11-30,XLK,SMH,1
current_best momentum_sector_country bucket10% top1 boost16,2017-11-30,2017-12-31,SPMO,VNM,1
current_best momentum_sector_country bucket10% top1 boost16,2017-12-31,2018-01-31,SPMO,VNM,1
current_best momentum_sector_country bucket10% top1 boost16,2018-01-31,2018-02-28,SPMO,GREK,1
current_best momentum_sector_country bucket10% top1 boost16,2018-02-28,2018-03-31,SPMO,VNM,1
current_best momentum_sector_country bucket10% top1 boost16,2018-03-31,2018-04-30,BIL,EGPT,1
current_best momentum_sector_country bucket10% top1 boost16,2018-04-30,2018-05-31,EWY,KSA,1
current_best momentum_sector_country bucket10% top1 boost16,2018-05-31,2018-06-30,XLK,KSA,1
current_best momentum_sector_country bucket10% top1 boost16,2018-06-30,2018-07-31,XLK,XLE,1
current_best momentum_sector_country bucket10% top1 boost16,2018-07-31,2018-08-31,SPMO,QAT,1
current_best momentum_sector_country bucket10% top1 boost16,2018-08-31,2018-09-30,XLK,EIS,1
current_best momentum_sector_country bucket10% top1 boost16,2018-09-30,2018-10-31,SPMO,XLV,1
current_best momentum_sector_country bucket10% top1 boost16,2018-10-31,2018-11-30,BIL,QAT,1
current_best momentum_sector_country bucket10% top1 boost16,2018-11-30,2018-12-31,IEF,QAT,1
current_best momentum_sector_country bucket10% top1 boost16,2018-12-31,2019-01-31,IEF,EIDO,1
current_best momentum_sector_country bucket10% top1 boost16,2019-01-31,2019-02-28,IEF,EWZ,1
current_best momentum_sector_country bucket10% top1 boost16,2019-02-28,2019-03-31,SPMO,KWEB,1
current_best momentum_sector_country bucket10% top1 boost16,2019-03-31,2019-04-30,XLK,XLK,1
current_best momentum_sector_country bucket10% top1 boost16,2019-04-30,2019-05-31,XLK,SMH,1
current_best momentum_sector_country bucket10% top1 boost16,2019-05-31,2019-06-30,INDA,GREK,1
current_best momentum_sector_country bucket10% top1 boost16,2019-06-30,2019-07-31,MTUM,ARGT,1
current_best momentum_sector_country bucket10% top1 boost16,2019-07-31,2019-08-31,XLK,GREK,1
current_best momentum_sector_country bucket10% top1 boost16,2019-08-31,2019-09-30,IEF,XLU,1
current_best momentum_sector_country bucket10% top1 boost16,2019-09-30,2019-10-31,EWJ,XLU,1
current_best momentum_sector_country bucket10% top1 boost16,2019-10-31,2019-11-30,EWJ,SMH,1
current_best momentum_sector_country bucket10% top1 boost16,2019-11-30,2019-12-31,XLK,XLV,1
current_best momentum_sector_country bucket10% top1 boost16,2019-12-31,2020-01-31,XLK,SMH,1
current_best momentum_sector_country bucket10% top1 boost16,2020-01-31,2020-02-29,XLK,XLK,1
current_best momentum_sector_country bucket10% top1 boost16,2020-02-29,2020-03-31,IEF,,0
current_best momentum_sector_country bucket10% top1 boost16,2020-03-31,2020-04-30,IEF,,0
current_best momentum_sector_country bucket10% top1 boost16,2020-04-30,2020-05-31,IEF,,0
current_best momentum_sector_country bucket10% top1 boost16,2020-05-31,2020-06-30,SCHG,EDEN,1
current_best momentum_sector_country bucket10% top1 boost16,2020-06-30,2020-07-31,XLK,KWEB,1
current_best momentum_sector_country bucket10% top1 boost16,2020-07-31,2020-08-31,XLK,ARGT,1
current_best momentum_sector_country bucket10% top1 boost16,2020-08-31,2020-09-30,XLK,XLK,1
current_best momentum_sector_country bucket10% top1 boost16,2020-09-30,2020-10-31,XLK,SMH,1
current_best momentum_sector_country bucket10% top1 boost16,2020-10-31,2020-11-30,EWY,MCHI,1
current_best momentum_sector_country bucket10% top1 boost16,2020-11-30,2020-12-31,EWY,SMH,1
current_best momentum_sector_country bucket10% top1 boost16,2020-12-31,2021-01-31,EWY,GXG,1
current_best momentum_sector_country bucket10% top1 boost16,2021-01-31,2021-02-28,EWY,KWEB,1
current_best momentum_sector_country bucket10% top1 boost16,2021-02-28,2021-03-31,EWY,XLE,1
current_best momentum_sector_country bucket10% top1 boost16,2021-03-31,2021-04-30,XLK,SMH,1
current_best momentum_sector_country bucket10% top1 boost16,2021-04-30,2021-05-31,SCHG,XLF,1
current_best momentum_sector_country bucket10% top1 boost16,2021-05-31,2021-06-30,INDA,EPOL,1
current_best momentum_sector_country bucket10% top1 boost16,2021-06-30,2021-07-31,SPMO,VNM,1
current_best momentum_sector_country bucket10% top1 boost16,2021-07-31,2021-08-31,XLK,XLK,1
current_best momentum_sector_country bucket10% top1 boost16,2021-08-31,2021-09-30,INDA,ARGT,1
current_best momentum_sector_country bucket10% top1 boost16,2021-09-30,2021-10-31,INDA,EPI,1
current_best momentum_sector_country bucket10% top1 boost16,2021-10-31,2021-11-30,SCHG,SCHG,1
current_best momentum_sector_country bucket10% top1 boost16,2021-11-30,2021-12-31,XLK,SMH,1
current_best momentum_sector_country bucket10% top1 boost16,2021-12-31,2022-01-31,XLK,XLP,1
current_best momentum_sector_country bucket10% top1 boost16,2022-01-31,2022-02-28,,XLE,1
current_best momentum_sector_country bucket10% top1 boost16,2022-02-28,2022-03-31,,EPU,1
current_best momentum_sector_country bucket10% top1 boost16,2022-03-31,2022-04-30,BIL,EWZ,1
current_best momentum_sector_country bucket10% top1 boost16,2022-04-30,2022-05-31,BIL,KSA,1
current_best momentum_sector_country bucket10% top1 boost16,2022-05-31,2022-06-30,BIL,XLE,1
current_best momentum_sector_country bucket10% top1 boost16,2022-06-30,2022-07-31,BIL,,0
current_best momentum_sector_country bucket10% top1 boost16,2022-07-31,2022-08-31,BIL,DXJ,1
current_best momentum_sector_country bucket10% top1 boost16,2022-08-31,2022-09-30,BIL,ECH,1
current_best momentum_sector_country bucket10% top1 boost16,2022-09-30,2022-10-31,BIL,TUR,1
current_best momentum_sector_country bucket10% top1 boost16,2022-10-31,2022-11-30,MTUM,XLE,1
current_best momentum_sector_country bucket10% top1 boost16,2022-11-30,2022-12-31,MTUM,TUR,1
current_best momentum_sector_country bucket10% top1 boost16,2022-12-31,2023-01-31,BIL,TUR,1
current_best momentum_sector_country bucket10% top1 boost16,2023-01-31,2023-02-28,EWY,ARGT,1
current_best momentum_sector_country bucket10% top1 boost16,2023-02-28,2023-03-31,XLK,GREK,1
current_best momentum_sector_country bucket10% top1 boost16,2023-03-31,2023-04-30,XLK,SMH,1
current_best momentum_sector_country bucket10% top1 boost16,2023-04-30,2023-05-31,XLK,EIRL,1
current_best momentum_sector_country bucket10% top1 boost16,2023-05-31,2023-06-30,XLK,SMH,1
current_best momentum_sector_country bucket10% top1 boost16,2023-06-30,2023-07-31,XLK,XLK,1
current_best momentum_sector_country bucket10% top1 boost16,2023-07-31,2023-08-31,SCHG,EPOL,1
current_best momentum_sector_country bucket10% top1 boost16,2023-08-31,2023-09-30,XLK,VNM,1
current_best momentum_sector_country bucket10% top1 boost16,2023-09-30,2023-10-31,SPMO,EGPT,1
current_best momentum_sector_country bucket10% top1 boost16,2023-10-31,2023-11-30,BIL,EGPT,1
current_best momentum_sector_country bucket10% top1 boost16,2023-11-30,2023-12-31,XLK,PAK,1
current_best momentum_sector_country bucket10% top1 boost16,2023-12-31,2024-01-31,XLK,SMH,1
current_best momentum_sector_country bucket10% top1 boost16,2024-01-31,2024-02-29,SPMO,SMH,1
current_best momentum_sector_country bucket10% top1 boost16,2024-02-29,2024-03-31,SPMO,SMH,1
current_best momentum_sector_country bucket10% top1 boost16,2024-03-31,2024-04-30,SPMO,EPU,1
current_best momentum_sector_country bucket10% top1 boost16,2024-04-30,2024-05-31,INDA,EPU,1
current_best momentum_sector_country bucket10% top1 boost16,2024-05-31,2024-06-30,SPMO,EPU,1
current_best momentum_sector_country bucket10% top1 boost16,2024-06-30,2024-07-31,SPMO,EWT,1
current_best momentum_sector_country bucket10% top1 boost16,2024-07-31,2024-08-31,INDA,EPI,1
current_best momentum_sector_country bucket10% top1 boost16,2024-08-31,2024-09-30,SPMO,EWM,1
current_best momentum_sector_country bucket10% top1 boost16,2024-09-30,2024-10-31,SPMO,KWEB,1
current_best momentum_sector_country bucket10% top1 boost16,2024-10-31,2024-11-30,MTUM,ARGT,1
current_best momentum_sector_country bucket10% top1 boost16,2024-11-30,2024-12-31,MTUM,ARGT,1
current_best momentum_sector_country bucket10% top1 boost16,2024-12-31,2025-01-31,SCHG,ARGT,1
current_best momentum_sector_country bucket10% top1 boost16,2025-01-31,2025-02-28,SPMO,EIS,1
current_best momentum_sector_country bucket10% top1 boost16,2025-02-28,2025-03-31,SPMO,GXG,1
current_best momentum_sector_country bucket10% top1 boost16,2025-03-31,2025-04-30,IEF,EPOL,1
current_best momentum_sector_country bucket10% top1 boost16,2025-04-30,2025-05-31,EWJ,GREK,1
current_best momentum_sector_country bucket10% top1 boost16,2025-05-31,2025-06-30,SPMO,GREK,1
current_best momentum_sector_country bucket10% top1 boost16,2025-06-30,2025-07-31,EWY,XAR,1
current_best momentum_sector_country bucket10% top1 boost16,2025-07-31,2025-08-31,XLK,VNM,1
current_best momentum_sector_country bucket10% top1 boost16,2025-08-31,2025-09-30,SCHG,VNM,1
current_best momentum_sector_country bucket10% top1 boost16,2025-09-30,2025-10-31,EWY,EPU,1
current_best momentum_sector_country bucket10% top1 boost16,2025-10-31,2025-11-30,EWY,EWY,1
current_best momentum_sector_country bucket10% top1 boost16,2025-11-30,2025-12-31,EWY,ECH,1
current_best momentum_sector_country bucket10% top1 boost16,2025-12-31,2026-01-31,EWY,EPU,1
current_best momentum_sector_country bucket10% top1 boost16,2026-01-31,2026-02-28,EWY,EWY,1
current_best momentum_sector_country bucket10% top1 boost16,2026-02-28,2026-03-31,EWY,EWY,1
current_best momentum_sector_country bucket10% top1 boost16,2026-03-31,2026-04-29,BIL,XLE,1
current_best momentum_sector_country bucket10% top2 boost16,2016-09-30,2016-10-31,EWY,"SMH,KWEB",2
current_best momentum_sector_country bucket10% top2 boost16,2016-10-31,2016-11-30,EWJ,"EWZ,ECH",2
current_best momentum_sector_country bucket10% top2 boost16,2016-11-30,2016-12-31,,"XLF,DXJ",2
current_best momentum_sector_country bucket10% top2 boost16,2016-12-31,2017-01-31,SPMO,"PAK,KSA",2
current_best momentum_sector_country bucket10% top2 boost16,2017-01-31,2017-02-28,XLK,"EPOL,ARGT",2
current_best momentum_sector_country bucket10% top2 boost16,2017-02-28,2017-03-31,SCHG,"EPOL,XAR",2
current_best momentum_sector_country bucket10% top2 boost16,2017-03-31,2017-04-30,INDA,"ARGT,EPI",2
current_best momentum_sector_country bucket10% top2 boost16,2017-04-30,2017-05-31,EWY,"EPOL,KWEB",2
current_best momentum_sector_country bucket10% top2 boost16,2017-05-31,2017-06-30,EWY,"EDEN,TUR",2
current_best momentum_sector_country bucket10% top2 boost16,2017-06-30,2017-07-31,EWY,"GREK,EWI",2
current_best momentum_sector_country bucket10% top2 boost16,2017-07-31,2017-08-31,INDA,"KWEB,TUR",2
current_best momentum_sector_country bucket10% top2 boost16,2017-08-31,2017-09-30,XLK,"MCHI,EPOL",2
current_best momentum_sector_country bucket10% top2 boost16,2017-09-30,2017-10-31,MTUM,"XAR,ITA",2
current_best momentum_sector_country bucket10% top2 boost16,2017-10-31,2017-11-30,XLK,"SMH,EPU",2
current_best momentum_sector_country bucket10% top2 boost16,2017-11-30,2017-12-31,SPMO,"VNM,EGPT",2
current_best momentum_sector_country bucket10% top2 boost16,2017-12-31,2018-01-31,SPMO,"VNM,ARGT",2
current_best momentum_sector_country bucket10% top2 boost16,2018-01-31,2018-02-28,SPMO,"GREK,VNM",2
current_best momentum_sector_country bucket10% top2 boost16,2018-02-28,2018-03-31,SPMO,"VNM,THD",2
current_best momentum_sector_country bucket10% top2 boost16,2018-03-31,2018-04-30,BIL,"EGPT,KSA",2
current_best momentum_sector_country bucket10% top2 boost16,2018-04-30,2018-05-31,EWY,"KSA,EGPT",2
current_best momentum_sector_country bucket10% top2 boost16,2018-05-31,2018-06-30,XLK,"KSA,XLK",2
current_best momentum_sector_country bucket10% top2 boost16,2018-06-30,2018-07-31,XLK,"XLE,KSA",2
current_best momentum_sector_country bucket10% top2 boost16,2018-07-31,2018-08-31,SPMO,"QAT,XLV",2
current_best momentum_sector_country bucket10% top2 boost16,2018-08-31,2018-09-30,XLK,"EIS,XLK",2
current_best momentum_sector_country bucket10% top2 boost16,2018-09-30,2018-10-31,SPMO,"XLV,XAR",2
current_best momentum_sector_country bucket10% top2 boost16,2018-10-31,2018-11-30,BIL,"QAT,EWZ",2
current_best momentum_sector_country bucket10% top2 boost16,2018-11-30,2018-12-31,IEF,"QAT,XLV",2
current_best momentum_sector_country bucket10% top2 boost16,2018-12-31,2019-01-31,IEF,"EIDO,EWZ",2
current_best momentum_sector_country bucket10% top2 boost16,2019-01-31,2019-02-28,IEF,"EWZ,KSA",2
current_best momentum_sector_country bucket10% top2 boost16,2019-02-28,2019-03-31,SPMO,"KWEB,ARGT",2
current_best momentum_sector_country bucket10% top2 boost16,2019-03-31,2019-04-30,XLK,"XLK,SMH",2
current_best momentum_sector_country bucket10% top2 boost16,2019-04-30,2019-05-31,XLK,"SMH,XLK",2
current_best momentum_sector_country bucket10% top2 boost16,2019-05-31,2019-06-30,INDA,"GREK,INDA",2
current_best momentum_sector_country bucket10% top2 boost16,2019-06-30,2019-07-31,MTUM,"ARGT,GREK",2
current_best momentum_sector_country bucket10% top2 boost16,2019-07-31,2019-08-31,XLK,"GREK,SMH",2
current_best momentum_sector_country bucket10% top2 boost16,2019-08-31,2019-09-30,IEF,"XLU,XAR",2
current_best momentum_sector_country bucket10% top2 boost16,2019-09-30,2019-10-31,EWJ,"XLU,ITA",2
current_best momentum_sector_country bucket10% top2 boost16,2019-10-31,2019-11-30,EWJ,"SMH,EWT",2
current_best momentum_sector_country bucket10% top2 boost16,2019-11-30,2019-12-31,XLK,"XLV,PAK",2
current_best momentum_sector_country bucket10% top2 boost16,2019-12-31,2020-01-31,XLK,"SMH,EWZ",2
current_best momentum_sector_country bucket10% top2 boost16,2020-01-31,2020-02-29,XLK,"XLK,EDEN",2
current_best momentum_sector_country bucket10% top2 boost16,2020-02-29,2020-03-31,IEF,,0
current_best momentum_sector_country bucket10% top2 boost16,2020-03-31,2020-04-30,IEF,,0
current_best momentum_sector_country bucket10% top2 boost16,2020-04-30,2020-05-31,IEF,,0
current_best momentum_sector_country bucket10% top2 boost16,2020-05-31,2020-06-30,SCHG,"EDEN,SCHG",2
current_best momentum_sector_country bucket10% top2 boost16,2020-06-30,2020-07-31,XLK,"KWEB,XLK",2
current_best momentum_sector_country bucket10% top2 boost16,2020-07-31,2020-08-31,XLK,"ARGT,SMH",2
current_best momentum_sector_country bucket10% top2 boost16,2020-08-31,2020-09-30,XLK,"XLK,SCHG",2
current_best momentum_sector_country bucket10% top2 boost16,2020-09-30,2020-10-31,XLK,"SMH,XLK",2
current_best momentum_sector_country bucket10% top2 boost16,2020-10-31,2020-11-30,EWY,"MCHI,KWEB",2
current_best momentum_sector_country bucket10% top2 boost16,2020-11-30,2020-12-31,EWY,"SMH,EWY",2
current_best momentum_sector_country bucket10% top2 boost16,2020-12-31,2021-01-31,EWY,"GXG,EWY",2
current_best momentum_sector_country bucket10% top2 boost16,2021-01-31,2021-02-28,EWY,"KWEB,SMH",2
current_best momentum_sector_country bucket10% top2 boost16,2021-02-28,2021-03-31,EWY,"XLE,SMH",2
current_best momentum_sector_country bucket10% top2 boost16,2021-03-31,2021-04-30,XLK,"SMH,EWT",2
current_best momentum_sector_country bucket10% top2 boost16,2021-04-30,2021-05-31,SCHG,"XLF,KSA",2
current_best momentum_sector_country bucket10% top2 boost16,2021-05-31,2021-06-30,INDA,"EPOL,EWC",2
current_best momentum_sector_country bucket10% top2 boost16,2021-06-30,2021-07-31,SPMO,"VNM,EWZ",2
current_best momentum_sector_country bucket10% top2 boost16,2021-07-31,2021-08-31,XLK,"XLK,SCHG",2
current_best momentum_sector_country bucket10% top2 boost16,2021-08-31,2021-09-30,INDA,"ARGT,INDA",2
current_best momentum_sector_country bucket10% top2 boost16,2021-09-30,2021-10-31,INDA,"EPI,INDA",2
current_best momentum_sector_country bucket10% top2 boost16,2021-10-31,2021-11-30,SCHG,"SCHG,XLK",2
current_best momentum_sector_country bucket10% top2 boost16,2021-11-30,2021-12-31,XLK,"SMH,UAE",2
current_best momentum_sector_country bucket10% top2 boost16,2021-12-31,2022-01-31,XLK,"XLP,SMH",2
current_best momentum_sector_country bucket10% top2 boost16,2022-01-31,2022-02-28,,"XLE,KSA",2
current_best momentum_sector_country bucket10% top2 boost16,2022-02-28,2022-03-31,,"EPU,XLE",2
current_best momentum_sector_country bucket10% top2 boost16,2022-03-31,2022-04-30,BIL,"EWZ,ARGT",2
current_best momentum_sector_country bucket10% top2 boost16,2022-04-30,2022-05-31,BIL,"KSA,UAE",2
current_best momentum_sector_country bucket10% top2 boost16,2022-05-31,2022-06-30,BIL,"XLE,ECH",2
current_best momentum_sector_country bucket10% top2 boost16,2022-06-30,2022-07-31,BIL,,0
current_best momentum_sector_country bucket10% top2 boost16,2022-07-31,2022-08-31,BIL,"DXJ,XLP",2
current_best momentum_sector_country bucket10% top2 boost16,2022-08-31,2022-09-30,BIL,"ECH,XLE",2
current_best momentum_sector_country bucket10% top2 boost16,2022-09-30,2022-10-31,BIL,TUR,1
current_best momentum_sector_country bucket10% top2 boost16,2022-10-31,2022-11-30,MTUM,"XLE,TUR",2
current_best momentum_sector_country bucket10% top2 boost16,2022-11-30,2022-12-31,MTUM,"TUR,EWI",2
current_best momentum_sector_country bucket10% top2 boost16,2022-12-31,2023-01-31,BIL,"TUR,EPOL",2
current_best momentum_sector_country bucket10% top2 boost16,2023-01-31,2023-02-28,EWY,"ARGT,GREK",2
current_best momentum_sector_country bucket10% top2 boost16,2023-02-28,2023-03-31,XLK,"GREK,ARGT",2
current_best momentum_sector_country bucket10% top2 boost16,2023-03-31,2023-04-30,XLK,"SMH,XLK",2
current_best momentum_sector_country bucket10% top2 boost16,2023-04-30,2023-05-31,XLK,"EIRL,EPOL",2
current_best momentum_sector_country bucket10% top2 boost16,2023-05-31,2023-06-30,XLK,"SMH,GREK",2
current_best momentum_sector_country bucket10% top2 boost16,2023-06-30,2023-07-31,XLK,"XLK,SMH",2
current_best momentum_sector_country bucket10% top2 boost16,2023-07-31,2023-08-31,SCHG,"EPOL,VNM",2
current_best momentum_sector_country bucket10% top2 boost16,2023-08-31,2023-09-30,XLK,"VNM,SMH",2
current_best momentum_sector_country bucket10% top2 boost16,2023-09-30,2023-10-31,SPMO,"EGPT,DXJ",2
current_best momentum_sector_country bucket10% top2 boost16,2023-10-31,2023-11-30,BIL,"EGPT,PAK",2
current_best momentum_sector_country bucket10% top2 boost16,2023-11-30,2023-12-31,XLK,"PAK,ARGT",2
current_best momentum_sector_country bucket10% top2 boost16,2023-12-31,2024-01-31,XLK,"SMH,EWD",2
current_best momentum_sector_country bucket10% top2 boost16,2024-01-31,2024-02-29,SPMO,"SMH,EGPT",2
current_best momentum_sector_country bucket10% top2 boost16,2024-02-29,2024-03-31,SPMO,"SMH,EIS",2
current_best momentum_sector_country bucket10% top2 boost16,2024-03-31,2024-04-30,SPMO,"EPU,DXJ",2
current_best momentum_sector_country bucket10% top2 boost16,2024-04-30,2024-05-31,INDA,"EPU,TUR",2
current_best momentum_sector_country bucket10% top2 boost16,2024-05-31,2024-06-30,SPMO,"EPU,SMH",2
current_best momentum_sector_country bucket10% top2 boost16,2024-06-30,2024-07-31,SPMO,"EWT,SMH",2
current_best momentum_sector_country bucket10% top2 boost16,2024-07-31,2024-08-31,INDA,"EPI,EZA",2
current_best momentum_sector_country bucket10% top2 boost16,2024-08-31,2024-09-30,SPMO,"EWM,ARGT",2
current_best momentum_sector_country bucket10% top2 boost16,2024-09-30,2024-10-31,SPMO,"KWEB,EZA",2
current_best momentum_sector_country bucket10% top2 boost16,2024-10-31,2024-11-30,MTUM,"ARGT,XLU",2
current_best momentum_sector_country bucket10% top2 boost16,2024-11-30,2024-12-31,MTUM,"ARGT,XAR",2
current_best momentum_sector_country bucket10% top2 boost16,2024-12-31,2025-01-31,SCHG,"ARGT,EIS",2
current_best momentum_sector_country bucket10% top2 boost16,2025-01-31,2025-02-28,SPMO,"EIS,GXG",2
current_best momentum_sector_country bucket10% top2 boost16,2025-02-28,2025-03-31,SPMO,"GXG,EPOL",2
current_best momentum_sector_country bucket10% top2 boost16,2025-03-31,2025-04-30,IEF,"EPOL,GREK",2
current_best momentum_sector_country bucket10% top2 boost16,2025-04-30,2025-05-31,EWJ,"GREK,EWP",2
current_best momentum_sector_country bucket10% top2 boost16,2025-05-31,2025-06-30,SPMO,"GREK,EWP",2
current_best momentum_sector_country bucket10% top2 boost16,2025-06-30,2025-07-31,EWY,"XAR,GREK",2
current_best momentum_sector_country bucket10% top2 boost16,2025-07-31,2025-08-31,XLK,"VNM,XAR",2
current_best momentum_sector_country bucket10% top2 boost16,2025-08-31,2025-09-30,SCHG,"VNM,EPU",2
current_best momentum_sector_country bucket10% top2 boost16,2025-09-30,2025-10-31,EWY,"EPU,EZA",2
current_best momentum_sector_country bucket10% top2 boost16,2025-10-31,2025-11-30,EWY,"EWY,SMH",2
current_best momentum_sector_country bucket10% top2 boost16,2025-11-30,2025-12-31,EWY,"ECH,EPU",2
current_best momentum_sector_country bucket10% top2 boost16,2025-12-31,2026-01-31,EWY,"EPU,EZA",2
current_best momentum_sector_country bucket10% top2 boost16,2026-01-31,2026-02-28,EWY,"EWY,EPU",2
current_best momentum_sector_country bucket10% top2 boost16,2026-02-28,2026-03-31,EWY,"EWY,EPU",2
current_best momentum_sector_country bucket10% top2 boost16,2026-03-31,2026-04-29,BIL,"XLE,NORW",2
current_best momentum_sector_country bucket10% top3 boost16,2016-09-30,2016-10-31,EWY,"SMH,KWEB,EWT",3
current_best momentum_sector_country bucket10% top3 boost16,2016-10-31,2016-11-30,EWJ,"EWZ,ECH,DXJ",3
current_best momentum_sector_country bucket10% top3 boost16,2016-11-30,2016-12-31,,"XLF,DXJ,KSA",3
current_best momentum_sector_country bucket10% top3 boost16,2016-12-31,2017-01-31,SPMO,"PAK,KSA,XLF",3
current_best momentum_sector_country bucket10% top3 boost16,2017-01-31,2017-02-28,XLK,"EPOL,ARGT,EWZ",3
current_best momentum_sector_country bucket10% top3 boost16,2017-02-28,2017-03-31,SCHG,"EPOL,XAR,ITA",3
current_best momentum_sector_country bucket10% top3 boost16,2017-03-31,2017-04-30,INDA,"ARGT,EPI,EWP",3
current_best momentum_sector_country bucket10% top3 boost16,2017-04-30,2017-05-31,EWY,"EPOL,KWEB,EWP",3
current_best momentum_sector_country bucket10% top3 boost16,2017-05-31,2017-06-30,EWY,"EDEN,TUR,EWY",3
current_best momentum_sector_country bucket10% top3 boost16,2017-06-30,2017-07-31,EWY,"GREK,EWI,TUR",3
current_best momentum_sector_country bucket10% top3 boost16,2017-07-31,2017-08-31,INDA,"KWEB,TUR,MCHI",3
current_best momentum_sector_country bucket10% top3 boost16,2017-08-31,2017-09-30,XLK,"MCHI,EPOL,KWEB",3
current_best momentum_sector_country bucket10% top3 boost16,2017-09-30,2017-10-31,MTUM,"XAR,ITA,MCHI",3
current_best momentum_sector_country bucket10% top3 boost16,2017-10-31,2017-11-30,XLK,"SMH,EPU,XLK",3
current_best momentum_sector_country bucket10% top3 boost16,2017-11-30,2017-12-31,SPMO,"VNM,EGPT,SPMO",3
current_best momentum_sector_country bucket10% top3 boost16,2017-12-31,2018-01-31,SPMO,"VNM,ARGT,EZA",3
current_best momentum_sector_country bucket10% top3 boost16,2018-01-31,2018-02-28,SPMO,"GREK,VNM,ARGT",3
current_best momentum_sector_country bucket10% top3 boost16,2018-02-28,2018-03-31,SPMO,"VNM,THD,KWEB",3
current_best momentum_sector_country bucket10% top3 boost16,2018-03-31,2018-04-30,BIL,"EGPT,KSA,EWM",3
current_best momentum_sector_country bucket10% top3 boost16,2018-04-30,2018-05-31,EWY,"KSA,EGPT,EPU",3
current_best momentum_sector_country bucket10% top3 boost16,2018-05-31,2018-06-30,XLK,"KSA,XLK,QAT",3
current_best momentum_sector_country bucket10% top3 boost16,2018-06-30,2018-07-31,XLK,"XLE,KSA,SCHG",3
current_best momentum_sector_country bucket10% top3 boost16,2018-07-31,2018-08-31,SPMO,"QAT,XLV,XAR",3
current_best momentum_sector_country bucket10% top3 boost16,2018-08-31,2018-09-30,XLK,"EIS,XLK,XLV",3
current_best momentum_sector_country bucket10% top3 boost16,2018-09-30,2018-10-31,SPMO,"XLV,XAR,QAT",3
current_best momentum_sector_country bucket10% top3 boost16,2018-10-31,2018-11-30,BIL,"QAT,EWZ,XLP",3
current_best momentum_sector_country bucket10% top3 boost16,2018-11-30,2018-12-31,IEF,"QAT,XLV,EIDO",3
current_best momentum_sector_country bucket10% top3 boost16,2018-12-31,2019-01-31,IEF,"EIDO,EWZ,QAT",3
current_best momentum_sector_country bucket10% top3 boost16,2019-01-31,2019-02-28,IEF,"EWZ,KSA,TUR",3
current_best momentum_sector_country bucket10% top3 boost16,2019-02-28,2019-03-31,SPMO,"KWEB,ARGT,SMH",3
current_best momentum_sector_country bucket10% top3 boost16,2019-03-31,2019-04-30,XLK,"XLK,SMH,EPI",3
current_best momentum_sector_country bucket10% top3 boost16,2019-04-30,2019-05-31,XLK,"SMH,XLK,KSA",3
current_best momentum_sector_country bucket10% top3 boost16,2019-05-31,2019-06-30,INDA,"GREK,INDA,EPI",3
current_best momentum_sector_country bucket10% top3 boost16,2019-06-30,2019-07-31,MTUM,"ARGT,GREK,ENZL",3
current_best momentum_sector_country bucket10% top3 boost16,2019-07-31,2019-08-31,XLK,"GREK,SMH,XAR",3
current_best momentum_sector_country bucket10% top3 boost16,2019-08-31,2019-09-30,IEF,"XLU,XAR,XLP",3
current_best momentum_sector_country bucket10% top3 boost16,2019-09-30,2019-10-31,EWJ,"XLU,ITA,TUR",3
current_best momentum_sector_country bucket10% top3 boost16,2019-10-31,2019-11-30,EWJ,"SMH,EWT,DXJ",3
current_best momentum_sector_country bucket10% top3 boost16,2019-11-30,2019-12-31,XLK,"XLV,PAK,XLK",3
current_best momentum_sector_country bucket10% top3 boost16,2019-12-31,2020-01-31,XLK,"SMH,EWZ,EWT",3
current_best momentum_sector_country bucket10% top3 boost16,2020-01-31,2020-02-29,XLK,"XLK,EDEN,SCHG",3
current_best momentum_sector_country bucket10% top3 boost16,2020-02-29,2020-03-31,IEF,,0
current_best momentum_sector_country bucket10% top3 boost16,2020-03-31,2020-04-30,IEF,,0
current_best momentum_sector_country bucket10% top3 boost16,2020-04-30,2020-05-31,IEF,,0
current_best momentum_sector_country bucket10% top3 boost16,2020-05-31,2020-06-30,SCHG,"EDEN,SCHG,XLK",3
current_best momentum_sector_country bucket10% top3 boost16,2020-06-30,2020-07-31,XLK,"KWEB,XLK,SMH",3
current_best momentum_sector_country bucket10% top3 boost16,2020-07-31,2020-08-31,XLK,"ARGT,SMH,EWT",3
current_best momentum_sector_country bucket10% top3 boost16,2020-08-31,2020-09-30,XLK,"XLK,SCHG,KWEB",3
current_best momentum_sector_country bucket10% top3 boost16,2020-09-30,2020-10-31,XLK,"SMH,XLK,EWY",3
current_best momentum_sector_country bucket10% top3 boost16,2020-10-31,2020-11-30,EWY,"MCHI,KWEB,XLU",3
current_best momentum_sector_country bucket10% top3 boost16,2020-11-30,2020-12-31,EWY,"SMH,EWY,XAR",3
current_best momentum_sector_country bucket10% top3 boost16,2020-12-31,2021-01-31,EWY,"GXG,EWY,TUR",3
current_best momentum_sector_country bucket10% top3 boost16,2021-01-31,2021-02-28,EWY,"KWEB,SMH,EWT",3
current_best momentum_sector_country bucket10% top3 boost16,2021-02-28,2021-03-31,EWY,"XLE,SMH,XLF",3
current_best momentum_sector_country bucket10% top3 boost16,2021-03-31,2021-04-30,XLK,"SMH,EWT,KSA",3
current_best momentum_sector_country bucket10% top3 boost16,2021-04-30,2021-05-31,SCHG,"XLF,KSA,EWT",3
current_best momentum_sector_country bucket10% top3 boost16,2021-05-31,2021-06-30,INDA,"EPOL,EWC,KSA",3
current_best momentum_sector_country bucket10% top3 boost16,2021-06-30,2021-07-31,SPMO,"VNM,EWZ,UAE",3
current_best momentum_sector_country bucket10% top3 boost16,2021-07-31,2021-08-31,XLK,"XLK,SCHG,XLV",3
current_best momentum_sector_country bucket10% top3 boost16,2021-08-31,2021-09-30,INDA,"ARGT,INDA,EPI",3
current_best momentum_sector_country bucket10% top3 boost16,2021-09-30,2021-10-31,INDA,"EPI,INDA,KSA",3
current_best momentum_sector_country bucket10% top3 boost16,2021-10-31,2021-11-30,SCHG,"SCHG,XLK,SPMO",3
current_best momentum_sector_country bucket10% top3 boost16,2021-11-30,2021-12-31,XLK,"SMH,UAE,XLK",3
current_best momentum_sector_country bucket10% top3 boost16,2021-12-31,2022-01-31,XLK,"XLP,SMH,XLU",3
current_best momentum_sector_country bucket10% top3 boost16,2022-01-31,2022-02-28,,"XLE,KSA,EPU",3
current_best momentum_sector_country bucket10% top3 boost16,2022-02-28,2022-03-31,,"EPU,XLE,UAE",3
current_best momentum_sector_country bucket10% top3 boost16,2022-03-31,2022-04-30,BIL,"EWZ,ARGT,EWW",3
current_best momentum_sector_country bucket10% top3 boost16,2022-04-30,2022-05-31,BIL,"KSA,UAE,QAT",3
current_best momentum_sector_country bucket10% top3 boost16,2022-05-31,2022-06-30,BIL,"XLE,ECH,XLU",3
current_best momentum_sector_country bucket10% top3 boost16,2022-06-30,2022-07-31,BIL,,0
current_best momentum_sector_country bucket10% top3 boost16,2022-07-31,2022-08-31,BIL,"DXJ,XLP",2
current_best momentum_sector_country bucket10% top3 boost16,2022-08-31,2022-09-30,BIL,"ECH,XLE,TUR",3
current_best momentum_sector_country bucket10% top3 boost16,2022-09-30,2022-10-31,BIL,TUR,1
current_best momentum_sector_country bucket10% top3 boost16,2022-10-31,2022-11-30,MTUM,"XLE,TUR,ITA",3
current_best momentum_sector_country bucket10% top3 boost16,2022-11-30,2022-12-31,MTUM,"TUR,EWI,EWG",3
current_best momentum_sector_country bucket10% top3 boost16,2022-12-31,2023-01-31,BIL,"TUR,EPOL,GREK",3
current_best momentum_sector_country bucket10% top3 boost16,2023-01-31,2023-02-28,EWY,"ARGT,GREK,EIRL",3
current_best momentum_sector_country bucket10% top3 boost16,2023-02-28,2023-03-31,XLK,"GREK,ARGT,EWP",3
current_best momentum_sector_country bucket10% top3 boost16,2023-03-31,2023-04-30,XLK,"SMH,XLK,EDEN",3
current_best momentum_sector_country bucket10% top3 boost16,2023-04-30,2023-05-31,XLK,"EIRL,EPOL,EWQ",3
current_best momentum_sector_country bucket10% top3 boost16,2023-05-31,2023-06-30,XLK,"SMH,GREK,XLK",3
current_best momentum_sector_country bucket10% top3 boost16,2023-06-30,2023-07-31,XLK,"XLK,SMH,ARGT",3
current_best momentum_sector_country bucket10% top3 boost16,2023-07-31,2023-08-31,SCHG,"EPOL,VNM,GXG",3
current_best momentum_sector_country bucket10% top3 boost16,2023-08-31,2023-09-30,XLK,"VNM,SMH,TUR",3
current_best momentum_sector_country bucket10% top3 boost16,2023-09-30,2023-10-31,SPMO,"EGPT,DXJ,TUR",3
current_best momentum_sector_country bucket10% top3 boost16,2023-10-31,2023-11-30,BIL,"EGPT,PAK,EPOL",3
current_best momentum_sector_country bucket10% top3 boost16,2023-11-30,2023-12-31,XLK,"PAK,ARGT,EPOL",3
current_best momentum_sector_country bucket10% top3 boost16,2023-12-31,2024-01-31,XLK,"SMH,EWD,EWZ",3
current_best momentum_sector_country bucket10% top3 boost16,2024-01-31,2024-02-29,SPMO,"SMH,EGPT,SPMO",3
current_best momentum_sector_country bucket10% top3 boost16,2024-02-29,2024-03-31,SPMO,"SMH,EIS,SPMO",3
current_best momentum_sector_country bucket10% top3 boost16,2024-03-31,2024-04-30,SPMO,"EPU,DXJ,SPMO",3
current_best momentum_sector_country bucket10% top3 boost16,2024-04-30,2024-05-31,INDA,"EPU,TUR,ARGT",3
current_best momentum_sector_country bucket10% top3 boost16,2024-05-31,2024-06-30,SPMO,"EPU,SMH,TUR",3
current_best momentum_sector_country bucket10% top3 boost16,2024-06-30,2024-07-31,SPMO,"EWT,SMH,SPMO",3
current_best momentum_sector_country bucket10% top3 boost16,2024-07-31,2024-08-31,INDA,"EPI,EZA,ITA",3
current_best momentum_sector_country bucket10% top3 boost16,2024-08-31,2024-09-30,SPMO,"EWM,ARGT,XLF",3
current_best momentum_sector_country bucket10% top3 boost16,2024-09-30,2024-10-31,SPMO,"KWEB,EZA,MCHI",3
current_best momentum_sector_country bucket10% top3 boost16,2024-10-31,2024-11-30,MTUM,"ARGT,XLU,EZA",3
current_best momentum_sector_country bucket10% top3 boost16,2024-11-30,2024-12-31,MTUM,"ARGT,XAR,XLF",3
current_best momentum_sector_country bucket10% top3 boost16,2024-12-31,2025-01-31,SCHG,"ARGT,EIS,UAE",3
current_best momentum_sector_country bucket10% top3 boost16,2025-01-31,2025-02-28,SPMO,"EIS,GXG,XLF",3
current_best momentum_sector_country bucket10% top3 boost16,2025-02-28,2025-03-31,SPMO,"GXG,EPOL,EWP",3
current_best momentum_sector_country bucket10% top3 boost16,2025-03-31,2025-04-30,IEF,"EPOL,GREK,EWP",3
current_best momentum_sector_country bucket10% top3 boost16,2025-04-30,2025-05-31,EWJ,"GREK,EWP,ECH",3
current_best momentum_sector_country bucket10% top3 boost16,2025-05-31,2025-06-30,SPMO,"GREK,EWP,ITA",3
current_best momentum_sector_country bucket10% top3 boost16,2025-06-30,2025-07-31,EWY,"XAR,GREK,EWY",3
current_best momentum_sector_country bucket10% top3 boost16,2025-07-31,2025-08-31,XLK,"VNM,XAR,ITA",3
current_best momentum_sector_country bucket10% top3 boost16,2025-08-31,2025-09-30,SCHG,"VNM,EPU,GXG",3
current_best momentum_sector_country bucket10% top3 boost16,2025-09-30,2025-10-31,EWY,"EPU,EZA,KWEB",3
current_best momentum_sector_country bucket10% top3 boost16,2025-10-31,2025-11-30,EWY,"EWY,SMH,GXG",3
current_best momentum_sector_country bucket10% top3 boost16,2025-11-30,2025-12-31,EWY,"ECH,EPU,EWZ",3
current_best momentum_sector_country bucket10% top3 boost16,2025-12-31,2026-01-31,EWY,"EPU,EZA,ECH",3
current_best momentum_sector_country bucket10% top3 boost16,2026-01-31,2026-02-28,EWY,"EWY,EPU,GXG",3
current_best momentum_sector_country bucket10% top3 boost16,2026-02-28,2026-03-31,EWY,"EWY,EPU,EZA",3
current_best momentum_sector_country bucket10% top3 boost16,2026-03-31,2026-04-29,BIL,"XLE,NORW,EWZ",3
current_best all_with_region bucket5% top1 boost16,2016-09-30,2016-10-31,EWY,SMH,1
current_best all_with_region bucket5% top1 boost16,2016-10-31,2016-11-30,EWJ,EWZ,1
current_best all_with_region bucket5% top1 boost16,2016-11-30,2016-12-31,,XLF,1
current_best all_with_region bucket5% top1 boost16,2016-12-31,2017-01-31,SPMO,PAK,1
current_best all_with_region bucket5% top1 boost16,2017-01-31,2017-02-28,XLK,EPOL,1
current_best all_with_region bucket5% top1 boost16,2017-02-28,2017-03-31,SCHG,EPOL,1
current_best all_with_region bucket5% top1 boost16,2017-03-31,2017-04-30,INDA,ARGT,1
current_best all_with_region bucket5% top1 boost16,2017-04-30,2017-05-31,EWY,EPOL,1
current_best all_with_region bucket5% top1 boost16,2017-05-31,2017-06-30,EWY,EDEN,1
current_best all_with_region bucket5% top1 boost16,2017-06-30,2017-07-31,EWY,GREK,1
current_best all_with_region bucket5% top1 boost16,2017-07-31,2017-08-31,INDA,KWEB,1
current_best all_with_region bucket5% top1 boost16,2017-08-31,2017-09-30,XLK,MCHI,1
current_best all_with_region bucket5% top1 boost16,2017-09-30,2017-10-31,MTUM,XAR,1
current_best all_with_region bucket5% top1 boost16,2017-10-31,2017-11-30,XLK,SMH,1
current_best all_with_region bucket5% top1 boost16,2017-11-30,2017-12-31,SPMO,VNM,1
current_best all_with_region bucket5% top1 boost16,2017-12-31,2018-01-31,SPMO,VNM,1
current_best all_with_region bucket5% top1 boost16,2018-01-31,2018-02-28,SPMO,GREK,1
current_best all_with_region bucket5% top1 boost16,2018-02-28,2018-03-31,SPMO,VNM,1
current_best all_with_region bucket5% top1 boost16,2018-03-31,2018-04-30,BIL,EGPT,1
current_best all_with_region bucket5% top1 boost16,2018-04-30,2018-05-31,EWY,KSA,1
current_best all_with_region bucket5% top1 boost16,2018-05-31,2018-06-30,XLK,KSA,1
current_best all_with_region bucket5% top1 boost16,2018-06-30,2018-07-31,XLK,XLE,1
current_best all_with_region bucket5% top1 boost16,2018-07-31,2018-08-31,SPMO,QAT,1
current_best all_with_region bucket5% top1 boost16,2018-08-31,2018-09-30,XLK,EIS,1
current_best all_with_region bucket5% top1 boost16,2018-09-30,2018-10-31,SPMO,XLV,1
current_best all_with_region bucket5% top1 boost16,2018-10-31,2018-11-30,BIL,QAT,1
current_best all_with_region bucket5% top1 boost16,2018-11-30,2018-12-31,IEF,QAT,1
current_best all_with_region bucket5% top1 boost16,2018-12-31,2019-01-31,IEF,EIDO,1
current_best all_with_region bucket5% top1 boost16,2019-01-31,2019-02-28,IEF,EWZ,1
current_best all_with_region bucket5% top1 boost16,2019-02-28,2019-03-31,SPMO,KWEB,1
current_best all_with_region bucket5% top1 boost16,2019-03-31,2019-04-30,XLK,XLK,1
current_best all_with_region bucket5% top1 boost16,2019-04-30,2019-05-31,XLK,SMH,1
current_best all_with_region bucket5% top1 boost16,2019-05-31,2019-06-30,INDA,GREK,1
current_best all_with_region bucket5% top1 boost16,2019-06-30,2019-07-31,MTUM,ARGT,1
current_best all_with_region bucket5% top1 boost16,2019-07-31,2019-08-31,XLK,GREK,1
current_best all_with_region bucket5% top1 boost16,2019-08-31,2019-09-30,IEF,XLU,1
current_best all_with_region bucket5% top1 boost16,2019-09-30,2019-10-31,EWJ,XLU,1
current_best all_with_region bucket5% top1 boost16,2019-10-31,2019-11-30,EWJ,SMH,1
current_best all_with_region bucket5% top1 boost16,2019-11-30,2019-12-31,XLK,XLV,1
current_best all_with_region bucket5% top1 boost16,2019-12-31,2020-01-31,XLK,SMH,1
current_best all_with_region bucket5% top1 boost16,2020-01-31,2020-02-29,XLK,XLK,1
current_best all_with_region bucket5% top1 boost16,2020-02-29,2020-03-31,IEF,,0
current_best all_with_region bucket5% top1 boost16,2020-03-31,2020-04-30,IEF,,0
current_best all_with_region bucket5% top1 boost16,2020-04-30,2020-05-31,IEF,,0
current_best all_with_region bucket5% top1 boost16,2020-05-31,2020-06-30,SCHG,EDEN,1
current_best all_with_region bucket5% top1 boost16,2020-06-30,2020-07-31,XLK,KWEB,1
current_best all_with_region bucket5% top1 boost16,2020-07-31,2020-08-31,XLK,ARGT,1
current_best all_with_region bucket5% top1 boost16,2020-08-31,2020-09-30,XLK,XLK,1
current_best all_with_region bucket5% top1 boost16,2020-09-30,2020-10-31,XLK,SMH,1
current_best all_with_region bucket5% top1 boost16,2020-10-31,2020-11-30,EWY,MCHI,1
current_best all_with_region bucket5% top1 boost16,2020-11-30,2020-12-31,EWY,SMH,1
current_best all_with_region bucket5% top1 boost16,2020-12-31,2021-01-31,EWY,GXG,1
current_best all_with_region bucket5% top1 boost16,2021-01-31,2021-02-28,EWY,KWEB,1
current_best all_with_region bucket5% top1 boost16,2021-02-28,2021-03-31,EWY,XLE,1
current_best all_with_region bucket5% top1 boost16,2021-03-31,2021-04-30,XLK,SMH,1
current_best all_with_region bucket5% top1 boost16,2021-04-30,2021-05-31,SCHG,XLF,1
current_best all_with_region bucket5% top1 boost16,2021-05-31,2021-06-30,INDA,EPOL,1
current_best all_with_region bucket5% top1 boost16,2021-06-30,2021-07-31,SPMO,VNM,1
current_best all_with_region bucket5% top1 boost16,2021-07-31,2021-08-31,XLK,XLK,1
current_best all_with_region bucket5% top1 boost16,2021-08-31,2021-09-30,INDA,ARGT,1
current_best all_with_region bucket5% top1 boost16,2021-09-30,2021-10-31,INDA,EPI,1
current_best all_with_region bucket5% top1 boost16,2021-10-31,2021-11-30,SCHG,SCHG,1
current_best all_with_region bucket5% top1 boost16,2021-11-30,2021-12-31,XLK,SMH,1
current_best all_with_region bucket5% top1 boost16,2021-12-31,2022-01-31,XLK,XLP,1
current_best all_with_region bucket5% top1 boost16,2022-01-31,2022-02-28,,XLE,1
current_best all_with_region bucket5% top1 boost16,2022-02-28,2022-03-31,,EPU,1
current_best all_with_region bucket5% top1 boost16,2022-03-31,2022-04-30,BIL,EWZ,1
current_best all_with_region bucket5% top1 boost16,2022-04-30,2022-05-31,BIL,KSA,1
current_best all_with_region bucket5% top1 boost16,2022-05-31,2022-06-30,BIL,XLE,1
current_best all_with_region bucket5% top1 boost16,2022-06-30,2022-07-31,BIL,,0
current_best all_with_region bucket5% top1 boost16,2022-07-31,2022-08-31,BIL,DXJ,1
current_best all_with_region bucket5% top1 boost16,2022-08-31,2022-09-30,BIL,ECH,1
current_best all_with_region bucket5% top1 boost16,2022-09-30,2022-10-31,BIL,TUR,1
current_best all_with_region bucket5% top1 boost16,2022-10-31,2022-11-30,MTUM,XLE,1
current_best all_with_region bucket5% top1 boost16,2022-11-30,2022-12-31,MTUM,TUR,1
current_best all_with_region bucket5% top1 boost16,2022-12-31,2023-01-31,BIL,TUR,1
current_best all_with_region bucket5% top1 boost16,2023-01-31,2023-02-28,EWY,ARGT,1
current_best all_with_region bucket5% top1 boost16,2023-02-28,2023-03-31,XLK,GREK,1
current_best all_with_region bucket5% top1 boost16,2023-03-31,2023-04-30,XLK,SMH,1
current_best all_with_region bucket5% top1 boost16,2023-04-30,2023-05-31,XLK,EIRL,1
current_best all_with_region bucket5% top1 boost16,2023-05-31,2023-06-30,XLK,SMH,1
current_best all_with_region bucket5% top1 boost16,2023-06-30,2023-07-31,XLK,XLK,1
current_best all_with_region bucket5% top1 boost16,2023-07-31,2023-08-31,SCHG,EPOL,1
current_best all_with_region bucket5% top1 boost16,2023-08-31,2023-09-30,XLK,VNM,1
current_best all_with_region bucket5% top1 boost16,2023-09-30,2023-10-31,SPMO,EGPT,1
current_best all_with_region bucket5% top1 boost16,2023-10-31,2023-11-30,BIL,EGPT,1
current_best all_with_region bucket5% top1 boost16,2023-11-30,2023-12-31,XLK,PAK,1
current_best all_with_region bucket5% top1 boost16,2023-12-31,2024-01-31,XLK,SMH,1
current_best all_with_region bucket5% top1 boost16,2024-01-31,2024-02-29,SPMO,SMH,1
current_best all_with_region bucket5% top1 boost16,2024-02-29,2024-03-31,SPMO,SMH,1
current_best all_with_region bucket5% top1 boost16,2024-03-31,2024-04-30,SPMO,EPU,1
current_best all_with_region bucket5% top1 boost16,2024-04-30,2024-05-31,INDA,EPU,1
current_best all_with_region bucket5% top1 boost16,2024-05-31,2024-06-30,SPMO,EPU,1
current_best all_with_region bucket5% top1 boost16,2024-06-30,2024-07-31,SPMO,EWT,1
current_best all_with_region bucket5% top1 boost16,2024-07-31,2024-08-31,INDA,EPI,1
current_best all_with_region bucket5% top1 boost16,2024-08-31,2024-09-30,SPMO,EWM,1
current_best all_with_region bucket5% top1 boost16,2024-09-30,2024-10-31,SPMO,KWEB,1
current_best all_with_region bucket5% top1 boost16,2024-10-31,2024-11-30,MTUM,ARGT,1
current_best all_with_region bucket5% top1 boost16,2024-11-30,2024-12-31,MTUM,ARGT,1
current_best all_with_region bucket5% top1 boost16,2024-12-31,2025-01-31,SCHG,ARGT,1
current_best all_with_region bucket5% top1 boost16,2025-01-31,2025-02-28,SPMO,EIS,1
current_best all_with_region bucket5% top1 boost16,2025-02-28,2025-03-31,SPMO,GXG,1
current_best all_with_region bucket5% top1 boost16,2025-03-31,2025-04-30,IEF,EPOL,1
current_best all_with_region bucket5% top1 boost16,2025-04-30,2025-05-31,EWJ,GREK,1
current_best all_with_region bucket5% top1 boost16,2025-05-31,2025-06-30,SPMO,GREK,1
current_best all_with_region bucket5% top1 boost16,2025-06-30,2025-07-31,EWY,XAR,1
current_best all_with_region bucket5% top1 boost16,2025-07-31,2025-08-31,XLK,VNM,1
current_best all_with_region bucket5% top1 boost16,2025-08-31,2025-09-30,SCHG,VNM,1
current_best all_with_region bucket5% top1 boost16,2025-09-30,2025-10-31,EWY,EPU,1
current_best all_with_region bucket5% top1 boost16,2025-10-31,2025-11-30,EWY,EWY,1
current_best all_with_region bucket5% top1 boost16,2025-11-30,2025-12-31,EWY,ECH,1
current_best all_with_region bucket5% top1 boost16,2025-12-31,2026-01-31,EWY,EPU,1
current_best all_with_region bucket5% top1 boost16,2026-01-31,2026-02-28,EWY,EWY,1
current_best all_with_region bucket5% top1 boost16,2026-02-28,2026-03-31,EWY,EWY,1
current_best all_with_region bucket5% top1 boost16,2026-03-31,2026-04-29,BIL,XLE,1
current_best all_with_region bucket5% top2 boost16,2016-09-30,2016-10-31,EWY,"SMH,KWEB",2
current_best all_with_region bucket5% top2 boost16,2016-10-31,2016-11-30,EWJ,"EWZ,ECH",2
current_best all_with_region bucket5% top2 boost16,2016-11-30,2016-12-31,,"XLF,DXJ",2
current_best all_with_region bucket5% top2 boost16,2016-12-31,2017-01-31,SPMO,"PAK,KSA",2
current_best all_with_region bucket5% top2 boost16,2017-01-31,2017-02-28,XLK,"EPOL,ARGT",2
current_best all_with_region bucket5% top2 boost16,2017-02-28,2017-03-31,SCHG,"EPOL,XAR",2
current_best all_with_region bucket5% top2 boost16,2017-03-31,2017-04-30,INDA,"ARGT,EPI",2
current_best all_with_region bucket5% top2 boost16,2017-04-30,2017-05-31,EWY,"EPOL,KWEB",2
current_best all_with_region bucket5% top2 boost16,2017-05-31,2017-06-30,EWY,"EDEN,TUR",2
current_best all_with_region bucket5% top2 boost16,2017-06-30,2017-07-31,EWY,"GREK,EWI",2
current_best all_with_region bucket5% top2 boost16,2017-07-31,2017-08-31,INDA,"KWEB,TUR",2
current_best all_with_region bucket5% top2 boost16,2017-08-31,2017-09-30,XLK,"MCHI,EPOL",2
current_best all_with_region bucket5% top2 boost16,2017-09-30,2017-10-31,MTUM,"XAR,ITA",2
current_best all_with_region bucket5% top2 boost16,2017-10-31,2017-11-30,XLK,"SMH,EPU",2
current_best all_with_region bucket5% top2 boost16,2017-11-30,2017-12-31,SPMO,"VNM,EGPT",2
current_best all_with_region bucket5% top2 boost16,2017-12-31,2018-01-31,SPMO,"VNM,ARGT",2
current_best all_with_region bucket5% top2 boost16,2018-01-31,2018-02-28,SPMO,"GREK,VNM",2
current_best all_with_region bucket5% top2 boost16,2018-02-28,2018-03-31,SPMO,"VNM,THD",2
current_best all_with_region bucket5% top2 boost16,2018-03-31,2018-04-30,BIL,"EGPT,KSA",2
current_best all_with_region bucket5% top2 boost16,2018-04-30,2018-05-31,EWY,"KSA,EGPT",2
current_best all_with_region bucket5% top2 boost16,2018-05-31,2018-06-30,XLK,"KSA,XLK",2
current_best all_with_region bucket5% top2 boost16,2018-06-30,2018-07-31,XLK,"XLE,KSA",2
current_best all_with_region bucket5% top2 boost16,2018-07-31,2018-08-31,SPMO,"QAT,XLV",2
current_best all_with_region bucket5% top2 boost16,2018-08-31,2018-09-30,XLK,"EIS,XLK",2
current_best all_with_region bucket5% top2 boost16,2018-09-30,2018-10-31,SPMO,"XLV,XAR",2
current_best all_with_region bucket5% top2 boost16,2018-10-31,2018-11-30,BIL,"QAT,EWZ",2
current_best all_with_region bucket5% top2 boost16,2018-11-30,2018-12-31,IEF,"QAT,XLV",2
current_best all_with_region bucket5% top2 boost16,2018-12-31,2019-01-31,IEF,"EIDO,EWZ",2
current_best all_with_region bucket5% top2 boost16,2019-01-31,2019-02-28,IEF,"EWZ,KSA",2
current_best all_with_region bucket5% top2 boost16,2019-02-28,2019-03-31,SPMO,"KWEB,ARGT",2
current_best all_with_region bucket5% top2 boost16,2019-03-31,2019-04-30,XLK,"XLK,SMH",2
current_best all_with_region bucket5% top2 boost16,2019-04-30,2019-05-31,XLK,"SMH,XLK",2
current_best all_with_region bucket5% top2 boost16,2019-05-31,2019-06-30,INDA,"GREK,INDA",2
current_best all_with_region bucket5% top2 boost16,2019-06-30,2019-07-31,MTUM,"ARGT,GREK",2
current_best all_with_region bucket5% top2 boost16,2019-07-31,2019-08-31,XLK,"GREK,SMH",2
current_best all_with_region bucket5% top2 boost16,2019-08-31,2019-09-30,IEF,"XLU,XAR",2
current_best all_with_region bucket5% top2 boost16,2019-09-30,2019-10-31,EWJ,"XLU,ITA",2
current_best all_with_region bucket5% top2 boost16,2019-10-31,2019-11-30,EWJ,"SMH,EWT",2
current_best all_with_region bucket5% top2 boost16,2019-11-30,2019-12-31,XLK,"XLV,PAK",2
current_best all_with_region bucket5% top2 boost16,2019-12-31,2020-01-31,XLK,"SMH,EWZ",2
current_best all_with_region bucket5% top2 boost16,2020-01-31,2020-02-29,XLK,"XLK,EDEN",2
current_best all_with_region bucket5% top2 boost16,2020-02-29,2020-03-31,IEF,,0
current_best all_with_region bucket5% top2 boost16,2020-03-31,2020-04-30,IEF,,0
current_best all_with_region bucket5% top2 boost16,2020-04-30,2020-05-31,IEF,,0
current_best all_with_region bucket5% top2 boost16,2020-05-31,2020-06-30,SCHG,"EDEN,SCHG",2
current_best all_with_region bucket5% top2 boost16,2020-06-30,2020-07-31,XLK,"KWEB,XLK",2
current_best all_with_region bucket5% top2 boost16,2020-07-31,2020-08-31,XLK,"ARGT,SMH",2
current_best all_with_region bucket5% top2 boost16,2020-08-31,2020-09-30,XLK,"XLK,SCHG",2
current_best all_with_region bucket5% top2 boost16,2020-09-30,2020-10-31,XLK,"SMH,XLK",2
current_best all_with_region bucket5% top2 boost16,2020-10-31,2020-11-30,EWY,"MCHI,KWEB",2
current_best all_with_region bucket5% top2 boost16,2020-11-30,2020-12-31,EWY,"SMH,EWY",2
current_best all_with_region bucket5% top2 boost16,2020-12-31,2021-01-31,EWY,"GXG,EWY",2
current_best all_with_region bucket5% top2 boost16,2021-01-31,2021-02-28,EWY,"KWEB,SMH",2
current_best all_with_region bucket5% top2 boost16,2021-02-28,2021-03-31,EWY,"XLE,SMH",2
current_best all_with_region bucket5% top2 boost16,2021-03-31,2021-04-30,XLK,"SMH,EWT",2
current_best all_with_region bucket5% top2 boost16,2021-04-30,2021-05-31,SCHG,"XLF,KSA",2
current_best all_with_region bucket5% top2 boost16,2021-05-31,2021-06-30,INDA,"EPOL,EWC",2
current_best all_with_region bucket5% top2 boost16,2021-06-30,2021-07-31,SPMO,"VNM,EWZ",2
current_best all_with_region bucket5% top2 boost16,2021-07-31,2021-08-31,XLK,"XLK,SCHG",2
current_best all_with_region bucket5% top2 boost16,2021-08-31,2021-09-30,INDA,"ARGT,INDA",2
current_best all_with_region bucket5% top2 boost16,2021-09-30,2021-10-31,INDA,"EPI,INDA",2
current_best all_with_region bucket5% top2 boost16,2021-10-31,2021-11-30,SCHG,"SCHG,XLK",2
current_best all_with_region bucket5% top2 boost16,2021-11-30,2021-12-31,XLK,"SMH,UAE",2
current_best all_with_region bucket5% top2 boost16,2021-12-31,2022-01-31,XLK,"XLP,SMH",2
current_best all_with_region bucket5% top2 boost16,2022-01-31,2022-02-28,,"XLE,KSA",2
current_best all_with_region bucket5% top2 boost16,2022-02-28,2022-03-31,,"EPU,XLE",2
current_best all_with_region bucket5% top2 boost16,2022-03-31,2022-04-30,BIL,"EWZ,ARGT",2
current_best all_with_region bucket5% top2 boost16,2022-04-30,2022-05-31,BIL,"KSA,UAE",2
current_best all_with_region bucket5% top2 boost16,2022-05-31,2022-06-30,BIL,"XLE,ECH",2
current_best all_with_region bucket5% top2 boost16,2022-06-30,2022-07-31,BIL,,0
current_best all_with_region bucket5% top2 boost16,2022-07-31,2022-08-31,BIL,"DXJ,XLP",2
current_best all_with_region bucket5% top2 boost16,2022-08-31,2022-09-30,BIL,"ECH,XLE",2
current_best all_with_region bucket5% top2 boost16,2022-09-30,2022-10-31,BIL,TUR,1
current_best all_with_region bucket5% top2 boost16,2022-10-31,2022-11-30,MTUM,"XLE,TUR",2
current_best all_with_region bucket5% top2 boost16,2022-11-30,2022-12-31,MTUM,"TUR,EWI",2
current_best all_with_region bucket5% top2 boost16,2022-12-31,2023-01-31,BIL,"TUR,EPOL",2
current_best all_with_region bucket5% top2 boost16,2023-01-31,2023-02-28,EWY,"ARGT,GREK",2
current_best all_with_region bucket5% top2 boost16,2023-02-28,2023-03-31,XLK,"GREK,ARGT",2
current_best all_with_region bucket5% top2 boost16,2023-03-31,2023-04-30,XLK,"SMH,XLK",2
current_best all_with_region bucket5% top2 boost16,2023-04-30,2023-05-31,XLK,"EIRL,EPOL",2
current_best all_with_region bucket5% top2 boost16,2023-05-31,2023-06-30,XLK,"SMH,GREK",2
current_best all_with_region bucket5% top2 boost16,2023-06-30,2023-07-31,XLK,"XLK,SMH",2
current_best all_with_region bucket5% top2 boost16,2023-07-31,2023-08-31,SCHG,"EPOL,VNM",2
current_best all_with_region bucket5% top2 boost16,2023-08-31,2023-09-30,XLK,"VNM,SMH",2
current_best all_with_region bucket5% top2 boost16,2023-09-30,2023-10-31,SPMO,"EGPT,DXJ",2
current_best all_with_region bucket5% top2 boost16,2023-10-31,2023-11-30,BIL,"EGPT,PAK",2
current_best all_with_region bucket5% top2 boost16,2023-11-30,2023-12-31,XLK,"PAK,ARGT",2
current_best all_with_region bucket5% top2 boost16,2023-12-31,2024-01-31,XLK,"SMH,EWD",2
current_best all_with_region bucket5% top2 boost16,2024-01-31,2024-02-29,SPMO,"SMH,EGPT",2
current_best all_with_region bucket5% top2 boost16,2024-02-29,2024-03-31,SPMO,"SMH,EIS",2
current_best all_with_region bucket5% top2 boost16,2024-03-31,2024-04-30,SPMO,"EPU,DXJ",2
current_best all_with_region bucket5% top2 boost16,2024-04-30,2024-05-31,INDA,"EPU,TUR",2
current_best all_with_region bucket5% top2 boost16,2024-05-31,2024-06-30,SPMO,"EPU,SMH",2
current_best all_with_region bucket5% top2 boost16,2024-06-30,2024-07-31,SPMO,"EWT,SMH",2
current_best all_with_region bucket5% top2 boost16,2024-07-31,2024-08-31,INDA,"EPI,EZA",2
current_best all_with_region bucket5% top2 boost16,2024-08-31,2024-09-30,SPMO,"EWM,ARGT",2
current_best all_with_region bucket5% top2 boost16,2024-09-30,2024-10-31,SPMO,"KWEB,EZA",2
current_best all_with_region bucket5% top2 boost16,2024-10-31,2024-11-30,MTUM,"ARGT,XLU",2
current_best all_with_region bucket5% top2 boost16,2024-11-30,2024-12-31,MTUM,"ARGT,XAR",2
current_best all_with_region bucket5% top2 boost16,2024-12-31,2025-01-31,SCHG,"ARGT,EIS",2
current_best all_with_region bucket5% top2 boost16,2025-01-31,2025-02-28,SPMO,"EIS,GXG",2
current_best all_with_region bucket5% top2 boost16,2025-02-28,2025-03-31,SPMO,"GXG,EPOL",2
current_best all_with_region bucket5% top2 boost16,2025-03-31,2025-04-30,IEF,"EPOL,GREK",2
current_best all_with_region bucket5% top2 boost16,2025-04-30,2025-05-31,EWJ,"GREK,EWP",2
current_best all_with_region bucket5% top2 boost16,2025-05-31,2025-06-30,SPMO,"GREK,EWP",2
current_best all_with_region bucket5% top2 boost16,2025-06-30,2025-07-31,EWY,"XAR,GREK",2
current_best all_with_region bucket5% top2 boost16,2025-07-31,2025-08-31,XLK,"VNM,XAR",2
current_best all_with_region bucket5% top2 boost16,2025-08-31,2025-09-30,SCHG,"VNM,EPU",2
current_best all_with_region bucket5% top2 boost16,2025-09-30,2025-10-31,EWY,"EPU,EZA",2
current_best all_with_region bucket5% top2 boost16,2025-10-31,2025-11-30,EWY,"EWY,SMH",2
current_best all_with_region bucket5% top2 boost16,2025-11-30,2025-12-31,EWY,"ECH,EPU",2
current_best all_with_region bucket5% top2 boost16,2025-12-31,2026-01-31,EWY,"EPU,EZA",2
current_best all_with_region bucket5% top2 boost16,2026-01-31,2026-02-28,EWY,"EWY,EPU",2
current_best all_with_region bucket5% top2 boost16,2026-02-28,2026-03-31,EWY,"EWY,EPU",2
current_best all_with_region bucket5% top2 boost16,2026-03-31,2026-04-29,BIL,"XLE,NORW",2
current_best all_with_region bucket5% top3 boost16,2016-09-30,2016-10-31,EWY,"SMH,KWEB,EWT",3
current_best all_with_region bucket5% top3 boost16,2016-10-31,2016-11-30,EWJ,"EWZ,ECH,DXJ",3
current_best all_with_region bucket5% top3 boost16,2016-11-30,2016-12-31,,"XLF,DXJ,KSA",3
current_best all_with_region bucket5% top3 boost16,2016-12-31,2017-01-31,SPMO,"PAK,KSA,XLF",3
current_best all_with_region bucket5% top3 boost16,2017-01-31,2017-02-28,XLK,"EPOL,ARGT,EWZ",3
current_best all_with_region bucket5% top3 boost16,2017-02-28,2017-03-31,SCHG,"EPOL,XAR,ITA",3
current_best all_with_region bucket5% top3 boost16,2017-03-31,2017-04-30,INDA,"ARGT,EPI,EWP",3
current_best all_with_region bucket5% top3 boost16,2017-04-30,2017-05-31,EWY,"EPOL,KWEB,EWP",3
current_best all_with_region bucket5% top3 boost16,2017-05-31,2017-06-30,EWY,"EDEN,TUR,EWY",3
current_best all_with_region bucket5% top3 boost16,2017-06-30,2017-07-31,EWY,"GREK,EWI,TUR",3
current_best all_with_region bucket5% top3 boost16,2017-07-31,2017-08-31,INDA,"KWEB,TUR,MCHI",3
current_best all_with_region bucket5% top3 boost16,2017-08-31,2017-09-30,XLK,"MCHI,EPOL,KWEB",3
current_best all_with_region bucket5% top3 boost16,2017-09-30,2017-10-31,MTUM,"XAR,ITA,MCHI",3
current_best all_with_region bucket5% top3 boost16,2017-10-31,2017-11-30,XLK,"SMH,EPU,XLK",3
current_best all_with_region bucket5% top3 boost16,2017-11-30,2017-12-31,SPMO,"VNM,EGPT,SPMO",3
current_best all_with_region bucket5% top3 boost16,2017-12-31,2018-01-31,SPMO,"VNM,ARGT,EZA",3
current_best all_with_region bucket5% top3 boost16,2018-01-31,2018-02-28,SPMO,"GREK,VNM,ARGT",3
current_best all_with_region bucket5% top3 boost16,2018-02-28,2018-03-31,SPMO,"VNM,THD,KWEB",3
current_best all_with_region bucket5% top3 boost16,2018-03-31,2018-04-30,BIL,"EGPT,KSA,EWM",3
current_best all_with_region bucket5% top3 boost16,2018-04-30,2018-05-31,EWY,"KSA,EGPT,EPU",3
current_best all_with_region bucket5% top3 boost16,2018-05-31,2018-06-30,XLK,"KSA,XLK,QAT",3
current_best all_with_region bucket5% top3 boost16,2018-06-30,2018-07-31,XLK,"XLE,KSA,SCHG",3
current_best all_with_region bucket5% top3 boost16,2018-07-31,2018-08-31,SPMO,"QAT,XLV,XAR",3
current_best all_with_region bucket5% top3 boost16,2018-08-31,2018-09-30,XLK,"EIS,XLK,XLV",3
current_best all_with_region bucket5% top3 boost16,2018-09-30,2018-10-31,SPMO,"XLV,XAR,QAT",3
current_best all_with_region bucket5% top3 boost16,2018-10-31,2018-11-30,BIL,"QAT,EWZ,XLP",3
current_best all_with_region bucket5% top3 boost16,2018-11-30,2018-12-31,IEF,"QAT,XLV,EIDO",3
current_best all_with_region bucket5% top3 boost16,2018-12-31,2019-01-31,IEF,"EIDO,EWZ,QAT",3
current_best all_with_region bucket5% top3 boost16,2019-01-31,2019-02-28,IEF,"EWZ,KSA,TUR",3
current_best all_with_region bucket5% top3 boost16,2019-02-28,2019-03-31,SPMO,"KWEB,ARGT,SMH",3
current_best all_with_region bucket5% top3 boost16,2019-03-31,2019-04-30,XLK,"XLK,SMH,EPI",3
current_best all_with_region bucket5% top3 boost16,2019-04-30,2019-05-31,XLK,"SMH,XLK,KSA",3
current_best all_with_region bucket5% top3 boost16,2019-05-31,2019-06-30,INDA,"GREK,INDA,EPI",3
current_best all_with_region bucket5% top3 boost16,2019-06-30,2019-07-31,MTUM,"ARGT,GREK,ENZL",3
current_best all_with_region bucket5% top3 boost16,2019-07-31,2019-08-31,XLK,"GREK,SMH,XAR",3
current_best all_with_region bucket5% top3 boost16,2019-08-31,2019-09-30,IEF,"XLU,XAR,XLP",3
current_best all_with_region bucket5% top3 boost16,2019-09-30,2019-10-31,EWJ,"XLU,ITA,TUR",3
current_best all_with_region bucket5% top3 boost16,2019-10-31,2019-11-30,EWJ,"SMH,EWT,DXJ",3
current_best all_with_region bucket5% top3 boost16,2019-11-30,2019-12-31,XLK,"XLV,PAK,XLK",3
current_best all_with_region bucket5% top3 boost16,2019-12-31,2020-01-31,XLK,"SMH,EWZ,EWT",3
current_best all_with_region bucket5% top3 boost16,2020-01-31,2020-02-29,XLK,"XLK,EDEN,SCHG",3
current_best all_with_region bucket5% top3 boost16,2020-02-29,2020-03-31,IEF,,0
current_best all_with_region bucket5% top3 boost16,2020-03-31,2020-04-30,IEF,,0
current_best all_with_region bucket5% top3 boost16,2020-04-30,2020-05-31,IEF,,0
current_best all_with_region bucket5% top3 boost16,2020-05-31,2020-06-30,SCHG,"EDEN,SCHG,XLK",3
current_best all_with_region bucket5% top3 boost16,2020-06-30,2020-07-31,XLK,"KWEB,XLK,SMH",3
current_best all_with_region bucket5% top3 boost16,2020-07-31,2020-08-31,XLK,"ARGT,SMH,EWT",3
current_best all_with_region bucket5% top3 boost16,2020-08-31,2020-09-30,XLK,"XLK,SCHG,KWEB",3
current_best all_with_region bucket5% top3 boost16,2020-09-30,2020-10-31,XLK,"SMH,XLK,EWY",3
current_best all_with_region bucket5% top3 boost16,2020-10-31,2020-11-30,EWY,"MCHI,KWEB,XLU",3
current_best all_with_region bucket5% top3 boost16,2020-11-30,2020-12-31,EWY,"SMH,EWY,XAR",3
current_best all_with_region bucket5% top3 boost16,2020-12-31,2021-01-31,EWY,"GXG,EWY,TUR",3
current_best all_with_region bucket5% top3 boost16,2021-01-31,2021-02-28,EWY,"KWEB,SMH,EWT",3
current_best all_with_region bucket5% top3 boost16,2021-02-28,2021-03-31,EWY,"XLE,SMH,XLF",3
current_best all_with_region bucket5% top3 boost16,2021-03-31,2021-04-30,XLK,"SMH,EWT,KSA",3
current_best all_with_region bucket5% top3 boost16,2021-04-30,2021-05-31,SCHG,"XLF,KSA,EWT",3
current_best all_with_region bucket5% top3 boost16,2021-05-31,2021-06-30,INDA,"EPOL,EWC,KSA",3
current_best all_with_region bucket5% top3 boost16,2021-06-30,2021-07-31,SPMO,"VNM,EWZ,UAE",3
current_best all_with_region bucket5% top3 boost16,2021-07-31,2021-08-31,XLK,"XLK,SCHG,XLV",3
current_best all_with_region bucket5% top3 boost16,2021-08-31,2021-09-30,INDA,"ARGT,INDA,EPI",3
current_best all_with_region bucket5% top3 boost16,2021-09-30,2021-10-31,INDA,"EPI,INDA,KSA",3
current_best all_with_region bucket5% top3 boost16,2021-10-31,2021-11-30,SCHG,"SCHG,XLK,SPMO",3
current_best all_with_region bucket5% top3 boost16,2021-11-30,2021-12-31,XLK,"SMH,UAE,XLK",3
current_best all_with_region bucket5% top3 boost16,2021-12-31,2022-01-31,XLK,"XLP,SMH,XLU",3
current_best all_with_region bucket5% top3 boost16,2022-01-31,2022-02-28,,"XLE,KSA,EPU",3
current_best all_with_region bucket5% top3 boost16,2022-02-28,2022-03-31,,"EPU,XLE,UAE",3
current_best all_with_region bucket5% top3 boost16,2022-03-31,2022-04-30,BIL,"EWZ,ARGT,EWW",3
current_best all_with_region bucket5% top3 boost16,2022-04-30,2022-05-31,BIL,"KSA,UAE,QAT",3
current_best all_with_region bucket5% top3 boost16,2022-05-31,2022-06-30,BIL,"XLE,ECH,XLU",3
current_best all_with_region bucket5% top3 boost16,2022-06-30,2022-07-31,BIL,,0
current_best all_with_region bucket5% top3 boost16,2022-07-31,2022-08-31,BIL,"DXJ,XLP",2
current_best all_with_region bucket5% top3 boost16,2022-08-31,2022-09-30,BIL,"ECH,XLE,TUR",3
current_best all_with_region bucket5% top3 boost16,2022-09-30,2022-10-31,BIL,TUR,1
current_best all_with_region bucket5% top3 boost16,2022-10-31,2022-11-30,MTUM,"XLE,TUR,ITA",3
current_best all_with_region bucket5% top3 boost16,2022-11-30,2022-12-31,MTUM,"TUR,EWI,EWG",3
current_best all_with_region bucket5% top3 boost16,2022-12-31,2023-01-31,BIL,"TUR,EPOL,GREK",3
current_best all_with_region bucket5% top3 boost16,2023-01-31,2023-02-28,EWY,"ARGT,GREK,EIRL",3
current_best all_with_region bucket5% top3 boost16,2023-02-28,2023-03-31,XLK,"GREK,ARGT,EWP",3
current_best all_with_region bucket5% top3 boost16,2023-03-31,2023-04-30,XLK,"SMH,XLK,EDEN",3
current_best all_with_region bucket5% top3 boost16,2023-04-30,2023-05-31,XLK,"EIRL,EPOL,EWQ",3
current_best all_with_region bucket5% top3 boost16,2023-05-31,2023-06-30,XLK,"SMH,GREK,XLK",3
current_best all_with_region bucket5% top3 boost16,2023-06-30,2023-07-31,XLK,"XLK,SMH,ARGT",3
current_best all_with_region bucket5% top3 boost16,2023-07-31,2023-08-31,SCHG,"EPOL,VNM,GXG",3
current_best all_with_region bucket5% top3 boost16,2023-08-31,2023-09-30,XLK,"VNM,SMH,TUR",3
current_best all_with_region bucket5% top3 boost16,2023-09-30,2023-10-31,SPMO,"EGPT,DXJ,TUR",3
current_best all_with_region bucket5% top3 boost16,2023-10-31,2023-11-30,BIL,"EGPT,PAK,EPOL",3
current_best all_with_region bucket5% top3 boost16,2023-11-30,2023-12-31,XLK,"PAK,ARGT,EPOL",3
current_best all_with_region bucket5% top3 boost16,2023-12-31,2024-01-31,XLK,"SMH,EWD,EWZ",3
current_best all_with_region bucket5% top3 boost16,2024-01-31,2024-02-29,SPMO,"SMH,EGPT,SPMO",3
current_best all_with_region bucket5% top3 boost16,2024-02-29,2024-03-31,SPMO,"SMH,EIS,SPMO",3
current_best all_with_region bucket5% top3 boost16,2024-03-31,2024-04-30,SPMO,"EPU,DXJ,SPMO",3
current_best all_with_region bucket5% top3 boost16,2024-04-30,2024-05-31,INDA,"EPU,TUR,ARGT",3
current_best all_with_region bucket5% top3 boost16,2024-05-31,2024-06-30,SPMO,"EPU,SMH,TUR",3
current_best all_with_region bucket5% top3 boost16,2024-06-30,2024-07-31,SPMO,"EWT,SMH,SPMO",3
current_best all_with_region bucket5% top3 boost16,2024-07-31,2024-08-31,INDA,"EPI,EZA,ITA",3
current_best all_with_region bucket5% top3 boost16,2024-08-31,2024-09-30,SPMO,"EWM,ARGT,XLF",3
current_best all_with_region bucket5% top3 boost16,2024-09-30,2024-10-31,SPMO,"KWEB,EZA,MCHI",3
current_best all_with_region bucket5% top3 boost16,2024-10-31,2024-11-30,MTUM,"ARGT,XLU,EZA",3
current_best all_with_region bucket5% top3 boost16,2024-11-30,2024-12-31,MTUM,"ARGT,XAR,XLF",3
current_best all_with_region bucket5% top3 boost16,2024-12-31,2025-01-31,SCHG,"ARGT,EIS,UAE",3
current_best all_with_region bucket5% top3 boost16,2025-01-31,2025-02-28,SPMO,"EIS,GXG,XLF",3
current_best all_with_region bucket5% top3 boost16,2025-02-28,2025-03-31,SPMO,"GXG,EPOL,EWP",3
current_best all_with_region bucket5% top3 boost16,2025-03-31,2025-04-30,IEF,"EPOL,GREK,EWP",3
current_best all_with_region bucket5% top3 boost16,2025-04-30,2025-05-31,EWJ,"GREK,EWP,ECH",3
current_best all_with_region bucket5% top3 boost16,2025-05-31,2025-06-30,SPMO,"GREK,EWP,ITA",3
current_best all_with_region bucket5% top3 boost16,2025-06-30,2025-07-31,EWY,"XAR,GREK,EWY",3
current_best all_with_region bucket5% top3 boost16,2025-07-31,2025-08-31,XLK,"VNM,XAR,ITA",3
current_best all_with_region bucket5% top3 boost16,2025-08-31,2025-09-30,SCHG,"VNM,EPU,GXG",3
current_best all_with_region bucket5% top3 boost16,2025-09-30,2025-10-31,EWY,"EPU,EZA,KWEB",3
current_best all_with_region bucket5% top3 boost16,2025-10-31,2025-11-30,EWY,"EWY,SMH,GXG",3
current_best all_with_region bucket5% top3 boost16,2025-11-30,2025-12-31,EWY,"ECH,EPU,EWZ",3
current_best all_with_region bucket5% top3 boost16,2025-12-31,2026-01-31,EWY,"EPU,EZA,ECH",3
current_best all_with_region bucket5% top3 boost16,2026-01-31,2026-02-28,EWY,"EWY,EPU,GXG",3
current_best all_with_region bucket5% top3 boost16,2026-02-28,2026-03-31,EWY,"EWY,EPU,EZA",3
current_best all_with_region bucket5% top3 boost16,2026-03-31,2026-04-29,BIL,"XLE,NORW,EWZ",3
current_best all_with_region bucket8% top1 boost16,2016-09-30,2016-10-31,EWY,SMH,1
current_best all_with_region bucket8% top1 boost16,2016-10-31,2016-11-30,EWJ,EWZ,1
current_best all_with_region bucket8% top1 boost16,2016-11-30,2016-12-31,,XLF,1
current_best all_with_region bucket8% top1 boost16,2016-12-31,2017-01-31,SPMO,PAK,1
current_best all_with_region bucket8% top1 boost16,2017-01-31,2017-02-28,XLK,EPOL,1
current_best all_with_region bucket8% top1 boost16,2017-02-28,2017-03-31,SCHG,EPOL,1
current_best all_with_region bucket8% top1 boost16,2017-03-31,2017-04-30,INDA,ARGT,1
current_best all_with_region bucket8% top1 boost16,2017-04-30,2017-05-31,EWY,EPOL,1
current_best all_with_region bucket8% top1 boost16,2017-05-31,2017-06-30,EWY,EDEN,1
current_best all_with_region bucket8% top1 boost16,2017-06-30,2017-07-31,EWY,GREK,1
current_best all_with_region bucket8% top1 boost16,2017-07-31,2017-08-31,INDA,KWEB,1
current_best all_with_region bucket8% top1 boost16,2017-08-31,2017-09-30,XLK,MCHI,1
current_best all_with_region bucket8% top1 boost16,2017-09-30,2017-10-31,MTUM,XAR,1
current_best all_with_region bucket8% top1 boost16,2017-10-31,2017-11-30,XLK,SMH,1
current_best all_with_region bucket8% top1 boost16,2017-11-30,2017-12-31,SPMO,VNM,1
current_best all_with_region bucket8% top1 boost16,2017-12-31,2018-01-31,SPMO,VNM,1
current_best all_with_region bucket8% top1 boost16,2018-01-31,2018-02-28,SPMO,GREK,1
current_best all_with_region bucket8% top1 boost16,2018-02-28,2018-03-31,SPMO,VNM,1
current_best all_with_region bucket8% top1 boost16,2018-03-31,2018-04-30,BIL,EGPT,1
current_best all_with_region bucket8% top1 boost16,2018-04-30,2018-05-31,EWY,KSA,1
current_best all_with_region bucket8% top1 boost16,2018-05-31,2018-06-30,XLK,KSA,1
current_best all_with_region bucket8% top1 boost16,2018-06-30,2018-07-31,XLK,XLE,1
current_best all_with_region bucket8% top1 boost16,2018-07-31,2018-08-31,SPMO,QAT,1
current_best all_with_region bucket8% top1 boost16,2018-08-31,2018-09-30,XLK,EIS,1
current_best all_with_region bucket8% top1 boost16,2018-09-30,2018-10-31,SPMO,XLV,1
current_best all_with_region bucket8% top1 boost16,2018-10-31,2018-11-30,BIL,QAT,1
current_best all_with_region bucket8% top1 boost16,2018-11-30,2018-12-31,IEF,QAT,1
current_best all_with_region bucket8% top1 boost16,2018-12-31,2019-01-31,IEF,EIDO,1
current_best all_with_region bucket8% top1 boost16,2019-01-31,2019-02-28,IEF,EWZ,1
current_best all_with_region bucket8% top1 boost16,2019-02-28,2019-03-31,SPMO,KWEB,1
current_best all_with_region bucket8% top1 boost16,2019-03-31,2019-04-30,XLK,XLK,1
current_best all_with_region bucket8% top1 boost16,2019-04-30,2019-05-31,XLK,SMH,1
current_best all_with_region bucket8% top1 boost16,2019-05-31,2019-06-30,INDA,GREK,1
current_best all_with_region bucket8% top1 boost16,2019-06-30,2019-07-31,MTUM,ARGT,1
current_best all_with_region bucket8% top1 boost16,2019-07-31,2019-08-31,XLK,GREK,1
current_best all_with_region bucket8% top1 boost16,2019-08-31,2019-09-30,IEF,XLU,1
current_best all_with_region bucket8% top1 boost16,2019-09-30,2019-10-31,EWJ,XLU,1
current_best all_with_region bucket8% top1 boost16,2019-10-31,2019-11-30,EWJ,SMH,1
current_best all_with_region bucket8% top1 boost16,2019-11-30,2019-12-31,XLK,XLV,1
current_best all_with_region bucket8% top1 boost16,2019-12-31,2020-01-31,XLK,SMH,1
current_best all_with_region bucket8% top1 boost16,2020-01-31,2020-02-29,XLK,XLK,1
current_best all_with_region bucket8% top1 boost16,2020-02-29,2020-03-31,IEF,,0
current_best all_with_region bucket8% top1 boost16,2020-03-31,2020-04-30,IEF,,0
current_best all_with_region bucket8% top1 boost16,2020-04-30,2020-05-31,IEF,,0
current_best all_with_region bucket8% top1 boost16,2020-05-31,2020-06-30,SCHG,EDEN,1
current_best all_with_region bucket8% top1 boost16,2020-06-30,2020-07-31,XLK,KWEB,1
current_best all_with_region bucket8% top1 boost16,2020-07-31,2020-08-31,XLK,ARGT,1
current_best all_with_region bucket8% top1 boost16,2020-08-31,2020-09-30,XLK,XLK,1
current_best all_with_region bucket8% top1 boost16,2020-09-30,2020-10-31,XLK,SMH,1
current_best all_with_region bucket8% top1 boost16,2020-10-31,2020-11-30,EWY,MCHI,1
current_best all_with_region bucket8% top1 boost16,2020-11-30,2020-12-31,EWY,SMH,1
current_best all_with_region bucket8% top1 boost16,2020-12-31,2021-01-31,EWY,GXG,1
current_best all_with_region bucket8% top1 boost16,2021-01-31,2021-02-28,EWY,KWEB,1
current_best all_with_region bucket8% top1 boost16,2021-02-28,2021-03-31,EWY,XLE,1
current_best all_with_region bucket8% top1 boost16,2021-03-31,2021-04-30,XLK,SMH,1
current_best all_with_region bucket8% top1 boost16,2021-04-30,2021-05-31,SCHG,XLF,1
current_best all_with_region bucket8% top1 boost16,2021-05-31,2021-06-30,INDA,EPOL,1
current_best all_with_region bucket8% top1 boost16,2021-06-30,2021-07-31,SPMO,VNM,1
current_best all_with_region bucket8% top1 boost16,2021-07-31,2021-08-31,XLK,XLK,1
current_best all_with_region bucket8% top1 boost16,2021-08-31,2021-09-30,INDA,ARGT,1
current_best all_with_region bucket8% top1 boost16,2021-09-30,2021-10-31,INDA,EPI,1
current_best all_with_region bucket8% top1 boost16,2021-10-31,2021-11-30,SCHG,SCHG,1
current_best all_with_region bucket8% top1 boost16,2021-11-30,2021-12-31,XLK,SMH,1
current_best all_with_region bucket8% top1 boost16,2021-12-31,2022-01-31,XLK,XLP,1
current_best all_with_region bucket8% top1 boost16,2022-01-31,2022-02-28,,XLE,1
current_best all_with_region bucket8% top1 boost16,2022-02-28,2022-03-31,,EPU,1
current_best all_with_region bucket8% top1 boost16,2022-03-31,2022-04-30,BIL,EWZ,1
current_best all_with_region bucket8% top1 boost16,2022-04-30,2022-05-31,BIL,KSA,1
current_best all_with_region bucket8% top1 boost16,2022-05-31,2022-06-30,BIL,XLE,1
current_best all_with_region bucket8% top1 boost16,2022-06-30,2022-07-31,BIL,,0
current_best all_with_region bucket8% top1 boost16,2022-07-31,2022-08-31,BIL,DXJ,1
current_best all_with_region bucket8% top1 boost16,2022-08-31,2022-09-30,BIL,ECH,1
current_best all_with_region bucket8% top1 boost16,2022-09-30,2022-10-31,BIL,TUR,1
current_best all_with_region bucket8% top1 boost16,2022-10-31,2022-11-30,MTUM,XLE,1
current_best all_with_region bucket8% top1 boost16,2022-11-30,2022-12-31,MTUM,TUR,1
current_best all_with_region bucket8% top1 boost16,2022-12-31,2023-01-31,BIL,TUR,1
current_best all_with_region bucket8% top1 boost16,2023-01-31,2023-02-28,EWY,ARGT,1
current_best all_with_region bucket8% top1 boost16,2023-02-28,2023-03-31,XLK,GREK,1
current_best all_with_region bucket8% top1 boost16,2023-03-31,2023-04-30,XLK,SMH,1
current_best all_with_region bucket8% top1 boost16,2023-04-30,2023-05-31,XLK,EIRL,1
current_best all_with_region bucket8% top1 boost16,2023-05-31,2023-06-30,XLK,SMH,1
current_best all_with_region bucket8% top1 boost16,2023-06-30,2023-07-31,XLK,XLK,1
current_best all_with_region bucket8% top1 boost16,2023-07-31,2023-08-31,SCHG,EPOL,1
current_best all_with_region bucket8% top1 boost16,2023-08-31,2023-09-30,XLK,VNM,1
current_best all_with_region bucket8% top1 boost16,2023-09-30,2023-10-31,SPMO,EGPT,1
current_best all_with_region bucket8% top1 boost16,2023-10-31,2023-11-30,BIL,EGPT,1
current_best all_with_region bucket8% top1 boost16,2023-11-30,2023-12-31,XLK,PAK,1
current_best all_with_region bucket8% top1 boost16,2023-12-31,2024-01-31,XLK,SMH,1
current_best all_with_region bucket8% top1 boost16,2024-01-31,2024-02-29,SPMO,SMH,1
current_best all_with_region bucket8% top1 boost16,2024-02-29,2024-03-31,SPMO,SMH,1
current_best all_with_region bucket8% top1 boost16,2024-03-31,2024-04-30,SPMO,EPU,1
current_best all_with_region bucket8% top1 boost16,2024-04-30,2024-05-31,INDA,EPU,1
current_best all_with_region bucket8% top1 boost16,2024-05-31,2024-06-30,SPMO,EPU,1
current_best all_with_region bucket8% top1 boost16,2024-06-30,2024-07-31,SPMO,EWT,1
current_best all_with_region bucket8% top1 boost16,2024-07-31,2024-08-31,INDA,EPI,1
current_best all_with_region bucket8% top1 boost16,2024-08-31,2024-09-30,SPMO,EWM,1
current_best all_with_region bucket8% top1 boost16,2024-09-30,2024-10-31,SPMO,KWEB,1
current_best all_with_region bucket8% top1 boost16,2024-10-31,2024-11-30,MTUM,ARGT,1
current_best all_with_region bucket8% top1 boost16,2024-11-30,2024-12-31,MTUM,ARGT,1
current_best all_with_region bucket8% top1 boost16,2024-12-31,2025-01-31,SCHG,ARGT,1
current_best all_with_region bucket8% top1 boost16,2025-01-31,2025-02-28,SPMO,EIS,1
current_best all_with_region bucket8% top1 boost16,2025-02-28,2025-03-31,SPMO,GXG,1
current_best all_with_region bucket8% top1 boost16,2025-03-31,2025-04-30,IEF,EPOL,1
current_best all_with_region bucket8% top1 boost16,2025-04-30,2025-05-31,EWJ,GREK,1
current_best all_with_region bucket8% top1 boost16,2025-05-31,2025-06-30,SPMO,GREK,1
current_best all_with_region bucket8% top1 boost16,2025-06-30,2025-07-31,EWY,XAR,1
current_best all_with_region bucket8% top1 boost16,2025-07-31,2025-08-31,XLK,VNM,1
current_best all_with_region bucket8% top1 boost16,2025-08-31,2025-09-30,SCHG,VNM,1
current_best all_with_region bucket8% top1 boost16,2025-09-30,2025-10-31,EWY,EPU,1
current_best all_with_region bucket8% top1 boost16,2025-10-31,2025-11-30,EWY,EWY,1
current_best all_with_region bucket8% top1 boost16,2025-11-30,2025-12-31,EWY,ECH,1
current_best all_with_region bucket8% top1 boost16,2025-12-31,2026-01-31,EWY,EPU,1
current_best all_with_region bucket8% top1 boost16,2026-01-31,2026-02-28,EWY,EWY,1
current_best all_with_region bucket8% top1 boost16,2026-02-28,2026-03-31,EWY,EWY,1
current_best all_with_region bucket8% top1 boost16,2026-03-31,2026-04-29,BIL,XLE,1
current_best all_with_region bucket8% top2 boost16,2016-09-30,2016-10-31,EWY,"SMH,KWEB",2
current_best all_with_region bucket8% top2 boost16,2016-10-31,2016-11-30,EWJ,"EWZ,ECH",2
current_best all_with_region bucket8% top2 boost16,2016-11-30,2016-12-31,,"XLF,DXJ",2
current_best all_with_region bucket8% top2 boost16,2016-12-31,2017-01-31,SPMO,"PAK,KSA",2
current_best all_with_region bucket8% top2 boost16,2017-01-31,2017-02-28,XLK,"EPOL,ARGT",2
current_best all_with_region bucket8% top2 boost16,2017-02-28,2017-03-31,SCHG,"EPOL,XAR",2
current_best all_with_region bucket8% top2 boost16,2017-03-31,2017-04-30,INDA,"ARGT,EPI",2
current_best all_with_region bucket8% top2 boost16,2017-04-30,2017-05-31,EWY,"EPOL,KWEB",2
current_best all_with_region bucket8% top2 boost16,2017-05-31,2017-06-30,EWY,"EDEN,TUR",2
current_best all_with_region bucket8% top2 boost16,2017-06-30,2017-07-31,EWY,"GREK,EWI",2
current_best all_with_region bucket8% top2 boost16,2017-07-31,2017-08-31,INDA,"KWEB,TUR",2
current_best all_with_region bucket8% top2 boost16,2017-08-31,2017-09-30,XLK,"MCHI,EPOL",2
current_best all_with_region bucket8% top2 boost16,2017-09-30,2017-10-31,MTUM,"XAR,ITA",2
current_best all_with_region bucket8% top2 boost16,2017-10-31,2017-11-30,XLK,"SMH,EPU",2
current_best all_with_region bucket8% top2 boost16,2017-11-30,2017-12-31,SPMO,"VNM,EGPT",2
current_best all_with_region bucket8% top2 boost16,2017-12-31,2018-01-31,SPMO,"VNM,ARGT",2
current_best all_with_region bucket8% top2 boost16,2018-01-31,2018-02-28,SPMO,"GREK,VNM",2
current_best all_with_region bucket8% top2 boost16,2018-02-28,2018-03-31,SPMO,"VNM,THD",2
current_best all_with_region bucket8% top2 boost16,2018-03-31,2018-04-30,BIL,"EGPT,KSA",2
current_best all_with_region bucket8% top2 boost16,2018-04-30,2018-05-31,EWY,"KSA,EGPT",2
current_best all_with_region bucket8% top2 boost16,2018-05-31,2018-06-30,XLK,"KSA,XLK",2
current_best all_with_region bucket8% top2 boost16,2018-06-30,2018-07-31,XLK,"XLE,KSA",2
current_best all_with_region bucket8% top2 boost16,2018-07-31,2018-08-31,SPMO,"QAT,XLV",2
current_best all_with_region bucket8% top2 boost16,2018-08-31,2018-09-30,XLK,"EIS,XLK",2
current_best all_with_region bucket8% top2 boost16,2018-09-30,2018-10-31,SPMO,"XLV,XAR",2
current_best all_with_region bucket8% top2 boost16,2018-10-31,2018-11-30,BIL,"QAT,EWZ",2
current_best all_with_region bucket8% top2 boost16,2018-11-30,2018-12-31,IEF,"QAT,XLV",2
current_best all_with_region bucket8% top2 boost16,2018-12-31,2019-01-31,IEF,"EIDO,EWZ",2
current_best all_with_region bucket8% top2 boost16,2019-01-31,2019-02-28,IEF,"EWZ,KSA",2
current_best all_with_region bucket8% top2 boost16,2019-02-28,2019-03-31,SPMO,"KWEB,ARGT",2
current_best all_with_region bucket8% top2 boost16,2019-03-31,2019-04-30,XLK,"XLK,SMH",2
current_best all_with_region bucket8% top2 boost16,2019-04-30,2019-05-31,XLK,"SMH,XLK",2
current_best all_with_region bucket8% top2 boost16,2019-05-31,2019-06-30,INDA,"GREK,INDA",2
current_best all_with_region bucket8% top2 boost16,2019-06-30,2019-07-31,MTUM,"ARGT,GREK",2
current_best all_with_region bucket8% top2 boost16,2019-07-31,2019-08-31,XLK,"GREK,SMH",2
current_best all_with_region bucket8% top2 boost16,2019-08-31,2019-09-30,IEF,"XLU,XAR",2
current_best all_with_region bucket8% top2 boost16,2019-09-30,2019-10-31,EWJ,"XLU,ITA",2
current_best all_with_region bucket8% top2 boost16,2019-10-31,2019-11-30,EWJ,"SMH,EWT",2
current_best all_with_region bucket8% top2 boost16,2019-11-30,2019-12-31,XLK,"XLV,PAK",2
current_best all_with_region bucket8% top2 boost16,2019-12-31,2020-01-31,XLK,"SMH,EWZ",2
current_best all_with_region bucket8% top2 boost16,2020-01-31,2020-02-29,XLK,"XLK,EDEN",2
current_best all_with_region bucket8% top2 boost16,2020-02-29,2020-03-31,IEF,,0
current_best all_with_region bucket8% top2 boost16,2020-03-31,2020-04-30,IEF,,0
current_best all_with_region bucket8% top2 boost16,2020-04-30,2020-05-31,IEF,,0
current_best all_with_region bucket8% top2 boost16,2020-05-31,2020-06-30,SCHG,"EDEN,SCHG",2
current_best all_with_region bucket8% top2 boost16,2020-06-30,2020-07-31,XLK,"KWEB,XLK",2
current_best all_with_region bucket8% top2 boost16,2020-07-31,2020-08-31,XLK,"ARGT,SMH",2
current_best all_with_region bucket8% top2 boost16,2020-08-31,2020-09-30,XLK,"XLK,SCHG",2
current_best all_with_region bucket8% top2 boost16,2020-09-30,2020-10-31,XLK,"SMH,XLK",2
current_best all_with_region bucket8% top2 boost16,2020-10-31,2020-11-30,EWY,"MCHI,KWEB",2
current_best all_with_region bucket8% top2 boost16,2020-11-30,2020-12-31,EWY,"SMH,EWY",2
current_best all_with_region bucket8% top2 boost16,2020-12-31,2021-01-31,EWY,"GXG,EWY",2
current_best all_with_region bucket8% top2 boost16,2021-01-31,2021-02-28,EWY,"KWEB,SMH",2
current_best all_with_region bucket8% top2 boost16,2021-02-28,2021-03-31,EWY,"XLE,SMH",2
current_best all_with_region bucket8% top2 boost16,2021-03-31,2021-04-30,XLK,"SMH,EWT",2
current_best all_with_region bucket8% top2 boost16,2021-04-30,2021-05-31,SCHG,"XLF,KSA",2
current_best all_with_region bucket8% top2 boost16,2021-05-31,2021-06-30,INDA,"EPOL,EWC",2
current_best all_with_region bucket8% top2 boost16,2021-06-30,2021-07-31,SPMO,"VNM,EWZ",2
current_best all_with_region bucket8% top2 boost16,2021-07-31,2021-08-31,XLK,"XLK,SCHG",2
current_best all_with_region bucket8% top2 boost16,2021-08-31,2021-09-30,INDA,"ARGT,INDA",2
current_best all_with_region bucket8% top2 boost16,2021-09-30,2021-10-31,INDA,"EPI,INDA",2
current_best all_with_region bucket8% top2 boost16,2021-10-31,2021-11-30,SCHG,"SCHG,XLK",2
current_best all_with_region bucket8% top2 boost16,2021-11-30,2021-12-31,XLK,"SMH,UAE",2
current_best all_with_region bucket8% top2 boost16,2021-12-31,2022-01-31,XLK,"XLP,SMH",2
current_best all_with_region bucket8% top2 boost16,2022-01-31,2022-02-28,,"XLE,KSA",2
current_best all_with_region bucket8% top2 boost16,2022-02-28,2022-03-31,,"EPU,XLE",2
current_best all_with_region bucket8% top2 boost16,2022-03-31,2022-04-30,BIL,"EWZ,ARGT",2
current_best all_with_region bucket8% top2 boost16,2022-04-30,2022-05-31,BIL,"KSA,UAE",2
current_best all_with_region bucket8% top2 boost16,2022-05-31,2022-06-30,BIL,"XLE,ECH",2
current_best all_with_region bucket8% top2 boost16,2022-06-30,2022-07-31,BIL,,0
current_best all_with_region bucket8% top2 boost16,2022-07-31,2022-08-31,BIL,"DXJ,XLP",2
current_best all_with_region bucket8% top2 boost16,2022-08-31,2022-09-30,BIL,"ECH,XLE",2
current_best all_with_region bucket8% top2 boost16,2022-09-30,2022-10-31,BIL,TUR,1
current_best all_with_region bucket8% top2 boost16,2022-10-31,2022-11-30,MTUM,"XLE,TUR",2
current_best all_with_region bucket8% top2 boost16,2022-11-30,2022-12-31,MTUM,"TUR,EWI",2
current_best all_with_region bucket8% top2 boost16,2022-12-31,2023-01-31,BIL,"TUR,EPOL",2
current_best all_with_region bucket8% top2 boost16,2023-01-31,2023-02-28,EWY,"ARGT,GREK",2
current_best all_with_region bucket8% top2 boost16,2023-02-28,2023-03-31,XLK,"GREK,ARGT",2
current_best all_with_region bucket8% top2 boost16,2023-03-31,2023-04-30,XLK,"SMH,XLK",2
current_best all_with_region bucket8% top2 boost16,2023-04-30,2023-05-31,XLK,"EIRL,EPOL",2
current_best all_with_region bucket8% top2 boost16,2023-05-31,2023-06-30,XLK,"SMH,GREK",2
current_best all_with_region bucket8% top2 boost16,2023-06-30,2023-07-31,XLK,"XLK,SMH",2
current_best all_with_region bucket8% top2 boost16,2023-07-31,2023-08-31,SCHG,"EPOL,VNM",2
current_best all_with_region bucket8% top2 boost16,2023-08-31,2023-09-30,XLK,"VNM,SMH",2
current_best all_with_region bucket8% top2 boost16,2023-09-30,2023-10-31,SPMO,"EGPT,DXJ",2
current_best all_with_region bucket8% top2 boost16,2023-10-31,2023-11-30,BIL,"EGPT,PAK",2
current_best all_with_region bucket8% top2 boost16,2023-11-30,2023-12-31,XLK,"PAK,ARGT",2
current_best all_with_region bucket8% top2 boost16,2023-12-31,2024-01-31,XLK,"SMH,EWD",2
current_best all_with_region bucket8% top2 boost16,2024-01-31,2024-02-29,SPMO,"SMH,EGPT",2
current_best all_with_region bucket8% top2 boost16,2024-02-29,2024-03-31,SPMO,"SMH,EIS",2
current_best all_with_region bucket8% top2 boost16,2024-03-31,2024-04-30,SPMO,"EPU,DXJ",2
current_best all_with_region bucket8% top2 boost16,2024-04-30,2024-05-31,INDA,"EPU,TUR",2
current_best all_with_region bucket8% top2 boost16,2024-05-31,2024-06-30,SPMO,"EPU,SMH",2
current_best all_with_region bucket8% top2 boost16,2024-06-30,2024-07-31,SPMO,"EWT,SMH",2
current_best all_with_region bucket8% top2 boost16,2024-07-31,2024-08-31,INDA,"EPI,EZA",2
current_best all_with_region bucket8% top2 boost16,2024-08-31,2024-09-30,SPMO,"EWM,ARGT",2
current_best all_with_region bucket8% top2 boost16,2024-09-30,2024-10-31,SPMO,"KWEB,EZA",2
current_best all_with_region bucket8% top2 boost16,2024-10-31,2024-11-30,MTUM,"ARGT,XLU",2
current_best all_with_region bucket8% top2 boost16,2024-11-30,2024-12-31,MTUM,"ARGT,XAR",2
current_best all_with_region bucket8% top2 boost16,2024-12-31,2025-01-31,SCHG,"ARGT,EIS",2
current_best all_with_region bucket8% top2 boost16,2025-01-31,2025-02-28,SPMO,"EIS,GXG",2
current_best all_with_region bucket8% top2 boost16,2025-02-28,2025-03-31,SPMO,"GXG,EPOL",2
current_best all_with_region bucket8% top2 boost16,2025-03-31,2025-04-30,IEF,"EPOL,GREK",2
current_best all_with_region bucket8% top2 boost16,2025-04-30,2025-05-31,EWJ,"GREK,EWP",2
current_best all_with_region bucket8% top2 boost16,2025-05-31,2025-06-30,SPMO,"GREK,EWP",2
current_best all_with_region bucket8% top2 boost16,2025-06-30,2025-07-31,EWY,"XAR,GREK",2
current_best all_with_region bucket8% top2 boost16,2025-07-31,2025-08-31,XLK,"VNM,XAR",2
current_best all_with_region bucket8% top2 boost16,2025-08-31,2025-09-30,SCHG,"VNM,EPU",2
current_best all_with_region bucket8% top2 boost16,2025-09-30,2025-10-31,EWY,"EPU,EZA",2
current_best all_with_region bucket8% top2 boost16,2025-10-31,2025-11-30,EWY,"EWY,SMH",2
current_best all_with_region bucket8% top2 boost16,2025-11-30,2025-12-31,EWY,"ECH,EPU",2
current_best all_with_region bucket8% top2 boost16,2025-12-31,2026-01-31,EWY,"EPU,EZA",2
current_best all_with_region bucket8% top2 boost16,2026-01-31,2026-02-28,EWY,"EWY,EPU",2
current_best all_with_region bucket8% top2 boost16,2026-02-28,2026-03-31,EWY,"EWY,EPU",2
current_best all_with_region bucket8% top2 boost16,2026-03-31,2026-04-29,BIL,"XLE,NORW",2
current_best all_with_region bucket8% top3 boost16,2016-09-30,2016-10-31,EWY,"SMH,KWEB,EWT",3
current_best all_with_region bucket8% top3 boost16,2016-10-31,2016-11-30,EWJ,"EWZ,ECH,DXJ",3
current_best all_with_region bucket8% top3 boost16,2016-11-30,2016-12-31,,"XLF,DXJ,KSA",3
current_best all_with_region bucket8% top3 boost16,2016-12-31,2017-01-31,SPMO,"PAK,KSA,XLF",3
current_best all_with_region bucket8% top3 boost16,2017-01-31,2017-02-28,XLK,"EPOL,ARGT,EWZ",3
current_best all_with_region bucket8% top3 boost16,2017-02-28,2017-03-31,SCHG,"EPOL,XAR,ITA",3
current_best all_with_region bucket8% top3 boost16,2017-03-31,2017-04-30,INDA,"ARGT,EPI,EWP",3
current_best all_with_region bucket8% top3 boost16,2017-04-30,2017-05-31,EWY,"EPOL,KWEB,EWP",3
current_best all_with_region bucket8% top3 boost16,2017-05-31,2017-06-30,EWY,"EDEN,TUR,EWY",3
current_best all_with_region bucket8% top3 boost16,2017-06-30,2017-07-31,EWY,"GREK,EWI,TUR",3
current_best all_with_region bucket8% top3 boost16,2017-07-31,2017-08-31,INDA,"KWEB,TUR,MCHI",3
current_best all_with_region bucket8% top3 boost16,2017-08-31,2017-09-30,XLK,"MCHI,EPOL,KWEB",3
current_best all_with_region bucket8% top3 boost16,2017-09-30,2017-10-31,MTUM,"XAR,ITA,MCHI",3
current_best all_with_region bucket8% top3 boost16,2017-10-31,2017-11-30,XLK,"SMH,EPU,XLK",3
current_best all_with_region bucket8% top3 boost16,2017-11-30,2017-12-31,SPMO,"VNM,EGPT,SPMO",3
current_best all_with_region bucket8% top3 boost16,2017-12-31,2018-01-31,SPMO,"VNM,ARGT,EZA",3
current_best all_with_region bucket8% top3 boost16,2018-01-31,2018-02-28,SPMO,"GREK,VNM,ARGT",3
current_best all_with_region bucket8% top3 boost16,2018-02-28,2018-03-31,SPMO,"VNM,THD,KWEB",3
current_best all_with_region bucket8% top3 boost16,2018-03-31,2018-04-30,BIL,"EGPT,KSA,EWM",3
current_best all_with_region bucket8% top3 boost16,2018-04-30,2018-05-31,EWY,"KSA,EGPT,EPU",3
current_best all_with_region bucket8% top3 boost16,2018-05-31,2018-06-30,XLK,"KSA,XLK,QAT",3
current_best all_with_region bucket8% top3 boost16,2018-06-30,2018-07-31,XLK,"XLE,KSA,SCHG",3
current_best all_with_region bucket8% top3 boost16,2018-07-31,2018-08-31,SPMO,"QAT,XLV,XAR",3
current_best all_with_region bucket8% top3 boost16,2018-08-31,2018-09-30,XLK,"EIS,XLK,XLV",3
current_best all_with_region bucket8% top3 boost16,2018-09-30,2018-10-31,SPMO,"XLV,XAR,QAT",3
current_best all_with_region bucket8% top3 boost16,2018-10-31,2018-11-30,BIL,"QAT,EWZ,XLP",3
current_best all_with_region bucket8% top3 boost16,2018-11-30,2018-12-31,IEF,"QAT,XLV,EIDO",3
current_best all_with_region bucket8% top3 boost16,2018-12-31,2019-01-31,IEF,"EIDO,EWZ,QAT",3
current_best all_with_region bucket8% top3 boost16,2019-01-31,2019-02-28,IEF,"EWZ,KSA,TUR",3
current_best all_with_region bucket8% top3 boost16,2019-02-28,2019-03-31,SPMO,"KWEB,ARGT,SMH",3
current_best all_with_region bucket8% top3 boost16,2019-03-31,2019-04-30,XLK,"XLK,SMH,EPI",3
current_best all_with_region bucket8% top3 boost16,2019-04-30,2019-05-31,XLK,"SMH,XLK,KSA",3
current_best all_with_region bucket8% top3 boost16,2019-05-31,2019-06-30,INDA,"GREK,INDA,EPI",3
current_best all_with_region bucket8% top3 boost16,2019-06-30,2019-07-31,MTUM,"ARGT,GREK,ENZL",3
current_best all_with_region bucket8% top3 boost16,2019-07-31,2019-08-31,XLK,"GREK,SMH,XAR",3
current_best all_with_region bucket8% top3 boost16,2019-08-31,2019-09-30,IEF,"XLU,XAR,XLP",3
current_best all_with_region bucket8% top3 boost16,2019-09-30,2019-10-31,EWJ,"XLU,ITA,TUR",3
current_best all_with_region bucket8% top3 boost16,2019-10-31,2019-11-30,EWJ,"SMH,EWT,DXJ",3
current_best all_with_region bucket8% top3 boost16,2019-11-30,2019-12-31,XLK,"XLV,PAK,XLK",3
current_best all_with_region bucket8% top3 boost16,2019-12-31,2020-01-31,XLK,"SMH,EWZ,EWT",3
current_best all_with_region bucket8% top3 boost16,2020-01-31,2020-02-29,XLK,"XLK,EDEN,SCHG",3
current_best all_with_region bucket8% top3 boost16,2020-02-29,2020-03-31,IEF,,0
current_best all_with_region bucket8% top3 boost16,2020-03-31,2020-04-30,IEF,,0
current_best all_with_region bucket8% top3 boost16,2020-04-30,2020-05-31,IEF,,0
current_best all_with_region bucket8% top3 boost16,2020-05-31,2020-06-30,SCHG,"EDEN,SCHG,XLK",3
current_best all_with_region bucket8% top3 boost16,2020-06-30,2020-07-31,XLK,"KWEB,XLK,SMH",3
current_best all_with_region bucket8% top3 boost16,2020-07-31,2020-08-31,XLK,"ARGT,SMH,EWT",3
current_best all_with_region bucket8% top3 boost16,2020-08-31,2020-09-30,XLK,"XLK,SCHG,KWEB",3
current_best all_with_region bucket8% top3 boost16,2020-09-30,2020-10-31,XLK,"SMH,XLK,EWY",3
current_best all_with_region bucket8% top3 boost16,2020-10-31,2020-11-30,EWY,"MCHI,KWEB,XLU",3
current_best all_with_region bucket8% top3 boost16,2020-11-30,2020-12-31,EWY,"SMH,EWY,XAR",3
current_best all_with_region bucket8% top3 boost16,2020-12-31,2021-01-31,EWY,"GXG,EWY,TUR",3
current_best all_with_region bucket8% top3 boost16,2021-01-31,2021-02-28,EWY,"KWEB,SMH,EWT",3
current_best all_with_region bucket8% top3 boost16,2021-02-28,2021-03-31,EWY,"XLE,SMH,XLF",3
current_best all_with_region bucket8% top3 boost16,2021-03-31,2021-04-30,XLK,"SMH,EWT,KSA",3
current_best all_with_region bucket8% top3 boost16,2021-04-30,2021-05-31,SCHG,"XLF,KSA,EWT",3
current_best all_with_region bucket8% top3 boost16,2021-05-31,2021-06-30,INDA,"EPOL,EWC,KSA",3
current_best all_with_region bucket8% top3 boost16,2021-06-30,2021-07-31,SPMO,"VNM,EWZ,UAE",3
current_best all_with_region bucket8% top3 boost16,2021-07-31,2021-08-31,XLK,"XLK,SCHG,XLV",3
current_best all_with_region bucket8% top3 boost16,2021-08-31,2021-09-30,INDA,"ARGT,INDA,EPI",3
current_best all_with_region bucket8% top3 boost16,2021-09-30,2021-10-31,INDA,"EPI,INDA,KSA",3
current_best all_with_region bucket8% top3 boost16,2021-10-31,2021-11-30,SCHG,"SCHG,XLK,SPMO",3
current_best all_with_region bucket8% top3 boost16,2021-11-30,2021-12-31,XLK,"SMH,UAE,XLK",3
current_best all_with_region bucket8% top3 boost16,2021-12-31,2022-01-31,XLK,"XLP,SMH,XLU",3
current_best all_with_region bucket8% top3 boost16,2022-01-31,2022-02-28,,"XLE,KSA,EPU",3
current_best all_with_region bucket8% top3 boost16,2022-02-28,2022-03-31,,"EPU,XLE,UAE",3
current_best all_with_region bucket8% top3 boost16,2022-03-31,2022-04-30,BIL,"EWZ,ARGT,EWW",3
current_best all_with_region bucket8% top3 boost16,2022-04-30,2022-05-31,BIL,"KSA,UAE,QAT",3
current_best all_with_region bucket8% top3 boost16,2022-05-31,2022-06-30,BIL,"XLE,ECH,XLU",3
current_best all_with_region bucket8% top3 boost16,2022-06-30,2022-07-31,BIL,,0
current_best all_with_region bucket8% top3 boost16,2022-07-31,2022-08-31,BIL,"DXJ,XLP",2
current_best all_with_region bucket8% top3 boost16,2022-08-31,2022-09-30,BIL,"ECH,XLE,TUR",3
current_best all_with_region bucket8% top3 boost16,2022-09-30,2022-10-31,BIL,TUR,1
current_best all_with_region bucket8% top3 boost16,2022-10-31,2022-11-30,MTUM,"XLE,TUR,ITA",3
current_best all_with_region bucket8% top3 boost16,2022-11-30,2022-12-31,MTUM,"TUR,EWI,EWG",3
current_best all_with_region bucket8% top3 boost16,2022-12-31,2023-01-31,BIL,"TUR,EPOL,GREK",3
current_best all_with_region bucket8% top3 boost16,2023-01-31,2023-02-28,EWY,"ARGT,GREK,EIRL",3
current_best all_with_region bucket8% top3 boost16,2023-02-28,2023-03-31,XLK,"GREK,ARGT,EWP",3
current_best all_with_region bucket8% top3 boost16,2023-03-31,2023-04-30,XLK,"SMH,XLK,EDEN",3
current_best all_with_region bucket8% top3 boost16,2023-04-30,2023-05-31,XLK,"EIRL,EPOL,EWQ",3
current_best all_with_region bucket8% top3 boost16,2023-05-31,2023-06-30,XLK,"SMH,GREK,XLK",3
current_best all_with_region bucket8% top3 boost16,2023-06-30,2023-07-31,XLK,"XLK,SMH,ARGT",3
current_best all_with_region bucket8% top3 boost16,2023-07-31,2023-08-31,SCHG,"EPOL,VNM,GXG",3
current_best all_with_region bucket8% top3 boost16,2023-08-31,2023-09-30,XLK,"VNM,SMH,TUR",3
current_best all_with_region bucket8% top3 boost16,2023-09-30,2023-10-31,SPMO,"EGPT,DXJ,TUR",3
current_best all_with_region bucket8% top3 boost16,2023-10-31,2023-11-30,BIL,"EGPT,PAK,EPOL",3
current_best all_with_region bucket8% top3 boost16,2023-11-30,2023-12-31,XLK,"PAK,ARGT,EPOL",3
current_best all_with_region bucket8% top3 boost16,2023-12-31,2024-01-31,XLK,"SMH,EWD,EWZ",3
current_best all_with_region bucket8% top3 boost16,2024-01-31,2024-02-29,SPMO,"SMH,EGPT,SPMO",3
current_best all_with_region bucket8% top3 boost16,2024-02-29,2024-03-31,SPMO,"SMH,EIS,SPMO",3
current_best all_with_region bucket8% top3 boost16,2024-03-31,2024-04-30,SPMO,"EPU,DXJ,SPMO",3
current_best all_with_region bucket8% top3 boost16,2024-04-30,2024-05-31,INDA,"EPU,TUR,ARGT",3
current_best all_with_region bucket8% top3 boost16,2024-05-31,2024-06-30,SPMO,"EPU,SMH,TUR",3
current_best all_with_region bucket8% top3 boost16,2024-06-30,2024-07-31,SPMO,"EWT,SMH,SPMO",3
current_best all_with_region bucket8% top3 boost16,2024-07-31,2024-08-31,INDA,"EPI,EZA,ITA",3
current_best all_with_region bucket8% top3 boost16,2024-08-31,2024-09-30,SPMO,"EWM,ARGT,XLF",3
current_best all_with_region bucket8% top3 boost16,2024-09-30,2024-10-31,SPMO,"KWEB,EZA,MCHI",3
current_best all_with_region bucket8% top3 boost16,2024-10-31,2024-11-30,MTUM,"ARGT,XLU,EZA",3
current_best all_with_region bucket8% top3 boost16,2024-11-30,2024-12-31,MTUM,"ARGT,XAR,XLF",3
current_best all_with_region bucket8% top3 boost16,2024-12-31,2025-01-31,SCHG,"ARGT,EIS,UAE",3
current_best all_with_region bucket8% top3 boost16,2025-01-31,2025-02-28,SPMO,"EIS,GXG,XLF",3
current_best all_with_region bucket8% top3 boost16,2025-02-28,2025-03-31,SPMO,"GXG,EPOL,EWP",3
current_best all_with_region bucket8% top3 boost16,2025-03-31,2025-04-30,IEF,"EPOL,GREK,EWP",3
current_best all_with_region bucket8% top3 boost16,2025-04-30,2025-05-31,EWJ,"GREK,EWP,ECH",3
current_best all_with_region bucket8% top3 boost16,2025-05-31,2025-06-30,SPMO,"GREK,EWP,ITA",3
current_best all_with_region bucket8% top3 boost16,2025-06-30,2025-07-31,EWY,"XAR,GREK,EWY",3
current_best all_with_region bucket8% top3 boost16,2025-07-31,2025-08-31,XLK,"VNM,XAR,ITA",3
current_best all_with_region bucket8% top3 boost16,2025-08-31,2025-09-30,SCHG,"VNM,EPU,GXG",3
current_best all_with_region bucket8% top3 boost16,2025-09-30,2025-10-31,EWY,"EPU,EZA,KWEB",3
current_best all_with_region bucket8% top3 boost16,2025-10-31,2025-11-30,EWY,"EWY,SMH,GXG",3
current_best all_with_region bucket8% top3 boost16,2025-11-30,2025-12-31,EWY,"ECH,EPU,EWZ",3
current_best all_with_region bucket8% top3 boost16,2025-12-31,2026-01-31,EWY,"EPU,EZA,ECH",3
current_best all_with_region bucket8% top3 boost16,2026-01-31,2026-02-28,EWY,"EWY,EPU,GXG",3
current_best all_with_region bucket8% top3 boost16,2026-02-28,2026-03-31,EWY,"EWY,EPU,EZA",3
current_best all_with_region bucket8% top3 boost16,2026-03-31,2026-04-29,BIL,"XLE,NORW,EWZ",3
current_best all_with_region bucket10% top1 boost16,2016-09-30,2016-10-31,EWY,SMH,1
current_best all_with_region bucket10% top1 boost16,2016-10-31,2016-11-30,EWJ,EWZ,1
current_best all_with_region bucket10% top1 boost16,2016-11-30,2016-12-31,,XLF,1
current_best all_with_region bucket10% top1 boost16,2016-12-31,2017-01-31,SPMO,PAK,1
current_best all_with_region bucket10% top1 boost16,2017-01-31,2017-02-28,XLK,EPOL,1
current_best all_with_region bucket10% top1 boost16,2017-02-28,2017-03-31,SCHG,EPOL,1
current_best all_with_region bucket10% top1 boost16,2017-03-31,2017-04-30,INDA,ARGT,1
current_best all_with_region bucket10% top1 boost16,2017-04-30,2017-05-31,EWY,EPOL,1
current_best all_with_region bucket10% top1 boost16,2017-05-31,2017-06-30,EWY,EDEN,1
current_best all_with_region bucket10% top1 boost16,2017-06-30,2017-07-31,EWY,GREK,1
current_best all_with_region bucket10% top1 boost16,2017-07-31,2017-08-31,INDA,KWEB,1
current_best all_with_region bucket10% top1 boost16,2017-08-31,2017-09-30,XLK,MCHI,1
current_best all_with_region bucket10% top1 boost16,2017-09-30,2017-10-31,MTUM,XAR,1
current_best all_with_region bucket10% top1 boost16,2017-10-31,2017-11-30,XLK,SMH,1
current_best all_with_region bucket10% top1 boost16,2017-11-30,2017-12-31,SPMO,VNM,1
current_best all_with_region bucket10% top1 boost16,2017-12-31,2018-01-31,SPMO,VNM,1
current_best all_with_region bucket10% top1 boost16,2018-01-31,2018-02-28,SPMO,GREK,1
current_best all_with_region bucket10% top1 boost16,2018-02-28,2018-03-31,SPMO,VNM,1
current_best all_with_region bucket10% top1 boost16,2018-03-31,2018-04-30,BIL,EGPT,1
current_best all_with_region bucket10% top1 boost16,2018-04-30,2018-05-31,EWY,KSA,1
current_best all_with_region bucket10% top1 boost16,2018-05-31,2018-06-30,XLK,KSA,1
current_best all_with_region bucket10% top1 boost16,2018-06-30,2018-07-31,XLK,XLE,1
current_best all_with_region bucket10% top1 boost16,2018-07-31,2018-08-31,SPMO,QAT,1
current_best all_with_region bucket10% top1 boost16,2018-08-31,2018-09-30,XLK,EIS,1
current_best all_with_region bucket10% top1 boost16,2018-09-30,2018-10-31,SPMO,XLV,1
current_best all_with_region bucket10% top1 boost16,2018-10-31,2018-11-30,BIL,QAT,1
current_best all_with_region bucket10% top1 boost16,2018-11-30,2018-12-31,IEF,QAT,1
current_best all_with_region bucket10% top1 boost16,2018-12-31,2019-01-31,IEF,EIDO,1
current_best all_with_region bucket10% top1 boost16,2019-01-31,2019-02-28,IEF,EWZ,1
current_best all_with_region bucket10% top1 boost16,2019-02-28,2019-03-31,SPMO,KWEB,1
current_best all_with_region bucket10% top1 boost16,2019-03-31,2019-04-30,XLK,XLK,1
current_best all_with_region bucket10% top1 boost16,2019-04-30,2019-05-31,XLK,SMH,1
current_best all_with_region bucket10% top1 boost16,2019-05-31,2019-06-30,INDA,GREK,1
current_best all_with_region bucket10% top1 boost16,2019-06-30,2019-07-31,MTUM,ARGT,1
current_best all_with_region bucket10% top1 boost16,2019-07-31,2019-08-31,XLK,GREK,1
current_best all_with_region bucket10% top1 boost16,2019-08-31,2019-09-30,IEF,XLU,1
current_best all_with_region bucket10% top1 boost16,2019-09-30,2019-10-31,EWJ,XLU,1
current_best all_with_region bucket10% top1 boost16,2019-10-31,2019-11-30,EWJ,SMH,1
current_best all_with_region bucket10% top1 boost16,2019-11-30,2019-12-31,XLK,XLV,1
current_best all_with_region bucket10% top1 boost16,2019-12-31,2020-01-31,XLK,SMH,1
current_best all_with_region bucket10% top1 boost16,2020-01-31,2020-02-29,XLK,XLK,1
current_best all_with_region bucket10% top1 boost16,2020-02-29,2020-03-31,IEF,,0
current_best all_with_region bucket10% top1 boost16,2020-03-31,2020-04-30,IEF,,0
current_best all_with_region bucket10% top1 boost16,2020-04-30,2020-05-31,IEF,,0
current_best all_with_region bucket10% top1 boost16,2020-05-31,2020-06-30,SCHG,EDEN,1
current_best all_with_region bucket10% top1 boost16,2020-06-30,2020-07-31,XLK,KWEB,1
current_best all_with_region bucket10% top1 boost16,2020-07-31,2020-08-31,XLK,ARGT,1
current_best all_with_region bucket10% top1 boost16,2020-08-31,2020-09-30,XLK,XLK,1
current_best all_with_region bucket10% top1 boost16,2020-09-30,2020-10-31,XLK,SMH,1
current_best all_with_region bucket10% top1 boost16,2020-10-31,2020-11-30,EWY,MCHI,1
current_best all_with_region bucket10% top1 boost16,2020-11-30,2020-12-31,EWY,SMH,1
current_best all_with_region bucket10% top1 boost16,2020-12-31,2021-01-31,EWY,GXG,1
current_best all_with_region bucket10% top1 boost16,2021-01-31,2021-02-28,EWY,KWEB,1
current_best all_with_region bucket10% top1 boost16,2021-02-28,2021-03-31,EWY,XLE,1
current_best all_with_region bucket10% top1 boost16,2021-03-31,2021-04-30,XLK,SMH,1
current_best all_with_region bucket10% top1 boost16,2021-04-30,2021-05-31,SCHG,XLF,1
current_best all_with_region bucket10% top1 boost16,2021-05-31,2021-06-30,INDA,EPOL,1
current_best all_with_region bucket10% top1 boost16,2021-06-30,2021-07-31,SPMO,VNM,1
current_best all_with_region bucket10% top1 boost16,2021-07-31,2021-08-31,XLK,XLK,1
current_best all_with_region bucket10% top1 boost16,2021-08-31,2021-09-30,INDA,ARGT,1
current_best all_with_region bucket10% top1 boost16,2021-09-30,2021-10-31,INDA,EPI,1
current_best all_with_region bucket10% top1 boost16,2021-10-31,2021-11-30,SCHG,SCHG,1
current_best all_with_region bucket10% top1 boost16,2021-11-30,2021-12-31,XLK,SMH,1
current_best all_with_region bucket10% top1 boost16,2021-12-31,2022-01-31,XLK,XLP,1
current_best all_with_region bucket10% top1 boost16,2022-01-31,2022-02-28,,XLE,1
current_best all_with_region bucket10% top1 boost16,2022-02-28,2022-03-31,,EPU,1
current_best all_with_region bucket10% top1 boost16,2022-03-31,2022-04-30,BIL,EWZ,1
current_best all_with_region bucket10% top1 boost16,2022-04-30,2022-05-31,BIL,KSA,1
current_best all_with_region bucket10% top1 boost16,2022-05-31,2022-06-30,BIL,XLE,1
current_best all_with_region bucket10% top1 boost16,2022-06-30,2022-07-31,BIL,,0
current_best all_with_region bucket10% top1 boost16,2022-07-31,2022-08-31,BIL,DXJ,1
current_best all_with_region bucket10% top1 boost16,2022-08-31,2022-09-30,BIL,ECH,1
current_best all_with_region bucket10% top1 boost16,2022-09-30,2022-10-31,BIL,TUR,1
current_best all_with_region bucket10% top1 boost16,2022-10-31,2022-11-30,MTUM,XLE,1
current_best all_with_region bucket10% top1 boost16,2022-11-30,2022-12-31,MTUM,TUR,1
current_best all_with_region bucket10% top1 boost16,2022-12-31,2023-01-31,BIL,TUR,1
current_best all_with_region bucket10% top1 boost16,2023-01-31,2023-02-28,EWY,ARGT,1
current_best all_with_region bucket10% top1 boost16,2023-02-28,2023-03-31,XLK,GREK,1
current_best all_with_region bucket10% top1 boost16,2023-03-31,2023-04-30,XLK,SMH,1
current_best all_with_region bucket10% top1 boost16,2023-04-30,2023-05-31,XLK,EIRL,1
current_best all_with_region bucket10% top1 boost16,2023-05-31,2023-06-30,XLK,SMH,1
current_best all_with_region bucket10% top1 boost16,2023-06-30,2023-07-31,XLK,XLK,1
current_best all_with_region bucket10% top1 boost16,2023-07-31,2023-08-31,SCHG,EPOL,1
current_best all_with_region bucket10% top1 boost16,2023-08-31,2023-09-30,XLK,VNM,1
current_best all_with_region bucket10% top1 boost16,2023-09-30,2023-10-31,SPMO,EGPT,1
current_best all_with_region bucket10% top1 boost16,2023-10-31,2023-11-30,BIL,EGPT,1
current_best all_with_region bucket10% top1 boost16,2023-11-30,2023-12-31,XLK,PAK,1
current_best all_with_region bucket10% top1 boost16,2023-12-31,2024-01-31,XLK,SMH,1
current_best all_with_region bucket10% top1 boost16,2024-01-31,2024-02-29,SPMO,SMH,1
current_best all_with_region bucket10% top1 boost16,2024-02-29,2024-03-31,SPMO,SMH,1
current_best all_with_region bucket10% top1 boost16,2024-03-31,2024-04-30,SPMO,EPU,1
current_best all_with_region bucket10% top1 boost16,2024-04-30,2024-05-31,INDA,EPU,1
current_best all_with_region bucket10% top1 boost16,2024-05-31,2024-06-30,SPMO,EPU,1
current_best all_with_region bucket10% top1 boost16,2024-06-30,2024-07-31,SPMO,EWT,1
current_best all_with_region bucket10% top1 boost16,2024-07-31,2024-08-31,INDA,EPI,1
current_best all_with_region bucket10% top1 boost16,2024-08-31,2024-09-30,SPMO,EWM,1
current_best all_with_region bucket10% top1 boost16,2024-09-30,2024-10-31,SPMO,KWEB,1
current_best all_with_region bucket10% top1 boost16,2024-10-31,2024-11-30,MTUM,ARGT,1
current_best all_with_region bucket10% top1 boost16,2024-11-30,2024-12-31,MTUM,ARGT,1
current_best all_with_region bucket10% top1 boost16,2024-12-31,2025-01-31,SCHG,ARGT,1
current_best all_with_region bucket10% top1 boost16,2025-01-31,2025-02-28,SPMO,EIS,1
current_best all_with_region bucket10% top1 boost16,2025-02-28,2025-03-31,SPMO,GXG,1
current_best all_with_region bucket10% top1 boost16,2025-03-31,2025-04-30,IEF,EPOL,1
current_best all_with_region bucket10% top1 boost16,2025-04-30,2025-05-31,EWJ,GREK,1
current_best all_with_region bucket10% top1 boost16,2025-05-31,2025-06-30,SPMO,GREK,1
current_best all_with_region bucket10% top1 boost16,2025-06-30,2025-07-31,EWY,XAR,1
current_best all_with_region bucket10% top1 boost16,2025-07-31,2025-08-31,XLK,VNM,1
current_best all_with_region bucket10% top1 boost16,2025-08-31,2025-09-30,SCHG,VNM,1
current_best all_with_region bucket10% top1 boost16,2025-09-30,2025-10-31,EWY,EPU,1
current_best all_with_region bucket10% top1 boost16,2025-10-31,2025-11-30,EWY,EWY,1
current_best all_with_region bucket10% top1 boost16,2025-11-30,2025-12-31,EWY,ECH,1
current_best all_with_region bucket10% top1 boost16,2025-12-31,2026-01-31,EWY,EPU,1
current_best all_with_region bucket10% top1 boost16,2026-01-31,2026-02-28,EWY,EWY,1
current_best all_with_region bucket10% top1 boost16,2026-02-28,2026-03-31,EWY,EWY,1
current_best all_with_region bucket10% top1 boost16,2026-03-31,2026-04-29,BIL,XLE,1
current_best all_with_region bucket10% top2 boost16,2016-09-30,2016-10-31,EWY,"SMH,KWEB",2
current_best all_with_region bucket10% top2 boost16,2016-10-31,2016-11-30,EWJ,"EWZ,ECH",2
current_best all_with_region bucket10% top2 boost16,2016-11-30,2016-12-31,,"XLF,DXJ",2
current_best all_with_region bucket10% top2 boost16,2016-12-31,2017-01-31,SPMO,"PAK,KSA",2
current_best all_with_region bucket10% top2 boost16,2017-01-31,2017-02-28,XLK,"EPOL,ARGT",2
current_best all_with_region bucket10% top2 boost16,2017-02-28,2017-03-31,SCHG,"EPOL,XAR",2
current_best all_with_region bucket10% top2 boost16,2017-03-31,2017-04-30,INDA,"ARGT,EPI",2
current_best all_with_region bucket10% top2 boost16,2017-04-30,2017-05-31,EWY,"EPOL,KWEB",2
current_best all_with_region bucket10% top2 boost16,2017-05-31,2017-06-30,EWY,"EDEN,TUR",2
current_best all_with_region bucket10% top2 boost16,2017-06-30,2017-07-31,EWY,"GREK,EWI",2
current_best all_with_region bucket10% top2 boost16,2017-07-31,2017-08-31,INDA,"KWEB,TUR",2
current_best all_with_region bucket10% top2 boost16,2017-08-31,2017-09-30,XLK,"MCHI,EPOL",2
current_best all_with_region bucket10% top2 boost16,2017-09-30,2017-10-31,MTUM,"XAR,ITA",2
current_best all_with_region bucket10% top2 boost16,2017-10-31,2017-11-30,XLK,"SMH,EPU",2
current_best all_with_region bucket10% top2 boost16,2017-11-30,2017-12-31,SPMO,"VNM,EGPT",2
current_best all_with_region bucket10% top2 boost16,2017-12-31,2018-01-31,SPMO,"VNM,ARGT",2
current_best all_with_region bucket10% top2 boost16,2018-01-31,2018-02-28,SPMO,"GREK,VNM",2
current_best all_with_region bucket10% top2 boost16,2018-02-28,2018-03-31,SPMO,"VNM,THD",2
current_best all_with_region bucket10% top2 boost16,2018-03-31,2018-04-30,BIL,"EGPT,KSA",2
current_best all_with_region bucket10% top2 boost16,2018-04-30,2018-05-31,EWY,"KSA,EGPT",2
current_best all_with_region bucket10% top2 boost16,2018-05-31,2018-06-30,XLK,"KSA,XLK",2
current_best all_with_region bucket10% top2 boost16,2018-06-30,2018-07-31,XLK,"XLE,KSA",2
current_best all_with_region bucket10% top2 boost16,2018-07-31,2018-08-31,SPMO,"QAT,XLV",2
current_best all_with_region bucket10% top2 boost16,2018-08-31,2018-09-30,XLK,"EIS,XLK",2
current_best all_with_region bucket10% top2 boost16,2018-09-30,2018-10-31,SPMO,"XLV,XAR",2
current_best all_with_region bucket10% top2 boost16,2018-10-31,2018-11-30,BIL,"QAT,EWZ",2
current_best all_with_region bucket10% top2 boost16,2018-11-30,2018-12-31,IEF,"QAT,XLV",2
current_best all_with_region bucket10% top2 boost16,2018-12-31,2019-01-31,IEF,"EIDO,EWZ",2
current_best all_with_region bucket10% top2 boost16,2019-01-31,2019-02-28,IEF,"EWZ,KSA",2
current_best all_with_region bucket10% top2 boost16,2019-02-28,2019-03-31,SPMO,"KWEB,ARGT",2
current_best all_with_region bucket10% top2 boost16,2019-03-31,2019-04-30,XLK,"XLK,SMH",2
current_best all_with_region bucket10% top2 boost16,2019-04-30,2019-05-31,XLK,"SMH,XLK",2
current_best all_with_region bucket10% top2 boost16,2019-05-31,2019-06-30,INDA,"GREK,INDA",2
current_best all_with_region bucket10% top2 boost16,2019-06-30,2019-07-31,MTUM,"ARGT,GREK",2
current_best all_with_region bucket10% top2 boost16,2019-07-31,2019-08-31,XLK,"GREK,SMH",2
current_best all_with_region bucket10% top2 boost16,2019-08-31,2019-09-30,IEF,"XLU,XAR",2
current_best all_with_region bucket10% top2 boost16,2019-09-30,2019-10-31,EWJ,"XLU,ITA",2
current_best all_with_region bucket10% top2 boost16,2019-10-31,2019-11-30,EWJ,"SMH,EWT",2
current_best all_with_region bucket10% top2 boost16,2019-11-30,2019-12-31,XLK,"XLV,PAK",2
current_best all_with_region bucket10% top2 boost16,2019-12-31,2020-01-31,XLK,"SMH,EWZ",2
current_best all_with_region bucket10% top2 boost16,2020-01-31,2020-02-29,XLK,"XLK,EDEN",2
current_best all_with_region bucket10% top2 boost16,2020-02-29,2020-03-31,IEF,,0
current_best all_with_region bucket10% top2 boost16,2020-03-31,2020-04-30,IEF,,0
current_best all_with_region bucket10% top2 boost16,2020-04-30,2020-05-31,IEF,,0
current_best all_with_region bucket10% top2 boost16,2020-05-31,2020-06-30,SCHG,"EDEN,SCHG",2
current_best all_with_region bucket10% top2 boost16,2020-06-30,2020-07-31,XLK,"KWEB,XLK",2
current_best all_with_region bucket10% top2 boost16,2020-07-31,2020-08-31,XLK,"ARGT,SMH",2
current_best all_with_region bucket10% top2 boost16,2020-08-31,2020-09-30,XLK,"XLK,SCHG",2
current_best all_with_region bucket10% top2 boost16,2020-09-30,2020-10-31,XLK,"SMH,XLK",2
current_best all_with_region bucket10% top2 boost16,2020-10-31,2020-11-30,EWY,"MCHI,KWEB",2
current_best all_with_region bucket10% top2 boost16,2020-11-30,2020-12-31,EWY,"SMH,EWY",2
current_best all_with_region bucket10% top2 boost16,2020-12-31,2021-01-31,EWY,"GXG,EWY",2
current_best all_with_region bucket10% top2 boost16,2021-01-31,2021-02-28,EWY,"KWEB,SMH",2
current_best all_with_region bucket10% top2 boost16,2021-02-28,2021-03-31,EWY,"XLE,SMH",2
current_best all_with_region bucket10% top2 boost16,2021-03-31,2021-04-30,XLK,"SMH,EWT",2
current_best all_with_region bucket10% top2 boost16,2021-04-30,2021-05-31,SCHG,"XLF,KSA",2
current_best all_with_region bucket10% top2 boost16,2021-05-31,2021-06-30,INDA,"EPOL,EWC",2
current_best all_with_region bucket10% top2 boost16,2021-06-30,2021-07-31,SPMO,"VNM,EWZ",2
current_best all_with_region bucket10% top2 boost16,2021-07-31,2021-08-31,XLK,"XLK,SCHG",2
current_best all_with_region bucket10% top2 boost16,2021-08-31,2021-09-30,INDA,"ARGT,INDA",2
current_best all_with_region bucket10% top2 boost16,2021-09-30,2021-10-31,INDA,"EPI,INDA",2
current_best all_with_region bucket10% top2 boost16,2021-10-31,2021-11-30,SCHG,"SCHG,XLK",2
current_best all_with_region bucket10% top2 boost16,2021-11-30,2021-12-31,XLK,"SMH,UAE",2
current_best all_with_region bucket10% top2 boost16,2021-12-31,2022-01-31,XLK,"XLP,SMH",2
current_best all_with_region bucket10% top2 boost16,2022-01-31,2022-02-28,,"XLE,KSA",2
current_best all_with_region bucket10% top2 boost16,2022-02-28,2022-03-31,,"EPU,XLE",2
current_best all_with_region bucket10% top2 boost16,2022-03-31,2022-04-30,BIL,"EWZ,ARGT",2
current_best all_with_region bucket10% top2 boost16,2022-04-30,2022-05-31,BIL,"KSA,UAE",2
current_best all_with_region bucket10% top2 boost16,2022-05-31,2022-06-30,BIL,"XLE,ECH",2
current_best all_with_region bucket10% top2 boost16,2022-06-30,2022-07-31,BIL,,0
current_best all_with_region bucket10% top2 boost16,2022-07-31,2022-08-31,BIL,"DXJ,XLP",2
current_best all_with_region bucket10% top2 boost16,2022-08-31,2022-09-30,BIL,"ECH,XLE",2
current_best all_with_region bucket10% top2 boost16,2022-09-30,2022-10-31,BIL,TUR,1
current_best all_with_region bucket10% top2 boost16,2022-10-31,2022-11-30,MTUM,"XLE,TUR",2
current_best all_with_region bucket10% top2 boost16,2022-11-30,2022-12-31,MTUM,"TUR,EWI",2
current_best all_with_region bucket10% top2 boost16,2022-12-31,2023-01-31,BIL,"TUR,EPOL",2
current_best all_with_region bucket10% top2 boost16,2023-01-31,2023-02-28,EWY,"ARGT,GREK",2
current_best all_with_region bucket10% top2 boost16,2023-02-28,2023-03-31,XLK,"GREK,ARGT",2
current_best all_with_region bucket10% top2 boost16,2023-03-31,2023-04-30,XLK,"SMH,XLK",2
current_best all_with_region bucket10% top2 boost16,2023-04-30,2023-05-31,XLK,"EIRL,EPOL",2
current_best all_with_region bucket10% top2 boost16,2023-05-31,2023-06-30,XLK,"SMH,GREK",2
current_best all_with_region bucket10% top2 boost16,2023-06-30,2023-07-31,XLK,"XLK,SMH",2
current_best all_with_region bucket10% top2 boost16,2023-07-31,2023-08-31,SCHG,"EPOL,VNM",2
current_best all_with_region bucket10% top2 boost16,2023-08-31,2023-09-30,XLK,"VNM,SMH",2
current_best all_with_region bucket10% top2 boost16,2023-09-30,2023-10-31,SPMO,"EGPT,DXJ",2
current_best all_with_region bucket10% top2 boost16,2023-10-31,2023-11-30,BIL,"EGPT,PAK",2
current_best all_with_region bucket10% top2 boost16,2023-11-30,2023-12-31,XLK,"PAK,ARGT",2
current_best all_with_region bucket10% top2 boost16,2023-12-31,2024-01-31,XLK,"SMH,EWD",2
current_best all_with_region bucket10% top2 boost16,2024-01-31,2024-02-29,SPMO,"SMH,EGPT",2
current_best all_with_region bucket10% top2 boost16,2024-02-29,2024-03-31,SPMO,"SMH,EIS",2
current_best all_with_region bucket10% top2 boost16,2024-03-31,2024-04-30,SPMO,"EPU,DXJ",2
current_best all_with_region bucket10% top2 boost16,2024-04-30,2024-05-31,INDA,"EPU,TUR",2
current_best all_with_region bucket10% top2 boost16,2024-05-31,2024-06-30,SPMO,"EPU,SMH",2
current_best all_with_region bucket10% top2 boost16,2024-06-30,2024-07-31,SPMO,"EWT,SMH",2
current_best all_with_region bucket10% top2 boost16,2024-07-31,2024-08-31,INDA,"EPI,EZA",2
current_best all_with_region bucket10% top2 boost16,2024-08-31,2024-09-30,SPMO,"EWM,ARGT",2
current_best all_with_region bucket10% top2 boost16,2024-09-30,2024-10-31,SPMO,"KWEB,EZA",2
current_best all_with_region bucket10% top2 boost16,2024-10-31,2024-11-30,MTUM,"ARGT,XLU",2
current_best all_with_region bucket10% top2 boost16,2024-11-30,2024-12-31,MTUM,"ARGT,XAR",2
current_best all_with_region bucket10% top2 boost16,2024-12-31,2025-01-31,SCHG,"ARGT,EIS",2
current_best all_with_region bucket10% top2 boost16,2025-01-31,2025-02-28,SPMO,"EIS,GXG",2
current_best all_with_region bucket10% top2 boost16,2025-02-28,2025-03-31,SPMO,"GXG,EPOL",2
current_best all_with_region bucket10% top2 boost16,2025-03-31,2025-04-30,IEF,"EPOL,GREK",2
current_best all_with_region bucket10% top2 boost16,2025-04-30,2025-05-31,EWJ,"GREK,EWP",2
current_best all_with_region bucket10% top2 boost16,2025-05-31,2025-06-30,SPMO,"GREK,EWP",2
current_best all_with_region bucket10% top2 boost16,2025-06-30,2025-07-31,EWY,"XAR,GREK",2
current_best all_with_region bucket10% top2 boost16,2025-07-31,2025-08-31,XLK,"VNM,XAR",2
current_best all_with_region bucket10% top2 boost16,2025-08-31,2025-09-30,SCHG,"VNM,EPU",2
current_best all_with_region bucket10% top2 boost16,2025-09-30,2025-10-31,EWY,"EPU,EZA",2
current_best all_with_region bucket10% top2 boost16,2025-10-31,2025-11-30,EWY,"EWY,SMH",2
current_best all_with_region bucket10% top2 boost16,2025-11-30,2025-12-31,EWY,"ECH,EPU",2
current_best all_with_region bucket10% top2 boost16,2025-12-31,2026-01-31,EWY,"EPU,EZA",2
current_best all_with_region bucket10% top2 boost16,2026-01-31,2026-02-28,EWY,"EWY,EPU",2
current_best all_with_region bucket10% top2 boost16,2026-02-28,2026-03-31,EWY,"EWY,EPU",2
current_best all_with_region bucket10% top2 boost16,2026-03-31,2026-04-29,BIL,"XLE,NORW",2
current_best all_with_region bucket10% top3 boost16,2016-09-30,2016-10-31,EWY,"SMH,KWEB,EWT",3
current_best all_with_region bucket10% top3 boost16,2016-10-31,2016-11-30,EWJ,"EWZ,ECH,DXJ",3
current_best all_with_region bucket10% top3 boost16,2016-11-30,2016-12-31,,"XLF,DXJ,KSA",3
current_best all_with_region bucket10% top3 boost16,2016-12-31,2017-01-31,SPMO,"PAK,KSA,XLF",3
current_best all_with_region bucket10% top3 boost16,2017-01-31,2017-02-28,XLK,"EPOL,ARGT,EWZ",3
current_best all_with_region bucket10% top3 boost16,2017-02-28,2017-03-31,SCHG,"EPOL,XAR,ITA",3
current_best all_with_region bucket10% top3 boost16,2017-03-31,2017-04-30,INDA,"ARGT,EPI,EWP",3
current_best all_with_region bucket10% top3 boost16,2017-04-30,2017-05-31,EWY,"EPOL,KWEB,EWP",3
current_best all_with_region bucket10% top3 boost16,2017-05-31,2017-06-30,EWY,"EDEN,TUR,EWY",3
current_best all_with_region bucket10% top3 boost16,2017-06-30,2017-07-31,EWY,"GREK,EWI,TUR",3
current_best all_with_region bucket10% top3 boost16,2017-07-31,2017-08-31,INDA,"KWEB,TUR,MCHI",3
current_best all_with_region bucket10% top3 boost16,2017-08-31,2017-09-30,XLK,"MCHI,EPOL,KWEB",3
current_best all_with_region bucket10% top3 boost16,2017-09-30,2017-10-31,MTUM,"XAR,ITA,MCHI",3
current_best all_with_region bucket10% top3 boost16,2017-10-31,2017-11-30,XLK,"SMH,EPU,XLK",3
current_best all_with_region bucket10% top3 boost16,2017-11-30,2017-12-31,SPMO,"VNM,EGPT,SPMO",3
current_best all_with_region bucket10% top3 boost16,2017-12-31,2018-01-31,SPMO,"VNM,ARGT,EZA",3
current_best all_with_region bucket10% top3 boost16,2018-01-31,2018-02-28,SPMO,"GREK,VNM,ARGT",3
current_best all_with_region bucket10% top3 boost16,2018-02-28,2018-03-31,SPMO,"VNM,THD,KWEB",3
current_best all_with_region bucket10% top3 boost16,2018-03-31,2018-04-30,BIL,"EGPT,KSA,EWM",3
current_best all_with_region bucket10% top3 boost16,2018-04-30,2018-05-31,EWY,"KSA,EGPT,EPU",3
current_best all_with_region bucket10% top3 boost16,2018-05-31,2018-06-30,XLK,"KSA,XLK,QAT",3
current_best all_with_region bucket10% top3 boost16,2018-06-30,2018-07-31,XLK,"XLE,KSA,SCHG",3
current_best all_with_region bucket10% top3 boost16,2018-07-31,2018-08-31,SPMO,"QAT,XLV,XAR",3
current_best all_with_region bucket10% top3 boost16,2018-08-31,2018-09-30,XLK,"EIS,XLK,XLV",3
current_best all_with_region bucket10% top3 boost16,2018-09-30,2018-10-31,SPMO,"XLV,XAR,QAT",3
current_best all_with_region bucket10% top3 boost16,2018-10-31,2018-11-30,BIL,"QAT,EWZ,XLP",3
current_best all_with_region bucket10% top3 boost16,2018-11-30,2018-12-31,IEF,"QAT,XLV,EIDO",3
current_best all_with_region bucket10% top3 boost16,2018-12-31,2019-01-31,IEF,"EIDO,EWZ,QAT",3
current_best all_with_region bucket10% top3 boost16,2019-01-31,2019-02-28,IEF,"EWZ,KSA,TUR",3
current_best all_with_region bucket10% top3 boost16,2019-02-28,2019-03-31,SPMO,"KWEB,ARGT,SMH",3
current_best all_with_region bucket10% top3 boost16,2019-03-31,2019-04-30,XLK,"XLK,SMH,EPI",3
current_best all_with_region bucket10% top3 boost16,2019-04-30,2019-05-31,XLK,"SMH,XLK,KSA",3
current_best all_with_region bucket10% top3 boost16,2019-05-31,2019-06-30,INDA,"GREK,INDA,EPI",3
current_best all_with_region bucket10% top3 boost16,2019-06-30,2019-07-31,MTUM,"ARGT,GREK,ENZL",3
current_best all_with_region bucket10% top3 boost16,2019-07-31,2019-08-31,XLK,"GREK,SMH,XAR",3
current_best all_with_region bucket10% top3 boost16,2019-08-31,2019-09-30,IEF,"XLU,XAR,XLP",3
current_best all_with_region bucket10% top3 boost16,2019-09-30,2019-10-31,EWJ,"XLU,ITA,TUR",3
current_best all_with_region bucket10% top3 boost16,2019-10-31,2019-11-30,EWJ,"SMH,EWT,DXJ",3
current_best all_with_region bucket10% top3 boost16,2019-11-30,2019-12-31,XLK,"XLV,PAK,XLK",3
current_best all_with_region bucket10% top3 boost16,2019-12-31,2020-01-31,XLK,"SMH,EWZ,EWT",3
current_best all_with_region bucket10% top3 boost16,2020-01-31,2020-02-29,XLK,"XLK,EDEN,SCHG",3
current_best all_with_region bucket10% top3 boost16,2020-02-29,2020-03-31,IEF,,0
current_best all_with_region bucket10% top3 boost16,2020-03-31,2020-04-30,IEF,,0
current_best all_with_region bucket10% top3 boost16,2020-04-30,2020-05-31,IEF,,0
current_best all_with_region bucket10% top3 boost16,2020-05-31,2020-06-30,SCHG,"EDEN,SCHG,XLK",3
current_best all_with_region bucket10% top3 boost16,2020-06-30,2020-07-31,XLK,"KWEB,XLK,SMH",3
current_best all_with_region bucket10% top3 boost16,2020-07-31,2020-08-31,XLK,"ARGT,SMH,EWT",3
current_best all_with_region bucket10% top3 boost16,2020-08-31,2020-09-30,XLK,"XLK,SCHG,KWEB",3
current_best all_with_region bucket10% top3 boost16,2020-09-30,2020-10-31,XLK,"SMH,XLK,EWY",3
current_best all_with_region bucket10% top3 boost16,2020-10-31,2020-11-30,EWY,"MCHI,KWEB,XLU",3
current_best all_with_region bucket10% top3 boost16,2020-11-30,2020-12-31,EWY,"SMH,EWY,XAR",3
current_best all_with_region bucket10% top3 boost16,2020-12-31,2021-01-31,EWY,"GXG,EWY,TUR",3
current_best all_with_region bucket10% top3 boost16,2021-01-31,2021-02-28,EWY,"KWEB,SMH,EWT",3
current_best all_with_region bucket10% top3 boost16,2021-02-28,2021-03-31,EWY,"XLE,SMH,XLF",3
current_best all_with_region bucket10% top3 boost16,2021-03-31,2021-04-30,XLK,"SMH,EWT,KSA",3
current_best all_with_region bucket10% top3 boost16,2021-04-30,2021-05-31,SCHG,"XLF,KSA,EWT",3
current_best all_with_region bucket10% top3 boost16,2021-05-31,2021-06-30,INDA,"EPOL,EWC,KSA",3
current_best all_with_region bucket10% top3 boost16,2021-06-30,2021-07-31,SPMO,"VNM,EWZ,UAE",3
current_best all_with_region bucket10% top3 boost16,2021-07-31,2021-08-31,XLK,"XLK,SCHG,XLV",3
current_best all_with_region bucket10% top3 boost16,2021-08-31,2021-09-30,INDA,"ARGT,INDA,EPI",3
current_best all_with_region bucket10% top3 boost16,2021-09-30,2021-10-31,INDA,"EPI,INDA,KSA",3
current_best all_with_region bucket10% top3 boost16,2021-10-31,2021-11-30,SCHG,"SCHG,XLK,SPMO",3
current_best all_with_region bucket10% top3 boost16,2021-11-30,2021-12-31,XLK,"SMH,UAE,XLK",3
current_best all_with_region bucket10% top3 boost16,2021-12-31,2022-01-31,XLK,"XLP,SMH,XLU",3
current_best all_with_region bucket10% top3 boost16,2022-01-31,2022-02-28,,"XLE,KSA,EPU",3
current_best all_with_region bucket10% top3 boost16,2022-02-28,2022-03-31,,"EPU,XLE,UAE",3
current_best all_with_region bucket10% top3 boost16,2022-03-31,2022-04-30,BIL,"EWZ,ARGT,EWW",3
current_best all_with_region bucket10% top3 boost16,2022-04-30,2022-05-31,BIL,"KSA,UAE,QAT",3
current_best all_with_region bucket10% top3 boost16,2022-05-31,2022-06-30,BIL,"XLE,ECH,XLU",3
current_best all_with_region bucket10% top3 boost16,2022-06-30,2022-07-31,BIL,,0
current_best all_with_region bucket10% top3 boost16,2022-07-31,2022-08-31,BIL,"DXJ,XLP",2
current_best all_with_region bucket10% top3 boost16,2022-08-31,2022-09-30,BIL,"ECH,XLE,TUR",3
current_best all_with_region bucket10% top3 boost16,2022-09-30,2022-10-31,BIL,TUR,1
current_best all_with_region bucket10% top3 boost16,2022-10-31,2022-11-30,MTUM,"XLE,TUR,ITA",3
current_best all_with_region bucket10% top3 boost16,2022-11-30,2022-12-31,MTUM,"TUR,EWI,EWG",3
current_best all_with_region bucket10% top3 boost16,2022-12-31,2023-01-31,BIL,"TUR,EPOL,GREK",3
current_best all_with_region bucket10% top3 boost16,2023-01-31,2023-02-28,EWY,"ARGT,GREK,EIRL",3
current_best all_with_region bucket10% top3 boost16,2023-02-28,2023-03-31,XLK,"GREK,ARGT,EWP",3
current_best all_with_region bucket10% top3 boost16,2023-03-31,2023-04-30,XLK,"SMH,XLK,EDEN",3
current_best all_with_region bucket10% top3 boost16,2023-04-30,2023-05-31,XLK,"EIRL,EPOL,EWQ",3
current_best all_with_region bucket10% top3 boost16,2023-05-31,2023-06-30,XLK,"SMH,GREK,XLK",3
current_best all_with_region bucket10% top3 boost16,2023-06-30,2023-07-31,XLK,"XLK,SMH,ARGT",3
current_best all_with_region bucket10% top3 boost16,2023-07-31,2023-08-31,SCHG,"EPOL,VNM,GXG",3
current_best all_with_region bucket10% top3 boost16,2023-08-31,2023-09-30,XLK,"VNM,SMH,TUR",3
current_best all_with_region bucket10% top3 boost16,2023-09-30,2023-10-31,SPMO,"EGPT,DXJ,TUR",3
current_best all_with_region bucket10% top3 boost16,2023-10-31,2023-11-30,BIL,"EGPT,PAK,EPOL",3
current_best all_with_region bucket10% top3 boost16,2023-11-30,2023-12-31,XLK,"PAK,ARGT,EPOL",3
current_best all_with_region bucket10% top3 boost16,2023-12-31,2024-01-31,XLK,"SMH,EWD,EWZ",3
current_best all_with_region bucket10% top3 boost16,2024-01-31,2024-02-29,SPMO,"SMH,EGPT,SPMO",3
current_best all_with_region bucket10% top3 boost16,2024-02-29,2024-03-31,SPMO,"SMH,EIS,SPMO",3
current_best all_with_region bucket10% top3 boost16,2024-03-31,2024-04-30,SPMO,"EPU,DXJ,SPMO",3
current_best all_with_region bucket10% top3 boost16,2024-04-30,2024-05-31,INDA,"EPU,TUR,ARGT",3
current_best all_with_region bucket10% top3 boost16,2024-05-31,2024-06-30,SPMO,"EPU,SMH,TUR",3
current_best all_with_region bucket10% top3 boost16,2024-06-30,2024-07-31,SPMO,"EWT,SMH,SPMO",3
current_best all_with_region bucket10% top3 boost16,2024-07-31,2024-08-31,INDA,"EPI,EZA,ITA",3
current_best all_with_region bucket10% top3 boost16,2024-08-31,2024-09-30,SPMO,"EWM,ARGT,XLF",3
current_best all_with_region bucket10% top3 boost16,2024-09-30,2024-10-31,SPMO,"KWEB,EZA,MCHI",3
current_best all_with_region bucket10% top3 boost16,2024-10-31,2024-11-30,MTUM,"ARGT,XLU,EZA",3
current_best all_with_region bucket10% top3 boost16,2024-11-30,2024-12-31,MTUM,"ARGT,XAR,XLF",3
current_best all_with_region bucket10% top3 boost16,2024-12-31,2025-01-31,SCHG,"ARGT,EIS,UAE",3
current_best all_with_region bucket10% top3 boost16,2025-01-31,2025-02-28,SPMO,"EIS,GXG,XLF",3
current_best all_with_region bucket10% top3 boost16,2025-02-28,2025-03-31,SPMO,"GXG,EPOL,EWP",3
current_best all_with_region bucket10% top3 boost16,2025-03-31,2025-04-30,IEF,"EPOL,GREK,EWP",3
current_best all_with_region bucket10% top3 boost16,2025-04-30,2025-05-31,EWJ,"GREK,EWP,ECH",3
current_best all_with_region bucket10% top3 boost16,2025-05-31,2025-06-30,SPMO,"GREK,EWP,ITA",3
current_best all_with_region bucket10% top3 boost16,2025-06-30,2025-07-31,EWY,"XAR,GREK,EWY",3
current_best all_with_region bucket10% top3 boost16,2025-07-31,2025-08-31,XLK,"VNM,XAR,ITA",3
current_best all_with_region bucket10% top3 boost16,2025-08-31,2025-09-30,SCHG,"VNM,EPU,GXG",3
current_best all_with_region bucket10% top3 boost16,2025-09-30,2025-10-31,EWY,"EPU,EZA,KWEB",3
current_best all_with_region bucket10% top3 boost16,2025-10-31,2025-11-30,EWY,"EWY,SMH,GXG",3
current_best all_with_region bucket10% top3 boost16,2025-11-30,2025-12-31,EWY,"ECH,EPU,EWZ",3
current_best all_with_region bucket10% top3 boost16,2025-12-31,2026-01-31,EWY,"EPU,EZA,ECH",3
current_best all_with_region bucket10% top3 boost16,2026-01-31,2026-02-28,EWY,"EWY,EPU,GXG",3
current_best all_with_region bucket10% top3 boost16,2026-02-28,2026-03-31,EWY,"EWY,EPU,EZA",3
current_best all_with_region bucket10% top3 boost16,2026-03-31,2026-04-29,BIL,"XLE,NORW,EWZ",3
