,One-model US cap 70% / TH cap 30% stockcap5 penalty0.02 assets50 Baseline + daily exposure,One-model US cap 70% / TH cap 30% stockcap5 penalty0.02 assets50 AI-tech cap 40% + daily exposure,One-model US cap 70% / TH cap 30% stockcap5 penalty0.02 assets50 AI-tech cap 35% + daily exposure,One-model US cap 70% / TH cap 30% stockcap5 penalty0.02 assets50 AI-tech cap 30% + daily exposure,One-model US cap 70% / TH cap 30% stockcap5 penalty0.02 assets50 AI-tech cap 25% + daily exposure,One-model US cap 70% / TH cap 30% stockcap5 penalty0.02 assets50 AI-tech cap 20% + daily exposure
2007-12-31,10000.0,10000.0,10000.0,10000.0,10000.0,10000.0
2008-01-02,10039.275877309381,10039.275877309381,10039.275877309381,10039.275877309381,10039.275877309381,10039.27587707115
2008-01-03,9989.197208217558,9989.197208217558,9989.197208217558,9989.197208217558,9989.197208217558,9989.197210207978
2008-01-04,9775.073511422137,9775.073511422137,9775.073511422137,9775.073511422137,9775.073511422139,9775.073513470152
2008-01-07,9668.414077824977,9668.414077824977,9668.414077824977,9668.414077824977,9668.414077824977,9668.414078371616
2008-01-08,9681.442405415724,9681.442405415724,9681.442405415724,9681.442405415724,9681.442405415726,9681.442404481066
2008-01-09,9793.318657924703,9793.318657924703,9793.318657924703,9793.318657924703,9793.318657924703,9793.318658074411
2008-01-10,9668.340225661917,9668.340225661917,9668.340225661917,9668.340225661917,9668.340225661917,9668.340225729939
2008-01-11,9692.456795159731,9692.456795159731,9692.456795159731,9692.456795159731,9692.456795159731,9692.456794383537
2008-01-14,9875.18657343112,9875.18657343112,9875.18657343112,9875.18657343112,9875.18657343112,9875.18657189091
2008-01-15,9694.549681829234,9694.549681829234,9694.549681829234,9694.549681829234,9694.549681829234,9694.549680594531
2008-01-16,9560.358327797208,9560.358327797208,9560.358327797208,9560.358327797208,9560.358327797208,9560.358326353124
2008-01-17,9652.024123755442,9652.024123755442,9652.024123755442,9652.024123755442,9652.024123755442,9652.024120945305
2008-01-18,9840.487043147428,9840.487043147428,9840.487043147428,9840.487043147428,9840.487043147428,9840.487040367036
2008-01-21,9699.66901168107,9699.66901168107,9699.66901168107,9699.66901168107,9699.66901168107,9699.669008729896
2008-01-22,9451.087940860825,9451.087940860825,9451.087940860825,9451.087940860825,9451.087940860825,9451.08793764586
2008-01-23,9344.22079779396,9344.22079779396,9344.22079779396,9344.22079779396,9344.220797793963,9344.22079433876
2008-01-24,9415.185871495567,9415.185871495567,9415.185871495567,9415.185871495567,9415.18587149557,9415.185867671753
2008-01-25,9593.93449502267,9593.93449502267,9593.93449502267,9593.93449502267,9593.934495022673,9593.934489804124
2008-01-28,9683.626826521155,9683.626826521155,9683.626826521155,9683.626826521155,9683.626826521158,9683.626820050788
2008-01-29,9735.405253122673,9735.405253122673,9735.405253122673,9735.405253122673,9735.405253122677,9735.40524452559
2008-01-30,9701.143696705964,9701.143696705964,9701.143696705964,9701.143696705964,9701.143696705969,9701.1436875929
2008-01-31,9770.527564284925,9770.527564284925,9770.527564284925,9770.527564284925,9770.52756428493,9770.527556398874
2008-02-01,9810.96217256876,9810.96217256876,9810.96217256876,9810.96217256876,9810.962172568765,9810.962164650073
2008-02-04,9678.060441343947,9678.060441343947,9678.060441343947,9678.060441343947,9678.06044134395,9678.060433532528
2008-02-05,9450.943664001834,9450.943664001834,9450.943664001834,9450.943664001834,9450.94366400184,9450.943656373727
2008-02-06,9414.632125119822,9414.632125119822,9414.632125119822,9414.632125119822,9414.632125119826,9414.632117521023
2008-02-07,9535.709173423498,9535.709173423498,9535.709173423498,9535.709173423498,9535.709173423502,9535.709165726974
2008-02-08,9620.640234985172,9620.640234985172,9620.640234985172,9620.640234985172,9620.640234985178,9620.6402272201
2008-02-11,9752.342651609222,9752.342651609222,9752.342651609222,9752.342651609222,9752.342651609228,9752.342643737848
2008-02-12,9860.86562206689,9860.86562206689,9860.86562206689,9860.86562206689,9860.865622066896,9860.865614107925
2008-02-13,9996.323622766808,9996.323622766808,9996.323622766808,9996.323622766808,9996.323622766813,9996.323614698511
2008-02-14,9901.487994618068,9901.487994618068,9901.487994618068,9901.487994618068,9901.487994618075,9901.487986626316
2008-02-15,9838.941312777932,9838.941312777932,9838.941312777932,9838.941312777932,9838.941312777937,9838.941304836662
2008-02-18,9871.965481368245,9871.965481368245,9871.965481368245,9871.965481368245,9871.96548136825,9871.96547340032
2008-02-19,9991.752816872715,9991.752816872715,9991.752816872715,9991.752816872715,9991.75281687272,9991.752808808107
2008-02-20,9934.978909645546,9934.978909645546,9934.978909645546,9934.978909645546,9934.978909645552,9934.978901626762
2008-02-21,9949.370516667936,9949.370516667936,9949.370516667936,9949.370516667936,9949.370516667941,9949.370508637538
2008-02-22,10262.999000269845,10262.999000269845,10262.999000269845,10262.999000269845,10262.99900026985,10262.99899198631
2008-02-25,10015.083005827892,10015.083005827892,10015.083005827892,10015.083005827892,10015.083005827895,10015.082997744455
2008-02-26,9784.266988912323,9784.266988912323,9784.266988912323,9784.266988912323,9784.266988912326,9784.266981015184
2008-02-27,9855.931574344133,9855.931574344133,9855.931574344133,9855.931574344133,9855.931574344138,9855.931566389152
2008-02-28,9715.479063995668,9715.479063995668,9715.479063995668,9715.479063995668,9715.479063995674,9715.47905615405
2008-02-29,9683.797542181117,9683.797542181117,9683.797542181117,9683.797542181117,9683.797542181122,9683.797534365069
2008-03-03,10333.690483702982,10333.690483702982,10333.690483702982,10333.690483702982,10333.690483702987,10333.69047536239
2008-03-04,10226.470314791573,10226.470314791573,10226.470314791573,10226.470314791573,10226.470314791579,10226.470306537522
2008-03-05,10422.81506645137,10422.81506645137,10422.81506645137,10422.81506645137,10422.815066451374,10422.815058038841
2008-03-06,10210.311081200289,10210.311081200289,10210.311081200289,10210.311081200289,10210.311081200294,10210.311072959279
2008-03-07,10124.291160886547,10124.291160886547,10124.291160886547,10124.291160886547,10124.291160886552,10124.291152714966
2008-03-10,10000.431309353113,10000.431309353113,10000.431309353113,10000.431309353113,10000.431309353116,10000.4313012815
2008-03-11,10318.173980141202,10318.173980141202,10318.173980141202,10318.173980141202,10318.173980141208,10318.173971813134
2008-03-12,10249.321309011762,10249.321309011762,10249.321309011762,10249.321309011762,10249.321309011768,10249.321300739268
2008-03-13,10385.3346741649,10385.3346741649,10385.3346741649,10385.3346741649,10385.334674164906,10385.334665782626
2008-03-14,10247.093318399722,10247.093318399722,10247.093318399722,10247.093318399722,10247.093318399728,10247.093310129025
2008-03-17,10046.896048832676,10046.896048832676,10046.896048832676,10046.896048832676,10046.896048832681,10046.896040723563
2008-03-18,10411.385069335489,10411.385069335489,10411.385069335489,10411.385069335489,10411.385069335493,10411.385060932185
2008-03-19,9769.288261546126,9769.288261546126,9769.288261546126,9769.288261546126,9769.288261546131,9769.288253661078
2008-03-20,9803.272426901229,9803.272426901229,9803.272426901229,9803.272426901229,9803.272426901234,9803.27241898875
2008-03-21,9177.202634343017,9177.202634343017,9177.202634343017,9177.202634343017,9177.20263434302,9177.202626935854
2008-03-24,9880.322199375447,9880.322199375447,9880.322199375447,9880.322199375447,9880.322199375452,9880.322191400777
2008-03-25,10004.372839017557,10004.372839017557,10004.372839017557,10004.372839017557,10004.372839017562,10004.372830942762
2008-03-26,10049.966897762712,10049.966897762712,10049.966897762712,10049.966897762712,10049.966897762717,10049.966889651116
2008-03-27,10028.130058814795,10028.130058814795,10028.130058814795,10028.130058814795,10028.130058814799,10028.130050720825
2008-03-28,9980.51350161865,9980.51350161865,9980.51350161865,9980.51350161865,9980.513501618654,9980.513493563112
2008-03-31,9952.029379420677,9952.029379420677,9952.029379420677,9952.029379420677,9952.029379420681,9952.029371388131
2008-04-01,10030.288827547032,10030.288827547032,10030.288827547032,10030.288827547032,10030.288827547036,10030.288819451318
2008-04-02,10135.75162414333,10135.75162414333,10135.75162414333,10135.75162414333,10135.751624143335,10135.751615962496
2008-04-03,10174.35242854312,10174.35242854312,10174.35242854312,10174.35242854312,10174.352428543123,10174.35242033113
2008-04-04,10164.44744914887,10164.44744914887,10164.44744914887,10164.44744914887,10164.447449148875,10164.447440944874
2008-04-07,10182.113266013099,10182.113266013099,10182.113266013099,10182.113266013099,10182.113266013104,10182.113257794845
2008-04-08,10070.687344691565,10070.687344691565,10070.687344691565,10070.687344691565,10070.687344691569,10070.687336563244
2008-04-09,10052.53303352248,10052.53303352248,10052.53303352248,10052.53303352248,10052.533033522486,10052.533025408815
2008-04-10,10090.825084545084,10090.825084545084,10090.825084545084,10090.825084545084,10090.825084545088,10090.82507640051
2008-04-11,10077.205762417454,10077.205762417454,10077.205762417454,10077.205762417454,10077.205762417458,10077.205754283872
2008-04-14,10073.516153646091,10073.516153646091,10073.516153646091,10073.516153646091,10073.516153646096,10073.516145515487
2008-04-15,10087.458213290578,10087.458213290578,10087.458213290578,10087.458213290578,10087.458213290583,10087.458205148721
2008-04-16,10207.474171020795,10207.474171020795,10207.474171020795,10207.474171020795,10207.474171020798,10207.47416278207
2008-04-17,10226.618514548547,10226.618514548547,10226.618514548547,10226.618514548547,10226.61851454855,10226.61850629437
2008-04-18,10204.93787044396,10204.93787044396,10204.93787044396,10204.93787044396,10204.937870443964,10204.937862207282
2008-04-21,10133.779756163784,10133.779756163784,10133.779756163784,10133.779756163784,10133.779756163787,10133.77974798454
2008-04-22,10100.040060339832,10100.040060339832,10100.040060339832,10100.040060339832,10100.040060339836,10100.04005218782
2008-04-23,10028.677374460034,10028.677374460034,10028.677374460034,10028.677374460034,10028.677374460038,10028.677366365619
2008-04-24,9973.490770981129,9973.490770981129,9973.490770981129,9973.490770981129,9973.490770981132,9973.490762931257
2008-04-25,10018.610452045326,10018.610452045326,10018.610452045326,10018.610452045326,10018.610452045332,10018.610443959038
2008-04-28,10033.364608828166,10033.364608828166,10033.364608828166,10033.364608828166,10033.36460882817,10033.364600729969
2008-04-29,10001.127221057854,10001.127221057854,10001.127221057854,10001.127221057854,10001.127221057857,10001.127212985675
2008-04-30,10009.932292534391,10009.932292534391,10009.932292534391,10009.932292534391,10009.932292534397,10009.932284455108
2008-05-01,10011.381107932966,10011.381107932966,10011.381107932966,10011.381107932966,10011.38110793297,10011.381099852511
2008-05-02,10049.516400160031,10049.516400160031,10049.516400160031,10049.516400160031,10049.516400160037,10049.516392048798
2008-05-05,10094.124717425126,10094.124717425126,10094.124717425126,10094.124717425126,10094.124717425131,10094.124709277887
2008-05-06,10187.147766975693,10187.147766975693,10187.147766975693,10187.147766975693,10187.147766975697,10187.147758753372
2008-05-07,10094.616495668852,10094.616495668852,10094.616495668852,10094.616495668852,10094.616495668855,10094.616487521214
2008-05-08,10240.848245365676,10240.848245365676,10240.848245365676,10240.848245365676,10240.848245365682,10240.848237100014
2008-05-09,10256.529866972409,10256.529866972409,10256.529866972409,10256.529866972409,10256.529866972412,10256.529858694088
2008-05-12,10237.192929894498,10237.192929894498,10237.192929894498,10237.192929894498,10237.192929894503,10237.192921631786
2008-05-13,10366.036443669002,10366.036443669002,10366.036443669002,10366.036443669002,10366.036443669007,10366.036435302294
2008-05-14,10373.872024038861,10373.872024038861,10373.872024038861,10373.872024038861,10373.872024038867,10373.872015665831
2008-05-15,10543.600777986287,10543.600777986287,10543.600777986287,10543.600777986287,10543.60077798629,10543.600769476263
2008-05-16,10611.696730566011,10611.696730566011,10611.696730566011,10611.696730566011,10611.696730566016,10611.696722001025
2008-05-19,10565.519922165457,10565.519922165457,10565.519922165457,10565.519922165457,10565.51992216546,10565.519913637741
2008-05-20,10597.975415495646,10597.975415495646,10597.975415495646,10597.975415495646,10597.97541549565,10597.975406941736
2008-05-21,10364.912161199005,10364.912161199005,10364.912161199005,10364.912161199005,10364.912161199009,10364.912152833205
2008-05-22,10345.43895305183,10345.43895305183,10345.43895305183,10345.43895305183,10345.438953051833,10345.438944701746
2008-05-23,10333.613402596631,10333.613402596631,10333.613402596631,10333.613402596631,10333.613402596635,10333.613394256094
2008-05-26,10338.847866577158,10338.847866577158,10338.847866577158,10338.847866577158,10338.847866577164,10338.847858232397
2008-05-27,10370.753751955273,10370.753751955273,10370.753751955273,10370.753751955273,10370.753751955277,10370.753743584759
2008-05-28,10435.241652915984,10435.241652915984,10435.241652915984,10435.241652915984,10435.241652915987,10435.24164449342
2008-05-29,10460.687678188984,10460.687678188984,10460.687678188984,10460.687678188984,10460.68767818899,10460.687669745885
2008-05-30,10551.088014893476,10551.088014893476,10551.088014893476,10551.088014893476,10551.08801489348,10551.088006377411
2008-06-02,10500.089586713444,10500.089586713444,10500.089586713444,10500.089586713444,10500.089586713448,10487.340749692548
2008-06-03,10404.712359570265,10404.712359570265,10404.712359570265,10404.712359570265,10404.712359570269,10397.41754640772
2008-06-04,10456.636025421367,10456.636025421367,10456.636025421367,10456.636025421367,10456.63602542137,10447.891123817744
2008-06-05,10705.510594962921,10705.510594962921,10705.510594962921,10705.510594962921,10705.510594962925,10690.834285934721
2008-06-06,10641.413382564475,10641.413382564475,10641.413382564475,10641.413382564475,10641.41338256448,10634.395215270362
2008-06-09,10662.010958537154,10662.010958537154,10662.010958537154,10662.010958537154,10662.010958537157,10654.878137440794
2008-06-10,10546.732259101425,10546.732259101425,10546.732259101425,10546.732259101425,10546.73225910143,10539.899404141188
2008-06-11,10492.784418646143,10492.784418646143,10492.784418646143,10492.784418646143,10492.784418646146,10484.642042771606
2008-06-12,10449.227411832871,10449.227411832873,10449.227411832871,10449.227411832871,10449.227411832877,10441.637334319825
2008-06-13,10566.787520538845,10566.787520538848,10566.787520538845,10566.787520538845,10566.787520538852,10554.636858815245
2008-06-16,10611.30200448211,10611.302004482113,10611.30200448211,10611.30200448211,10611.302004482117,10599.281439411428
2008-06-17,10599.443348577945,10599.443348577946,10599.443348577945,10599.443348577945,10599.44334857795,10592.147476951817
2008-06-18,10583.703869457104,10583.703869457106,10583.703869457104,10583.703869457104,10583.70386945711,10581.039861108204
2008-06-19,10653.90568218287,10653.905682182874,10653.90568218287,10653.90568218287,10653.905682182876,10646.613770945873
2008-06-20,10569.360583541178,10569.360583541184,10569.360583541178,10569.360583541178,10569.360583541184,10558.602402863666
2008-06-23,10578.053232460528,10578.053232460534,10578.053232460528,10578.053232460528,10578.053232460534,10563.27910030209
2008-06-24,10573.560431279075,10573.560431279078,10573.560431279075,10573.560431279075,10573.560431279078,10560.779273358672
2008-06-25,10561.088155954192,10561.088155954198,10561.088155954192,10561.088155954192,10561.088155954198,10547.008231797767
2008-06-26,10535.073216961826,10535.07321696183,10535.073216961826,10535.073216961826,10535.07321696183,10528.070199055042
2008-06-27,10565.80331137848,10565.803311378486,10565.80331137848,10565.80331137848,10565.803311378486,10560.189477419271
2008-06-30,10544.787233362762,10544.787233362767,10544.787233362762,10544.787233362762,10544.787233362767,10536.634472174497
2008-07-01,10625.260870788366,10625.260870788372,10625.260870788366,10625.260870788366,10625.260870788372,10617.04589095753
2008-07-02,10520.862855656738,10520.862855656744,10520.862855656738,10520.862855656738,10520.862855656744,10512.728591734822
2008-07-03,10499.013518055777,10499.013518055783,10499.013518055777,10499.013518055777,10499.013518055783,10490.896147071351
2008-07-04,10513.904512604113,10513.904512604118,10513.904512604113,10513.904512604113,10513.904512604118,10505.77562856402
2008-07-07,10515.241290490558,10515.241290490563,10515.241290490556,10515.241290490556,10515.24129049056,10507.111372913172
2008-07-08,10566.825572280391,10566.825572280397,10566.82557228039,10566.82557228039,10566.825572280393,10558.655772027214
2008-07-09,10518.265976193366,10518.26597619337,10518.265976193365,10518.265976193365,10518.265976193368,10510.133720063322
2008-07-10,10601.60268721794,10601.602687217943,10601.602687217937,10601.602687217935,10601.602687217941,10593.405998843966
2008-07-11,10576.412766033616,10576.41276603362,10576.412766033614,10576.412766033609,10576.412766033618,10568.235553388002
2008-07-14,10612.821475380017,10612.82147538002,10612.821475380015,10612.82147538001,10612.821475380018,10604.616113137268
2008-07-15,10539.587752053923,10539.587752053927,10539.58775205392,10539.587752053916,10539.587752053925,10531.439010873695
2008-07-16,10485.431332167374,10485.431332167378,10485.431332167374,10485.431332167373,10485.431332167376,10477.324462325883
2008-07-17,10505.439231936662,10505.439231936669,10505.439231936667,10505.439231936663,10505.439231936667,10497.316892875635
2008-07-18,10471.130407957327,10471.130407957333,10471.130407957333,10471.13040795733,10471.130407957333,10463.034594955323
2008-07-21,10505.47116035854,10505.471160358544,10505.471160358544,10505.471160358542,10505.471160358544,10497.348796611872
2008-07-22,10368.851540048923,10368.851540048927,10368.851540048929,10368.851540048927,10368.851540048927,10360.834804525317
2008-07-23,10238.682734891736,10238.682734891738,10238.682734891741,10238.68273489174,10238.682734891738,10230.766640107398
2008-07-24,10276.75471807196,10276.754718071961,10276.754718071965,10276.754718071961,10276.754718071961,10268.809187721026
2008-07-25,10314.019645420616,10314.019645420618,10314.019645420622,10314.019645420618,10314.019645420618,10306.045303482815
2008-07-28,10283.671190314231,10283.671190314235,10283.671190314239,10283.671190314235,10283.671190314235,10275.720312454127
2008-07-29,10308.080734593843,10308.080734593845,10308.08073459385,10308.080734593848,10308.080734593845,10300.110984358143
2008-07-30,10371.151704133741,10371.151704133743,10371.151704133748,10371.151704133745,10371.151704133743,10363.133190225413
2008-07-31,10361.379290629555,10361.379290629558,10361.379290629562,10361.37929062956,10361.379290629558,10353.368332317352
2008-08-01,10342.50155533885,10342.501555338853,10342.501555338857,10342.501555338855,10342.501555338853,10334.5051924532
2008-08-04,10295.593193564646,10295.593193564648,10295.593193564651,10295.59319356465,10295.593193564648,10287.633098141092
2008-08-05,10357.551265142953,10357.551265142954,10357.55126514296,10357.551265142956,10357.551265142954,10349.54326649005
2008-08-06,10364.282963896987,10364.282963896989,10364.282963896994,10364.28296389699,10364.282963896989,10356.269760593568
2008-08-07,10314.34781317641,10314.347813176411,10314.347813176417,10314.347813176415,10314.347813176411,10306.373217513878
2008-08-08,10345.168843120327,10345.16884312033,10345.168843120333,10345.168843120331,10345.16884312033,10337.170418006222
2008-08-11,10305.417714920006,10305.41771492001,10305.417714920013,10305.417714920011,10305.41771492001,10297.450023612853
2008-08-12,10266.20420064919,10266.204200649192,10266.204200649196,10266.204200649194,10266.204200649192,10258.266827489775
2008-08-13,10309.410935945556,10309.410935945558,10309.410935945562,10309.41093594556,10309.410935945558,10301.44015725725
2008-08-14,10289.598057486497,10289.5980574865,10289.598057486504,10289.598057486503,10289.5980574865,10281.642597235914
2008-08-15,10237.003386309616,10237.003386309618,10237.003386309621,10237.00338630962,10237.003386309618,10229.088589923023
2008-08-18,10207.988624882399,10207.9886248824,10207.988624882404,10207.988624882402,10207.9886248824,10200.096261420778
2008-08-19,10215.038340833298,10215.0383408333,10215.038340833304,10215.038340833302,10215.0383408333,10207.140526844387
2008-08-20,10240.361508873817,10240.361508873819,10240.361508873822,10240.36150887382,10240.361508873819,10232.444116135996
2008-08-21,10304.61178882573,10304.611788825732,10304.611788825738,10304.611788825734,10304.611788825732,10296.644720624845
2008-08-22,10329.05952282554,10329.059522825542,10329.059522825548,10329.059522825546,10329.059522825542,10321.073552722466
2008-08-25,10246.928967289668,10246.92896728967,10246.928967289674,10246.928967289672,10246.92896728967,10239.006496884664
2008-08-26,10357.309500921474,10357.309500921476,10357.309500921481,10357.30950092148,10357.309500921476,10349.301689189935
2008-08-27,10379.587237055046,10379.587237055048,10379.587237055053,10379.58723705505,10379.587237055048,10371.562201167297
2008-08-28,10406.616087697803,10406.616087697805,10406.616087697808,10406.616087697807,10406.616087697805,10398.570154303105
2008-08-29,10356.687659935129,10356.68765993513,10356.687659935136,10356.687659935133,10356.68765993513,10348.680328983424
2008-09-01,10362.01358560065,10362.013585600651,10362.013585600656,10362.013585600653,10362.013585600651,10354.002136879748
2008-09-02,10357.773282466347,10357.773282466349,10357.773282466354,10357.77328246635,10357.773282466349,10349.765112159515
2008-09-03,10330.331203668131,10330.331203668133,10330.331203668136,10330.331203668135,10330.331203668133,10322.344250357904
2008-09-04,10268.25406244994,10268.254062449942,10268.254062449947,10268.254062449943,10268.254062449942,10260.315104428419
2008-09-05,10262.275367353483,10262.275367353484,10262.275367353488,10262.275367353486,10262.275367353484,10254.341031793492
2008-09-08,10322.997376779816,10322.997376779818,10322.997376779824,10322.997376779822,10322.997376779818,10315.016093658842
2008-09-09,10207.332413725348,10207.33241372535,10207.332413725355,10207.332413725351,10207.33241372535,10199.440557617052
2008-09-10,10181.285166787515,10181.285166787517,10181.285166787522,10181.285166787518,10181.285166787517,10173.413449253778
2008-09-11,10205.900389493183,10205.900389493185,10205.90038949319,10205.900389493188,10205.900389493185,10198.009640562428
2008-09-12,10240.465629748394,10240.465629748396,10240.465629748402,10240.465629748398,10240.465629748396,10232.548156508938
2008-09-15,10156.799233108293,10156.799233108295,10156.7992331083,10156.799233108299,10156.799233108295,10148.946447011042
2008-09-16,10144.4548965188,10144.454896518802,10144.454896518806,10144.454896518804,10144.454896518802,10136.611654514378
2008-09-17,10127.954028585995,10127.954028585997,10127.954028586002,10127.954028585998,10127.954028585997,10120.123544319844
2008-09-18,10361.091463481382,10361.091463481385,10361.091463481389,10361.091463481387,10361.091463481385,10353.08072770435
2008-09-19,10338.653438295543,10338.653438295547,10338.65343829555,10338.653438295549,10338.653438295547,10330.660050603099
2008-09-22,10235.163732449553,10235.163732449555,10235.163732449559,10235.163732449557,10235.163732449555,10227.250358401625
2008-09-23,10167.926530756473,10167.926530756475,10167.92653075648,10167.926530756476,10167.926530756475,10160.065141526848
2008-09-24,10183.430975978401,10183.430975978403,10183.430975978406,10183.430975978405,10183.430975978403,10175.557599400294
2008-09-25,10250.032884647751,10250.032884647753,10250.032884647757,10250.032884647755,10250.032884647753,10242.108014431693
2008-09-26,10291.10059930753,10291.100599307532,10291.100599307536,10291.100599307534,10291.100599307532,10283.143977358337
2008-09-29,10018.39621295588,10018.396212955882,10018.396212955888,10018.396212955884,10018.396212955882,10010.650433927243
2008-09-30,10221.752731970444,10221.752731970446,10221.75273197045,10221.752731970448,10221.752731970446,10213.849726712493
2008-10-01,10265.056917187547,10265.056917187549,10265.056917187554,10265.056917187552,10265.056917187549,10257.120431056754
2008-10-02,10154.221069896934,10154.221069896936,10154.221069896941,10154.221069896937,10154.221069896936,10146.370277120977
2008-10-03,10055.864272521016,10055.864272521017,10055.864272521023,10055.86427252102,10055.864272521017,10048.089524852703
2008-10-06,9964.35446211965,9964.354462119654,9964.354462119658,9964.354462119656,9964.354462119654,9956.650465772735
2008-10-07,9732.465814144076,9732.465814144078,9732.465814144083,9732.46581414408,9732.465814144078,9724.941103801455
2008-10-08,9717.135106336138,9717.13510633614,9717.135106336144,9717.135106336142,9717.13510633614,9709.622249015947
2008-10-09,9443.843703326713,9443.843703326715,9443.84370332672,9443.843703326718,9443.843703326715,9436.542142782288
2008-10-10,9425.915042031007,9425.91504203101,9425.915042031014,9425.915042031012,9425.91504203101,9418.627343131275
2008-10-13,9725.86351945683,9725.863519456832,9725.863519456838,9725.863519456836,9725.863519456832,9718.343913715249
2008-10-14,9756.73336197527,9756.733361975274,9756.733361975279,9756.733361975275,9756.733361975274,9749.189889042404
2008-10-15,9505.193962306357,9505.193962306359,9505.193962306364,9505.193962306363,9505.193962306359,9497.844968466292
2008-10-16,9618.869911125656,9618.869911125657,9618.869911125663,9618.869911125661,9618.869911125657,9611.433028090383
2008-10-17,9573.000196005822,9573.000196005823,9573.000196005829,9573.000196005827,9573.000196005823,9565.598777397176
2008-10-20,9651.15460758674,9651.154607586745,9651.15460758675,9651.154607586748,9651.154607586745,9643.69276345795
2008-10-21,9555.370737389432,9555.370737389434,9555.37073738944,9555.370737389438,9555.370737389434,9547.982949095254
2008-10-22,9318.654087847843,9318.654087847844,9318.65408784785,9318.654087847848,9318.654087847844,9311.449318354358
2008-10-23,9349.009891163867,9349.009891163869,9349.009891163876,9349.009891163872,9349.009891163869,9341.781651911379
2008-10-24,9236.606373972581,9236.606373972583,9236.60637397259,9236.606373972589,9236.606373972583,9229.465040127676
2008-10-27,9215.617564977287,9215.617564977289,9215.617564977296,9215.617564977294,9215.617564977289,9208.49245874737
2008-10-28,9626.463249025288,9626.46324902529,9626.463249025297,9626.463249025295,9626.46324902529,9619.020495158378
2008-10-29,9556.754037242366,9556.754037242368,9556.754037242375,9556.754037242374,9556.754037242368,9549.365179442178
2008-10-30,9608.105495610036,9608.105495610038,9608.105495610045,9608.105495610043,9608.105495610038,9600.676935142788
2008-10-31,9722.636825334484,9722.636825334486,9722.636825334494,9722.63682533449,9722.636825334486,9715.119714329501
2008-11-03,9727.383194908394,9727.383194908396,9727.383194908403,9727.383194908401,9727.383194908396,9719.862414221245
2008-11-04,9844.085342746816,9844.085342746817,9844.085342746825,9844.085342746823,9844.085342746817,9836.474333141772
2008-11-05,9638.484921382873,9638.484921382875,9638.484921382882,9638.48492138288,9638.484921382875,9631.032872892785
2008-11-06,9485.80819526607,9485.808195266072,9485.80819526608,9485.808195266076,9485.808195266072,9478.474189640148
2008-11-07,9560.943079756176,9560.943079756178,9560.943079756185,9560.943079756182,9560.943079756178,9553.550983174353
2008-11-10,9545.0879028502,9545.0879028502,9545.087902850208,9545.087902850206,9545.0879028502,9537.70806478702
2008-11-11,9490.364931686532,9490.364931686532,9490.36493168654,9490.364931686538,9490.364931686532,9483.027402994376
2008-11-12,9300.135937481518,9300.13593748152,9300.135937481526,9300.135937481524,9300.13593748152,9292.945485399494
2008-11-13,9522.26187720421,9522.261877204211,9522.261877204217,9522.261877204215,9522.261877204211,9514.899687210343
2008-11-14,9500.328513576447,9500.328513576449,9500.328513576454,9500.328513576453,9500.328513576449,9492.983281485262
2008-11-17,9348.383088187333,9348.383088187333,9348.38308818734,9348.383088187338,9348.383088187333,9341.155333551067
2008-11-18,9413.980443814547,9413.980443814547,9413.980443814555,9413.980443814553,9413.980443814547,9406.701972216131
2008-11-19,9241.528915335884,9241.528915335886,9241.528915335892,9241.52891533589,9241.528915335886,9234.383775600609
2008-11-20,9126.297534437488,9126.29753443749,9126.297534437495,9126.297534437494,9126.29753443749,9119.241486488425
2008-11-21,9340.458286552623,9340.458286552623,9340.458286552628,9340.458286552626,9340.458286552623,9333.236659021035
2008-11-24,9614.298162976298,9614.2981629763,9614.298162976305,9614.298162976302,9614.2981629763,9606.86481461366
2008-11-25,9646.018747829421,9646.018747829423,9646.018747829428,9646.018747829427,9646.018747829423,9638.560874519306
2008-11-26,9722.204856173488,9722.204856173488,9722.204856173494,9722.204856173492,9722.204856173488,9714.688079147872
2008-11-27,9767.953657959319,9767.95365795932,9767.953657959326,9767.953657959322,9767.95365795932,9760.401509991894
2008-11-28,9794.000237091004,9794.000237091006,9794.000237091012,9794.00023709101,9794.000237091006,9786.427951065341
2008-12-01,9468.15356738241,9468.153567382411,9468.153567382415,9468.153567382413,9468.153567382411,9460.833211530711
2008-12-02,9584.197011735414,9584.197011735416,9584.19701173542,9584.19701173542,9584.197011735416,9576.786936246104
2008-12-03,9630.906113807136,9630.906113807137,9630.906113807141,9630.906113807141,9630.906113807137,9623.459924914483
2008-12-04,9631.418729277622,9631.418729277624,9631.41872927763,9631.418729277628,9631.418729277624,9623.972144053456
2008-12-05,9679.232516656051,9679.232516656053,9679.232516656057,9679.232516656055,9679.232516656053,9671.748963934922
2008-12-08,9823.039336523418,9823.03933652342,9823.039336523423,9823.039336523423,9823.03933652342,9815.444598755717
2008-12-09,9703.453367842647,9703.453367842647,9703.453367842652,9703.45336784265,9703.453367842647,9695.951088635042
2008-12-10,9794.782578336051,9794.782578336053,9794.782578336057,9794.782578336057,9794.782578336053,9787.20968743888
2008-12-11,9687.11957758725,9687.11957758725,9687.119577587255,9687.119577587253,9687.11957758725,9679.629926940876
2008-12-12,9699.421317630491,9699.421317630493,9699.421317630497,9699.421317630495,9699.421317630493,9691.922155825045
2008-12-15,9691.20449432831,9691.20449432831,9691.204494328316,9691.204494328314,9691.20449432831,9683.711685405726
2008-12-16,9828.68720643661,9828.68720643661,9828.687206436616,9828.687206436614,9828.68720643661,9821.088101986717
2008-12-17,9782.6298113495,9782.6298113495,9782.629811349505,9782.629811349503,9782.6298113495,9775.06631643205
2008-12-18,9723.97357171394,9723.97357171394,9723.973571713945,9723.973571713943,9723.97357171394,9716.455427196015
2008-12-19,9669.845920218597,9669.845920218599,9669.845920218602,9669.845920218602,9669.845920218599,9662.369624796967
2008-12-22,9660.955080103035,9660.955080103035,9660.95508010304,9660.955080103038,9660.955080103035,9653.485658684132
2008-12-23,9634.106859199746,9634.106859199748,9634.106859199752,9634.106859199752,9634.106859199748,9626.658195632903
2008-12-24,9611.843503828839,9611.84350382884,9611.843503828844,9611.843503828844,9611.84350382884,9604.412053299639
2008-12-25,9675.61330694062,9675.61330694062,9675.613306940626,9675.613306940624,9675.61330694062,9668.132552431709
2008-12-26,9760.665118205347,9760.665118205348,9760.665118205352,9760.665118205352,9760.665118205348,9753.118605413169
2008-12-29,9787.59691011938,9787.596910119382,9787.596910119386,9787.596910119384,9787.596910119382,9780.029574861752
2008-12-30,9779.391915930924,9779.391915930924,9779.39191593093,9779.391915930928,9779.391915930924,9771.830924410415
2008-12-31,9824.805910569154,9824.805910569155,9824.80591056916,9824.80591056916,9824.805910569155,9817.209806964855
2009-01-02,9910.508446438243,9910.508446438245,9910.508446438249,9910.508446438249,9910.508446438245,9902.846081439313
2009-01-05,9871.329151610878,9871.329151610878,9871.329151610884,9871.329151610882,9871.329151610878,9863.697078302728
2009-01-06,9883.20994948577,9883.20994948577,9883.209949485776,9883.209949485774,9883.20994948577,9875.568690472337
2009-01-07,9822.567448305757,9822.567448305757,9822.567448305763,9822.567448305761,9822.567448305757,9814.973075381065
2009-01-08,9821.058940280604,9821.058940280605,9821.058940280609,9821.058940280607,9821.058940280605,9813.465733667324
2009-01-09,9786.85823893018,9786.85823893018,9786.858238930185,9786.858238930183,9786.85823893018,9779.29147478031
2009-01-12,9689.604038600224,9689.604038600224,9689.60403860023,9689.604038600228,9689.604038600224,9682.112467078934
2009-01-13,9703.85142446479,9703.85142446479,9703.851424464796,9703.851424464794,9703.85142446479,9696.348837497482
2009-01-14,9615.03347796486,9615.033477964862,9615.033477964866,9615.033477964866,9615.033477964862,9607.599561089328
2009-01-15,9635.545352448577,9635.545352448577,9635.545352448582,9635.54535244858,9635.545352448577,9628.09557670264
2009-01-16,9716.523910936246,9716.523910936246,9716.523910936252,9716.52391093625,9716.523910936246,9709.011526165197
2009-01-19,9740.041222617654,9740.041222617656,9740.04122261766,9740.04122261766,9740.041222617656,9732.510655305632
2009-01-20,9701.32486362918,9701.324863629181,9701.324863629185,9701.324863629185,9701.324863629181,9693.824230086511
2009-01-21,9734.481354832496,9734.481354832498,9734.481354832502,9734.481354832502,9734.481354832498,9726.955086163329
2009-01-22,9734.863749671758,9734.86374967176,9734.863749671764,9734.863749671762,9734.86374967176,9727.337185351886
2009-01-23,9795.157098731474,9795.157098731475,9795.157098731479,9795.157098731479,9795.157098731475,9787.583918271772
2009-01-26,9840.584159887205,9840.584159887207,9840.584159887212,9840.58415988721,9840.584159887207,9832.975857241261
2009-01-27,9830.411436957698,9830.4114369577,9830.411436957704,9830.411436957704,9830.4114369577,9822.810999409347
2009-01-28,9827.344270320924,9827.344270320924,9827.34427032093,9827.344270320928,9827.344270320924,9819.746204169598
2009-01-29,9815.885007362154,9815.885007362156,9815.88500736216,9815.88500736216,9815.885007362156,9808.295801004038
2009-01-30,9858.407508331708,9858.407508331708,9858.407508331713,9858.407508331711,9858.407508331708,9850.78542546429
2009-02-02,9804.658816173383,9804.658816173383,9804.658816173389,9804.658816173387,9804.658816173383,9797.07828940773
2009-02-03,9824.444271259756,9824.444271259757,9824.444271259761,9824.44427125976,9824.444271259757,9816.848447258913
2009-02-04,9835.680184221945,9835.680184221947,9835.68018422195,9835.68018422195,9835.680184221947,9828.075673112195
2009-02-05,9875.50815324568,9875.50815324568,9875.508153245686,9875.508153245684,9875.50815324568,9867.872848919065
2009-02-06,9891.11539811664,9891.115398116643,9891.115398116646,9891.115398116646,9891.115398116643,9883.46802696142
2009-02-09,9917.074178477782,9917.074178477784,9917.074178477787,9917.074178477787,9917.074178477784,9909.406737146432
2009-02-10,9846.556559365239,9846.55655936524,9846.556559365245,9846.556559365245,9846.55655936524,9838.943639125255
2009-02-11,9928.19188959049,9928.19188959049,9928.191889590495,9928.191889590493,9928.19188959049,9920.51585253865
2009-02-12,9957.317790912844,9957.317790912844,9957.31779091285,9957.317790912848,9957.317790912844,9949.619235007603
2009-02-13,9942.451790549341,9942.451790549343,9942.451790549347,9942.451790549347,9942.451790549343,9934.764728375372
2009-02-16,9944.441463402323,9944.441463402325,9944.441463402329,9944.441463402329,9944.441463402325,9936.752862901667
2009-02-17,9886.175408991983,9886.175408991985,9886.175408991989,9886.175408991989,9886.175408991985,9878.531857216967
2009-02-18,9920.523383500235,9920.523383500235,9920.52338350024,9920.523383500238,9920.523383500235,9912.853275396741
2009-02-19,9933.692192806444,9933.692192806444,9933.69219280645,9933.692192806448,9933.692192806444,9926.01190316443
2009-02-20,9959.636857888705,9959.636857888707,9959.63685788871,9959.63685788871,9959.636857888707,9951.936508983868
2009-02-23,9875.493229888329,9875.49322988833,9875.493229888334,9875.493229888334,9875.49322988833,9867.857937099792
2009-02-24,9914.836757266074,9914.836757266075,9914.83675726608,9914.836757266079,9914.836757266075,9907.17104580944
2009-02-25,9898.314594778789,9898.31459477879,9898.314594778794,9898.314594778793,9898.31459477879,9890.66165752443
2009-02-26,9825.042694473546,9825.042694473546,9825.042694473552,9825.04269447355,9825.042694473546,9817.446407798452
2009-02-27,9798.050587022988,9798.05058702299,9798.050587022994,9798.050587022994,9798.05058702299,9790.47516944664
2009-03-02,9679.80273461576,9679.802734615761,9679.802734615765,9679.802734615761,9679.80273461576,9672.318741027433
2009-03-03,9599.86323516126,9599.86323516126,9599.863235161263,9599.86323516126,9599.863235161256,9592.441047243747
2009-03-04,9665.43468069232,9665.434680692317,9665.43468069232,9665.43468069232,9665.434680692315,9657.961795845185
2009-03-05,9660.112214151566,9660.112214151563,9660.11221415156,9660.112214151566,9660.112214151553,9652.64344439918
2009-03-06,9661.64006660138,9661.640066601376,9661.640066601376,9661.64006660138,9661.64006660137,9654.170115581333
2009-03-09,9561.45810154492,9561.458101544917,9561.45810154492,9561.458101544918,9561.458101544915,9554.065606771115
2009-03-10,9717.823600206624,9717.823600206624,9717.823600206633,9717.823600206628,9717.823600206628,9710.31021057355
2009-03-11,9783.821338237467,9783.821338237469,9783.821338237476,9783.821338237474,9783.821338237469,9776.256922084347
2009-03-12,9894.042426139253,9894.042426139258,9894.042426139265,9894.042426139264,9894.04242613926,9886.392791935958
2009-03-13,9909.207048404207,9909.207048404214,9909.207048404221,9909.207048404218,9909.207048404216,9901.54568958845
2009-03-16,9857.807919615872,9857.807919615881,9857.807919615892,9857.807919615881,9857.80791961589,9850.186300323834
2009-03-17,9914.640850453809,9914.640850453818,9914.640850453829,9914.64085045382,9914.640850453829,9906.975290463632
2009-03-18,9912.714541647047,9912.71454164706,9912.714541647076,9912.71454164706,9912.714541647078,9905.0504709933
2009-03-19,9924.127845964262,9924.127845964274,9924.127845964287,9924.12784596427,9924.12784596429,9916.454951050486
2009-03-20,9879.941775622485,9879.941775622498,9879.941775622508,9879.941775622494,9879.94177562251,9872.303043415965
2009-03-23,10046.639325513723,10046.63932551374,10046.639325513755,10046.639325513737,10046.639325513757,10038.871710164776
2009-03-24,9962.432908487966,9962.432908487981,9962.432908487996,9962.43290848798,9962.432908487996,9954.730397801002
2009-03-25,9998.898615086553,9998.898615086573,9998.898615086584,9998.89861508657,9998.898615086584,9991.167910734714
2009-03-26,10042.073823903125,10042.073823903145,10042.073823903156,10042.073823903145,10042.07382390316,10034.309738397269
2009-03-27,9944.806624713483,9944.806624713501,9944.806624713514,9944.806624713501,9944.806624713516,9937.11774188634
2009-03-30,9857.871681433342,9857.871681433357,9857.871681433367,9857.871681433355,9857.871681433367,9850.250012843504
2009-03-31,9914.499823881257,9914.499823881275,9914.499823881288,9914.499823881275,9914.499823881286,9906.834372926574
2009-04-01,9943.249439211062,9943.249439211078,9943.249439211091,9943.249439211078,9943.249439211091,9940.374056420833
2009-04-02,10029.441215519755,10029.441215519772,10029.441215519782,10029.441215519768,10029.441215519782,10018.205884826797
2009-04-03,10139.449959218899,10139.449959218915,10139.449959218928,10139.44995921891,10139.449959218928,10117.35981313157
2009-04-06,10076.530779577206,10076.530779577224,10076.530779577235,10076.530779577217,10076.530779577235,10054.482971025769
2009-04-07,10025.089183710552,10025.08918371057,10025.089183710581,10025.089183710563,10025.089183710581,10008.58165922676
2009-04-08,10062.813209703516,10062.813209703534,10062.813209703545,10062.813209703527,10062.813209703545,10040.407767295008
2009-04-09,10220.604566197027,10220.604566197044,10220.604566197057,10220.604566197037,10220.604566197057,10190.40435602754
2009-04-10,10215.834860920964,10215.834860920982,10215.834860920993,10215.834860920973,10215.834860920993,10185.64874444827
2009-04-13,10199.521090035283,10199.521090035301,10199.521090035312,10199.521090035292,10199.521090035312,10173.959241068245
2009-04-14,10157.358927172054,10157.35892717207,10157.358927172083,10157.358927172063,10157.358927172083,10128.407974925027
2009-04-15,10155.615140046148,10155.615140046164,10155.615140046175,10155.615140046157,10155.615140046177,10131.900459600378
2009-04-16,10222.903597348273,10222.90359734829,10222.9035973483,10222.903597348282,10222.903597348306,10183.390433767323
2009-04-17,10245.92779236558,10245.927792365597,10245.92779236561,10245.92779236559,10245.927792365612,10200.442349078741
2009-04-20,10096.802430075895,10096.802430075913,10096.802430075926,10096.802430075906,10096.802430075926,10066.990844589747
2009-04-21,10171.511086343175,10171.511086343193,10171.511086343206,10171.511086343186,10171.511086343206,10143.13994621851
2009-04-22,10181.495518569513,10181.49551856953,10181.495518569543,10181.495518569522,10181.495518569543,10147.86991920607
2009-04-23,10122.946206913655,10122.94620691367,10122.946206913683,10122.946206913663,10122.946206913683,10097.897594082282
2009-04-24,10200.908507190477,10200.908507190494,10200.908507190506,10200.908507190485,10200.908507190506,10169.944602536434
2009-04-27,10198.478300958233,10198.47830095825,10198.478300958262,10198.47830095824,10198.478300958262,10171.683894993486
2009-04-28,10123.503102639213,10123.503102639226,10123.503102639243,10123.503102639219,10123.503102639243,10098.072719690934
2009-04-29,10225.668581897136,10225.668581897155,10225.66858189717,10225.668581897142,10225.668581897167,10196.314932068684
2009-04-30,10257.362516500118,10257.362516500134,10257.36251650015,10257.362516500123,10257.362516500149,10215.458654968126
2009-05-01,10163.526507517054,10163.526507517074,10163.526507517088,10163.52650751706,10163.526507517085,10122.005989278314
2009-05-04,10439.787775820962,10439.787775820982,10439.787775821,10439.787775820967,10439.787775820992,10397.138662008549
2009-05-05,10490.670774837481,10490.670774837501,10490.670774837517,10490.670774837487,10490.670774837512,10447.81379139565
2009-05-06,10571.394529865402,10571.394529865418,10571.394529865436,10571.394529865407,10571.39452986543,10528.207769929115
2009-05-07,10423.613598442998,10423.613598443015,10423.613598443033,10423.613598443004,10423.613598443028,10381.030560143481
2009-05-08,10426.844817589825,10426.844817589843,10426.844817589863,10426.84481758983,10426.844817589854,10384.248578961326
2009-05-11,10378.762412283199,10378.762412283219,10378.762412283235,10378.762412283208,10378.76241228323,10336.3626021665
2009-05-12,10279.080710650967,10279.080710650987,10279.080710651006,10279.080710650976,10279.080710650998,10237.088124927064
2009-05-13,10124.09296479943,10124.092964799449,10124.092964799469,10124.092964799438,10124.09296479946,10082.733542330787
2009-05-14,10195.532559456651,10195.532559456668,10195.532559456688,10195.532559456657,10195.532559456678,10153.88128858374
2009-05-15,10159.473419032453,10159.473419032467,10159.473419032487,10159.473419032456,10159.473419032478,10117.969458662106
2009-05-18,10299.900289609892,10299.900289609906,10299.900289609926,10299.900289609895,10299.900289609917,10257.822650759274
2009-05-19,10284.926005011268,10284.926005011283,10284.926005011303,10284.926005011272,10284.926005011295,10242.909539814924
2009-05-20,10289.389385990435,10289.389385990453,10289.389385990471,10289.38938599044,10289.389385990462,10247.35468677943
2009-05-21,10226.219368370268,10226.219368370286,10226.219368370304,10226.219368370274,10226.219368370295,10184.442734297068
2009-05-22,10207.278467485068,10207.278467485088,10207.278467485103,10207.278467485072,10207.278467485095,10165.579211674234
2009-05-25,10213.694842949742,10213.694842949762,10213.694842949779,10213.694842949748,10213.69484294977,10171.969374658987
2009-05-26,10338.671231445538,10338.671231445558,10338.671231445573,10338.671231445542,10338.671231445564,10296.435203713221
2009-05-27,10310.607479345288,10310.607479345308,10310.607479345323,10310.607479345294,10310.607479345315,10268.48609897775
2009-05-28,10373.427077462231,10373.427077462251,10373.427077462267,10373.427077462236,10373.42707746226,10331.049063507186
2009-05-29,10461.097245928837,10461.097245928857,10461.097245928871,10461.09724592884,10461.097245928866,10418.361077663263
2009-06-01,10521.84467447432,10521.84467447434,10521.844674474354,10521.844674474323,10521.844674474347,10478.86033794618
2009-06-02,10429.94074943755,10429.94074943757,10429.940749437585,10429.940749437554,10429.94074943758,10387.331863162126
2009-06-03,10384.132647457944,10384.132647457964,10384.13264745798,10384.13264745795,10384.132647457973,10341.710898603014
2009-06-04,10599.373015633064,10599.373015633084,10599.3730156331,10599.37301563307,10599.373015633093,10556.071956666046
2009-06-05,10628.493890762402,10628.493890762422,10628.493890762438,10628.493890762407,10628.493890762431,10585.073865821709
2009-06-08,10637.426109844415,10637.426109844435,10637.42610984445,10637.426109844419,10637.426109844444,10593.9695945807
2009-06-09,10661.148760003976,10661.148760003996,10661.148760004011,10661.14876000398,10661.148760004004,10617.595331850045
2009-06-10,10649.16353074094,10649.16353074096,10649.163530740974,10649.163530740943,10649.163530740969,10605.659065211335
2009-06-11,10671.944958702146,10671.944958702166,10671.944958702183,10671.944958702152,10671.944958702175,10628.347425407681
2009-06-12,10687.222755067987,10687.222755068007,10687.222755068022,10687.22275506799,10687.222755068016,10643.562808198647
2009-06-15,10419.23529163059,10419.235291630608,10419.235291630624,10419.235291630595,10419.235291630617,10376.670139796734
2009-06-16,10221.06195163701,10221.061951637024,10221.06195163704,10221.061951637013,10221.061951637033,10179.306386886094
2009-06-17,10018.052100036039,10018.052100036053,10018.052100036068,10018.05210003604,10018.05210003606,9977.125880713582
2009-06-18,10058.82669835734,10058.826698357352,10058.826698357369,10058.826698357341,10058.826698357361,10017.733904721132
2009-06-19,10218.753786504754,10218.753786504769,10218.753786504783,10218.753786504758,10218.753786504778,10177.007651178988
2009-06-22,9924.202624545047,9924.202624545062,9924.202624545076,9924.20262454505,9924.20262454507,9883.659803529856
2009-06-23,9858.217985798097,9858.217985798112,9858.217985798126,9858.217985798101,9858.217985798121,9817.944728343797
2009-06-24,9976.530763728768,9976.53076372878,9976.530763728795,9976.53076372877,9976.53076372879,9935.77416932933
2009-06-25,10119.772156457091,10119.772156457106,10119.772156457118,10119.772156457095,10119.772156457115,10078.430385558637
2009-06-26,10183.190918376706,10183.190918376718,10183.190918376733,10183.190918376707,10183.190918376727,10141.590066158493
2009-06-29,10168.219595921806,10168.219595921819,10168.219595921832,10168.219595921808,10168.219595921828,10126.679905256777
2009-06-30,10094.682904117622,10094.682904117635,10094.68290411765,10094.682904117624,10094.682904117644,10053.443629017114
2009-07-01,10084.405156917639,10084.405156917654,10084.405156917666,10084.405156917643,10084.405156917663,10043.207868955134
2009-07-02,9946.354636830169,9946.354636830181,9946.354636830194,9946.35463683017,9946.35463683019,9905.72131936874
2009-07-03,9915.77376644685,9915.773766446864,9915.773766446875,9915.773766446853,9915.773766446873,9875.265379400626
2009-07-06,9885.68877010348,9885.688770103492,9885.688770103505,9885.688770103481,9885.688770103501,9845.303287704422
2009-07-07,9825.214336180075,9825.21433618009,9825.2143361801,9825.214336180077,9825.214336180097,9785.075906793067
2009-07-08,9731.628019777241,9731.628019777256,9731.628019777267,9731.628019777245,9731.628019777263,9691.871913627569
2009-07-09,9867.573434817428,9867.573434817441,9867.573434817454,9867.57343481743,9867.57343481745,9827.261958041183
2009-07-10,9756.9657062505,9756.965706250512,9756.965706250525,9756.965706250501,9756.96570625052,9717.106089388028
2009-07-13,9876.940334536137,9876.94033453615,9876.940334536162,9876.940334536139,9876.940334536159,9836.590591659015
2009-07-14,9984.537196771806,9984.53719677182,9984.537196771833,9984.537196771807,9984.53719677183,9943.74789411417
2009-07-15,10214.192636322903,10214.192636322918,10214.192636322932,10214.192636322905,10214.192636322927,10172.465134423159
2009-07-16,10217.359416344176,10217.359416344192,10217.359416344205,10217.359416344178,10217.359416344201,10175.618977365206
2009-07-17,10347.761964630621,10347.761964630638,10347.76196463065,10347.761964630625,10347.761964630647,10305.488799005983
2009-07-20,10500.375709430224,10500.37570943024,10500.375709430255,10500.375709430225,10500.37570943025,10457.479078931485
2009-07-21,10447.483077121491,10447.48307712151,10447.483077121522,10447.483077121493,10447.483077121518,10404.802526100959
2009-07-22,10421.305630778417,10421.305630778435,10421.305630778448,10421.305630778419,10421.305630778443,10378.732021097341
2009-07-23,10621.315248372375,10621.315248372393,10621.315248372408,10621.315248372379,10621.315248372402,10577.924549960424
2009-07-24,10601.223501341943,10601.223501341961,10601.223501341974,10601.223501341945,10601.22350134197,10557.914882683352
2009-07-27,10612.230829629685,10612.230829629703,10612.230829629716,10612.230829629687,10612.230829629712,10568.877243313995
2009-07-28,10546.359463537086,10546.359463537105,10546.35946353712,10546.35946353709,10546.359463537114,10503.274978035493
2009-07-29,10458.927844681239,10458.927844681257,10458.92784468127,10458.92784468124,10458.927844681266,10416.20053895604
2009-07-30,10689.667306567275,10689.667306567295,10689.667306567308,10689.667306567277,10689.667306567304,10645.997373100756
2009-07-31,10693.701905929032,10693.701905929052,10693.701905929065,10693.701905929034,10693.701905929061,10650.015490126754
2009-08-03,10885.95851326204,10885.95851326206,10885.958513262072,10885.958513262041,10885.958464231133,10841.486668116544
2009-08-04,10877.949918364504,10877.949918364524,10877.949918364538,10877.949918364508,10877.949871255514,10833.510797332781
2009-08-05,10843.506374517417,10843.506374517438,10843.50637451745,10843.50637451742,10843.506305547022,10799.207977346625
2009-08-06,10864.548361517827,10864.548361517847,10864.54836151786,10864.54836151783,10864.548302558245,10820.164004110822
2009-08-07,10913.537012375804,10913.537012375824,10913.53701237584,10913.537012375808,10913.536938430816,10868.952514097176
2009-08-10,10975.724446072943,10975.724446072963,10975.724446072978,10975.724446072945,10975.724378312478,10930.885895410582
2009-08-11,10891.682181818833,10891.682181818853,10891.68218181887,10891.682181818836,10891.682085422428,10847.186946637734
2009-08-12,10979.673721580966,10979.673721580986,10979.673721581003,10979.67372158097,10979.673624405794,10934.819019038418
2009-08-13,11142.401748415776,11142.401748415796,11142.40174841581,11142.401748415778,11142.401702571015,11096.882299264438
2009-08-14,11156.54843025251,11156.54843025253,11156.548430252544,11156.548430252511,11156.548440921337,11110.971209031666
2009-08-17,10876.967829979945,10876.967829979965,10876.967829979978,10876.967829979947,10876.96783590418,10832.532770477716
2009-08-18,11022.663341562353,11022.663341562375,11022.66334156239,11022.663341562355,11022.663383549847,10977.633115991946
2009-08-19,11021.286106043932,11021.286106043955,11021.286106043968,11021.286106043935,11021.286169145797,10976.261541008898
2009-08-20,11148.62665722853,11148.626657228551,11148.626657228564,11148.626657228531,11148.626727529925,11103.081863479887
2009-08-21,11313.628013169819,11313.62801316984,11313.628013169855,11313.62801316982,11313.628049998239,11267.409127733303
2009-08-24,11409.997679601787,11409.997679601809,11409.997679601822,11409.997679601789,11409.997696443581,11363.385096137083
2009-08-25,11497.6073541265,11497.607354126521,11497.607354126536,11497.607354126501,11497.607364241298,11450.636857109133
2009-08-26,11527.603548306894,11527.603548306915,11527.603548306928,11527.603548306895,11527.60353814883,11480.510508157737
2009-08-27,11418.321906704752,11418.321906704772,11418.321906704785,11418.321906704752,11418.321913995824,11371.675299869697
2009-08-28,11460.059363466806,11460.059363466826,11460.059363466838,11460.059363466806,11460.059370504461,11413.242244009762
2009-08-31,11432.921197600012,11432.921197600032,11432.921197600046,11432.921197600012,11432.92125660779,11386.214983219583
2009-09-01,11036.3356507736,11036.33565077362,11036.335650773633,11036.3356507736,11036.335707734515,10991.249583094974
2009-09-02,11058.088067363466,11058.088067363486,11058.088067363498,11058.088067363466,11058.088124436646,11012.913135866484
2009-09-03,11316.503050034658,11316.503050034678,11316.503050034695,11316.503050034658,11316.503108441575,11270.272431598956
2009-09-04,11385.527485752009,11385.527485752029,11385.527485752045,11385.527485752009,11385.527544515176,11339.014886006684
2009-09-07,11403.360197735848,11403.360197735868,11403.360197735883,11403.360197735848,11403.360256591053,11356.77474710189
2009-09-08,11346.33810172869,11346.33810172871,11346.338101728727,11346.33810172869,11346.338160289593,11299.985599979318
2009-09-09,11532.561050037577,11532.561050037597,11532.561050037613,11532.561050037577,11532.561109559618,11485.4477830563
2009-09-10,11565.873453408965,11565.873453408985,11565.873453409002,11565.873453408965,11565.87351310294,11518.62409730169
2009-09-11,11532.145625891859,11532.145625891879,11532.145625891893,11532.145625891859,11532.145685411757,11485.034056017463
2009-09-14,11611.663083380297,11611.663083380317,11611.663083380332,11611.663083380297,11611.663143310601,11564.226665695596
2009-09-15,11400.218174947702,11400.218174947722,11400.218174947739,11400.218174947702,11400.218233786696,11353.645560227462
2009-09-16,11724.526666682781,11724.526666682801,11724.526666682817,11724.526666682781,11724.526727195602,11676.629174297545
2009-09-17,11707.429153532905,11707.429153532925,11707.42915353294,11707.429153532905,11707.429213957479,11659.601508573425
2009-09-18,11574.618345227798,11574.618345227818,11574.618345227835,11574.618345227798,11574.618404966908,11527.333264148323
2009-09-21,11605.656387007448,11605.656387007468,11605.656387007484,11605.656387007448,11605.65644690675,11558.244508112413
2009-09-22,11826.602725005529,11826.602725005549,11826.602725005563,11826.602725005529,11826.602786045183,11778.288227536399
2009-09-23,11728.091762880074,11728.091762880094,11728.091762880109,11728.091762880074,11728.091823411292,11680.179706225183
2009-09-24,11591.93555886642,11591.93555886644,11591.935558866453,11591.93555886642,11591.935618694906,11544.579732832202
2009-09-25,11330.938567303292,11330.938567303312,11330.938567303327,11330.938567303292,11330.938625784718,11284.648976330958
2009-09-28,11550.00137761274,11550.00137761276,11550.001377612773,11550.00137761274,11550.001437224795,11502.816862726886
2009-09-29,11447.67111895384,11447.67111895386,11447.671118953873,11447.67111895384,11447.671178037746,11400.904647620977
2009-09-30,11559.785832512938,11559.785832512958,11559.785832512973,11559.785832512938,11559.785892175494,11512.56134579134
2009-10-01,11254.143384256258,11254.143384256276,11254.14338425629,11254.143384256258,11254.143442341327,11208.167519952789
2009-10-02,11332.372093776317,11332.372093776336,11332.372093776348,11332.372093776317,11332.37215226514,11286.07664650587
2009-10-05,11515.713146789141,11515.71314678916,11515.713146789174,11515.713146789141,11515.713206224227,11468.668707517547
2009-10-06,11749.787563601643,11749.787563601663,11749.78756360168,11749.787563601643,11749.787624244838,11701.786874417741
2009-10-07,11903.053510366757,11903.053510366777,11903.053510366795,11903.053510366757,11903.05357180099,11854.426693175577
2009-10-08,12049.098946679216,12049.098946679236,12049.098946679253,12049.098946679216,12049.09900886722,11999.875498990912
2009-10-09,12013.794567383222,12013.79456738324,12013.794567383258,12013.794567383222,12013.794629389015,11964.715346518446
2009-10-12,12154.70971586145,12154.709715861469,12154.709715861489,12154.70971586145,12154.709778594537,12105.054822950964
2009-10-13,12056.587867198914,12056.587867198932,12056.587867198949,12056.587867198914,12056.58792942557,12007.333825481208
2009-10-14,12137.805712063739,12137.805712063757,12137.805712063773,12137.805712063739,12137.805774709577,12088.219876047076
2009-10-15,11788.159957002581,11788.1599570026,11788.159957002617,11788.159957002581,11788.160017843826,11740.002507424597
2009-10-16,11847.52516250914,11847.525162509159,11847.525162509177,11847.52516250914,11847.52522365678,11799.125191884503
2009-10-19,12028.863026396826,12028.863026396843,12028.86302639686,12028.863026396826,12028.863088480386,11979.722247277172
2009-10-20,11952.288705992734,11952.288705992753,11952.28870599277,11952.288705992734,11952.288767681079,11903.460751265291
2009-10-21,11843.637479975316,11843.637479975332,11843.63747997535,11843.637479975316,11843.637541102888,11795.253391462584
2009-10-22,11870.614123631492,11870.61412363151,11870.614123631529,11870.614123631492,11870.614184898299,11822.119829084793
2009-10-23,11752.3370238602,11752.337023860218,11752.337023860235,11752.3370238602,11752.33708451655,11704.325919522087
2009-10-26,11578.990534936996,11578.990534937015,11578.990534937033,11578.990534936996,11578.990594698671,11531.687592418057
2009-10-27,11552.918311482863,11552.918311482881,11552.918311482897,11552.918311482863,11552.918371109972,11505.721880225303
2009-10-28,11279.544442805418,11279.544442805436,11279.54444280545,11279.544442805418,11279.544501021586,11233.464809109548
2009-10-29,11589.289709371586,11589.289709371604,11589.289709371622,11589.289709371586,11589.289769186416,11541.944692264642
2009-10-30,11141.669891404305,11141.669891404323,11141.669891404339,11141.669891404305,11141.669948908871,11096.153508188698
2009-11-02,11166.408219906414,11166.408219906432,11166.408219906449,11166.408219906414,11166.408277538661,11120.790774708968
2009-11-03,11209.476000230436,11209.476000230454,11209.476000230472,11209.476000230436,11209.476058084967,11163.682612861612
2009-11-04,11326.984346652833,11326.984346652851,11326.98434665287,11326.984346652833,11326.98440511385,11280.710909616504
2009-11-05,11507.606718631334,11507.606718631352,11507.606718631368,11507.606718631334,11507.606778024581,11460.595396055369
2009-11-06,11528.096801366288,11528.096801366306,11528.096801366322,11528.096801366288,11528.09686086529,11481.001771907335
2009-11-09,11832.698729161626,11832.698729161644,11832.69872916166,11832.698729161626,11832.698790232744,11784.359328059205
2009-11-10,11839.903722452415,11839.90372245243,11839.903722452449,11839.903722452415,11839.903783560716,11791.53488723115
2009-11-11,11932.115624700287,11932.115624700305,11932.115624700324,11932.115624700287,11932.115686284516,11883.370081829215
2009-11-12,11739.751493457248,11739.751493457266,11739.751493457285,11739.751493457248,11739.751554048646,11691.791804017477
2009-11-13,11814.24313468758,11814.243134687598,11814.243134687616,11814.24313468758,11814.243195663443,11765.979129097568
2009-11-16,11971.815794656786,11971.815794656804,11971.81579465682,11971.815794656786,11971.815856445915,11922.908067107197
2009-11-17,11909.105249562632,11909.10524956265,11909.105249562668,11909.105249562632,11909.1053110281,11860.453709571098
2009-11-18,11867.682985202406,11867.682985202424,11867.682985202442,11867.682985202406,11867.68304645408,11819.200665056429
2009-11-19,11669.126815313293,11669.126815313311,11669.12681531333,11669.126815313293,11669.126875540176,11621.455644555745
2009-11-20,11593.897329430087,11593.897329430105,11593.897329430123,11593.897329430087,11593.897389268695,11546.533489094454
2009-11-23,11631.97910510301,11631.979105103028,11631.979105103046,11631.97910510301,11631.979165138164,11584.45969161614
2009-11-24,11505.529167824914,11505.529167824932,11505.52916782495,11505.529167824914,11505.529227207433,11458.52633254031
2009-11-25,11634.209940207045,11634.209940207063,11634.209940207082,11634.209940207045,11634.210000253714,11586.681413225837
2009-11-26,11578.97077932029,11578.970779320307,11578.970779320325,11578.97077932029,11578.970839081858,11531.667917507762
2009-11-27,11301.58139895342,11301.581398953438,11301.581398953454,11301.58139895342,11301.58145728332,11255.411739027124
2009-11-30,11340.791373776476,11340.791373776494,11340.79137377651,11340.791373776476,11340.791432308748,11294.461531735891
2009-12-01,11342.955687155056,11342.955687155074,11342.955687155092,11342.955687155056,11342.955745698497,11296.617003377272
2009-12-02,11477.786794558328,11477.786794558348,11477.786794558364,11477.786794558328,11477.786853797663,11430.89729349608
2009-12-03,11396.235952841762,11396.235952841782,11396.2359528418,11396.235952841762,11396.236011660198,11349.679606450163
2009-12-04,11246.845043344641,11246.845043344661,11246.84504334468,11246.845043344641,11246.845101392038,11200.898994507346
2009-12-07,11130.951499121591,11130.951499121611,11130.95149912163,11130.951499121591,11130.951556570835,11085.478903099045
2009-12-08,11035.599710282002,11035.599710282022,11035.59971028204,11035.599710282002,11035.599767239117,10990.516649096102
2009-12-09,10989.266444377674,10989.266444377694,10989.266444377712,10989.266444377674,10989.266501095652,10944.372665651863
2009-12-10,11078.230509554434,11078.230509554454,11078.230509554473,11078.230509554434,11078.230566731576,11032.973291369146
2009-12-11,11066.874162231155,11066.874162231175,11066.874162231194,11066.874162231155,11066.874219349686,11021.663337437678
2009-12-14,11147.265541477325,11147.265541477345,11147.265541477362,11147.265541477325,11147.265599010772,11101.726298694382
2009-12-15,11116.139100725899,11116.139100725919,11116.139100725937,11116.139100725899,11116.139158098696,11070.727016889434
2009-12-16,11228.106528168424,11228.106528168444,11228.106528168462,11228.106528168424,11228.106586119111,11182.2370306422
2009-12-17,11074.200629783038,11074.200629783058,11074.200629783076,11074.200629783038,11074.20068693938,11028.959874619342
2009-12-18,11084.226822475708,11084.226822475728,11084.226822475746,11084.226822475708,11084.2268796838,11038.945107919637
2009-12-21,11207.250831009065,11207.250831009085,11207.250831009103,11207.250831009065,11207.250888852112,11161.466533988094
2009-12-22,11202.967246034688,11202.967246034708,11202.967246034725,11202.967246034688,11202.967303855627,11157.200448481672
2009-12-23,11325.852938607397,11325.852938607417,11325.852938607435,11325.852938607397,11325.852997062575,11279.584123643224
2009-12-24,11282.80315266425,11282.80315266427,11282.803152664286,11282.80315266425,11282.803210897238,11236.71020636011
2009-12-25,11270.827116365997,11270.827116366017,11270.827116366036,11270.827116365997,11270.827174537175,11224.783095031173
2009-12-28,11419.797190187503,11419.797190187523,11419.797190187539,11419.797190187503,11419.797249127545,11373.144590512642
2009-12-29,11365.90175536498,11365.901755365,11365.901755365016,11365.90175536498,11365.901814026858,11319.469331416816
2009-12-30,11325.364244249833,11325.364244249853,11325.36424424987,11325.364244249833,11325.364302702488,11279.097425718855
2009-12-31,11214.096924435624,11214.096924435644,11214.096924435657,11214.096924435624,11214.096982314002,11168.284659487494
2010-01-04,11269.214258872722,11269.214258872742,11269.214258872755,11269.214258872722,11269.214317035572,11223.176826446062
2010-01-05,11457.584825791588,11457.58482579161,11457.584825791622,11457.584825791588,11457.584884926657,11410.777854597938
2010-01-06,11430.126941872191,11430.126941872213,11430.126941872228,11430.126941872191,11430.127000865545,11383.432142693951
2010-01-07,11400.517827036449,11400.517827036472,11400.517827036485,11400.517827036449,11400.517885876981,11353.943988165836
2010-01-08,11474.651628874577,11474.651628874599,11474.651628874613,11474.651628874577,11474.65168809773,11427.774935713127
2010-01-11,11487.733200534738,11487.73320053476,11487.733200534773,11487.733200534738,11487.733259825407,11440.80306602791
2010-01-12,11377.448261216461,11377.448261216483,11377.448261216494,11377.448261216461,11377.448319937926,11330.968667033465
2010-01-13,11441.332686624717,11441.332686624739,11441.33268662475,11441.332686624717,11441.332745675905,11394.592109302144
2010-01-14,11450.034727431292,11450.034727431314,11450.034727431324,11450.034727431292,11450.034786527392,11403.258600193134
2010-01-15,11369.342936725901,11369.342936725923,11369.342936725934,11369.342936725901,11369.342995405535,11322.896454729787
2010-01-18,11357.214461537451,11357.214461537473,11357.214461537484,11357.214461537451,11357.214520154486,11310.817527259935
2010-01-19,11490.583682402254,11490.583682402277,11490.583682402288,11490.583682402254,11490.583741707638,11443.641902996027
2010-01-20,11384.889049300476,11384.8890493005,11384.889049300511,11384.889049300476,11384.889108060348,11338.37905772058
2010-01-21,11202.39854407717,11202.398544077192,11202.398544077203,11202.39854407717,11202.398601895167,11156.634069807507
2010-01-22,10895.49757474233,10895.497574742352,10895.497574742363,10895.49757474233,10895.497630976346,10850.986864250059
2010-01-25,10787.699250229905,10787.699250229927,10787.699250229936,10787.699250229905,10787.69930590755,10743.62892164594
2010-01-26,10882.718798484753,10882.718798484777,10882.718798484784,10882.718798484753,10882.718854652816,10838.260292346302
2010-01-27,10890.192194491523,10890.192194491547,10890.192194491554,10890.192194491523,10890.192250698155,10845.703157745014
2010-01-28,10761.398169427142,10761.398169427162,10761.398169427172,10761.398169427142,10761.398224969042,10717.4352870415
2010-01-29,10703.020232185516,10703.020232185536,10703.020232185545,10703.020232185516,10703.020287426112,10659.29583761981
2010-02-01,10734.08342031919,10734.08342031921,10734.083420319219,10734.08342031919,10734.083475720108,10690.232125209059
2010-02-02,10854.45656511221,10854.456565112232,10854.456565112241,10854.45656511221,10854.4566211344,10810.11351694884
2010-02-03,10879.152313135983,10879.152313136005,10879.152313136014,10879.152313135983,10879.152369285634,10834.7083769422
2010-02-04,10627.453398791344,10627.453398791367,10627.453398791375,10627.453398791344,10627.453453641923,10584.037712792724
2010-02-05,10497.91324359763,10497.913243597652,10497.91324359766,10497.91324359763,10497.913297779623,10455.026760079705
2010-02-08,10540.01986044932,10540.019860449342,10540.01986044935,10540.01986044932,10540.019914848635,10496.961361342419
2010-02-09,10543.33724909363,10543.337249093654,10543.337249093664,10543.33724909363,10543.33730351007,10500.265197661605
2010-02-10,10502.884107294727,10502.88410729475,10502.884107294758,10502.884107294727,10502.88416150238,10459.977316611075
2010-02-11,10586.457234535465,10586.457234535486,10586.457234535495,10586.457234535465,10586.457289174456,10543.209027661682
2010-02-12,10580.360986672864,10580.360986672886,10580.360986672895,10580.360986672864,10580.36104128039,10537.137684427973
2010-02-15,10539.561184483979,10539.561184484,10539.56118448401,10539.561184483979,10539.56123888093,10496.504559177973
2010-02-16,10617.170811889644,10617.170811889668,10617.170811889675,10617.170811889644,10617.170866687158,10573.797132714995
2010-02-17,10714.186515706238,10714.18651570626,10714.18651570627,10714.186515706238,10714.18657100447,10670.416504204755
2010-02-18,10809.149680270566,10809.14968027059,10809.149680270597,10809.149680270566,10809.149736058922,10764.991721555443
2010-02-19,10704.668763068501,10704.668763068523,10704.668763068532,10704.668763068501,10704.668818317608,10660.937633860303
2010-02-22,10771.464264700548,10771.46426470057,10771.464264700578,10771.464264700548,10771.4643202944,10727.460259910953
2010-02-23,10770.365647589784,10770.365647589806,10770.365647589815,10770.365647589784,10770.36570317797,10726.366130913542
2010-02-24,10834.924987054212,10834.924987054233,10834.924987054243,10834.924987054212,10834.925042975601,10790.661730053236
2010-02-25,10749.349516947817,10749.34951694784,10749.349516947848,10749.349516947817,10749.349572427533,10705.435856185934
2010-02-26,10828.242136355966,10828.242136355988,10828.242136355997,10828.242136355966,10828.242192242862,10784.006180396605
2010-03-01,10810.482675132793,10810.482675132815,10810.482675132824,10810.482675132793,10810.48273092803,10766.319270815207
2010-03-02,10795.567407736371,10795.567407736393,10795.567407736402,10795.567407736371,10795.567463454627,10751.464935849308
2010-03-03,10852.337160924459,10852.33716092448,10852.33716092449,10852.337160924459,10852.337216935717,10808.00277103351
2010-03-04,10841.174811506244,10841.174811506267,10841.174811506276,10841.174811506244,10841.174867459893,10796.886022479322
2010-03-05,10967.664995926281,10967.664995926303,10967.664995926312,10967.664995926281,10967.665052532773,10922.859464277903
2010-03-08,10981.444838078445,10981.444838078467,10981.444838078476,10981.444838078445,10981.444894756058,10936.583012482917
2010-03-09,10974.390755915481,10974.390755915503,10974.390755915512,10974.390755915481,10974.390812556687,10929.557747930787
2010-03-10,10990.356760273215,10990.356760273236,10990.356760273246,10990.356760273215,10990.356816996822,10945.458527346489
2010-03-11,11019.425672699617,11019.42567269964,11019.425672699648,11019.425672699617,11019.425729573255,10974.40868632116
2010-03-12,10993.53363592588,10993.533635925904,10993.53363592591,10993.53363592588,10993.533692665884,10948.62242470317
2010-03-15,10974.024389929233,10974.024389929256,10974.024389929264,10974.024389929233,10974.024446568545,10929.192878637115
2010-03-16,11043.363045180116,11043.363045180138,11043.363045180147,11043.363045180116,11043.3631021773,10998.248268916517
2010-03-17,11036.16054499567,11036.160544995691,11036.1605449957,11036.16054499567,11036.16060195568,10991.075192665978
2010-03-18,10989.24454788773,10989.244547887753,10989.244547887762,10989.24454788773,10989.244604605597,10944.350858614307
2010-03-19,10905.875937319053,10905.875937319077,10905.875937319084,10905.875937319053,10905.875993606638,10861.322828736298
2010-03-22,10967.68316992362,10967.683169923643,10967.683169923652,10967.68316992362,10967.683226530206,10922.877564030126
2010-03-23,11065.89653253444,11065.896532534463,11065.89653253447,11065.89653253444,11065.896589647926,11020.689701591824
2010-03-24,11014.219737467029,11014.219737467049,11014.219737467058,11014.219737467029,11014.219794313798,10969.22401857768
2010-03-25,11042.950359324026,11042.950359324046,11042.950359324055,11042.950359324026,11042.950416319081,10997.837268980742
2010-03-26,11007.78043457453,11007.78043457455,11007.780434574559,11007.78043457453,11007.780491388066,10962.81102177583
2010-03-29,11034.739973518639,11034.73997351866,11034.739973518668,11034.739973518639,11034.74003047132,10989.660424562804
2010-03-30,11031.976265913852,11031.976265913872,11031.976265913881,11031.976265913852,11031.976322852268,10986.908007363825
2010-03-31,11041.720205778796,11041.720205778816,11041.720205778824,11041.720205778796,11041.720262767503,10996.612140906624
2010-04-01,11153.25546514201,11153.25546514203,11153.25546514204,11153.25546514201,11153.255522706375,11107.691752089922
2010-04-02,11058.837557354484,11058.837557354504,11058.837557354513,11058.837557354484,11058.837614431535,11013.659564011845
2010-04-05,11125.00488783391,11125.004887833931,11125.00488783394,11125.00488783391,11125.004945252465,11079.556585139098
2010-04-06,11259.74189311613,11259.741893116156,11259.741893116165,11259.74189311613,11259.741951230095,11213.743157566505
2010-04-07,11285.045323911385,11285.045323911409,11285.045323911418,11285.045323911385,11285.045382155948,11238.943217802052
2010-04-08,11173.224387583685,11173.224387583708,11173.224387583718,11173.224387583685,11173.224445251115,11127.579096712916
2010-04-09,11234.115021337748,11234.115021337771,11234.11502133778,11234.115021337748,11234.115079319448,11188.220977681516
2010-04-12,11184.19762313962,11184.197623139644,11184.197623139653,11184.19762313962,11184.197680863688,11138.507503980136
2010-04-13,11185.170358816526,11185.17035881655,11185.170358816558,11185.170358816526,11185.170416545614,11139.476265799418
2010-04-14,11351.368467167857,11351.368467167882,11351.368467167891,11351.368467167857,11351.36852575473,11304.995415173937
2010-04-15,11352.610465543836,11352.61046554386,11352.610465543868,11352.610465543836,11352.610524137119,11306.232339689841
2010-04-16,11077.131815050785,11077.131815050809,11077.131815050818,11077.131815050785,11077.131872222264,11031.879085295022
2010-04-19,11061.532518059623,11061.532518059646,11061.532518059656,11061.532518059623,11061.53257515059,11016.343515158691
2010-04-20,11345.1073055117,11345.107305511723,11345.107305511732,11345.1073055117,11345.107364066258,11298.759831858917
2010-04-21,11328.680965116637,11328.680965116662,11328.680965116671,11328.680965116637,11328.681023586418,11282.400596988571
2010-04-22,11371.492459587382,11371.492459587407,11371.492459587416,11371.492459587382,11371.49251827812,11325.037196276875
2010-04-23,11365.636142101095,11365.636142101119,11365.636142101128,11365.636142101095,11365.636200761608,11319.204803246574
2010-04-26,11362.779026658018,11362.779026658043,11362.779026658052,11362.779026658018,11362.779085303784,11316.359359802638
2010-04-27,11223.421801775175,11223.421801775197,11223.421801775206,11223.421801775175,11223.421859701688,11177.571442475435
2010-04-28,11171.384244782212,11171.384244782234,11171.384244782243,11171.384244782212,11171.384302440149,11125.746471334394
2010-04-29,11385.900283613684,11385.900283613706,11385.900283613715,11385.900283613684,11385.900342378784,11339.386160900045
2010-04-30,11369.827791354452,11369.827791354473,11369.827791354483,11369.827791354452,11369.827850036598,11323.379328611358
2010-05-03,11485.060561530092,11485.060561530116,11485.060561530125,11485.060561530092,11485.06062080698,11438.141345392092
2010-05-04,11412.283151196261,11412.283151196283,11412.283151196292,11412.283151196261,11412.283210097527,11365.661248165763
2010-05-05,11303.301708647667,11303.301708647688,11303.301708647696,11303.301708647667,11303.301766986455,11257.125020845295
2010-05-06,11000.974912862814,11000.974912862834,11000.97491286284,11000.974912862814,11000.97496964123,10956.033302246124
2010-05-07,10659.745047656656,10659.745047656672,10659.74504765668,10659.745047656656,10659.745102673907,10616.197442558054
2010-05-10,11183.854710329091,11183.854710329111,11183.854710329117,11183.854710329091,11183.854768051388,11138.165992050355
2010-05-11,11210.823298938463,11210.823298938483,11210.82329893849,11210.823298938463,11210.82335679995,11165.024407532552
2010-05-12,11276.211805637222,11276.211805637244,11276.211805637251,11276.211805637222,11276.211863836194,11230.145786560342
2010-05-13,11150.693204344734,11150.693204344754,11150.693204344761,11150.693204344734,11150.693261895876,11105.139958740125
2010-05-14,10958.469494144549,10958.469494144569,10958.469494144576,10958.469494144549,10958.469550703583,10913.701528317733
2010-05-17,10677.394645225677,10677.394645225695,10677.394645225702,10677.394645225677,10677.394700334022,10633.774937304577
2010-05-18,10802.316669949832,10802.316669949849,10802.316669949856,10802.316669949832,10802.316725702927,10758.186625714261
2010-05-19,10411.226564453993,10411.226564454011,10411.226564454017,10411.226564453993,10411.226618188588,10368.694216729546
2010-05-20,10318.360385346643,10318.36038534666,10318.360385346665,10318.360385346643,10318.360438601934,10276.20741814928
2010-05-21,10484.192324530024,10484.192324530039,10484.192324530048,10484.192324530024,10484.19237864121,10441.36189424438
2010-05-24,10352.300159848946,10352.30015984896,10352.30015984897,10352.300159848946,10352.300213279408,10310.00854056464
2010-05-25,10241.721394960772,10241.721394960789,10241.721394960796,10241.721394960772,10241.721447820513,10199.881516347948
2010-05-26,10279.453208658766,10279.453208658784,10279.453208658793,10279.453208658766,10279.453261713252,10237.45918657298
2010-05-27,10587.721952404885,10587.721952404903,10587.721952404912,10587.721952404885,10587.72200705041,10544.468578856478
2010-05-28,10525.432591885125,10525.432591885143,10525.432591885152,10525.432591885125,10525.432646209161,10482.43368525517
2010-05-31,10510.658289800074,10510.658289800092,10510.658289800102,10510.658289800074,10510.658344047859,10467.71973972367
2010-06-01,10458.018288994464,10458.01828899448,10458.01828899449,10458.018288994464,10458.018342970563,10415.29478589688
2010-06-02,10574.678842324436,10574.678842324454,10574.678842324463,10574.678842324436,10574.678896902646,10531.478752996669
2010-06-03,10579.486742254465,10579.486742254483,10579.486742254492,10579.486742254465,10579.486796857489,10536.267011506892
2010-06-04,10365.474400339695,10365.474400339712,10365.47440033972,10365.474400339695,10365.474453838155,10323.128961135706
2010-06-07,10306.11743417717,10306.117434177184,10306.117434177193,10306.11743417717,10306.117487369273,10264.014482360142
2010-06-08,10379.036753108774,10379.03675310879,10379.0367531088,10379.036753108774,10379.036806677232,10336.635908453722
2010-06-09,10337.261808177309,10337.261808177325,10337.261808177334,10337.261808177309,10337.261861530158,10295.031624152201
2010-06-10,10485.543732235716,10485.543732235732,10485.543732235741,10485.543732235716,10485.54378635388,10442.707781126752
2010-06-11,10466.67730740814,10466.677307408154,10466.677307408163,10466.67730740814,10466.677361428929,10423.918430151723
2010-06-14,10507.648134099813,10507.648134099827,10507.648134099836,10507.648134099813,10507.64818833206,10464.721881228563
2010-06-15,10706.760334370136,10706.76033437015,10706.76033437016,10706.760334370136,10706.760389630046,10663.020660593516
2010-06-16,10747.826404017333,10747.826404017349,10747.826404017358,10747.826404017333,10747.826459489193,10703.918965535653
2010-06-17,10816.08525992782,10816.085259927837,10816.085259927846,10816.08525992782,10816.08531575198,10771.898967712925
2010-06-18,10866.530486847072,10866.530486847088,10866.530486847098,10866.530486847072,10866.53054293159,10822.138113829007
2010-06-21,10810.849927385863,10810.84992738588,10810.849927385889,10810.849927385863,10810.849983183001,10766.685022755104
2010-06-22,10673.250611625937,10673.250611625954,10673.250611625961,10673.250611625937,10673.250666712895,10629.647833072093
2010-06-23,10558.508947893826,10558.50894789384,10558.50894789385,10558.508947893826,10558.509002388577,10515.374916447741
2010-06-24,10530.015860578136,10530.015860578153,10530.015860578162,10530.015860578136,10530.01591492583,10486.998230200647
2010-06-25,10571.2343110824,10571.234311082417,10571.234311082424,10571.2343110824,10571.23436564283,10528.048293487644
2010-06-28,10580.999003086732,10580.999003086748,10580.999003086758,10580.999003086732,10580.999057697562,10537.773094392387
2010-06-29,10323.191468988307,10323.191468988322,10323.191468988329,10323.191468988307,10323.191522268535,10281.018765660143
2010-06-30,10331.54515825652,10331.545158256537,10331.545158256544,10331.54515825652,10331.545211579865,10289.338328112028
2010-07-01,10166.362657588634,10166.36265758865,10166.362657588657,10166.362657588634,10166.362710059435,10124.83063742094
2010-07-02,10191.515275010179,10191.515275010195,10191.5152750102,10191.515275010179,10191.515327610798,10149.880500391439
2010-07-05,10207.140947388598,10207.140947388612,10207.14094738862,10207.140947388598,10207.141000069863,10165.442338165269
2010-07-06,10235.85258783987,10235.852587839887,10235.852587839892,10235.85258783987,10235.852640669324,10194.03668470618
2010-07-07,10314.233971090254,10314.23397109027,10314.233971090276,10314.233971090254,10314.234024324249,10272.097861280925
2010-07-08,10399.559418650084,10399.5594186501,10399.559418650106,10399.559418650084,10399.559472324463,10357.074734003498
2010-07-09,10504.482197775664,10504.48219777568,10504.482197775686,10504.482197775664,10504.48225199157,10461.568878510634
2010-07-12,10450.21563929758,10450.215639297596,10450.215639297601,10450.21563929758,10450.215693233404,10407.52401188804
2010-07-13,10538.175346801563,10538.17534680158,10538.175346801587,10538.175346801563,10538.175401191367,10495.124382973578
2010-07-14,10447.763486630442,10447.763486630456,10447.763486630463,10447.763486630442,10447.76354055361,10405.081876850358
2010-07-15,10540.427695205743,10540.427695205759,10540.427695205764,10540.427695205743,10540.42774960717,10497.367529996447
2010-07-16,10460.72141265154,10460.721412651556,10460.721412651561,10460.72141265154,10460.721466641588,10417.986866648052
2010-07-19,10541.738097077246,10541.738097077263,10541.738097077268,10541.738097077246,10541.73815148544,10498.672578563255
2010-07-20,10555.593845158948,10555.593845158965,10555.59384515897,10555.593845158948,10555.593899638654,10512.471722603948
2010-07-21,10583.555869553944,10583.55586955396,10583.555869553966,10583.555869553944,10583.555924177968,10540.319515449253
2010-07-22,10620.32797079605,10620.327970796066,10620.327970796074,10620.32797079605,10620.328025609862,10576.941393873047
2010-07-23,10569.426790587415,10569.426790587431,10569.426790587437,10569.426790587415,10569.426845138514,10526.248157145694
2010-07-26,10594.310268505938,10594.310268505953,10594.31026850596,10594.310268505938,10594.310323185467,10551.029980112336
2010-07-27,10544.031247111236,10544.031247111252,10544.03124711126,10544.031247111236,10544.031301531264,10500.95636053153
2010-07-28,10529.615646937895,10529.615646937911,10529.615646937918,10529.615646937895,10529.615701283521,10486.599651528739
2010-07-29,10572.96190930792,10572.961909307936,10572.961909307944,10572.96190930792,10572.961963877266,10529.768834061699
2010-07-30,10675.328878126604,10675.32887812662,10675.328878126626,10675.328878126604,10675.328933224286,10631.717609357618
2010-08-02,10785.036817584978,10785.036817584994,10785.036817585002,10785.036817584978,10785.036873248888,10740.977365674431
2010-08-03,10770.273570712134,10770.27357071215,10770.273570712157,10770.273570712134,10770.27362629985,10726.274430191956
2010-08-04,10834.124941767672,10834.124941767686,10834.124941767694,10834.124941767672,10834.124997684938,10789.864953142842
2010-08-05,10922.68736033997,10922.687360339987,10922.687360339993,10922.68736033997,10922.687416714327,10878.065573077998
2010-08-06,10930.96936899129,10930.969368991306,10930.969368991313,10930.96936899129,10930.96942540839,10886.313747745431
2010-08-09,11020.404800026861,11020.404800026878,11020.404800026883,11020.404800026861,11020.40485690556,10975.383813679384
2010-08-10,10914.690560385206,10914.690560385223,10914.69056038523,10914.690560385206,10914.69061671829,10870.10144196146
2010-08-11,10708.501523525576,10708.501523525589,10708.501523525596,10708.501523525576,10708.501578794472,10664.754736575296
2010-08-12,10818.546288389363,10818.54628838938,10818.546288389385,10818.546288389363,10818.546344226224,10774.349942285275
2010-08-13,10786.973109560407,10786.973109560422,10786.97310956043,10786.973109560407,10786.973165234313,10742.905747434566
2010-08-16,10840.468848097604,10840.46884809762,10840.468848097626,10840.468848097604,10840.468904047613,10796.182943099877
2010-08-17,10977.25765819655,10977.257658196564,10977.257658196571,10977.25765819655,10977.257714852556,10932.41293823116
2010-08-18,11038.085589324133,11038.08558932415,11038.085589324155,11038.085589324133,11038.085646294086,10992.992372728491
2010-08-19,11032.304573731528,11032.304573731544,11032.304573731551,11032.304573731528,11032.304630671646,10987.23497396565
2010-08-20,11052.526812668275,11052.526812668291,11052.526812668297,11052.526812668275,11052.526869712765,11007.374600225312
2010-08-23,10984.646857011043,10984.646857011057,10984.646857011065,10984.646857011043,10984.64691370519,10939.771950403243
2010-08-24,10983.014732125317,10983.014732125333,10983.01473212534,10983.014732125317,10983.01478881104,10938.146493137587
2010-08-25,10932.57311394893,10932.573113948947,10932.573113948953,10932.57311394893,10932.573170374313,10887.91094102179
2010-08-26,10934.768528203733,10934.76852820375,10934.768528203755,10934.768528203733,10934.768584640446,10890.097386484882
2010-08-27,11006.847206815386,11006.847206815402,11006.84720681541,11006.847206815386,11006.847263624113,10961.88160647504
2010-08-30,10865.247652736467,10865.247652736483,10865.247652736489,10865.247652736467,10865.247708814368,10820.860520402213
2010-08-31,10910.23230489116,10910.232304891177,10910.232304891184,10910.23230489116,10910.232361201237,10865.661399506167
2010-09-01,10939.999441911616,10939.999441911632,10939.99944191164,10939.999441911616,10939.999498375328,10895.306930660621
2010-09-02,11030.742618605436,11030.742618605454,11030.74261860546,11030.742618605436,11030.742675537493,10985.679399799395
2010-09-03,11043.583664762138,11043.583664762156,11043.583664762162,11043.583664762138,11043.583721760468,10998.46798721486
2010-09-06,11038.628544808409,11038.628544808427,11038.628544808433,11038.628544808409,11038.628601781164,10993.533110109905
2010-09-07,10980.990589436733,10980.99058943675,10980.990589436755,10980.990589436733,10980.990646112006,10936.130619555444
2010-09-08,11076.95956995127,11076.959569951288,11076.959569951292,11076.95956995127,11076.959627121862,11031.707543857901
2010-09-09,11006.79600512172,11006.796005121734,11006.79600512174,11006.79600512172,11006.79606193018,10961.830613952528
2010-09-10,11042.779258591852,11042.779258591869,11042.779258591872,11042.779258591852,11042.779315586029,10997.666867235952
2010-09-13,11084.182290300114,11084.182290300128,11084.182290300134,11084.182290300114,11084.182347507978,11038.90075766863
2010-09-14,11059.993870208573,11059.99387020859,11059.993870208593,11059.993870208573,11059.993927291598,11014.811153051702
2010-09-15,11097.276889352412,11097.276889352428,11097.276889352432,11097.276889352412,11097.276946627862,11051.941862155545
2010-09-16,11156.380116492135,11156.38011649215,11156.380116492155,11156.380116492135,11156.380174072629,11110.80363849283
2010-09-17,11085.842096466258,11085.842096466275,11085.842096466278,11085.842096466258,11085.84215368269,11040.553783130064
2010-09-20,11101.517903377775,11101.517903377791,11101.517903377795,11101.517903377775,11101.517960675113,11056.16555062545
2010-09-21,11290.403633850574,11290.40363385059,11290.403633850594,11290.403633850574,11290.403692122793,11244.27963776507
2010-09-22,11162.352076983543,11162.35207698356,11162.352076983563,11162.352076983543,11162.352134594861,11116.751202098949
2010-09-23,11074.76059880514,11074.760598805156,11074.76059880516,11074.76059880514,11074.76065596438,11029.517556034227
2010-09-24,11277.37223861817,11277.372238618187,11277.37223861819,11277.37223861817,11277.372296823134,11231.30147889535
2010-09-27,11269.021616969434,11269.02161696945,11269.021616969454,11269.021616969434,11269.021675131298,11222.984971530987
2010-09-28,11314.663961451679,11314.663961451693,11314.663961451699,11314.663961451679,11314.664019849111,11268.44085613221
2010-09-29,11308.253042014278,11308.253042014294,11308.253042014298,11308.253042014278,11308.253100378623,11262.05612683226
2010-09-30,11278.837634464122,11278.837634464138,11278.837634464142,11278.837634464122,11278.837692676649,11232.760888249193
2010-10-01,11241.549387344265,11241.549387344281,11241.549387344285,11241.549387344265,11241.549445364339,11195.624972526864
2010-10-04,11014.248524719447,11014.248524719464,11014.248524719467,11014.248524719447,11014.248581566373,10969.252688227318
2010-10-05,11220.924174241183,11220.924174241198,11220.924174241203,11220.924174241183,11220.924232154804,11175.084018346606
2010-10-06,11179.08372437963,11179.083724379647,11179.08372437965,11179.08372437963,11179.083782077307,11133.414496718287
2010-10-07,11088.06430635265,11088.064306352666,11088.06430635267,11088.06430635265,11088.064363580554,11042.766914758195
2010-10-08,11115.458611168264,11115.458611168278,11115.458611168284,11115.458611168264,11115.458668537554,11070.049307294224
2010-10-11,11073.637402616765,11073.637402616781,11073.637402616785,11073.637402616765,11073.637459770209,11028.398948370612
2010-10-12,11119.21251288411,11119.212512884129,11119.212512884133,11119.21251288411,11119.21257027278,11073.78787342477
2010-10-13,11249.549484013885,11249.549484013904,11249.549484013907,11249.549484013885,11249.54954207525,11203.592386890394
2010-10-14,11271.313461615917,11271.313461615935,11271.313461615939,11271.313461615917,11271.313519789612,11225.267453444576
2010-10-15,11388.819152709391,11388.819152709408,11388.819152709413,11388.819152709391,11388.819211489557,11342.2931057182
2010-10-18,11299.426464071512,11299.426464071526,11299.426464071532,11299.426464071512,11299.426522390304,11253.265607569032
2010-10-19,11229.15114166038,11229.151141660395,11229.1511416604,11229.15114166038,11229.151199616465,11183.277376638498
2010-10-20,11367.206775593731,11367.206775593748,11367.206775593751,11367.206775593731,11367.206834262352,11320.769020326185
2010-10-21,11346.27958183627,11346.279581836285,11346.27958183629,11346.27958183627,11346.279640396879,11299.927319154662
2010-10-22,11398.733655711343,11398.73365571136,11398.733655711363,11398.733655711343,11398.73371454268,11352.167105606848
2010-10-25,11420.458236663235,11420.458236663251,11420.458236663255,11420.458236663235,11420.458295606699,11373.802936455617
2010-10-26,11506.474614817967,11506.474614817984,11506.474614817987,11506.474614817967,11506.47467420538,11459.46791715655
2010-10-27,11462.718518509702,11462.718518509719,11462.718518509722,11462.718518509702,11462.71857767128,11415.890574954894
2010-10-28,11470.019616932186,11470.0196169322,11470.019616932206,11470.019616932186,11470.019676131444,11423.161846646113
2010-10-29,11396.767194299753,11396.767194299768,11396.767194299773,11396.767194299753,11396.767253120941,11350.208677659903
2010-11-01,11345.505630303527,11345.505632627903,11345.505634846486,11345.505629689478,11345.505689896287,11299.15653042524
2010-11-02,11450.202531489162,11450.202536527175,11450.202532710722,11450.202527893565,11450.202588029388,11403.425718908911
2010-11-03,11453.295094804065,11453.295096792694,11453.295091578522,11453.295094771081,11453.295146434622,11406.505646158805
2010-11-04,11570.564268186765,11570.564269416696,11570.56427061314,11570.564270947048,11570.564329717059,11523.295752346738
2010-11-05,11576.352164953303,11576.352162373538,11576.35217091017,11576.352163923348,11576.352225577457,11529.059998311806
2010-11-08,11542.498155254309,11542.498151556265,11542.498162538866,11542.498151674672,11542.498213270143,11495.344287361484
2010-11-09,11552.39292271411,11552.392915498081,11552.392924437858,11552.392915721139,11552.392978473023,11505.198631333005
2010-11-10,11569.613969027465,11569.613968677802,11569.613979564347,11569.613963509202,11569.614024123171,11522.349323588542
2010-11-11,11556.01783032776,11556.017832983747,11556.017843353968,11556.017822889262,11556.017881601569,11508.808728266102
2010-11-12,11371.984763230968,11371.984762202792,11371.984777344194,11371.984756750475,11371.984812574454,11325.527478513734
2010-11-15,11375.600748760196,11375.600743604253,11375.600751537795,11375.60074110388,11375.600796372153,11329.128692180246
2010-11-16,11175.047603219888,11175.047593753967,11175.047605621072,11175.0476001986,11175.047653002406,11129.394857940446
2010-11-17,11187.745821298748,11187.745812795281,11187.745816235732,11187.745819700667,11187.74586558066,11142.041201064183
2010-11-18,11419.708660587918,11419.708652778358,11419.708657878156,11419.708666809021,11419.708710382603,11373.0564219061
2010-11-19,11367.032792492928,11367.032781097865,11367.032792020056,11367.032797681732,11367.032844217705,11320.595747059813
2010-11-22,11398.378727235622,11398.378719220247,11398.378736879451,11398.378730254777,11398.378781264073,11351.813623700267
2010-11-23,11353.980019240415,11353.980009762936,11353.980030297993,11353.980022986769,11353.980074828176,11307.596294254081
2010-11-24,11501.175223814907,11501.175210736961,11501.175236478099,11501.175228372518,11501.175284241772,11454.190178932615
2010-11-25,11448.438410243,11448.438401490353,11448.438423539472,11448.438414410793,11448.438467743606,11401.668805100544
2010-11-26,11432.31604199541,11432.316034831258,11432.316056597374,11432.316050163736,11432.316103743653,11385.612305383533
2010-11-29,11549.63241095603,11549.632400672168,11549.632415959286,11549.632418970432,11549.63247364109,11502.449414898227
2010-11-30,11507.416731543019,11507.416723858418,11507.416744473428,11507.416741269897,11507.416797109561,11460.40620131883
2010-12-01,11745.21938561279,11745.219377769385,11745.21939881041,11745.219395540678,11745.219452534277,11715.596987648893
2010-12-02,11797.188083077577,11797.188075199465,11797.18809633359,11797.188093049392,11797.188150295167,11763.816618940644
2010-12-03,11866.39461848682,11866.394610562491,11866.394631820598,11866.394628517131,11866.394686098734,11832.83907747015
2010-12-06,11868.598541916721,11868.598533990922,11868.598555252976,11868.598551948897,11868.598609541192,11844.42708341979
2010-12-07,11880.368460616553,11880.368452682893,11880.368473966031,11880.368470658676,11880.368528308085,11844.507357316203
2010-12-08,11902.73465396546,11902.734646016863,11902.734667340072,11902.734664026488,11902.73472178443,11869.50158157784
2010-12-09,11919.065944765482,11919.065936805977,11919.06595815844,11919.065954840313,11919.066012677504,11887.428058099045
2010-12-10,11877.848103273758,11877.84809534178,11877.848116620404,11877.848113313752,11877.848170950932,11851.94585045873
2010-12-13,12013.318908460556,12013.318900438113,12013.318921959426,12013.31891861506,12013.31897690961,12009.02166790423
2010-12-14,11964.311988184463,11964.311980194747,11964.312001628266,11964.31199829754,11964.312056354287,11948.81980503031
2010-12-15,11899.352638424081,11899.352630477742,11899.35265179489,11899.352648482249,11899.35270622378,11877.696868402723
2010-12-16,11983.427141525968,11983.427133523486,11983.427154991248,11983.427151655202,11983.427209804708,11899.34014517099
2010-12-17,11931.266021823818,11931.266013856168,11931.266035230485,11931.266031908961,11931.266089805355,11837.211984304506
2010-12-20,11962.947988516895,11962.947980528086,11962.948001959165,11962.947998628817,11962.948056678948,11881.063087016826
2010-12-21,12074.421655829658,12074.421647766409,12074.421669397187,12074.421666035807,12074.421724626862,11985.38467454207
2010-12-22,12095.563838588509,12095.563830511142,12095.563852179794,12095.56384881253,12095.563907506177,12005.844278042716
2010-12-23,12002.305467241036,12002.30545922595,12002.305480727533,12002.30547738623,12002.305535627342,11917.184851595899
2010-12-24,11999.095883574071,11999.09587556113,11999.09589705696,11999.095893716554,11999.095951942089,11913.998030367238
2010-12-27,11908.832032450839,11908.832024498175,11908.832045832303,11908.832042517024,11908.832100304553,11841.566344111725
2010-12-28,12039.278333575072,12039.278325535297,12039.278347103114,12039.27834375152,12039.27840217204,11969.785862853138
2010-12-29,12179.038997421123,12179.038989288016,12179.03901110621,12179.039007715708,12179.039066814414,12109.529656651765
2010-12-30,12065.335884220185,12065.335876163008,12065.33589777751,12065.33589441866,12065.335952965623,11989.535088086775
2010-12-31,12087.72345342455,12087.723445352423,12087.72346700703,12087.72346364195,12087.723522297549,12012.542312353207
2011-01-03,12128.063597321128,12128.063589222062,12128.063610948939,12128.063607572627,12128.063666423976,12052.631555568545
2011-01-04,12124.73553483958,12124.735526742736,12124.73554846365,12124.735545088266,12124.735603923464,12049.324198558275
2011-01-05,12199.14417048885,12199.144162342316,12199.144184196532,12199.144180800431,12199.144239996698,12123.270029485726
2011-01-06,12212.942999456582,12212.942991300835,12212.943013179769,12212.943009779829,12212.943069043054,12136.983016898721
2011-01-07,12136.283672069305,12136.28366396475,12136.283685706352,12136.283682327756,12136.283741218991,12060.800481366261
2011-01-10,12140.385280651713,12140.385272544421,12140.38529429337,12140.385290913631,12140.38534982477,12064.876589024114
2011-01-11,12257.676405957973,12257.676397772355,12257.676419731424,12257.676416319035,12257.676475799326,12181.438201049552
2011-01-12,12201.762200372135,12201.762192223856,12201.762214082759,12201.762210685934,12201.762269894902,12125.871773358322
2011-01-13,12239.850174581185,12239.850166407468,12239.850188334605,12239.850184927176,12239.850244320967,12163.7228641106
2011-01-14,12334.955897489572,12334.955889252346,12334.955911349862,12334.955907915957,12334.955967771246,12258.237060123121
2011-01-17,12203.287099032545,12203.287090883246,12203.287112744883,12203.287109347633,12203.287168564,12127.387196105517
2011-01-18,12468.402729632124,12468.402721305782,12468.402743642362,12468.402740171307,12468.402800674145,12390.853898384716
2011-01-19,12402.48085336344,12402.480845081122,12402.480867299604,12402.4808638469,12402.480924029853,12325.342035541522
2011-01-20,12299.04728576551,12299.047277552265,12299.047299585449,12299.04729616154,12299.047355842582,12222.55179000459
2011-01-21,12153.177850282133,12153.177842166298,12153.177863938163,12153.177860554864,12153.177919528076,12077.589600900314
2011-01-24,11958.793521308957,11958.793513322931,11958.793534746563,11958.79353141738,11958.793589447343,11884.414272971138
2011-01-25,12131.148839604206,12131.148831503082,12131.148853235483,12131.148849858317,12131.148908724632,12055.697590499607
2011-01-26,12393.219141272157,12393.219132996022,12393.21915519791,12393.219151747788,12393.219211885798,12316.137928800139
2011-01-27,12229.045215289709,12229.04520712321,12229.045229030988,12229.045225626569,12229.045284967926,12152.98510006631
2011-01-28,12144.97818105426,12144.978172943902,12144.978194701078,12144.978191320062,12144.978250253482,12069.440931096118
2011-01-31,12186.391433991452,12186.391425853439,12186.391447684804,12186.39144429226,12186.391503426637,12110.596618555883
2011-02-01,12281.282636476188,12281.282628274803,12281.282650276162,12281.282646857204,12281.282706452039,12204.89763310699
2011-02-02,12204.832383364368,12204.832375214037,12204.832397078439,12204.832393680763,12204.832452904624,12128.92287209273
2011-02-03,12276.49347734218,12276.493469143992,12276.49349113677,12276.493487719146,12276.493547290744,12200.138260758891
2011-02-04,12299.447237244016,12299.447229030502,12299.447251064401,12299.447247640386,12299.447307323368,12222.949256824139
2011-02-07,12304.506962447564,12304.50695423067,12304.506976273633,12304.50697284821,12304.507032555743,12227.977512421607
2011-02-08,12133.696041538007,12133.696033435179,12133.696055172142,12133.696051794272,12133.696110672945,12058.228971815097
2011-02-09,12282.347134165035,12282.34712596294,12282.347147966204,12282.34714454695,12282.347204146952,12205.955510016725
2011-02-10,12269.786134521817,12269.78612632811,12269.786148308869,12269.786144893113,12269.786204432165,12193.472635112468
2011-02-11,12442.649756425042,12442.649748115899,12442.649770406335,12442.649766942455,12442.649827320327,12365.26110967707
2011-02-14,12537.00991559476,12537.009907222602,12537.00992968208,12537.009926191931,12537.009987027684,12459.034383804772
2011-02-15,12514.623879208719,12514.623870851514,12514.623893270886,12514.623889786968,12514.623950514095,12436.787580226524
2011-02-16,12609.584518198413,12609.584509777793,12609.584532367284,12609.584528856933,12609.584590044853,12531.157599413396
2011-02-17,12608.845425709444,12608.845417289316,12608.845439877483,12608.845436367335,12608.84549755167,12530.423103804405
2011-02-18,12671.487331935858,12671.487323473897,12671.487346174286,12671.487342646698,12671.487404135003,12592.675400707445
2011-02-21,12618.111561279202,12618.111552852886,12618.111575457655,12618.111571944928,12618.111633174225,12539.631607462443
2011-02-22,12460.2300607298,12460.230052408919,12460.230074730849,12460.230071262074,12460.230131725251,12382.732071037502
2011-02-23,12537.704022775586,12537.704014402967,12537.704036863688,12537.704033373348,12537.704094212466,12459.724173897479
2011-02-24,12483.871750977738,12483.871742641066,12483.87176500535,12483.871761529994,12483.871822107893,12406.22671877834
2011-02-25,12658.46713646476,12658.467128011494,12658.467150688559,12658.467147164598,12658.467208589718,12579.736186002308
2011-02-28,12734.882193251626,12734.882184747332,12734.882207561292,12734.882204016056,12734.88226581198,12655.67596959965
2011-03-01,12564.496537289142,12564.49652889863,12564.496551407352,12564.49654790955,12564.496608878679,12486.35004895065
2011-03-02,12623.319073779548,12623.319065349753,12623.319087963853,12623.319084449675,12623.319145704241,12544.80673117477
2011-03-03,12731.882114133583,12731.882105631292,12731.882128439878,12731.882124895477,12731.882186676843,12652.694549856227
2011-03-04,12612.82562153774,12612.825613114954,12612.825635710255,12612.825632199,12612.825693402643,12534.378544297222
2011-03-07,12565.80372875115,12565.803720359765,12565.803742870829,12565.803739372663,12565.803800348134,12487.649110168677
2011-03-08,12630.824303167023,12630.824294732216,12630.824317359764,12630.824313843495,12630.82437513448,12552.265280831063
2011-03-09,12554.194997852113,12554.194989468479,12554.195011958747,12554.195008463814,12554.195069382951,12476.112581251718
2011-03-10,12255.32124592261,12255.321237738563,12255.321259693412,12255.32125628168,12255.321315750538,12179.09771273235
2011-03-11,12399.429064133523,12399.429055853241,12399.429078066252,12399.429074614403,12399.429134782542,12322.309233992415
2011-03-14,12268.531299989845,12268.531291796979,12268.531313775491,12268.531310360082,12268.53136989304,12192.225605183872
2011-03-15,12129.264483159735,12129.264475059874,12129.264496788894,12129.264493412258,12129.264552269426,12053.824976079239
2011-03-16,11973.47659843039,11973.476590434562,11973.476611884495,11973.476608551227,11973.476666652436,11899.006033963802
2011-03-17,12204.627147592524,12204.627139442335,12204.627161306364,12204.627157908748,12204.627217131612,12128.718912810938
2011-03-18,12153.081423695943,12153.081415580176,12153.081437351862,12153.081433968599,12153.081492941335,12077.493784116836
2011-03-21,12352.456508419868,12352.456500170956,12352.456522299815,12352.456518861045,12352.45657880125,12275.62883007859
2011-03-22,12282.14044338572,12282.140435183766,12282.140457186657,12282.140453767463,12282.14051336646,12205.750104777071
2011-03-23,12363.743779708471,12363.743771452022,12363.743793601101,12363.74379015919,12363.743850154167,12286.845898744152
2011-03-24,12445.093267158274,12445.093258847499,12445.093281142312,12445.093277677752,12445.09333806748,12367.68942268372
2011-03-25,12420.513280964431,12420.51327267007,12420.51329492085,12420.513291463134,12420.513351733583,12343.262314848253
2011-03-28,12285.758636916973,12285.758628712601,12285.758650721975,12285.758647301769,12285.758706918326,12209.34579449229
2011-03-29,12488.904725336593,12488.904716996563,12488.904739369862,12488.904735893106,12488.904796495426,12411.22838991141
2011-03-30,12552.424677780244,12552.424669397795,12552.424691884888,12552.424688390447,12552.424749300999,12474.353271911279
2011-03-31,12568.762870875093,12568.762862481735,12568.762884998096,12568.762881499108,12568.76294248894,12490.589847530857
2011-04-01,12584.298179392652,12584.29817098892,12584.298193533112,12584.298190029798,12584.298251095017,12506.028532216154
2011-04-04,12588.607139308013,12588.607130901404,12588.607153453313,12588.6071499488,12588.607211034929,12510.310692005874
2011-04-05,12604.068045826485,12604.06803740955,12604.068059989157,12604.068056480342,12604.068117641495,12525.675437444803
2011-04-06,12554.519670169992,12554.519661786147,12554.519684276991,12554.519680781968,12554.519741702688,12476.435234228722
2011-04-07,12516.349803776646,12516.34979541829,12516.349817840754,12516.349814356356,12516.349875091857,12438.502770186526
2011-04-08,12508.655870626924,12508.655862273705,12508.655884682386,12508.65588120013,12508.655941898296,12430.8566904351
2011-04-11,12418.962309603292,12418.96230130997,12418.962323557971,12418.962320100683,12418.962380363613,12341.720989951265
2011-04-12,12280.52946465782,12280.529456456943,12280.52947845695,12280.5294750382,12280.529534629386,12204.149145736788
2011-04-13,12327.260353991978,12327.260345759893,12327.260367843615,12327.260364411855,12327.260424229802,12250.58938634598
2011-04-14,12407.541606285284,12407.541597999587,12407.541620227132,12407.541616773022,12407.54167698053,12330.37131915382
2011-04-15,12480.02088557037,12480.020877236271,12480.020899593657,12480.020896119371,12480.020956678585,12402.399804319411
2011-04-18,12401.091545510508,12401.091537229117,12401.091559445105,12401.09155599279,12401.091616169002,12323.961375354493
2011-04-19,12423.148737649533,12423.148729353412,12423.148751608916,12423.148748150461,12423.148808433703,12345.881379974453
2011-04-20,12532.965963995963,12532.965955626507,12532.965978078742,12532.965974589715,12532.966035405845,12455.0155840786
2011-04-21,12550.717471852544,12550.717463471232,12550.717485955269,12550.7174824613,12550.71754336357,12472.656684168533
2011-04-22,12559.537923419772,12559.53791503257,12559.53793753241,12559.537934035985,12559.537994981056,12481.422275812525
2011-04-25,12554.628013760117,12554.628005376191,12554.628027867237,12554.62802437218,12554.628085293425,12476.542903962069
2011-04-26,12609.998379176235,12609.998370755335,12609.998393345573,12609.998389835102,12609.99845102503,12531.568886330093
2011-04-27,12630.954974687069,12630.954966252175,12630.954988879957,12630.954985363649,12630.95504665527,12552.39513962293
2011-04-28,12626.598023891313,12626.598015459329,12626.598038079306,12626.598034564211,12626.59809583469,12548.065287438212
2011-04-29,12784.06244537996,12784.062436842822,12784.06245974489,12784.062456185959,12784.062518220531,12704.550338878797
2011-05-02,12853.71700201672,12853.716993433067,12853.717016459917,12853.717012881596,12853.717075254168,12773.771670118758
2011-05-03,12617.971870954012,12617.971862527787,12617.971885132312,12617.97188161962,12617.97194284824,12539.492785959043
2011-05-04,12607.281973209012,12607.281964789927,12607.281987375301,12607.281983865585,12607.282045042331,12528.86937539616
2011-05-05,12451.720902083585,12451.720893768383,12451.720916075075,12451.720912608667,12451.720973030553,12374.275836188508
2011-05-06,12441.78717016353,12441.78716185496,12441.787184143857,12441.787180680214,12441.787241053897,12364.403888380799
2011-05-09,12679.389956111334,12679.389947644095,12679.389970358645,12679.389966828858,12679.390028355507,12600.52887350418
2011-05-10,12644.122526840296,12644.122518396607,12644.12254104798,12644.122537528008,12644.122598883523,12565.480794506517
2011-05-11,12635.196331080297,12635.19632264257,12635.196345277951,12635.196341760464,12635.196403072663,12556.610116359243
2011-05-12,12686.809882758065,12686.809874285871,12686.809897013716,12686.80989348186,12686.809955044513,12607.902650971002
2011-05-13,12602.179373440948,12602.17936502527,12602.179387601502,12602.179384093206,12602.179445245192,12523.798511897992
2011-05-16,12569.904138047157,12569.904129653034,12569.904152171444,12569.904148672134,12569.904209667506,12491.724016446215
2011-05-17,12515.891926879474,12515.89191852142,12515.891940943071,12515.891937458799,12515.891998192075,12438.047741113098
2011-05-18,12337.265479718735,12337.265471479968,12337.265493581617,12337.26549014707,12337.265550013566,12260.532283917502
2011-05-19,12517.137707954622,12517.137699595738,12517.137722019621,12517.137718535,12517.137779274322,12439.285773893998
2011-05-20,12482.21508246353,12482.215074127967,12482.215096489286,12482.215093014389,12482.215153584251,12404.580354125203
2011-05-23,12445.544405574503,12445.544397263426,12445.544419559052,12445.544416094363,12445.54447648628,12368.13775518704
2011-05-24,12466.572550094837,12466.572541769718,12466.572564103015,12466.572560632472,12466.57262112643,12389.035112481188
2011-05-25,12477.71911864741,12477.719110314849,12477.719132668115,12477.71912919447,12477.719189742515,12400.112353529326
2011-05-26,12586.357384836225,12586.357376431115,12586.357398979,12586.357395475112,12586.357456550324,12508.074930168888
2011-05-27,12583.021904073272,12583.02189567039,12583.0219182123,12583.02191470934,12583.021975768366,12504.760194853856
2011-05-30,12596.871347194652,12596.871338782517,12596.87136134924,12596.871357842425,12596.871418968656,12518.523499597772
2011-05-31,12654.153526131964,12654.153517681576,12654.153540350917,12654.153536828157,12654.153598232348,12575.449404719013
2011-06-01,12495.433093739453,12495.43308539506,12495.43310778006,12495.433104301486,12495.433164935488,12417.716154294538
2011-06-02,12571.059185269409,12571.05917687451,12571.059199394991,12571.059195895365,12571.059256896342,12492.871879704982
2011-06-03,12432.610459259779,12432.610450957336,12432.610473229792,12432.610469768708,12432.610530097865,12355.284253200654
2011-06-06,12298.72576068526,12298.725752472226,12298.725774504835,12298.72577108102,12298.725830760504,12222.232267580835
2011-06-07,12313.933858776929,12313.933850553738,12313.933872613592,12313.933869185543,12313.933928938823,12237.345776967206
2011-06-08,12159.246959533139,12159.246951413248,12159.246973195985,12159.246969811,12159.247028813663,12083.620972617708
2011-06-09,12230.970095553717,12230.970087385931,12230.970109297157,12230.970105892202,12230.970165242903,12154.898017448242
2011-06-10,12122.190617357055,12122.190609261912,12122.190630978264,12122.190627603593,12122.190686426442,12046.795107086919
2011-06-13,12077.054283938205,12077.054275873203,12077.054297508696,12077.05429414659,12077.054352750414,12001.939504849193
2011-06-14,12221.383818640012,12221.383810478628,12221.383832372681,12221.383828970396,12221.383888274577,12145.371363606168
2011-06-15,12148.136233981388,12148.136225868917,12148.136247631752,12148.13624424986,12148.136303198607,12072.579351640277
2011-06-16,12118.712945263755,12118.712937170932,12118.712958881057,12118.712955507353,12118.713014313327,12043.339064818649
2011-06-17,12115.953878073946,12115.953869982966,12115.95389168815,12115.953888315214,12115.9539471078,12040.597157999042
2011-06-20,12181.357540145293,12181.357532010637,12181.357553832986,12181.357550441842,12181.3576095518,12105.594033654379
2011-06-21,12257.83958566742,12257.83957748169,12257.839599441051,12257.83959602862,12257.839655509704,12181.600389341998
2011-06-22,12192.318907554576,12192.3188994126,12192.318921254584,12192.318917860392,12192.318977023537,12116.487225441353
2011-06-23,12170.329459515544,12170.32945138825,12170.329473190843,12170.329469802771,12170.329528859214,12094.634543578317
2011-06-24,12035.146824792075,12035.146816755057,12035.146838315475,12035.14683496504,12035.146893365509,11960.29269448893
2011-06-27,12145.583269390567,12145.5832612798,12145.583283038059,12145.58327965688,12145.583338593242,12070.04226553826
2011-06-28,12055.58239431097,12055.582386260305,12055.582407857333,12055.582404501207,12055.582463000841,11980.601162377417
2011-06-29,12412.60682415891,12412.606815869824,12412.606838106445,12412.606834650927,12412.60689488302,12335.405033258998
2011-06-30,12381.072320850399,12381.072312582373,12381.072334762503,12381.072331315763,12381.072391394833,12304.066662814843
2011-07-01,12266.786477829964,12266.786469638258,12266.78649161365,12266.786488198726,12266.786547723224,12190.491635167897
2011-07-04,12488.14717372442,12488.147165384891,12488.14718775684,12488.147184280291,12488.147244878943,12410.475549988078
2011-07-05,12492.282663786038,12492.282655443747,12492.282677823105,12492.282674345404,12492.282734964125,12414.585318841933
2011-07-06,12648.232280506538,12648.232272060104,12648.23229471884,12648.232291197723,12648.232352573188,12569.564987035781
2011-07-07,12709.52550564065,12709.525497153285,12709.525519921823,12709.525516383645,12709.525578056533,12630.476991140544
2011-07-08,12635.539742156738,12635.539733718784,12635.53975635478,12635.539752837198,12635.53981415107,12556.9513915467
2011-07-11,12566.48216229786,12566.48215390602,12566.482176418303,12566.482172919947,12566.48223389872,12488.323324111429
2011-07-12,12521.633259066157,12521.633250704268,12521.633273136205,12521.633269650332,12521.633330411476,12443.753364352151
2011-07-13,12676.397508582324,12676.397500117086,12676.397522826277,12676.397519297318,12676.397580809455,12597.555037884145
2011-07-14,12422.256703793488,12422.256695497965,12422.256717751874,12422.256714293664,12422.256774572586,12344.994894236712
2011-07-15,12524.384970051107,12524.384961687383,12524.38498412425,12524.38498063761,12524.385041412108,12446.487960719754
2011-07-18,12522.380257437053,12522.380249074668,12522.380271507942,12522.38026802186,12522.38032878663,12444.495716671427
2011-07-19,12574.279552156173,12574.279543759129,12574.27956628538,12574.27956278485,12574.279623801462,12496.072217109255
2011-07-20,12516.014316570525,12516.014308212389,12516.014330634262,12516.014327149951,12516.014387883832,12438.169369585852
2011-07-21,12446.62217988318,12446.622171571384,12446.622193868943,12446.62219040395,12446.622250801107,12369.20882614097
2011-07-22,12550.213342555144,12550.21333417417,12550.21335665731,12550.213353163477,12550.21341406331,12472.155690367572
2011-07-25,12338.727309637927,12338.727301398183,12338.727323502455,12338.727320067497,12338.727379941094,12261.985021799104
2011-07-26,12438.480726798134,12438.480718491774,12438.480740774748,12438.48073731202,12438.48079766967,12361.118009861519
2011-07-27,12323.456545402487,12323.456537172939,12323.456559249855,12323.456555819148,12323.456615618643,12246.80923602903
2011-07-28,12343.73127320864,12343.731264965552,12343.73128707879,12343.731283642439,12343.731343540316,12266.95786258032
2011-07-29,12281.859266721312,12281.859258519544,12281.859280521941,12281.859277102814,12281.859336700458,12205.47067692677
2011-08-01,12320.113665328492,12320.113657101176,12320.113679172104,12320.113675742328,12320.113735525601,12243.487147423915
2011-08-02,12072.828899961385,12072.828891899206,12072.828913527135,12072.8289101662,12072.828968749527,11997.7404011868
2011-08-03,12349.33077229258,12349.330764045753,12349.330786169026,12349.330782731115,12349.330842656165,12272.522534865708
2011-08-04,11853.839913015303,11853.839905099363,11853.839926334987,11853.839923035015,11853.839980555698,11780.113444168766
2011-08-05,11911.792404396077,11911.792396441439,11911.792417780882,11911.792414464775,11911.792472266674,11837.705492639758
2011-08-08,11695.113834570699,11695.113826760757,11695.113847712031,11695.113844456244,11695.11390120671,11622.37458280854
2011-08-09,12087.720024653556,12087.720016581434,12087.720038236044,12087.720034870961,12087.720093526546,12012.538908630153
2011-08-10,11892.264663714934,11892.264655773335,11892.264677077796,11892.264673767126,11892.264731474263,11818.299207231801
2011-08-11,12101.682075128381,12101.682067046935,12101.682088726557,12101.682085357588,12101.682144080924,12026.414120351717
2011-08-12,12085.507554866763,12085.507546796118,12085.507568446765,12085.507565082298,12085.507623727146,12010.340199581313
2011-08-15,12019.6112426041,12019.611234577458,12019.611256110056,12019.611252763936,12019.61131108902,11944.853737835341
2011-08-16,11968.48594441276,11968.485936420257,11968.485957861269,11968.485954529378,11968.486012606378,11894.046419955193
2011-08-17,12181.959297040286,12181.959288905226,12181.959310728667,12181.959307337347,12181.959366450226,12106.192047845625
2011-08-18,12015.376225087663,12015.376217063844,12015.37623858886,12015.376235243913,12015.37629354845,11940.645060550361
2011-08-19,11974.581446065553,11974.581438068979,11974.581459520912,11974.581456187323,11974.581514293903,11900.104009858207
2011-08-22,12071.236486607804,12071.236478546683,12071.23650017177,12071.236496811272,12071.236555386871,11996.157892051122
2011-08-23,12205.121495663765,12205.121487513235,12205.121509378172,12205.121505980404,12205.121565205676,12129.210186221306
2011-08-24,12005.485154013082,12005.485145995872,12005.485167503168,12005.485164160973,12005.485222417514,11930.815508253563
2011-08-25,11982.534604068322,11982.534596066438,11982.53461753262,11982.534614196817,11982.534672341986,11908.007702180656
2011-08-26,12175.69737848976,12175.697370358885,12175.697392171105,12175.69738878153,12175.69744786402,12099.969076095998
2011-08-29,12240.671175177322,12240.671167003058,12240.671188931676,12240.671185524012,12240.671244921788,12164.53875997012
2011-08-30,12373.611804490525,12373.611796227484,12373.611818394256,12373.611814949585,12373.611874992454,12296.652548087777
2011-08-31,12410.397489844787,12410.39748155718,12410.397503789854,12410.397500334942,12410.397560556312,12333.20944018136
2011-09-01,12428.87338220478,12428.873373904837,12428.873396170608,12428.873392710553,12428.873453021575,12351.57041937292
2011-09-02,12499.480313414788,12499.480305067695,12499.480327459954,12499.480323980244,12499.480384633887,12421.738201771033
2011-09-05,12459.174436789952,12459.174428469772,12459.17445078983,12459.174447321337,12459.174507779398,12381.68301268535
2011-09-06,12480.098515565278,12480.098507231125,12480.098529588668,12480.098526114349,12480.098586673945,12402.47695148466
2011-09-07,12472.812440776195,12472.812432446906,12472.812454791396,12472.812451319107,12472.812511843345,12395.236193366787
2011-09-08,12573.488502923317,12573.488494526797,12573.488517051643,12573.488513551327,12573.488574564095,12495.286087907973
2011-09-09,12530.782549144276,12530.782540776276,12530.782563224617,12530.782559736188,12530.782620541728,12452.845749253984
2011-09-12,12413.846678814478,12413.846670524565,12413.84669276342,12413.846689307546,12413.846749545653,12336.637176480433
2011-09-13,12438.33542453822,12438.335416231954,12438.335438514681,12438.335435051988,12438.335495408928,12360.973611327538
2011-09-14,12480.311232272205,12480.311223937908,12480.311246295832,12480.311242821455,12480.311303382081,12402.688345172899
2011-09-15,12431.071243997678,12431.071235696263,12431.071257965976,12431.071254505307,12431.071314826995,12353.754611284136
2011-09-16,12555.818667889045,12555.818659504323,12555.818681997516,12555.818678502117,12555.818739429144,12477.72615266581
2011-09-19,12537.384687651596,12537.384679279185,12537.384701739353,12537.384698249085,12537.38475908666,12459.406824919002
2011-09-20,12645.049920959613,12645.049912515302,12645.049935168348,12645.049931648107,12645.049993008128,12566.402420579843
2011-09-21,12547.448002247971,12547.447993868838,12547.448016347036,12547.448012853965,12547.448073740376,12469.40754944705
2011-09-22,12430.368264689934,12430.368256388989,12430.368278657443,12430.368275196966,12430.368335515248,12353.056004245836
2011-09-23,12186.414793083344,12186.414784945307,12186.414806776731,12186.414803384167,12186.414862518666,12110.619832362912
2011-09-26,12186.469903220532,12186.469895082459,12186.46991691398,12186.469913521401,12186.469972656168,12110.674599735576
2011-09-27,12292.57555029037,12292.57554208144,12292.575564103045,12292.575560680927,12292.575620330572,12216.120309203712
2011-09-28,12187.113220350448,12187.113212211947,12187.11323404462,12187.113230651861,12187.11328978975,12111.313915672572
2011-09-29,12222.53849258216,12222.53848442,12222.53850631614,12222.538502913516,12222.538562223306,12146.51885590649
2011-09-30,12191.521891795262,12191.521883653815,12191.521905494388,12191.521902100401,12191.521961259683,12115.695166823178
2011-10-03,12173.225413520508,12173.225405391278,12173.225427199075,12173.225423810181,12173.225482880678,12097.512485828072
2011-10-04,12146.647115838648,12146.647107727169,12146.647129487352,12146.647126105856,12146.647185047383,12071.0994952577
2011-10-05,12021.845690652972,12021.845682624833,12021.84570416144,12021.845700814689,12021.845759150616,11947.07428844965
2011-10-06,12264.263670928545,12264.26366273852,12264.263684709409,12264.263681295171,12264.263740807432,12187.984519185684
2011-10-07,12209.505782391516,12209.505774238058,12209.50579611085,12209.505792711856,12209.505851958404,12133.567204318702
2011-10-10,12420.19181865309,12420.191810358936,12420.191832609164,12420.191829151518,12420.191889420417,12342.942851912738
2011-10-11,12371.578537258563,12371.578528996872,12371.578551160012,12371.578547715899,12371.578607748903,12294.631927020622
2011-10-12,12422.313824943694,12422.31381664812,12422.313838902153,12422.313835443914,12422.313895723111,12345.051660114634
2011-10-13,12403.323788244435,12403.323779961545,12403.323802181556,12403.323798728605,12403.323858915654,12326.179734370085
2011-10-14,12513.083323750736,12513.083315394548,12513.083337811187,12513.08333432768,12513.083395047337,12435.25660644964
2011-10-17,12279.992789168706,12279.992780968174,12279.992802967243,12279.992799548627,12279.992859137212,12203.615808169297
2011-10-18,12415.696123792219,12415.696115501067,12415.696137743242,12415.696134286847,12415.696194533932,12338.475118599308
2011-10-19,12328.731897105361,12328.731888872284,12328.731910958666,12328.73190752648,12328.731967351572,12252.051777009316
2011-10-20,12304.681666677781,12304.681658460766,12304.681680504062,12304.68167707857,12304.68173678696,12228.151130056574
2011-10-21,12389.281966596882,12389.28195832337,12389.281980518223,12389.28197706918,12389.282037188092,12312.22524762277
2011-10-24,12561.252360120663,12561.25235173231,12561.25237423524,12561.252370738322,12561.25243169172,12483.126049355731
2011-10-25,12426.101377628682,12426.101369330585,12426.101391591397,12426.101388132105,12426.101448429683,12348.815655632741
2011-10-26,12431.044541097746,12431.044532796346,12431.044555066017,12431.044551605348,12431.044611926913,12353.728074466297
2011-10-27,12608.682373296026,12608.682364876,12608.682387463901,12608.68238395378,12608.682445137332,12530.261065516253
2011-10-28,12603.977506296993,12603.97749788011,12603.977520459584,12603.97751695077,12603.977578111493,12525.58546103745
2011-10-31,12498.420592910305,12498.420584563912,12498.420606954285,12498.420603474859,12498.420664123367,12420.685072333348
2011-11-01,12402.687207592542,12402.687199310081,12402.687221528951,12402.687218076173,12402.687278260139,12325.547113012732
2011-11-02,12505.536298799276,12505.536290448132,12505.536312851253,12505.536309369842,12505.536370052881,12427.756521182206
2011-11-03,12656.209716228479,12656.209707776716,12656.209730449762,12656.209726926407,12656.209788340586,12577.49280607903
2011-11-04,12480.276416171779,12480.276407837502,12480.276430195372,12480.276426720995,12480.276487281459,12402.653745615647
2011-11-07,12623.993243800849,12623.9932353706,12623.993257985932,12623.993254471547,12623.993315729394,12545.47670810965
2011-11-08,12734.471670396104,12734.47166189208,12734.471684705328,12734.471681160187,12734.47174295413,12655.268000043365
2011-11-09,12424.5649180736,12424.564909776529,12424.564932034595,12424.564928575728,12424.56498886585,12347.28875228378
2011-11-10,12487.00869351917,12487.0086851804,12487.00870755033,12487.00870407408,12487.008764667211,12409.344150705632
2011-11-11,12692.326575841129,12692.326567365248,12692.326590102997,12692.326586569588,12692.326648159022,12613.385032277984
2011-11-14,12586.534995534676,12586.534987129444,12586.535009677671,12586.535006173714,12586.535067249793,12508.251436194949
2011-11-15,12637.82866447652,12637.828656037036,12637.828678677155,12637.828675158917,12637.828736483898,12559.22607762225
2011-11-16,12524.005245824965,12524.005237461492,12524.0052598977,12524.00525641115,12524.005317183804,12446.110598236857
2011-11-17,12364.047319878788,12364.047311622133,12364.047333771783,12364.047330329766,12364.047390326225,12287.147551007667
2011-11-18,12391.708584436366,12391.70857616124,12391.708598360445,12391.708594910726,12391.708655041411,12314.636772803187
2011-11-21,12178.731084535126,12178.731076402222,12178.731098219889,12178.73109482946,12178.731153926674,12102.98391361978
2011-11-22,12346.570313570825,12346.570305325837,12346.57032744418,12346.570324007027,12346.57038391868,12269.779245168964
2011-11-23,12231.885752803159,12231.885744634756,12231.885766547646,12231.88576314242,12231.885822497568,12155.807979650655
2011-11-24,12272.177805368965,12272.177797173656,12272.177819158727,12272.177815742285,12272.17787529295,12195.849430657805
2011-11-25,12243.686425510114,12243.686417333833,12243.686439267862,12243.68643585935,12243.686495271762,12167.535256568983
2011-11-28,12385.525239923654,12385.525231652651,12385.525253840779,12385.525250392782,12385.525310493464,12308.491886390117
2011-11-29,12328.551242365469,12328.551234132514,12328.551256218574,12328.551252786438,12328.551312610654,12251.872245874616
2011-11-30,12614.882473157071,12614.882464732907,12614.882487331917,12614.882483820069,12614.882545033706,12536.422603065626
2011-12-01,12478.299635595391,12478.299627262437,12478.299649616763,12478.29964614294,12478.29970669381,12400.68925987812
2011-12-02,12437.594404698606,12437.594396392835,12437.59441867424,12437.594415211746,12437.594475565096,12360.237200355305
2011-12-05,12348.661573593577,12348.661565347194,12348.66158746928,12348.661584031544,12348.66164395335,12271.85749833334
2011-12-06,12519.618571218094,12519.618562857546,12519.618585285894,12519.618581800565,12519.618642551937,12441.751207112053
2011-12-07,12530.163300869188,12530.163292501597,12530.163314948837,12530.163311460572,12530.163372263112,12452.230352472501
2011-12-08,12282.282268249164,12282.282260047108,12282.28228205028,12282.282278631023,12282.282338230722,12205.89104754268
2011-12-09,12357.779058131082,12357.779049878607,12357.77907201703,12357.779068576756,12357.779128542801,12280.918275513175
2011-12-12,12080.248015292098,12080.248007224958,12080.248028866195,12080.248025503184,12080.248084122512,12005.113372383685
2011-12-13,12097.101132892207,12097.101124813813,12097.101146485244,12097.10114311754,12097.101201818645,12021.861669869904
2011-12-14,12070.537340518262,12070.537332457607,12070.537354081449,12070.53735072114,12070.537409293347,11995.463094389834
2011-12-15,12029.92367027307,12029.923662239536,12029.923683790623,12029.92368044162,12029.923738816748,11955.102026045462
2011-12-16,12082.235454603539,12082.235446535073,12082.235468179872,12082.235464816304,12082.235523445277,12007.088450562904
2011-12-19,12028.99519906627,12028.995191033358,12028.99521258278,12028.995209234035,12028.995267604658,11954.179329583725
2011-12-20,12190.637829920417,12190.637821779559,12190.637843618557,12190.637840224812,12190.637899379806,12114.816603483889
2011-12-21,12111.09835996479,12111.098351877048,12111.098373573554,12111.098370201951,12111.098428970981,12035.771839403893
2011-12-22,12142.144281604105,12142.144273495633,12142.144295247754,12142.14429186751,12142.14435078719,12066.624666974843
2011-12-23,12209.572975622888,12209.572967469387,12209.572989342303,12209.572985943287,12209.573045190165,12133.633979633205
2011-12-26,12241.21137723131,12241.211369056677,12241.211390986273,12241.21138757845,12241.211446978852,12165.075602168543
2011-12-27,12214.022052593331,12214.022044436857,12214.022066317742,12214.02206291749,12214.022122185957,12138.055385002117
2011-12-28,12125.524449772596,12125.52444167522,12125.524463397565,12125.524460021948,12125.524518860982,12050.108204306638
2011-12-29,12237.446490021153,12237.446481849038,12237.446503771886,12237.44650036511,12237.446559747243,12161.33413115446
2011-12-30,12288.795274005734,12288.795265799326,12288.795287814162,12288.795284393093,12288.795344024395,12212.363544829459
2012-01-03,12407.656257773286,12407.656249487503,12407.656271715276,12407.656268261113,12407.656328469187,12330.485249897147
2012-01-04,12380.8890200072,12380.889011739295,12380.889033919113,12380.889030472405,12380.88909055059,12303.884475798688
2012-01-05,12457.06668093043,12457.066672611652,12457.06669492794,12457.066691460024,12457.066751907862,12379.588335827084
2012-01-06,12472.653826519467,12472.65381819028,12472.65384053449,12472.653837062235,12472.653897585711,12395.07850431101
2012-01-09,12620.611239660211,12620.61123123222,12620.611253841489,12620.611250328044,12620.611311569482,12542.115710741597
2012-01-10,12660.338361373755,12660.338352919234,12660.338375599673,12660.338372075168,12660.338433509383,12581.595585361363
2012-01-11,12618.499066145854,12618.499057719273,12618.49908032476,12618.499076811902,12618.499138043093,12540.01644642993
2012-01-12,12657.247080184781,12657.247071732325,12657.247094407228,12657.247090883584,12657.247152302798,12578.523391461298
2012-01-13,12674.886953136707,12674.886944672473,12674.886967378978,12674.88696385042,12674.887025355232,12596.053565738408
2012-01-16,12680.443110793165,12680.443102325218,12680.443125041678,12680.443121511573,12680.443183043346,12601.575189336714
2012-01-17,12749.609692971384,12749.609684457248,12749.609707297617,12749.609703748258,12749.60976561566,12670.311574138143
2012-01-18,12792.619681687931,12792.619673145073,12792.619696062495,12792.619692501159,12792.619754577268,12713.054063159092
2012-01-19,12816.618670776741,12816.618662217856,12816.61868517827,12816.618681610253,12816.618743802817,12736.90383806661
2012-01-20,12487.591997524845,12487.591989185685,12487.59201155666,12487.592008080243,12487.592068676206,12409.923588586273
2012-01-23,12557.307866445408,12557.307858059692,12557.307880555561,12557.307877059735,12557.307937993994,12479.205773945174
2012-01-24,12652.95872711096,12652.958718661366,12652.95874132859,12652.958737806137,12652.958799204542,12574.261764335573
2012-01-25,12664.903192454281,12664.903183996714,12664.903206685336,12664.903203159556,12664.903264615921,12586.131890912273
2012-01-26,12599.17317096303,12599.173162549356,12599.173185120226,12599.173181612743,12599.173242750152,12520.810680636
2012-01-27,12626.759876118174,12626.75986768608,12626.75989030637,12626.759886791207,12626.759948062481,12548.225782134585
2012-01-30,12341.115031447089,12341.115023205746,12341.115045314316,12341.115041878676,12341.115101763857,12264.357572105493
2012-01-31,12428.414533856294,12428.414525556653,12428.414547821616,12428.414544361673,12428.414604670475,12351.114084105566
2012-02-01,12595.83870389373,12595.838696931001,12595.838715398333,12595.838708142632,12595.838774466873,12517.496928635792
2012-02-02,12665.292580171286,12665.292574172887,12665.292591803061,12665.292583632237,12665.292652076934,12586.518824526012
2012-02-03,12780.68366398272,12780.683655762308,12780.683676058103,12780.683667175465,12780.683735236824,12701.192215070465
2012-02-06,12685.05918618705,12685.059182011195,12685.05919698516,12685.059188220246,12685.059255989137,12606.162489870898
2012-02-07,12758.935153342893,12758.935146506241,12758.93516087605,12758.935152435632,12758.935218386827,12679.578973774946
2012-02-08,12799.27877940762,12799.278768989056,12799.27878727939,12799.278775237266,12799.278841857227,12719.671675993017
2012-02-09,12797.859303806583,12797.859292414058,12797.859317500259,12797.85930170795,12797.85936794687,12718.261026994149
2012-02-10,12713.189740101623,12713.189727748275,12713.189750327907,12713.189734877673,12713.18979979414,12634.118077710555
2012-02-13,12626.69680219413,12626.696786634997,12626.696812894726,12626.696796948505,12626.69686194091,12548.163091385435
2012-02-14,12789.158788038902,12789.158765740223,12789.158796266614,12789.158780014373,12789.15884327786,12709.614618511208
2012-02-15,12809.221415523076,12809.221398188962,12809.221424064175,12809.221412266583,12809.221476626642,12729.55246455268
2012-02-16,12865.717654390037,12865.717638689528,12865.71766245289,12865.717652882451,12865.717715116656,12785.69731860516
2012-02-17,12899.6855059411,12899.685488843386,12899.685512523345,12899.685503755984,12899.685563552748,12819.453902764311
2012-02-20,12675.800790066143,12675.800774068683,12675.800798055374,12675.800790388575,12675.800847093022,12596.961672269814
2012-02-21,12887.328232284824,12887.32821846597,12887.328238407907,12887.328229686083,12887.328289355653,12807.173484678937
2012-02-22,12810.428987462523,12810.428967233069,12810.428991015262,12810.42898007995,12810.429037984492,12730.752525415763
2012-02-23,12793.363651244335,12793.363631394439,12793.363658342818,12793.363644754718,12793.363704415337,12713.793328762647
2012-02-24,12767.699876010533,12767.69986424907,12767.699885919801,12767.699879131615,12767.699935884355,12688.289180164298
2012-02-27,12757.632149191462,12757.632139122315,12757.632157691361,12757.632151666441,12757.632208572631,12678.284070747684
2012-02-28,12909.101598300105,12909.101590560183,12909.101607321425,12909.101602128916,12909.101660275857,12828.811431683851
2012-02-29,12829.597028009333,12829.597020536792,12829.597038683107,12829.597031943787,12829.597089625062,12749.801355386227
2012-03-01,13026.267726603844,13026.267719016752,13026.267737441241,13026.26773059861,13026.267789164107,12945.248830005321
2012-03-02,12988.470017208974,12988.4700096439,12988.470028014926,12988.470021192152,12988.47007958771,12907.686209338352
2012-03-05,12849.846307161702,12849.84629967737,12849.846317852325,12849.846311102368,12849.846368874682,12769.924690999876
2012-03-06,12639.962881697904,12639.962874335817,12639.96289221391,12639.962885574205,12639.962942402894,12561.346668119711
2012-03-07,12823.197136736662,12823.197129267852,12823.197147405115,12823.197140669155,12823.197198321657,12743.441269231966
2012-03-08,12975.520189067453,12975.520181509923,12975.520199862634,12975.520193046661,12975.520251383998,12894.81692466555
2012-03-09,12941.153772056989,12941.153764519475,12941.153782823576,12941.153776025658,12941.153834208486,12860.664254926727
2012-03-12,12844.60903096073,12844.60902347945,12844.609041646998,12844.609034899791,12844.60909264856,12764.719988852186
2012-03-13,13229.908410238922,13229.908402533227,13229.908421245746,13229.908414296146,13229.908473777201,13147.622938759789
2012-03-14,13266.049524218213,13266.049516491465,13266.049535255104,13266.04952828652,13266.049587930062,13183.539267463826
2012-03-15,13446.497194670703,13446.497186838853,13446.497205857719,13446.497198794346,13446.497259249176,13362.864615585724
2012-03-16,13542.317354279383,13542.317346391721,13542.317365546118,13542.317358432412,13542.317419318042,13458.088806819858
2012-03-19,13565.557778284683,13565.557770383482,13565.55778957075,13565.557782444837,13565.557843434957,13481.184683396155
2012-03-20,13645.542925469865,13645.542917522078,13645.542936822476,13645.542929654548,13645.542991004279,13560.672350527557
2012-03-21,13758.39589765964,13758.395889646123,13758.395909106142,13758.395901878932,13758.395963736046,13672.823416117792
2012-03-22,13600.898507946707,13600.898500024925,13600.898519262179,13600.898512117701,13600.898573266713,13516.305605897584
2012-03-23,13708.744320301495,13708.744312316898,13708.74433170669,13708.74432450556,13708.744386139442,13623.480654461608
2012-03-26,13624.259522120556,13624.259514185169,13624.259533455463,13624.259526298712,13624.259587552753,13539.521322613133
2012-03-27,13810.994711358104,13810.994703313954,13810.994722848369,13810.994715593528,13810.994777687123,13725.095083319833
2012-03-28,13789.474428903186,13789.474420871571,13789.474440375547,13789.474433132009,13789.47449512885,13703.708649606213
2012-03-29,13680.17032283165,13680.170314863697,13680.170334213073,13680.170327026952,13680.170388532366,13595.084377409847
2012-03-30,13686.567743825866,13686.567735854187,13686.567755212613,13686.567748023132,13686.567809557308,13601.442008649938
2012-04-02,13731.156867887337,13731.156859889688,13731.156890733264,13731.156870800787,13731.156943777649,13645.753803346512
2012-04-03,13741.533689687105,13741.533681683411,13741.533725184556,13741.53369116757,13741.53377663488,13656.06608447199
2012-04-04,13513.974256540814,13513.974248669663,13513.974272832042,13513.974260111716,13513.974325838493,13429.921993215552
2012-04-05,13485.447370045189,13485.447362190653,13485.447382846742,13485.447374001054,13485.447436188218,13401.572534238681
2012-04-09,13193.45600822577,13193.456000541304,13193.456001730447,13193.456014256519,13193.456056377006,13111.39725870439
2012-04-10,12901.464005835815,12901.463998321418,12901.464008069845,12901.464010757818,12901.464060396505,12821.221345656215
2012-04-11,13145.123141676935,13145.123134020621,13145.123151105201,13145.123145879463,13145.123203495048,13063.365005402404
2012-04-12,13397.346484126374,13397.346476323155,13397.346495515001,13397.3464882074,13397.346548679929,13314.019605516343
2012-04-13,13139.13580399781,13139.135796344985,13139.13579071515,13139.13581077778,13139.135846018065,13057.414907651902
2012-04-16,13025.439908501046,13025.439900914442,13025.439889585188,13025.439915875306,13025.439945153032,12944.426161630478
2012-04-17,13369.725829251558,13369.725821464424,13369.72580918672,13369.725836894453,13369.725866307272,13286.570742637306
2012-04-18,13332.268951896298,13332.268944130983,13332.26893416385,13332.268959259221,13332.268990829964,13249.34683407389
2012-04-19,13294.062088447961,13294.0620807049,13294.06206667861,13294.06209625413,13294.062123711048,13211.37760428322
2012-04-20,13218.78279897307,13218.782791273854,13218.78277714643,13218.782806755544,13218.782833879266,13136.56652604854
2012-04-23,13104.948037699216,13104.948030066302,13104.94802192075,13104.94804474898,13104.948077407049,13023.43977756073
2012-04-24,13114.355475224223,13114.355467585832,13114.355462949443,13114.35548187977,13114.355518020926,13032.788703950311
2012-04-25,13257.969191368366,13257.969183646326,13257.969189897967,13257.969196854203,13257.969244157679,13175.509191913621
2012-04-26,13381.114694179265,13381.114686385501,13381.114707950297,13381.11469798316,13381.114760740866,13297.888771630176
2012-04-27,13217.10164040982,13217.101632711585,13217.10166408135,13217.101643023272,13217.101714922475,13134.895822206527
2012-04-30,13323.34786570941,13323.347857949293,13323.34789426401,13323.347867810793,13323.347944906849,13240.481232436974
2012-05-01,13357.290337301212,13357.290329521327,13357.29036592856,13357.29033940795,13357.290416700416,13274.212593550083
2012-05-02,13348.603387265688,13348.60337949086,13348.603415874417,13348.603389371054,13348.603466613251,13265.579673350758
2012-05-03,13280.383295889931,13280.383288154837,13280.383324352451,13280.38329798454,13280.383374831976,13197.783887438676
2012-05-04,13164.926001422837,13164.925993754992,13164.926029637909,13164.926003499235,13164.926079678575,13083.044697563286
2012-05-07,13115.155925705014,13115.155918066157,13115.155953813417,13115.155927773561,13115.156003664903,13033.584174568548
2012-05-08,13060.537633350708,13060.537625743662,13060.537661342054,13060.537635410641,13060.537710985931,12979.305589174395
2012-05-09,13013.931011585062,13013.931004005162,13013.931039476518,13013.931013637643,13013.931088943242,12932.988844538193
2012-05-10,13031.10341453085,13031.103406940945,13031.103442459109,13031.103416586137,13031.103491991105,12950.054441054268
2012-05-11,12943.89045522343,12943.89044768432,12943.890482964774,12943.89045726496,12943.89053216527,12863.383916305218
2012-05-14,12789.782225024495,12789.782217575144,12789.782252435556,12789.78222704172,12789.782301050276,12710.23418620137
2012-05-15,12815.384446102187,12815.384438637926,12815.38447356812,12815.38444812345,12815.384522280156,12735.677170284998
2012-05-16,12749.318506959766,12749.318499533985,12749.318534284104,12749.318508970608,12749.318582745022,12670.022138521555
2012-05-17,12589.27017076363,12589.270163431067,12589.27019774495,12589.270172749228,12589.270245597514,12510.969247833193
2012-05-18,12583.474465233545,12583.474457904358,12583.474492202444,12583.474467218228,12583.474540032978,12505.209589594639
2012-05-21,12764.274814613353,12764.27480717886,12764.274841969742,12764.27481662655,12764.274890487508,12684.885423094609
2012-05-22,12757.288070587003,12757.28806315658,12757.288097928418,12757.2880725991,12757.288146419627,12677.942134208877
2012-05-23,12839.932655764445,12839.932648285887,12839.932683282987,12839.932657789579,12839.932732088333,12760.072698541042
2012-05-24,12896.819830398168,12896.819822886477,12896.819858038629,12896.819832432273,12896.819907060206,12816.60605454856
2012-05-25,12883.159359474079,12883.159351970346,12883.159387085263,12883.159361506032,12883.159436054917,12803.030547047016
2012-05-28,12696.344523484624,12696.344516089699,12696.344550695427,12696.344525487111,12696.344598954985,12617.377634971866
2012-05-29,12963.636044775738,12963.636037225131,12963.636072559399,12963.636046820382,12963.636121834947,12883.00669509369
2012-05-30,12853.641195675871,12853.641188189331,12853.641223223793,12853.641197703168,12853.641272081244,12773.695976057386
2012-05-31,12865.709055334606,12865.709047841035,12865.709082908392,12865.709057363805,12865.709131811713,12785.688777786927
2012-06-01,12567.216040698257,12567.216033378543,12567.216067632311,12567.216042680378,12567.216115401043,12489.05228685825
2012-06-04,12412.346138111965,12412.346130882455,12412.346164714103,12412.34614006966,12412.346211894164,12335.145621706866
2012-06-05,12475.992548103313,12475.992540836733,12475.99257484186,12475.992550071047,12475.992622263846,12398.396172956927
2012-06-06,12672.160981193856,12672.160973813017,12672.161008352829,12672.160983192529,12672.161056520463,12593.3445059819
2012-06-07,12615.97158396869,12615.971576620579,12615.971611007237,12615.9715859585,12615.97165896129,12537.50458744787
2012-06-08,12809.322050625065,12809.322043164337,12809.322078078001,12809.32205264537,12809.32212676699,12729.65248081899
2012-06-11,12529.5654385209,12529.565431223115,12529.565465374262,12529.565440497081,12529.565512999881,12451.635858454225
2012-06-12,12901.678755603365,12901.678748088845,12901.67878325424,12901.678757638238,12901.678832294285,12821.434758913087
2012-06-13,12818.580202185465,12818.580194719347,12818.580229658246,12818.580204207232,12818.580278382427,12738.853049866508
2012-06-14,12865.390154883604,12865.39014739022,12865.390182456706,12865.390156912756,12865.390231358817,12785.371860786856
2012-06-15,12895.801806042062,12895.801798530965,12895.801833680343,12895.801808076008,12895.80188269805,12815.594361953197
2012-06-18,12738.508220847432,12738.508213427951,12738.5082481486,12738.50822285657,12738.508296568427,12659.27908866424
2012-06-19,13093.664020539169,13093.664012912828,13093.664048601508,13093.664022604324,13093.664098371302,13012.225941647966
2012-06-20,13105.788134127097,13105.788126493697,13105.788162215422,13105.788136194165,13105.788212031299,13024.274647426644
2012-06-21,13020.02311351289,13020.023105929444,13020.023141417403,13020.023115566433,13020.023190907285,12939.04305569101
2012-06-22,13170.106720386251,13170.106712715391,13170.106748612425,13170.106722463466,13170.106798672781,13088.193194239719
2012-06-25,13141.555208687067,13141.555201032836,13141.555236852048,13141.555210759776,13141.555286803876,13059.81926310611
2012-06-26,13178.288898218612,13178.288890542988,13178.288926462323,13178.288900297117,13178.288976553778,13096.324481745067
2012-06-27,13335.029424784434,13335.029417017517,13335.029453364068,13335.029426887659,13335.029504051307,13252.090136239336
2012-06-28,13274.991049190341,13274.99104145839,13274.9910776413,13274.991051284094,13274.991128100328,13192.425178655698
2012-06-29,13444.329304931322,13444.329297100741,13444.329333745207,13444.329307051783,13444.329384847899,13360.7102087901
2012-07-02,13117.763537501114,13117.763529860742,13117.763565615103,13117.76353957007,13117.7636154765,13036.175567917702
2012-07-03,13357.01674837553,13357.016740595805,13357.016777002285,13357.016750482222,13357.0168277731,13273.940706253246
2012-07-04,13304.446112118727,13304.446104369623,13304.446140632816,13304.446114217128,13304.446191203804,13221.697041241172
2012-07-05,13289.732051483825,13289.732043743292,13289.73207996638,13289.732053579906,13289.73213048144,13207.07449699381
2012-07-06,13239.541426967184,13239.541419255882,13239.541455342167,13239.541429055349,13239.541505666451,13157.196040868883
2012-07-09,13157.899558292203,13157.899550628454,13157.899586492213,13157.899560367492,13157.899636506172,13076.061956488013
2012-07-10,13225.813620229259,13225.813612525952,13225.81364857482,13225.81362231526,13225.813698846925,13143.553616359062
2012-07-11,13208.584306861185,13208.584299167913,13208.584335169822,13208.584308944468,13208.584385376436,13126.431463383917
2012-07-12,13173.490500377533,13173.490492704705,13173.490528610959,13173.490502455285,13173.49057868418,13091.555928285306
2012-07-13,13360.469592687103,13360.46958490537,13360.469621321263,13360.469594794346,13360.469672105202,13277.372075062853
2012-07-16,13274.843906275011,13274.84389854315,13274.843934725657,13274.84390836875,13274.843985184129,13192.2789509186
2012-07-17,13330.610775994339,13330.610768229995,13330.610804564505,13330.610778096872,13330.610855234947,13247.6989699223
2012-07-18,13344.87200061235,13344.8719928397,13344.87202921308,13344.872002717131,13344.872079937732,13261.871494636776
2012-07-19,13421.055555714034,13421.055547897011,13421.055584478041,13421.055557830832,13421.055635492272,13337.58121427416
2012-07-20,13395.628109024092,13395.628101221879,13395.628137733602,13395.628111136879,13395.62818865118,13312.311917541805
2012-07-23,13204.189373709842,13204.189366019133,13204.18940200906,13204.189375792437,13204.18945219897,13122.063865202535
2012-07-24,13294.32038118418,13294.320373440973,13294.320409676566,13294.320383280989,13294.32046020907,13211.634288864296
2012-07-25,13363.81498071209,13363.814972928407,13363.815009353417,13363.814982819862,13363.815060150075,13280.69665592695
2012-07-26,13514.18347103381,13514.183463162544,13514.183499997405,13514.183473165296,13514.183551365622,13430.12990604712
2012-07-27,13723.196242454873,13723.19623446187,13723.196271866427,13723.196244619327,13723.196324029112,13637.842690043613
2012-07-30,13488.613083971368,13488.613076114996,13488.613112880163,13488.613086098821,13488.613164151184,13404.718557982136
2012-07-31,13660.934148450113,13660.934140493373,13660.934177728226,13660.934150604744,13660.934229654249,13575.967844811657
2012-08-01,13630.109055465056,13630.109047526268,13630.109084677104,13630.109057614825,13630.10913648596,13545.334473284433
2012-08-02,13606.575936704296,13606.575928779213,13606.575965865906,13606.575938850352,13606.57601758531,13521.947722414214
2012-08-03,13760.673760046928,13760.673752032095,13760.673789538801,13760.67376221729,13760.67384184394,13675.087110388822
2012-08-06,13393.036499749285,13393.03649194858,13393.03652845324,13393.036501861663,13393.036579360967,13309.736427183772
2012-08-07,13669.761128434488,13669.761120472605,13669.761157731518,13669.761130590512,13669.76120969109,13584.739924021796
2012-08-08,13702.024139221154,13702.02413124048,13702.02416858733,13702.024141382266,13702.024220669535,13616.802269997328
2012-08-09,13668.716419571509,13668.716411610236,13668.7164488663,13668.716421727368,13668.716500821902,13583.701712888
2012-08-10,13675.809796032103,13675.809788066697,13675.809825342096,13675.80979818908,13675.80987732466,13590.750970990972
2012-08-13,13437.627721136085,13437.627713309406,13437.627749935606,13437.627723255495,13437.627801012826,13354.05030653709
2012-08-14,13664.578188339861,13664.578180380997,13664.578217625782,13664.578190495067,13664.578269565654,13579.589220028818
2012-08-15,13672.84139474683,13672.841386783155,13672.84142405046,13672.841396903339,13672.841476021742,13587.801032138957
2012-08-16,13720.990482392803,13720.990474401082,13720.990511799626,13720.990484556905,13720.990563953925,13635.650649049152
2012-08-17,13704.294657050168,13704.294649068173,13704.29468642121,13704.294659211637,13704.294738512048,13619.058665987737
2012-08-20,13521.572765352734,13521.572757477164,13521.572794332165,13521.572767485384,13521.572845728466,13437.473241501304
2012-08-21,13675.234010287904,13675.234002322839,13675.234039596664,13675.234012444791,13675.23409157704,13590.178766435723
2012-08-22,13645.200276464544,13645.20026851697,13645.200305708935,13645.200278616692,13645.200357575151,13560.331832088861
2012-08-23,13561.373037558267,13561.373029659519,13561.373066622999,13561.373039697193,13561.373118170583,13477.025969726581
2012-08-24,13620.592624797395,13620.592616864153,13620.592653989046,13620.59262694566,13620.592705761726,13535.877231536713
2012-08-27,13452.970558445813,13452.970550610204,13452.970587278216,13452.97056056764,13452.970638413757,13369.297716685005
2012-08-28,13656.825501844814,13656.82549389047,13656.825531114118,13656.825503998793,13656.825583024523,13571.884752572643
2012-08-29,13657.360258629064,13657.360250674408,13657.360287899515,13657.360260783127,13657.360339811952,13572.416183353942
2012-08-30,13596.329524976285,13596.329517057178,13596.329554115939,13596.329527120723,13596.329605796393,13511.765039836837
2012-08-31,13692.99219567172,13692.99218769631,13692.992225018541,13692.992197831403,13692.992277066416,13607.826502024891
2012-09-03,13547.573731310169,13547.573723419458,13547.57376034533,13547.573733446918,13547.57381184046,13463.312490408907
2012-09-04,13769.021680861504,13769.021672841813,13769.021710371275,13769.021683033181,13769.02176270814,13683.383110012142
2012-09-05,13843.634303464802,13843.634295401653,13843.634333134483,13843.634305648247,13843.634385754955,13757.531667810026
2012-09-06,14186.014513323453,14186.014505060884,14186.014543726922,14186.014515560899,14186.014597648802,14097.7823907277
2012-09-07,14278.599701867264,14278.59969355077,14278.599732469163,14278.599704119315,14278.599786742965,14189.791731298252
2012-09-10,13944.32200163878,13944.321993516984,13944.322031524254,13944.322003838108,13944.322084527448,13857.593123192497
2012-09-11,14197.934560539325,14197.934552269813,14197.934590968342,14197.934562778652,14197.93464493553,14109.628299356847
2012-09-12,14224.077143034461,14224.077134749721,14224.077173519507,14224.077145277912,14224.077227586065,14135.60828399608
2012-09-13,14359.285331694631,14359.28532333114,14359.285362469454,14359.285333959406,14359.285417049947,14269.975524307676
2012-09-14,14461.091273105772,14461.091264682986,14461.091304098785,14461.091275386607,14461.09135906625,14371.148267839659
2012-09-17,14177.995214209102,14177.995205951203,14177.995244595382,14177.995216445284,14177.995298486783,14089.812968890858
2012-09-18,14384.767076818267,14384.767068439936,14384.767107647702,14384.767079087062,14384.767162325054,14295.298781756175
2012-09-19,14453.363770575685,14453.363762157398,14453.363801552136,14453.363772855297,14453.363856490227,14363.468827712859
2012-09-20,14396.25193286884,14396.251924483819,14396.251963722889,14396.251935139444,14396.252018443893,14306.712205959127
2012-09-21,14500.253535930538,14500.253527484942,14500.253567007483,14500.253538217545,14500.253622123804,14410.066954882697
2012-09-24,14290.088360184549,14290.088351861361,14290.088390811068,14290.088362438406,14290.08844512854,14201.208934119128
2012-09-25,14412.895840366786,14412.895831972068,14412.895871256505,14412.895842640011,14412.895926040776,14323.25259408696
2012-09-26,14286.181763434919,14286.181755114005,14286.181794053065,14286.18176568816,14286.181848355687,14197.326635055291
2012-09-27,14530.072821660615,14530.072813197648,14530.07285280147,14530.072823952323,14530.072908031136,14439.700774929524
2012-09-28,14453.884907007961,14453.884898589366,14453.88493798553,14453.884909287652,14453.8849929256,14363.986722856076
2012-10-01,14282.354154550163,14282.354146231477,14282.354185160106,14282.354189456395,14282.354306765088,14193.522875988869
2012-10-02,14445.385977206466,14445.385968792823,14445.386008165819,14445.38603304789,14445.386157263116,14355.54070954053
2012-10-03,14550.770010279828,14550.770001804802,14550.770041465037,14550.770051148065,14550.770187549455,14460.269278525524
2012-10-04,14614.265218683393,14614.265210171387,14614.265250004688,14614.265272207189,14614.265400342403,14523.369589811617
2012-10-05,14612.373426510776,14612.373417999872,14612.373457828016,14612.373496416883,14612.373637812569,14521.489582158298
2012-10-08,14335.986527619345,14335.98651926942,14335.986558344232,14335.986600236442,14335.986736329394,14246.82172160049
2012-10-09,14409.754729734439,14409.754721341547,14409.754760617427,14409.754803380585,14409.754948127995,14320.131103416144
2012-10-10,14410.94872747664,14410.948719083055,14410.948758362187,14410.94880510225,14410.948959012047,14321.317677484194
2012-10-11,14450.809895725391,14450.80988730859,14450.809926696369,14450.809977144369,14450.810135748232,14360.930927242433
2012-10-12,14460.72739826316,14460.727389840582,14460.727429255394,14460.727492461961,14460.727651893223,14370.786756816844
2012-10-15,14365.911151815777,14365.911143448424,14365.911182604801,14365.911245330864,14365.911403203712,14276.560224340426
2012-10-16,14649.47879752146,14649.478788988943,14649.478828918225,14649.478885825012,14649.479035795146,14558.364181206287
2012-10-17,14848.135387270519,14848.135378622295,14848.135419093045,14848.135466930002,14848.135608183917,14755.785190360804
2012-10-18,14816.083520035703,14816.083511406148,14816.083551789536,14816.083608255354,14816.083742119114,14723.932680263282
2012-10-19,14616.261886787717,14616.261878274549,14616.26191811329,14616.261980562573,14616.262121015696,14525.35387834489
2012-10-22,14526.882879255483,14526.88287079437,14526.8829103895,14526.88295979218,14526.88309888988,14436.530758961131
2012-10-23,14499.114303916103,14499.114295471165,14499.114334990605,14499.11438424109,14499.114523126178,14408.9348943975
2012-10-24,14535.781537034542,14535.781528568248,14535.781568187631,14535.781624358548,14535.78177777887,14445.374078347315
2012-10-25,14520.571785113054,14520.571776655619,14520.571816233545,14520.571870174137,14520.572020812879,14430.258921329085
2012-10-26,14395.154163080217,14395.15415469583,14395.154193931912,14395.154243479446,14395.154390756641,14305.621353749882
2012-10-29,14120.723659250747,14120.723651026201,14120.723689514283,14120.72374326384,14120.723900876246,14032.897716927342
2012-10-30,14408.809390492688,14408.809382100348,14408.80942137365,14408.80947024918,14408.809634167126,14319.191646476229
2012-10-31,14432.770012110219,14432.770003703923,14432.770043042536,14432.770098706473,14432.77026434328,14343.003244567117
2012-11-01,14575.831582134926,14575.831573645304,14575.83161337385,14575.831669589545,14575.83183686819,14485.175021801528
2012-11-02,14551.803972713362,14551.803964237735,14551.80400390079,14551.804060023816,14551.804227026707,14461.296855683486
2012-11-05,14425.269576684992,14425.269568283064,14425.269607601233,14425.269663236242,14425.269828786972,14335.549459219645
2012-11-06,14634.285876868591,14634.285868344923,14634.285908232796,14634.285964673934,14634.286132623427,14543.265751323332
2012-11-07,14343.464154637808,14343.464146283528,14343.464185378725,14343.46424069823,14343.464405310122,14254.252838206396
2012-11-08,14274.696717709992,14274.696709395766,14274.696748303526,14274.696803357812,14274.696967180498,14185.913110617816
2012-11-09,14244.708974547391,14244.708966250631,14244.709005076655,14244.709060015284,14244.709223493819,14156.111880700237
2012-11-12,14044.33515378926,14044.335145609208,14044.335183889083,14044.335238054917,14044.335399233874,13956.984314831128
2012-11-13,14228.51285695207,14228.512848664743,14228.51288744662,14228.512942322786,14228.513105615448,14140.016497275976
2012-11-14,13988.35422396729,13988.354215819843,13988.354253947133,13988.354307897062,13988.354468433557,13901.351566758744
2012-11-15,13981.715529235298,13981.715521091717,13981.715559200913,13981.715613125238,13981.715773585545,13894.75416237963
2012-11-16,14075.96336568287,14075.963357484396,14075.963395850476,14075.963450138295,14075.96361168023,13988.415810339562
2012-11-19,14168.456835796847,14168.4568275445,14168.456866162687,14168.456920807232,14168.457083410662,14080.334003509197
2012-11-20,14382.87936561222,14382.879357234984,14382.87939643761,14382.879451909132,14382.87961697337,14293.422900392443
2012-11-21,14425.462441158685,14425.462432756649,14425.462472075338,14425.462527711095,14425.462693264035,14335.741124143957
2012-11-22,14481.71064460213,14481.71063616733,14481.710675639335,14481.710731492029,14481.710897690496,14391.639483489631
2012-11-23,14594.35141996575,14594.351411465343,14594.351451244365,14594.351507531488,14594.351675022672,14503.579672736416
2012-11-26,14404.756244429982,14404.756236040002,14404.756275302256,14404.756330858152,14404.756496173459,14315.163712696723
2012-11-27,14588.350126026728,14588.350117529815,14588.35015729248,14588.350213556458,14588.350380978767,14497.615704740889
2012-11-28,14700.343305663493,14700.34329710135,14700.343337169268,14700.343393865181,14700.34356257277,14608.912326079113
2012-11-29,14831.877335695193,14831.877327056442,14831.877367482875,14831.877424686085,14831.877594903215,14739.62826057628
2012-11-30,14834.571097263835,14834.571088623514,14834.57112905729,14834.571186270889,14834.571356518934,14742.305267892734
2012-12-03,14580.304939292517,14580.304930800292,14580.304970541029,14580.305026773978,14580.305194103956,14489.620556246518
2012-12-04,14809.571373311348,14809.571364685587,14809.571405051223,14809.571462168402,14809.57163212954,14717.461033455205
2012-12-05,14758.683917180733,14758.683908584611,14758.683948811544,14758.684005732463,14758.684175109596,14666.890079454222
2012-12-06,14789.182498202968,14789.182489589084,14789.182529899146,14789.18258693769,14789.182756664839,14697.198969999112
2012-12-07,14802.994781308142,14802.99477268621,14802.99481303392,14802.994870125736,14802.9950400114,14710.925345547683
2012-12-10,14547.164069455315,14547.164060982393,14547.1641006328,14547.164156737932,14547.164323687572,14456.685810996374
2012-12-11,14739.253422097707,14739.253413512903,14739.253453686875,14739.253510532855,14739.253679686994,14647.580435235854
2012-12-12,14868.444719604648,14868.444710944597,14868.444751470699,14868.44480881494,14868.444979451737,14775.96820818291
2012-12-13,14825.588197039788,14825.5881884047,14825.588228813991,14825.588285992942,14825.588456137899,14733.378238157553
2012-12-14,14837.21304303606,14837.2130343942,14837.213074835177,14837.213132058963,14837.213302337334,14744.930781688852
2012-12-17,15049.690105993217,15049.690097227603,15049.690138247717,15049.69019629098,15049.690369007829,14956.08631183542
2012-12-18,15142.294568946138,15142.294560126587,15142.29460139911,15142.294659799525,15142.294833579144,15048.114807507467
2012-12-19,15054.871195243568,15054.871186474938,15054.871227509175,15054.871285572417,15054.871458348729,14961.235176527773
2012-12-20,15153.997914837983,15153.997906011617,15153.997947316037,15153.998005761589,15153.998179675524,15059.74536269252
2012-12-21,15007.883889346924,15007.883880605661,15007.883921511826,15007.88397939385,15007.884151630915,14914.540115194186
2012-12-24,15028.352130642083,15028.352121888896,15028.352162850852,15028.352220811816,15028.352393283783,14934.881051207209
2012-12-25,15041.311971473991,15041.311962713258,15041.312003710536,15041.312061721483,15041.312234342184,14947.760286374483
2012-12-26,15067.831197599993,15067.83118882381,15067.83122989337,15067.831288006597,15067.831460931644,14974.114572214932
2012-12-27,15100.668498063043,15100.668489267735,15100.6685304268,15100.668588666671,15100.668761968574,15006.747636185963
2012-12-28,15041.372077963584,15041.372069202813,15041.372110200256,15041.372168211434,15041.372340832826,14947.820019022789
2012-12-31,15009.798604795425,15009.798596053044,15009.798636964431,15009.798694853835,15009.798867112879,14916.442921784132
2013-01-02,15620.324759802943,15620.324750704964,15620.32479328043,15620.324853524495,15620.325032790202,15523.171818234245
2013-01-03,15520.233595286949,15520.233586247268,15520.23362854992,15520.233688407956,15520.233866524974,15423.703185657074
2013-01-04,15744.80476635514,15744.804757184656,15744.80480009941,15744.804860823568,15744.805041517862,15646.877602803928
2013-01-07,15481.480255561932,15481.480246544821,15481.480288741845,15481.48034845042,15481.480526122687,15385.190878113384
2013-01-08,15714.883476993793,15714.883467840737,15714.883510673933,15714.883571282691,15714.883751633597,15617.142413368265
2013-01-09,15822.327608844349,15822.327599628712,15822.327642754763,15822.32770377791,15822.32788536189,15723.918280402046
2013-01-10,15911.632913715372,15911.63290444772,15911.632947817187,15911.633009184765,15911.633191793653,15812.66813759837
2013-01-11,15911.487985263955,15911.487975996388,15911.488019365459,15911.488080732477,15911.488263339701,15812.524110551089
2013-01-14,15714.492293326439,15714.49228417361,15714.49232700574,15714.49238761299,15714.492567959405,15616.753662726123
2013-01-15,16095.753783646009,16095.753774271116,16095.753818142432,16095.75388022012,16095.75406494206,15995.643840293817
2013-01-16,15881.72726186908,15881.727252618844,15881.7272959068,15881.72735715904,15881.727539424715,15782.948488417902
2013-01-17,15830.24708626756,15830.247077047308,15830.247120194947,15830.247181248638,15830.247362923505,15731.78850145324
2013-01-18,15967.378063354929,15967.378054054807,15967.378097576215,15967.378159158789,15967.378342407432,15868.06657195838
2013-01-21,15801.924027807834,15801.924018604079,15801.92406167452,15801.924122618975,15801.924303968795,15703.641602483534
2013-01-22,16065.7366674525,16065.736658095087,16065.736701884587,16065.73676384651,16065.73694822396,15965.813420035278
2013-01-23,16089.925735111408,16089.925725739906,16089.925769595338,16089.925831650553,16089.926016305606,15989.852040177057
2013-01-24,16635.462020763705,16635.46201107446,16635.462056416833,16635.462120576056,16635.462311491923,16531.995281465774
2013-01-25,16897.77681341697,16897.77680357494,16897.776849632286,16897.7769148032,16897.777108729508,16792.67856810907
2013-01-28,16688.57853931609,16688.578529595907,16688.578575083055,16688.578639447136,16688.578830972594,16584.781433902048
2013-01-29,16976.665308866966,16976.665298978987,16976.665345251356,16976.665410726524,16976.66560555819,16871.07640478553
2013-01-30,16852.931715697094,16852.931705881183,16852.931751816297,16852.931816814253,16852.932010225897,16748.112391168717
2013-01-31,16819.56967028599,16819.56966048951,16819.569706333692,16819.56977120298,16819.569964231745,16714.95784597917
2013-02-01,17168.671375812635,17168.67136581282,17168.67141260853,17168.67147882422,17168.671675859434,17061.88826133611
2013-02-04,16767.802023379798,16767.80201361347,16767.802059316553,16767.80212398618,16767.80231642084,16663.51217568053
2013-02-05,17228.428422029036,17228.428411994417,17228.428458953003,17228.428525399166,17228.428723120174,17121.27363968333
2013-02-06,17346.84127342731,17346.841263323728,17346.841310605065,17346.841377507917,17346.841576587885,17238.95000467625
2013-02-07,17320.014538685216,17320.014528597258,17320.014575805475,17320.014642604863,17320.014841376957,17212.290122815448
2013-02-08,17420.095554416886,17420.095544270636,17420.09559175164,17420.095658937014,17420.095858857683,17311.748669730172
2013-02-11,17179.047227090316,17179.047217084462,17179.047263908455,17179.04733016416,17179.047527318453,17072.199578457916
2013-02-12,17504.995042278166,17504.995032082465,17504.995079794873,17504.99514730769,17504.995348202698,17396.120112553323
2013-02-13,17621.418837902038,17621.41882763853,17621.41887566827,17621.418943630106,17621.419145861244,17511.819793001145
2013-02-14,17719.404063496302,17719.40405317572,17719.404101472534,17719.404169812275,17719.40437316794,17609.195584858073
2013-02-15,17649.03285197935,17649.032841699754,17649.032889804763,17649.032957873096,17649.03316042115,17539.262057595817
2013-02-18,17392.805262418235,17392.80525228788,17392.805299694497,17392.80536677462,17392.805566382096,17284.62811377637
2013-02-19,17769.005713373277,17769.005703023802,17769.005751455814,17769.005819986858,17769.006023911774,17658.488729869347
2013-02-20,17513.638295899018,17513.638285698285,17513.638333434254,17513.638400980406,17513.638601974613,17404.709608168065
2013-02-21,17300.049382272366,17300.049372196034,17300.049419349834,17300.04948607222,17300.049684615187,17192.44914267321
2013-02-22,17578.12452432773,17578.124514089435,17578.124562001172,17578.12462979603,17578.12483153031,17468.794754872877
2013-02-25,16976.49615798766,16976.49614809978,16976.49619437169,16976.49625984621,16976.496454675937,16870.90830596538
2013-02-26,17437.64682310014,17437.64681294367,17437.646860472512,17437.646927725586,17437.64712784768,17329.190775677893
2013-02-27,17586.28095681357,17586.28094657053,17586.280994504494,17586.281062330814,17586.281264158697,17476.900457209318
2013-02-28,17587.357019535448,17587.357009291776,17587.357057228677,17587.357125059145,17587.35732689938,17477.969827198467
2013-03-01,17579.387409161336,17579.38739892231,17579.387446837485,17579.38751463722,17579.38771638599,17470.049785005744
2013-03-04,17738.636197163163,17738.636186831383,17738.636235180613,17738.636303594536,17738.636507170915,17628.308101398718
2013-03-05,18005.799888248166,18005.79987776078,18005.7999268382,18005.799996282512,18005.800202924984,17893.810128026136
2013-03-06,18145.519625798734,18145.519615229965,18145.519664688218,18145.519734671398,18145.519942917348,18032.660857812338
2013-03-07,18244.841860381806,18244.84184975519,18244.841899484156,18244.841969850397,18244.842179236217,18131.365342931087
2013-03-08,18385.47228679442,18385.47227608589,18385.472326198167,18385.472397106787,18385.472608106542,18271.12109741401
2013-03-11,18239.827905594513,18239.82789497082,18239.827944686116,18239.82801503302,18239.8282243613,18126.38257318405
2013-03-12,18353.440660961915,18353.440650272045,18353.440700297015,18353.440771082096,18353.440981714244,18239.288697059896
2013-03-13,18452.38441948506,18452.384408737562,18452.384459032215,18452.384530198902,18452.384741966573,18337.61706010707
2013-03-14,18630.854691654582,18630.85468080313,18630.854731584233,18630.854803439237,18630.85501725511,18514.97730977767
2013-03-15,18754.09942806674,18754.09941714351,18754.09946826053,18754.09954059086,18754.09975582115,18637.455507154347
2013-03-18,18475.624594106637,18475.624583345605,18475.624633703603,18475.624704959922,18475.624916994304,18360.71268899341
2013-03-19,18318.35154175887,18318.35153108944,18318.351581018767,18318.35165166852,18318.35186189797,18204.417819871665
2013-03-20,17956.233829003475,17956.233818544955,17956.23386748728,17956.233936740424,17956.23414281405,17844.552352285897
2013-03-21,17664.738956152283,17664.738945863544,17664.738994011357,17664.73906214027,17664.739264868575,17554.870475309323
2013-03-22,17579.35284701401,17579.352836775008,17579.352884690088,17579.352952489688,17579.353154238062,17470.015437822854
2013-03-25,17597.467060473282,17597.467050223724,17597.467098188183,17597.467166057642,17597.467368013902,17488.016987227515
2013-03-26,18098.377490553616,18098.377480012306,18098.37752934207,18098.377599143423,18098.377806848355,17985.811930114527
2013-03-27,18192.1577112746,18192.157700678672,18192.157750264043,18192.15782042709,18192.158029208284,18079.00887075369
2013-03-28,18004.07994064364,18004.079930157255,18004.079979229995,18004.080048667667,18004.0802552904,17892.100877892488
2013-03-29,18132.907177243567,18132.907166682147,18132.907216106025,18132.907286040554,18132.907494141764,18020.126854263686
2013-04-01,17648.608162123983,17648.60815184464,17648.60819994849,17648.60826801519,17648.60847055837,17538.84000916241
2013-04-02,17527.321917897854,17527.321907689155,17527.32195546242,17527.322023061344,17527.322224212592,17418.308122837258
2013-04-03,17401.950577510397,17401.95056737472,17401.95061480627,17401.950681921662,17401.950881634093,17293.716548216154
2013-04-04,17530.74154045516,17530.741530244468,17530.741578027053,17530.741645639166,17530.74184682966,17421.706476541603
2013-04-05,17292.54632340731,17292.54631333535,17292.546360468703,17292.54642716215,17292.546625619012,17184.99275020279
2013-04-08,17038.267952659073,17038.267942735216,17038.267989175496,17038.26805488825,17038.2682504269,16932.295901738842
2013-04-09,17215.93493871599,17215.93492868865,17215.934975613185,17215.93504201116,17215.935239588795,17108.857861454726
2013-04-10,17440.397118187037,17440.39710802896,17440.3971555653,17440.397222828975,17440.397422982638,17331.923964893944
2013-04-11,17719.923355802188,17719.9233454813,17719.923393779532,17719.923462121274,17719.923665482904,17609.71164734795
2013-04-12,17849.112889793545,17849.112879397417,17849.112928047773,17849.11299688777,17849.113201732034,17738.097667747872
2013-04-15,17667.118076049992,17667.118065759863,17667.118113914166,17667.11818205225,17667.11838480786,17557.234797915688
2013-04-16,17818.074983313152,17818.074972935097,17818.075021500856,17818.075090221148,17818.075294709208,17707.252806160017
2013-04-17,17523.245257131453,17523.245246925122,17523.24529468728,17523.245362270478,17523.245563374945,17414.256817471036
2013-04-18,17446.6972713525,17446.69726119075,17446.697308744264,17446.697376032233,17446.697576258204,17338.184933316337
2013-04-19,17581.861201720476,17581.861191480002,17581.86123940193,17581.86130721119,17581.86150898836,17472.508191442786
2013-04-22,17628.069051496186,17628.0690412288,17628.06908927667,17628.069157264148,17628.06935957162,17518.42864459914
2013-04-23,18178.169220315325,18178.169209727534,18178.169259274782,18178.169329383873,18178.169538004535,18065.107383302064
2013-04-24,18196.62768730488,18196.62767670634,18196.6277263039,18196.62779648418,18196.62800531668,18083.451045100788
2013-04-25,18373.380742963047,18373.380732261558,18373.380782340882,18373.38085320286,18373.381064063855,18259.104758744463
2013-04-26,18571.540461132874,18571.540450315966,18571.540500935404,18571.540572561637,18571.5407856968,18456.031992966822
2013-04-29,18493.95205956002,18493.952048788302,18493.95209919626,18493.952170523255,18493.95238276798,18378.926164039563
2013-04-30,18753.56497613767,18753.56496521474,18753.565016330314,18753.565088658575,18753.565303882737,18636.924379328826
2013-05-01,18642.58604718563,18642.58603632734,18642.586087140426,18642.586159040668,18642.58637299118,18526.635700391787
2013-05-02,18849.57547891173,18849.575467932886,18849.57551931015,18849.5755920087,18849.575808334717,18732.33773044891
2013-05-03,19013.37181577996,19013.37180470571,19013.371856529426,19013.371929859703,19013.37214806552,18895.115311549274
2013-05-06,18747.362360951654,18747.36235003234,18747.362401131006,18747.362473435347,18747.36268858832,18630.760342233858
2013-05-07,19083.01434829106,19083.014337176246,19083.014389189786,19083.01446278866,19083.01468179372,18964.324691933532
2013-05-08,19183.456889719884,19183.456878546567,19183.456930833876,19183.457004820135,19183.45722497792,19064.14251598237
2013-05-09,18717.556673643227,18717.55666274127,18717.556713758702,18717.556785948087,18717.557000758996,18601.14003584689
2013-05-10,19165.789504763143,19165.789493600118,19165.789545839274,19165.78961975739,19165.78983971242,19046.585015963672
2013-05-13,19035.60992888212,19035.609917794918,19035.60996967925,19035.610043095294,19035.610261556325,18917.21511138741
2013-05-14,19389.180204036373,19389.18019274323,19389.18024559127,19389.180320370957,19389.180542889713,19268.58630343611
2013-05-15,19515.173824549187,19515.173813182664,19515.173866374113,19515.17394163973,19515.174165604443,19393.796287818437
2013-05-16,19402.7155691655,19402.715557864478,19402.71561074941,19402.715685581294,19402.71590825539,19282.037483341323
2013-05-17,19454.890920609367,19454.890909277954,19454.890962305097,19454.89103733821,19454.891260611093,19333.888322398405
2013-05-20,19530.043169634504,19530.04315825932,19530.0432114913,19530.04328681426,19530.04351094962,19408.573150792374
2013-05-21,19510.108924412256,19510.108913048683,19510.10896622633,19510.10904147241,19510.109265378996,19388.76288958397
2013-05-22,19428.847045081482,19428.84703376524,19428.84708672139,19428.847161654063,19428.847384628054,19308.006430642065
2013-05-23,19673.953380985746,19673.953369526746,19673.95342315097,19673.95349902896,19673.9537248159,19551.58829110191
2013-05-24,19689.828924220157,19689.82891275191,19689.828966419405,19689.829042358626,19689.829268327758,19567.36509402535
2013-05-27,19379.243374666934,19379.243363379584,19379.243416200534,19379.2434909419,19379.243713346616,19258.711277660255
2013-05-28,19710.470071236337,19710.47005975607,19710.470113479823,19710.470189498654,19710.470415704673,19587.877860346456
2013-05-29,19800.414695607524,19800.414684074865,19800.414738043775,19800.4148144095,19800.415041647764,19677.263060699872
2013-05-30,19940.196513021703,19940.19650140763,19940.19655575754,19940.19663266237,19940.19686150483,19816.175484234707
2013-05-31,19686.121094357197,19686.12108289111,19686.1211365485,19686.12121247342,19686.121438399998,19563.68032556371
2013-06-03,19407.80411414268,19407.804102838698,19407.804155737493,19407.80423058901,19407.804453321496,19287.094379353424
2013-06-04,19606.650824864875,19606.650813445078,19606.650866885855,19606.650942504275,19606.65116751882,19484.704333275426
2013-06-05,19245.210853142496,19245.210841933214,19245.210894388838,19245.210968613268,19245.211189479764,19125.51239141115
2013-06-06,19113.87708661731,19113.877075484528,19113.87712758218,19113.877201300085,19113.87742065934,18994.995474851727
2013-06-07,19587.767983750866,19587.767972342066,19587.768025731377,19587.76810127697,19587.76832607481,19465.938936810464
2013-06-10,19522.03935769299,19522.039346322475,19522.03939953263,19522.039474824727,19522.03969886823,19400.619119754
2013-06-11,19238.867126305635,19238.867115100056,19238.86716753838,19238.86724173835,19238.867462532042,19119.208120330317
2013-06-12,19033.94954347768,19033.949532391453,19033.94958427125,19033.949657680896,19033.949876122864,18915.56505299785
2013-06-13,19241.694898608413,19241.694887401183,19241.69493984722,19241.695014058092,19241.69523488424,19122.018304881138
2013-06-14,18978.40840847062,18978.40839741674,18978.40844914515,18978.40852234059,18978.408740145143,18860.36936437087
2013-06-17,18805.131569112924,18805.13155815997,18805.13160941609,18805.131681943236,18805.131897759187,18688.17024618147
2013-06-18,19011.48753239057,19011.487521317427,19011.487573136,19011.487646459016,19011.487864643197,18893.24274774171
2013-06-19,19005.58047096103,19005.58045989133,19005.580511693803,19005.580584994033,19005.580803110428,18887.37242616251
2013-06-20,18721.371427139962,18721.371416235797,18721.371467263616,18721.37153946772,18721.3717543224,18604.931062914813
2013-06-21,18710.746198524284,18710.746187626308,18710.74623862517,18710.74631078829,18710.746525521034,18594.37191949459
2013-06-24,18475.70246439179,18475.702453630714,18475.702503988927,18475.702575245537,18475.702787280818,18360.790074952703
2013-06-25,18584.53414023453,18584.534129410065,18584.534180064915,18584.53425174127,18584.534465025543,18468.944855941685
2013-06-26,18707.013774108655,18707.013763212854,18707.01381420154,18707.013886350265,18707.014101040175,18590.66270944977
2013-06-27,18923.58205486525,18923.582043843307,18923.58209542228,18923.58216840626,18923.5823855816,18805.884011455953
2013-06-28,18796.830960061576,18796.83094911346,18796.831000346956,18796.831072842087,18796.831288562775,18679.921264007193
2013-07-01,18660.512784732993,18660.512773864277,18660.512824726215,18660.512896695596,18660.513110851844,18544.450939918974
2013-07-02,18777.424290392148,18777.42427945534,18777.42433063594,18777.42440305622,18777.42461855419,18660.635297016706
2013-07-03,18794.717349847397,18794.71733890052,18794.717390128248,18794.717462615226,18794.71767831166,18677.820799707253
2013-07-04,18830.855975381866,18830.85596441394,18830.856015740166,18830.856088366527,18830.8563044777,18713.734655665612
2013-07-05,19030.144904968973,19030.144893884968,19030.14494575439,19030.14501914936,19030.145237547666,18911.784078006283
2013-07-08,18951.366790294727,18951.366779256605,18951.366830911305,18951.366904002447,18951.36712149666,18833.495935575862
2013-07-09,19411.40727856121,19411.40726725514,19411.40732016375,19411.407395029164,19411.407617803,19290.675133352997
2013-07-10,19324.040590062847,19324.040578807664,19324.040631478147,19324.040706006603,19324.040927777784,19203.85183501542
2013-07-11,19461.6583655124,19461.65835417706,19461.65840722264,19461.658482281855,19461.658705632402,19340.61367616766
2013-07-12,19525.100998975726,19525.100987603433,19525.101040821937,19525.101116125836,19525.101340204477,19403.66171870176
2013-07-15,19301.877996258547,19301.87798501627,19301.878037626346,19301.87811206932,19301.87833358616,19181.827084771605
2013-07-16,19578.853993534973,19578.85398213137,19578.854035496388,19578.854111007597,19578.854335703134,19457.08038848736
2013-07-17,19550.96522262156,19550.965211234205,19550.9652645232,19550.965339926854,19550.96556430233,19429.365075947742
2013-07-18,19576.25912933904,19576.259117936952,19576.259171294892,19576.259246796097,19576.259471461854,19454.501663436644
2013-07-19,19425.238046905066,19425.23803559094,19425.238088537255,19425.238163456,19425.238386388573,19304.419879168552
2013-07-22,19202.348367450708,19202.3483562664,19202.348408605198,19202.348482664307,19202.348703038904,19082.916495347432
2013-07-23,19447.425730089766,19447.425718762715,19447.425771769504,19447.425846773822,19447.426069961035,19326.469562745613
2013-07-24,19358.053173240853,19358.053161965858,19358.05321472905,19358.053289388678,19358.05351155021,19237.65287185512
2013-07-25,19489.210946590912,19489.210935239527,19489.21098836021,19489.211063525683,19489.21128719244,19367.994889855243
2013-07-26,19437.914653891992,19437.914642570482,19437.91469555135,19437.914770518983,19437.91499359704,19317.01764210602
2013-07-29,19082.17024749401,19082.1702363797,19082.170288390935,19082.170361986544,19082.17058098192,18963.4858411474
2013-07-30,19406.444376117055,19406.444364813873,19406.44441770896,19406.444492555223,19406.44471527211,19285.74309842143
2013-07-31,19410.227529299566,19410.22751799418,19410.22757089958,19410.22764576043,19410.22786852074,19289.50272171799
2013-08-01,19683.562374364872,19683.562362900284,19683.562416550696,19683.56249246574,19683.56271836296,19561.137519912336
2013-08-02,19732.039458263345,19732.039446770523,19732.039500553066,19732.039576655076,19732.039803108637,19609.31309335108
2013-08-05,19382.539979387304,19382.539968098044,19382.54002092798,19382.540095682045,19382.540318124597,19261.98737865547
2013-08-06,19641.72359606859,19641.72358462837,19641.72363816475,19641.723713918425,19641.723939335483,19519.558964143154
2013-08-07,19552.528282085103,19552.528270696836,19552.528323990096,19552.528399399765,19552.52862379318,19430.91841372962
2013-08-08,19644.4982388529,19644.498227411063,19644.498280955002,19644.49835671938,19644.498582168282,19522.31634962248
2013-08-09,19504.262468280656,19504.262456920504,19504.262510082208,19504.26258530573,19504.262809145224,19382.95279635902
2013-08-12,19550.161021241027,19550.16100985414,19550.161063140946,19550.161138541487,19550.161362907733,19428.56587641774
2013-08-13,19613.830838265738,19613.830826841768,19613.830880302114,19613.83095594822,19613.831181045167,19491.83968951115
2013-08-14,19551.117468958742,19551.117457571298,19551.11751086071,19551.11758626494,19551.117810642165,19429.5163753661
2013-08-15,19339.764488659937,19339.764477395594,19339.764530108936,19339.764604698026,19339.76482664967,19219.477936477997
2013-08-16,19368.706321446487,19368.706310165286,19368.706362957513,19368.706437658224,19368.706659942018,19248.239761215234
2013-08-19,18991.760835016972,18991.760823955323,18991.76087572013,18991.76094896705,18991.76116692485,18873.638743507134
2013-08-20,19486.63756645243,19486.63755510254,19486.637608216206,19486.637683371755,19486.637907008975,19365.43751523867
2013-08-21,19541.98385983678,19541.983848454656,19541.983901719177,19541.98397708818,19541.98420136058,19420.439574089494
2013-08-22,19838.373592726526,19838.37358117177,19838.373635244145,19838.37371175626,19838.37393943016,19714.985866791932
2013-08-23,19975.252012886594,19975.252001252116,19975.25205569757,19975.252132737594,19975.25236198237,19851.01295118528
2013-08-26,19802.32285097198,19802.322839438224,19802.322893412336,19802.32296978541,19802.323197045574,19679.159348007208
2013-08-27,19643.960465326774,19643.960453885258,19643.960507427728,19643.960583190034,19643.96080863276,19521.781920859077
2013-08-28,19781.88015212746,19781.880140605615,19781.880194524005,19781.880270818237,19781.88049784379,19658.843795579738
2013-08-29,19850.359527416982,19850.359515855245,19850.35956996029,19850.35964651863,19850.359874330083,19726.89725317238
2013-08-30,19701.05883960583,19701.058828131056,19701.058881829158,19701.058957811678,19701.059183909692,19578.525163275943
2013-09-02,19449.157564793168,19449.157553465113,19449.15760647662,19449.157681487613,19449.157904694697,19328.190626044558
2013-09-03,19878.39845625571,19878.398444677645,19878.398498859107,19878.39857552559,19878.39880365883,19754.76178970768
2013-09-04,19998.881618199433,19998.881606551193,19998.88166106105,19998.881738192205,19998.881967708166,19874.495588640562
2013-09-05,20035.83697650861,20035.836964838843,20035.83701944943,20035.837096723113,20035.83732666319,19911.22109758222
2013-09-06,20163.820834900802,20163.820823156497,20163.82087811592,20163.82095588321,20163.821187292084,20038.408941262347
2013-09-09,20297.10139595638,20297.101384134443,20297.101439457143,20297.101517738465,20297.101750676928,20170.860543972973
2013-09-10,20303.38221726012,20303.38220543453,20303.382260774346,20303.38233907989,20303.38257209044,20177.102300771046
2013-09-11,20255.615799041738,20255.615787243965,20255.61584245359,20255.615920574906,20255.616153037266,20129.632972921107
2013-09-12,20027.473117268473,20027.47310560358,20027.47316019137,20027.473237432794,20027.47346727689,19902.909258613145
2013-09-13,19866.288880270367,19866.288868699354,19866.288922847813,19866.288999467586,19866.28922746186,19742.72753103784
2013-09-16,19923.20656196461,19923.20655036045,19923.20660466404,19923.206681503336,19923.20691015082,19799.291204714395
2013-09-17,20022.18033333436,20022.180321672553,20022.18037624591,20022.180453466928,20022.18068325028,19897.64939393879
2013-09-18,20222.32243216041,20222.322420382032,20222.322475500903,20222.322553493825,20222.322785574095,20096.54667910497
2013-09-19,20137.948535742074,20137.94852401284,20137.94857890174,20137.94865656925,20137.948887681207,20012.69755873033
2013-09-20,19907.496503802424,19907.496492207414,19907.496546468185,19907.49662324689,19907.49685171408,19783.67885760407
2013-09-23,19459.236601391014,19459.23659005709,19459.23664309607,19459.236718145938,19459.236941468695,19338.20697456974
2013-09-24,19908.179831327645,19908.17981973224,19908.17987399487,19908.179950776215,19908.180179251245,19784.35793507175
2013-09-25,20011.4393386437,20011.43932698815,20011.439381532233,20011.439458711826,20011.439688371902,19886.97520446798
2013-09-26,20055.323844195278,20055.323832514165,20055.32388717786,20055.32396452671,20055.324194690424,19930.586763786414
2013-09-27,19975.673605749074,19975.673594114352,19975.67364856095,19975.673725602606,19975.673954852216,19851.431921888023
2013-09-30,19567.076273078666,19567.07626168193,19567.076315014834,19567.076390480623,19567.07661504099,19445.375921321556
2013-10-01,19923.86110023191,19923.861088627367,19923.86114293274,19923.861219774564,19923.861448429554,19799.941671983237
2013-10-02,20071.438565757035,20071.438554066535,20071.43860877415,20071.43868618515,20071.438916533807,19946.601257431892
2013-10-03,19908.649896143623,19908.649884547944,19908.649938811854,19908.650015595013,19908.650244075434,19784.82507624943
2013-10-04,20073.76752646695,20073.7675147751,20073.76756948906,20073.767646909044,20073.767877284427,19948.915732823018
2013-10-07,19709.493631738365,19709.493620258683,19709.493673979767,19709.493749994825,19709.493976189642,19586.907493959712
2013-10-08,19412.937051900753,19412.9370405938,19412.93709350657,19412.93716837788,19412.937391169286,19292.195392038902
2013-10-09,19578.281537651925,19578.281526248666,19578.28157961211,19578.28165512111,19578.281879810085,19456.511493079135
2013-10-10,20044.974628642267,20044.974616967185,20044.97467160267,20044.974748911605,20044.97497895655,19920.30191672442
2013-10-11,20000.50988396529,20000.509872316103,20000.509926830397,20000.510003967836,20000.51023350249,19876.113727164437
2013-10-14,20195.277178278226,20195.277166515596,20195.27722156076,20195.27729944937,20195.277531219257,20069.669637216488
2013-10-15,20095.50179656529,20095.501784860775,20095.501839633987,20095.501917137786,20095.502147762607,19970.514823384096
2013-10-16,20332.456248961884,20332.456237119353,20332.456292538423,20332.4563709561,20332.456604300314,20205.995502192614
2013-10-17,20522.02961465608,20522.029602703133,20522.02965863891,20522.02973778773,20522.02997330757,20394.389788040295
2013-10-18,20521.945490528782,20521.945478575886,20521.945534511437,20521.945613659933,20521.945849178803,20394.306187135568
2013-10-21,20629.841076465287,20629.84106444955,20629.841120679182,20629.84120024381,20629.841437000934,20501.530700369214
2013-10-22,20723.803425486924,20723.803413416455,20723.8034699022,20723.803549829216,20723.803787664696,20594.908636534878
2013-10-23,20651.764225380834,20651.764213352322,20651.764269641717,20651.764349290894,20651.764586299618,20523.317494987503
2013-10-24,20929.446278607073,20929.446266416824,20929.446323463082,20929.446404183218,20929.446644378742,20799.27246323269
2013-10-25,20960.31683108278,20960.316818874548,20960.316876004952,20960.316956844144,20960.317197393957,20829.95101169907
2013-10-28,20787.319343575073,20787.319331467606,20787.319388126478,20787.31946829846,20787.319706862876,20658.029507889132
2013-10-29,20912.76006297157,20912.760050791043,20912.760107791823,20912.760188447595,20912.760428451627,20782.690030006168
2013-10-30,20891.655552041062,20891.655539872827,20891.655596816076,20891.65567739046,20891.655917152282,20761.716781731768
2013-10-31,20800.157462315037,20800.157450200095,20800.157506893956,20800.15758711545,20800.1578258272,20670.787778033176
2013-11-01,20859.194710282427,20859.194698133102,20859.194754987875,20859.194835437065,20859.19507482635,20729.457835024044
2013-11-04,20701.887124959205,20701.887112901502,20701.887169327514,20701.887249170002,20701.88748675396,20573.12864770984
2013-11-05,20999.09350662474,20999.093494393932,20999.093551630023,20999.09363261877,20999.093873613598,20868.486509919105
2013-11-06,21013.771975566116,21013.771963326762,21013.77202060286,21013.772101648217,21013.772342811502,20883.073683931772
2013-11-07,20700.545371616383,20700.545359559463,20700.54541598182,20700.545495819126,20700.545733387688,20571.795239602223
2013-11-08,21018.934492616627,21018.934480374264,21018.93453766443,21018.934618729698,21018.93485995223,20888.20409193685
2013-11-11,20873.006740643992,20873.00672848663,20873.00678537905,20873.006865881503,20873.007105429308,20743.183959400987
2013-11-12,21100.47322345309,21100.47321116324,21100.47326867565,21100.473350055392,21100.4735922137,20969.235680465175
2013-11-13,21294.413976796666,21294.413964393858,21294.41402243488,21294.414104562606,21294.41434894667,21161.970190342814
2013-11-14,21379.267393753773,21379.267381301543,21379.267439573847,21379.26752202883,21379.26776738671,21246.295848806658
2013-11-15,21486.330069431406,21486.330056916817,21486.330115480934,21486.330198348838,21486.330444935415,21352.692632191123
2013-11-18,21030.86815575356,21030.868143504253,21030.868200826946,21030.86828193823,21030.868523297733,20900.06353187451
2013-11-19,21244.698821169215,21244.698808795365,21244.698866700885,21244.698948636866,21244.69919245038,21112.56424554703
2013-11-20,21178.29066380325,21178.29065146808,21178.2907091926,21178.290790872456,21178.29103392384,21046.569123628888
2013-11-21,21391.479397567888,21391.47938510855,21391.479443414144,21391.47952591622,21391.47977141425,21258.431898240113
2013-11-22,21555.182870455217,21555.182857900527,21555.182916652324,21555.182999785764,21555.183247162528,21421.117192940976
2013-11-25,21480.733212621184,21480.73320010986,21480.73325865873,21480.733341505034,21480.733588027382,21347.13058586732
2013-11-26,21663.42347888953,21663.4234662718,21663.42352531862,21663.423608869518,21663.4238574885,21528.684582753507
2013-11-27,21699.011429736547,21699.011417098085,21699.01147624191,21699.01155993006,21699.011808957468,21564.051189027836
2013-11-28,21739.803218759665,21739.803206097447,21739.803265352453,21739.80334919793,21739.803598693477,21604.58926742993
2013-11-29,21802.409474012147,21802.409461313466,21802.40952073912,21802.40960482605,21802.409855040096,21666.806133732316
2013-12-02,21660.50738684155,21660.50737422552,21660.507433264393,21660.50751680404,21660.507765389557,21525.78662777532
2013-12-03,21564.688845323737,21564.688832763513,21564.688891541227,21564.68897471132,21564.689222197183,21430.5640439798
2013-12-04,21637.860391252252,21637.86037864941,21637.86043762656,21637.86052107886,21637.860769404473,21503.280488555723
2013-12-05,21570.947953936655,21570.947941372786,21570.94800016756,21570.948083361793,21570.948330919487,21436.784223132374
2013-12-06,21742.343650719424,21742.343638055725,21742.343697317665,21742.343781172927,21742.344030697637,21607.113898793898
2013-12-09,21433.19493629839,21433.19492381476,21433.194982234065,21433.195064897016,21433.195310873794,21299.887980950407
2013-12-10,21791.40764945086,21791.407636758588,21791.407696154256,21791.40778019875,21791.408030286537,21655.872736661193
2013-12-11,21596.845928190276,21596.845915611328,21596.84597447669,21596.846057770803,21596.846305625713,21462.521121069207
2013-12-12,21479.586242435806,21479.586229925153,21479.58628847091,21479.586371312776,21479.586617821962,21345.990749434233
2013-12-13,21592.624436133665,21592.624423557176,21592.624482411033,21592.624565688864,21592.624813495324,21458.325885212602
2013-12-16,21663.740216142105,21663.740203524194,21663.74026257189,21663.740346124,21663.740594746614,21528.99935001147
2013-12-17,21551.53723674912,21551.537224196563,21551.537282938432,21551.5373660578,21551.537613392728,21417.49423379793
2013-12-18,21934.254512241423,21934.254499465955,21934.254559250978,21934.2546438464,21934.254895573555,21797.83114206516
2013-12-19,21957.656782129332,21957.656769340232,21957.65682918904,21957.656913874718,21957.65716587045,21821.087858042123
2013-12-20,22156.96278111702,22156.962768211837,22156.96282860388,22156.962914058236,22156.963168341295,22019.15424361769
2013-12-23,21914.603756954122,21914.6037441901,21914.603803921556,21914.603888441194,21914.60413994283,21778.302607583733
2013-12-24,22360.76037425121,22360.760361227327,22360.760422174848,22360.76050841521,22360.76076503714,22221.684287199485
2013-12-25,22345.631758567968,22345.6317455529,22345.631806459183,22345.631892641195,22345.632149089502,22206.64976619981
2013-12-26,22490.80787372323,22490.80786062361,22490.80792192559,22490.808008667515,22490.80826678192,22350.922936835694
2013-12-27,22379.581412971565,22379.581399936724,22379.581460935544,22379.581547248494,22379.581804086418,22240.38826566001
2013-12-30,22451.059742478676,22451.0597294022,22451.059790595842,22451.059877184467,22451.060134842708,22311.422025026815
2013-12-31,22556.128619450377,22556.128606312708,22556.12866779273,22556.128754786583,22556.12901365064,22415.83741043403
2014-01-02,22401.002624437737,22401.002611390424,22401.002672447627,22401.002758843195,22401.003015926955,22261.67624470382
2014-01-03,22578.126508137455,22578.12649498698,22578.126556526957,22578.12664360565,22578.126902722168,22437.698479968687
2014-01-06,22544.50155471386,22544.50154158297,22544.501603031298,22544.50168998031,22544.501948710928,22404.28266196228
2014-01-07,22709.292504913883,22709.29249168701,22709.292553584502,22709.292641169068,22709.292901790905,22568.048670248343
2014-01-08,22699.90155534403,22699.90154212263,22699.901603994524,22699.90169154287,22699.901952056927,22558.716129091175
2014-01-09,22676.21014217871,22676.210128971106,22676.210190778424,22676.2102782354,22676.210538477564,22535.172068206575
2014-01-10,22708.44752939974,22708.447516173357,22708.447578068546,22708.447665649852,22708.447926261986,22567.208950185544
2014-01-13,22448.070674637154,22448.07066156243,22448.07072274792,22448.070809325014,22448.07106694895,22308.451548138928
2014-01-14,22655.32443275252,22655.324419557084,22655.324481307474,22655.324568683896,22655.32482868637,22514.416260567876
2014-01-15,22693.980833477373,22693.98082025942,22693.980882115175,22693.980969640685,22693.9812300868,22552.832232037985
2014-01-16,22719.78252327946,22719.78251004648,22719.78257197256,22719.782659597582,22719.782920339807,22578.4734443788
2014-01-17,22763.146511187868,22763.146497929632,22763.146559973902,22763.14664776617,22763.146909006064,22621.567723491247
2014-01-20,22571.802743945456,22571.802730798667,22571.802792321403,22571.802879375708,22571.80313841965,22431.414047372054
2014-01-21,22790.66978434106,22790.669771066794,22790.669833186086,22790.669921084507,22790.670182640268,22648.91981153853
2014-01-22,22871.131423895607,22871.131410574475,22871.13147291308,22871.131561121823,22871.131823600997,22728.881007914948
2014-01-23,22796.436923351204,22796.436910073582,22796.43697220859,22796.437060129254,22796.4373217512,22654.651080966705
2014-01-24,22355.106427352304,22355.10641433173,22355.106475263827,22355.106561482382,22355.10681803943,22216.065505867315
2014-01-27,21920.915178882144,21920.915166114464,21920.91522586311,21920.915310407087,21920.915561981165,21784.574774680943
2014-01-28,22315.374841956047,22315.37482895862,22315.374889782423,22315.37497584774,22315.375231948816,22176.581036997366
2014-01-29,22101.479101543235,22101.479088670392,22101.47914891119,22101.47923415156,22101.47948779787,21964.015653071358
2014-01-30,22287.38103827121,22287.381025290088,22287.381086037592,22287.38117199494,22287.381427774748,22148.761344953324
2014-01-31,22028.559499563522,22028.55948673315,22028.559546775203,22028.55963173433,22028.55988454379,21891.549585441233
2014-02-03,21775.473536102974,21775.47352071643,21775.473576091288,21775.473667635182,21775.47391484818,21640.037725551792
2014-02-04,21846.422973568082,21846.422959507192,21846.42301687327,21846.42310516068,21846.423354405964,21710.545883518036
2014-02-05,21709.577386760502,21709.577373546417,21709.57743470944,21709.577516146906,21709.577766626262,21574.55142998779
2014-02-06,21911.286132474313,21911.286116577485,21911.286190226172,21911.28625804085,21911.28651882212,21775.005621251683
2014-02-07,22219.181992902923,22219.181996562515,22219.182063678825,22219.182127485212,22219.182387022483,22080.986482018434
2014-02-10,21896.636108084705,21896.636114291046,21896.636184109855,21896.636239922424,21896.636498181466,21760.4467215749
2014-02-11,22499.257493863297,22499.25749773868,22499.257569896414,22499.257628613686,22499.25789423902,22359.32001321153
2014-02-12,22507.876519759477,22507.87653749447,22507.876607027938,22507.876658652593,22507.876922718784,22367.885435900036
2014-02-13,22426.00552090606,22426.00555104306,22426.005617674702,22426.005663072545,22426.005924507426,22286.5236494974
2014-02-14,22534.678472211213,22534.67850143,22534.678572625246,22534.678613245254,22534.67887878342,22394.520694327883
2014-02-17,22379.931387582463,22379.9314166006,22379.93148730694,22379.931527648012,22379.93179136271,22240.73608216317
2014-02-18,22401.983347911315,22401.983385502277,22401.983455719914,22401.983490235296,22401.98375390825,22262.650889956207
2014-02-19,22363.728288096994,22363.72832088897,22363.72839319475,22363.728428294075,22363.728692957873,22224.633762208043
2014-02-20,22529.38677963558,22529.386815201873,22529.386888040375,22529.386921438698,22529.387188082703,22389.26191709896
2014-02-21,22438.146838186,22438.14688648827,22438.14695991001,22438.146981969152,22438.147248232734,22298.58946097232
2014-02-24,22592.45814114184,22592.45818365701,22592.458258014238,22592.458284383752,22592.45855271505,22451.940999857004
2014-02-25,22512.886319852852,22512.88637866376,22512.88644735508,22512.886468287805,22512.886732188585,22372.86409139357
2014-02-26,22486.993351785226,22486.993412284457,22486.99348023753,22486.99350068851,22486.993763858438,22347.132168881504
2014-02-27,22566.93902051365,22566.93908121057,22566.939150862425,22566.9391693984,22566.939434481574,22426.580604190898
2014-02-28,22553.100246934573,22553.100300138718,22553.10037019999,22553.10039389088,22553.10065905111,22412.827900364788
2014-03-03,22216.647094273834,22216.647146684267,22216.647215700348,22216.64723903781,22216.647500242307,22078.467367907826
2014-03-04,22681.13650683521,22681.136560341398,22681.13663080042,22681.136654625803,22681.13692129137,22540.06781978781
2014-03-05,22565.888259299958,22565.888312534273,22565.888382635272,22565.888406339593,22565.88867165017,22425.53637579366
2014-03-06,22585.818408700456,22585.818461981788,22585.818532144698,22585.818555869955,22585.81882141485,22445.342566678773
2014-03-07,22448.109032126613,22448.10908508308,22448.109154818194,22448.109178398798,22448.10944232462,22308.489693964057
2014-03-10,22166.347594726052,22166.347647017825,22166.347715877648,22166.347739162276,22166.34799977539,22028.480713545654
2014-03-11,22428.64076920214,22428.64082211267,22428.64089178731,22428.640915347463,22428.6411790444,22289.14251678363
2014-03-12,22471.480337080084,22471.48039009168,22471.4804598994,22471.480483504554,22471.48074770516,22331.715637625628
2014-03-13,22232.451170734188,22232.451223181903,22232.45129224708,22232.45131560114,22232.451576991447,22094.17314857442
2014-03-14,22093.77217771601,22093.77222983657,22093.772298470936,22093.772321679327,22093.772581439163,21956.356690088418
2014-03-17,21866.505482662807,21866.505534247226,21866.50560217559,21866.505625145248,21866.505882233076,21730.503513897955
2014-03-18,22293.19047463468,22293.19052722568,22293.19059647954,22293.19061989741,22293.190882001833,22154.534675380244
2014-03-19,22064.41875747072,22064.41880952203,22064.41887806521,22064.418901242767,22064.41916065749,21927.185837786896
2014-03-20,22180.584614500865,22180.58466682622,22180.58473573027,22180.58475902985,22180.585019810354,22042.629184067813
2014-03-21,22013.54484954152,22013.54490147281,22013.544969857954,22013.54499298207,22013.54525179866,21876.62834766129
2014-03-24,21777.573821327238,21777.57387270186,21777.57394035396,21777.573963230203,21777.574219272443,21642.124976198756
2014-03-25,21866.544105212182,21866.544156796692,21866.544224725178,21866.544247694877,21866.54450478316,21730.54189622867
2014-03-26,21785.863782751472,21785.863834145657,21785.863901823504,21785.863924708457,21785.864180848166,21650.363376980367
2014-03-27,21660.107186853304,21660.107237950815,21660.107305238005,21660.107327990852,21660.107582652025,21525.388942851983
2014-03-28,21615.03566890148,21615.03571989267,21615.03578703984,21615.035809745343,21615.036063876603,21480.597753880094
2014-03-31,21766.382161663212,21766.38221301144,21766.38228062877,21766.382303493254,21766.382559403915,21631.00292471924
2014-04-01,21832.646109538084,21832.64616104263,21832.64622886581,21832.646251799903,21832.64650848964,21696.854734158173
2014-04-02,21843.350508270927,21843.350559800725,21843.35062765716,21843.350650602497,21843.350907418087,21707.492555298024
2014-04-03,21783.007567650613,21783.00761903806,21783.007686707042,21783.00770958899,21783.007965695117,21647.52492653227
2014-04-04,21590.694709739004,21590.694760672774,21590.694827744333,21590.69485042427,21590.695104269344,21456.40818691746
2014-04-07,21382.504480184514,21382.50453062715,21382.504597051968,21382.504619513205,21382.504870910558,21249.51282732376
2014-04-08,21433.130043979592,21433.13009454166,21433.13016112374,21433.130183638157,21433.130435630723,21299.82351792836
2014-04-09,21535.870470382186,21535.87052118662,21535.87058808787,21535.87061071021,21535.87086391071,21401.9249350355
2014-04-10,21275.747376797335,21275.747426988124,21275.747493081297,21275.747515430394,21275.747765572585,21143.419715549313
2014-04-11,21233.379385355605,21233.379435446444,21233.379501408006,21233.379523712596,21233.37977335666,21101.315238104056
2014-04-14,21392.811707382407,21392.81175784936,21392.811824306194,21392.81184677826,21392.812098296796,21259.755947195834
2014-04-15,21495.629079510898,21495.6291302204,21495.629196996644,21495.62921957671,21495.629472304085,21361.933831453538
2014-04-16,21639.094350357034,21639.094401404982,21639.0944686269,21639.094491357668,21639.094745771785,21504.50679880381
2014-04-17,21747.374951438356,21747.375002741745,21747.375070300037,21747.37509314455,21747.375348831738,21612.113932652897
2014-04-18,21749.255332274297,21749.255383582124,21749.255451146255,21749.255473992744,21749.255729702036,21613.98261818179
2014-04-21,21631.552095581555,21631.552146611713,21631.5522138102,21631.552236533043,21631.552490858485,21497.011454198742
2014-04-22,21959.759521280765,21959.759573085186,21959.75964130325,21959.75966437086,21959.759922555088,21823.177545214014
2014-04-23,22080.109127333115,22080.109179421444,22080.109248013374,22080.10927120741,22080.1095308066,21942.77861907057
2014-04-24,22061.17366436519,22061.173716408844,22061.17378494196,22061.173808116102,22061.174067492662,21923.96092801847
2014-04-25,21881.96604981748,21881.966101438382,21881.966169414784,21881.966192400676,21881.966449670268,21745.86792176588
2014-04-28,21778.035285858663,21778.03533723438,21778.035404887924,21778.03542776464,21778.035683812304,21642.583570583203
2014-04-29,21949.05410799947,21949.054159778632,21949.054227963446,21949.05425101981,21949.054509078167,21812.53871583584
2014-04-30,21903.576741276876,21903.576792948752,21903.576860992292,21903.576884000886,21903.577141524558,21767.344202329703
2014-05-01,21926.447919153077,21926.447970878904,21926.448038993494,21926.448062026113,21926.448319818686,21790.073129528417
2014-05-02,21937.25810591026,21937.25815766159,21937.25822580976,21937.258245081404,21937.258484853373,21800.816069808483
2014-05-05,22020.332239654686,22020.33229160199,22020.33236000823,22020.332379352854,22020.332620032816,21883.373511635404
2014-05-06,21705.404733828524,21705.404785032893,21705.40485246081,21705.404860976003,21705.40511682081,21570.404750598344
2014-05-07,21815.35710247688,21815.357153940633,21815.357221710117,21815.357233225026,21815.357468552604,21679.673243135854
2014-05-08,21536.237677451343,21536.237728256634,21536.237795159035,21536.23780500587,21536.238038461066,21402.289849373174
2014-05-09,21524.656370174926,21524.656420952895,21524.656487819317,21524.6564978804,21524.65672469893,21390.780562526525
2014-05-12,21796.819624849726,21796.819676269748,21796.819743981643,21796.819747227328,21796.819996928538,21661.251058163565
2014-05-13,21832.399403710995,21832.399455214952,21832.399523037377,21832.399526288358,21832.399776397167,21696.609543289956
2014-05-14,21910.874298210925,21910.87434990001,21910.874417966214,21910.874420655873,21910.874666826337,21774.596353497323
2014-05-15,21640.35379532432,21640.353846375234,21640.353913601066,21640.353907997756,21640.35414619534,21505.758395013803
2014-05-16,21701.952494193058,21701.952545389282,21701.95261280647,21701.952614472873,21701.952855319614,21566.973974660923
2014-05-19,21558.682897558778,21558.68294841702,21558.683015389142,21558.683011095385,21558.683238248246,21424.59547391204
2014-05-20,21729.34135082965,21729.341402090486,21729.341469592757,21729.3414649424,21729.341699855137,21594.192488477853
2014-05-21,22007.655905749303,22007.6559576667,22007.656026033554,22007.656028931793,22007.656270498403,21870.776030877885
2014-05-22,21978.97072918182,21978.970781031545,21978.970849309288,21978.970871768135,21978.971117523328,21842.269276316445
2014-05-23,22037.102726408237,22037.1027783951,22037.102846853428,22037.10286248105,22037.103110814765,21900.039708391123
2014-05-26,22040.58222134493,22040.58227334,22040.582341809135,22040.58237215513,22040.582624353498,21903.49758827073
2014-05-27,22154.223476731328,22154.223528994484,22154.223597816646,22154.22363842496,22154.22389780405,22016.432042193042
2014-05-28,22212.59317517122,22212.593227572073,22212.593296575564,22212.593340006853,22212.5935883591,22074.438680810516
2014-05-29,22463.338672429534,22463.338725421912,22463.33879520434,22463.33884690732,22463.339099085057,22323.62464295967
2014-05-30,22623.494070840792,22623.49412421099,22623.49419449094,22623.49425681841,22623.49452112981,22482.78394673682
2014-06-02,22788.608050636667,22788.608103488976,22788.608177443515,22788.608250961384,22788.60851125133,22646.87098000996
2014-06-03,22885.996185011274,22885.996235790186,22885.996312798503,22885.99638712676,22885.996645768366,22743.65339308677
2014-06-04,22813.426179676255,22813.426233876242,22813.426298188155,22813.42636420586,22813.42661002736,22671.534732910877
2014-06-05,22946.910114215665,22946.910174607376,22946.91022260214,22946.91029779073,22946.910562040503,22804.188452718405
2014-06-06,23108.79601573648,23108.796077056333,23108.796127998678,23108.79619930283,23108.796455103555,22965.067473597046
2014-06-09,22999.22839171441,22999.22843900701,22999.228507816166,22999.228571535627,22999.228824032685,22856.181306796654
2014-06-10,23112.627594074016,23112.6276438473,23112.627713965303,23112.627775799192,23112.62803586465,22968.87521200404
2014-06-11,23098.952045111295,23098.95210507936,23098.95216497865,23098.95224569663,23098.9525039325,22955.284723585595
2014-06-12,22998.371842796903,22998.37190013736,22998.37195612375,22998.372041811763,22998.372309237686,22855.330100255193
2014-06-13,23062.29910678534,23062.299169850663,23062.29921449293,23062.299302275613,23062.299574577126,22918.859759725325
2014-06-16,23090.158705109654,23090.15876662779,23090.15880831863,23090.15889448363,23090.15917619875,22946.54607957212
2014-06-17,23093.120568941096,23093.120634934345,23093.120675555827,23093.120770129346,23093.12104705862,22949.489529124934
2014-06-18,23082.246936387655,23082.246991853557,23082.24704612618,23082.247124222074,23082.247396582436,22938.68351487843
2014-06-19,23249.038135514158,23249.03819220161,23249.038243626856,23249.038329919345,23249.038597980518,23104.43733724503
2014-06-20,23367.71433406856,23367.71438946559,23367.714432063,23367.714524072126,23367.7147901646,23222.375407173302
2014-06-23,23345.041322629793,23345.041379784903,23345.04142471879,23345.041516293313,23345.041768959876,23199.843412657465
2014-06-24,23238.292243135387,23238.29230128346,23238.29234871865,23238.29244663808,23238.292703926454,23093.75828098681
2014-06-25,23444.765194552034,23444.765252428344,23444.765298489583,23444.76539512319,23444.765639023964,23298.94703434705
2014-06-26,23494.69343167176,23494.69348383926,23494.693537165007,23494.693631231476,23494.693870156032,23348.564732182123
2014-06-27,23542.469433901028,23542.4694865406,23542.46954360064,23542.469638451108,23542.46987745123,23396.043581638667
2014-06-30,23618.67536940676,23618.67541706618,23618.675487887107,23618.675577928658,23618.675807617823,23471.775542946878
2014-07-01,23806.551893904558,23806.551941943086,23806.552013327368,23806.55210408516,23806.552335601406,23658.483541758415
2014-07-02,23835.912932275507,23835.91298037329,23835.913051845604,23835.91314271533,23835.91337451711,23687.661964831346
2014-07-03,23899.601801798788,23899.601850025087,23899.601921688372,23899.602012800897,23899.602245222046,23750.954712060127
2014-07-04,23910.903051103345,23910.903099352447,23910.90317104962,23910.90326220523,23910.903494736278,23762.18567158189
2014-07-07,23817.59056570791,23817.590613768716,23817.590685186093,23817.590775985962,23817.59100760956,23669.45355691837
2014-07-08,23727.644214375432,23727.64426225474,23727.64433340241,23727.644423859376,23727.64465460826,23580.06664015176
2014-07-09,23844.204815711553,23844.20486382607,23844.204935323247,23844.20502622458,23844.205258107,23695.90227567839
2014-07-10,23710.331945702288,23710.331993546668,23710.33206464242,23710.33215503339,23710.332385613914,23562.86204768077
2014-07-11,23652.057613873607,23652.0576616004,23652.057732521414,23652.057822690225,23652.058052704033,23504.95016163276
2014-07-14,23727.53438629445,23727.534434173544,23727.53450532088,23727.53459577743,23727.53482652524,23579.957495162686
2014-07-15,23636.0548971596,23636.054944854095,23636.05501572713,23636.05510583493,23636.055335693116,23489.046976169822
2014-07-16,24017.43085615419,24017.430904618253,24017.43097663485,24017.43106819657,24017.431301763598,23868.05091127586
2014-07-17,23859.79613682466,23859.79618497064,23859.796256514568,23859.796347475334,23859.79657950938,23711.39662427589
2014-07-18,24018.45363680774,24018.453685273867,24018.453757293526,24018.45384885915,24018.45408243612,23869.067330594648
2014-07-21,23675.869968503095,23675.870016277935,23675.870087270356,23675.87017752994,23675.870407775325,23528.61441181913
2014-07-22,23872.19206480736,23872.19211297835,23872.192184559448,23872.19227556747,23872.192507722066,23723.715453960693
2014-07-23,23789.582469214667,23789.58251721896,23789.582588552355,23789.582679245443,23789.582910596666,23641.619660902084
2014-07-24,23757.291668135833,23757.291716074968,23757.291787311537,23757.291877881522,23757.29210891872,23609.529697211485
2014-07-25,23791.902555488257,23791.902603497234,23791.902674837587,23791.902765539515,23791.902996913297,23643.925317057747
2014-07-28,23750.837108624564,23750.83715655068,23750.837227767897,23750.83731831327,23750.8375492877,23603.11528278275
2014-07-29,23621.199999800094,23621.200047464616,23621.200118293113,23621.200208344275,23621.200438057993,23474.284471030034
2014-07-30,23621.977749683996,23621.977797350086,23621.97786818092,23621.977958235046,23621.978187956327,23475.057383584102
2014-07-31,23311.11810543087,23311.11815246968,23311.118222368394,23311.11831123743,23311.118537935632,23166.13117662498
2014-08-01,23256.607859372234,23256.607917559446,23256.60798771713,23256.608067582412,23256.608299299252,23111.95996609495
2014-08-04,23477.684009504275,23477.684068698087,23477.68413935563,23477.68421965983,23477.684451665547,23331.66110126664
2014-08-05,23468.81202165248,23468.81211101733,23468.81214587295,23468.812235166326,23468.812477907828,23322.84432696583
2014-08-06,23251.787603068882,23251.78767807155,23251.787731977212,23251.787815415,23251.788048984316,23107.16970787013
2014-08-07,23185.168516455935,23185.16860300158,23185.168648977167,23185.168728921843,23185.16896676566,23040.964971995654
2014-08-08,23340.738799897754,23340.738910414188,23340.738937273727,23340.739022688846,23340.739259396898,23195.567678236042
2014-08-11,23386.291257143017,23386.291368283055,23386.291398132813,23386.29148001797,23386.291717090517,23240.836817752926
2014-08-12,23343.06731386614,23343.067424800764,23343.06745459535,23343.067536329163,23343.067772963535,23197.881712077036
2014-08-13,23721.59318077476,23721.59326930416,23721.593315276594,23721.593403665313,23721.593639296192,23574.053260456043
2014-08-14,23582.386443327036,23582.386532055767,23582.386588671674,23582.38667781708,23582.38689569032,23435.71233902654
2014-08-15,23694.0676008083,23694.067688684885,23694.067741809737,23694.067829584066,23694.068057686127,23546.69887943388
2014-08-18,23844.850182562084,23844.850265503734,23844.85031751329,23844.850408311315,23844.850641233428,23696.54364345718
2014-08-19,23917.21326384172,23917.213352155642,23917.21339679363,23917.21348590919,23917.21372799311,23768.456650483615
2014-08-20,24129.25697191634,24129.25706105913,24129.257109779148,24129.257198295367,24129.257441760805,23979.181528449222
2014-08-21,24167.41035755597,24167.410460415955,24167.410502280858,24167.410589872903,24167.410831289537,24017.097621841913
2014-08-22,24195.69750327634,24195.69761805979,24195.697651770184,24195.697738500156,24195.697981859885,24045.208846004865
2014-08-25,24419.6442351575,24419.64433623387,24419.644376490167,24419.644459266467,24419.64471226369,24267.762699476836
2014-08-26,24318.69453495842,24318.69462531424,24318.6946735996,24318.694761386058,24318.695003407352,24167.44087122391
2014-08-27,24309.781259956173,24309.781368111024,24309.781406248712,24309.781499293917,24309.781734359378,24158.583042747796
2014-08-28,24238.999701579873,24238.999822945483,24238.999848385494,24238.999948599154,24239.00017718036,24088.24173151318
2014-08-29,24413.91505534549,24413.915184775473,24413.915207220423,24413.915293435883,24413.915543563562,24262.069185687786
2014-09-01,24247.155625879157,24247.155757268116,24247.155772492417,24247.155858327245,24247.156108239044,24096.346931369666
2014-09-02,24423.011102976496,24423.011235224156,24423.011246649166,24423.011333311755,24423.011586314296,24271.108645008684
2014-09-03,24389.140613641095,24389.140743835374,24389.140753010684,24389.140841277993,24389.141099157787,24237.44882031446
2014-09-04,24247.04164511044,24247.041770954183,24247.041772770997,24247.04186766912,24247.042127081477,24096.2336567871
2014-09-05,24331.578920932046,24331.579052961526,24331.579046118295,24331.57913839724,24331.57939928295,24180.24514103226
2014-09-08,24354.656188600504,24354.65633020448,24354.65632165483,24354.656413186236,24354.656671930312,24203.17888129434
2014-09-09,24087.517429822776,24087.517570169945,24087.517558063155,24087.517649617203,24087.517909815673,23937.701633165845
2014-09-10,24202.029004370306,24202.029162407427,24202.02913757125,24202.029224441372,24202.0294857429,24051.50099457188
2014-09-11,24273.906168832204,24273.906335836036,24273.906306949975,24273.90639110671,24273.90665506507,24122.93111775173
2014-09-12,24181.177227305805,24181.177388697764,24181.177358181616,24181.177441216718,24181.177707289353,24030.77891216232
2014-09-15,23665.827796167883,23665.827954289773,23665.82792425303,23665.828003109484,23665.828261446404,23518.63476642537
2014-09-16,24223.154112737764,24223.154277952555,24223.154244446618,24223.154321675614,24223.154584544656,24072.49471308785
2014-09-17,24230.497169053273,24230.497340539216,24230.497301129773,24230.497374202496,24230.497636001914,24079.792094128556
2014-09-18,24597.475360404285,24597.475539520747,24597.475496769315,24597.47556451797,24597.475832867643,24444.4878104879
2014-09-19,24578.166727569387,24578.166903272428,24578.16686701295,24578.166935556546,24578.167204008034,24425.29927262194
2014-09-22,24106.600305063515,24106.600477294178,24106.60044369564,24106.600509269643,24106.600769912402,23956.665820936843
2014-09-23,24391.11478600336,24391.11495754425,24391.11492683317,24391.114989421712,24391.115250674706,24239.410718780695
2014-09-24,24568.629324624806,24568.629484996796,24568.629463037927,24568.6295308262,24568.62979720019,24415.82118004593
2014-09-25,24209.084608591693,24209.08476445757,24209.0847445686,24209.084812643647,24209.08507578227,24058.51270585663
2014-09-26,24549.69676434633,24549.696919773036,24549.69689271743,24549.696964248295,24549.697239822428,24397.006376724385
2014-09-29,24325.140349347428,24325.14049977376,24325.140478083184,24325.1405461487,24325.140815782714,24173.84661449191
2014-09-30,24635.408986743336,24635.409133265337,24635.409114617138,24635.409183050997,24635.40945720086,24482.18549018241
2014-10-01,24377.63245889228,24377.63260388112,24377.632585428048,24377.63265314584,24377.632924427096,24226.012240805438
2014-10-02,24167.894747641974,24167.89489138337,24167.894873089066,24167.894940224236,24167.895209171467,24017.57902364718
2014-10-03,24483.03831989156,24483.03846550731,24483.03844697445,24483.038514985048,24483.038787439287,24330.762514775935
2014-10-06,24247.132762759484,24247.13290697216,24247.132888617874,24247.132955973157,24247.133225802172,24096.32420644584
2014-10-07,24082.90936320711,24082.90950644305,24082.909488213074,24082.909555112165,24082.909823113656,23933.122218127595
2014-10-08,24441.951669721348,24441.95181509274,24441.95179659098,24441.95186448744,24441.95213648446,24289.931408981083
2014-10-09,24289.207554541506,24289.20769900443,24289.207680618296,24289.20774809045,24289.20801838769,24138.137307962545
2014-10-10,24018.75771084667,24018.757853701063,24018.757835519646,24018.75790224053,24018.758169528126,23869.3695662664
2014-10-13,23489.32002232921,23489.32016203471,23489.320144254063,23489.320209504236,23489.3204709001,23343.224792183177
2014-10-14,23783.35036458207,23783.35050603635,23783.350488033127,23783.35055410008,23783.350818767998,23635.42637010908
2014-10-15,23552.517034831646,23552.51717491302,23552.51715708453,23552.517222510258,23552.517484609398,23406.02874170732
2014-10-16,23243.811799826068,23243.81193807138,23243.81192047657,23243.81198504476,23243.81224370854,23099.243543650984
2014-10-17,23525.281059555167,23525.281199474553,23525.28118166668,23525.281247016752,23525.281508812805,23378.96216452634
2014-10-20,23635.21842823707,23635.21856881032,23635.218550919224,23635.21861657469,23635.218879594155,23488.215761810687
2014-10-21,23874.22064178315,23874.220783777895,23874.220765705886,23874.220832025265,23874.221097704416,23725.731466451438
2014-10-22,23767.73678175754,23767.73692311896,23767.73690512755,23767.73697115114,23767.7372356453,23619.90989822578
2014-10-23,23977.459357278814,23977.459499887584,23977.459481737424,23977.45954834359,23977.45981517161,23828.328073793866
2014-10-24,24303.081855102144,24303.081999647595,24303.081981250947,24303.08204876165,24303.08231921329,24151.925315300068
2014-10-27,24104.1912559899,24104.191399352425,24104.19138110633,24104.191448064546,24104.19171630287,23954.27174509388
2014-10-28,24674.023624433055,24674.02377118473,24674.023752507284,24674.02382104842,24674.024095628,24520.55995853667
2014-10-29,24678.275191375968,24678.27533815293,24678.275319472268,24678.27538802521,24678.275662652104,24524.785082242804
2014-10-30,24791.62555885823,24791.625706309365,24791.6256875429,24791.625756410715,24791.626032299002,24637.43045068684
2014-10-31,25017.27947416849,25017.279622961723,25017.279604024447,25017.279673519093,25017.27995191853,24861.680878767183
2014-11-03,24786.92898753854,24786.929134961738,24786.92911619883,24786.929185053596,24786.92946088962,24632.763090373137
2014-11-04,25341.901364456513,25341.901515180478,25341.901495997467,25341.90156639387,25341.90184840579,25184.283736161662
2014-11-05,25401.434031322344,25401.434182400386,25401.43416317231,25401.43423373409,25401.434516408506,25243.446130977954
2014-11-06,25618.135626438823,25618.135778805725,25618.135759413617,25618.13583057736,25618.136115663296,25458.799919117413
2014-11-07,25531.265943303628,25531.26609515386,25531.26607582751,25531.266146749942,25531.266430869164,25372.470534566353
2014-11-10,25128.27913645021,25128.27928590363,25128.279266882324,25128.279336685315,25128.279616319986,24971.990162562353
2014-11-11,25646.42944175612,25646.4295942913,25646.429574877773,25646.429646120112,25646.42993152091,25486.91775694977
2014-11-12,25590.44805381302,25590.44820601524,25590.44818664409,25590.44825773092,25590.44854250874,25431.284553362268
2014-11-13,25816.491104230125,25816.491257776768,25816.49123823451,25816.491309949262,25816.49159724255,25655.921696267273
2014-11-14,25542.65020627205,25542.65035818999,25542.650338855023,25542.65040980908,25542.65069405499,25383.783991461343
2014-11-17,25578.988725720952,25578.988877855023,25578.98885849255,25578.988929547548,25578.989214197845,25419.896498222053
2014-11-18,25660.482689609733,25660.482842228495,25660.482822804337,25660.48289408571,25660.4831796429,25500.883598591645
2014-11-19,25603.78544644537,25603.785598726918,25603.785579345677,25603.785650469556,25603.785935395797,25444.538992148176
2014-11-20,25625.03466834716,25625.03482075509,25625.03480135776,25625.03487254067,25625.03515770338,25465.656051434733
2014-11-21,25635.50406141404,25635.504213884236,25635.504194478985,25635.504265690975,25635.504550970192,25476.06032859412
2014-11-24,25761.315860517916,25761.316013736385,25761.3159942359,25761.316065797382,25761.31635247667,25601.089622979776
2014-11-25,25887.813615258183,25887.813769229015,25887.813749632773,25887.81382154565,25887.81410963264,25726.800606601333
2014-11-26,25783.74436568776,25783.744519039625,25783.74449952216,25783.744571145948,25783.744858074824,25623.378630811192
2014-11-27,25836.42316534586,25836.423319011035,25836.423299453698,25836.423371223817,25836.423658738917,25675.72978704017
2014-11-28,25903.93508981077,25903.93524387748,25903.93522426904,25903.9352962267,25903.93558449309,25742.821811306483
2014-12-01,25536.375633623564,25536.37578550417,25536.375766173962,25536.375837110587,25536.376121286674,25377.548444426797
2014-12-02,25856.855269703356,25856.85542349005,25856.85540391725,25856.855475744127,25856.8557634866,25696.034810963418
2014-12-03,25927.429099357847,25927.429253564285,25927.429233938066,25927.429305960988,25927.42959448883,25766.16969645623
2014-12-04,25982.545358781386,25982.545513315632,25982.54549364769,25982.545565823715,25982.54585496491,25820.943152316373
2014-12-05,25970.30771088887,25970.30786535033,25970.30784569165,25970.307917833677,25970.30820683869,25808.7816182485
2014-12-08,25924.607768200083,25924.607922389736,25924.607902765652,25924.607974780734,25924.608263277183,25763.365912976482
2014-12-09,25929.709306458397,25929.709460678394,25929.709441050447,25929.7095130797,25929.709801632922,25768.43572147824
2014-12-10,25633.10420760463,25633.10436006053,25633.104340657104,25633.10441186243,25633.104697114944,25473.675401023265
2014-12-11,25651.86528011744,25651.865432684925,25651.8654132673,25651.86548452474,25651.865769986034,25492.31978632657
2014-12-12,25453.062441904527,25453.06259328961,25453.06257402247,25453.062644727663,25453.06292797662,25294.75343117808
2014-12-15,25342.77532114832,25342.775471877456,25342.7754526938,25342.775523092634,25342.775805114285,25185.152257153142
2014-12-16,25083.747152715565,25083.747301904103,25083.747282916524,25083.747352595812,25083.74763173492,24927.735151954468
2014-12-17,25351.09991160542,25351.10006238407,25351.10004319411,25351.10011361607,25351.10039573036,25193.425071613427
2014-12-18,25748.294894101153,25748.29504724217,25748.29502775155,25748.29509927686,25748.295385811238,25588.14964235073
2014-12-19,25613.823686600477,25613.823838941713,25613.82381955288,25613.82389070465,25613.824175742597,25454.514798013788
2014-12-22,25752.389075875857,25752.389229041226,25752.389209547502,25752.38928108419,25752.389567664137,25592.218359768525
2014-12-23,25869.91216484576,25869.91231871011,25869.912299127427,25869.91237099058,25869.912658878355,25709.01049685416
2014-12-24,25859.958618252072,25859.958772057224,25859.958752482078,25859.95882431758,25859.95911209459,25699.118857786063
2014-12-25,25863.30427694088,25863.30443076593,25863.304411188252,25863.304483033044,25863.304770847288,25702.443707665778
2014-12-26,25849.256257024572,25849.25641076607,25849.256391199026,25849.256463004796,25849.25675066271,25688.48306144529
2014-12-29,25756.388453416053,25756.38860660521,25756.38858710846,25756.38865865626,25756.388945280713,25596.192862600492
2014-12-30,25854.714562693487,25854.71471646745,25854.71469689627,25854.714768717204,25854.715056435856,25693.907418391038
2014-12-31,25667.00153560484,25667.001688262357,25667.001668833265,25667.00174013276,25667.00202576249,25507.361899679294
2015-01-02,25614.257458063286,25614.2576104071,25614.257591017937,25614.25766217092,25614.257947213693,25454.945871572123
2015-01-05,25531.579245252877,25531.579397104957,25531.579377778373,25531.57944870169,25531.579732824397,25372.7818878887
2015-01-06,25313.47145433557,25313.47160489043,25313.471585728945,25313.471656046393,25313.471937741935,25156.030649987
2015-01-07,25461.118249803552,25461.118401236563,25461.11838196331,25461.118452690902,25461.118736029497,25302.759134812368
2015-01-08,25749.029293166463,25749.029446311855,25749.029426820664,25749.02949834803,25749.029784890583,25588.879473714624
2015-01-09,25613.33899707372,25613.33914941208,25613.339130023604,25613.33920117404,25613.339486206598,25454.0331230838
2015-01-12,25509.609128967837,25509.609280689252,25509.609261379297,25509.609332241587,25509.609616119807,25350.948417925996
2015-01-13,25631.463203737178,25631.463356183333,25631.46333678114,25631.463407981926,25631.46369321617,25472.044603617207
2015-01-14,25416.42393666411,25416.424087831292,25416.42406859188,25416.42413919531,25416.42442203654,25258.342804430973
2015-01-15,25324.006929672658,25324.00708029018,25324.007061120723,25324.007131467435,25324.007413280222,25166.500598408344
2015-01-16,25589.03658299181,25589.036735185626,25589.036715815546,25589.03678689848,25589.03707166059,25429.881861388378
2015-01-19,25477.955247348425,25477.95539888157,25477.95537959558,25477.95545036994,25477.955733895906,25319.49141221086
2015-01-20,25597.152859704023,25597.153011946113,25597.152992569892,25597.153063675363,25597.153348527798,25437.947657741304
2015-01-21,25673.310493994515,25673.31064668956,25673.31062725569,25673.310698572717,25673.310984272655,25513.63161858793
2015-01-22,25889.49553922332,25889.495693204146,25889.495673606634,25889.495745524193,25889.4960336299,25728.4720695966
2015-01-23,25783.852832425906,25783.852985778416,25783.852966260867,25783.853037884965,25783.853324815052,25623.486422924732
2015-01-26,25862.869355359948,25862.869509182412,25862.869489605055,25862.86956144865,25862.869849258055,25702.011491142654
2015-01-27,25437.341055536504,25437.34120682809,25437.34118757284,25437.341258234377,25437.34154130838,25279.12982625105
2015-01-28,25206.14799928094,25206.148149197477,25206.14813011724,25206.148200136548,25206.14848063777,25049.374708715284
2015-01-29,25340.95930698167,25340.959457700006,25340.95943851772,25340.959508911517,25340.959790912962,25183.34753794979
2015-01-30,25211.967312590637,25211.967462541783,25211.96744345714,25211.96751349261,25211.967794058597,25055.15782796247
2015-02-02,25319.0650014632,25319.06515205132,25319.065132885607,25319.065203218586,25319.06548497638,25161.589407237607
2015-02-03,25367.746683927187,25367.74683480485,25367.746815602284,25367.746886070494,25367.747168370035,25209.968306922154
2015-02-04,25500.13016823234,25500.130319897366,25500.130300594592,25500.130371430543,25500.130655203287,25341.528412960553
2015-02-05,25705.185412404182,25705.185565288797,25705.185545830805,25705.185617236373,25705.18590329103,25545.308286322957
2015-02-06,25547.245151502604,25547.245303447853,25547.24528410942,25547.245355076248,25547.2456393733,25388.350357764073
2015-02-09,25486.340784625412,25486.34093620842,25486.34091691609,25486.340987713735,25486.34127133303,25327.824794423435
2015-02-10,25728.727400708245,25728.72755373288,25728.72753425707,25728.727605728032,25728.72789204467,25568.703851818864
2015-02-11,25705.33285720011,25705.3330100856,25705.332990627503,25705.33306203348,25705.333348089775,25545.45481406461
2015-02-12,25981.262032727325,25981.26218725394,25981.262167586974,25981.262239759442,25981.26252888636,25819.66780809469
2015-02-13,26009.679044406057,26009.679199101683,26009.679179413204,26009.679251664616,26009.679541107766,25847.90807605086
2015-02-16,25964.950171554356,25964.95032598395,25964.95030632933,25964.95037845649,25964.950667401885,25803.457400906336
2015-02-17,25948.79645351289,25948.796607846405,25948.796588204015,25948.7966602863,25948.79694905193,25787.404153255357
2015-02-18,25968.55036725511,25968.550521706115,25968.55050204877,25968.55057418593,25968.55086317139,25807.035204668155
2015-02-19,26003.503997731055,26003.50415238995,26003.504132706144,26003.504204940407,26003.50449431484,25841.771435973584
2015-02-20,26186.604594670473,26186.60475041838,26186.604730595976,26186.604803338865,26186.60509475089,26023.733212213876
2015-02-23,26135.706220449476,26135.706375894657,26135.706356110783,26135.706428712285,26135.706719557893,25973.151407807964
2015-02-24,26214.207834388555,26214.207990300634,26214.207970457333,26214.208043276903,26214.208334996103,26051.164769582043
2015-02-25,26132.18125886963,26132.181414293846,26132.181394512638,26132.181467104347,26132.18175791073,25969.648370237526
2015-02-26,26116.541259774374,26116.54141510557,26116.541395336204,26116.541467884468,26116.541758516803,25954.105646383327
2015-02-27,25883.05641814533,25883.056572087848,25883.05655249522,25883.056624394896,25883.056912428947,25722.072997565356
2015-03-02,26232.2401069164,26232.240262935728,26232.24024307878,26232.240315948442,26232.240607868305,26069.084887777513
2015-03-03,25944.563982457454,25944.56413676579,25944.564117126603,25944.564189197143,25944.564477915665,25783.19800666705
2015-03-04,25851.855130489526,25851.855284246467,25851.85526467746,25851.855336490462,25851.855624177297,25691.065770840072
2015-03-05,25663.14444913299,25663.14460176755,25663.14458234139,25663.14465363018,25663.14493921699,25503.52880291575
2015-03-06,25731.88591442942,25731.886067472828,25731.88604799463,25731.886119474377,25731.886405826157,25571.842720706183
2015-03-09,25834.190327576227,25834.190481228103,25834.190461672468,25834.1905334364,25834.19082092665,25673.51083672862
2015-03-10,25213.857550283425,25213.8577002458,25213.857681159738,25213.857751200467,25213.85803178748,25057.03630904797
2015-03-11,25189.27526268679,25189.275412502964,25189.27539343551,25189.27546340795,25189.275743721402,25032.606914551714
2015-03-12,25545.767332947766,25545.767484884218,25545.76746554691,25545.767536509637,25545.767820790235,25386.88173071591
2015-03-13,25363.39736981748,25363.397520669263,25363.397501470004,25363.397571926133,25363.397854177267,25205.646044001885
2015-03-16,25572.420567434583,25572.42071952956,25572.420700172075,25572.420771208843,25572.421055786046,25413.36919154803
2015-03-17,25497.815702212407,25497.815853863664,25497.815834562654,25497.815905392177,25497.816189139154,25339.22834209746
2015-03-18,25604.606721510343,25604.60687379675,25604.606854414902,25604.606925541077,25604.607210476457,25445.355159173832
2015-03-19,25443.49954563666,25443.499696964864,25443.499677704967,25443.499748383612,25443.500031526142,25285.250012729484
2015-03-20,25674.619919322096,25674.620072024914,25674.620052590068,25674.620123910736,25674.62040962524,25514.932899754906
2015-03-23,25536.19490737672,25536.19505925624,25536.195039926177,25536.195110862318,25536.19539503639,25377.368842233027
2015-03-24,25432.29432554833,25432.29447680989,25432.294457558477,25432.294528205995,25432.29481122383,25274.114485131453
2015-03-25,25017.248682908084,25017.248831701112,25017.24881276387,25017.248882258453,25017.249160657542,24861.650279017464
2015-03-26,24948.67664832044,24948.67679670563,24948.6767778203,24948.676847124392,24948.677124760397,24793.50473813697
2015-03-27,24988.29041338087,24988.290562001665,24988.290543086347,24988.290612500485,24988.290890577322,24832.872119644446
2015-03-30,25206.06199575484,25206.062145670858,25206.062126590692,25206.062196609768,25206.06247711003,25049.289240100574
2015-03-31,25075.62726552803,25075.62741466827,25075.627395686843,25075.627465343587,25075.62774439233,24919.665767582093
2015-04-01,25028.59182087612,25028.59196973661,25028.591950790786,25028.59202031688,25028.592298842195,24872.92286669496
2015-04-02,24989.825862997626,24989.826011627552,24989.825992711074,24989.826062129476,24989.826340223397,24834.398019309778
2015-04-03,25001.611265964682,25001.611414664705,25001.6113957393,25001.611465190443,25001.611743415517,24846.110121255042
2015-04-06,24948.259848577076,24948.259996959787,24948.259978074766,24948.260047377706,24948.260325009072,24793.09053074001
2015-04-07,24987.93664552901,24987.936794147707,24987.936775232654,24987.936844645807,24987.937122718708,24832.520552103015
2015-04-08,25322.220244145345,25322.220394752232,25322.220375584136,25322.220445925883,25322.22072771879,25164.725025430598
2015-04-09,25367.8397760685,25367.83992694671,25367.839907744084,25367.839978212556,25367.840260513134,25210.060820063398
2015-04-10,25527.179217760495,25527.1793695864,25527.17935026316,25527.179421174253,25527.179705248007,25368.409227005
2015-04-13,25473.482966275333,25473.48311778187,25473.483098499273,25473.48316926121,25473.48345273742,25315.046947138053
2015-04-14,25491.48445606944,25491.484607683047,25491.484588386822,25491.484659198763,25491.484942875297,25332.93647405746
2015-04-15,25546.428808376688,25546.428960317087,25546.428940979273,25546.429011943837,25546.42929623181,25387.539092002546
2015-04-16,25738.185269723857,25738.18542280475,25738.185403321782,25738.185474819024,25738.18576124092,25578.102896247427
2015-04-17,25498.236642439264,25498.236794093034,25498.2367747917,25498.236845622392,25498.237129374073,25339.646664225576
2015-04-20,25646.51663270077,25646.516785236447,25646.516765822875,25646.51683706547,25646.517122467252,25487.004405597683
2015-04-21,25706.493415909532,25706.493568801932,25706.49354934296,25706.49362075216,25706.493906821383,25546.60815451095
2015-04-22,25688.703897379433,25688.70405016603,25688.704030720517,25688.704102080308,25688.704387951562,25528.92928046955
2015-04-23,25813.25449642306,25813.254649950435,25813.254630410636,25813.254702116414,25813.254989373705,25652.70521901152
2015-04-24,25899.850236643175,25899.850390685595,25899.850371080247,25899.85044302657,25899.85073124753,25738.76236447517
2015-04-27,25989.18682976792,25989.186984341686,25989.186964668712,25989.1870368632,25989.18732607832,25827.54331571158
2015-04-28,25930.210467138313,25930.210621361308,25930.210601732975,25930.21067376364,25930.21096232245,25768.93376511669
2015-04-29,25888.61642294378,25888.616576919387,25888.616557322544,25888.616629237662,25888.616917333606,25727.59842110818
2015-04-30,25702.18797959272,25702.18813245952,25702.1881130038,25702.188184401042,25702.188470422356,25542.329496479295
2015-05-01,25935.35843557323,25935.35858982684,25935.358570194614,25935.358642239575,25935.358930855673,25774.049715015837
2015-05-04,26072.09122570082,26072.091380767662,26072.091361031933,26072.09143345672,26072.091723594418,25909.932075738772
2015-05-05,26047.675330236867,26047.675485158492,26047.675465441243,26047.675537798204,26047.6758276642,25885.66803847521
2015-05-06,25967.42380570988,25967.423960154196,25967.423940497694,25967.424012631727,25967.424301604664,25805.915649935734
2015-05-07,25900.032398859723,25900.032552903216,25900.032533297734,25900.03260524456,25900.032893467545,25738.9433937074
2015-05-08,26359.612858882592,26359.613015659495,26359.612995706128,26359.613068929608,26359.613362266933,26195.665426452946
2015-05-11,26270.403979483308,26270.40413572963,26270.40411584379,26270.40418881946,26270.404481164045,26107.011394607976
2015-05-12,26380.4937794697,26380.49393637079,26380.493916401618,26380.493989683102,26380.4942832528,26216.416475128222
2015-05-13,26443.733818114837,26443.733975392053,26443.73395537501,26443.734028832165,26443.73432310562,26279.263183187737
2015-05-14,26478.765299264276,26478.76545674985,26478.765436706286,26478.765510260757,26478.76580492405,26314.076780963114
2015-05-15,26458.2639024242,26458.264059787838,26458.264039759793,26458.26411325731,26458.26440769246,26293.702895531915
2015-05-18,26505.241241772455,26505.2413994155,26505.24137935189,26505.241452979903,26505.241747937827,26340.38805250975
2015-05-19,26284.437349694017,26284.4375060238,26284.437486127335,26284.437559141985,26284.437851642742,26120.95748223882
2015-05-20,26361.38823093566,26361.38838772312,26361.388367768406,26361.388440996816,26361.388734353906,26197.42975632222
2015-05-21,26497.04235626845,26497.042513862725,26497.042493805326,26497.042567410568,26497.042862277252,26332.24016116238
2015-05-22,26311.29193984415,26311.29209633366,26311.292076416867,26311.292149506116,26311.29244230572,26147.645046373524
2015-05-25,26410.468959486123,26410.4691165655,26410.469096573634,26410.469169938384,26410.469463841655,26246.205220168278
2015-05-26,26168.822325243204,26168.82248088536,26168.82246107641,26168.8225337699,26168.822824984054,26006.061542188465
2015-05-27,26421.27089947199,26421.271056615613,26421.27103661557,26421.271110010326,26421.271404033803,26256.939975922895
2015-05-28,26419.556326418548,26419.556483551973,26419.55646355323,26419.556536943226,26419.55683094762,26255.236066905047
2015-05-29,26246.03653166029,26246.03668776169,26246.036667894296,26246.036740802276,26246.03703287569,26082.795503658224
2015-06-01,26352.987206111335,26352.987362848835,26352.98734290048,26352.98741610556,26352.98770936915,26189.080982889336
2015-06-02,26321.262540590564,26321.262697139373,26321.262677215036,26321.262750331985,26321.26304324254,26157.55363352357
2015-06-03,26395.11182410656,26395.1119810946,26395.111961114362,26395.112034436454,26395.11232816882,26230.94360071789
2015-06-04,26203.035358910714,26203.035514756357,26203.03549492151,26203.035567710038,26203.035859304924,26040.06178293464
2015-06-05,26271.824814085852,26271.824970340633,26271.824950453713,26271.82502343333,26271.825315793725,26108.42339212378
2015-06-08,26249.353188589223,26249.353344710347,26249.35332484044,26249.353397757634,26249.353689867956,26086.091532158698
2015-06-09,26231.06896978356,26231.069125795937,26231.069105939867,26231.069178806276,26231.069470713122,26067.921034701794
2015-06-10,26569.81440357704,26569.81456160414,26569.814541491654,26569.81461529905,26569.814910975554,26404.559592175992
2015-06-11,26462.154162744224,26462.154320131,26462.154300100017,26462.154373608344,26462.154668086776,26297.568959814056
2015-06-12,26402.675079986628,26402.675237019652,26402.675217033688,26402.675290376792,26402.675584193323,26238.459815831873
2015-06-15,26391.240635533824,26391.240792498837,26391.24077252153,26391.240845832872,26391.241139522153,26227.09648956352
2015-06-16,26401.600626176514,26401.600783203146,26401.600763217994,26401.600836558115,26401.601130362687,26237.39204474295
2015-06-17,26383.547154000295,26383.547310919555,26383.547290948067,26383.54736423804,26383.547657841707,26219.45085875339
2015-06-18,26563.564907466076,26563.565065456012,26563.56504534826,26563.565119138293,26563.565414745255,26398.348965711826
2015-06-19,26398.01369752367,26398.013854528974,26398.013834546542,26398.01390787669,26398.014201641352,26233.827425512718
2015-06-22,26503.640066917185,26503.64022455071,26503.64020448832,26503.640278111885,26503.64057305199,26338.79683639354
2015-06-23,26658.84301881511,26658.843177371724,26658.84315719185,26658.843231246552,26658.8435279138,26493.034481038834
2015-06-24,26550.243691418633,26550.243849329338,26550.243829231673,26550.2439029847,26550.24419844342,26385.110602898214
2015-06-25,26421.89702466675,26421.897181814096,26421.897161813587,26421.897235210083,26421.897529240527,26257.562206841256
2015-06-26,26368.362370310242,26368.36252713919,26368.362507179205,26368.362580426983,26368.36287386168,26204.360519026206
2015-06-29,26436.63943976422,26436.639596999248,26436.63957698758,26436.63965042503,26436.63994461953,26272.212929351434
2015-06-30,26103.154735572556,26103.15489082415,26103.154871064915,26103.154943575988,26103.155234059377,25940.80238160886
2015-07-01,26233.618587174155,26233.618743201696,26233.618723343705,26233.61879621719,26233.619088152416,26070.45479437752
2015-07-02,26185.971652527038,26185.971808271195,26185.97178844927,26185.9718611904,26185.972152595397,26023.104206745833
2015-07-03,26151.744388905583,26151.744544446166,26151.744524650152,26151.74459729621,26151.744888320314,25989.08982455097
2015-07-06,26336.347120460243,26336.347277098772,26336.34725716302,26336.347330321878,26336.347623400296,26172.544392662567
2015-07-07,26090.703455704235,26090.70361088177,26090.703591131965,26090.703663608456,26090.70395395328,25928.428544280232
2015-07-08,25881.527988890808,25881.528142824245,25881.52812323278,25881.528195128212,25881.52848314527,25720.55407459809
2015-07-09,26003.72677220413,26003.726926864358,26003.726907180393,26003.726979415274,26003.727268792198,25841.992824868536
2015-07-10,26180.525831183128,26180.525986894896,26180.5259670771,26180.526039803102,26180.526331147496,26017.69225647703
2015-07-13,26527.34768620217,26527.347843976702,26527.347823896373,26527.3478975858,26527.348192789723,26362.357002704473
2015-07-14,26682.384634197777,26682.384792894412,26682.384772696725,26682.384846816825,26682.385143746043,26516.429675932788
2015-07-15,26690.944813173188,26690.944971920737,26690.944951716563,26690.945025860445,26690.945322884927,26524.936613634447
2015-07-16,27215.365972092437,27215.366133959044,27215.366113357904,27215.36618895856,27215.366491818942,27046.096059152333
2015-07-17,27162.278266319656,27162.27842787051,27162.27840730956,27162.278482762744,27162.278785032355,26993.33854005951
2015-07-20,27093.007138063615,27093.007299202476,27093.007278693956,27093.00735395472,27093.007655453457,26924.498253625003
2015-07-21,27212.747521337013,27212.747683188045,27212.747662588885,27212.747738182272,27212.748041013514,27043.49389423086
2015-07-22,27138.931952757,27138.932114169005,27138.932093625725,27138.932169014057,27138.93247102386,26970.1374322776
2015-07-23,27124.97300775339,27124.97316908237,27124.973148549652,27124.973223899215,27124.973525753674,26956.265306955484
2015-07-24,27106.671079574095,27106.671240794225,27106.671220275366,27106.671295574084,27106.671597224875,26938.07721027097
2015-07-27,27042.65426662321,27042.654427462596,27042.65440699219,27042.65448211308,27042.654783051476,26874.45855916608
2015-07-28,27131.025450606838,27131.02561197182,27131.025591434525,27131.025666800895,27131.02596872271,26962.28010576344
2015-07-29,27313.710046828983,27313.710209280503,27313.71018860492,27313.710264478766,27313.710568433547,27143.82846866321
2015-07-30,27553.022013295125,27553.02217716998,27553.022156313247,27553.022232851872,27553.022539469785,27381.65199967084
2015-07-31,27621.811244660432,27621.81140894442,27621.81138803561,27621.811464765327,27621.811772148743,27450.013386442166
2015-08-03,27643.322519536574,27643.322683948503,27643.32266302341,27643.322739812884,27643.323047435682,27471.39086882662
2015-08-04,27669.686017307384,27669.686181876114,27669.68616093106,27669.68623779377,27669.686545709952,27497.590395002226
2015-08-05,27633.242429955662,27633.242594307634,27633.242573390173,27633.242650151642,27633.24295766227,27461.373473823744
2015-08-06,27435.90594541333,27435.906108591622,27435.906087823536,27435.906164036835,27435.906469351445,27265.264352146667
2015-08-07,27404.848422832725,27404.848585826294,27404.84856508172,27404.848641208744,27404.848946177735,27234.399996328862
2015-08-10,27561.703351896525,27561.70351582301,27561.7034949597,27561.70357152245,27561.703878236967,27390.279343428636
2015-08-11,27397.320711838605,27397.32087478741,27397.32085404853,27397.32093015464,27397.321235039868,27226.919105024255
2015-08-12,27486.508338253876,27486.508501733126,27486.50848092674,27486.5085572806,27486.50886315833,27315.552016071222
2015-08-13,27492.099066398256,27492.099229910757,27492.099209100135,27492.099285469525,27492.099591409475,27321.107971871654
2015-08-14,27503.233080848837,27503.23324442756,27503.233223608513,27503.233300008833,27503.233606072685,27332.17273670573
2015-08-17,27720.813360991036,27720.813525863847,27720.813504880094,27720.813581884824,27720.81389036997,27548.399744762042
2015-08-18,27760.957915882533,27760.958080994107,27760.95805997997,27760.958137096215,27760.9584460281,27588.29461477631
2015-08-19,27647.208719476985,27647.208883912026,27647.208862983993,27647.208939784257,27647.209247450308,27475.25289798329
2015-08-20,27013.793928767573,27013.794089435298,27013.79406898674,27013.794144027466,27013.794444644693,26845.77772236442
2015-08-21,26282.372132845285,26282.372289162795,26282.372269267897,26282.37234227683,26282.37263475459,26118.905110305586
2015-08-24,25904.29436110948,25904.294515178328,25904.294495569622,25904.294567528304,25904.294855798704,25743.17884806526
2015-08-25,25887.52388911965,25887.524043088753,25887.524023492737,25887.52409540484,25887.524383488606,25726.512682456483
2015-08-26,26343.655196382806,26343.6553530648,26343.655333123515,26343.655406302685,26343.655699462415,26179.807014947786
2015-08-27,26594.294677634996,26594.294835807697,26594.294815676687,26594.2948895521,26594.295185501018,26428.88760762157
2015-08-28,26596.940485108404,26596.940643296843,26596.940623163828,26596.94069704659,26596.94099302495,26431.516959111945
2015-08-31,26504.254749321237,26504.254906958417,26504.25488689556,26504.254960520855,26504.255255467782,26339.407695691294
2015-09-01,26292.773410008005,26292.773566387372,26292.773546484605,26292.773619522428,26292.773912115936,26129.241695217548
2015-09-02,26423.583327843528,26423.583485000905,26423.583464999116,26423.58353840031,26423.583832449513,26259.238021811034
2015-09-03,26352.9285275816,26352.92868431875,26352.928664370444,26352.92873757537,26352.929030838302,26189.022669319216
2015-09-04,26255.363972287243,26255.364128444122,26255.36410856967,26255.364181503573,26255.36447368078,26092.064930916385
2015-09-07,26300.078736167205,26300.078892590027,26300.078872681726,26300.078945739842,26300.07923841465,26136.501584841957
2015-09-08,26531.90669371236,26531.90685151401,26531.90683143022,26531.906905132324,26531.907200386984,26366.887654806735
2015-09-09,26353.552543652444,26353.55270039331,26353.55268044453,26353.552753651187,26353.55304692107,26189.64280423168
2015-09-10,26484.7738020666,26484.77395958792,26484.773939539813,26484.774013110982,26484.774307841133,26320.047913011455
2015-09-11,26464.654937675296,26464.65509507696,26464.65507504408,26464.655148559363,26464.655443065625,26300.054180813026
2015-09-14,26385.66805864495,26385.668215576832,26385.668195603743,26385.668268899608,26385.668562526887,26221.558572124242
2015-09-15,26502.15614251863,26502.15630014334,26502.15628008207,26502.156353701528,26502.156648625114,26337.32214147785
2015-09-16,26624.411688526394,26624.411846878233,26624.41182672442,26624.411900683484,26624.412196967565,26458.817301398933
2015-09-17,26601.05010684691,26601.050265059803,26601.050244923674,26601.050318817845,26601.05061484195,26435.60102046246
2015-09-18,26512.100175142543,26512.100332826398,26512.1003127576,26512.10038640468,26512.100681438926,26347.204325749695
2015-09-21,26498.31306057703,26498.313218178882,26498.313198120522,26498.313271729305,26498.313566610123,26333.50296214136
2015-09-22,26401.614881015113,26401.61503804184,26401.615018056676,26401.615091396845,26401.615385201578,26237.40621092153
2015-09-23,26512.617201576777,26512.61735926371,26512.617339194516,26512.61741284304,26512.617707883037,26347.71813646309
2015-09-24,26641.278148122215,26641.278306574368,26641.27828640779,26641.278360413715,26641.278656885486,26475.578857604873
2015-09-25,26591.99555778263,26591.995715941666,26591.995695812395,26591.995769681424,26591.996065604762,26426.602787478347
2015-09-28,26211.768630151382,26211.768786048975,26211.768766207522,26211.768839020326,26211.769130712393,26048.740736329142
2015-09-29,26277.09419198512,26277.094348271246,26277.094328380346,26277.094401374616,26277.094693793642,26113.659996363534
2015-09-30,26466.557704104114,26466.5578615171,26466.55784148278,26466.55791500335,26466.55820953078,26301.945112710277
2015-10-01,26502.539402031834,26502.539559658828,26502.53953959727,26502.539613217792,26502.539908145638,26337.703017252974
2015-10-02,26621.575162277186,26621.57532061215,26621.57530046049,26621.575374411677,26621.575670664188,26455.998417335828
2015-10-05,26826.061670090938,26826.061829642116,26826.06180933566,26826.061883854887,26826.062182382982,26659.213091678354
2015-10-06,26747.12113563938,26747.121294721044,26747.12127447435,26747.121348774286,26747.121646423908,26580.763539321528
2015-10-07,26842.30083099813,26842.30099064589,26842.300970327145,26842.30104489148,26842.301343600288,26675.351250770767
2015-10-08,26826.21216471024,26826.21232426231,26826.212303955745,26826.212378475382,26826.21267700515,26659.362650274554
2015-10-09,26873.627019192052,26873.627179026127,26873.62715868367,26873.62723333502,26873.62753239244,26706.482601197164
2015-10-12,26897.42630315518,26897.426463130807,26897.426442770335,26897.4265174878,26897.426816810057,26730.133862064496
2015-10-13,26803.47436981189,26803.474529228723,26803.474508939373,26803.474583395848,26803.474881672584,26636.766276386927
2015-10-14,26874.977278951934,26874.977438794038,26874.977418450562,26874.977493105664,26874.977792178106,26707.82446282078
2015-10-15,26851.391431739197,26851.391591441025,26851.391571115397,26851.391645704985,26851.39194451496,26684.385311203037
2015-10-16,26803.263316687455,26803.26347610303,26803.263455813838,26803.263530269734,26803.26382854412,26636.556535937983
2015-10-19,27012.050401785687,27012.050562443055,27012.050541995817,27012.05061703169,27012.050917629524,26844.045039501296
2015-10-20,27019.657095319595,27019.657256022205,27019.657235569204,27019.65731062621,27019.657611308692,26851.60442210234
2015-10-21,26848.038900973977,26848.039060655872,26848.03904033278,26848.039114913052,26848.03941368572,26681.05363198879
2015-10-22,27101.726902364135,27101.72706355487,27101.727043039748,27101.72711832473,27101.72741992051,26933.163784087734
2015-10-23,27505.672732392366,27505.672895985623,27505.672875164728,27505.672951571814,27505.673257662816,27334.59721448293
2015-10-26,27664.812624147155,27664.81278868691,27664.81276774555,27664.81284459471,27664.813152456667,27492.747312617073
2015-10-27,27564.278997208174,27564.279161149992,27564.279140284732,27564.279216854626,27564.279523597812,27392.83896914101
2015-10-28,27681.684323580692,27681.68448822079,27681.68446726666,27681.684544162694,27681.6848522124,27509.5140760708
2015-10-29,27616.14732799368,27616.147492243992,27616.14747133947,27616.147548053446,27616.147855373838,27444.384697326004
2015-10-30,27714.139078301105,27714.139243134236,27714.139222155536,27714.139299141723,27714.13960755259,27541.766973740618
2015-11-02,27901.17962103699,27901.17978698256,27901.179765862278,27901.17984336804,27901.18015386035,27727.644190713487
2015-11-03,27985.543331483717,27985.543497931052,27985.54347674691,27985.543554487023,27985.543865918156,27811.483188836402
2015-11-04,27927.81320764416,27927.81337374814,27927.8133526077,27927.81343018744,27927.81374097614,27754.112125868796
2015-11-05,27844.53030737515,27844.530472983795,27844.530451906398,27844.53052925479,27844.53083911669,27671.34721566806
2015-11-06,27859.981577550523,27859.981743251068,27859.981722161974,27859.981799553287,27859.982109587138,27686.702384429253
2015-11-09,27725.100975340298,27725.101140238625,27725.10111925163,27725.101196268257,27725.101504801125,27552.660691672485
2015-11-10,27765.783766915618,27765.78393205591,27765.783911038117,27765.783988167757,27765.784297153354,27593.090450729516
2015-11-11,27724.34739856383,27724.347563457675,27724.34754247125,27724.347619485787,27724.347928010266,27551.911801875995
2015-11-12,27473.659567874503,27473.659731277356,27473.659710480693,27473.65978679885,27473.660092533606,27302.783160481402
2015-11-13,27149.961880116894,27149.962041594514,27149.96202104288,27149.96209646185,27149.962398594405,26981.098757405758
2015-11-16,27357.983688996344,27357.983851711193,27357.983831002097,27357.983906998925,27357.984211446405,27187.826744496633
2015-11-17,27197.48645286935,27197.486614629623,27197.48659404202,27197.486669593003,27197.486972254428,27028.32774419032
2015-11-18,27442.12764031601,27442.127803531315,27442.12778275853,27442.127858989086,27442.128164372953,27271.447350316223
2015-11-19,27544.2399512746,27544.240115097233,27544.24009424715,27544.240170761364,27544.240477281564,27372.924558957842
2015-11-20,27526.731822381727,27526.73198610023,27526.7319652634,27526.732041728974,27526.73234805434,27355.525324410042
2015-11-23,27115.15949814814,27115.15965941876,27115.159638893478,27115.159714215763,27115.16001596103,26946.5128338955
2015-11-24,27530.2399020244,27530.240065763766,27530.24004492428,27530.240121399605,27530.240427764005,27359.01158504296
2015-11-25,27427.146846563737,27427.147009689943,27427.146988928496,27427.147065117442,27427.14737033459,27256.559731781832
2015-11-26,27361.890807134725,27361.89096987281,27361.890949160763,27361.891025168436,27361.891329659396,27191.70956174749
2015-11-27,27399.01774685781,27399.01790981671,27399.017889076564,27399.017965187366,27399.01827009149,27228.605585088226
2015-11-30,27498.455947285416,27498.456110835737,27498.45609002032,27498.456166407344,27498.456472418045,27327.425315216868
2015-12-01,27654.494479384084,27654.49464386246,27654.494622928927,27654.494699749404,27654.49500749655,27482.493343050748
2015-12-02,27453.20418464893,27453.20434793011,27453.204327148942,27453.204403410262,27453.204708917394,27282.455002476356
2015-12-03,27293.12562837978,27293.125790708873,27293.125770048882,27293.12584586553,27293.126149591255,27123.37207798784
2015-12-04,27764.230374657473,27764.230539788514,27764.230518771914,27764.230595897225,27764.23090486554,27591.546720019644
2015-12-07,27507.07819268704,27507.078356288643,27507.078335466693,27507.07841187767,27507.078717984325,27335.993933313606
2015-12-08,27456.08044935096,27456.080612649246,27456.080591865895,27456.080668135208,27456.080973674347,27285.31337783322
2015-12-09,27428.28305133796,27428.283214470914,27428.28319370861,27428.283269900705,27428.283575130507,27257.68886976579
2015-12-10,27490.998563678382,27490.998727184346,27490.998706374565,27490.99878274088,27490.999088668596,27320.014313887958
2015-12-11,27120.84387744885,27120.84403875328,27120.844018223692,27120.844093561765,27120.844395370295,26952.16185837532
2015-12-14,26918.846739209333,26918.846899312357,26918.846878935674,26918.846953712626,26918.847253273274,26751.42107061218
2015-12-15,27333.54202700626,27333.54218957573,27333.542168885142,27333.542244814063,27333.542548989557,27163.537100965572
2015-12-16,27566.29357590613,27566.293739859917,27566.293718993144,27566.293795568617,27566.294102334236,27394.841017874776
2015-12-17,27222.527074015372,27222.52723592457,27222.527215318012,27222.527290938553,27222.527593878633,27053.21262156402
2015-12-18,27012.096886280866,27012.097046938507,27012.097026491236,27012.097101527233,27012.097402125586,26844.091234879423
2015-12-21,27115.609428284002,27115.609589557298,27115.609569031672,27115.609644355212,27115.609946105487,26946.959965625676
2015-12-22,27140.265229703757,27140.265391123696,27140.265370579404,27140.265445971436,27140.265747996084,26971.46241671517
2015-12-23,27326.446378057535,27326.446540584813,27326.44651989959,27326.446595808808,27326.44689990533,27156.485584433853
2015-12-24,27262.67501874108,27262.67518088907,27262.675160252118,27262.67523598419,27262.675539371045,27093.110860328943
2015-12-25,26764.23659040362,26764.236749587086,26764.23672932744,26764.23680367491,26764.237101515006,26597.772542034356
2015-12-28,26775.430929779173,26775.431089029218,26775.431068761096,26775.431143139667,26775.431441104334,26608.897256593787
2015-12-29,27541.594119157617,27541.594282964506,27541.594262116425,27541.594338623298,27541.594645114044,27370.295182977163
2015-12-30,27311.021386166296,27311.021548601828,27311.021527928282,27311.021603794656,27311.021907719525,27141.1565305152
2015-12-31,27074.216741618628,27074.21690264574,27074.216882151446,27074.216957360008,27074.217258649645,26905.82472677399
2016-01-04,26380.010804007343,26380.010960905583,26380.010940936776,26380.011014216932,26380.01130778125,26215.936503601763
2016-01-05,26647.1359068205,26647.136065307495,26647.13604513649,26647.13611915868,26647.13641569564,26481.400183123984
2016-01-06,26570.483123686518,26570.483281717614,26570.483261604633,26570.483335413894,26570.483631097835,26405.224153083862
2016-01-07,26376.21349669634,26376.21365357199,26376.21363360606,26376.21370687567,26376.214000397726,26212.162814193915
2016-01-08,26249.884618994583,26249.88477511888,26249.88475524858,26249.88482816726,26249.885120283496,26086.619657255655
2016-01-11,25950.9074416513,25950.907595997396,25950.907576353406,25950.90764844157,25950.907937230702,25789.50201179711
2016-01-12,26329.533059642104,26329.533216240125,26329.53319630953,26329.53326944947,26329.53356245205,26165.77271288326
2016-01-13,26141.833528097883,26141.833683579534,26141.83366379102,26141.833736409557,26141.834027323366,25979.24060577845
2016-01-14,26242.050362537473,26242.050518615175,26242.050498750803,26242.050571647727,26242.050863676777,26078.834127091985
2016-01-15,26071.773613558897,26071.773768623858,26071.77374888838,26071.773821312298,26071.77411144646,25909.616439031597
2016-01-18,25815.31554952944,25815.31570306909,25815.315683527737,25815.315755239255,25815.316042519476,25654.753453099405
2016-01-19,26104.73420721743,26104.73436247843,26104.734342718002,26104.734415233484,26104.73470573444,25942.37202950095
2016-01-20,26085.854039357037,26085.854194505744,26085.85417475961,26085.854247222647,26085.8545375135,25923.609289580836
2016-01-21,26133.944295999423,26133.94445143415,26133.944431651613,26133.94450424824,26133.944795074254,25971.400441902395
2016-01-22,26241.01352221064,26241.013678282176,26241.01365841859,26241.01373131264,26241.01402333015,26077.80373554383
2016-01-25,26111.98113438842,26111.98128969252,26111.981269926608,26111.981342462226,26111.981633043823,25949.573883358116
2016-01-26,26285.6075920286,26285.60774836536,26285.607728468018,26285.607801485945,26285.60809399971,26122.12044608161
2016-01-27,26066.517491172293,26066.51764620599,26066.517626474495,26066.517698883818,26066.517988959484,25904.393007859937
2016-01-28,26180.435276491422,26180.43543220266,26180.43541238493,26180.435485110702,26180.435776454076,26017.602265003363
2016-01-29,26351.403983356395,26351.404140084487,26351.40412013734,26351.40419333804,26351.404486584004,26187.507607217784
2016-02-01,26199.824051534226,26199.824207360783,26199.824187528375,26199.824260308007,26199.824551867147,26036.870448749803
2016-02-02,26218.38900140564,26218.389157342615,26218.389137496153,26218.389210327357,26218.389502093094,26055.31993122491
2016-02-03,26331.855578855197,26331.855735467027,26331.85571553468,26331.855788681074,26331.8560817095,26168.0807868515
2016-02-04,26295.167559258527,26295.16771565215,26295.167695747576,26295.167768792056,26295.1680614122,26131.620953709844
2016-02-05,26119.07266582062,26119.07282116689,26119.072801395614,26119.072873950925,26119.07316461144,25956.6213079828
2016-02-08,26194.823122435097,26194.82327823191,26194.82325840329,26194.823331169027,26194.823622672513,26031.900623653986
2016-02-09,26152.655263782657,26152.65541932867,26152.655399531974,26152.65547218057,26152.655763214803,25989.99503410975
2016-02-10,26083.280405276786,26083.28056041018,26083.280540666005,26083.280613121886,26083.280903384093,25921.051662590737
2016-02-11,26290.758053084992,26290.758209452382,26290.75818955115,26290.758262583382,26290.758555154458,26127.238873099013
2016-02-12,26354.814972788972,26354.815129537346,26354.815109587624,26354.815182797796,26354.815476081716,26190.897381507235
2016-02-15,26250.727333387567,26250.727489516867,26250.727469645935,26250.72754256697,26250.727834692574,26087.457130264334
2016-02-16,26424.50475681385,26424.504913976718,26424.50489397424,26424.504967378005,26424.50526143745,26260.15371982035
2016-02-17,26566.985953938372,26566.986111948663,26566.986091838335,26566.986165637893,26566.98646128291,26401.748734489804
2016-02-18,26601.966689195728,26601.96684741407,26601.966827277265,26601.966901173993,26601.967197208287,26436.511901994523
2016-02-19,26621.75272444072,26621.75288277675,26621.752862624962,26621.752936576657,26621.753232831135,26456.17487512576
2016-02-22,26285.465212832336,26285.465369168254,26285.46534927102,26285.465422288555,26285.46571480073,26121.978952433397
2016-02-23,26679.206505061735,26679.20666373948,26679.206643544196,26679.206717655492,26679.207014549327,26513.271313631518
2016-02-24,26816.15098908414,26816.15114857638,26816.151128277434,26816.151202769146,26816.151501186938,26649.364051588414
2016-02-25,26888.592477732564,26888.592637655656,26888.592617301878,26888.592691994818,26888.59299121876,26721.354979899366
2016-02-26,26677.77579087897,26677.775949548206,26677.775929354008,26677.776003461324,26677.776300339243,26511.849497982963
2016-02-29,26517.378148020853,26517.3783057361,26517.37828566332,26517.37835932507,26517.378654418037,26352.449471510754
2016-03-01,26717.362691164697,26717.362850069378,26717.362829845213,26717.362904062495,26717.363201380947,26551.190181805094
2016-03-02,26797.457623633683,26797.45778301474,26797.457762729944,26797.457837169717,26797.458135379497,26630.78695223357
2016-03-03,26868.443143270553,26868.443303073804,26868.443282735272,26868.443357372234,26868.443656371957,26701.330967143247
2016-03-04,26909.125057946156,26909.125217991368,26909.125197622045,26909.125272372014,26909.125571824454,26741.759854754568
2016-03-07,26744.0636169673,26744.063776030787,26744.063755786414,26744.063830077863,26744.06412769345,26577.725037329954
2016-03-08,26871.08265859627,26871.08281841522,26871.082798074694,26871.082872718984,26871.08317174808,26703.95406562086
2016-03-09,26802.992347170377,26802.992506584353,26802.992486295367,26802.99256075051,26802.99285902188,26636.28725175509
2016-03-10,26860.884169825124,26860.88432958342,26860.884309250614,26860.88438386657,26860.884682782173,26693.819007828675
2016-03-11,26885.954135478234,26885.954295385636,26885.954275033855,26885.95434971945,26885.954648914038,26718.733047197056
2016-03-14,26194.723691729043,26194.72384752527,26194.72382769673,26194.723900462177,26194.724191964557,26031.801811371617
2016-03-15,26569.85668194848,26569.85683997586,26569.85681986335,26569.856893670865,26569.85718934784,26404.601607591
2016-03-16,26679.201852266335,26679.202010944056,26679.20199074878,26679.202064860045,26679.202361753836,26513.26668977486
2016-03-17,26846.192334013343,26846.19249368426,26846.19247336258,26846.19254793772,26846.19284668983,26679.21855001899
2016-03-18,26668.685481791115,26668.68564040629,26668.685620218974,26668.685694301028,26668.68599107779,26502.815727389927
2016-03-21,26700.242011619805,26700.242170422665,26700.242150211463,26700.242224381174,26700.24252150911,26534.175986807913
2016-03-22,26731.788907954422,26731.78906694491,26731.78904670983,26731.789120967172,26731.78941844617,26565.526672648735
2016-03-23,26638.619887659155,26638.620046095508,26638.620025930955,26638.620099929485,26638.620396371673,26472.93713057802
2016-03-24,26788.26968160474,26788.269840931152,26788.26982065332,26788.26989506756,26788.27019317509,26621.65615594167
2016-03-25,26764.768491760744,26764.768650947382,26764.76863068734,26764.76870503629,26764.769002882294,26598.301135153895
2016-03-28,26747.222325565985,26747.222484648264,26747.2224644015,26747.222538701717,26747.22283635246,26580.864099882718
2016-03-29,26964.584350662844,26964.584511037916,26964.584490626614,26964.584565530633,26964.58486560024,26796.87421036258
2016-03-30,27079.745724431217,27079.745885491226,27079.745864992754,27079.74594021667,27079.74624156783,26911.319321276664
2016-03-31,27072.83072825394,27072.830889272813,27072.83086877958,27072.83094398429,27072.831245258498,26904.44733392029
2016-04-01,26977.109205022774,26977.10936547233,26977.109345051555,26977.109419990364,26977.109720199354,26809.321164575613
2016-04-04,26916.801457967158,26916.801618058027,26916.801597682905,26916.80167245419,26916.801971992056,26749.38851029311
2016-04-05,26755.7509159288,26755.751075061802,26755.751054808585,26755.75112913249,26755.75142687815,26589.33964544174
2016-04-06,26799.8407491655,26799.840908560735,26799.840888274146,26799.840962720526,26799.841260956826,26633.155255570764
2016-04-07,26644.611806931625,26644.611965403616,26644.61194523453,26644.612019249707,26644.612315758575,26478.891782240178
2016-04-08,26724.283074101364,26724.283233047212,26724.28321281782,26724.28328705431,26724.283584449782,26558.06752241714
2016-04-11,26708.237151200025,26708.237310050434,26708.23728983319,26708.237364025106,26708.237661242012,26542.121399458792
2016-04-12,26951.25054055264,26951.250700848403,26951.2506804472,26951.250755314177,26951.251055235407,26783.62333181681
2016-04-13,26865.122106814335,26865.12226659784,26865.122246261835,26865.122320889557,26865.122619852325,26698.03058635459
2016-04-14,26756.658847321025,26756.65900645943,26756.65898620553,26756.659060531954,26756.659358287714,26590.241929823093
2016-04-15,26796.891192041516,26796.89135141921,26796.891331134855,26796.89140557304,26796.891703776513,26630.22404364479
2016-04-18,26873.17588760897,26873.17604744037,26873.17602709827,26873.176101748366,26873.17640080076,26706.03427549235
2016-04-19,27068.93400444269,27068.934165438386,27068.9341449481,27068.934220141986,27068.934521372827,26900.57484634753
2016-04-20,26947.546027497676,26947.546187771404,26947.546167373006,26947.54624222969,26947.54654210969,26779.941859517676
2016-04-21,26858.901717918634,26858.90187766514,26858.90185733384,26858.901931944285,26858.902230837826,26691.84888606913
2016-04-22,26789.606825591236,26789.6069849256,26789.60696464675,26789.607039064704,26789.60733718711,26622.984983367347
2016-04-25,26850.488934714253,26850.489094410717,26850.48907408579,26850.489148672863,26850.489447472784,26683.488427389137
2016-04-26,26995.33609314273,26995.336253700694,26995.33623326612,26995.33630825556,26995.336608667374,26827.434687923316
2016-04-27,27093.620033059153,27093.620194201674,27093.6201736927,27093.620248955158,27093.62055046071,26925.107336631303
2016-04-28,26979.721289764082,26979.721450229175,26979.72142980642,26979.721504752484,26979.721804990535,26811.917003077306
2016-04-29,27081.228978680694,27081.22913974952,27081.22911924992,27081.22919447796,27081.22949584562,26912.793350211363
2016-05-02,27171.80380125729,27171.803962864822,27171.80394229666,27171.804017776303,27171.804320151907,27002.80482955209
2016-05-03,26838.042554610143,26838.042714232593,26838.042693917076,26838.04276846957,26838.043067130988,26671.119459349913
2016-05-04,26590.24304556972,26590.243203718353,26590.243183590414,26590.243257454556,26590.243553358385,26424.86117526913
2016-05-05,26659.29744708896,26659.297605648306,26659.29758546809,26659.297659524058,26659.297956196344,26493.486082930183
2016-05-06,26899.168708674508,26899.168868660516,26899.168848298727,26899.16892302102,26899.169222362667,26731.865430440168
2016-05-09,26597.707854840763,26597.708013033796,26597.707992900203,26597.70806678508,26597.70836277198,26432.27955607705
2016-05-10,26972.368310078553,26972.36847049992,26972.368450082726,26972.368525008354,26972.368825164587,26804.609756314585
2016-05-11,26947.43755646162,26947.43771673471,26947.437696336387,26947.43777119276,26947.438071071556,26779.834063132945
2016-05-12,26987.72027504322,26987.720435555893,26987.720415127078,26987.72049009535,26987.720790422423,26819.86623750822
2016-05-13,26799.707094178455,26799.707253572895,26799.7072332864,26799.707307732395,26799.707605967207,26633.022431870268
2016-05-16,27090.03319050274,27090.03335162393,27090.033331117673,27090.033406370156,27090.0337078358,26921.542802962005
2016-05-17,27066.690705587105,27066.690866569465,27066.69084608087,27066.690921268513,27066.691222474394,26898.345500014286
2016-05-18,27145.37828749472,27145.378448945085,27145.378428396925,27145.378503803156,27145.37880588469,26976.543673102173
2016-05-19,27119.06577013622,27119.06593143009,27119.06591090185,27119.065986234982,27119.06628802371,26950.394810258815
2016-05-20,27222.68130618866,27222.681468098795,27222.68144749212,27222.681523113086,27222.68182605488,27053.365894467952
2016-05-23,27183.366524603967,27183.366686280275,27183.366665703357,27183.366741215115,27183.367043719398,27014.29563686515
2016-05-24,27227.852026886507,27227.8521888274,27227.852168216807,27227.85224385214,27227.85254685147,27058.504455119037
2016-05-25,27498.81782007884,27498.817983631332,27498.81796281563,27498.818039203667,27498.818345218384,27327.784937289995
2016-05-26,27380.422237656738,27380.422400505056,27380.422379778975,27380.422455838125,27380.422760535304,27210.125733351637
2016-05-27,27347.363720331123,27347.363882982827,27347.363862281767,27347.363938249084,27347.36424257838,27177.272828265643
2016-05-30,27468.122459226626,27468.122622596555,27468.122601804087,27468.122678106854,27468.12298377999,27297.280490683224
2016-05-31,27398.108971069716,27398.109134023234,27398.10911328376,27398.109189392042,27398.10949428605,27227.702461562843
2016-06-01,27339.795113939883,27339.79527654657,27339.79525585124,27339.79533179753,27339.795636042603,27169.751295918755
2016-06-02,27431.02280276945,27431.022965918724,27431.02294515434,27431.023021354045,27431.02332661433,27260.411580916174
2016-06-03,27621.49165298956,27621.491817271664,27621.4917963631,27621.49187309191,27621.492180471785,27449.695782518014
2016-06-06,27649.48247953072,27649.48264397931,27649.482623049556,27649.482699856115,27649.483007547486,27477.512516056842
2016-06-07,27455.389658691198,27455.389821985398,27455.389801202564,27455.38987746996,27455.390183001407,27284.62688364607
2016-06-08,27618.900517294616,27618.900681561317,27618.900660654712,27618.900737376323,27618.901044727365,27447.120762767056
2016-06-09,27288.56206515753,27288.5622274595,27288.562206802948,27288.562282606927,27288.562586281867,27118.836898508423
2016-06-10,27053.236068782942,27053.236229685288,27053.23620920687,27053.23628435714,27053.236585413306,26884.974546273686
2016-06-13,27701.98179940691,27701.981964167746,27701.981943198247,27701.982020150648,27701.982328426246,27529.685308804423
2016-06-14,27651.743640188593,27651.743804650636,27651.743783719165,27651.74386053201,27651.74416824854,27479.759613098297
2016-06-15,27804.585918604564,27804.58608397565,27804.586062928483,27804.586140165902,27804.586449583312,27631.651266812485
2016-06-16,27902.104123822086,27902.10428977317,27902.104268652183,27902.1043461605,27902.10465666312,27728.562943419507
2016-06-17,28021.82553415555,28021.825700818696,28021.82567960708,28021.825757447965,28021.826069282877,27847.539729090382
2016-06-20,28091.17966008276,28091.179827158394,28091.17980589428,28091.17988392782,28091.180196534526,27916.462496980006
2016-06-21,28041.146788834067,28041.14695561213,28041.146934385884,28041.147012280442,28041.147324330366,27866.740812425225
2016-06-22,27644.459929002325,27644.460093421043,27644.46007249508,27644.460149287697,27644.460456923174,27472.521204009357
2016-06-23,28063.470723796192,28063.47089070703,28063.47086946389,28063.470947420457,28063.47125971881,27888.925900438488
2016-06-24,27353.867869818674,27353.868032509065,27353.868011803068,27353.868087788458,27353.868392190143,27183.736524252814
2016-06-27,27139.911714881793,27139.911876299648,27139.91185575561,27139.91193114666,27139.91223316738,26971.111100629863
2016-06-28,27320.181755602225,27320.181918092258,27320.181897411763,27320.181973303577,27320.182277330397,27150.259925705806
2016-06-29,27550.384730786605,27550.3848946458,27550.384873791045,27550.38495032234,27550.38525691092,27379.0311201231
2016-06-30,27914.99763179411,27914.997797821885,27914.99777669113,27914.99785423527,27914.998164881366,27741.376258350065
2016-07-01,27944.504214105073,27944.504380308343,27944.50435915525,27944.504436781353,27944.50474775581,27770.699320196007
2016-07-04,27340.904092828496,27340.90425544178,27340.90423474559,27340.904310694976,27340.9046149524,27170.853377352447
2016-07-05,27783.86125412091,27783.861419368735,27783.861398337245,27783.861475517104,27783.86178470388,27611.055502383177
2016-07-06,28059.500528515968,28059.500695403185,28059.500674163042,28059.50075210859,28059.501064362765,27884.980398363197
2016-07-07,27811.826110914204,27811.82627632835,27811.82625527569,27811.82633253323,27811.826642031214,27638.84642769674
2016-07-08,28146.867323396767,28146.86749080361,28146.867469497338,28146.867547685575,28146.867860911992,27971.803802801318
2016-07-11,27973.791459682707,27973.791626060156,27973.7916048849,27973.791682592353,27973.791993892733,27799.804409505214
2016-07-12,28036.516655635467,28036.516822385984,28036.516801163245,28036.516879044942,28036.517191043346,27862.139477011093
2016-07-13,28135.375172777003,28135.375340115494,28135.37531881792,28135.375396974232,28135.375710072767,27960.38312927787
2016-07-14,28099.028589227542,28099.028756349857,28099.0287350798,28099.028813135144,28099.0291258292,27924.26260857244
2016-07-15,27938.953479026848,27938.953645197096,27938.953624048212,27938.95370165889,27938.954012571587,27765.183108719055
2016-07-18,27963.38836129538,27963.388527610958,27963.38850644358,27963.388584122134,27963.388895306747,27789.466014696012
2016-07-19,28136.065013955864,28136.065181298458,28136.065160000366,28136.065238158593,28136.065551264805,27961.068679889537
2016-07-20,28145.552714791495,28145.552882190514,28145.55286088524,28145.55293906982,28145.553252281617,27970.497370594778
2016-07-21,28123.16927109576,28123.169438361656,28123.169417073324,28123.169495195732,28123.169808158436,27948.25314397111
2016-07-22,28005.478047513752,28005.478214079663,28005.478192880422,28005.4782706759,28005.4785823289,27831.293918010953
2016-07-25,27968.634993060918,27968.6351594077,27968.635138236343,27968.635215929477,27968.635527172475,27794.680014274887
2016-07-26,28097.532990249638,28097.533157363054,28097.533136094127,28097.533214145322,28097.53352682274,27922.776311689126
2016-07-27,28014.525809726118,28014.525976345838,28014.52595513975,28014.526032960355,28014.526344714046,27840.28540635496
2016-07-28,27941.85382947034,27941.85399565783,27941.85397450675,27941.85405212549,27941.854363070463,27768.06542001261
2016-07-29,28121.12121417912,28121.121381432826,28121.121360146044,28121.121438262766,28121.121751202674,27946.217825241274
2016-08-01,27814.39142693895,27814.39155720841,27814.39155180859,27814.391624205655,27814.391956185013,27641.39582154585
2016-08-02,27526.14288079899,27526.14301362496,27526.14304517933,27526.143091285012,27526.143400404217,27354.94004677579
2016-08-03,27627.01537821405,27627.015529856584,27627.015539117656,27627.015603998785,27627.01590476775,27455.185177932653
2016-08-04,27665.728197686796,27665.72836581834,27665.728349914894,27665.72846769791,27665.728711795935,27493.65725975544
2016-08-05,27769.331766897853,27769.3319483144,27769.33188675217,27769.33202477995,27769.332291708077,27596.616497394923
2016-08-08,27854.651512499568,27854.65169103657,27854.65161424888,27854.6517437366,27854.652060386878,27681.405619494784
2016-08-09,27875.300535880084,27875.300698093633,27875.300678201424,27875.300750951734,27875.301084790917,27701.926143787987
2016-08-10,27574.012873214568,27574.01303356974,27574.013012267307,27574.013086215924,27574.013416587568,27402.512376205716
2016-08-11,27580.097475548988,27580.097622124402,27580.09762086917,27580.097707846937,27580.098007975797,27408.559153410548
2016-08-12,27600.413430206096,27600.41357637597,27600.41357533836,27600.413661830855,27600.41396302134,27428.748750193707
2016-08-15,27636.59398018876,27636.59413169559,27636.594123734238,27636.59420670798,27636.594523044037,27464.704246245907
2016-08-16,27364.934973010328,27364.935124749678,27364.935129594294,27364.9352132332,27364.935506390073,27194.734861541972
2016-08-17,27360.916944605713,27360.917118124198,27360.917111020088,27360.91720569077,27360.917455642797,27190.741783101534
2016-08-18,27568.147064695862,27568.14724505081,27568.14724183231,27568.147337994116,27568.147569014654,27396.682998704888
2016-08-19,27447.505711437076,27447.505863569815,27447.505868406282,27447.505956419453,27447.50620223573,27276.792010821933
2016-08-22,27476.480011389038,27476.480153607037,27476.48016837178,27476.48025077993,27476.480511313082,27305.586105395396
2016-08-23,27603.655617394244,27603.655756993878,27603.65578978616,27603.655854897257,27603.65611084938,27431.970684287156
2016-08-24,27570.829929228617,27570.830069121886,27570.830081222524,27570.830165668773,27570.83042545078,27399.34919372388
2016-08-25,27725.041222477208,27725.041352511464,27725.041381360898,27725.041469607233,27725.041701112576,27552.601348211385
2016-08-26,27712.48188379349,27712.482059588703,27712.482033648565,27712.482140770775,27712.482368665384,27540.12011533362
2016-08-29,27792.33793043161,27792.338098380802,27792.338074862186,27792.338208737085,27792.33838070561,27619.479463498414
2016-08-30,27647.471301565118,27647.47146925876,27647.47146212257,27647.47157582555,27647.471754553204,27475.51383593128
2016-08-31,27664.641622449464,27664.641784304757,27664.641766385113,27664.641894926084,27664.64207461973,27492.577383104777
2016-09-01,27684.632449337103,27684.632607743508,27684.632591742517,27684.63272467604,27684.632901345176,27512.44387472165
2016-09-02,27585.974162748513,27585.974326062307,27585.974298058674,27585.97443907282,27585.974619462697,27414.399213150307
2016-09-05,27343.97064955937,27343.970823969445,27343.970780884807,27343.970928773153,27343.971106399273,27173.900878301036
2016-09-06,27583.216972239676,27583.217157998035,27583.21710986249,27583.217257480464,27583.21744664616,27411.659184208216
2016-09-07,27536.701416864056,27536.701601691904,27536.701551546572,27536.701704176467,27536.701881569872,27365.432937451547
2016-09-08,27276.97598796127,27276.976175108495,27276.97611584075,27276.976275436504,27276.976443797692,27107.322904631284
2016-09-09,26803.711645364616,26803.711826993465,26803.711781332426,26803.711930708483,26803.712096719497,26637.002103547497
2016-09-12,26855.970193830337,26855.970376421472,26855.970327076637,26855.97047490425,26855.970643110948,26688.93562090998
2016-09-13,26924.38115840037,26924.381341638527,26924.381292306753,26924.381442025784,26924.38161138626,26756.92109426161
2016-09-14,27036.479527334075,27036.479700578257,27036.47966396375,27036.47980644777,27036.479978113737,26868.32224766602
2016-09-15,27339.10562572497,27339.105792018887,27339.105760766015,27339.105906850487,27339.10607894594,27169.06611741142
2016-09-16,27343.1629178199,27343.16308691799,27343.163054753044,27343.163197591766,27343.163377704204,27173.09817574466
2016-09-19,27483.714977683387,27483.71514933065,27483.715121908306,27483.715262615868,27483.71544303848,27312.77605544257
2016-09-20,27272.473514517213,27272.47368408538,27272.473652514862,27272.47379163475,27272.47396912418,27102.848432484196
2016-09-21,27509.476552455373,27509.476722568827,27509.476687940005,27509.4768326618,27509.477003065604,27338.377392477607
2016-09-22,27693.993211698755,27693.993384686917,27693.993347653442,27693.993494341892,27693.993669050746,27521.74642825517
2016-09-23,27519.644140830158,27519.644312217748,27519.644272176345,27519.644427553,27519.6445910949,27348.481750130177
2016-09-26,26955.5314515362,26955.531618621542,26955.531581687064,26955.531735987825,26955.53189644542,26787.877647524427
2016-09-27,27530.663954144802,27530.66413789225,27530.664085328863,27530.66425207635,27530.66442285259,27359.433039009426
2016-09-28,27490.210915579788,27490.211097067517,27490.21104599498,27490.211216816828,27490.211371131998,27319.2316006908
2016-09-29,27515.873612479463,27515.873795618463,27515.873744289343,27515.873916781577,27515.874070953676,27344.734685343243
2016-09-30,27731.907345861982,27731.907540927667,27731.90747448122,27731.907663222017,27731.90781380072,27559.424773070696
2016-10-03,27720.46887866887,27720.469073654098,27720.46900723506,27720.469195898007,27720.469346414608,27548.05744906387
2016-10-04,27842.933752443336,27842.933948289978,27842.93388157751,27842.934071073945,27842.93422225551,27669.760635001945
2016-10-05,28062.512310290334,28062.512507681484,28062.512440442893,28062.512631433765,28062.512783807593,27887.97349253432
2016-10-06,28131.035907526766,28131.036105399915,28131.03603799713,28131.036229454374,28131.03638220027,27956.07089743566
2016-10-07,28103.47909132141,28103.479289000727,28103.47922166397,28103.479412933662,28103.479565529924,27928.685474798644
2016-10-10,27842.509561187264,27842.509757030937,27842.50969031946,27842.509879813028,27842.510030992275,27669.339082064187
2016-10-11,27556.666289360666,27556.66648319372,27556.666417167133,27556.666604715276,27556.666754342452,27385.273653439097
2016-10-12,27427.709200278834,27427.709393204812,27427.709327487202,27427.70951415768,27427.70966308465,27257.11863145735
2016-10-13,27573.321726984545,27573.321920934763,27573.321854868256,27573.322042529762,27573.32219224738,27401.825500181312
2016-10-14,27447.121134188128,27447.121327250654,27447.121261486533,27447.121448289126,27447.121597321497,27276.409830061213
2016-10-17,27059.438991211155,27059.43918154673,27059.43911671151,27059.43930087557,27059.439447802903,26891.13893174231
2016-10-18,27523.08788446782,27523.088078064695,27523.088012118555,27523.088199438167,27523.088348883022,27351.904094248566
2016-10-19,27535.77356608891,27535.773759775017,27535.77369379848,27535.77388120443,27535.774030718167,27364.510875454464
2016-10-20,27396.550359252047,27396.55055195886,27396.550486315908,27396.550672774316,27396.5508215321,27226.153587308585
2016-10-21,27607.321539290482,27607.321733479857,27607.32166733189,27607.32185522478,27607.32200512701,27435.61384578112
2016-10-24,27804.341332693548,27804.341528268757,27804.341461648724,27804.341650882518,27804.341801854524,27631.40824633857
2016-10-25,27770.053536796848,27770.053732130877,27770.053665592997,27770.053854593432,27770.054005379265,27597.333708303213
2016-10-26,27534.141155560086,27534.14134923471,27534.141283262084,27534.141470656923,27534.141620161798,27362.88861793691
2016-10-27,27578.91968025052,27578.919874240113,27578.919808160197,27578.919995859796,27578.92014560781,27407.38863617454
2016-10-28,27434.30007541107,27434.300268383413,27434.300202650014,27434.30038936534,27434.300538328098,27263.668513696965
2016-10-31,27476.48621778862,27476.486411057707,27476.486345223224,27476.486532225666,27476.486681417486,27305.592273315102
2016-11-01,27496.692615877284,27496.692809288503,27496.692743405605,27496.692930545574,27496.693079847104,27325.672994814493
2016-11-02,27424.46486111488,27424.465054018052,27424.464988308213,27424.465174956607,27424.46532386596,27253.894470925865
2016-11-03,27112.70809117925,27112.70828188953,27112.708216926672,27112.708401453277,27112.70854866985,26944.07671690764
2016-11-04,27186.06718827465,27186.06737950093,27186.067314362306,27186.067499388188,27186.06764700308,27016.979546583458
2016-11-07,27774.07868710295,27774.078882465295,27774.078815917772,27774.079004945608,27774.079155753287,27601.33382361003
2016-11-08,27780.49912962382,27780.499325031324,27780.499258468415,27780.49944753995,27780.499598382492,27607.71433326834
2016-11-09,28088.408536766383,28088.408734339715,28088.408667039046,28088.408858206185,28088.40901072061,27913.708653717862
2016-11-10,28250.987643137338,28250.987841854247,28250.987774164038,28250.987966437675,28250.988119834874,28075.276576032877
2016-11-11,28531.241863360858,28531.24206404907,28531.241995687364,28531.242189868386,28531.242344787308,28353.78771496246
2016-11-14,27998.157938035114,27998.158134973626,27998.158067889202,27998.158258442105,27998.15841046649,27824.0193815218
2016-11-15,28735.747103792306,28735.747305919005,28735.7472370673,28735.74743264016,28735.747588669507,28557.02100573754
2016-11-16,28771.422978044026,28771.423180421665,28771.42311148448,28771.42330730015,28771.423463523206,28592.47498877562
2016-11-17,28980.397808664737,28980.398012512298,28980.397943074404,28980.398140312336,28980.398297670086,28800.150070483116
2016-11-18,29126.19460746146,29126.19481233455,29126.194742547326,29126.194940777543,29126.195098926935,28945.040065191406
2016-11-21,29291.368266272733,29291.368472307648,29291.36840212467,29291.368601479033,29291.36876052529,29109.18640275594
2016-11-22,29411.060361391737,29411.060568268567,29411.060497798797,29411.060697967776,29411.06085766393,29228.134055732848
2016-11-23,29303.43307212157,29303.43327824135,29303.433208029463,29303.433407465942,29303.4335665777,29121.176169815448
2016-11-24,29455.195547532432,29455.195754719705,29455.195684144186,29455.195884613553,29455.19604454935,29271.994736757064
2016-11-25,29457.17028067466,29457.170487875825,29457.170417295576,29457.17061777838,29457.170777724907,29273.957187763463
2016-11-28,28656.918046951396,28656.918248523598,28656.918179860775,28656.918374897137,28656.91853049845,28478.682237514895
2016-11-29,29165.97363533748,29165.97384049037,29165.973770607834,29165.97396910878,29165.974127474165,28984.571681701676
2016-11-30,29529.90170802836,29529.901915741113,29529.901844986598,29529.90204596441,29529.902206305847,29346.236251579507
2016-12-01,29653.64672468954,29653.646933272717,29653.6468622217,29653.647064041706,29653.647225055058,29469.21161837212
2016-12-02,29704.871181610484,29704.871390553973,29704.871319380218,29704.87152154886,29704.871682840345,29520.117477440795
2016-12-05,29820.86616289089,29820.866372650285,29820.8663011986,29820.866504156696,29820.86666607801,29635.39101130857
2016-12-06,30026.72498804804,30026.725199255445,30026.725127310514,30026.725331669666,30026.725494708753,29839.96946799513
2016-12-07,30430.23285678271,30430.23307082838,30430.23299791663,30430.233205022025,30430.23337025208,30240.96766170194
2016-12-08,30593.24740825327,30593.247623445583,30593.247550143245,30593.2477583581,30593.247924473293,30402.968320803346
2016-12-09,30663.75653377701,30663.756749465283,30663.756675994005,30663.756884688737,30663.757051186778,30473.03890471421
2016-12-12,30537.808053906447,30537.8082687088,30537.8081955393,30537.808403376835,30537.808569191002,30347.87377946748
2016-12-13,30510.930883068766,30510.931097682067,30510.931024576963,30510.93123223158,30510.931397899807,30321.163775046367
2016-12-14,30548.899300571356,30548.899515451725,30548.89944225565,30548.899650168674,30548.899816043064,30358.896042533957
2016-12-15,30775.805738124443,30775.805954600874,30775.805880861124,30775.806090318452,30775.806257424894,30584.39120297423
2016-12-16,30816.70783385383,30816.708050617963,30816.707976780213,30816.708186515916,30816.70835384445,30625.038902256376
2016-12-19,30436.946248263088,30436.946462355983,30436.946389428154,30436.946596579237,30436.94676184574,30247.639298281723
2016-12-20,31014.983393100305,31014.983611259104,31014.98353694628,31014.98374803143,31014.983916436562,30822.08125824157
2016-12-21,31237.318676263087,31237.31889598579,31237.318821140245,31237.319033738586,31237.31920335095,31043.033695241484
2016-12-22,31384.137713421856,31384.137934177284,31384.13785897995,31384.13807257753,31384.138242987094,31188.939570353803
2016-12-23,31690.25729935572,31690.257522264383,31690.25744633358,31690.25766201458,31690.25783408631,31493.155201644186
2016-12-26,31634.752294783346,31634.752517301586,31634.752441503777,31634.752656807013,31634.752828577362,31437.99541840376
2016-12-27,31827.569339963728,31827.569563838235,31827.569487578432,31827.569704193964,31827.56987701127,31629.613210333508
2016-12-28,31804.3581782584,31804.358401969646,31804.358325765457,31804.358542223014,31804.358714914288,31606.546413775468
2016-12-29,31720.500397151485,31720.500620272876,31720.500544269613,31720.500760156447,31720.500932392384,31523.210198158205
2016-12-30,31543.765030914663,31543.765252792902,31543.7651772131,31543.76539189709,31543.765563173394,31347.574062864704
2017-01-03,32069.662155701746,32069.662381279137,32069.662304439265,32069.662522702463,32069.662696834286,31870.200295102793
2017-01-04,32654.281931734582,32654.282161424177,32654.28208318354,32654.282305425604,32654.282482731793,32451.183944639994
2017-01-05,32066.734777560025,32066.735003116828,32066.73492628397,32066.735144527243,32066.73531864317,31867.291124209034
2017-01-06,31623.999970300913,31624.000192743522,31624.00011697147,31624.000332201533,31624.000503913496,31427.30996954467
2017-01-09,31636.13266434102,31636.132886868974,31636.13281106785,31636.133026380485,31636.13319815833,31439.367202555113
2017-01-10,31649.975546125297,31649.97576875062,31649.97569291633,31649.975908323177,31649.97608017619,31453.123986551913
2017-01-11,31307.778162586674,31307.77838280499,31307.778307790613,31307.778520868498,31307.778690863444,31113.054948690315
2017-01-12,31065.10783920655,31065.108057717924,31065.107983284994,31065.108194711287,31065.108363388583,30871.893948170484
2017-01-13,31102.20292657892,31102.20314535122,31102.203070829408,31102.203282508166,31102.203451386882,30908.758317329783
2017-01-16,31178.24533386962,31178.245553176803,31178.245478472792,31178.24569066909,31178.2458599607,30984.327767968523
2017-01-17,31126.941445010798,31126.94166395711,31126.941589376023,31126.94180122315,31126.941970236192,30933.342971000286
2017-01-18,31019.604461471135,31019.60467966244,31019.604605338543,31019.604816455143,31019.60498488536,30826.67358521529
2017-01-19,31099.934821902723,31099.93504065907,31099.9349661427,31099.93517780602,31099.935346672417,30906.50431945573
2017-01-20,31218.950006265386,31218.950225858887,31218.950151057354,31218.950363530676,31218.950533043306,31024.779271819774
2017-01-23,31056.109359190792,31056.10957763887,31056.109503227508,31056.109714592552,31056.109883220994,30862.951435491013
2017-01-24,31242.8809068432,31242.881126605025,31242.881051746157,31242.88126438235,31242.88143402492,31048.56133073122
2017-01-25,31609.578286050586,31609.578508391754,31609.578432654267,31609.578647786166,31609.578819419832,31412.97798302672
2017-01-26,31759.88844141273,31759.888664811177,31759.888588713544,31759.88880486844,31759.88897731826,31562.353262832337
2017-01-27,31708.47478619455,31708.47500923135,31708.474933256908,31708.47514906188,31708.47532123254,31511.25938221235
2017-01-30,31348.48799582662,31348.488216331287,31348.48814121938,31348.488354574314,31348.48852479032,31153.511581287126
2017-01-31,31351.201076425015,31351.201296948762,31351.201221830353,31351.20143520376,31351.201605434493,31156.20778749185
2017-02-01,31435.73935514425,31435.73957626264,31435.739500941672,31435.739714890435,31435.7398855802,31240.22026826899
2017-02-02,31435.392418897267,31435.392640013215,31435.392564693077,31435.392778639478,31435.392949327357,31239.87548984172
2017-02-03,31754.93653422167,31754.93675758528,31754.93668149951,31754.9368976207,31754.937070043638,31557.432154737842
2017-02-06,31636.778821569824,31636.779044102313,31636.77896829965,31636.779183616676,31636.77935539804,31440.0093409164
2017-02-07,31705.05966830405,31705.059891316825,31705.059815350563,31705.060031132296,31705.060203284418,31507.86550513708
2017-02-08,31615.212287619623,31615.212510000416,31615.212434249428,31615.21264941967,31615.212821083936,31418.57694311542
2017-02-09,31627.266526740084,31627.266749205668,31627.266673425795,31627.266888678078,31627.267060407794,31430.556209167833
2017-02-10,31657.20539484446,31657.205617520634,31657.205541669024,31657.20575712507,31657.205929017346,31460.308868190637
2017-02-13,31781.403228553263,31781.403452103048,31781.403375953854,31781.403592255178,31781.403764821825,31583.734235670345
2017-02-14,31966.973192186266,31966.973417041343,31966.97334044752,31966.973558011814,31966.97373158607,31768.150020315185
2017-02-15,32075.950408098444,32075.950633720062,32075.950556865126,32075.950775171113,32075.950949337093,31876.449436812352
2017-02-16,32086.014530738805,32086.014756431217,32086.014679552165,32086.014897926645,32086.015072147275,31886.45096419937
2017-02-17,32078.15548534956,32078.15571098669,32078.155634126473,32078.155852447464,32078.15602662542,31878.64079926943
2017-02-20,32184.184941781037,32184.18516816398,32184.18509104971,32184.185310092325,32184.185484846003,31984.01079029851
2017-02-21,32466.124682870464,32466.124911236562,32466.124833446756,32466.12505440823,32466.125230692785,32264.196966755375
2017-02-22,32430.31602259676,32430.316250710977,32430.31617300697,32430.316393724734,32430.316569814855,32228.61102357701
2017-02-23,32586.789904343666,32586.790133558523,32586.790055479596,32586.79027726231,32586.79045420205,32384.11169358764
2017-02-24,32506.439941307563,32506.440169957237,32506.440092070836,32506.44031330669,32506.44048981015,32304.261478663895
2017-02-27,32533.1728702123,32533.17309905002,32533.173021099556,32533.173242517358,32533.173419165974,32330.82813828545
2017-02-28,32510.745779714427,32510.74600839439,32510.745930497666,32510.746151762833,32510.74632828967,32308.540536291595
2017-03-01,33142.88232406687,33142.88255719327,33142.88247778193,33142.88270334936,33142.88288330857,32936.74541674649
2017-03-02,33162.68864615454,33162.68887942025,33162.688799961456,33162.68902566368,33162.68920573044,32956.42855053625
2017-03-03,33309.40526582123,33309.40550011894,33309.40542030861,33309.40564700938,33309.405827872775,33102.232645139615
2017-03-06,33180.27876146385,33180.27899485329,33180.278915352355,33180.279141174295,33180.279321336566,32973.90926156246
2017-03-07,33054.36121958103,33054.36145208477,33054.361372885534,33054.3615978505,33054.36177732905,32848.77488185084
2017-03-08,32913.41857915017,32913.41881066252,32913.418731800986,32913.41895580671,32913.41913451998,32708.70885441059
2017-03-09,33057.02956663403,33057.02979915654,33057.029719950915,33057.02994493404,33057.03012442708,32851.426632746516
2017-03-10,32949.252912665215,32949.253144429626,32949.25306548223,32949.25328973184,32949.253468639676,32744.320311126103
2017-03-13,33351.58416795483,33351.58440254923,33351.58432263784,33351.58454962568,33351.584730718096,33144.14920953769
2017-03-14,33431.43266641394,33431.432901569984,33431.43282146728,33431.43304899856,33431.43323052453,33223.5010788321
2017-03-15,33527.830588780766,33527.83082461487,33527.83074428119,33527.830972468546,33527.831154517946,33319.29944049484
2017-03-16,33190.92196368189,33190.922197146196,33190.92211761976,33190.92234351414,33190.922523734196,32984.48626686189
2017-03-17,32641.003284625283,32641.003514221473,32641.003436012656,32641.003658164344,32641.00383539845,32437.987885828486
2017-03-20,32464.067519768763,32464.067748120393,32464.067670335517,32464.067891283,32464.068067556374,32262.152598366923
2017-03-21,32171.925257958348,32171.925484255058,32171.92540717016,32171.925626129352,32171.92580081645,31971.827357273396
2017-03-22,31917.88268597345,31917.88291048323,31917.882834007032,31917.88305123723,31917.883224544927,31719.364839525457
2017-03-23,31806.990637008385,31806.990860738155,31806.990784527658,31806.991001003134,31806.99117370871,31609.162499511698
2017-03-24,32104.384100923344,32104.38432674497,32104.384249821913,32104.38446832142,32104.38464264178,31904.7062821994
2017-03-27,32016.370952883633,32016.371178086178,32016.371101374,32016.371319274498,32016.371493116967,31817.24054454419
2017-03-28,32197.45242281864,32197.452649294908,32197.452572148854,32197.452791281776,32197.45296610748,31997.195752330186
2017-03-29,32157.965745511174,32157.9659717097,32157.965894658253,32157.96611352243,32157.96628813373,31957.954668080827
2017-03-30,32361.475673967045,32361.475901597056,32361.475824057994,32361.476044307245,32361.47622002356,32160.198837356478
2017-03-31,32231.296779270026,32231.297005984357,32231.296928757212,32231.29714812048,32231.297323129947,32030.82960888556
2017-04-03,32142.227373973474,32142.22760006129,32142.22752304756,32142.22774180463,32142.22791633047,31942.314183522543
2017-04-04,32199.74698427516,32199.747210767568,32199.74713361602,32199.74735276456,32199.74752760272,31999.47604236304
2017-04-05,32153.973447386183,32153.973673556622,32153.97359651475,32153.973815351757,32153.973989941376,31953.98720054797
2017-04-06,32284.996228701326,32284.996455793378,32284.99637843757,32284.996598166304,32284.996773467356,32084.19506689379
2017-04-07,32271.974990043265,32271.975217043724,32271.975139719114,32271.975359359232,32271.975534589576,32071.25481569604
2017-04-10,32304.662731332795,32304.662958563178,32304.66288116025,32304.663101022834,32304.663276430667,32103.73925089313
2017-04-11,32344.198159736497,32344.198387244975,32344.198309747317,32344.198529878977,32344.19870550148,32143.02878303283
2017-04-12,32207.51341573153,32207.513642278565,32207.51356510841,32207.513784309802,32207.513959190135,32007.194169385722
2017-04-13,32039.24669487095,32039.246920234404,32039.246843467416,32039.247061523605,32039.247235490286,31839.974007515055
2017-04-17,32270.259261085124,32270.259488073512,32270.25941075301,32270.259630381446,32270.25980560248,32069.549757960085
2017-04-18,32170.416384547367,32170.416610833465,32170.416533752188,32170.4167527011,32170.416927380007,31970.327868504533
2017-04-19,32176.301826966563,32176.302053294057,32176.301976198683,32176.302195187647,32176.30236989851,31976.17670557098
2017-04-20,32397.237226758563,32397.23745464011,32397.237377015368,32397.237597508003,32397.237773418496,32195.737965974877
2017-04-21,32431.779080945013,32431.779309069527,32431.77923136202,32431.779452089744,32431.779628187793,32230.064982147946
2017-04-24,32450.93097734766,32450.93120560689,32450.931127853488,32450.93134871156,32450.931524913598,32249.097760585664
2017-04-25,32709.675188603946,32709.675418683175,32709.67534030982,32709.675562928885,32709.675740535848,32506.232675131392
2017-04-26,32768.19918049029,32768.19941098118,32768.19933246759,32768.19955548497,32768.1997334097,32564.392668661312
2017-04-27,32980.06195830216,32980.062190283286,32980.06211126208,32980.06233572137,32980.062514796475,32774.93773555796
2017-04-28,33090.41674119077,33090.41697394813,33090.41689466251,33090.41711987286,33090.417299547174,32884.60615105603
2017-05-01,33428.04921207149,33428.0494494316,33428.04936809583,33428.04959731047,33428.049779434434,33220.13867145598
2017-05-02,33630.3889035127,33630.38914155884,33630.38906014898,33630.38929017605,33630.38947319471,33421.2198811673
2017-05-03,33612.70651987693,33612.7067572714,33612.70667619766,33612.706905700536,33612.70708847729,33403.64747492493
2017-05-04,33977.88997701038,33977.89021684813,33977.89013496927,33977.89036686148,33977.89055158641,33766.55962102824
2017-05-05,34141.94831418885,34141.94855438589,34141.94847255667,34141.948704956776,34141.948890352636,33929.5975727678
2017-05-08,34611.71973653454,34611.71998158562,34611.71989776748,34611.72013455174,34611.72032292712,34396.4471865491
2017-05-09,34723.874509040645,34723.874756165205,34723.874671362675,34723.87490989416,34723.875099233934,34507.904398140505
2017-05-10,34823.92902306203,34823.92927095381,34823.92918587621,34823.92942513724,34823.92961503783,34607.33660885738
2017-05-11,35027.359570023196,35027.35981951885,35027.35973385746,35027.35997463549,35027.360165688515,34809.50189060999
2017-05-12,34772.693064358544,34772.693313709795,34772.693227741074,34772.6934680473,34772.693658173186,34556.41932204978
2017-05-15,34822.2957568976,34822.29600436311,34822.2959195205,34822.29615845272,34822.296348229684,34605.713500454694
2017-05-16,34978.25299806323,34978.25324717243,34978.25316165158,34978.25340206396,34978.253592839006,34760.700743956804
2017-05-17,34610.34077676949,34610.341022581524,34610.340938337344,34610.341175702495,34610.34136428361,34395.076804483404
2017-05-18,34802.37416074285,34802.37441513783,34802.3743264044,34802.37457061585,34802.3747622406,34585.91581925984
2017-05-19,35165.76591646404,35165.7661740879,35165.766084108946,35165.76633130893,35165.76652509296,34947.04740879403
2017-05-22,35439.97468519953,35439.97494475717,35439.974854118416,35439.97510318847,35439.975298462785,35219.55069679391
2017-05-23,35632.352762458526,35632.35302304288,35632.35293212507,35632.353182254374,35632.35337848294,35410.732250576075
2017-05-24,36037.741730909045,36037.74199597077,36037.74190317584,36037.7421573095,36037.742356189076,35813.59984646779
2017-05-25,35915.400389647395,35915.400655094156,35915.40056189843,35915.40081615347,35915.40101471338,35692.019426430204
2017-05-26,35604.23107906854,35604.23134225917,35604.23124984655,35604.231501932205,35604.231698783886,35382.785477889025
2017-05-29,35533.86194127764,35533.862203948105,35533.862111718125,35533.862363305554,35533.862559768175,35312.854011002695
2017-05-30,35441.694808078144,35441.69506965652,35441.69497789461,35441.69522851486,35441.69542435425,35221.26012388823
2017-05-31,35640.2226761683,35640.22293943765,35640.22284703597,35640.223099232964,35640.22329623181,35418.55321985127
2017-06-01,35865.69203663045,35865.69230298975,35865.69220923305,35865.69246235031,35865.69266126725,35642.62024229576
2017-06-02,36323.33423064956,36323.33450319003,36323.334406732,36323.334661760106,36323.334864527525,36097.41606704123
2017-06-05,36565.690242165074,36565.69049300275,36565.69040862358,36565.69067650251,36565.690869529186,36338.2646962217
2017-06-06,36731.49559031227,36731.495838633135,36731.49575584789,36731.49602667365,36731.496218852095,36503.03879201071
2017-06-07,36565.27757594857,36565.27787878853,36565.277766281164,36565.27800950628,36565.278227058676,36337.85462873885
2017-06-08,36731.02763409734,36731.02798823644,36731.027848214304,36731.028068876505,36731.02831096254,36502.5738116284
2017-06-09,36162.728363521885,36162.72854846783,36162.72849916367,36162.7287940134,36162.72895513918,35937.809057717255
2017-06-12,35690.1035055989,35690.10360428018,35690.103600972856,35690.103931713405,35690.10405118718,35468.12370652798
2017-06-13,35988.5294557095,35988.52963412141,35988.52958810707,35988.52988421136,35988.530041899445,35764.69360165863
2017-06-14,35482.31261565533,35482.31272699961,35482.31271655146,35482.31303909172,35482.31316411333,35261.62521047119
2017-06-15,35199.806357238194,35199.80641059941,35199.80643111752,35199.80677815393,35199.80687525087,34980.8760055871
2017-06-16,35237.487705114036,35237.48773317304,35237.487767429775,35237.488126858196,35237.488212098506,35018.3229731488
2017-06-19,35713.19411808157,35713.19427706995,35713.19424117539,35713.19454357418,35713.194691538636,35491.070740763374
2017-06-20,35643.86888419573,35643.86901395188,35643.868993771546,35643.869309293324,35643.86944332891,35422.17666734736
2017-06-21,35771.29256709272,35771.292789121995,35771.29271921062,35771.29299234211,35771.293170158155,35548.80787681457
2017-06-22,35736.628807653025,35736.62903319151,35736.6289613334,35736.62923243485,35736.62941183515,35514.35971590249
2017-06-23,35797.83302587039,35797.833262640925,35797.83318479335,35797.83345121812,35797.83363604102,35575.1832723946
2017-06-26,35351.16812642252,35351.168345340135,35351.16827652245,35351.16854668497,35351.16872217491,35131.29646011488
2017-06-27,35121.60538208697,35121.60559304545,35121.60552821074,35121.605799717734,35121.60597098469,34903.1615101962
2017-06-28,35482.35509806461,35482.35536810889,35482.35527182123,35482.35551913699,35482.35571900861,35261.667526602905
2017-06-29,34989.774568006476,34989.77485389055,34989.774748344236,34989.7749829415,34989.77518927729,34772.150683540916
2017-06-30,34772.10660614496,34772.10687052671,34772.106776305474,34772.10701879258,34772.107214542135,34555.8365263845
2017-07-03,34676.93663441466,34676.9368980728,34676.93680410945,34676.93704593287,34676.93724114667,34461.25847787616
2017-07-04,34785.81475202308,34785.81501650905,34785.81492225067,34785.815164833366,34785.8153606601,34569.45941249287
2017-07-05,35010.276916369585,35010.2771825622,35010.2770876956,35010.27733184361,35010.27752893395,34792.52550237267
2017-07-06,34880.37056621338,34880.37083141827,34880.37073690368,34880.37098014577,34880.37117650481,34663.42712330167
2017-07-07,35033.28110291828,35033.281369285796,35033.281274356865,35033.281518665295,35033.28171588514,34815.38661109994
2017-07-10,35021.968213711014,35021.96847999252,35021.96838509424,35021.96862932378,35021.96882647994,34804.14408402169
2017-07-11,34943.5552518852,34943.55551757051,34943.555422884696,34943.55566656742,34943.555863282156,34726.21882280315
2017-07-12,35252.46671355329,35252.466981587335,35252.466886064474,35252.46713190142,35252.467330355175,35033.20896554712
2017-07-13,35020.10033816867,35020.100604435975,35020.10050954275,35020.100753759274,35020.10095090491,34802.28782599786
2017-07-14,35020.450335837835,35020.450602107805,35020.45050721363,35020.45075143259,35020.4509485802,34802.63564680657
2017-07-17,34860.53872277704,34860.538987831154,34860.53889337029,34860.539136474086,34860.53933272148,34643.71862684602
2017-07-18,34831.5274139431,34831.527678776634,34831.52758439438,34831.52782729587,34831.528023379935,34614.887757987904
2017-07-19,34881.08574790323,34881.08601311358,34881.08591859703,34881.08616184411,34881.086358207176,34664.13785681694
2017-07-20,35035.03795634646,35035.03822272735,35035.03812779364,35035.03837211433,35035.03856934406,34817.13253752748
2017-07-21,34840.06767152269,34840.06793642116,34840.067842015764,34840.0680849768,34840.06828110895,34623.3748982166
2017-07-24,34748.65347116957,34748.653735373,34748.6536412153,34748.65388353886,34748.65407915639,34532.52926152934
2017-07-25,34574.92522224067,34574.925485123196,34574.92539143625,34574.925632548286,34574.92582718782,34359.88154023939
2017-07-26,34729.52197485907,34729.52223891704,34729.52214481118,34729.52238700131,34729.52258251115,34513.51675629061
2017-07-27,34706.172890719936,34706.17315460037,34706.173060557776,34706.173302585084,34706.17349796348,34490.31289511269
2017-07-28,34872.82215121605,34872.82241636357,34872.82232186941,34872.822565058865,34872.82276137541,34655.92565674874
2017-07-31,34815.46519535692,34815.465460068335,34815.4653657296,34815.465608519065,34815.46580451272,34598.92544066264
2017-08-01,34591.64905834831,34591.64932135799,34591.64922762573,34591.64946885439,34591.64966358807,34376.501360061506
2017-08-02,34618.133607392825,34618.13387060388,34618.133776799856,34618.134018213204,34618.13421309598,34402.82118467333
2017-08-03,34632.196243990875,34632.19650730885,34632.196413466714,34632.196654978135,34632.196849940075,34416.79635669602
2017-08-04,34739.87847530374,34739.87873944045,34739.87864530653,34739.87888756889,34739.87908313703,34523.80884300268
2017-08-07,35438.5967018089,35438.59697125816,35438.59687523094,35438.597122365885,35438.597321867455,35218.18129177605
2017-08-08,35416.99487286983,35416.99514215485,35416.99504618615,35416.995293170454,35416.99549255042,35196.7138184951
2017-08-09,35225.40559677226,35225.40586460057,35225.405769151024,35225.406014799264,35225.40621310067,35006.31615924411
2017-08-10,34894.815607044045,34894.8158723588,34894.81577780504,34894.81602114787,34894.816217588224,34677.78232113928
2017-08-11,35068.453693652766,35068.45396028773,35068.453865263466,35068.45410981718,35068.454307235035,34850.34044088646
2017-08-14,36017.88739020097,36017.88766405473,36017.887566457815,36017.88781763251,36017.8880203952,35793.86899905448
2017-08-15,36014.08153296265,36014.08180678747,36014.081709200866,36014.08196034902,36014.08216309029,35790.08681288843
2017-08-16,36250.213136156046,36250.21341177625,36250.2133135498,36250.213566344646,36250.21377041521,36024.74976187474
2017-08-17,35867.96521042219,35867.965483136046,35867.96538594537,35867.965636074565,35867.965837993266,35644.879281669935
2017-08-18,35598.32002569758,35598.32029636126,35598.32019990123,35598.32044815003,35598.32064855076,35376.91119365586
2017-08-21,35451.7494950242,35451.74976457346,35451.74966851059,35451.749915737266,35451.750115312876,35231.25227931675
2017-08-22,35838.25025685314,35838.25052934107,35838.25043223091,35838.25068215289,35838.25088390431,35615.34914449557
2017-08-23,35929.58066926872,35929.58094245105,35929.58084509341,35929.5810956523,35929.581297917866,35706.11151437632
2017-08-24,36276.65402979624,36276.65430561747,36276.65420731938,36276.65446029861,36276.65466451803,36051.02620260325
2017-08-25,36131.7432349071,36131.74350962653,36131.7434117211,36131.743663689784,36131.74386709343,35907.01670108479
2017-08-28,36303.61830501387,36303.618581040115,36303.61848266896,36303.61873583624,36303.618940207445,36077.82276966278
2017-08-29,36763.66965047408,36763.66992999823,36763.66983038047,36763.67008675598,36763.67029371704,36535.01276012074
2017-08-30,37052.56719349291,37052.567475213626,37052.56737481306,37052.567633203216,37052.56784179063,36822.1134636389
2017-08-31,37495.61777907405,37495.61806416339,37495.617962562304,37495.61822404212,37495.61843512369,37262.40843287022
2017-09-01,37766.21636779482,37766.21665494159,37766.216552607264,37766.216815974134,37766.21702857904,37531.32399504823
2017-09-04,37170.20951837111,37170.20980098629,37170.209700266954,37170.2099594775,37170.21016872718,36939.02409528745
2017-09-05,37048.46233474183,37048.46261643133,37048.46251604189,37048.46277440342,37048.46298296772,36818.03413564268
2017-09-06,37293.72205653005,37293.722340084336,37293.72223903032,37293.722499102194,37293.722709047186,37061.768429587435
2017-09-07,37362.468780085466,37362.469064162455,37362.468962922154,37362.46922347344,37362.46943380544,37130.08757308406
2017-09-08,36953.40030719523,36953.40058816196,36953.4004880301,36953.4007457287,36953.40095375786,36723.56335994379
2017-09-11,37209.67082035747,37209.67110327269,37209.67100244642,37209.671261932155,37209.671471403984,36978.239962074134
2017-09-12,37295.308103904885,37295.30838747123,37295.30828641291,37295.30854649585,37295.30875644977,37063.34461231425
2017-09-13,37053.53728211368,37053.537563841775,37053.53746343857,37053.5377218355,37053.53793042837,36823.077518655045
2017-09-14,36281.81065966308,36281.81093552353,36281.810837211466,36281.81109022666,36281.811294475105,36056.150760074685
2017-09-15,36193.837805366726,36193.83808055829,36193.837982484605,36193.838234886316,36193.83843863951,35968.72506550123
2017-09-18,36735.78243191765,36735.78271122977,36735.78261168759,36735.78286786861,36735.783074672676,36507.29899010022
2017-09-19,36558.08483791893,36558.08511587997,36558.085016819285,36558.08527176111,36558.08547756483,36330.70661164863
2017-09-20,36627.73296521532,36627.733243705916,36627.733144456506,36627.73339988404,36627.73360607984,36399.921552477026
2017-09-21,36145.95236101275,36145.952635840236,36145.9525378963,36145.95278996409,36145.952993447696,35921.13745150269
2017-09-22,36110.79941670139,36110.79969126159,36110.79959341291,36110.79984523555,36110.80004852127,35886.20314594555
2017-09-25,35965.64472447195,35965.6449979285,35965.64490047314,35965.645151283534,35965.6453537521,35741.95126404111
2017-09-26,35937.80897514159,35937.8092483865,35937.80915100656,35937.809401622835,35937.8096039347,35714.28864312646
2017-09-27,36461.414815409655,36461.41509263568,36461.41499383694,36461.41524810463,36461.41545336414,36234.63784214122
2017-09-28,36477.07068205333,36477.0709593984,36477.070860557236,36477.07111493411,36477.07132028175,36250.19633488789
2017-09-29,36652.775367639304,36652.7756463203,36652.77554700303,36652.775802605196,36652.776008941975,36424.808200105035
2017-10-02,37163.15875306916,37163.1590294386,37163.15893057459,37163.15918927489,37163.15939818006,36932.01717735553
2017-10-03,37390.619674342226,37390.61994132296,37390.61984919308,37390.62012679306,37390.6203134225,37158.06337760292
2017-10-04,37136.54889457921,37136.54915560886,37136.54906526159,37136.549346243664,37136.54952684106,36905.57282806254
2017-10-05,37512.45520474233,37512.45546895985,37512.45537669614,37512.455657597224,37512.455843781645,37279.14113380988
2017-10-06,37678.84445643685,37678.84471271731,37678.84462667145,37678.844917548915,37678.845094475306,37444.49550701223
2017-10-09,38273.57786290403,38273.578134346746,38273.578044503374,38273.57833510793,38273.578516749534,38035.52988954366
2017-10-10,38593.79635519595,38593.79661720695,38593.79651712019,38593.79681694607,38593.79701335288,38353.756721652375
2017-10-11,38541.894205557684,38541.89446794676,38541.89436700578,38541.894660362566,38541.894862675515,38302.17738265714
2017-10-12,38929.062761156456,38929.06301670262,38929.062916949035,38929.06321211235,38929.0634239021,38686.93787917278
2017-10-13,39158.180430695706,39158.18068774589,39158.1805874052,39158.180884305715,39158.181097341956,38914.63051854786
2017-10-16,39578.707806982784,39578.70805349973,39578.707966213005,39578.7082785643,39578.708471506114,39332.54237361972
2017-10-17,39413.29150904467,39413.29175621777,39413.2916671543,39413.29197707462,39413.29217134101,39168.15490586856
2017-10-18,39327.40294322742,39327.403189992845,39327.403097818176,39327.40341547024,39327.403608910136,39082.80053606658
2017-10-19,39334.003781051084,39334.004019916465,39334.00392952255,39334.00424646433,39334.004441909885,39089.36031211746
2017-10-20,39735.28799139583,39735.28823143517,39735.28813971728,39735.288452941,39735.288654321164,39488.14867937656
2017-10-23,39632.99433177853,39632.994571199924,39632.99447971815,39632.99479213551,39632.99499299725,39386.491249819235
2017-10-24,39756.93374466985,39756.93396817703,39756.93388079025,39756.93418079606,39756.93439408538,39509.659792465995
2017-10-25,39877.25579823097,39877.25601494537,39877.255923203695,39877.25624139644,39877.25644759843,39629.23348516238
2017-10-26,39938.442309312304,39938.442526359235,39938.4424344768,39938.44275315777,39938.44295967614,39690.039437960484
2017-10-27,40144.444973179336,40144.44518933383,40144.44510271694,40144.4454227081,40144.44562069699,39894.760839830895
2017-10-30,40280.70102523944,40280.701243317584,40280.701156487594,40280.70148100117,40280.70167568021,40030.1694295036
2017-10-31,40538.499387190415,40538.49961602222,40538.49952462062,40538.49985215247,40538.50004690285,40286.36438109611
2017-11-01,40723.74058325988,40723.74073824436,40723.74068405065,40723.741017982065,40723.741188848275,40470.562119670096
2017-11-02,40732.34389864719,40732.3440491849,40732.343995515716,40732.344335579684,40732.34450102514,40479.09543424033
2017-11-03,40771.16578355414,40771.165924082714,40771.165929403876,40771.1662264051,40771.1664360883,40517.631240063536
2017-11-06,40923.5172154605,40923.51739864367,40923.51736554886,40923.51768609157,40923.5178672258,40669.06374462157
2017-11-07,40731.54409780511,40731.54432037442,40731.544247295635,40731.544575696964,40731.54474372933,40478.35739303191
2017-11-08,40848.24447287488,40848.24470055282,40848.24461309442,40848.24497135985,40848.245091334,40594.44250516995
2017-11-09,40504.07648947483,40504.07671281474,40504.07666035365,40504.077015542316,40504.07712542003,40252.33536001899
2017-11-10,40056.10387295353,40056.10410572457,40056.10404545996,40056.10439584131,40056.10450680613,39807.17007783863
2017-11-13,40466.144060667364,40466.144306057075,40466.144258872366,40466.144539860106,40466.14475852414,40214.637908706834
2017-11-14,40786.556424047405,40786.55677776254,40786.55666796504,40786.55698748566,40786.55717757572,40532.92532177295
2017-11-15,40964.63045110202,40964.63079218628,40964.630674581334,40964.63094983086,40964.631208088394,40709.86814102464
2017-11-16,41335.62462138222,41335.625020962936,41335.62486061607,41335.625156919865,41335.62540328951,41078.53405409545
2017-11-17,41083.33506714256,41083.33545879374,41083.33527658493,41083.33557703217,41083.33582444553,40827.81647200808
2017-11-20,41613.59099804023,41613.59142379864,41613.591217855595,41613.59155467923,41613.59177805922,41354.696498525205
2017-11-21,41739.1547610241,41739.15519419185,41739.15498132514,41739.155317642566,41739.15553122641,41479.6042552347
2017-11-22,41806.10139359826,41806.101821940036,41806.10160574772,41806.10190881166,41806.10217423393,41546.164715219325
2017-11-23,41404.760342822054,41404.76078314009,41404.76054652308,41404.760840784955,41404.761121506126,41147.30574268683
2017-11-24,41259.73409704761,41259.73456424606,41259.73428635702,41259.73461282767,41259.734849267756,41003.272573281945
2017-11-27,42158.75472172441,42158.75513513906,42158.75490153838,42158.75520810659,42158.75547037974,41896.7145859815
2017-11-28,42508.29899094274,42508.299419376424,42508.29916410573,42508.29948557481,42508.29973576985,42244.101397805476
2017-11-29,41458.948653800355,41458.94900863457,41458.94879364861,41458.949105665044,41458.9493215605,41201.48340923341
2017-11-30,41746.14378624166,41746.144145699356,41746.143934326814,41746.14421971125,41746.14447973882,41486.88154252799
2017-12-01,42022.82554776643,42022.825909606516,42022.825696833046,42022.825984108924,42022.826245859884,41761.84498643628
2017-12-04,42027.19428697016,42027.19464884786,42027.19443605226,42027.194723358014,42027.194985136186,41766.18659381355
2017-12-05,42032.56879260052,42032.56915452449,42032.568941701684,42032.56922904418,42032.56949085583,41771.52772135764
2017-12-06,42853.699639901315,42853.7000088957,42853.69979191527,42853.70008487116,42853.70035179746,42587.5589784557
2017-12-07,44335.71805550712,44335.71843726252,44335.71821277822,44335.71851586545,44335.71879202291,44060.37339616356
2017-12-08,44287.6604357841,44287.660817125696,44287.66059288472,44287.66089564342,44287.66117150154,44012.614235775625
2017-12-11,44417.775412230134,44417.77579469209,44417.775569792306,44417.7758734405,44417.776150109064,44141.921139962156
2017-12-12,44151.53288932494,44151.5332694944,44151.533045942684,44151.53334777079,44151.53362278099,43877.33210232771
2017-12-13,43985.76924637993,43985.76962512207,43985.76940240966,43985.76970310458,43985.76997708227,43712.59792582196
2017-12-14,44270.565307639845,44270.56568883424,44270.56546467983,44270.56576732166,44270.5660430733,43995.62527603107
2017-12-15,44884.84909190599,44884.84947838971,44884.849251125015,44884.84955796619,44884.84983754408,44606.09408296657
2017-12-18,45655.46705742798,45655.46745054717,45655.46721938062,45655.46753148987,45655.46781586777,45371.92616589756
2017-12-19,45768.36286256229,45768.36325665357,45768.363024915394,45768.36333779642,45768.36362287753,45484.12083753569
2017-12-20,45715.99692312336,45715.99731676374,45715.99708529072,45715.997397813764,45715.99768256869,45432.080114026234
2017-12-21,45342.471939673975,45342.47233009809,45342.47210051633,45342.47241048589,45342.472692914205,45060.87488796062
2017-12-22,44836.96046852904,44836.96085460041,44836.96062757819,44836.960934091985,44836.96121337159,44558.50286938174
2017-12-25,45151.79339771922,45151.79378650148,45151.79355788518,45151.79386655123,45151.79414779186,44871.380545123015
2017-12-26,45889.221918631956,45889.22231376389,45889.22208141378,45889.22239512101,45889.22268095493,45604.229304755514
2017-12-27,46021.296230063075,46021.296626332245,46021.2963933134,46021.29670792352,46021.29699458011,45735.48337557965
2017-12-28,45404.89383474513,45404.89422570674,45404.89399580892,45404.8943062052,45404.894589022355,45122.909115115544
2017-12-29,45207.56122536201,45207.561614624465,45207.5613857258,45207.561694773074,45207.56197636109,44926.80202958747
2018-01-02,45456.172806146205,45456.173197549346,45456.17296739189,45456.17327813872,45456.173561707685,45173.869621574806
2018-01-03,45415.075232101575,45415.07562315084,45415.07539320148,45415.07570366735,45415.07598501279,45133.027279234346
2018-01-04,45540.638815745595,45540.63920787604,45540.6389772909,45540.63928861516,45540.63956981612,45257.811055634025
2018-01-05,46284.05023178919,46284.050630320824,46284.05039597159,46284.05071237794,46284.05099801921,45996.605553599045
2018-01-08,45593.78184870181,45593.782241289846,45593.782010435636,45593.78232212318,45593.78260255947,45310.62404482616
2018-01-09,45418.14672119575,45418.14711227146,45418.14688230655,45418.147192793425,45418.14747117355,45136.07968880943
2018-01-10,45631.4896435812,45631.49003649391,45631.48980544879,45631.49011739411,45631.490398472415,45348.09765827577
2018-01-11,45265.715770467796,45265.716160230986,45265.71593103789,45265.71624048271,45265.7165230569,44984.59540985038
2018-01-12,45743.415105813925,45743.41549969037,45743.41526807855,45743.415580789006,45743.41586852931,45459.32802123361
2018-01-15,45560.8740871131,45560.87447941776,45560.87424873019,45560.87456019277,45560.874846784835,45277.92066397234
2018-01-16,44811.42812544915,44811.42851130066,44811.428284407746,44811.428590746975,44811.42887208804,44533.129096532626
2018-01-17,45245.61350395855,45245.613893548645,45245.61366445732,45245.613973764725,45245.614256658424,44964.61798791832
2018-01-18,45317.7984586555,45317.798848867154,45317.798619410336,45317.79892921121,45317.79921212751,45036.35464113202
2018-01-19,45446.63344894042,45446.63384026141,45446.63361015227,45446.63392083389,45446.63420498612,45164.38950919249
2018-01-22,45622.036524481526,45622.03691731284,45622.03668631557,45622.03699819628,45622.03728305753,45338.7032528261
2018-01-23,45791.073026692495,45791.07342097931,45791.07318912616,45791.073502162435,45791.07378809214,45506.68996263531
2018-01-24,45798.68907264454,45798.68946699693,45798.689235105216,45798.68954819356,45798.68982909907,45514.25870293218
2018-01-25,45583.73298355027,45583.733376051765,45583.73314524843,45583.733456867296,45583.73373365385,45300.63758382356
2018-01-26,45983.54709472523,45983.54749066935,45983.547257841645,45983.54757219372,45983.547851718344,45697.96867074963
2018-01-29,45727.480618323505,45727.48101206275,45727.48078053159,45727.48109313314,45727.48137200703,45443.492483442715
2018-01-30,45286.2596186008,45286.26000854089,45286.25977924375,45286.26008882903,45286.26036613465,45005.01166527665
2018-01-31,45488.511720860944,45488.51211254254,45488.51188222134,45488.51219318925,45488.51247205293,45206.00769193225
2018-02-01,45048.77544483331,45048.77583272853,45048.775604633825,45048.775915792954,45048.77617966896,44769.0023758834
2018-02-02,44437.48091806409,44437.48130069572,44437.481075696174,44437.4813787232,44437.48163299162,44161.50426013757
2018-02-05,42970.14651633498,42970.14688633205,42970.14666876203,42970.14696219217,42970.14721227117,42703.28266339147
2018-02-06,43773.096761204455,43773.097138115365,43773.096916479786,43773.09721573088,43773.09747168499,43501.24622543811
2018-02-07,43854.80310640432,43854.80348401877,43854.803261969486,43854.80355412451,43854.80382451996,43582.44514025097
2018-02-08,42988.33839140474,42988.33876155843,42988.33854389631,42988.338811818794,42988.33909073625,42721.36154887383
2018-02-09,43629.66678019231,43629.6671558682,43629.66693495885,43629.667198990406,43629.66748956775,43358.70700032317
2018-02-12,44138.30674917604,44138.307129231594,44138.30690574685,44138.30718183816,44138.30747364403,43864.188091096985
2018-02-13,44022.00522607033,44022.00560512447,44022.0053822286,44022.005656931084,44022.00594195518,43748.60885252407
2018-02-14,44213.21981832579,44213.22019902641,44213.219975162356,44213.22024933239,44213.22054322578,43938.63591904749
2018-02-15,44649.16624996572,44649.16663442007,44649.166408348705,44649.16668039947,44649.166973698906,44371.87492473177
2018-02-16,44817.58736842871,44817.58775433325,44817.58752740912,44817.58777056551,44817.58806904182,44539.25005287776
2018-02-19,44641.71815793559,44641.71854232581,44641.71831629216,44641.7185736661,44641.71886106218,44364.47307931062
2018-02-20,44378.04009676815,44378.04047888795,44378.04025418937,44378.04051973361,44378.0408045521,44102.43258285935
2018-02-21,44103.96429973876,44103.96467949862,44103.96445618775,44103.96470992908,44103.96498829668,43830.05891281891
2018-02-22,43825.016219515164,43825.01659687313,43825.01637497466,43825.0166362544,43825.01689442404,43552.84322622849
2018-02-23,44599.934153024806,44599.93453705525,44599.93431123315,44599.93457273357,44599.93484957183,44322.94857055509
2018-02-26,45430.52490225385,45430.52529343615,45430.52506340853,45430.52533168794,45430.52561294116,45148.38096960624
2018-02-27,44809.502514203356,44809.5029000383,44809.50267315509,44809.50293706961,44809.503207433125,44531.21540961056
2018-02-28,44567.2928654264,44567.29324917579,44567.29302351896,44567.29328275641,44567.29355262317,44290.50999423675
2018-03-01,44004.95029129916,44004.950670206454,44004.95044739693,44004.95070336335,44004.95096982499,43731.659819630586
2018-03-02,43876.3500263703,43876.35040723535,43876.35017356413,43876.35043492858,43876.35070167493,43603.858220249334
2018-03-05,44241.157748893675,44241.1581290504,44241.157901176244,44241.15813667275,44241.158436302074,43966.40032612639
2018-03-06,44031.856766466146,44031.85712869197,44031.85688579474,44031.85710950038,44031.85746614744,43758.39918171699
2018-03-07,43846.02437171895,43846.024729018565,43846.02449154075,43846.024728100296,43846.02506476793,43573.72089246632
2018-03-08,43845.335132782944,43845.33549194159,43845.335242691704,43845.33548511002,43845.335826473296,43573.03593059971
2018-03-09,44290.63033861497,44290.63069133114,44290.63042868806,44290.63066721669,44290.631045490045,44015.565645649396
2018-03-12,44599.053874574856,44599.054208409274,44599.05393847912,44599.05416974268,44599.05459874823,44322.073718689215
2018-03-13,44709.958704982026,44709.959052341845,44709.95879642149,44709.95903362327,44709.959418901206,44432.28979375084
2018-03-14,44559.12999575907,44559.13034852453,44559.13009702321,44559.130334595044,44559.13070735251,44282.39780073285
2018-03-15,44476.21355869068,44476.213900216804,44476.21363870903,44476.213881593474,44476.214269707496,44199.99630135691
2018-03-16,44470.5004756521,44470.50081520484,44470.50054066317,44470.5007865224,44470.50118812431,44194.31869374347
2018-03-19,44038.99431095543,44038.99465558593,44038.9943872794,44038.9946496491,44038.995007919846,43765.49238341188
2018-03-20,44295.51306127656,44295.51340487486,44295.51313554029,44295.513392236164,44295.51376092804,44020.41803923756
2018-03-21,44253.958889091264,44253.959230222295,44253.95896225945,44253.959222566744,44253.95959148917,43979.12193616471
2018-03-22,43317.42103420024,43317.421361080276,43317.421095763464,43317.421351382436,43317.42172254049,43048.400396429686
2018-03-23,42648.1239294628,42648.124245358544,42648.123981662065,42648.12423550674,42648.12460650347,42383.25992404733
2018-03-26,43830.86434969,43830.864665690286,43830.86439357971,43830.86465770951,43830.86505011901,43558.654987127884
2018-03-27,42751.292203501696,42751.29250927424,42751.29225243106,42751.29250872089,42751.29288835827,42485.787469952855
2018-03-28,42100.323098798726,42100.32339012082,42100.3231350735,42100.323378370435,42100.323779289145,41838.86117054543
2018-03-29,42808.31930210293,42808.31958678387,42808.31932636478,42808.31957584147,42808.31999846131,42542.46039117986
2018-03-30,42771.674603795036,42771.674896344266,42771.67464149794,42771.67487966599,42771.67529975602,42506.043280627484
2018-04-02,41973.200488895076,41973.200773459204,41973.200525117885,41973.20075612467,41973.20116491669,41712.52804966687
2018-04-03,42276.956883283245,42276.95717491295,42276.956919547774,42276.957155967044,42276.957569926555,42014.39798100833
2018-04-04,42343.45632439321,42343.45662046512,42343.456360506265,42343.45659935139,42343.45701409059,42080.48443116457
2018-04-05,42886.48430149305,42886.48459122934,42886.48433911012,42886.484573408874,42886.484991607416,42620.13995822079
2018-04-06,42099.68943313602,42099.68971755682,42099.68947006297,42099.68970006328,42099.69011058957,41838.231439629104
2018-04-09,42358.73136993274,42358.73165772161,42358.73140592197,42358.7316401373,42358.73205281067,42095.66460898348
2018-04-10,43060.867494879116,43060.86778673566,43060.86753143225,43060.86777020381,43060.8681901522,42793.44015463578
2018-04-11,42880.323680125606,42880.32397029528,42880.323715973514,42880.32395310683,42880.324370553724,42614.01759769111
2018-04-12,43368.18876923656,43368.189064570666,43368.18880500521,43368.189046317944,43368.18946976331,43098.852825634305
2018-04-13,43156.33231328104,43156.33260717242,43156.33234887495,43156.33258900887,43156.33301038567,42888.31209348678
2018-04-16,43252.97774732128,43252.97804187081,43252.977782994894,43252.978023666576,43252.97844598703,42984.35731594542
2018-04-17,44050.57740308801,44050.57769732239,44050.57743749152,44050.577680851726,44050.578108958296,43777.003516640536
2018-04-18,44513.41663771879,44513.41693477044,44513.41667279073,44513.4169174192,44513.417348886396,44236.968313262274
2018-04-19,44630.89338707707,44630.89368186264,44630.89342359952,44630.89366607069,44630.894100597056,44353.715477238446
2018-04-20,44477.91196879586,44477.912262973005,44477.91200424307,44477.91224532639,44477.9126784951,44201.684142720944
2018-04-23,44167.478448138085,44167.47874074565,44167.47848187133,44167.47872350312,44167.4791532492,43893.17855320863
2018-04-24,43811.004094489115,43811.004381200124,43811.004127765606,43811.00436696638,43811.00479379346,43538.91806243166
2018-04-25,43706.88160651792,43706.88189293267,43706.881639657666,43706.88187877408,43706.88230445695,43435.44222242596
2018-04-26,45061.02473103723,45061.02502500728,45061.02476775979,45061.02500867644,45061.02544691834,44781.175507335516
2018-04-27,45203.68748914854,45203.68778270407,45203.687528556264,45203.687764461676,45203.68820432081,44922.95226486185
2018-04-30,44885.00604098954,44885.00632870822,44885.006081196385,44885.006311604186,44885.00674861143,44606.24997001309
2018-05-01,45142.53529349553,45142.535582865006,45142.535333933054,45142.53556566283,45142.53600517741,44862.1798500577
2018-05-02,45209.73148974254,45209.73177954275,45209.73153024026,45209.731762314965,45209.732202483785,44928.95872770987
2018-05-03,45401.7394928588,45401.739783889796,45401.73953352851,45401.73976658885,45401.74020862708,45119.77427478643
2018-05-04,45648.499462559535,45648.4997551723,45648.49950345029,45648.49973777732,45648.50018221804,45365.00175411466
2018-05-07,46022.79888428571,46022.799179297785,46022.79892551176,46022.79916176017,46022.79960984513,45736.976608120516
2018-05-08,45849.18611077482,45849.186404674016,45849.186151845344,45849.18638720256,45849.1868335972,45564.44204800166
2018-05-09,46276.8173290005,46276.81762564088,46276.81737045409,46276.81760800646,46276.81805856458,45989.417484069025
2018-05-10,46530.57026764884,46530.5705659158,46530.570309329734,46530.57054818468,46530.57100121339,46241.594502863154
2018-05-11,46482.435134674524,46482.43543263293,46482.435176312305,46482.43541492017,46482.43586748021,46193.758310709556
2018-05-14,46578.077918820745,46578.078217392234,46578.0779605442,46578.07819964303,46578.078653134275,46288.807110158494
2018-05-15,46387.60740346452,46387.607700815075,46387.60744501736,46387.60768313845,46387.60813477524,46099.519502351606
2018-05-16,46597.36702527135,46597.36732396648,46597.367067012085,46597.367306209926,46597.36775988897,46307.976422584296
2018-05-17,46258.19507618127,46258.19537270227,46258.19511761818,46258.19535507496,46258.195805451775,45970.91088381369
2018-05-18,46321.12005797706,46321.12035490142,46321.12009947034,46321.120337250126,46321.12078823958,46033.44507317701
2018-05-21,46797.9653277268,46797.965627707796,46797.96536964723,46797.9656098748,46797.966065506895,46507.32891937837
2018-05-22,46749.500213241445,46749.50051291178,46749.50025511846,46749.50049509724,46749.50095025747,46459.1647950473
2018-05-23,46831.86615216024,46831.866452358554,46831.86619411104,46831.86643451263,46831.86689047479,46541.01920444789
2018-05-24,46661.536381938946,46661.53668104542,46661.53642373716,46661.53666326441,46661.53711756821,46371.74725869194
2018-05-25,46560.74273874279,46560.74303720316,46560.74278045072,46560.74301946056,46560.743472783026,46271.57958934396
2018-05-28,46360.16687852039,46360.16717569504,46360.16692004864,46360.167158028875,46360.1676093985,46072.24939540658
2018-05-29,46226.80976917716,46226.810065496975,46226.80981058597,46226.810047881634,46226.81049795288,45939.72049367913
2018-05-30,46714.671702445856,46714.67200189292,46714.67174429167,46714.67198409167,46714.672438912814,46424.55258496512
2018-05-31,46315.5355609749,46315.53585786345,46315.535602463184,46315.535840214296,46315.536291149394,46027.89525841243
2018-06-01,46888.76980410243,46888.77008136596,46888.76983359636,46888.77011420785,46888.77053821154,46582.37210957373
2018-06-04,47115.78618045201,47115.78646151044,47115.786214704276,47115.78648899759,47115.78692312,46806.771668314206
2018-06-05,47224.57660090907,47224.57686221178,47224.57662263174,47224.57693299208,47224.57733482769,46900.74386576187
2018-06-06,47521.77733520588,47521.77760937926,47521.77735652387,47521.77765697843,47521.778068657186,47209.44291220941
2018-06-07,47272.62955295176,47272.62993276701,47272.62966222239,47272.62974191202,47272.630336988215,47000.388732937325
2018-06-08,47585.16731938882,47585.16770670948,47585.16742718008,47585.16750995065,47585.16812076138,47328.65922675871
2018-06-11,47664.56766308938,47664.56797875279,47664.567694355595,47664.56794031476,47664.56839647319,47390.590795243195
2018-06-12,47639.99948662628,47639.99980012722,47639.999519905905,47639.99976468803,47640.00021981981,47360.216885135174
2018-06-13,47881.85764586088,47881.85797552104,47881.85768936588,47881.85790955079,47881.858393358845,47610.831245512
2018-06-14,48135.478736313744,48135.47906124533,48135.478768946385,48135.479011437485,48135.4794819862,47868.56442966015
2018-06-15,47843.90525940537,47843.90556172612,47843.90526004968,47843.90555806539,47843.90596744196,47581.98436134026
2018-06-18,48643.7927293063,48643.79305516996,48643.79275198415,48643.79301303539,48643.79347693248,48383.76730626494
2018-06-19,48491.62568905861,48491.62604202075,48491.62573521149,48491.62594416057,48491.6264690958,48253.687538781734
2018-06-20,48665.81152494701,48665.811842943855,48665.81154490862,48665.811825423916,48665.81229483641,48411.59612085879
2018-06-21,48360.271960512815,48360.27224911806,48360.27195391282,48360.27229139914,48360.27270203096,48098.537415372746
2018-06-22,48418.109320269825,48418.10965678443,48418.10934473109,48418.109594652225,48418.11007866579,48181.40841875175
2018-06-25,47362.68346596354,47362.68374507274,47362.683443182264,47362.68379241787,47362.68416435512,47111.618746533946
2018-06-26,47631.68853834276,47631.68883112706,47631.68853664108,47631.68884930069,47631.68925634478,47370.868333650214
2018-06-27,47190.893054522414,47190.89327630694,47190.892991161425,47190.89343924855,47190.89370216053,46900.03459574153
2018-06-28,47550.28918331571,47550.28941636412,47550.289144662514,47550.28955906455,47550.28986639977,47247.57863796697
2018-06-29,47923.650522887016,47923.65076484416,47923.650487890176,47923.65089405565,47923.651215487116,47624.42717470187
2018-07-02,47842.36297600822,47842.36321755497,47842.36294107074,47842.36334654729,47842.363667242615,47543.64716754215
2018-07-03,47777.95919394354,47777.959435165125,47777.95915905309,47777.95956398379,47777.95988374944,47479.645507981244
2018-07-04,47766.434479820025,47766.43472098342,47766.434444938,47766.43484977103,47766.43516945954,47468.192751304385
2018-07-05,48130.30388276364,48130.30412576415,48130.3038476159,48130.30425553282,48130.30457771229,47829.79024411072
2018-07-06,48606.00018446697,48606.00042986917,48606.000148971834,48606.00056092041,48606.00088627316,48302.51641652774
2018-07-09,48880.99290587191,48880.99315266251,48880.99287017597,48880.99328445518,48880.99361210292,48575.792150620786
2018-07-10,48927.87067369118,48927.870920718444,48927.870637960994,48927.87105263751,48927.871380349796,48622.377225983495
2018-07-11,48967.01264004775,48967.01288727264,48967.01260428899,48967.01301929724,48967.0133465153,48661.27480164235
2018-07-12,49519.19027429793,49519.19052431066,49519.19023813593,49519.19065782403,49519.19098841228,49210.00477703319
2018-07-13,49231.252324598616,49231.2525731576,49231.25228864689,49231.252705894636,49231.25303388456,48923.86464200199
2018-07-16,49303.59109645346,49303.59134537768,49303.5910604489,49303.59147830974,49303.59180696082,48995.75174810169
2018-07-17,49195.83367543525,49195.833923815415,49195.83363950938,49195.834056456944,49195.83438392724,48888.667138815574
2018-07-18,49274.12743187427,49274.12768064974,49274.127395891235,49274.12781350235,49274.128141647394,48966.47204812723
2018-07-19,49062.68827738731,49062.68852509526,49062.68824155868,49062.68865737779,49062.68898506922,48756.35306455587
2018-07-20,49155.949536484906,49155.94978466372,49155.94950058817,49155.9499171977,49155.95024419215,48849.032027054345
2018-07-23,49294.48996209681,49294.490210975084,49294.48992609891,49294.4903438826,49294.49067081685,48986.70744333881
2018-07-24,49989.366840947405,49989.36709333397,49989.366804442056,49989.36722811501,49989.367560321865,49677.24568225902
2018-07-25,50187.70087558501,50187.70112897293,50187.70083893483,50187.701264288706,50187.70159648949,49874.34137207069
2018-07-26,49952.90713379108,49952.90738599357,49952.90709731235,49952.9075206763,49952.90785183917,49641.01362255389
2018-07-27,49972.49858298761,49972.498835289014,49972.498546494586,49972.49897002457,49972.49930138842,49660.48274743308
2018-07-30,49479.75818524367,49479.75843505733,49479.75814911049,49479.75856846436,49479.758897610605,49170.81889524219
2018-07-31,49059.291443698785,49059.29169138959,49059.291407872646,49059.291823662956,49059.29214970254,48752.97744415661
2018-08-01,48932.72596791464,48932.726193838746,48932.725927952386,48932.726331422404,48932.72662798654,48627.20219450571
2018-08-02,48966.42528296733,48966.42550961155,48966.42524309053,48966.42564713895,48966.425944672425,48660.69109987391
2018-08-03,49230.06837556489,49230.0685982418,49230.068334435135,49230.06873789732,49230.069030002,48922.68806634216
2018-08-06,49041.1541025122,49041.15430777207,49041.1540582254,49041.15445132206,49041.15471985865,48734.95331358064
2018-08-07,49409.16003673616,49409.16024255936,49409.15999192151,49409.16038744788,49409.16065667552,49100.661509335456
2018-08-08,49114.820655510375,49114.82085360208,49114.820609660695,49114.820999367636,49114.821258174714,48808.15990483379
2018-08-09,48988.65043666566,48988.65060589522,48988.650385259076,48988.65075887065,48988.650978585785,48682.777438464596
2018-08-10,48822.786218396555,48822.78637615117,48822.78616498206,48822.78653152487,48822.786735720685,48517.94882642189
2018-08-13,48883.757607508276,48883.75775947655,48883.75755282955,48883.7579166448,48883.758112986405,48578.53952040652
2018-08-14,49097.824816492976,49097.82494201464,49097.824756148526,49097.82510712346,49097.82526757992,48791.27012465716
2018-08-15,48633.59119221553,48633.59127284995,48633.59112369534,48633.59144808722,48633.5915477995,48329.93502493377
2018-08-16,48825.735124605584,48825.735195060406,48825.73505371355,48825.73537379821,48825.73545967629,48520.87924938846
2018-08-17,48692.06553830071,48692.065611103004,48692.06546811119,48692.065788671964,48692.065877757865,48388.04426515332
2018-08-20,48869.00393980497,48869.004036664555,48869.003874122325,48869.00420851435,48869.00433017022,48563.87792617543
2018-08-21,48738.03964532545,48738.03977784965,48738.03958700878,48738.039939629394,48738.040109647176,48433.731369680296
2018-08-22,48538.902322503716,48538.90244901345,48538.90226332994,48538.90261159616,48538.902773501744,48235.837406641665
2018-08-23,48664.16922724512,48664.16934419156,48664.16916593926,48664.16950983932,48664.16965875915,48360.32216773111
2018-08-24,49304.601614206484,49304.60175197899,49304.60155595398,49304.601914647545,49304.60209166686,48996.755868648834
2018-08-27,49268.37408699007,49268.37424036774,49268.374031923886,49268.3743987154,49268.37459689147,48960.75454993059
2018-08-28,49406.82767150845,49406.82782791488,49406.82761680743,49406.82798601265,49406.82818826635,49098.343666638095
2018-08-29,49671.14271637178,49671.14282838594,49671.14265232588,49671.14299942798,49671.14314146494,49361.00835699218
2018-08-30,49587.52473689006,49587.52486520087,49587.524676251356,49587.52503154527,49587.52519568551,49277.91248094881
2018-08-31,49823.40589695907,49823.406015750996,49823.405834004625,49823.40618559619,49823.40633678907,49512.32084908155
2018-09-03,49844.69194022898,49844.692059071655,49844.69187724764,49844.69222898942,49844.692380246895,49533.47398755159
2018-09-04,49920.49314982011,49920.49326884352,49920.493086743,49920.49343901968,49920.49359050717,49608.80191310101
2018-09-05,50041.538829311554,50041.53894862357,50041.5387660815,50041.53911921237,50041.53927106717,49729.09181324895
2018-09-06,49788.65907383078,49788.65919253987,49788.65901092026,49788.65936226661,49788.65951335404,49477.79097653989
2018-09-07,49782.673117900966,49782.67323659578,49782.67305499801,49782.67340630213,49782.67355737139,49471.842395441316
2018-09-10,50174.900446704305,50174.90056633429,50174.90038330576,50174.90073737772,50174.900889637225,49861.62075362205
2018-09-11,50302.860451402295,50302.86057133737,50302.86038784206,50302.86074281701,50302.860895464815,49988.781807636704
2018-09-12,50518.23877493304,50518.238895381626,50518.23871110067,50518.23906759548,50518.23922089686,50202.81536207988
2018-09-13,50700.19179211098,50700.191912993396,50700.1917280487,50700.19208582751,50700.19223968104,50383.63230953234
2018-09-14,50623.82572055619,50623.825841256534,50623.82565659041,50623.82601383032,50623.82616745212,50307.74304887794
2018-09-17,50432.47595455998,50432.47607480409,50432.47589083598,50432.47624672559,50432.47639976672,50117.58802358732
2018-09-18,50698.42566175386,50698.42578263205,50698.425597693815,50698.42595546017,50698.42610930833,50381.877206457226
2018-09-19,50454.93806321931,50454.93818351698,50454.937999466936,50454.93835551505,50454.93850862435,50139.909884384804
2018-09-20,50459.652655702965,50459.65277601186,50459.65259194462,50459.65294802601,50459.65310114961,50144.595040116736
2018-09-21,50400.19834374667,50400.19846391382,50400.19828006345,50400.19863572529,50400.198788668466,50085.51194620843
2018-09-24,50425.82922557272,50425.82934580097,50425.82916185711,50425.82951769981,50425.82967072077,50110.98279513514
2018-09-25,50328.34404729063,50328.34416728645,50328.34398369819,50328.344338852956,50328.3444915781,50014.106290242744
2018-09-26,50422.1208663379,50422.12098655731,50422.120802626974,50422.1211584435,50422.121311453215,50107.29758998001
2018-09-27,50752.407433273765,50752.40755428066,50752.4073691455,50752.40772729279,50752.40788130477,50435.52192912075
2018-09-28,51090.074630902,51090.07475271398,51090.07456634707,51090.0749268772,51090.07508191385,50771.08081611767
2018-10-01,51109.994337887256,51109.99445974674,51109.99427330715,51109.994633977854,51109.99478907495,50790.87614936954
2018-10-02,50735.97099201661,50735.97111298433,50735.97092790911,50735.971285940424,50735.97143990252,50419.188112945594
2018-10-03,50829.34740892226,50829.34753011261,50829.34734469677,50829.34770338702,50829.34785763247,50511.98151055336
2018-10-04,50646.42343126354,50646.42355201775,50646.423367269184,50646.423724668595,50646.42387835894,50330.199665057706
2018-10-05,50654.053446981416,50654.05356775382,50654.05338297742,50654.05374043067,50654.05389414417,50337.78204084085
2018-10-08,50427.353708460825,50427.35382869272,50427.35364474328,50427.354000596766,50427.35415362233,50112.49775952842
2018-10-09,50767.055901869004,50767.05602291084,50767.05583772223,50767.05619597291,50767.056350029336,50450.07893629396
2018-10-10,49104.9738003481,49104.973917427094,49104.97373830145,49104.97408482322,49104.974233835936,48798.37446514215
2018-10-11,48638.339156874186,48638.33927284061,48638.339095417155,48638.33943864599,48638.33958624268,48334.653373196736
2018-10-12,49250.262230503664,49250.26234792907,49250.26216827344,49250.26251582047,49250.26266527407,48942.75575020321
2018-10-15,48856.58051523473,48856.58063172149,48856.580453501934,48856.58079827085,48856.58094652979,48551.53208638695
2018-10-16,49790.889436162615,49790.889554877,49790.88937324927,49790.88972461137,49790.88987570555,49480.007413039886
2018-10-17,49566.06254024523,49566.06265842359,49566.06247761597,49566.06282739152,49566.06297780344,49256.58428076374
2018-10-18,49028.145257088356,49028.145373984175,49028.145195138786,49028.145541118385,49028.14568989795,48722.02562034195
2018-10-19,48764.84240143275,48764.84251770078,48764.84233981586,48764.84268393741,48764.84283191796,48460.366762722675
2018-10-22,48969.026957013026,48969.02707376789,48969.02689513815,48969.02724070057,48969.02738930073,48663.276440339374
2018-10-23,49039.100208731616,49039.100325653555,49039.10014676819,49039.10049282511,49039.10064163792,48732.91217197131
2018-10-24,47419.70722638657,47419.70733944745,47419.70716646933,47419.70750109859,47419.707644997216,47123.63027967271
2018-10-25,47755.85116383626,47755.8512776986,47755.851103494286,47755.85144049563,47755.85158541431,47457.67541735163
2018-10-26,46835.84652625854,46835.846637927345,46835.84646707904,46835.846797588136,46835.84693971499,46543.41506163453
2018-10-29,46635.86107104456,46635.86118223654,46635.861012117755,46635.8613412156,46635.861482735585,46344.67826623796
2018-10-30,47037.1660938507,47037.1662059995,47037.16603441683,47037.16636634658,47037.16650908435,46743.4776395409
2018-10-31,47336.31452503129,47336.31463789334,47336.31446521943,47336.314799260195,47336.31494290577,47040.7582617598
2018-11-01,47302.45916424209,47302.459277023416,47302.459104473004,47302.45943827486,47302.4595818177,47007.11428548643
2018-11-02,47025.37738004409,47025.37749216478,47025.37732062511,47025.377652471674,47025.37779517368,46731.762531553344
2018-11-05,47292.51145820844,47292.51157096604,47292.51139845193,47292.511732183586,47292.511875696226,46997.228690473734
2018-11-06,47602.84869514599,47602.84880864352,47602.84863499736,47602.84897091899,47602.84911537338,47305.62825830833
2018-11-07,48218.39798163765,48218.39809660281,48218.39792071124,48218.398260976646,48218.39840729897,47917.33420699897
2018-11-08,48242.83369387228,48242.83380889569,48242.83363291498,48242.833973352834,48242.83411974931,47941.61734867818
2018-11-09,48328.64136335207,48328.641478580066,48328.641302286356,48328.64164332973,48328.64178998659,48026.88925625073
2018-11-12,47935.08320456777,47935.08331885742,47935.083143999334,47935.083482265465,47935.08362772805,47635.78837746293
2018-11-13,47892.50170716805,47892.501821356185,47892.50164665343,47892.50198461906,47892.50212995244,47593.47274842205
2018-11-14,47478.13120891501,47478.13132211518,47478.13114892397,47478.13148396549,47478.131628041425,47181.68947727577
2018-11-15,47788.19454248093,47788.19465642036,47788.1944820981,47788.19481932767,47788.19496434451,47489.81685192377
2018-11-16,48064.004634810226,48064.00474940726,48064.00457407889,48064.00491325479,48064.0050591086,47763.904854118264
2018-11-19,47685.873910686256,47685.87402438173,47685.87385043271,47685.87418694024,47685.87433164657,47388.13508489692
2018-11-20,47313.205186206585,47313.20529901351,47313.20512642393,47313.205460301615,47313.20560387706,47017.79321194236
2018-11-21,47324.7026392158,47324.70275205014,47324.70257941862,47324.70291337744,47324.703056987775,47029.21887769304
2018-11-22,47293.547049733505,47293.54716249357,47293.54698997569,47293.54732371466,47293.54746723044,46998.257816020945
2018-11-23,47249.65366659692,47249.65377925232,47249.65360689457,47249.65394032379,47249.65408370638,46954.638492333914
2018-11-26,47466.955230087675,47466.95534326119,47466.955170110756,47466.95550507342,47466.95564911542,47170.58327850153
2018-11-27,47601.60782526472,47601.60793875927,47601.60776511766,47601.60810103053,47601.60824548115,47304.395136112296
2018-11-28,47909.34322695865,47909.34334118691,47909.34316642274,47909.343504507226,47909.34364989169,47610.20911392028
2018-11-29,47870.92719080416,47870.92730494082,47870.92713031679,47870.92746813019,47870.927613398075,47572.03293801282
2018-11-30,48045.095704089035,48045.09581864097,48045.0956433816,48045.09598242406,48045.09612822047,47745.11398609297
2018-12-03,47936.46094956647,47936.46106385939,47936.460888996306,47936.46122727215,47936.46137273891,47637.15752016195
2018-12-04,47211.095923014625,47211.096035578084,47211.095863361,47211.09619651812,47211.096339783704,46916.32149378484
2018-12-06,47200.12110170129,47200.121214238585,47200.121042061524,47200.12137514121,47200.12151837348,46905.415196546724
2018-12-07,47029.6147776854,47029.614889816155,47029.61471826107,47029.61505013754,47029.6151928524,46735.97347192975
2018-12-10,47132.06090238161,47132.06101475662,47132.060842827836,47132.06117542723,47132.06131845298,46837.77994831143
2018-12-11,47178.845232493695,47178.84534498026,47178.845172880814,47178.84550581036,47178.84564897807,46884.27216861466
2018-12-12,47212.271432139045,47212.271544705305,47212.27137248393,47212.27170564934,47212.2718489185,46917.48966332044
2018-12-13,47267.872536567134,47267.87264926596,47267.87247684176,47267.872810399545,47267.872953837425,46972.74360817721
2018-12-14,46900.26217126909,46900.26228309143,46900.26211200821,46900.26244297186,46900.2625852942,46607.42851125816
2018-12-17,46759.69969986989,46759.699811357095,46759.69964078661,46759.69997075835,46759.700112654136,46467.74367723356
2018-12-18,46601.47714816786,46601.47725927783,46601.477089284504,46601.477418139715,46601.47755955536,46310.50902808828
2018-12-19,46414.21373973696,46414.21385040044,46414.21368109021,46414.21400862395,46414.21414947133,46124.414846155014
2018-12-20,46262.266130964956,46262.26624126615,46262.2660725102,46262.26639897168,46262.26653935796,45973.41596074502
2018-12-21,45978.33138042078,45978.331490045006,45978.3313223248,45978.331646782615,45978.33178630727,45691.25402869603
2018-12-24,45593.01671722273,45593.016825928265,45593.01665961361,45593.01698135235,45593.01711970775,45308.34517514288
2018-12-25,45481.23499060578,45481.235099044796,45481.23493313791,45481.235254087835,45481.23539210402,45197.26138603443
2018-12-26,46192.754884620575,46192.75499475604,46192.754826253666,46192.755152224614,46192.75529239996,45904.33872546448
2018-12-27,46509.17267476467,46509.17278565455,46509.17261599794,46509.17294420177,46509.173085337316,46218.78088103232
2018-12-28,46441.831273435855,46441.83138416518,46441.83121475422,46441.83154248283,46441.83168341403,46151.859942790674
2018-12-31,46619.23238994332,46619.23250109561,46619.23233103752,46619.23266001802,46619.232801487546,46328.153410516825
2019-01-02,46455.31299095036,46455.31310171182,46455.312932251676,46455.31326007544,46455.31340104754,46165.25748378887
2019-01-03,46027.99735192765,46027.997461670275,46027.9972937689,46027.9976185772,46027.99775825258,45740.609898136485
2019-01-04,46341.533828723834,46341.53393921401,46341.53377016892,46341.53409718977,46341.5342378166,46052.18873056574
2019-01-07,46269.583606878165,46269.5837171968,46269.58354841417,46269.58387492728,46269.58401533578,45980.6877481449
2019-01-08,46362.828868570854,46362.82897911181,46362.828809989034,46362.82913716015,46362.82927785161,46073.350809440475
2019-01-09,46502.82123913556,46502.821350010294,46502.821180376865,46502.821508535875,46502.82164965215,46212.46910219949
2019-01-10,46426.28513234242,46426.285243034676,46426.28507368043,46426.28540129934,46426.28554218337,46136.410867964776
2019-01-11,46480.61298683549,46480.61309765728,46480.612928104856,46480.613256107135,46480.61339715603,46190.39951274483
2019-01-14,46411.004190194544,46411.00430085036,46411.00413155186,46411.00445906293,46411.00459990059,46121.225336247684
2019-01-15,46512.02754696078,46512.02765785746,46512.02748819045,46512.02781641441,46512.02795755863,46221.61792811115
2019-01-16,46420.94959808843,46420.94970876797,46420.94953943318,46420.94986701443,46420.950007882275,46131.108647469635
2019-01-17,46266.000278345186,46266.00038865528,46266.00021988572,46266.00054637353,46266.00068677117,45977.12679303076
2019-01-18,46360.8723570298,46360.87246756611,46360.87229845046,46360.872625607764,46360.8727662933,46071.40651387454
2019-01-21,46422.6922397407,46422.6923504244,46422.69218108324,46422.6925086768,46422.69264954993,46132.840408497585
2019-01-22,46356.754941972824,46356.755052499306,46356.75488339868,46356.755210526935,46356.75535119997,46067.31480694083
2019-01-23,46490.89993714623,46490.90004799255,46490.89987840258,46490.90020647747,46490.90034755758,46200.62223387708
2019-01-24,46323.37095332532,46323.37106377221,46323.370894793356,46323.37122168603,46323.37136225777,46034.139259677846
2019-01-25,46442.54724077116,46442.5473515022,46442.5471820886,46442.547509822274,46442.54765075567,46152.57143980267
2019-01-28,46199.90215565857,46199.90226581109,46199.90209728262,46199.902423303996,46199.90256350106,45911.44137070636
2019-01-29,46238.63962515368,46238.63973539856,46238.63956672878,46238.63989302352,46238.64003333813,45949.936973004005
2019-01-30,46270.093842993345,46270.093953313226,46270.093784528704,46270.09411104541,46270.09425145548,45981.194798471726
2019-01-31,46256.64700054883,46256.647110836646,46256.64694210117,46256.64726852299,46256.64740889225,45967.83191479218
2019-02-01,46293.980936989814,46293.98104736664,46293.980878494986,46293.98120518025,46293.98134566281,46004.93274734963
2019-02-04,46497.75733112292,46497.7574419856,46497.75727237062,46497.75760049388,46497.75774159481,46207.436811978485
2019-02-05,46665.123455612455,46665.123566874194,46665.123396648676,46665.123725953,46665.12386756183,46373.757943699806
2019-02-06,46630.522359177136,46630.522470356365,46630.52230025707,46630.52262931723,46630.52277082105,46339.3728879696
2019-02-07,46280.85309806421,46280.85320840974,46280.85303958597,46280.853366178606,46280.85350662133,45991.88687540977
2019-02-08,46510.19598287414,46510.196093766484,46510.19592410612,46510.19625231717,46510.19639345585,46219.79779985856
2019-02-11,46087.851607347926,46087.85171723329,46087.85154911356,46087.851874344226,46087.85201420128,45800.090438360516
2019-02-12,47123.48152976847,47123.48164212305,47123.481470225524,47123.481802764385,47123.481945764135,46829.25414318313
2019-02-13,47027.44136869701,47027.4414808226,47027.44130927542,47027.441641136546,47027.44178384485,46733.81363317059
2019-02-14,47109.83221726596,47109.832329587996,47109.83215774027,47109.8324901828,47109.83263314113,46815.69005361866
2019-02-15,47189.61219889279,47189.61231140504,47189.6121392663,47189.61247227182,47189.61261547225,46894.97190873332
2019-02-18,47149.49563845691,47149.49575087351,47149.4955788811,47149.49591160353,47149.49605468223,46855.10582619832
2019-02-19,47290.62628702774,47290.626399780835,47290.62622727361,47290.62656099197,47290.626704498936,46995.35528983655
2019-02-20,47287.9080722192,47287.90818496582,47287.908012468506,47287.908346167686,47287.9084896664,46992.654046890304
2019-02-21,47071.80438798626,47071.80450021762,47071.80432850861,47071.80466068281,47071.80480352574,46777.899660718096
2019-02-22,47436.17449639176,47436.17460949188,47436.174436453715,47436.174771199185,47436.17491514782,47139.99473210881
2019-02-25,47665.78414458455,47665.78425823211,47665.78408435638,47665.78442072215,47665.78456536756,47368.170754335755
2019-02-26,47511.63636822982,47511.63648150986,47511.636308196415,47511.63664347441,47511.63678765204,47214.98543864633
2019-02-27,47337.384151161685,47337.38426402626,47337.38409134846,47337.38442539679,47337.384569045644,47041.821209408685
2019-02-28,47284.73210084713,47284.73221358617,47284.732041100426,47284.73237477721,47284.73251826629,46989.49790549951
2019-03-01,47498.365336309245,47498.365449557634,47498.36527629261,47498.36561147695,47498.36575561431,47201.7972677732
2019-03-04,47445.25692309483,47445.2570362166,47445.2568631453,47445.25719795487,47445.257341931065,47149.020450381475
2019-03-05,47418.825033122645,47418.82514618139,47418.824973206516,47418.82530782956,47418.82545172555,47122.75359460576
2019-03-06,46899.98752960006,46899.98764142177,46899.98747033951,46899.98780130124,46899.987943622786,46607.15558438393
2019-03-07,46807.50530359945,46807.50541520065,46807.505244455744,46807.50557476485,46807.505716805754,46515.250794573905
2019-03-08,46799.93101188872,46799.93112347186,46799.93095275459,46799.93128301024,46799.93142502816,46507.72379487096
2019-03-11,47100.31246443936,47100.312576738695,47100.31240492569,47100.31273730106,47100.31288023051,46806.229739778835
2019-03-12,46933.78499449862,46933.7851064009,46933.784935195356,46933.785266395585,46933.7854088197,46640.74202625432
2019-03-13,47227.68078866583,47227.68090126884,47227.68072899122,47227.6810622654,47227.68120558135,46932.802807628774
2019-03-14,47085.84803299493,47085.84814525978,47085.847973499534,47085.84830577284,47085.848448658384,46791.8556206739
2019-03-15,47643.782623215004,47643.782736810106,47643.78256301463,47643.782899225145,47643.783043803785,47346.30660503472
2019-03-18,47670.97828813024,47670.97840179019,47670.97822789551,47670.97856429793,47670.9787089591,47373.33246693128
2019-03-19,47942.822003644185,47942.82211795228,47942.82194306596,47942.822281386725,47942.822426872815,47643.47885738818
2019-03-20,47917.641985527,47917.64209977507,47917.64192498059,47917.64226312367,47917.64240853335,47618.45605708862
2019-03-21,48522.18434599263,48522.18446168209,48522.18428468235,48522.184627091534,48522.18477433574,48219.22380428235
2019-03-22,47609.11484895048,47609.11496246295,47609.114788793915,47609.11512475979,47609.11526923322,47311.85528779522
2019-03-25,47564.71211139926,47564.712224805866,47564.712051298804,47564.712386951345,47564.712531290024,47267.72978997678
2019-03-26,47584.22964312447,47584.2297565776,47584.229582999345,47584.22991878961,47584.23006318753,47287.125459051655
2019-03-27,47458.27228096726,47458.272394120075,47458.272221001294,47458.27255590271,47458.2726999184,47161.9545435721
2019-03-28,47884.07235163165,47884.072465799676,47884.07229112765,47884.072629033835,47884.07277434165,47585.096023700884
2019-03-29,48126.31886937361,48126.318984119214,48126.31880856352,48126.31914817918,48126.31929422211,47825.83001398284
2019-04-01,48714.27991172748,48714.280027874935,48714.27985017448,48714.28019393924,48714.280341766374,48410.11997272214
2019-04-02,49667.90349419974,49667.903612620874,49667.90343144177,49667.903781936024,49667.903932657005,49357.78936494043
2019-04-03,50319.239137860284,50319.23925783437,50319.23907427933,50319.239429369896,50319.23958206741,50005.0582296194
2019-04-04,50110.38997739911,50110.39009687524,50110.389914082036,50110.39026769881,50110.390419762545,49797.51307176326
2019-04-05,50436.66626945416,50436.66638970821,50436.66620572481,50436.66656164404,50436.666714697894,50121.752175189635
2019-04-08,50869.60413333801,50869.604254624304,50869.604069061636,50869.60442803599,50869.60458240363,50551.98688191894
2019-04-09,50342.38377252807,50342.38389255733,50342.383708917856,50342.384064171754,50342.38421693949,50028.058354901405
2019-04-10,50539.99742339702,50539.997543897436,50539.99735953711,50539.99771618552,50539.99786955293,50224.43815491381
2019-04-11,50104.925232146,50104.9253516091,50104.925168835834,50104.925522414036,50104.925674461185,49792.082447030574
2019-04-12,50395.07783288708,50395.07795304198,50395.07776921029,50395.078124836036,50395.07827776367,50080.42340655468
2019-04-15,50004.21797548314,50004.21809470613,50004.21791230022,50004.218265167765,50004.2184169093,49692.00398161947
2019-04-16,50557.36537415374,50557.36549469557,50557.36531027189,50557.36566704286,50557.36582046297,50241.69766447316
2019-04-17,50600.02791813919,50600.02803878274,50600.02785420343,50600.028211275465,50600.02836482503,50284.09383406491
2019-04-18,50793.75766326153,50793.75778436698,50793.75759908098,50793.757957520116,50793.75811165758,50476.61397847947
2019-04-19,50814.94503926616,50814.945160422125,50814.94497505884,50814.94533364749,50814.945487849254,50497.66906573828
2019-04-22,51119.45238134899,51119.452503230976,51119.452316756906,51119.45267749439,51119.452832620205,50800.27513914255
2019-04-23,51454.07241568752,51454.072538367334,51454.07235067263,51454.07271377144,51454.072869912685,51132.80588858518
2019-04-24,51607.95027590957,51607.950398956265,51607.95021070025,51607.95057488494,51607.95073149313,51285.72297343163
2019-04-25,51270.93592275742,51270.936045000584,51270.935857973935,51270.93621978039,51270.93637536589,50950.81285471103
2019-04-26,51550.10358106719,51550.103703975976,51550.10351593096,51550.10387970744,51550.104036140096,51228.23745907282
2019-04-29,51374.93380719728,51374.93392968841,51374.93374228238,51374.93410482273,51374.93426072382,51054.161402031576
2019-04-30,51619.07179908614,51619.07192215936,51619.07173386275,51619.07209812592,51619.07225476787,51296.77505656275
2019-05-01,51468.0080887016,51468.00820089889,51468.00803787535,51468.00835667381,51468.00862528289,51146.65470117829
2019-05-02,51346.82416935412,51346.8243171183,51346.824070241564,51346.82453957215,51346.82442447334,51026.226911209735
2019-05-03,52120.25377693061,52120.25392062264,52120.25368483326,52120.25413464293,52120.254085142085,51794.82749989322
2019-05-06,51837.239519135874,51837.23965522592,51837.23943675448,51837.23985531947,51837.239879019806,51513.58041239333
2019-05-07,51044.359650334554,51044.359781994135,51044.359572386464,51044.35997463197,51044.3600230822,50725.6511261244
2019-05-08,51180.20154039857,51180.201692684794,51180.201434850795,51180.20192377549,51180.20175557782,50860.64456242385
2019-05-09,50983.076135148716,50983.07630152938,50983.0760101742,50983.0765592005,50983.07623469402,50664.74975112704
2019-05-10,51341.6440190895,51341.644209594575,51341.643862225974,51341.64451202905,51341.64393983277,51021.07849272159
2019-05-13,51104.90149788103,51104.9016729684,51104.90136138265,51104.90194680298,51104.90153268675,50785.81434592885
2019-05-14,51916.23152810323,51916.23171908118,51916.23137172561,51916.23202179577,51916.23146093415,51592.07843199934
2019-05-15,52197.4793886077,52197.47955980074,52197.47925950906,52197.47982519856,52197.47948388318,51871.570543006696
2019-05-16,52329.908080413494,52329.90826095108,52329.90793895005,52329.90854369471,52329.90810625279,52003.172253546814
2019-05-17,51863.44078830755,51863.440934301056,51863.44069259834,51863.44115289803,51863.441071466215,51539.617946482314
2019-05-20,51748.41995214062,51748.420116919886,51748.41983082765,51748.420370789114,51748.420085234844,51425.31499927401
2019-05-21,52166.21206283502,52166.21223068597,52166.21193819014,52166.21248986315,52166.21218338647,51840.49848945657
2019-05-22,51539.3387619886,51539.338940008805,51539.33862237847,51539.33921887405,51539.3387857946,51217.53906385018
2019-05-23,51174.495591766485,51174.49574996408,51174.49547822157,51174.49599212194,51174.49576056205,50854.97415553954
2019-05-24,50981.04844727093,50981.04861530025,50981.04832006517,50981.04887605845,50981.048533867914,50662.73469997003
2019-05-27,51406.44841900339,51406.448588434796,51406.448290736196,51406.44885136884,51406.44850632295,51085.47857373613
2019-05-28,51239.330185756175,51239.33043761172,51239.329945810954,51239.330854950545,51239.32962392834,50919.402600286485
2019-05-29,51089.49718263434,51089.49740220443,51089.49698601189,51089.4977592896,51089.496869162285,50770.505574346746
2019-05-30,51050.80212722518,51050.80233789093,51050.8019425563,51050.80267835537,51050.801882321946,50732.05224741364
2019-05-31,50798.19409717667,50798.194310170235,50798.19390886856,50798.19465525623,50798.19382713011,50481.02139762033
2019-06-03,49815.280648074935,49815.2808569472,49815.280463410476,49815.28119535601,49815.280383253616,49504.24504290989
2019-06-04,50092.91057605283,50092.91078608919,50092.9103903592,50092.911126384,50092.91030975561,49780.1415109627
2019-06-05,50510.61127033993,50510.61148212767,50510.61108309788,50510.611825260035,50510.61100182218,50195.234174409954
2019-06-06,51173.14956923163,51173.14978379736,51173.14937953356,51173.15013143053,51173.14929719178,50853.63573055807
2019-06-07,51892.29136334314,51892.291580924175,51892.29117097922,51892.29193344267,51892.291087480284,51568.28736220895
2019-06-10,51906.381573912,51906.381791552114,51906.38138149585,51906.382144166324,51906.38129797424,51582.28959661639
2019-06-11,51788.34085009696,51788.341067242145,51788.340658118395,51788.34141905448,51788.34057478673,51464.98589299854
2019-06-12,51845.664090638755,51845.66430802429,51845.66389844769,51845.66466022603,51845.663815023785,51521.95121989256
2019-06-13,52089.37901060534,52089.37922901275,52089.37881751083,52089.37958287012,52089.37873369477,51764.144437750205
2019-06-14,52222.5212465532,52222.52146551886,52222.52105296513,52222.52182028071,52222.520968934834,51896.455362995956
2019-06-17,52546.217161748114,52546.21738207101,52546.216966960106,52546.21773903181,52546.21688240895,52218.13019242034
2019-06-18,52929.98718187429,52929.98740380631,52929.98698566366,52929.98776337417,52929.986900494994,52599.50403733882
2019-06-19,53122.42609899597,53122.42632173487,53122.42590207196,53122.42668261002,53122.42581659365,52790.74140838335
2019-06-20,53997.98630218092,53997.986528591,53997.98610201123,53997.98689541407,53997.986015124065,53660.8348071237
2019-06-21,53497.519250170364,53497.51947448201,53497.5190518559,53497.519837905274,53497.51896577403,53163.49256080253
2019-06-24,54014.62435876191,54014.624585241734,54014.62415853054,54014.62495217784,54014.62407161661,53677.36897935575
2019-06-25,53659.29359295322,53659.29381794317,53659.293394039065,53659.29418246542,53659.293307696884,53324.25682033477
2019-06-26,54479.54179831732,54479.54202674652,54479.54159636252,54479.54239684094,54479.54150870049,54139.383577146895
2019-06-27,53866.34384426841,53866.34407012652,53866.34364458673,53866.34443605532,53866.34355791139,53530.01429563065
2019-06-28,54626.11409125014,54626.11432029393,54626.11388875201,54626.11469138404,54626.11380085414,54285.04070506933
2019-07-01,54068.440208377586,54068.44043508307,54068.44000794672,54068.44080238476,54068.4399209462,53730.84881469761
2019-07-02,54206.71368752263,54206.71391480788,54206.71348657919,54206.714283048896,54206.71339935617,53868.25894479182
2019-07-03,54904.85244768712,54904.85267789962,54904.852244155685,54904.853050883285,54904.852155809305,54562.03868079882
2019-07-04,54327.246109838416,54327.24633762905,54327.24590844816,54327.24670668888,54327.245821031196,53988.03878929555
2019-07-05,54228.358839536035,54228.359066912046,54228.358638512356,54228.35943530011,54228.35855125451,53889.76894925878
2019-07-08,55340.332177001896,55340.33240904035,55340.331971856154,55340.33278498234,55340.331882809056,54994.799370907516
2019-07-09,55563.78303170603,55563.78326468139,55563.782825731956,55563.78364214136,55563.78273632532,55216.85504784865
2019-07-10,55923.733344511034,55923.73357899564,55923.73313720263,55923.733958900855,55923.7330472168,55574.55791043525
2019-07-11,55621.899654757326,55621.89988797636,55621.89944856781,55621.90026583113,55621.899359067655,55274.608803547075
2019-07-12,56151.475167132114,56151.47540257162,56151.474958979474,56151.47578402394,56151.474868627185,55800.877763437784
2019-07-15,55949.52275859001,55949.52299318274,55949.522551186004,55949.523373263146,55949.522461158675,55600.18630111115
2019-07-16,55039.805768052705,55039.805998831056,55039.80556402101,55039.8063727315,55039.805475457484,54696.14938245138
2019-07-17,55049.16297043626,55049.16320125384,55049.16276636987,55049.163575217855,55049.16267779129,54705.448160530825
2019-07-18,55868.35128229416,55868.35151654655,55868.35107519105,55868.35189607553,55868.35098529434,55519.52164157762
2019-07-19,55667.908455697,55667.90868910895,55667.90824933693,55667.90906727626,55667.908159762745,55320.330335699815
2019-07-22,55757.584274265304,55757.58450805325,55757.58406757281,55757.58488682976,55757.583977854316,55409.44623827178
2019-07-23,55706.007069528845,55706.00730310053,55706.00686302755,55706.007681526666,55706.00677339205,55358.191070205175
2019-07-24,55969.41943310275,55969.41966777891,55969.41922562499,55969.42004799447,55969.41913556564,55619.95874518462
2019-07-25,56223.82959193489,56223.829827677786,56223.829383514036,56223.83020962163,56223.82929304533,55872.78042319957
2019-07-26,56663.88773809781,56663.88797568584,56663.88752804566,56663.888360619116,56663.88743686888,56310.09094353325
2019-07-29,56187.41326681782,56187.413502408024,56187.41305853196,56187.41388410448,56187.412968121855,55836.59147356997
2019-07-30,55842.43193275496,55842.432166898674,55842.43172574794,55842.432546251584,55842.43163589294,55493.7641267298
2019-07-31,55185.45579579422,55185.45602718328,55185.45559122261,55185.45640207317,55185.45550242473,54840.89000360257
2019-08-01,54668.97826451767,54668.978493741175,54668.97806186063,54668.97886512249,54668.97797389381,54327.637243910256
2019-08-02,55148.82190142222,55148.822132657675,55148.82169698641,55148.822507298704,55148.82160824748,54804.484843172395
2019-08-05,55077.43225625806,55077.43248719418,55077.432052086886,55077.432861350244,55077.43196346283,54733.54093917836
2019-08-06,55856.098199035885,55856.0984332369,55856.097991978204,55856.09881268266,55856.09790210121,55507.34506386377
2019-08-07,56715.703477373085,56715.70371517836,56715.70326712886,56715.704100463656,56715.703175868686,56361.58315678171
2019-08-08,56908.23875445154,56908.23899306411,56908.23854349359,56908.239379657345,56908.238451923615,56552.91628613274
2019-08-09,56100.79273251998,56100.79296774698,56100.79252455522,56100.79334885501,56100.7924342845,55750.51177874857
2019-08-12,55834.94790449882,55834.948138611144,55834.947697519536,55834.948517913224,55834.947607676586,55486.32682709241
2019-08-13,55642.81557740762,55642.81581071435,55642.81537114058,55642.81618871124,55642.81528160679,55295.39413179795
2019-08-14,54934.078463126905,54934.078693461954,54934.07825948714,54934.07906664418,54934.078171093766,54591.08221545601
2019-08-15,55229.05902337345,55229.05925494533,55229.058818640195,55229.05963013144,55229.05872977217,54884.22098226338
2019-08-16,55308.558624728495,55308.55885663371,55308.55841970054,55308.55923235989,55308.55833070459,54963.22420567382
2019-08-19,55369.68832678386,55369.68855894538,55369.68812152929,55369.68893508684,55369.688032434984,55023.97222737679
2019-08-20,55197.31317929449,55197.31341073326,55197.31297467891,55197.31378570373,55197.312885861975,54852.673352220285
2019-08-21,54908.47969992888,54908.47993015659,54908.479496384,54908.48030316493,54908.479408031824,54565.64328527908
2019-08-22,54826.099519376745,54826.09974925904,54826.099316137246,54826.10012170775,54826.09922791763,54483.77746837156
2019-08-23,54723.14386220925,54723.144091659844,54723.1436593514,54723.14446340915,54723.14357129744,54381.46464357829
2019-08-26,54863.19415831922,54863.19438835705,54863.19395494222,54863.194761057755,54863.1938666629,54520.640496584914
2019-08-27,54928.79362482858,54928.793855141455,54928.79342120839,54928.79422828779,54928.79333282352,54585.830374520265
2019-08-28,54999.4222580183,54999.422488627315,54999.4220541363,54999.42286225346,54999.421965637775,54656.018018130475
2019-08-29,55086.99193471123,55086.992165687414,55086.99173050461,55086.99253990845,55086.991641865185,54743.040929111565
2019-08-30,55010.600934778806,55010.60116543469,55010.60073085537,55010.601539136784,55010.60064233887,54667.12689770333
2019-09-02,54984.73942813293,54984.73965868039,54984.73922430536,54984.740032206784,54984.739135830474,54641.42686459059
2019-09-03,54961.818478278525,54961.81871910691,54961.81828376166,54961.81908616768,54984.600631612375,54663.092518702084
2019-09-04,55580.564023772546,55580.564261239015,55580.563821666554,55580.5646361249,55606.89109924478,55251.5552871784
2019-09-05,55798.627221884984,55798.62744182856,55798.62700257899,55798.627829406876,55805.02110710282,55448.949917506994
2019-09-06,55964.935942258875,55964.936141726634,55964.93570351236,55964.93654330942,55955.84453499551,55562.40098209392
2019-09-09,55855.01495135762,55855.01518402748,55855.01474294675,55855.01556439419,55896.280817524166,55550.97700504804
2019-09-10,55559.606542646165,55559.60680514124,55559.60636294774,55559.60716461226,55613.62016521752,55287.15110387334
2019-09-11,56065.15039580838,56065.15067049922,56065.15022319405,56065.15102727762,56117.21226752104,55783.65281698218
2019-09-12,56159.15751746138,56159.15775154796,56159.157308048816,56159.15813389476,56171.72044827159,55795.198725459355
2019-09-13,55734.69258261624,55734.69283239016,55734.69239030632,55734.693201232294,55753.95743095753,55411.60958934432
2019-09-16,55558.42859145725,55558.42886901852,55558.428425162216,55558.42921931727,55588.47164538938,55266.07510809541
2019-09-17,55859.7860775614,55859.78636673377,55859.78591934873,55859.78671278775,55898.81630658968,55553.20850732357
2019-09-18,55873.70362370251,55873.70388229069,55873.70343819543,55873.70424707192,55888.08864304377,55531.203368076036
2019-09-19,55724.50139631161,55724.50164118637,55724.501199721846,55724.5020129123,55732.945502609975,55396.5396471506
2019-09-20,55419.74268133957,55419.74290928993,55419.74247196894,55419.74328845971,55443.923549491206,55151.441452879364
2019-09-23,55760.61572482776,55760.615917602394,55760.615481649766,55760.61632134609,55740.958829747295,55388.28415671806
2019-09-24,55421.54208131592,55421.54228075673,55421.54184658542,55421.54267727903,55413.998670187044,55083.448714893384
2019-09-25,55753.9819051517,55753.982050741484,55753.98162007324,55753.98248311474,55678.78320069153,55299.783647317876
2019-09-26,55830.69323637842,55830.693373230635,55830.69294296148,55830.693811633624,55734.44718233032,55315.253550099245
2019-09-27,55095.05034784586,55095.05047210685,55095.05004870396,55095.05091129314,55023.20657396697,54616.86261223063
2019-09-30,54880.20847148336,54880.20863208564,54880.20820624805,54880.20904716675,54856.341777920694,54440.59857177459
2019-10-01,54726.56050710495,54726.560667257596,54726.56024261222,54726.5610811766,54706.924348619956,54321.425457989906
2019-10-02,54326.505582439175,54326.5057414211,54326.5053198799,54326.50615231432,54314.70641339488,53894.724253474655
2019-10-03,54786.53216563942,54786.53232596757,54786.531900856855,54786.532740340175,54702.1073803255,54230.487618872176
2019-10-04,55241.59501767428,55241.59517933414,55241.59475069239,55241.59559714855,55168.41020863987,54701.166530860246
2019-10-07,54867.18642156457,54867.18658212875,54867.18615639219,54867.18699711137,54766.119858694656,54256.181515806915
2019-10-08,54230.00027227676,54230.00043097628,54230.000010183896,54230.0008411396,54211.919029601195,53772.013934684226
2019-10-09,54625.17330350122,54625.17346335718,54625.17303949849,54625.173876509354,54591.78190891664,54114.05528957463
2019-10-10,54654.93000120874,54654.93016115179,54654.92973706219,54654.93057452901,54602.67834057173,54082.11359781474
2019-10-11,55241.69770339692,55241.69786505709,55241.69743641452,55241.698282872276,55154.42997552622,54562.92723447351
2019-10-14,55244.689811495104,55244.68997316402,55244.68954449824,55244.690391001845,55142.635965421476,54557.26086315397
2019-10-15,55641.59781795799,55641.59798078843,55641.59754904287,55641.598401628224,55452.70529710576,54770.90383543157
2019-10-16,55597.00939648091,55597.00955918087,55597.0091277813,55597.00997968343,55425.10237863671,54764.04395802209
2019-10-17,55636.502664859836,55636.50282767537,55636.50239596935,55636.503248476634,55491.03936858062,54857.482311040265
2019-10-18,55157.88022174942,55157.880383164316,55157.879955172124,55157.88080034556,55036.34110911562,54499.90546101046
2019-10-21,55362.285991707045,55362.28615372011,55362.285724141846,55362.28657244737,55195.883417458455,54568.44055042148
2019-10-22,55293.155207777876,55293.15536958863,55293.15494054678,55293.155787793025,55129.30359016381,54489.39810234579
2019-10-23,55071.439684394885,55071.439845556815,55071.43941823535,55071.44026208429,54914.75899192907,54328.098469461496
2019-10-24,55548.3401213428,55548.34028390033,55548.3398528784,55548.34070403479,55358.4451977214,54739.97132281875
2019-10-25,55992.50315269965,55992.50331655699,55992.502882088615,55992.50374005084,55627.02600118248,54804.98284122854
2019-10-28,56132.45016623792,56132.4503305048,56132.44989495052,56132.45075505712,55748.54319628589,54892.37456294176
2019-10-29,55900.93850583238,55900.938669421754,55900.93823566387,55900.93909222307,55504.76563672601,54681.82959154146
2019-10-30,56065.08646089088,56065.08662496061,56065.08618992905,56065.08704900345,55682.639217492484,54878.029340617766
2019-10-31,56003.97631053153,56003.97647442243,56003.97603986505,56003.976898003064,55616.086190022936,54853.71189215766
2019-11-01,56585.59483084137,56585.59499643434,56585.59455736394,56585.59542441399,56192.26922095064,55376.931707932774
2019-11-04,57073.32313174541,57073.323298765674,57073.32285591079,57073.323730434204,56659.350266529225,55750.716615136334
2019-11-05,56837.87823127532,56837.87839760656,56837.877956578595,56837.87882749433,56514.472191890025,55645.42260756864
2019-11-06,56859.546266977275,56859.54643337192,56859.54599217582,56859.54686342358,56591.49820249586,55750.68844417153
2019-11-07,56897.17222767778,56897.17239418254,56897.17195269449,56897.17282451878,56624.176231438665,55760.75461202728
2019-11-08,57227.57767766765,57227.57784513932,57227.57740108752,57227.57827797454,57026.63257200009,56123.690729662245
2019-11-11,56985.24347909606,56985.24364585855,56985.24320368712,56985.2440768609,56834.38252680296,55927.674941796635
2019-11-12,56884.784128595325,56884.78429506382,56884.78385367191,56884.78472530637,56687.18113252602,55772.82755504833
2019-11-13,56976.84931881579,56976.84948555371,56976.84904344742,56976.84991649258,56789.48849614148,55901.46906071742
2019-11-14,57001.07716354852,57001.077330357344,57001.076888063064,57001.07776147946,56775.29985333087,55856.81026009485
2019-11-15,57335.29860595307,57335.29877373997,57335.298328852325,57335.29920738994,57073.0088032528,56120.471619784024
2019-11-18,57736.66287978518,57736.663048746625,57736.66260074465,57736.663485432284,57468.55307658424,56473.486111554696
2019-11-19,57214.97566122052,57214.9758286553,57214.97538470129,57214.97626139522,57021.95291706369,56019.714674655224
2019-11-20,56768.350298645826,56768.35046477358,56768.35002428513,56768.3508941355,56617.00695047876,55613.18098483035
2019-11-21,56420.00266474592,56420.00282985427,56420.002392068774,56420.00325658149,56283.82030868107,55341.47853881303
2019-11-22,56523.10810693381,56523.10827234389,56523.10783375836,56523.108699850934,56396.050822852485,55451.04009284109
2019-11-25,57018.48603350156,57018.48620036132,57018.485757931965,57018.486631615124,56813.53064083057,55780.0980394405
2019-11-26,56819.46943515916,56819.46960143652,56819.4691605514,56819.470031185076,56652.856075419186,55668.075247235814
2019-11-27,57041.48830290527,57041.488469832344,57041.48802722449,57041.48890126012,56792.90479585277,55777.80075911864
2019-11-28,57139.40376553629,57139.403932749905,57139.40348938228,57139.40436491825,56890.39354856055,55873.547019049096
2019-11-29,57000.10294068299,57000.10310748895,57000.10266520223,57000.10353860371,56781.56593655705,55794.881365847614
2019-12-02,56480.71131504848,56480.711480334474,56480.71104207793,56480.71190752087,56264.16564574437,55286.47186060778
2019-12-03,56176.08993926847,56176.090103663024,56176.08966777015,56176.090528545436,55960.712180887705,54988.291460112116
2019-12-04,56441.96259876029,56441.9627639329,56441.96232597702,56441.963190826216,56225.56549108914,55248.54245492534
2019-12-05,56612.76713114016,56612.767296812606,56612.76685753139,56612.767724997786,56395.715163058725,55415.735462116936
2019-12-06,57139.323682391456,57139.32384960483,57139.32340623785,57139.32428177257,56920.25290933817,55931.15839635355
2019-12-09,56829.4287195116,56829.42888581809,56829.42844485571,56829.42931564197,56611.546076185936,55627.81591453823
2019-12-10,56955.04965488773,56955.04982156184,56955.04937962472,56955.050252335845,56736.68538396042,55750.78069573647
2019-12-11,57248.97298293358,57248.973150467835,57248.97270625004,57248.9735834649,57029.48181713697,56038.48925015854
2019-12-12,58115.75902530997,58115.75919538081,58115.75874443727,58115.75963493372,57892.94462297261,56886.947795124535
2019-12-13,57744.79541670289,57744.79558568813,57744.79513762304,57744.796022435294,57523.40327979106,56523.82791523909
2019-12-16,58199.17248860055,58199.17265891549,58199.17220732471,58199.17309909929,57976.03828107985,56968.59754746719
2019-12-17,58401.94133567928,58401.9415065876,58401.941053423456,58401.94194830503,58178.029717345526,57167.079009495785
2019-12-18,58355.784508187855,58355.784678961114,58355.78422615512,58355.78512032944,58132.0498540047,57121.89813119479
2019-12-19,58499.71490079992,58499.715071994375,58499.71461807157,58499.7155144513,58275.42842100274,57262.785230803835
2019-12-20,58709.73948929289,58709.739661101965,58709.7392055495,58709.74010514739,58484.64778034709,57468.36901739928
2019-12-23,58995.25422649348,58995.25439913809,58995.253941370196,58995.254845342984,58769.067861010546,57747.84677390238
2019-12-24,59147.32862016681,59147.328793256456,59147.32833430856,59147.32924061156,58920.559205168465,57896.70567618572
2019-12-25,59147.32862016681,59147.328793256456,59147.32833430856,59147.32924061156,58920.559205168465,57896.70567618572
2019-12-26,59448.8540889855,59448.85426295754,59448.853801669975,59448.85471259319,59220.928632695584,58191.85563019594
2019-12-27,59383.06111894993,59383.061292729435,59383.06083195239,59383.06174186747,59155.38791130208,58127.45379987536
2019-12-30,59080.23165300884,59080.231825902134,59080.231367474866,59080.23227274975,58853.71948614571,57831.027420718645
2019-12-31,59021.68583828185,59021.6860110038,59021.685553030824,59021.68645740862,58795.39813464413,57773.71951040559
2020-01-02,60251.65883007399,60251.65900639536,60251.658538878524,60251.659462102965,60020.655439991606,58953.47946616285
2020-01-03,60184.13145896977,60184.13163509354,60184.13116810066,60184.13209029039,59953.38696718083,58902.437378706905
2020-01-06,60441.867262002386,60441.86743888039,60441.86696988764,60441.867896026604,60210.134617432224,59137.78911249972
2020-01-07,60587.552033142565,60587.55221044693,60587.551740323746,60587.55266869501,60355.26083671392,59307.2535982956
2020-01-08,60971.22177379489,60971.22195222202,60971.22147912179,60971.22241337195,60737.4595969404,59713.42790840078
2020-01-09,61203.615642679506,61203.61582178672,61203.615346883256,61203.61628469435,60968.962473401094,59909.009346394414
2020-01-10,60777.13297340321,60777.133151262366,60777.13267966815,60777.13361094433,60544.114928274525,59490.334332926424
2020-01-13,61148.47354709786,61148.47372604372,61148.47325156812,61148.474188534274,60914.03179126869,59853.773223590775
2020-01-14,61038.29949260365,61038.29967122708,61038.299197606364,61038.30013288435,60804.28014141164,59768.93034106246
2020-01-15,61049.03904042442,61049.03921907928,61049.038745375234,61049.03968081778,60814.97851406806,59804.14377448519
2020-01-16,61473.77233110607,61473.772511003874,61473.772034004156,61473.77297595481,61238.08338767484,60234.96040748728
2020-01-17,61891.64814550071,61891.64832662139,61891.64784637921,61891.64879473289,61654.357076391396,60670.76475701479
2020-01-20,61973.21666310367,61973.216844463044,61973.21636358795,61973.21731319149,61735.61286228777,60750.724242524586
2020-01-21,61741.51215685118,61741.5123375325,61741.511858455284,61741.512804508464,61504.7967054597,60428.483601395725
2020-01-22,61825.58701356268,61825.58719449004,61825.58671476046,61825.587662101905,61588.549221221634,60376.3876723375
2020-01-23,62306.31974631433,62306.31992864852,62306.319445188725,62306.32039989636,62067.43883640365,60921.8727213845
2020-01-24,62309.81767996001,62309.81786230443,62309.817378817505,62309.81833357873,62070.92335905706,60651.86115096442
2020-01-27,61399.43872972157,61399.43890940185,61399.43843297892,61399.439373790585,61164.03477950465,59771.10186283925
2020-01-28,62276.060052191075,62276.06023443671,62276.05975121172,62276.06070545569,62037.29515720946,60570.23060139818
2020-01-29,62282.65276426752,62282.65294653244,62282.652463256294,62282.653417601294,62043.86259298864,60656.998658363416
2020-01-30,63055.4747079053,63055.47489243183,63055.47440315904,63055.47536934584,62813.721556147924,61424.864788675615
2020-01-31,62044.15092463955,62044.15110620651,62044.15062478099,62044.15157547148,61806.27516359541,60496.09227582926
2020-02-03,62607.72604779936,62607.72623101558,62607.72574521706,62607.72670454309,62367.68955348175,61045.60568115331
2020-02-04,63020.25253089773,63020.25271532117,63020.252226321674,63020.253191968775,62778.63442010771,61447.83924895657
2020-02-05,63160.45413445898,63160.454319292716,63160.45382920533,63160.45479700072,62918.2984941412,61584.54269351757
2020-02-06,63400.42944899218,63400.429634528184,63400.42914257873,63400.43011405121,63157.35374917281,61818.530403165736
2020-02-07,63599.544190212,63599.544376330705,63599.54388283624,63599.54485735971,63355.70508933231,62012.677048398145
2020-02-10,64844.030065194325,64844.030254954916,64844.02975180398,64844.03074539647,64595.419635829865,63226.11185582007
2020-02-11,64723.51887876922,64723.51906817714,64723.518565961305,64723.519557707215,64475.370486353575,63108.60753437165
2020-02-12,64996.50967435109,64996.5098645579,64996.50936022382,64996.510356152714,64747.31464188495,63374.7869584407
2020-02-13,64999.54625960463,64999.54644982033,64999.54594546269,64999.54694143811,64750.339584944704,63377.74777809838
2020-02-14,65402.2158837907,65402.21607518477,65402.21556770266,65402.216569848104,65151.46538361499,63770.37042468794
2020-02-17,65398.019011227356,65398.019202609146,65398.0186951596,65398.019697240736,65147.28460175866,63766.278267956346
2020-02-18,65836.99782832323,65836.99802098966,65836.99751013391,65836.99851894143,65584.58038477892,64194.30415968663
2020-02-19,66425.95032349222,66425.95051788217,66425.95000245648,66425.95102028841,66171.27485044925,64768.56174823997
2020-02-20,66172.27727360236,66172.27746724997,66172.27695379264,66172.27796773758,65918.57437684419,64521.2180743348
2020-02-21,66067.97594702875,66067.97614037113,66067.9756277231,66067.97664006987,65814.67293901218,64419.519161820834
2020-02-24,64965.44261776407,64965.442807879976,64965.44230378695,64965.443299239814,64716.366695634984,63344.495053498555
2020-02-25,63208.890624810745,63208.89080978625,63208.890319323014,63208.89128786058,62966.5492801706,61631.770648871476
2020-02-26,63381.373490612954,63381.373676093215,63381.37318429162,63381.3741554721,63138.370850873136,61799.94990848039
2020-02-27,61440.70000409275,61440.7001838938,61440.69970715066,61440.70064859458,61205.137859156464,59907.69801095048
2020-02-28,60643.17749675456,60643.17767422172,60643.17720366688,60643.17813289052,60410.673033655396,59130.07442392478
2020-03-02,62236.728378400425,62236.72856053098,62236.72807761114,62236.72903125246,61998.114280096575,60645.25627661945
2020-03-03,61450.67593713654,61450.67611696678,61450.67564014623,61450.67658174302,61215.07554471632,59833.21362362456
2020-03-04,63158.81772037332,63158.81790520229,63158.81741512758,63158.81838289789,62916.668354027206,61479.56165734446
2020-03-05,62102.940015379085,62102.94019711812,62102.93971523638,62102.940666827686,61864.83885839521,60453.880765079
2020-03-06,61956.5308712721,61956.531052582686,61956.53057183699,61956.5315211849,61718.991043375005,60315.814437064735
2020-03-09,57974.06111997951,57974.061289635734,57974.06083979164,57974.061728116925,57751.789983954346,56395.83445881524
2020-03-10,58889.77787342495,58889.778045760955,58889.77758881142,58889.778491168065,58663.99590170649,57295.88093496256
2020-03-11,57943.452777863866,57943.45294743053,57943.45249782391,57943.45338568021,57721.29899347567,56379.22816595205
2020-03-12,55780.21539902624,55780.21556226236,55780.21512944119,55780.215984150615,55566.35541397514,54256.515796863976
2020-03-13,56975.85444172482,56975.85460845988,56975.85416636125,56975.85503939124,56757.410405752285,55431.683043091754
2020-03-16,54462.92791176686,54462.92807114806,54462.92764854825,54462.92848307314,54254.118374805985,52978.70129501886
2020-03-17,56308.64234681976,56308.64251160227,56308.64207468083,56308.64293748724,56092.75638574209,54733.89499252827
2020-03-18,55352.68621195934,55352.68637394433,55352.68594444053,55352.68679259901,55140.46536338165,53778.678375422074
2020-03-19,56028.322712881294,56028.32287684347,56028.32244209713,56028.32330060827,55813.51149044158,54427.08183876204
2020-03-20,55666.873872021846,55666.87403492627,55666.87360298457,55666.8744559573,55453.44843562026,54054.00814830605
2020-03-23,56600.49535384099,56600.495519477576,56600.49508029153,56600.49594756996,56383.490435454296,54933.49949555395
2020-03-24,58495.60914885324,58495.60932003572,58495.60886614473,58495.609762461616,58271.3384104088,56878.236661838804
2020-03-25,57802.18564346319,57802.18581261644,57802.18536410598,57802.18624979769,57580.57347382198,56341.453864105206
2020-03-26,58942.80824891227,58942.808421403446,58942.807964042426,58942.80886721167,58716.82296002787,57415.252440819866
2020-03-27,57893.749096933265,57893.749266354454,57893.74881713351,57893.749704228234,57671.785875245194,56369.72886126271
2020-03-30,58411.93803810213,58411.938209039756,58411.93775579798,58411.93865083281,58187.98809265512,56863.63934034599
2020-03-31,57932.16306413926,57932.16323367286,57932.16278415386,57932.16367183719,57710.052564238045,56324.160008937564
2020-04-01,57411.43563042773,57411.43579845849,57411.435352935776,57411.43623253048,57191.32158685472,55817.88622680825
2020-04-02,58897.980669458746,58897.98084177708,58897.980384798255,58897.98128688912,58672.167248617974,57263.16974793305
2020-04-03,58588.69566358763,58588.6958347744,58588.69538054353,58588.69627760912,58364.06803408587,56962.46945867261
2020-04-06,60234.36418449373,60234.364360255895,60234.36389364069,60234.364815794004,60003.427102126225,58562.45972600871
2020-04-07,59604.45267017791,59604.45284425162,59604.45238226832,59604.45329476318,59375.930653170864,57950.0324483827
2020-04-08,59901.73932721961,59901.73950213241,59901.73903790124,59901.739955042685,59672.077520381514,58239.06742233177
2020-04-09,60591.32676514246,60591.32694202158,60591.326472519024,60591.32740016099,60359.02109692968,58909.51421962164
2020-04-10,60528.02852277735,60528.02869947168,60528.02823045961,60528.02915713249,60295.96553848114,58847.97292472414
2020-04-13,61014.12034048158,61014.12051869774,61014.120045783464,61014.12098028423,60780.193691815,59320.57246008124
2020-04-14,62014.99106478049,62014.99124545117,62014.99076550479,62014.991714796975,61777.22710250658,60293.66236002844
2020-04-15,61549.5542867058,61549.55446607064,61549.553989685744,61549.55493233269,61313.574797438276,59841.14455046253
2020-04-16,62022.02728771394,62022.027468581495,62022.02698833647,62022.02793826653,61784.23634844877,60300.50328164895
2020-04-17,61588.71870706356,61588.71888666511,61588.71840977108,61588.71935297161,61352.58906236964,59879.22189764086
2020-04-20,61421.23095612682,61421.23113548083,61421.23065952361,61421.231600579544,61185.74345514366,59716.38304708941
2020-04-21,60593.561857108325,60593.56203410917,60593.5615644761,60593.56249302704,60361.24761916296,58911.687273833566
2020-04-22,61623.463902228534,61623.46408235328,61623.463604553566,61623.4645489542,61387.20104491823,59913.00268355726
2020-04-23,61468.81987896782,61468.82005880215,61468.81958197022,61468.820524400966,61233.14992285173,59762.65106164067
2020-04-24,61523.471268567504,61523.47144817793,61523.47097151554,61523.47191434013,61287.59178062761,59815.78551058746
2020-04-27,61710.13015156653,61710.130331679444,61710.12985363695,61710.13079927781,61473.535018050454,59997.26336729931
2020-04-28,61453.73057624422,61453.73075540783,61453.73027963254,61453.73122077196,61218.11847275314,59747.980585728445
2020-04-29,62276.75480752469,62276.75498948764,62276.75450672567,62276.75546097285,62037.98724891131,60548.160418434025
2020-04-30,61872.97391083619,61872.974091510776,61872.97361206897,61872.974560256975,61635.754438282456,60155.587128704945
2020-05-01,61510.92610058338,61510.926280200765,61510.925803564394,61510.9267462041,61275.094710501835,59803.588554564885
2020-05-04,62034.90945048224,62034.90963162969,62034.90915093308,62034.91010160269,61797.069121019995,60313.02787946714
2020-05-05,62077.337840397246,62077.338021668606,62077.337540643224,62077.338491963026,61839.33484152314,60354.27859920693
2020-05-06,61898.72287322941,61898.723053979185,61898.72257433786,61898.72352292044,61661.40467978201,60180.62138603596
2020-05-07,62618.57267838068,62618.57286123249,62618.57237601318,62618.57333562728,62378.49459834142,60880.490568593144
2020-05-08,62601.99936523133,62601.999548034735,62601.99906294386,62602.00002230399,62361.98482687037,60864.37727517681
2020-05-11,62485.84379291079,62485.843975375006,62485.843491184205,62485.84444876428,62246.27459218043,60751.44579298747
2020-05-12,62138.72733576843,62138.72751721904,62138.72703571797,62138.72798797858,61900.48897106669,60413.964127542946
2020-05-13,62040.6912107204,62040.691391884735,62040.69091114333,62040.691861901556,61802.82871413046,60318.64915738188
2020-05-14,62491.388357006406,62491.38853948682,62491.38805525304,62491.38901291809,62251.79789855256,60756.836458531114
2020-05-15,62938.8362845255,62938.836468312504,62938.83598061153,62938.8369451336,62697.53032163326,61191.86472835732
2020-05-18,62877.444262874975,62877.4444464827,62877.44395925746,62877.444922838724,62636.37367549606,61132.17674386305
2020-05-19,62766.81090122305,62766.81108450772,62766.81059813975,62766.81156002558,62526.16447945376,61024.614194246715
2020-05-20,62906.23633853079,62906.23652222259,62906.23603477424,62906.23699879673,62665.055363036205,61160.16964781212
2020-05-21,61808.54875788791,61808.54893837436,61808.54845943179,61808.54940663249,61571.576289798904,60092.9502024915
2020-05-22,62161.51404957471,62161.51423109186,62161.51374941422,62161.514702024026,61923.18832116813,60436.11835839867
2020-05-25,62239.63272624794,62239.632907993204,62239.63242571023,62239.63337951719,62001.00749274074,60512.06872192521
2020-05-26,61618.95400563421,61618.95418556703,61618.9537080936,61618.95465238881,61382.70843920009,59908.61796633978
2020-05-27,61566.990483068854,61566.99066284994,61566.990185779156,61566.99112927805,61330.94414351256,59858.0967773357
2020-05-28,61876.757701826806,61876.757882512444,61876.75740304132,61876.75835128732,61639.52372231072,60159.265894314995
2020-05-29,62763.41412408203,62763.41430735678,62763.413821015136,62763.41478284892,62522.78072547343,61021.31170027647
2020-06-01,61878.042992328934,61878.043173018326,61878.04269353726,61878.043641802935,61640.80408504042,60160.515509452256
2020-06-02,62379.06340837661,62379.063590529026,62379.06310716565,62379.06406310934,62139.9036010356,60647.629274732855
2020-06-03,62111.71113598028,62111.711317352,62111.71083606031,62111.711787906876,61873.57635072945,60387.69780708801
2020-06-04,61772.99442832046,61772.994608703084,61772.994130036066,61772.99507669187,61536.158274663634,60058.38274217871
2020-06-05,62336.11208618954,62336.1122682165,62336.111785186,62336.11274047145,62097.116953169956,60605.87013757157
2020-06-08,62371.95168082141,62371.95186295303,62371.95137964483,62371.95233547951,62132.81913967033,60640.71494494485
2020-06-09,62701.118862436175,62701.11904552898,62701.11855967012,62701.119520549204,62460.72430234097,60960.745546707614
2020-06-10,63057.92664265247,63057.9268267872,63057.92633816348,63057.927304510566,62816.16409023242,61307.64953651637
2020-06-11,60439.663745222555,60439.66392171172,60439.663453376415,60439.66437959927,60207.93954887749,58762.06085866851
2020-06-12,60781.240714768915,60781.24089225552,60781.24042127342,60781.24135273086,60548.206920655546,59094.156794162365
2020-06-15,61038.579062769866,61038.57924100792,61038.578768031744,61038.579703432835,60804.55863970815,59344.35229045508
2020-06-16,61634.24193922792,61634.24211920536,61634.24164161351,61634.24258614298,61397.93775922933,59923.48155803714
2020-06-17,61858.83291363822,61858.833094271504,61858.832614939325,61858.8335629106,61621.66765732276,60141.838638285626
2020-06-18,62044.5901968264,62044.5903780021,62044.58989723054,62044.590848048494,61806.71275161883,60322.43992067624
2020-06-19,62116.62555077276,62116.625732158805,62116.625250829056,62116.62620275093,61878.47192377549,60392.47581416524
2020-06-22,62619.46536268088,62619.46554553528,62619.46506030911,62619.46601993688,62379.38386011178,60881.358474963345
2020-06-23,62616.872448261194,62616.87263110802,62616.872145901936,62616.873105489976,62376.80088686273,60878.83753117429
2020-06-24,61672.46744098336,61672.467621072436,61672.46714318437,61672.46808829963,61436.01670534359,59960.646047733455
2020-06-25,62031.63733268416,62031.63751382203,62031.63703315084,62031.637983770284,61793.80954844172,60309.84658471347
2020-06-26,61241.31617328864,61241.31635211871,61241.31587757155,61241.316816079525,61006.518461091066,59541.46209696946
2020-06-29,61487.55265576562,61487.552835314724,61487.55235885954,61487.55330114101,61251.810878901284,59780.86387838788
2020-06-30,62362.042876393956,62362.043058496674,62362.04257526521,62362.04353094803,62122.948325357356,60631.08117578202
2020-07-01,62618.02305493422,62618.02323778443,62618.02275256941,62618.02371217507,62377.94708213786,60879.956200855
2020-07-02,62938.97120518842,62938.97138897583,62938.97090127385,62938.97186579796,62697.664725013674,61191.995904073985
2020-07-03,63021.749235033145,63021.749419062275,63021.748930718866,63021.74989651153,62780.125385911386,61272.47629271415
2020-07-06,63904.50731020809,63904.50749681498,63904.507001631246,63904.50798095197,63659.498988161446,62130.73195666979
2020-07-07,63227.338261861805,63227.33844649128,63227.3379565548,63227.33892549807,62984.92618942663,61472.3588558817
2020-07-08,64187.833978422095,64187.834165856315,64187.833668477135,64187.83465213977,63941.739388841386,62406.19442434092
2020-07-09,64108.587398536285,64108.58758573909,64108.58708897398,64108.58807142218,63862.7966384096,62329.147464421985
2020-07-10,64350.56790817424,64350.568096083654,64350.56759744351,64350.568583600005,64103.849400676845,62564.41140457064
2020-07-13,63446.13584725568,63446.13603252406,63446.135540892195,63446.13651318848,63202.884910215784,61685.08335221321
2020-07-14,64051.59610628304,64051.59629331943,64051.59579699594,64051.59677857078,63806.02384938054,62273.738059798074
2020-07-15,64319.90769338776,64319.90788120764,64319.907382805075,64319.90836849172,64073.306736405895,62534.60221478407
2020-07-16,63796.62983630547,63796.630022597325,63796.62952824955,63796.630505917085,63552.03511386203,62025.848800577776
2020-07-17,64177.19021163097,64177.19039903412,64177.18990173744,64177.19088523699,63931.136429992504,62395.846092911204
2020-07-20,65172.779530372165,65172.779720682534,65172.7792156712,65172.78021442792,64922.90868357353,63363.801182547686
2020-07-21,64891.25143204296,64891.251621531235,64891.251118701424,64891.2521131438,64642.459957105304,63090.08736247783
2020-07-22,64678.29582809658,64678.296016963,64678.29551578334,64678.29650696223,64430.32081974929,62883.04269373114
2020-07-23,63938.01843075437,63938.0186174591,63938.018122015725,63938.01910185005,63692.881627889066,62163.312920609176
2020-07-24,63870.243812866815,63870.24399937364,63870.24350445544,63870.24448325112,63625.36685623311,62097.41949939875
2020-07-27,65330.071102964735,65330.07129373443,65330.070787504264,65330.07178867142,65079.59720411401,63516.726867247184
2020-07-28,64657.89692179155,64657.897110598424,64657.89660957681,64657.89760044306,64410.00012235342,62863.209992828015
2020-07-29,65295.58350379257,65295.58369446156,65295.583188498626,65295.584189137255,65045.241829555715,63483.19652846228
2020-07-30,65796.41876536116,65796.41895749264,65796.4184476488,65796.41945596263,65544.15690094957,63970.13027853271
2020-07-31,66321.13027181833,66321.13046548204,66321.1299515723,66321.13096792718,66066.85667629159,64480.27754880296
2020-08-03,66718.53131034812,66718.53153342339,66718.53099809984,66718.53200504529,66462.73410231997,64866.648087620604
2020-08-04,67247.72951750373,67247.72973067603,67247.72919925903,67247.73022033098,66989.90337218335,65381.15751333165
2020-08-05,67797.13871622739,67797.13894647382,67797.1384095418,67797.13942652797,67537.20617423211,65915.31696616983
2020-08-06,68228.41588751922,68228.41612719919,68228.41558238851,68228.41660114781,67966.8298447705,66334.62333297038
2020-08-07,67542.42206067599,67542.422276097,67542.42175032808,67542.42277111324,67283.46608955287,65667.67038108813
2020-08-10,67973.80420726317,67973.80440706713,67973.80388862194,67973.80492540803,67713.19431894843,66087.07878804214
2020-08-11,66980.94642627833,66980.94660408796,66980.94610805162,66980.9471390357,66724.14312604592,65121.77940244553
2020-08-12,68155.60106898357,68155.601247014,68155.6007429886,68155.60179417838,67894.2941680589,66263.82955866387
2020-08-13,68102.48717359433,68102.48736040197,68102.48684990483,68102.48789587717,67841.383912121,66212.18993452517
2020-08-14,68024.82038861957,68024.82056427025,68024.82005824972,68024.82111050119,67764.0148881269,66136.67890954636
2020-08-17,68633.9786510571,68633.97884449718,68633.9783227675,68633.97937584399,68370.83765904327,66728.9289896222
2020-08-18,68793.87571318407,68793.87593185944,68793.87539642787,68793.87643671362,68530.12169865025,66884.38786608438
2020-08-19,68435.0373999289,68435.0376248903,68435.03708757849,68435.03811829635,68172.65916640517,66535.50971023791
2020-08-20,69167.23891102018,69167.23915412926,69167.23860193584,69167.23963455031,68902.05344470087,67247.38777051038
2020-08-21,69501.90838095268,69501.90862108988,69501.90807045216,69501.90910963631,69235.43980133244,67572.76793262424
2020-08-24,70491.1818156157,70491.18204932495,70491.18149905093,70491.18255759959,70220.92038530909,68534.58243875281
2020-08-25,70470.04228323272,70470.04254808593,70470.04198250074,70470.04302141929,70199.8619256605,68514.02969673615
2020-08-26,71536.8592427989,71536.85968625362,71536.8590056579,71536.85996137914,71262.58883237779,69551.23553584536
2020-08-27,70959.7047452938,70959.70518979062,70959.70451300906,70959.70545788041,70687.64713463922,68990.10091915396
2020-08-28,71587.19457427609,71587.19500680247,71587.19433806055,71587.19529831602,71312.73118422728,69600.17371909072
2020-08-31,71750.43322163026,71750.43365686822,71750.43298162776,71750.43394488968,71475.34397212682,69758.88140840371
2020-09-01,72877.35293391634,72877.3533759902,72877.35269014435,72877.35366853535,72597.94310425775,70854.52160228703
2020-09-02,72711.84525851884,72711.84569958872,72711.84501530045,72711.84599146948,72433.0699808785,70693.60786585601
2020-09-03,69733.91622825802,69733.91665126379,69733.9159950007,69733.91693119053,69466.55825118611,67798.3361756778
2020-09-04,68807.0985081932,68807.09892557687,68807.098278036,68807.09920178317,68543.29392556909,66897.24381263238
2020-09-08,67031.70319022963,67031.70359684377,67031.70296601107,67031.70386592325,66774.70542595716,65171.12752485616
2020-09-09,68679.45084136003,68679.4512579694,68679.45061162981,68679.45153366329,68416.13565648998,66773.13921767936
2020-09-10,67528.5016957952,67528.50210542293,67528.50146991489,67528.50237649666,67269.59921928738,65654.1365671371
2020-09-11,66949.37604904086,66949.37645515561,66949.37582509768,66949.37672390461,66692.69392483447,65091.085509484066
2020-09-14,67829.0009228302,67829.00133428075,67829.0006959447,67829.00160656075,67568.94634029135,65946.29494166982
2020-09-15,68503.71040129605,68503.71081683942,68503.7101721537,68503.71109182783,68241.0690005914,66602.27674387081
2020-09-16,67501.87462347638,67501.87503294261,67501.87439768513,67501.87530390944,67243.07423445444,65628.24857320116
2020-09-17,66572.96371416509,66572.96411799654,66572.96349148102,66572.96438523455,66317.72474482277,64725.121120835
2020-09-18,66212.70344496763,66212.70384661375,66212.7032234886,66212.70411240558,65958.84570389989,64374.86047059646
2020-09-21,66019.20799315162,66019.208393624,66019.20777231983,66019.2086586391,65766.09210849134,64186.73580472019
2020-09-22,67267.53993972516,67267.54034776991,67267.53971471777,67267.54061779608,67009.63798363795,65400.418235742705
2020-09-23,65519.43344672311,65519.43384416386,65519.433227563066,65519.43410717275,65268.23368435961,63700.83332650722
2020-09-24,66200.15435587107,66200.15475744108,66200.15413443404,66200.15502318252,65946.34472767665,64362.65970220022
2020-09-25,67229.96260003276,67229.96300784957,67229.96237515105,67229.96327772489,66972.20471446484,65363.883917195126
2020-09-28,68164.04648674604,68164.04690022899,68164.04625873987,68164.04717385393,67902.70734844095,66272.04076242918
2020-09-29,68362.49013621561,68362.49055090234,68362.48990754566,68362.49082532388,68100.39017024511,66464.97628055824
2020-09-30,68658.54898586306,68658.54940234568,68658.54875620281,68658.54967795567,68395.31393815017,66752.81752771379
2020-10-01,69255.38609538598,69255.3865158629,69255.385863705,69255.38679358756,68989.86279033936,67333.10015642323
2020-10-02,68423.52677969082,68423.52719092472,68423.5265510654,68423.52746846627,68161.1927983589,66524.1989250305
2020-10-05,69543.87778541728,69543.87820634314,69543.87755285593,69543.87848620427,69277.24841006708,67613.54350411393
2020-10-06,68468.05488427752,68468.05529772733,68468.05465537657,68468.05557398437,68205.55018464943,66567.55206589731
2020-10-07,69280.62745075417,69280.62786809698,69280.62721920261,69280.62814839499,69015.00736887702,67357.53786466659
2020-10-08,69193.29977170654,69193.30019082662,69193.299540297,69193.30046903918,68928.01450333084,67272.70641815812
2020-10-09,69519.26088902545,69519.26130956702,69519.26065656175,69519.261589506,69252.72589404679,67589.6025257942
2020-10-12,69983.03899376838,69983.03941640235,69983.03875980024,69983.03969874514,69714.7258854207,68040.48510859723
2020-10-13,69951.98040870762,69951.98082855633,69951.9801750123,69951.98111272731,69683.78637645197,68010.20721311875
2020-10-14,69901.62212353962,69901.62254366312,69901.621889975,69901.62282719559,69633.62116398664,67961.26489226607
2020-10-15,69855.60398464292,69855.6044051879,69855.60375118665,69855.60468800875,69587.77945786601,67916.5460226833
2020-10-16,69739.60235221771,69739.60276892492,69739.60211935335,69739.60305363701,69472.22257056266,67803.66597488578
2020-10-19,69280.70859589311,69280.709011386,69280.70836446164,69280.70929307584,69015.08820169939,67357.55876075693
2020-10-20,69628.00851338058,69628.00893018884,69628.0082808389,69628.00921386792,69361.05658003873,67695.19399106308
2020-10-21,69921.79768483316,69921.7981011653,69921.79745145567,69921.79838772195,69653.71937016008,67980.75777913466
2020-10-22,69615.16156700563,69615.16198322586,69615.16133454011,69615.16226723698,69348.25888818086,67682.68764470298
2020-10-23,70116.81444408729,70116.81486355723,70116.81420993031,70116.81514942665,69847.98844163104,68170.42279587153
2020-10-26,69320.43489811762,69320.43530985372,69320.43466681335,69320.43559470942,69054.66219172908,67396.0570913152
2020-10-27,69521.92797756339,69521.9283876922,69521.92774576922,69521.92867548457,69255.38275022847,67591.86871098379
2020-10-28,67340.0661427731,67340.06653745887,67340.0659184208,67340.06681815312,67081.88611414516,65470.49885557858
2020-10-29,68309.21947214425,68309.21987632311,68309.21924431506,68309.22015818983,68047.32373783026,66412.86501267462
2020-10-30,67391.32225116818,67391.32265078547,67391.32202634386,67391.32292821073,67132.94571100331,65520.47708836948
2020-11-02,67486.91042285025,67486.91082303436,67486.91019770704,67486.91110085313,67228.16740017317,65613.41164438358
2020-11-03,68532.56038338397,68532.56078976855,68532.56015475235,68532.56107189189,68269.80836652186,66630.0333991291
2020-11-04,69631.46504232714,69631.46545522803,69631.46481002947,69631.46574187513,69364.49985418029,67698.43145281679
2020-11-05,71926.98093526975,71926.98136178259,71926.980695314,71926.9816578795,71651.21480013894,69930.22171075207
2020-11-06,71668.72533747621,71668.72576245765,71668.72509838204,71668.72605749143,71393.94934745025,69679.1355261672
2020-11-09,69878.10000366136,69878.10041802473,69878.09977054088,69878.10070568716,69610.18922362132,67938.21960051125
2020-11-10,69282.44592980116,69282.44634063244,69282.44569866786,69282.44662584277,69016.81887166476,67359.10143224777
2020-11-11,69931.40256714205,69931.40298182149,69931.40233384375,69931.40326970335,69663.2874264889,67990.0424357462
2020-11-12,69764.4188489002,69764.41926258945,69764.41861615898,69764.41954978391,69496.94391938909,67827.69433928923
2020-11-13,70290.23334550842,70290.23376231565,70290.23311101302,70290.23405167469,70020.74245717852,68338.91174127684
2020-11-16,70744.67472107802,70744.67514058,70744.67448506656,70744.67543180981,70473.44151658034,68780.7374057896
2020-11-17,71415.96453816096,71415.96496164358,71415.96429991002,71415.96525563682,71142.1576263284,69433.39159939502
2020-11-18,71169.86852341349,71169.86894543678,71169.86828598354,71169.86923841697,70897.00513716722,69194.12743663375
2020-11-19,71887.03016554877,71887.0305918247,71887.02992572631,71887.03088775718,71611.41720060832,69891.38001118711
2020-11-20,72031.62418165852,72031.62460879188,72031.6239413537,72031.62490531962,71755.45684709953,70031.95996426069
2020-11-23,71738.49913488344,71738.49956027864,71738.49889555652,71738.49985559967,71463.45563397085,69746.97233870745
2020-11-24,72540.58658200495,72540.58701215635,72540.58634000218,72540.5873107793,72262.46789911677,70526.79309969692
2020-11-25,72264.26544164799,72264.26587016087,72264.26520056705,72264.2661676463,71987.2061666752,70258.1428886458
2020-11-26,71590.41427843343,71590.4147029505,71590.41403960051,71590.41499766192,71315.93853092857,69602.99845423599
2020-11-27,71581.51955639455,71581.51998085887,71581.5193175913,71581.52027553368,71307.07791101781,69594.35065787158
2020-11-30,72699.69408970363,72699.6945207985,72699.69384717007,72699.69482007643,72420.96539285549,70681.4836364682
2020-12-01,73065.43784230908,73065.43827557274,73065.43759855538,73065.43857635632,72785.30689362454,71037.07400570725
2020-12-02,73786.08953563414,73786.08997317111,73786.08928947625,73786.09027692134,73503.19562749182,71737.71974441555
2020-12-03,74733.28131449867,74733.28175765232,74733.28106518087,74733.28206530178,74446.75589822565,72658.61660727997
2020-12-04,75715.94168709086,75715.94213607149,75715.9414344948,75715.94244776621,75425.6487770405,73613.997423049
2020-12-07,75943.19178106028,75943.19223138846,75943.19152770609,75943.19254401868,75652.02760018349,73834.93884514722
2020-12-08,76176.30109137252,76176.30154308298,76176.30083724065,76176.30185667283,75884.24317558939,74061.57682634715
2020-12-09,75692.67226010088,75692.67270894353,75692.67200758246,75692.67302054245,75402.46856441576,73591.37397677984
2020-12-10,75671.60199991638,75671.60244863409,75671.60174746826,75671.60276014627,75381.47908704936,73570.88864642056
2020-12-11,74852.64180929211,74852.64225315354,74852.6415595761,74852.64256129436,74565.65876805125,72774.66354482516
2020-12-14,74973.34372564103,74973.3441702182,74973.34347552236,74973.34447885591,74685.89791645772,72892.01466482822
2020-12-15,76039.64610889684,76039.64655979697,76039.64585522088,76039.64687282425,75748.11212468814,73928.71551202335
2020-12-16,77059.90110067249,77059.90155762254,77059.90084359286,77059.90187484983,76764.45548591472,74920.64728572842
2020-12-17,77862.08899607052,77862.08945777739,77862.08873631472,77862.089778307,77563.56781422115,75700.56570645778
2020-12-18,77663.33607925788,77663.33653978618,77663.33582016513,77663.33685949759,77365.57691081436,75507.33035363692
2020-12-21,76646.64408092995,76646.64453542948,76646.643825229,76646.64485095553,76352.78288261325,74518.86266140049
2020-12-22,77441.97503083224,77441.97549004793,77441.97477247799,77441.97580884807,77145.06455477091,75292.11449175527
2020-12-23,77687.63244022425,77687.63290089663,77687.63218105045,77687.63322070807,77389.7801201779,75530.95222524964
2020-12-24,78473.71970417106,78473.72016950478,78473.71944237479,78473.72049255225,78172.85354642659,76295.21698288308
2020-12-25,79216.60354923287,79216.60401897175,79216.60328495826,79216.60434507739,78912.88919455117,77017.4776883235
2020-12-28,79396.80413831386,79396.8046091213,79396.8038734381,79396.80493596876,79092.39889935825,77192.6757431144
2020-12-29,80212.51464679188,80212.51512243634,80212.51437919484,80212.51545264176,79904.98199540518,77985.7413767324
2020-12-30,80535.10464978953,80535.10512734686,80535.10438111628,80535.10545888028,80226.33519689659,78299.37598419074
2020-12-31,80966.9435779684,80966.94405808646,80966.9433078545,80966.9443913976,80656.51846609084,78719.22666606573
2021-01-04,81969.52589773649,81969.52638379965,81969.52562427786,81969.52672123806,81655.25691186506,79693.976377412
2021-01-05,83593.43321134492,83593.43370703755,83593.43293246879,83593.43405116096,83272.93820795043,81272.80252862425
2021-01-06,86387.17473203974,86387.1752442987,86387.17444384338,86387.1755999229,86055.96859783315,83988.98721209567
2021-01-07,88667.29226482617,88667.29279060579,88667.29196902312,88667.29315561638,88327.3442205396,86205.80658253224
2021-01-08,89024.91314404026,89024.91367194049,89024.91284704416,89024.9140384233,88683.59399079818,86553.4995768252
2021-01-11,87961.97091632156,87961.97143791875,87961.97062287154,87961.97180002583,87624.72705535777,85520.06560415527
2021-01-12,88570.4320984477,88570.43262365296,88570.43180296781,88570.43298826485,88230.85541346724,86111.63534356587
2021-01-13,89651.60686712152,89651.60739873794,89651.60656803471,89651.6077678006,89307.88498678485,87162.7957050646
2021-01-14,90129.71737024843,90129.71790469995,90129.71706956663,90129.71827573085,89784.16242693739,87627.63342035803
2021-01-15,87837.11730240304,87837.11782325989,87837.11700936958,87837.118184853,87500.35212687995,85398.67804153025
2021-01-18,87501.9829719896,87501.98349085917,87501.98268007419,87501.98385107264,87166.50269259098,85072.84734873657
2021-01-19,89117.97948131633,89117.98000976845,89117.9791840098,89117.9803766344,88776.30351420824,86643.98230687865
2021-01-20,88079.08050688767,88079.0810291793,88079.080213047,88079.08139176849,87741.3876508631,85633.92412464725
2021-01-21,86177.42372454765,86177.42423556284,86177.4234370511,86177.4245903236,85847.02177013458,83785.05908572022
2021-01-22,85841.47502469177,85841.47553371485,85841.47473831597,85841.47588709265,85512.36108867398,83458.43663112973
2021-01-25,85695.91705148836,85695.91755964831,85695.91676559817,85695.9179124269,85367.36118087504,83316.91948129908
2021-01-26,85914.64193396886,85914.64244342581,85914.64164734898,85914.64279710481,85585.2474779636,83529.57235962973
2021-01-27,83299.88010840886,83299.88060236078,83299.87983051207,83299.88094527576,82980.51057981674,80987.39873014322
2021-01-28,84329.27775214799,84329.27825220404,84329.27747081703,84329.27859935665,84005.96154032189,81988.21934737428
2021-01-29,83179.02146446041,83179.02195769567,83179.02118696683,83179.02230011311,82860.1153047002,80869.89523344312
2021-02-01,84658.93364776783,84658.93414977868,84658.93412537381,84658.93514166898,84334.35461072435,82308.72412259123
2021-02-02,86607.3333705854,86607.33388414989,86607.3343353865,86607.33511327038,86275.28505874779,84203.03462536518
2021-02-03,87415.95954797699,87415.96006633648,87415.9604757116,87415.96130141203,87080.81087938453,84989.21258713918
2021-02-04,87843.0481258629,87843.04864675492,87843.04985846906,87843.05048207533,87506.26320450919,85404.44508983826
2021-02-05,88426.90395702746,88426.90448138164,88426.90499634035,88426.90582331838,88087.87945983573,85972.09216681568
2021-02-08,92079.88651765975,92079.88706367541,92079.88780314392,92079.88875172594,91726.85673327191,89523.66476514043
2021-02-09,92113.03423615413,92113.03478236633,92113.03532432702,92113.03626414543,91759.87711017411,89555.89210813274
2021-02-10,91104.86740115995,91104.86794139392,91104.86825665168,91104.8692490604,90755.57525077967,88575.71278650058
2021-02-11,91791.71971261056,91791.72025691743,91791.71976489438,91791.72102478106,91439.7929463556,89243.49712357111
2021-02-12,92300.30228080407,92300.30282812673,92300.30233337762,92300.30360024482,91946.42562387095,89737.9609717677
2021-02-15,92387.4211464512,92387.42169429047,92387.42199673058,92387.42294479767,92033.21178151744,89822.66166280331
2021-02-16,93582.71326752957,93582.71382245669,93582.71410221697,93582.71508174659,93223.9210164048,90984.77136932676
2021-02-17,94117.33652667367,94117.33708477099,94117.33771001005,94117.33855352885,93756.49504610273,91504.55306936907
2021-02-18,93605.68627207674,93605.68682714007,93605.68786129565,93605.68852233447,93246.80717724952,91007.1068378623
2021-02-19,94937.9736768842,94937.97423984774,94937.97487942391,94937.97574563228,94573.9860164545,92302.40864822037
2021-02-22,93198.49903832942,93198.49959097822,93198.50070605382,93198.50136420249,92841.18121068797,90611.2235617388
2021-02-23,93308.82321174766,93308.82376505065,93308.82578460827,93308.82611770275,92951.08390773187,90718.48541510174
2021-02-24,95314.37434530562,95314.37491050115,95314.37649044672,95314.37707224001,94948.94512375604,92668.3605211557
2021-02-25,93301.24466542176,93301.24521867982,93301.2469730542,93301.24744551115,92943.53399504579,90711.11722092722
2021-02-26,93069.17914611562,93069.17969799755,93069.18144800833,93069.18191929015,92712.3581992667,90485.49405158788
2021-03-01,96106.92334473082,96106.92391462598,96106.92572175646,96106.92620842074,95738.45589179709,93438.90770727835
2021-03-02,94387.36084168585,94387.36140138433,94387.36317618132,94387.36365413811,94025.4860752476,91767.0818239069
2021-03-03,95238.43137334904,95238.43193809419,95238.43372889415,95238.4342111606,94873.29365997465,92594.52586324229
2021-03-04,93605.18698161143,93605.18753667179,93605.18929676131,93605.18977075735,93246.3110169238,91006.62182186956
2021-03-05,95105.40835247608,95105.40891643245,95105.41070473114,95105.41118632397,94740.7806403792,92465.19568246328
2021-03-08,95540.37815814398,95540.37872467964,95540.3805211572,95540.38100495262,95174.08280119053,92888.09033055716
2021-03-09,97773.8661237147,97773.86670349451,97773.86854196909,97773.8690370744,97399.00772475355,95059.57463800607
2021-03-10,98470.56634267051,98470.56692658161,98470.56877815648,98470.56927678973,98093.0368421258,95736.93382497272
2021-03-11,99258.99129579694,99258.99188438324,99258.99375078312,99258.99425340879,98878.43902723305,96503.47138403123
2021-03-12,98910.03440847681,98910.03499499385,98910.0368548322,98910.0373556908,98530.82001704996,96164.20185741069
2021-03-15,99310.40671106959,99310.40729996077,99310.40916732744,99310.40967021344,98929.65731927619,96553.45946059425
2021-03-16,99313.96224291218,99313.96283182444,99313.96469925795,99313.96520216197,98933.19921944983,96556.91628763778
2021-03-17,100687.9250479772,100687.9256450368,100687.92753830538,100687.92804816684,100301.89434391922,97892.73663509812
2021-03-18,99285.88690037886,99285.88748912464,99285.88935603022,99285.88985879208,98905.23151588353,96529.62034215825
2021-03-19,99511.61816668218,99511.6187567665,99511.62062791659,99511.62113182152,99130.09734375798,96749.08510312148
2021-03-22,98963.46508684198,98963.46567367588,98963.46753451886,98963.46803564805,98584.045845803,96216.1492515291
2021-03-23,97669.3422526736,97669.34283183358,97669.34466834273,97669.34516291879,97294.8845911743,94957.9524447288
2021-03-24,96537.09114114626,96537.09171359224,96537.09352881128,96537.09401765389,96166.97445393505,93857.13365426582
2021-03-25,97434.38005030938,97434.38062807609,97434.38246016718,97434.38295355345,97060.82321802434,94729.51300688875
2021-03-26,99723.781573816,99723.78216515841,99723.78404029786,99723.78454527716,99341.44733071858,96955.35866103084
2021-03-29,99802.36266221823,99802.36325402661,99802.36513064365,99802.36563602086,99419.72714453534,97031.75826691996
2021-03-30,100605.14499784018,100605.1455944089,100605.14748612093,100605.14799556322,100219.43166690333,97812.2546344725
2021-03-31,100768.21708517388,100768.21768270957,100768.2195774879,100768.22008775595,100381.87854686825,97970.79969228638
2021-04-01,101688.39059473824,101688.39119773038,101688.39310981105,101688.39362473864,101298.5241733465,98865.42834798126
2021-04-02,101606.1113662879,101606.11196879213,101606.11387932567,101606.11439383663,101216.5603979008,98785.43326577662
2021-04-05,102624.39972023289,102624.40032877536,102624.4022584561,102624.40277812345,102230.9447030731,99775.45300849974
2021-04-06,102385.94210661546,102385.9427137439,102385.94463894087,102385.94515740073,101993.40131984057,99543.61519520322
2021-04-07,102090.37648474798,102090.37709012379,102090.37900976313,102090.37952672629,101698.9688766045,99256.25474392691
2021-04-08,102852.50495976895,102852.50556966402,102852.50750363393,102852.50802445634,102458.17540252725,99997.22583903873
2021-04-09,103038.1042838509,103038.10489484652,103038.10683230631,103038.10735406858,102643.06315133626,100177.67275701175
2021-04-12,102709.41669867584,102709.41730772241,102709.41923900179,102709.41975909963,102315.63573216283,99858.10983826616
2021-04-13,103023.34162500649,103023.34223591458,103023.34417309679,103023.34469478427,102628.35709152877,100163.31992300905
2021-04-14,103223.71952848947,103223.72014058576,103223.72208153574,103223.72260423789,102827.96675966354,100358.13515357226
2021-04-15,102775.66180438729,102775.66241382669,102775.6643463517,102775.66486678498,102381.62685861326,99922.51591956822
2021-04-16,102268.94887107321,102268.9494775079,102268.95140050502,102268.95191837242,101876.85662846155,99429.86979832899
2021-04-19,100874.733662589,100874.73426075626,100874.7361575375,100874.73666834489,100487.9867469198,98074.35927259554
2021-04-20,99004.62163443679,99004.62222151464,99004.62408313155,99004.62458446911,98625.04460197405,96256.16325591528
2021-04-21,99903.02250009369,99903.02309249887,99903.02497100872,99903.0254768956,99520.00105939103,97129.62369610796
2021-04-22,98750.02380947204,98750.02439504018,98750.02625186981,98750.02675191814,98371.4228878744,96008.63329822404
2021-04-23,99983.18658486535,99983.18717774589,99983.18905776311,99983.18956405591,99599.85780047606,97207.56235294697
2021-04-26,100558.35072119655,100558.3513174877,100558.35320831992,100558.35371752523,100172.81679635581,97766.75940952545
2021-04-27,100850.44035070448,100850.44094872767,100850.44284505214,100850.44335573653,100463.78657395227,98050.74036515284
2021-04-28,100584.36373101866,100584.36432746408,100584.36621878542,100584.36672812245,100198.73007405522,97792.0502745263
2021-04-29,101346.54456535062,101346.54516631561,101346.5470719685,101346.54758516506,100957.9887585469,98533.072275407
2021-04-30,100050.97889608658,100050.97948936914,100050.98137066106,100050.98187729716,99667.39020055487,97273.47268792611
2021-05-03,100774.63469934312,100774.63529691681,100774.63719181587,100774.63770211642,100388.27155633825,97977.03914764705
2021-05-04,99795.43943560813,99795.44002737539,99795.4419038623,99795.44240920444,99412.83046110847,97025.02723537982
2021-05-05,100585.19274740189,100585.19334385222,100585.19523518912,100585.1957445304,100199.55591204565,97792.85627666043
2021-05-06,101057.11877572798,101057.11937497674,101057.12127518743,101057.12178691842,100669.67260785354,98251.68120904593
2021-05-07,102280.5551579915,102280.55576449499,102280.55768771037,102280.55820563657,101888.41841765975,99441.15388416217
2021-05-10,101257.75468462927,101257.75528506775,101257.75718905107,101257.75770179804,100869.53929223127,98446.74728256228
2021-05-11,99938.66049762633,99938.66109024287,99938.66296942282,99938.66347549018,99555.50242324822,97164.27235040297
2021-05-12,97571.18020833745,97571.1807869153,97571.18262157873,97571.1831156577,97197.0988934862,94862.51546805874
2021-05-13,98775.20880753911,98775.20939325659,98775.21125055978,98775.21175073567,98396.51132835996,96033.11913782958
2021-05-14,100531.64514572994,100531.64574186274,100531.64763219279,100531.6481412629,100146.21360826187,97740.79520513261
2021-05-17,101156.99169334021,101156.99229318119,101156.99419526983,101156.99470750656,100769.16261944523,98348.78156359326
2021-05-18,100832.47258553295,100832.47318344959,100832.47507943619,100832.47559002963,100445.8876959789,98033.27140149096
2021-05-19,100118.0425808343,100118.04317451452,100118.04505706746,100118.04556404318,99734.19676766486,97338.6746237656
2021-05-20,100255.79685111293,100255.79744561,100255.79933075319,100255.79983842646,99871.42289737532,97472.60471016198
2021-05-21,100382.35854873432,100382.3591439819,100382.36103150487,100382.36153981902,99997.49936599618,97595.65293990192
2021-05-24,101129.59686454639,101129.59746422492,101129.59936579847,101129.59987789647,100741.87282057473,98322.14724017268
2021-05-25,100797.36126833536,100797.36186604381,100797.3637613702,100797.36427178585,100410.91099320001,97999.13480640572
2021-05-26,101380.52001295831,101380.52061412478,101380.5225204165,101380.52303378514,100991.83394658327,98566.10453367568
2021-05-27,101445.75621461257,101445.75681616587,101445.75872368427,101445.75923738323,101056.82003704652,98629.52971901513
2021-05-28,101506.02065462695,101506.0212565376,101506.02316518917,101506.0236791933,101116.8534272682,98688.12116334154
2021-05-31,101428.1370164826,101428.13761793142,101428.13952511853,101428.14003872826,101039.26838973215,98612.39964585655
2021-06-01,101217.97670870046,101217.97730890308,101217.97921213845,101217.979724684,100829.91382237559,98408.0735794383
2021-06-02,101436.8122374035,101436.81283890374,101436.81474625398,101436.81525990764,101047.91035044198,98620.83403475131
2021-06-03,101090.92253300415,101090.92313245336,101090.9250332997,101090.92554520186,100703.34676380751,98284.5465432629
2021-06-04,102299.00440887915,102299.00501549205,102299.00693905435,102299.00745707395,101906.79693536562,99459.09096705866
2021-06-07,101992.00934192627,101992.00994671872,101992.01186450852,101992.01238097355,101600.97886676464,99160.61836249188
2021-06-08,101980.91332714664,101980.9139318733,101980.91584945447,101980.9163658633,101589.92539335624,99149.83038317855
2021-06-09,101926.44995712393,101926.45056152763,101926.4524780847,101926.45299421773,101535.67083221568,99096.87896586259
2021-06-10,101973.36947304773,101973.37007772966,101973.37199516897,101973.3725115396,101582.41046188441,99142.4959533334
2021-06-11,101966.56860526957,101966.56920991118,101966.5711272226,101966.57164355878,101575.63566817399,99135.8838838327
2021-06-14,101619.0753730559,101619.07597563692,101619.07788641432,101619.07840099088,101229.47470154251,98798.03737992111
2021-06-15,101336.37582122252,101336.3764221272,101336.37832758891,101336.37884073395,100947.85900069703,98523.18582486824
2021-06-16,100899.28477597442,100899.28537428722,100899.28727153018,100899.28778246186,100512.44373299478,98098.22882473495
2021-06-17,100279.27989938892,100279.28049402522,100279.28237961001,100279.28288740214,99894.8159132303,97495.43584765116
2021-06-18,99601.12651198739,99601.12710260238,99601.1289754356,99601.1294797937,99219.26252011281,96836.10861531952
2021-06-21,100968.44714838268,100968.44774710562,100968.44964564903,100968.45015693094,100581.34094153854,98165.47118675597
2021-06-22,101807.63582569429,101807.63642939347,101807.63834371643,101807.63885924779,101417.3122261411,98981.36322282761
2021-06-23,101889.9219578962,101889.92256208332,101889.92447795354,101889.92499390159,101499.28287886984,99061.3650171294
2021-06-24,102667.91711177089,102667.91772057136,102667.91965107048,102667.92017095814,102274.29525187124,99817.76231765325
2021-06-25,103267.09719037922,103267.09780273272,103267.09974449842,103267.10026742019,102871.1781145275,100400.30861209972
2021-06-28,103216.79982464104,103216.80043669629,103216.80237751623,103216.8029001833,102821.07358549241,100351.40754699882
2021-06-29,103099.33580271769,103099.3364140764,103099.33835268763,103099.33887475988,102704.05991269549,100237.20443320178
2021-06-30,103888.26489924415,103888.26551528105,103888.26746872677,103888.267994794,103489.96430835102,101004.23214018084
2021-07-01,103715.19509602974,103715.19571104036,103715.1976612318,103715.19818642263,103317.5580430728,100835.96691217576
2021-07-02,104762.58800150316,104762.58862272461,104762.59059261053,104762.59112310511,104360.93531488872,101854.28323759534
2021-07-05,104923.60227456695,104923.60289674318,104923.60486965672,104923.60540096664,104521.33227010467,102010.82760793582
2021-07-06,104830.049794415,104830.0504160365,104830.05238719092,104830.05291802713,104428.138463843,101919.87222975408
2021-07-07,105433.64881078155,105433.64943598227,105433.65141848639,105433.65195237908,105029.42332234858,102506.71478822593
2021-07-08,104892.15215197328,104892.15277396305,104892.15474628522,104892.15527743587,104490.00272515688,101980.2505693611
2021-07-09,106321.74797433687,106321.74860480387,106321.7506040072,106321.75114239703,105914.11757369405,103370.15951094066
2021-07-12,106407.37034352394,106407.37097449864,106407.37297531197,106407.37351413537,105999.41167250068,103453.40492525333
2021-07-13,106700.95408550581,106700.95471822142,106700.9567245551,106700.95726486514,106291.86983424476,103738.83851543292
2021-07-14,106917.93262688762,106917.93326088985,106917.93527130345,106917.93581271223,106508.01649455389,103949.79353508235
2021-07-15,106149.57384707272,106149.57447651876,106149.57647248464,106149.57701000261,105742.60355040497,103202.76509410648
2021-07-16,105550.70555736785,105550.70618326271,105550.70816796785,105550.70870245331,105146.03128127458,102620.52193301983
2021-07-19,105188.45820319217,105188.458826939,105188.46080483268,105188.4613374838,104785.17275898824,102268.33089499634
2021-07-20,106227.55091759657,106227.551547505,106227.5535449371,106227.55408284995,105820.2816621071,103278.57745020311
2021-07-21,107039.81522954055,107039.81586426552,107039.81787697089,107039.81841899689,106629.43180754033,104068.29256578755
2021-07-22,107806.17715388366,107806.17779315304,107806.17982026857,107806.18036617525,107392.85555202649,104813.37958581647
2021-07-23,108521.91517273692,108521.91581625046,108521.91785682426,108521.91840635528,108105.8494796572,105509.24806603335
2021-07-26,108702.41835127202,108702.41899585591,108702.42103982376,108702.4215902688,108285.66062119718,105684.74031209675
2021-07-27,107957.61688374047,107957.61752390784,107957.61955387093,107957.62010054446,107543.71467218742,104960.615210981
2021-07-28,108606.93831980244,108606.93896382018,108606.94100599266,108606.94155595421,108190.54665371944,105591.9108931758
2021-07-29,108981.64031536589,108981.64096160555,108981.64301082367,108981.64356268263,108563.81206713969,105956.21082040998
2021-07-30,108664.47796386933,108664.47860822825,108664.48065148268,108664.48120173559,108247.86569467724,105647.8531843694
2021-08-02,108924.93508992848,108924.93573583187,108924.93778398375,108924.93833555555,108507.32424570665,105901.05292306805
2021-08-03,110173.5634185298,110173.5640718373,110173.56614346756,110173.56670136213,109751.16541762986,107196.3849175235
2021-08-04,111521.21366222246,111521.21432352127,111521.21642049185,111521.2169852106,111093.64886131002,108500.14526200644
2021-08-05,112041.28015596255,112041.28082034526,112041.28292709483,112041.28349444708,111611.72145523899,109097.50897003358
2021-08-06,111517.60681217354,111517.60747345097,111517.60957035373,111517.61013505422,111090.05583968057,108586.67990620868
2021-08-09,112447.06107054274,112447.06173733165,112447.06385171124,112447.06442111827,112015.94663319958,109451.31254769342
2021-08-10,111750.51354647604,111750.51420913456,111750.51631041674,111750.51687629658,111322.06962529453,108779.69095472225
2021-08-11,110998.54538586855,110998.54604406806,110998.54813121073,110998.54869328276,110572.98445982605,108044.84987403464
2021-08-12,110664.33296426614,110664.33362048384,110664.3357013422,110664.33626172184,110240.05338607499,107706.86501363498
2021-08-13,111503.65256567078,111503.65322686547,111503.65532350584,111503.6558881356,111076.15509281642,108480.69841651338
2021-08-16,112047.13914643264,112047.1398108501,112047.14191770984,112047.1424850917,111617.55798273534,109055.14427419986
2021-08-17,112192.03337118505,112192.03403646173,112192.03614604595,112192.03671416151,111761.89669281637,109238.2615981825
2021-08-18,110989.03870624128,110989.03936438443,110989.04145134833,110989.0420133722,110563.51422816636,108073.2763996613
2021-08-19,111106.7720872708,111106.77274611211,111106.77483528979,111106.77539790982,110680.79622736487,108340.06795740889
2021-08-20,112475.39600051142,112475.39666746839,112475.39878238074,112475.3993519312,112044.17292896051,109668.70873081419
2021-08-23,114096.02994932327,114096.0306258903,114096.03277127596,114096.03334903296,113658.59347667206,111236.35654346806
2021-08-24,113549.86251544308,113549.86318877141,113549.86532388732,113549.86589887865,113114.52001184458,110729.29176605272
2021-08-25,112440.68069914564,112440.68136589674,112440.68348015634,112440.68404953103,112009.59072371545,109664.56219700552
2021-08-26,111906.62401975135,111906.62468333561,111906.62678755316,111906.62735422351,111477.58158155916,109174.18783150808
2021-08-27,112643.27433509644,112643.27500304888,112643.27712111794,112643.27769151851,112211.4076293494,109865.41419837203
2021-08-30,112395.27639360496,112395.27706008681,112395.27917349267,112395.27974263746,111964.36049521553,109671.21143860655
2021-08-31,112070.72228041808,112070.7229449754,112070.72505227856,112070.72561977989,111641.05070057786,109318.78610261992
2021-09-01,111997.40916962721,111997.40983374981,111997.41193967445,111997.41250680453,111568.01866730214,109247.27322116452
2021-09-02,112607.1820012709,112607.18266900934,112607.18478639972,112607.18535661757,112175.45367109407,109842.07286550743
2021-09-03,114149.13171057097,114149.13238745288,114149.13453383704,114149.13511186298,113711.49164935369,111346.1594549576
2021-09-06,114804.77696069317,114804.77764146292,114804.7798001754,114804.78038152138,114364.62319986994,111985.70510433752
2021-09-07,113637.32022019336,113637.32089404031,113637.32303080072,113637.32360623496,113201.64240966186,110846.91567653831
2021-09-08,113407.42580441447,113407.42647689818,113407.4286093358,113407.42918360591,112972.6293935457,110622.66639935566
2021-09-09,113993.53263562518,113993.5333115844,113993.53545504276,113993.5360322808,113556.48913075187,111194.38117026693
2021-09-10,112722.63265108927,112722.63331951232,112722.63543907352,112722.63600987602,112290.46169091867,109954.68858383324
2021-09-13,111788.79114153824,111788.79180442379,111788.79390642565,111788.79447249939,111360.20046664256,109043.77788245559
2021-09-14,112974.0561391288,112974.05680904277,112974.05893333156,112974.05950540722,112540.92123828652,110199.93827930142
2021-09-15,113939.73158256362,113939.73225820382,113939.73440065052,113939.73497761616,113502.89434729397,111141.90122107006
2021-09-16,113728.49128523062,113728.4919596182,113728.49409809288,113728.49467398884,113292.46393099353,110935.84800386477
2021-09-17,113479.9405918801,113479.94126479383,113479.94339859493,113479.94397323228,113044.86616421393,110693.40056059716
2021-09-20,111649.1664478678,111649.16710992539,111649.16920930184,111649.16977466855,111221.11108461722,108907.58172246465
2021-09-21,112257.30253510863,112257.30320077234,112257.30531158377,112257.30588002996,111826.91561917376,109500.78481324171
2021-09-22,113258.92819588532,113258.92886748846,113258.9309971338,113258.931570652,112824.70111481794,110477.81520206499
2021-09-23,114654.21718494466,114654.2178648216,114654.22002070301,114654.22060128665,114214.64066013263,111838.84237707205
2021-09-24,113683.78576236247,113683.78643648494,113683.788574119,113683.78914978859,113247.92980608057,110892.24024090415
2021-09-27,112743.73681597199,112743.73748452016,112743.73960447815,112743.74017538753,112311.48494385858,109975.27452849157
2021-09-28,110417.94228644841,110417.94294120508,110417.94501743038,110417.94557656246,109994.60735347442,107706.5907052942
2021-09-29,111119.03403381897,111119.034692733,111119.03678214113,111119.0373448234,110693.01116243808,108390.46689712728
2021-09-30,111699.180978304,111699.18164065818,111699.18374097503,111699.18430659502,111270.93386272174,108956.3681284369
2021-10-01,111329.86573076724,111329.86639093148,111329.86848430395,111329.86904805382,110903.03454490007,108596.12154727463
2021-10-04,110920.79309651925,110920.79375425776,110920.7958399383,110920.79640161671,110495.53026750255,108197.09383607727
2021-10-05,112998.59311930201,112998.59378936146,112998.59591411157,112998.59648631151,112565.36414533491,110223.87274525804
2021-10-06,113846.25297435159,113846.25364943751,113846.25579012645,113846.25636661875,113409.77412975214,111050.71801310669
2021-10-07,114264.3933487879,114264.3940263533,114264.39617490467,114264.39675351433,113826.31138223452,111458.59080292861
2021-10-08,113605.86465316129,113605.86532682173,113605.8674629906,113605.8680382656,113170.30744114918,110816.23251206729
2021-10-11,114620.80394034502,114620.80462002389,114620.80677527699,114620.80735569142,114181.35551965602,111806.24960649779
2021-10-12,113983.49197566201,113983.49265156173,113983.49479483123,113983.49537201847,113546.48696600081,111184.58706225631
2021-10-13,113964.76828441878,113964.76896020747,113964.7711031249,113964.77168021734,113527.8350601252,111166.32313786625
2021-10-14,114293.35757007645,114293.35824781361,114293.36039690961,114293.36097566596,113855.16455665494,111486.84379753098
2021-10-15,115547.90877845055,115547.90946362699,115547.91163631273,115547.91222142184,115104.90590042996,112710.58905777721
2021-10-18,117744.38951292667,117744.39021112781,117744.3924251147,117744.39302134632,117292.96547612289,114853.13443184836
2021-10-19,117980.21546630803,117980.21616590758,117980.21838432878,117980.21898175454,117527.88728872692,115083.16959563213
2021-10-20,118125.6460784462,118125.6467789081,118125.64900006389,118125.6495982261,117672.76032972071,115225.0291077117
2021-10-21,118315.39194142079,118315.39264300787,118315.3948677315,118315.39546685453,117861.77871987231,115410.11569398778
2021-10-22,118440.04656486101,118440.04726718726,118440.04949425482,118440.05009400906,117985.95542590556,115531.70937911158
2021-10-25,119934.2886486032,119934.28935979001,119934.29161495429,119934.29222227505,119474.46868642147,116989.25982060353
2021-10-26,119191.6890919399,119191.68979872322,119191.69203992418,119191.69264348457,118734.71620630242,116264.89505839873
2021-10-27,118417.30876441782,118417.30946660922,118417.31169324923,118417.31229288832,117963.30480065352,115509.52991339104
2021-10-28,119808.83932898236,119808.84003942528,119808.84229223069,119808.84289891619,119349.50033101908,116866.89095334454
2021-10-29,120444.66112543564,120444.66183964886,120444.66410440982,120444.664714315,119982.88442964887,117487.09992096359
2021-11-01,120743.83149659059,120743.83221257785,120743.8344829642,120743.83509438433,120280.90780180712,117778.92405796431
2021-11-02,121648.2355092564,121648.23623060659,121648.23851799875,121648.23913399858,121181.84439057282,118661.1201105924
2021-11-03,121696.21269552204,121696.21341715674,121696.21570545102,121696.21632169379,121229.63763554677,118707.91920009998
2021-11-04,122744.98939523562,122744.99012308936,122744.99243110414,122744.9930526577,122274.3933962292,119730.9428174416
2021-11-05,122357.66187727025,122357.66260282721,122357.66490355895,122357.66552315117,121888.55086580718,119353.12626351445
2021-11-08,123354.8580154379,123354.85874690805,123354.86106639038,123354.86169103219,122881.92382133285,120325.83589822121
2021-11-09,121845.14879111503,121845.14951363292,121845.15180472769,121845.15242172465,121378.00272020859,118853.19811724976
2021-11-10,120307.01463857312,120307.01535197019,120307.01761414288,120307.01822335107,119845.76567012022,117352.8333922136
2021-11-11,121065.66871118733,121065.66942908306,121065.67170552099,121065.67231857083,120601.51111426037,118092.85844605842
2021-11-12,121264.53367829694,121264.5343973719,121264.53667754914,121264.53729160599,120799.61364651764,118286.84021364588
2021-11-15,120426.11215313846,120426.11286724175,120426.11513165386,120426.11574146512,119964.40657285869,117469.00642523415
2021-11-16,120811.37564253065,120811.3763589185,120811.37863057484,120811.37924233699,120348.19298805369,117844.80963353893
2021-11-17,120737.72156884712,120737.7222847982,120737.7245550696,120737.7251664588,120274.82129911399,117772.96416165511
2021-11-18,119950.60646115888,119950.60717244254,119950.60942791354,119950.61003531697,119490.72393758598,117005.17694350719
2021-11-19,119648.6698927845,119648.67060227775,119648.67285207134,119648.67345794583,119189.94497362162,116710.65453423701
2021-11-22,119228.86660583314,119228.86731283704,119228.86955473693,119228.87015848563,118771.75118411845,116301.15966530432
2021-11-23,120029.69680137707,120029.69751312971,120029.69977008789,120029.70037789182,119569.51105078163,117082.32519248039
2021-11-24,120563.72988550019,120563.73060041954,120563.73286741933,120563.73347792747,120101.49668812941,117603.24490556034
2021-11-25,121570.92254300741,121570.92326389924,121570.92554983759,121570.92616544594,121104.82783701469,118585.70559154273
2021-11-26,118951.29489879514,118951.29560415307,118951.2978408337,118951.29844317683,118495.24366825772,116030.40382959282
2021-11-29,120646.90413809486,120646.90485350745,120646.90712207116,120646.90773300048,120184.35205625734,117684.37678499888
2021-11-30,118831.14102515251,118831.14172979796,118831.14396421929,118831.14456595399,118375.55045645131,115913.2003767653
2021-12-01,117701.57947995343,117701.5801779008,117701.58239108263,117701.58298709747,117250.31957392466,114811.37561435865
2021-12-02,117912.54796455048,117912.54866374886,117912.55088089759,117912.55147798074,117460.47921960082,115017.16369328574
2021-12-03,117374.90365897406,117374.90435498432,117374.90656202353,117374.90715638417,116924.89620597888,114492.72143357103
2021-12-06,116928.61485393328,116928.61554729716,116928.61774594463,116928.61833804537,116480.3184420738,114057.39140780237
2021-12-07,119461.66191173196,119461.66262011632,119461.66486639352,119461.66547132104,119003.65396853774,116528.23860022514
2021-12-08,118728.1387262517,118728.13943028639,118728.14166277091,118728.14226398405,118272.94306140761,115812.72733570248
2021-12-09,116963.82025477698,116963.82094834962,116963.82314765907,116963.82373993809,116515.38886778847,114091.73232759102
2021-12-10,118824.5478633827,118824.54856798904,118824.55080228642,118824.55140398773,118368.98257241842,115906.76911241193
2021-12-13,116339.2679653219,116339.26865519103,116339.27084275684,116339.27143187325,115893.23106962818,113482.51614024454
2021-12-14,116338.1510425609,116338.1517324234,116338.15391996823,116338.15450907897,115892.1184290736,113481.42664391652
2021-12-15,118924.85370835854,118924.85441355965,118924.85664974313,118924.85725195236,118468.90385155937,116004.61191192846
2021-12-16,117127.15145642808,117127.1521509692,117127.15435334986,117127.1549464559,116678.09386864398,114251.05287388412
2021-12-17,116349.61600905424,116349.61669898471,116349.61888674514,116349.6194759139,115903.53943965974,113492.61008410726
2021-12-20,115746.60523811512,115746.60592446987,115746.60810089168,115746.60868700696,115302.8405712884,112904.40645567946
2021-12-21,118513.44770227703,118513.44840503862,118513.45063348628,118513.45123361224,118059.07514831838,115603.30812566727
2021-12-22,119793.5659005442,119793.56661089665,119793.5688634148,119793.56947002298,119334.28545987402,116851.99256933747
2021-12-23,120525.55400859549,120525.55472328849,120525.55698957044,120525.55759988526,120063.46717495834,117566.0064507997
2021-12-24,120393.39145276544,120393.39216667473,120393.3944304716,120393.39504011718,119931.81132144095,117437.08919321829
2021-12-27,121683.73077177194,121683.73149333267,121683.7337813922,121683.73439757181,121217.20356664932,118695.74377439715
2021-12-28,121475.7200964564,121475.72081678368,121475.72310093191,121475.72371605819,121009.99039021366,118492.84087469973
2021-12-29,121500.33180443282,121500.33252490604,121500.33480951705,121500.33542476797,121034.507738564,118516.84823349201
2021-12-30,120710.38588724246,120710.38660303147,120710.38887278884,120710.38948403965,120247.59042066633,117746.29971736936
2021-12-31,120405.40207694212,120405.40279092263,120405.40505494528,120405.40566465171,119943.77589769571,117448.80489227522
2022-01-03,120405.91122918006,120405.91194316358,120405.9142071958,120405.91481690484,119944.28309787836,117284.07470803466
2022-01-04,120120.02892282086,120120.02963510917,120120.03189376583,120120.03250202724,119659.49684497293,116935.9269991269
2022-01-05,118252.61044825781,118252.6111494727,118252.61337301569,118252.61397182089,117799.23792671383,115180.93636088065
2022-01-06,117140.55596485098,117140.5566594716,117140.55886210426,117140.55945527829,116691.44698508698,114255.08311564114
2022-01-07,116804.09251416427,116804.09320678974,116804.09540309574,116804.09599456604,116356.2735125451,113941.08378621253
2022-01-10,116850.38567303591,116850.38636593589,116850.38856311236,116850.38915481706,116402.38918657233,114049.9460396131
2022-01-11,118205.65892192697,118205.65962286344,118205.66184552357,118205.6624440911,117752.4664093638,115327.72182707144
2022-01-12,118124.32264900563,118124.3233494598,118124.32557059055,118124.32616874618,117671.44197421931,115210.78809616256
2022-01-13,115836.12983086679,115836.13051775243,115836.13269585752,115836.1332824263,115392.02193279812,113031.07085892317
2022-01-14,116302.3051140903,116302.30580374027,116302.307990611,116302.30857954036,115856.40993147175,113444.27292526088
2022-01-17,116172.6821222662,116172.68281114753,116172.68499558093,116172.68558385389,115727.28390544342,113317.83531039627
2022-01-18,113222.70092755898,113222.70159894749,113222.70372791143,113222.70430124634,112788.61273939165,110396.9891181852
2022-01-19,112403.79685606644,112403.79752259901,112403.79963616481,112403.80020535298,111972.8482907995,109637.88724956791
2022-01-20,110230.5779493877,110230.5786030335,110230.58067573556,110230.58123391902,109807.96135862732,107498.65562023177
2022-01-21,108556.43113436752,108556.43177808593,108556.43381930848,108556.43436901442,108140.23310942216,105805.04409076512
2022-01-24,109243.6495873449,109243.65023513838,109243.65228928294,109243.65284246879,108824.81681326636,106521.14622185811
2022-01-25,108018.70960833842,108018.71024886826,108018.71227997985,108018.7128269629,107604.57317140557,105313.39591442546
2022-01-26,108535.97220582445,108535.97284942152,108535.97489025941,108535.97543986172,108119.85261902933,105747.45152611686
2022-01-27,106395.87637898291,106395.87700988963,106395.87901048659,106395.87954925194,105987.9617750434,103609.89032948515
2022-01-28,108760.52045323516,108760.52109816376,108760.5231432239,108760.5236939633,108343.5399636257,105643.585301731
2022-01-31,111995.62870474134,111995.62936885352,111995.63147474447,111995.63204186571,111566.24502859847,108653.22160701132
2022-02-01,112700.20480340098,112700.20548834147,112700.2076262692,112700.20819280551,112268.11985260941,109336.77028626119
2022-02-02,114120.9945496529,114120.99523591629,114120.99739254554,114120.99796804767,113683.46237732765,110715.15785793928
2022-02-03,112376.13111206234,112376.1317765859,112376.13388754977,112376.13445705787,111945.28861289336,109022.3682669419
2022-02-04,112002.85832757335,112002.85900279388,112002.86112130719,112002.86168570515,111573.44694851496,108660.23547486767
2022-02-07,111392.65297015876,111392.65364827505,111392.65576266512,111392.65632234846,110965.58108603957,108068.24114202755
2022-02-08,111865.23236808782,111865.23305093424,111865.23517638574,111865.23573798132,111436.34864908367,108526.71684122102
2022-02-09,113184.74088100478,113184.74157023714,113184.74371887662,113184.74428751264,112750.79825353711,109806.84582866184
2022-02-10,111267.4134123762,111267.41409897705,111267.41622142434,111267.41677817215,110840.82170074603,107946.73924971632
2022-02-11,110780.03385327547,110780.03453888388,110780.03665430807,110780.03720811456,110355.31072452385,107473.90508887259
2022-02-14,109930.30302331215,109930.30370362737,109930.30580278666,109930.30635235376,109508.8377048266,106649.53369814208
2022-02-15,111268.58564723442,111268.58633625189,111268.58846144027,111268.58901759298,110841.98944459487,107947.87650171392
2022-02-16,110995.84162763323,110995.84231185174,110995.84442832146,110995.84498388656,110570.29110283907,107683.27227603193
2022-02-17,109862.23670063504,109862.23737237262,109862.23946102842,109862.2400122895,109441.032332775,106583.49874780074
2022-02-18,109241.3926815549,109241.39334799616,109241.39542315583,109241.39597167585,108822.56858554682,105981.1832496427
2022-02-21,108616.46286457853,108616.46352720729,108616.46559049575,108616.46613587791,108200.03470713586,105374.90389137597
2022-02-22,108134.47707683317,108134.47773846585,108134.47979479248,108134.48033726955,107719.89682286586,104907.30252969422
2022-02-23,108214.37260224183,108214.37325751295,108214.37530762878,108214.37585221519,107799.48602497898,104984.81364220826
2022-02-24,107516.62829417129,107516.62894238242,107516.63097608056,107516.63151786264,107104.41681750538,104307.89287307631
2022-02-25,110358.79016689032,110358.79082572075,110358.79290582628,110358.79346355531,109935.6820251332,107065.23302072818
2022-02-28,110932.8661407894,110932.86679757602,110932.8688823286,110932.86944432335,110507.55702315166,107622.1762190835
2022-03-01,109190.78792680292,109190.78857327544,109190.79062528927,109190.79117845852,108772.15781939743,105932.08873594634
2022-03-02,110549.78462503191,110549.78527955049,110549.78735710385,110549.78791715788,110125.94421605663,107250.52742076616
2022-03-03,109261.02158778926,109261.02223467761,109261.02428801137,109261.02484153642,108842.12220927035,106000.22633756201
2022-03-04,108020.03787313084,108020.03851267186,108020.04054268391,108020.04108992202,107605.89634237197,104796.27864676244
2022-03-07,104809.42853877858,104809.42915931094,104809.43112898625,104809.43165995917,104407.59626739952,101681.48701130821
2022-03-08,105560.57464327347,105560.57526825304,105560.57725204459,105560.57778682288,105155.86252845365,102410.21584737407
2022-03-09,106521.75738116368,106521.758011834,106521.76001368898,106521.76055333669,106113.36015663415,103342.71296562823
2022-03-10,106425.08092059522,106425.08155069317,106425.08355073132,106425.08408988926,106017.05434708709,103248.92172559725
2022-03-11,106376.61995813374,106376.62058794478,106376.6225870722,106376.62312598464,105968.7791806832,103201.90703623407
2022-03-14,106781.29272646249,106781.29335866941,106781.29536540183,106781.29590636436,106371.90046094517,103594.50271593884
2022-03-15,106980.37029485554,106980.37092824113,106980.37293871479,106980.37348068587,106570.21477938445,103787.63899639582
2022-03-16,108478.32496372079,108478.32560597511,108478.32764459975,108478.32819415958,108062.4263912041,105240.88857832055
2022-03-17,108945.06647170408,108945.06711672177,108945.06916411784,108945.06971604221,108527.37844376419,105693.700612918
2022-03-18,109058.76882245492,109058.7694681458,109058.77151767866,109058.77207017907,108640.64486738043,105804.00962101214
2022-03-21,108857.63197693048,108857.63262143052,108857.63466718343,108857.63521866487,108440.27916693923,105608.87552066619
2022-03-22,110326.39968369804,110326.400336894,110326.40241024936,110326.40296917169,109903.41571750292,107033.80919868025
2022-03-23,109178.91720160037,109178.91784800257,109178.91989979339,109178.92045290249,108760.33260575369,105920.57228167953
2022-03-24,110504.39214632478,110504.39280057455,110504.39487727491,110504.39543709898,110080.72576904754,107206.48963906635
2022-03-25,110828.29655423733,110828.29721040481,110828.29929319228,110828.29985465726,110403.38834933298,107520.7274161942
2022-03-28,111443.31663098109,111443.31729078986,111443.31938513534,111443.31994971607,111016.05048063397,108117.39278129517
2022-03-29,112676.39677035206,112676.39743746136,112676.39955498003,112676.40012580763,112244.40307401883,109313.67277178248
2022-03-30,112234.64274145597,112234.64340594981,112234.64551516665,112234.64608375629,111804.34270023847,108885.10248781445
2022-03-31,111069.68830684075,111069.68896443739,111069.69105176134,111069.69161444923,110643.85462225777,107754.9150527378
2022-04-01,111024.09433922244,111024.09499654915,111024.09708301626,111024.09764547314,110598.43545883242,107710.68179537907
2022-04-04,111460.43343946776,111460.43409937783,111460.43619404503,111460.43675871246,111033.10166443278,108133.99875428897
2022-04-05,111339.25365346766,111339.25431266028,111339.25640505015,111339.25696910369,110912.3864735491,108016.43546816113
2022-04-06,112028.82706310494,112028.82772638023,112028.82983172922,112028.83039927616,111599.31610529979,108685.42919012798
2022-04-07,112620.66482003567,112620.66548681499,112620.66760328633,112620.66817383158,112188.88479623644,109259.6040905463
2022-04-08,113180.00173050839,113180.0024005993,113180.00452758222,113180.00510096112,112746.07724676568,109802.24810254121
2022-04-11,112621.71446434344,112621.71513112898,112621.71724762004,112621.71781817061,112189.93041627883,109260.6224091798
2022-04-12,113710.19872402097,113710.19939725098,113710.20153419783,113710.20211026275,113274.24150080864,110316.62185174394
2022-04-13,114164.78076602143,114164.78144194282,114164.78358743258,114164.78416580046,113727.08070595737,110757.63730849877
2022-04-14,113841.98944142085,113841.99011543112,113841.9922548547,113841.9928315873,113405.52694149764,110444.47939572956
2022-04-18,114301.96746707337,114301.96814380697,114301.9702918749,114301.97087093776,113863.7414424615,110890.72979793997
2022-04-19,114714.27526719877,114714.27594637347,114714.27810218987,114714.27868334152,114274.4684823238,111290.73264890104
2022-04-20,115145.75961550667,115145.76029723603,115145.76246116127,115145.76304449886,114704.29854877785,111709.33974150456
2022-04-21,114683.71591075796,114683.71658975176,114683.71874499385,114683.71932599068,114244.02628839196,111261.08530850115
2022-04-22,113683.06524300286,113683.06591607224,113683.06805250917,113683.06862843662,113247.21204772446,110290.29814464832
2022-04-25,112833.69504579423,112833.69571383485,112833.69783430963,112833.6984059341,112401.09827849512,109466.27662407196
2022-04-26,113163.1362952727,113163.13696526381,113163.13909192976,113163.1396652232,112729.27647246982,109785.88600079366
2022-04-27,113252.39237592832,113252.39304644788,113252.39517479122,113252.39574853684,112818.19035133957,109872.47831536303
2022-04-28,114017.16371073053,114017.16438577797,114017.1665284936,114017.16710611361,113580.02960448811,110614.42574920044
2022-04-29,113997.85643945147,113997.85711438459,113997.8592567374,113997.85983425961,113560.79635598334,110595.69468577269
2022-05-02,112445.06117416099,112445.06183990066,112445.0639530719,112445.06452272754,112013.95440288182,109089.24117486135
2022-05-03,113099.66768750125,113099.66835711658,113099.67048258978,113099.67105556169,112666.05119905462,109724.31155556759
2022-05-04,113594.28154822634,113594.28222077007,113594.28435553852,113594.28493101617,113158.7687436383,110204.1641180336
2022-05-05,112426.33884974339,112426.33951537222,112426.34162819161,112426.34219775238,111995.30385859175,109071.07760109102
2022-05-06,112733.73159474973,112733.73226219851,112733.7343807947,112733.73495191276,112301.51808057156,109369.2964907892
2022-05-09,111563.69107573826,111563.69173625972,111563.69383286743,111563.69439805797,111135.96341789872,108234.17476085293
2022-05-10,111824.73846569801,111824.73912776503,111824.74122927859,111824.74179579162,111396.00996979355,108487.43143023462
2022-05-11,111848.33622925053,111848.33689145726,111848.33899341429,111848.33956004686,111419.51726111415,108510.32494011836
2022-05-12,111387.33182755533,111387.33248703266,111387.33458032606,111387.33514462315,110960.28031916406,108063.07879311946
2022-05-13,112026.55606622223,112026.55672948413,112026.55883479041,112026.55940232587,111597.05381526586,108683.22596907009
2022-05-16,112243.68462648682,112243.68529103424,112243.68740042101,112243.68796905645,111813.34991929278,108893.8745260571
2022-05-17,112589.48653777388,112589.48720436865,112589.48932025403,112589.48989064134,112157.82604940349,109229.35629560049
2022-05-18,110666.55987935992,110666.56053456984,110666.56261431782,110666.56317496343,110242.27176194526,107363.81762444103
2022-05-19,110740.26389832572,110740.26455397203,110740.26663510512,110740.26719612413,110315.69320467947,107435.3220143765
2022-05-20,110518.64738433728,110518.64803867148,110518.65011563976,110518.65067553603,110094.92635344018,107220.31944253948
2022-05-23,111246.40120585404,111246.40186449698,111246.40395514187,111246.404518725,110819.89001594948,107926.35411691618
2022-05-24,111020.25019673425,111020.25085403824,111020.25294043309,111020.25350287052,110594.60605452699,107706.95237780738
2022-05-25,111005.22411632739,111005.22477354242,111005.22685965487,111005.22742201619,110579.63758309772,107692.37473702617
2022-05-26,111907.89295635998,111907.89361891933,111907.89572199558,111907.89628892989,111478.84565175364,108568.10425118268
2022-05-27,112534.0699919458,112534.07065821248,112534.07277305641,112534.07334316298,112102.6219668699,109175.59360589413
2022-05-30,112326.87427937299,112326.87494441295,112326.87705536307,112326.87762441998,111896.22062866745,108974.58145984492
2022-05-31,111839.74722764896,111839.74788980486,111839.74999160043,111839.75055818951,111410.96118916471,108501.99226941339
2022-06-01,111656.9082348285,111656.90889590188,111656.91099426137,111656.91155992418,111228.82318869584,108324.60993909417
2022-06-02,111764.72460218136,111764.72526389308,111764.72736427876,111764.72793048777,111336.22619537696,108429.20862558104
2022-06-03,111156.08764572575,111156.088303834,111156.09039278163,111156.09095590722,110729.92271191199,107838.73588238176
2022-06-06,111294.65555054125,111294.65620946989,111294.65830102161,111294.6588648492,110867.95935673772,107973.16835482357
2022-06-07,111938.37468467015,111938.37534740998,111938.37745105906,111938.37801814778,111509.21051517586,108597.67628019252
2022-06-08,111663.95640852115,111663.95706963625,111663.9591681282,111663.9597338267,111235.8443401665,108331.44776648979
2022-06-09,110850.58353252927,110850.58418882875,110850.58627203506,110850.58683361295,110425.58988085523,107542.34926000459
2022-06-10,109937.74283104931,109937.74348194424,109937.74554799561,109937.74610494898,109516.24894898184,106656.75145430159
2022-06-13,108683.2162932773,108683.21693674472,108683.21897921988,108683.2195298177,108266.53218123919,105439.6651135569
2022-06-14,108457.19205138863,108457.19269351785,108457.19473174533,108457.1952811981,108041.37450103079,105220.38635842713
2022-06-15,108918.44610389194,108918.44674875206,108918.44879564784,108918.44934743736,108500.86013664467,105667.87470563414
2022-06-16,107433.94053350326,107433.94116957426,107433.94318857185,107433.94373284072,107022.0460603662,104227.67284614359
2022-06-17,107597.32908795486,107597.3297249932,107597.33174706134,107597.33229215795,107184.80819413344,104386.1852186361
2022-06-20,107828.62385571441,107828.62449412214,107828.626520537,107828.62706680536,107415.21619337241,104610.57720561296
2022-06-21,109095.48962018723,109095.49026609554,109095.4923163185,109095.49286900491,108677.22488005397,105839.63452012405
2022-06-22,108991.11763370296,108991.11827899332,108991.12032725483,108991.12087941248,108573.25304871777,105738.37742010925
2022-06-23,109267.12979889018,109267.1304458147,109267.13249926327,109267.13305281922,108848.2070019024,106006.15225468975
2022-06-24,110417.38979168201,110417.39044541674,110417.39252048206,110417.3930798653,109994.05697555735,107122.0837901185
2022-06-27,110393.09622742572,110393.09688101661,110393.09895562539,110393.09951488554,109969.8565511859,107098.51524506655
2022-06-28,109825.75238113315,109825.75303136503,109825.75509531178,109825.75565169773,109404.68786288808,106548.10325692754
2022-06-29,109468.61523842956,109468.61588654696,109468.61794378205,109468.61849835873,109048.91995987261,106201.62454558111
2022-06-30,109058.14581847822,109058.14646416543,109058.14851368661,109058.1490661838,108640.02425195894,105803.40521001935
2022-07-01,109632.24498145573,109632.24563054193,109632.24769085212,109632.24824625775,109211.92235751373,106360.37090859581
2022-07-04,109910.32981591356,109910.3304666462,109910.33253218241,109910.33308899682,109488.94103349495,106630.15655552836
2022-07-05,109454.18792908482,109454.18857711683,109454.1906340808,109454.19118858437,109034.54796385767,106187.62780608737
2022-07-06,109634.88398010636,109634.88462920819,109634.88668956795,109634.88724498695,109214.55123842174,106362.93114874554
2022-07-07,109952.41181476151,109952.41246574328,109952.41453207034,109952.41508909797,109530.86169280106,106670.98265561233
2022-07-08,109858.83115442598,109858.8318048537,109858.83386942212,109858.83442597563,109437.63981439787,106580.19482448799
2022-07-11,109551.9047082283,109551.90535683886,109551.90741563923,109551.90797063784,109131.8901034686,106282.42831733708
2022-07-12,109712.97014471468,109712.97079427882,109712.97285610609,109712.97341192067,109292.33802594802,106438.68690319514
2022-07-13,109658.49687437147,109658.49752361311,109658.49958441666,109658.50013995529,109238.0736024448,106385.83933777962
2022-07-14,109364.67445926712,109364.67510676915,109364.67716205092,109364.67771610101,108945.3776826385,106100.78578390006
2022-07-15,110021.73570912273,110021.73636051494,110021.73842814482,110021.73898552363,109599.91980403263,106738.23764175567
2022-07-18,109798.41728971296,109798.41793978302,109798.42000321607,109798.42055946353,109377.4575723625,106521.5839563079
2022-07-19,110178.52959092862,110178.53024324916,110178.53231382562,110178.53287199877,109756.11254868376,106890.35215357554
2022-07-20,109593.99097096536,109593.9916198251,109593.99367941638,109593.99423462822,109173.81501031635,106323.25855405831
2022-07-21,109516.28701202394,109516.28766042361,109516.2897185546,109516.29027337278,109096.40896310625,106247.87359869709
2022-07-22,109507.86731331349,109507.86796166332,109507.87001963607,109507.8705744116,109088.02154495209,106239.70517819331
2022-07-25,109589.21813724712,109589.2187860786,109589.22084558019,109589.22140076783,109169.06047532028,106318.62816119674
2022-07-26,109693.44102535525,109693.44167480379,109693.44373626402,109693.44429197967,109272.88377991342,106419.74061254006
2022-07-27,109826.01657438667,109826.01722462014,109826.01928857184,109826.01984495913,109404.95104324252,106548.35956557507
2022-07-28,110169.73100546915,110169.73165773763,110169.73372814873,110169.7342862773,109747.3476964068,106881.81615385122
2022-07-29,110014.01587874076,110014.0165300873,110014.01859757207,110014.01915491176,109592.22957095905,106730.74820265025
2022-08-01,109957.61552971425,109957.61618072687,109957.61824715171,109957.61880420566,109536.04545706206,106676.03107045207
2022-08-02,109357.81359372596,109357.81424118739,109357.8162963402,109357.81685035552,108938.54312119252,106094.12967461547
2022-08-03,110255.19043842026,110255.19109119468,110255.19316321184,110255.19372177334,109832.47948366292,106964.72512819407
2022-08-04,110821.65944374865,110821.6600998769,110821.66218253966,110821.66274397093,110396.77668507774,107514.28838419727
2022-08-05,109848.59217954405,109848.59282991118,109848.59489428716,109848.5954507888,109427.4400950542,106570.261422446
2022-08-08,109827.4036530732,109827.40430331489,109827.40636729266,109827.40692368695,109406.332803963,106549.70524816692
2022-08-09,109113.68665848927,109113.68730450535,109113.6893550703,109113.68990784885,108695.35215213997,105857.28848446246
2022-08-10,109708.36685834781,109708.36750788473,109708.36956962544,109708.37012541671,109287.75238827018,106434.22099769932
2022-08-11,109485.17040857139,109485.17105678686,109485.17311433307,109485.1736689936,109065.41165861006,106217.68564181277
2022-08-12,110037.76190960057,110037.7625610877,110037.76462901871,110037.76518647872,109615.88456114005,106753.7855549391
2022-08-15,110075.69044867659,110075.69110038829,110075.69316903208,110075.69372668423,109653.66768475852,106790.58215145893
2022-08-16,110154.07176706138,110154.07241923713,110154.07448935395,110154.07504740318,109731.7484944616,106866.62425109048
2022-08-17,109199.09743547022,109199.098081992,109199.10013416204,109199.1006873733,108780.43546996966,105940.1502549281
2022-08-18,109368.92955610066,109368.93020362794,109368.93225898965,109368.93281306128,108949.61646571814,106104.91389126067
2022-08-19,108965.50576451104,108965.50640964982,108965.50845743003,108965.50900945786,108547.7393737028,105713.52991372668
2022-08-22,108163.9241006443,108163.92474103728,108163.92677375342,108163.92732172039,107749.23091980563,104935.87072142596
2022-08-23,108755.67610177754,108755.676745674,108755.67878951092,108755.67934047573,108338.71418372671,105509.96242535011
2022-08-24,108795.02838807878,108795.02903220824,108795.03107678468,108795.03162794886,108377.9155960197,105548.1402786615
2022-08-25,109480.98223734481,109480.98288553554,109480.98494300306,109480.98549764232,109061.23954454917,106213.62246272566
2022-08-26,107562.1223386808,107562.12297551076,107562.1249969173,107562.12554183547,107149.73642515863,104352.02918259118
2022-08-29,108024.77755100043,108024.77819056959,108024.78022067076,108024.78076793278,107610.61784863671,104800.8768732814
2022-08-30,107508.4154244336,107508.41606094559,107508.41808134281,107508.4186259889,107096.2354195939,104299.92510207495
2022-08-31,107159.48094823805,107159.48158268417,107159.48359652387,107159.48413940224,106748.63873461704,103961.40425615748
2022-09-01,107459.76530840676,107459.76594463074,107459.76796411366,107459.76850851328,107047.77182482666,104252.72690426157
2022-09-02,107312.56531076733,107312.5659461198,107312.5679628364,107312.5685064903,106901.13618203795,104109.91995591055
2022-09-05,107257.10820875096,107257.10884377507,107257.11085944947,107257.11140282241,106845.89169880576,104056.11792037824
2022-09-06,106751.7399255333,106751.74055756534,106751.74256374239,106751.7431045551,106342.46096345912,103565.83189132207
2022-09-07,108007.49197845765,108007.49261792446,108007.49464770076,108007.49519487523,107593.3985478118,104784.10717284035
2022-09-08,107883.78278135789,107883.7834200923,107883.78544754373,107883.78599409148,107470.16364341982,104664.0899635735
2022-09-09,108316.40242448113,108316.40306577689,108316.40510135851,108316.40565009795,107901.12465204555,105083.79846915702
2022-09-12,108893.4791625452,108893.4798072576,108893.48185368418,108893.48240534712,108475.98891686508,105643.65287981511
2022-09-13,106750.71083555513,106750.7114675811,106750.71347373881,106750.71401454632,106341.43581894247,103564.83351359304
2022-09-14,107482.13754706622,107482.13818342265,107482.14020332601,107482.14074783899,107070.05828983388,104274.43146392172
2022-09-15,107188.1040605521,107188.10469516768,107188.10670954529,107188.10725256868,106777.15210785136,103989.17313786555
2022-09-16,107336.83010673986,107336.83074223596,107336.83275940857,107336.83330318541,106925.3079484213,104133.46059124182
2022-09-19,107508.48214729645,107508.48278380885,107508.4848042073,107508.48534885375,107096.30188664583,104299.98983365498
2022-09-20,107150.63501852825,107150.63565292199,107150.63766659546,107150.63820942902,106739.8267196044,103952.82232512864
2022-09-21,106639.84098593099,106639.84161730054,106639.84362137469,106639.84416162054,106230.9910368349,103457.27247322028
2022-09-22,106477.90177157403,106477.90240198481,106477.90440301567,106477.90494244109,106069.67268649026,103300.16618659296
2022-09-23,105372.41403759632,105372.41466146197,105372.41664171747,105372.4171755424,104968.42331783251,102227.67072286636
2022-09-26,105216.38790948513,105216.38853242702,105216.39050975034,105216.39104278483,104812.99538336026,102076.30105183441
2022-09-27,105681.05839890041,105681.05902459341,105681.06101064925,105681.06154603779,105275.88435749768,102527.10387551869
2022-09-28,107101.96429530506,107101.96492941068,107101.96694216949,107101.96748475645,106691.34259664739,103905.60413512182
2022-09-29,105910.76368595369,105910.76431300672,105910.76630337938,105910.76683993162,105504.7089699921,102749.95381838709
2022-09-30,105140.14427555,105140.14489804051,105140.14687393098,105140.14740657921,104737.04406236902,102002.33283941541
2022-10-03,105845.46356010831,105845.46418677471,105845.4661759202,105845.46671214163,105439.65920041957,102686.60251506875
2022-10-04,107324.45203311145,107324.45266853432,107324.45468547432,107324.45522918843,106912.97733149129,104121.45192989885
2022-10-05,106886.3759160258,106886.376548855,106886.37855756229,106886.37909905706,106476.58076865587,103696.4497938274
2022-10-06,106824.41716574875,106824.41779821113,106824.41980575403,106824.4203469349,106414.8595640434,103636.34014577983
2022-10-07,105594.80935542553,105594.80998060793,105594.8119650429,105594.81249999448,105189.9659870312,102443.4288558559
2022-10-10,105234.41843418054,105234.41905722921,105234.42103489138,105234.42156801719,104830.95678024154,102093.79347201248
2022-10-11,105181.62721801817,105181.62784075427,105181.62981742436,105181.6303502827,104778.36796203702,102042.57776140931
2022-10-12,105376.73333441508,105376.73395830631,105376.73593864302,105376.7364724898,104972.72605475892,102231.86111422237
2022-10-13,106065.01374900319,106065.01437696943,106065.01637024093,106065.01690757462,105658.36764871613,102899.6004293946
2022-10-14,105354.11465004654,105354.11527380385,105354.11725371548,105354.11778744769,104950.19408889882,102209.91746379988
2022-10-17,106692.37513002518,106692.37576170576,106692.37776676723,106692.37830727916,106283.32376856812,103508.23878383597
2022-10-18,106874.1221668237,106874.12279958032,106874.12480805734,106874.12534949003,106464.37399950068,103684.56174656194
2022-10-19,107160.69317348307,107160.69380793636,107160.69582179889,107160.69636468336,106749.84631227228,103962.58030364882
2022-10-20,107071.38692576262,107071.38755968715,107071.38957187138,107071.3901143034,106660.88245867485,103875.93931920479
2022-10-21,108163.04694826179,108163.04758864958,108163.04962134929,108163.05016931177,107748.35713036609,104935.01974685396
2022-10-24,108285.29293680079,108285.29357791237,108285.29561290942,108285.29616149119,107870.13443604014,105053.61741568118
2022-10-25,109187.4191051954,109187.41975164808,109187.42180359873,109187.42235675074,108768.80191362447,105928.82045373837
2022-10-26,109024.27626325046,109024.27690873726,109024.27895762197,109024.27950994749,108606.28455031876,105770.5464606875
2022-10-27,108675.14503884873,108675.14568226847,108675.14772459197,108675.14827514878,108258.49187145503,105431.83473833409
2022-10-28,109137.14079442703,109137.14144058205,109137.1434915878,109137.14404448513,108718.71636650439,105880.04265316624
2022-10-31,109105.25790166468,109105.25854763092,109105.26059803751,109105.2611507733,108686.95571059987,105849.11127617567
2022-11-01,109372.05160116307,109372.05224870889,109372.05430412931,109372.0548582167,108952.72654107062,106107.94276174385
2022-11-02,108561.37817918198,108561.37882192813,108561.38086211364,108561.3814120941,108145.16118624572,105321.46314653361
2022-11-03,108552.09874250727,108552.09938519851,108552.10142520962,108552.10197514307,108135.91732630463,105312.46064615875
2022-11-04,109098.67818855934,109098.67883448665,109098.68088476958,109098.68143747206,108680.40122367031,105842.72792858962
2022-11-07,108786.44298460579,108786.44362868447,108786.4456730996,108786.44622422026,108369.36310840388,105539.81109870222
2022-11-08,108842.80259759373,108842.80324200609,108842.8052874804,108842.80583888658,108425.50664244153,105594.48871059164
2022-11-09,107612.76003396866,107612.76067109845,107612.76269345667,107612.76323863133,107200.17997894228,104401.15564218049
2022-11-10,108737.5867630141,108737.58740680352,108737.58945030051,108737.59000117365,108320.69419826657,105492.41294635604
2022-11-11,108155.79872188595,108155.79936223084,108155.80139479435,108155.8019427201,107741.13669320075,104927.98783716444
2022-11-14,107403.93018316163,107403.93081905504,107403.93283748874,107403.93338160547,106992.15076768125,104198.55812725796
2022-11-15,107293.23669621033,107293.23733144837,107293.23934780183,107293.23989135776,106881.88167208395,104091.1681861754
2022-11-16,106794.3976468292,106794.39827911383,106794.40028609264,106794.40082712143,106384.95513793222,103607.21653194408
2022-11-17,107172.07613904121,107172.07677356192,107172.0787876384,107172.07933058054,106761.18563630921,103973.62355501164
2022-11-18,107497.82000157736,107497.82063802666,107497.82265822483,107497.8232028172,107085.68061887345,104289.64588992237
2022-11-21,107304.82216319958,107304.82279850621,107304.8248150774,107304.82535869203,106893.42272117513,104102.40789549939
2022-11-22,108311.60579883878,108311.60644010616,108311.60847559776,108311.60902431283,107896.34641634201,105079.14499441952
2022-11-23,108257.80533730055,108257.8059782494,108257.80801272993,108257.80856117245,107842.75222214026,105026.9501584456
2022-11-24,108142.31770598369,108142.31834624877,108142.32037855894,108142.32092641639,107727.70736260312,104914.90914985095
2022-11-25,107779.76354490372,107779.76418302227,107779.76620851901,107779.76675453971,107366.54320969395,104563.17508608673
2022-11-28,107458.14895340873,107458.14958962314,107458.1516090758,107458.15215346716,107046.16166682456,104251.15878789991
2022-11-29,107454.48321048821,107454.4838466809,107454.48586606469,107454.48641043747,107042.50997811485,104247.60244572387
2022-11-30,108252.42083635692,108252.42147727386,108252.42351165322,108252.42406006843,107837.38836500962,105021.72635300749
2022-12-01,108179.19652189629,108179.1971623797,108179.19919538296,108179.19974342722,107764.44478762591,104950.687351235
2022-12-02,107692.85183808555,107692.85247568953,107692.85449955297,107692.85504513336,107279.96471649071,104478.85717966201
2022-12-05,106599.97716456001,106599.97779569356,106599.97979901865,106599.98033906246,106191.28005066312,103418.59835113536
2022-12-06,106551.73636181669,106551.73699266464,106551.73899508313,106551.73953488255,106143.22419989988,103371.79725102492
2022-12-07,106762.78763240241,106762.78826449989,106762.79027088465,106762.7908117533,106353.46631416617,103576.54988948476
2022-12-08,107026.82929270949,107026.82992637026,107026.83193771714,107026.83247992344,106616.49565657802,103832.71146795407
2022-12-09,106553.73794903739,106553.73857989718,106553.74058235328,106553.74112216286,106145.21811317033,103373.73910270583
2022-12-12,106717.21530698358,106717.21593881125,106717.21794433959,106717.21848497736,106308.06870996558,103532.3376284339
2022-12-13,108076.59728403905,108076.59792391506,108076.59995499016,108076.60050251467,107662.23890831826,104851.15009378601
2022-12-14,107473.43207653394,107473.43271283885,107473.43473257871,107473.43527704755,107061.38619548778,104265.98580019468
2022-12-15,106109.66490313796,106109.66553136859,106109.66752547928,106109.66806303915,105702.84761334126,102942.91901067579
2022-12-16,106680.16498723727,106680.16561884558,106680.16762367765,106680.16816412772,106271.16043864323,103496.39304159117
2022-12-19,106096.18404218764,106096.18467033845,106096.18666419582,106096.1872016874,105689.4184371015,102929.84047368985
2022-12-20,106726.4440056918,106726.44463757411,106726.4466432759,106726.44718396044,106317.26202646618,103541.2909050705
2022-12-21,107183.04730452954,107183.04793911519,107183.04995339789,107183.0504963956,106772.11473908997,103984.26729610113
2022-12-22,106132.66008846935,106132.66071683611,106132.66271137897,106132.66324905535,105725.75463668494,102965.22792573427
2022-12-23,106574.61574506358,106574.61637604698,106574.61837889548,106574.61891881084,106166.01586513646,103393.99382000622
2022-12-26,106236.5011829874,106236.50181196893,106236.50380846328,106236.50434666572,105829.19761145885,103065.96997776796
2022-12-27,105988.24694609221,105988.24757360395,105988.24956543288,105988.25010237766,105581.89516454366,102825.12466149931
2022-12-28,105470.98792573494,105470.98855018419,105470.9905322923,105470.99106661663,105066.61928034062,102323.30276347723
2022-12-29,106272.47460034,106272.47522953452,106272.47722670491,106272.47776508963,105865.03310915855,103100.86980138392
2022-12-30,106223.12193996535,106223.12256886766,106223.12456511057,106223.12510324527,105815.86966355106,103052.99002601617
2023-01-03,106429.7557311672,106429.75636129291,106429.75836141905,106429.75890060057,106021.71123475114,103253.45702072374
2023-01-04,106845.88608853394,106845.88672112337,106845.88872906983,106845.8892703595,106436.24617642847,103657.1683482017
2023-01-05,106358.80193065405,106358.80256035966,106358.8045591524,106358.80509797446,105951.02946631775,103184.62077148675
2023-01-06,108219.80294144849,108219.80358217229,108219.80561593868,108219.80616418872,107804.89552490765,104990.08190933765
2023-01-09,108193.64158410499,108193.64222467388,108193.64425794865,108193.64480606615,107778.83446844158,104964.70131377474
2023-01-10,108151.24609005661,108151.2467303745,108151.24876285253,108151.24931075524,107736.60151585448,104923.57107446787
2023-01-11,107911.91673830006,107911.917377201,107911.91940518132,107911.91995187159,107498.18973667099,104691.38428830431
2023-01-12,108177.09631060615,108177.09695107711,108177.09898404093,108177.09953207462,107762.35262840407,104948.64981882984
2023-01-13,108071.5181363508,108071.51877619667,108071.52080717638,108071.5213546752,107657.17923373927,104846.2225286147
2023-01-16,107623.38443662683,107623.38507381947,107623.38709637744,107623.387641606,107210.76364835817,104411.46296925927
2023-01-17,107422.77037928048,107422.77101528537,107422.77303407321,107422.77357828543,107010.91873176048,104216.83605495641
2023-01-18,106742.27169623328,106742.27232820922,106742.2743342085,106742.27487497326,106333.02903471093,103556.64623266504
2023-01-19,106576.58997815402,106576.59060914905,106576.59261203467,106576.59315196009,106167.98252915051,103395.90913391582
2023-01-20,106623.38012391143,106623.38075518348,106623.38275894841,106623.3832991109,106214.59328464877,103441.30287057119
2023-01-23,106984.68139347107,106984.68202688222,106984.68403743707,106984.68457942992,106574.50934953909,103791.8214342165
2023-01-24,107266.2944916405,107266.29512671895,107266.29714256614,107266.29768598566,106855.04276210707,104065.0300470574
2023-01-25,107354.60666908583,107354.60730468715,107354.60932219398,107354.60986606088,106943.01635662768,104150.70662834441
2023-01-26,106866.14996086943,106866.1505935788,106866.1526019061,106866.15314329845,106456.43235844576,103676.82746380231
2023-01-27,106966.11945172977,106966.12008503103,106966.12209523705,106966.12263713585,106556.01857302894,103773.81345664819
2023-01-30,106464.84355557113,106464.84418590454,106464.84618669012,106464.84672604942,106056.66453480569,103287.4976811025
2023-01-31,106760.3677351904,106760.36836727349,106760.37037361282,106760.37091446927,106351.05569467666,103574.2022118916
2023-02-01,108363.34298983583,108363.34363140946,108363.34566756619,108363.3462149292,107947.88525043252,105129.33813599344
2023-02-02,110670.38398716577,110670.38464239839,110670.38676945913,110670.38746488726,110246.08126914802,107367.52770748487
2023-02-03,110236.00176828168,110236.00242094252,110236.0045359935,110236.00522905428,109813.36443176895,106946.10921465376
2023-02-06,110202.02307439454,110202.02372685421,110202.02583133017,110202.02649924079,109779.51599535985,106913.14456054903
2023-02-07,112240.52892176468,112240.52958629347,112240.53174722516,112240.53248624488,111810.20636760426,108890.81310006794
2023-02-08,109654.2609148517,109654.26156406828,109654.26362953082,109654.26420712353,109233.85388493534,106381.72980239801
2023-02-09,108895.63501582626,108895.63566055136,108895.63768722695,108895.63818714384,108478.13647683624,105645.74434834652
2023-02-10,108023.96301632754,108023.96365589184,108023.96565333281,108023.96610067565,107609.80639838593,104800.08658053394
2023-02-13,108638.78057617805,108638.78121938242,108638.78322970279,108638.78369120459,108222.26678714239,105396.55547176072
2023-02-14,110522.71057194697,110522.71122630528,110522.71326482871,110522.71370474185,110098.97391879094,107224.26128992767
2023-02-15,110648.65218559321,110648.65284069719,110648.65489440314,110648.65538019831,110224.43269274686,107346.44431452693
2023-02-16,109818.53208850475,109818.53273869395,109818.53477659998,109818.53528593305,109397.49520501705,106541.09837727404
2023-02-17,108777.986139873,108777.98678390155,108777.98879327971,108777.98926613387,108360.93863067214,105531.60655421145
2023-02-20,109386.80219956982,109386.80284720291,109386.80488390487,109386.8054088562,108967.42054920451,106122.25308792356
2023-02-21,107542.00214550797,107542.0027822188,107542.00478604318,107542.00530798403,107129.69333563853,104332.50940731043
2023-02-22,107387.33308665399,107387.33372244908,107387.33568795767,107387.33610932634,106975.61722132492,104182.45622777686
2023-02-23,108066.89139112738,108066.89203094585,108066.89400615839,108066.89441560161,107652.57014465873,104841.73373304002
2023-02-24,107211.10137974804,107211.10201449975,107211.10394925864,107211.1042747154,106800.06114833071,104011.48394430292
2023-02-27,107264.84953395088,107264.8501690208,107264.85211283452,107264.85246120753,106853.60324624754,104063.62805157519
2023-02-28,107401.68630915883,107401.68694503892,107401.68893056326,107401.68938847484,106989.9154503113,104196.38114455392
2023-03-01,107968.08402249885,107968.08466173234,107968.08665772762,107968.08711805406,107554.14163282265,104745.87523581706
2023-03-02,107053.42551317846,107053.42614699663,107053.4281260827,107053.42858250947,106642.98986285501,103858.5138737252
2023-03-03,107680.93328953919,107680.93392707258,107680.93591775931,107680.9363768615,107268.09181650584,104467.29425403176
2023-03-06,106499.32775989054,106499.32839042814,106499.33035927065,106499.33081333501,106091.01648317423,103320.95266144836
2023-03-07,104792.84443048482,104792.84505091906,104792.84698821399,104792.8474350027,104391.07569635147,101665.39776731239
2023-03-08,105662.79559924029,105662.79622482513,105662.79817820276,105662.79862870055,105257.6915306981,102509.38603855674
2023-03-09,104193.50155977321,104193.50217665899,104193.50410287394,104193.50454710731,103794.03066599132,101083.94173678811
2023-03-10,104234.25431465905,104234.25493178611,104234.25685875444,104234.25730316156,103834.62717754934,101123.47826295168
2023-03-13,103895.45975334143,103895.46036846263,103895.46228916771,103895.46273213037,103497.13153184732,100794.7947156642
2023-03-14,104867.66682232353,104867.66744320076,104867.66938187894,104867.66982898663,104465.61122416028,101737.98715325304
2023-03-15,104716.0857518152,104716.08637179498,104716.08830767089,104716.08875413232,104314.61130530547,101590.92988125155
2023-03-16,105675.79983362183,105675.80045928368,105675.80241290171,105675.80286345493,105270.64590771757,102522.0021734488
2023-03-17,106762.53751282881,106762.53814492478,106762.54011863323,106762.5405738198,106353.21710758064,103576.30715987938
2023-03-20,106601.84273701097,106601.8433681555,106601.84533889321,106601.84579339466,106193.13842475093,103420.40817277355
2023-03-21,106610.89814605395,106610.8987772521,106610.90074815722,106610.90120269726,106202.15911596324,103429.19333141012
2023-03-22,106531.20643711982,106531.20706784616,106531.20903727801,106531.2094914783,106122.77293969401,103351.87994869228
2023-03-23,107759.69651038702,107759.69714838674,107759.69914052956,107759.69959996756,107346.55306444979,104543.70685854158
2023-03-24,106678.36189573261,106678.3625273302,106678.3644994825,106678.36495431018,106269.36421415236,103494.64368714033
2023-03-27,106506.39404507824,106506.39467565768,106506.39664463083,106506.39709872533,106098.05567669867,103327.80805981308
2023-03-28,107327.63168532508,107327.63232076672,107327.63430492202,107327.63476251789,106916.14474693636,104124.53661328381
2023-03-29,107805.90484051075,107805.90547878404,107805.90747178115,107805.90793141615,107392.58423493634,104588.5361432864
2023-03-30,108358.82095233366,108358.82159388055,108358.82359709934,108358.82405909173,107943.38050348622,105124.95097910777
2023-03-31,109414.81454657277,109414.81519437175,109414.8172171126,109414.81768360725,108995.32548914029,106149.42940968678
2023-04-03,109274.55030438489,109274.55095135346,109274.55297150121,109274.55343739786,108958.44210787413,106238.18473170773
2023-04-04,109051.15613723976,109051.15678288571,109051.1587989036,109051.15926384777,108825.75346248917,106282.92666214948
2023-04-05,107261.92087367013,107261.92150872281,107261.92349166324,107261.92394897893,106988.75882890343,104364.73742480675
2023-04-06,107073.27753628636,107073.27817022218,107073.28014967518,107073.28060618658,106672.10818987247,103936.80103971844
2023-04-07,107595.73955422535,107595.74019125444,107595.74218036613,107595.7426391051,107192.61270962811,104443.95868034387
2023-04-10,108768.37564788271,108768.37629185447,108768.37830264457,108768.37876638315,108163.38772382356,105312.07366311703
2023-04-11,109215.1617233747,109215.1623699917,109215.16438904149,109215.16485468495,108560.9516246128,105763.54981966736
2023-04-12,107819.04869049607,107819.04932884728,107819.05132208725,107819.05178177834,107271.74183450751,104562.70772143135
2023-04-13,109308.24354196037,109308.24418912848,109308.24620989907,109308.24667593939,108755.52272202882,105859.68995870385
2023-04-14,108298.64015505028,108298.64079624096,108298.6427983471,108298.64326008293,107748.00619890682,104940.8363734138
2023-04-17,108887.20518523552,108887.20582991086,108887.20784289774,108887.20830714295,108424.23772382257,105687.783703048
2023-04-18,109799.51811970575,109799.51876978252,109799.52079963527,109799.52126777013,109425.42286555882,106733.27042470616
2023-04-19,108022.22506216411,108022.22570171827,108022.22769871437,108022.22815927166,107723.21022114427,104912.94688738602
2023-04-20,107731.29758680868,107731.29822464037,107731.30021625813,107731.30067557502,107383.08415692291,104392.45756620831
2023-04-21,106683.35598587485,106683.35661750213,106683.35858974667,106683.35904459562,106371.8855073846,103416.22389034687
2023-04-24,106402.50704563616,106402.50767560067,106402.50964265317,106402.51009630472,106183.67349396931,103466.09068295248
2023-04-25,104809.59118092615,104809.59180145968,104809.5937390641,104809.59418592419,104625.39217315918,101976.15950748512
2023-04-26,105614.03089930982,105614.03152460608,105614.03347708215,105614.033927372,105250.9752075829,102353.69841682167
2023-04-27,107707.9449387507,107707.94557644412,107707.94756763022,107707.94802684756,107325.59346760328,104369.47863270437
2023-04-28,108652.40629526757,108652.40693855275,108652.40894719902,108652.40941044311,108163.72668498971,105135.16933124764
2023-05-01,108484.11560127427,108484.11624356305,108484.11824909816,108484.11871162475,108200.65518361943,105215.90177662238
2023-05-02,108559.59235419717,108559.59299693284,108559.59500386326,108559.59546671166,108257.77862952654,105318.09377830525
2023-05-03,108046.7321512043,108046.73279090352,108046.73478835275,108046.73524901454,107792.02148120126,104826.48392781072
2023-05-04,107489.9761742991,107489.97681070199,107489.97879785854,107489.9792561466,107184.00354316643,104266.43099472155
2023-05-05,108293.21768281807,108293.21832397665,108293.22032598262,108293.22078769533,107949.24635749364,105005.8446695422
2023-05-08,108596.56203698492,108596.56267993947,108596.56468755334,108596.56515055937,108304.84719579051,105271.57677725228
2023-05-09,108049.23580956261,108049.23644927665,108049.2384467722,108049.23890744467,107624.44112411462,104604.58104983321
2023-05-10,108265.30508931262,108265.3057303059,108265.3077317959,108265.30819338959,107954.79750568174,104703.95514281795
2023-05-11,107860.66318804168,107860.66382663925,107860.66582064868,107860.66628051715,107474.70758120948,104036.72941214265
2023-05-12,108027.85867705406,108027.85931664152,108027.86131374187,108027.86177432319,107680.36630273121,104195.88419572833
2023-05-15,109255.61364984569,109255.61429670217,109255.61631649992,109255.61678231582,108573.1062768791,105092.45444664174
2023-05-16,108918.36589989527,108918.36654475504,108918.36855831812,108918.36902269615,108252.22033425386,104602.47901462865
2023-05-17,110616.80307867569,110616.80373359122,110616.80577855313,110616.80625017249,109913.86576650232,106164.79021373116
2023-05-18,112405.23173307609,112405.23239858016,112405.23447660456,112405.23495584897,111605.30114226084,107732.59888234094
2023-05-19,113089.31324116886,113089.3139107231,113089.31600139404,113089.31648355506,112217.09086949634,108324.17103626349
2023-05-22,112381.16358290192,112381.16424826349,112381.16632584296,112381.16680498474,111681.60756807134,107632.45529893307
2023-05-23,111891.851918304,111891.85258076858,111891.85464930217,111891.85512635775,111096.92397681631,107136.53546433698
2023-05-24,112101.19864365844,112101.19930736248,112101.20137976624,112101.20185771438,111205.56854459211,107272.50649010745
2023-05-25,114699.85397892768,114699.85465801726,114699.85677846213,114699.85726748973,113401.7653160581,109234.68432607227
2023-05-26,117269.54141683372,117269.54211113734,117269.54427908776,117269.54477907134,115646.43332307259,111357.54201426014
2023-05-29,117272.5787807291,117272.5794750507,117272.58164305727,117272.58214305379,115649.4286473227,111360.42625319812
2023-05-30,117217.50140287567,117217.50209687118,117217.50426385955,117217.50476362123,115723.37329066418,111457.91751984617
2023-05-31,116708.08996502224,116708.09065600173,116708.09281357264,116708.09331116243,115530.12014657252,111326.13546689424
2023-06-01,117469.8527705927,117469.85346608228,117469.85563773583,117469.85613857342,116257.9934622278,112093.58910417781
2023-06-02,117438.18735772336,117438.18805302544,117438.19022409362,117438.1907247962,116190.32519376092,111995.87582260158
2023-06-05,117824.23876051612,117824.23945810382,117824.24163630891,117824.24213865741,116577.4623686183,112692.61691289529
2023-06-06,118065.67885378237,118065.67955279956,118065.68173546811,118065.68223884601,116837.46225034317,112715.27050554147
2023-06-07,115915.66735018938,115915.66803647725,115915.67017939874,115915.67067361002,114801.72398271142,110638.28371070336
2023-06-08,117664.23250408791,117664.23320072828,117664.23537597535,117664.2358776417,116495.23205493993,112270.74769542969
2023-06-09,117727.40062681827,117727.40132383267,117727.4035002475,117727.40400218318,116541.86348723782,112369.72609562054
2023-06-12,119599.53021109571,119599.5309191942,119599.5331302189,119599.53364013648,118470.50761131656,113959.35854673928
2023-06-13,119844.92774129502,119844.92845084638,119844.93066640773,119844.93117737157,118804.41916572457,114147.23189057683
2023-06-14,121464.70513295654,121464.70585209792,121464.70809760394,121464.70861547378,120363.33884814731,115420.20882453903
2023-06-15,122108.30669833129,122108.30742128317,122108.3096786874,122108.31019930125,120888.62487656387,115906.68535988379
2023-06-16,121084.88774457652,121084.88846146919,121084.89069995355,121084.89121620405,119859.96759882181,114771.12411606553
2023-06-19,121400.02577335584,121400.02649211431,121400.0287364246,121400.0292540187,120171.9176251399,115069.82981327045
2023-06-20,121232.10967279546,121232.11039055976,121232.1126317658,121232.11314864398,119985.01094902995,115064.46785410777
2023-06-21,120400.48442370519,120400.4851365458,120400.48736237767,120400.48787571018,119115.75675212897,114575.97213219566
2023-06-22,120633.1265832976,120633.1272975156,120633.12952764829,120633.13004197269,119345.54757716223,114880.4707495205
2023-06-23,121802.02106769956,121802.02178883809,121802.02404058001,121802.02455988804,120388.6781882824,115835.81593159203
2023-06-26,120717.4621935535,120717.46290827078,120717.46513996259,120717.46565464656,119527.74364759838,114936.30968189157
2023-06-27,122444.44512281609,122444.44584775812,122444.44811137648,122444.44863342353,121436.38142273048,116716.4647881062
2023-06-28,122408.04709203138,122408.0478167579,122408.05007970337,122408.05060159526,121257.24954800296,116662.34682428469
2023-06-29,123201.84505555566,123201.84578498192,123201.84806260226,123201.84858787854,122041.0906837083,117519.94482356579
2023-06-30,124718.43625182203,124718.4369902274,124718.43929588479,124718.43982762714,123415.4268518639,118822.65451599588
2023-07-03,124424.50206337194,124424.50280003705,124424.5051002605,124424.50563074966,123124.56357275191,118542.61540089565
2023-07-04,123322.6705990843,123322.67132922594,123322.67360907995,123322.67413487138,122034.24361228266,117492.87052475277
2023-07-05,122615.51281171752,122615.51353767235,122615.51580445323,122615.51632722965,121334.47393265588,116819.14202091777
2023-07-06,121760.35019583475,121760.35091672653,121760.35316769811,121760.3536868285,120488.2457210238,116004.40528178112
2023-07-07,122669.24820028893,122669.24892656191,122669.25119433619,122669.2517173417,121387.64791492264,116870.33719064081
2023-07-10,122607.50953372952,122607.51025963695,122607.5125262699,122607.51304901218,121326.55426978337,116811.5170797788
2023-07-11,122454.57169284952,122454.57241785151,122454.5746816571,122454.5752037473,121175.2142635962,116665.80902910526
2023-07-12,122850.30750235752,122850.30822970245,122850.31050082402,122850.31102460145,121566.81558028032,117042.83732408671
2023-07-13,124157.96162784929,124157.96236293629,124157.96465823233,124157.965187585,122860.80784736031,118288.67506106728
2023-07-14,123321.88196432668,123321.88269446361,123321.88497430313,123321.88550009114,122033.46321687232,117492.11917091801
2023-07-17,124231.54193299737,124231.54266852002,124231.54496517632,124231.54549484272,122933.61941428379,118358.77702386084
2023-07-18,125282.44495194036,125282.44569368496,125282.44800976921,125282.44854391618,123973.54300986903,119360.00098162077
2023-07-19,123279.50361669944,123279.50434658547,123279.50662564153,123279.50715124886,121991.52762163174,117451.74416373862
2023-07-20,120231.85293198554,120231.85364382777,120231.85586654216,120231.85637915572,118975.71759824523,114548.16426586361
2023-07-21,120329.45616972171,120329.4568821418,120329.45910666056,120329.45961969027,119072.30111556104,114641.1535314903
2023-07-24,121172.84512971397,121172.8458471274,121172.84808723781,121172.84860386334,119906.87867785047,115444.67318766542
2023-07-25,122023.51381276756,122023.51453521744,122023.51679105409,122023.51731130648,120748.6599075044,116255.12843447407
2023-07-26,120928.2755801528,120928.27629611826,120928.27853170731,120928.27904729014,119664.86429520449,115211.66510990252
2023-07-27,120154.56333617953,120154.56404756416,120154.5662688497,120154.56678113373,118899.2354938806,114474.52836073095
2023-07-28,122866.2810057731,122866.28173321267,122866.28400462944,122866.28452847502,121582.62219878522,117058.05571628927
2023-07-31,122498.29480289652,122498.2955281574,122498.29779277125,122498.29831504788,121218.48057170522,116707.46522810537
2023-08-01,122322.13276774295,122322.13349153432,122322.13575144457,122322.13628199823,121044.15901014277,116545.54862535968
2023-08-02,119640.34279496263,119640.34350090529,119640.34570455196,119640.3462653869,118390.38733661955,114060.12872292449
2023-08-03,120006.69974483598,120006.70045497753,120006.70267228232,120006.70319171777,118752.91672484294,114439.63070360216
2023-08-04,120795.71337497073,120795.7140951799,120795.71634537537,120795.71675396427,119533.68702909596,115331.66359309055
2023-08-07,121972.42486944364,121972.42559756493,121972.42787272073,121972.42826631897,120698.10469894434,116561.65409887585
2023-08-08,121719.03036356387,121719.03108733249,121719.03334812827,121719.03380101743,120447.3575704202,116320.79799200177
2023-08-09,120430.66192952839,120430.66264515945,120430.66488040844,120430.66533859189,119172.44950736279,115074.49801524186
2023-08-10,120507.40404819226,120507.40476264888,120507.40699379165,120507.40748677567,119248.38986055148,115183.82011858204
2023-08-11,119497.41665926045,119497.4173661866,119497.41957339752,119497.42009489743,118248.95443033703,114285.4311981029
2023-08-14,120930.32297340583,120930.32369350194,120930.32594309913,120930.32637152253,119666.8902825707,115506.01570281619
2023-08-15,119989.74595646832,119989.74666798832,119989.74888999604,119989.74937805966,118736.14005744536,114593.34869815192
2023-08-16,119077.16020464338,119077.16090964095,119077.16311098081,119077.1636188452,117833.08864853591,113751.46431299769
2023-08-17,118123.17823334588,118123.17893308606,118123.18111811513,118123.18161364237,116889.07350595812,112854.91367427856
2023-08-18,118170.67181842054,118170.67251823004,118170.67470341851,118170.67520363208,116936.07089744616,112902.18215074312
2023-08-21,120094.53015758522,120094.5308686148,120094.5330887918,120094.53360081217,118839.82951843445,114719.96668910705
2023-08-22,119176.52927591235,119176.52997999714,119176.53217808208,119176.53271814156,117931.41955630519,113714.2960864929
2023-08-23,120411.53855495292,120411.53926688997,120411.54148963914,120411.54202352877,119153.52593981581,114794.010744509
2023-08-24,117576.20008555935,117576.20078102278,117576.20295241779,117576.20346758953,116347.80997565459,112228.55776800422
2023-08-25,118537.33566684244,118537.33636689256,118537.33855231185,118537.3390949431,117298.90399278888,113093.21404089415
2023-08-28,119607.9329865552,119607.93369439292,119607.93590451953,119607.93642104605,118358.31612533706,114050.52494477668
2023-08-29,122429.8552878046,122429.85601226574,122429.85827427599,122429.85880461177,121150.75608736304,116664.72802339689
2023-08-30,122232.28215753727,122232.28288101306,122232.28513999633,122232.28566558672,120955.24712312412,116337.76423331858
2023-08-31,122731.39446106415,122731.39518992662,122731.39746638527,122731.39794263759,121449.14488751964,116678.42765751683
2023-09-01,122453.79286867955,122453.79359589345,122453.79586720307,122453.79634237816,121174.44356792192,116414.51704640637
2023-09-04,122693.78754989563,122693.78827853476,122693.79055429588,122693.79103040227,121411.93087864005,116642.6754746017
2023-09-05,123020.03574134264,123020.03647191927,123020.03875373174,123020.03923110412,121734.77055667299,116952.83349220839
2023-09-06,123146.54226441622,123146.54299574414,123146.54527990309,123146.54575776636,121859.95538910682,117073.10086361291
2023-09-07,123365.92937112067,123365.93010375147,123365.93239197967,123365.93287069426,122077.05042518624,117281.66805842899
2023-09-08,123629.32071318556,123629.32144738053,123629.32374049419,123629.32422023088,122337.68995759783,117532.06925191074
2023-09-11,124495.01052499171,124495.01126432775,124495.0135734985,124495.01405659442,123194.33538107219,118355.06426899025
2023-09-12,123762.69625613526,123762.69699112234,123762.69928670987,123762.6997669641,122469.67204507662,117658.86687127844
2023-09-13,124373.05397408652,124373.05471269833,124373.05701960696,124373.05750222963,123073.65298447837,118239.12247052348
2023-09-14,125233.12988256062,125233.13062628012,125233.13294914171,125233.13343510187,123924.74315648543,119056.78045532462
2023-09-15,123530.6071549026,123530.60788851137,123530.61017979405,123530.61065914767,122240.00771993639,117438.22412923852
2023-09-18,123288.64460425821,123288.64533643005,123288.64762322474,123288.64810163944,122000.57309931953,117208.19488460099
2023-09-19,122593.6308389453,122593.63156698969,122593.63384089305,122593.63431661078,121312.82056580551,116547.45837383997
2023-09-20,122165.38428525206,122165.38501075323,122165.38727671334,122165.38775076928,120889.04816449402,116140.33243223316
2023-09-21,120842.33660079542,120842.33731843944,120842.33955985928,120842.3400287812,119579.82316441755,114882.53589031176
2023-09-22,120453.66109865623,120453.66181399205,120453.6640482026,120453.66451561628,119195.20839180119,114513.02940293145
2023-09-25,120466.73976269519,120466.74047810865,120466.74271256181,120466.74318002624,119208.15041507712,114525.46304277256
2023-09-26,119638.97747590332,119638.97818640097,119638.98040550054,119638.9808697529,118389.03626468015,113738.52501015936
2023-09-27,120464.82711356886,120464.82782897097,120464.83006338864,120464.83053084566,119206.25774856028,114523.64472323256
2023-09-28,121894.29376403388,121894.29448792513,121894.29674885698,121894.29722186096,120620.78989093953,115882.61177398196
2023-09-29,121584.52143776939,121584.522159821,121584.52441500711,121584.52488680904,120314.25394469821,115588.11705142898
2023-10-02,122032.79392184746,122032.79464656123,122032.79691006202,122032.79738346374,120757.8430534791,116014.28126826395
2023-10-03,121976.42834673528,121976.42907111431,121976.4313335696,121976.43180542794,120702.06636542117,115960.69557624521
2023-10-04,122160.6176677346,122160.61839320746,122160.62065907914,122160.62113623825,120884.33134299237,116135.8008991472
2023-10-05,121638.69044879894,121638.69117117225,121638.69342736308,121638.69390339185,120367.85701429145,115639.61451173942
2023-10-06,122788.65936329903,122788.66009250162,122788.6623700224,122788.66284233554,121505.81151345251,116732.86832201642
2023-10-09,123686.89438087438,123686.89511541132,123686.89740959283,123686.89788353599,122394.6621253462,117586.80345361565
2023-10-10,123906.4699256614,123906.47066150232,123906.47295975657,123906.47343646604,122611.94362848839,117795.54979328379
2023-10-11,123505.00555576028,123505.00628921704,123505.00858002482,123505.00905812682,122214.67359766173,117413.88517041202
2023-10-12,123082.76326968403,123082.76400063324,123082.76628360913,123082.76675812858,121796.84273605737,117012.46737274787
2023-10-13,122820.74834875375,122820.74907814694,122820.7513562629,122820.75183180724,121537.5652420261,116763.37471727595
2023-10-16,122961.09260242982,122961.09333265647,122961.09561337557,122961.09609012744,121676.44323307514,116896.79735893065
2023-10-17,123513.06040645058,123513.0611399552,123513.06343091237,123513.06391208623,122222.64429078331,117421.54276591614
2023-10-18,123270.81748490638,123270.8182169724,123270.82050343638,123270.82098475419,121982.93222717394,117191.24697811583
2023-10-19,122224.27572252763,122224.27644837856,122224.27871543096,122224.27919050808,120947.32432613328,116196.31941380256
2023-10-20,121201.30001053873,121201.30073031453,121201.30297839249,121201.30344506279,119935.03626931517,115223.79564985729
2023-10-23,120913.75044209055,120913.75116015869,120913.7534029031,120913.75387214818,119650.49090179446,114950.42768566545
2023-10-24,120828.43914589376,120828.43986345525,120828.44210461728,120828.44256883714,119566.07091025203,114869.32384064393
2023-10-25,118869.93520409973,118869.9359100303,118869.9381148654,118869.93857391007,117628.02864820017,113007.41099068012
2023-10-26,117302.2824104209,117302.28310704167,117302.28528279948,117302.28574015257,116076.75407208745,111517.07297411445
2023-10-27,117130.66827221584,117130.66896781746,117130.67114039212,117130.67159369543,115906.93289528281,111353.92264110278
2023-10-30,117920.40686654294,117920.40756683456,117920.40975405753,117920.41021645865,116688.4206026465,112104.71226564795
2023-10-31,117747.38397226676,117747.38467153083,117747.38685554454,117747.3873129846,116517.20538898751,111940.22265459588
2023-11-01,119195.28577252955,119195.28648039226,119195.28869126207,119195.28915432714,117949.98007792702,113316.71565542198
2023-11-02,120119.77867163096,120119.77938498395,120119.78161300153,120119.7820796582,118864.81423705051,114195.61366127816
2023-11-03,119792.40737206022,119792.40808346905,119792.41030541445,119792.4107707993,118540.86318468973,113884.38792590806
2023-11-06,118342.22705975575,118342.22776255241,118342.22995759944,118342.23041735045,117105.83378871059,112505.72878655167
2023-11-07,118720.89304430418,118720.89374934962,118720.89595142026,118720.89641264235,117480.54361925632,112865.71941387682
2023-11-08,118484.0367236074,118484.03742724622,118484.03962492358,118484.0400852255,117246.16188069635,112640.54456598219
2023-11-09,118633.50115525698,118633.50185978344,118633.5040602331,118633.50452111568,117394.06476646209,112782.63758914218
2023-11-10,120374.58946559684,120374.5901804631,120374.59241320696,120374.59288085355,119116.96286756996,114437.85748911605
2023-11-13,121578.55087908445,121578.55160110064,121578.55385617596,121578.55432849983,120308.34576342089,115582.4409537057
2023-11-14,122069.20718946794,122069.20791439798,122069.21017857414,122069.21065280418,120793.8758887086,116048.89867682716
2023-11-15,120869.89657465549,120869.89729246321,120869.89953439421,120869.90000396498,119607.09520180852,114908.7366390383
2023-11-16,120219.78223458055,120219.78294852744,120219.78517839992,120219.78564544507,118963.77300191422,114290.68516711706
2023-11-17,119652.75120462346,119652.75191520293,119652.75413455795,119652.75459940023,118402.66609023114,113751.61943500354
2023-11-20,120419.61792880807,120419.6186439417,120419.6208775208,120419.62134534228,119161.52089102096,114480.66520192983
2023-11-21,120300.23930041608,120300.24001484076,120300.2422462056,120300.24271356329,119043.3894838155,114367.17418589546
2023-11-22,120856.99006741782,120856.99078514887,120856.99302684049,120856.9934963611,119594.32353670704,114896.46666542921
2023-11-23,121223.72415064725,121223.72487055621,121223.72711905012,121223.72758999548,119957.22612576881,115245.11385865603
2023-11-24,121998.81008187387,121998.81080638584,121998.81306925627,121998.81354321277,120724.21426254236,115981.97347108182
2023-11-27,122363.570006718,122363.57073339613,122363.57300303226,122363.57347840583,121085.16331845296,116328.74386907334
2023-11-28,122101.92729891479,122101.9280240391,122101.9302888222,122101.93076317932,120826.25415125806,116080.0050692853
2023-11-29,121031.25433560688,121031.25505437281,121031.25729929675,121031.25776949439,119766.76716002634,115062.13642660555
2023-11-30,121573.97937299783,121573.98009498684,121573.98234997739,121573.98282228348,120303.82201864063,115578.09490887701
2023-12-01,124185.39986848472,124185.40060598213,124185.4029094101,124185.40339186136,122887.95941485935,118060.72324612376
2023-12-04,121940.73432307919,121940.73504724624,121940.73730903948,121940.73778277037,120666.74525654562,115926.76194861613
2023-12-05,124133.98833935696,124133.98907654906,124133.99137902343,124133.99186127495,122837.08501326626,118011.84728114579
2023-12-06,124144.94331949609,124144.94405675321,124144.94635943079,124144.94684172487,122847.92554006049,118022.26197252807
2023-12-07,125497.41245454535,125497.41319983438,125497.41552759794,125497.41601514627,124186.26460692179,119308.02894388746
2023-12-08,125828.57410821664,125828.57485547234,125828.57718937838,125828.57767821323,124513.96641324695,119622.85808714814
2023-12-11,126803.54294406605,126803.54369711176,126803.54604910183,126803.54654172437,125478.7491562868,120549.74260780805
2023-12-12,128398.70577298662,128398.7065355055,128398.70891708312,128398.70941590273,127057.24634829228,122066.23390398135
2023-12-13,129566.4244841357,129566.4252535893,129566.42765682611,129566.42816018223,128212.7651913739,123176.36208904222
2023-12-14,127385.75556114,127385.7563176433,127385.75868043242,127385.7591753168,126054.87904380634,121103.2411077288
2023-12-15,127071.41996506974,127071.42071970631,127071.42307666503,127071.42357032826,125743.82750301785,120804.40817705891
2023-12-18,127981.21584089953,127981.21660093911,127981.21897477297,127981.21947197069,126644.1181876167,121669.33401434902
2023-12-19,128711.04895179195,128711.04971616577,128711.05210353681,128711.05260356986,127366.32628781164,122363.17262269442
2023-12-20,126912.79687276126,126912.79762645582,126912.79998047235,126912.80047351932,125586.86164269526,120653.60822332682
2023-12-21,128817.27049725255,128817.27126225717,128817.27365159846,128817.27415204418,127471.4380721387,122464.15541318184
2023-12-22,128252.99773713389,128252.99849878749,128253.00087766246,128253.00137591604,126913.06061297034,121927.71190711384
2023-12-25,127065.76392546618,127065.76468006919,127065.76703692297,127065.76753056425,125738.2305555024,120799.03105980845
2023-12-26,128008.3451370681,128008.34589726881,128008.34827160588,128008.348768909,126670.96404751689,121695.12527827527
2023-12-27,128801.48475998153,128801.48552489244,128801.48791394089,128801.48841432529,127455.81725807242,122449.1481957106
2023-12-28,127422.5957258817,127422.59648260383,127422.59884607623,127422.59934110375,126091.33431692552,121138.26433895656
2023-12-29,127051.54315716818,127051.54391168675,127051.54626827674,127051.54676186276,125724.1583602258,120785.51164866489
2024-01-02,125789.4138352862,125789.41458230939,125789.41691548904,125789.41740417175,124475.21527152142,119585.62904887849
2024-01-03,123349.48135801668,123349.4820905499,123349.48437847293,123349.48485767668,122060.77425382347,117266.03114922428
2024-01-04,124647.86118745263,124647.86192769649,124647.86423970228,124647.86472395014,123345.58911896679,118500.37642450146
2024-01-05,125388.05089920109,125388.0516438407,125388.05396957576,125388.0544566992,124078.04561830545,119204.06085704722
2024-01-08,127746.93605431932,127746.93681296759,127746.93918245596,127746.93967874353,126412.28606455332,121446.60859240958
2024-01-09,128722.39513717486,128722.39590161607,128722.39828919755,128722.3987892747,127377.55393269044,122373.95918955498
2024-01-10,129176.63654579519,129176.637312934,129176.63970894089,129176.64021078272,127827.04960485641,122805.79795033528
2024-01-11,129943.14403296336,129943.14480465422,129943.1472148785,129943.14771969817,128585.54892179754,123534.50219681273
2024-01-12,128848.33323023097,128848.33399542011,128848.3363853375,128848.33688590392,127502.1762738405,122493.68616514176
2024-01-15,128598.54746199501,128598.54822570075,128598.55061098504,128598.55111058106,127255.00016954886,122256.21953491269
2024-01-16,128512.22017964542,128512.22094283848,128512.22332652156,128512.22382578222,127169.57480085811,122174.1498118009
2024-01-17,129204.33348252843,129204.33424983174,129204.33664635236,129204.3371483018,127854.4571748348,122832.12890697928
2024-01-18,131277.51991226774,131277.52069188305,131277.52312685776,131277.52363686138,129905.98376416857,124803.06823944661
2024-01-19,133496.27150656315,133496.2722993549,133496.27477548367,133496.275294107,132101.55471019103,126912.39363509916
2024-01-22,133178.45855972636,133178.4593506307,133178.46182086458,133178.46233825322,131787.06214863583,126610.2548460821
2024-01-23,133468.1119506585,133468.11274328304,133468.1152188895,133468.11573740342,132073.6893543053,126885.62287511292
2024-01-24,135047.505525501,135047.50632750505,135047.50883240654,135047.50935705635,133636.58204322748,128387.12263097169
2024-01-25,135759.65656142402,135759.65736765732,135759.65988576802,135759.66041318447,134341.29280385183,129064.15122194818
2024-01-26,134835.91546849927,134835.91626924675,134835.91877022362,134835.91929405142,133427.2025963283,128185.96794477389
2024-01-29,135793.7215108453,135793.72231728086,135793.72483602344,135793.72536357222,134375.00185601402,129096.53612844273
2024-01-30,134709.01296899508,134709.01376898895,134709.01626761202,134709.0167909468,133301.62592447136,128065.32412612194
2024-01-31,133647.3731754147,133647.3739691038,133647.37644803527,133647.37696724563,132251.07772794526,127056.04314875069
2024-02-01,135036.52715867033,135036.5278804354,135036.5304681138,135036.53086298704,133625.71831474715,128376.68571530817
2024-02-02,136446.8487958961,136446.84953849108,136446.8521394381,136446.8525599436,135021.3054727012,129717.45195937605
2024-02-05,137311.31526287275,137311.31597444307,137311.31862884873,137311.31899420253,135876.7403056117,130539.28396991188
2024-02-06,137632.75659653873,137632.757256893,137632.75997224567,137632.7602528835,136194.82330671742,130844.87220539436
2024-02-07,138900.5645417336,138900.56521723335,138900.56794821873,138900.56824610633,137449.3856963371,132050.15336446586
2024-02-08,139264.52655276164,139264.52723410577,139264.52996803014,139264.53027329125,137809.5451774483,132396.16520001966
2024-02-09,141818.31995738696,141818.3206185117,141818.32343642894,141818.3236943519,140336.6575219107,134824.00854596862
2024-02-12,142264.5605392232,142264.56126407578,142264.56402705403,142264.56438554413,140778.23600199766,135248.2410627804
2024-02-13,140577.80302763986,140577.8037200116,140577.80647495348,140577.80679054087,139109.10105610176,133644.67243539545
2024-02-14,144912.70411402517,144912.70480881527,144912.70766830398,144912.70796298815,143398.71277528725,137765.7813417945
2024-02-15,146083.5774337855,146083.5783706642,146083.58100850385,146083.58168822282,144557.3534428669,138878.90854467696
2024-02-16,144999.8167642107,144999.8177043863,144999.82031205032,144999.82100330846,143484.91548780358,137848.59766534355
2024-02-19,144511.94713467444,144511.9480716867,144511.95067057692,144511.95135950923,143002.1429290154,137384.78918767872
2024-02-20,144365.16570322652,144365.1666082865,144365.16923662287,144365.16987469158,142856.8949895153,137245.2468467571
2024-02-21,141066.64287974394,141066.64381375804,141066.64633067005,141066.6470344745,139592.83387742523,134109.4032523008
2024-02-22,144274.60570982558,144274.60667183305,144274.60923899192,144274.60996972918,142767.28117402148,137159.15315690677
2024-02-23,144966.80489181093,144966.80587785557,144966.80843722954,144966.8092029001,143452.24854461505,137817.21389296613
2024-02-26,146859.33197465196,146859.33301309834,146859.3355649718,146859.33640460233,145325.00327566057,139616.40377766703
2024-02-27,148284.80759524542,148284.8087010459,148284.81121840928,148284.81215886894,146735.586128457,140971.57662216047
2024-02-28,148934.81003749612,148934.81111603102,148934.8136776662,148934.8145702847,147378.7975765583,141589.52171875729
2024-02-29,150832.84668426643,150832.84780927916,150832.8503696812,150832.85132664233,149257.00430535755,143393.94944305197
2024-03-01,154002.9047034515,154002.90585210864,154002.90846632273,154002.90944339632,152393.94280263444,146407.66395767688
2024-03-04,156386.2912787284,156386.2924451625,156386.29509983477,156386.29609202978,154752.42869047352,148673.5047316955
2024-03-05,153953.09053183717,153953.09168012277,153953.09429349127,153953.09527024877,152344.6490699326,146360.30656197006
2024-03-06,156272.4420625483,156272.4432281332,156272.4458808729,156272.44687234558,154639.76892621722,148565.2704239307
2024-03-07,157413.21824070872,157413.21941480227,157413.22208690678,157413.22308561712,155768.62672263314,149649.7848729578
2024-03-08,154912.10433252933,154912.10548796793,154912.10811761575,154912.10910045775,153293.6434708567,147272.0229385727
2024-03-11,153921.9840794563,153921.98522750993,153921.9878403504,153921.98881691054,152313.86760555673,146330.7342429553
2024-03-12,155437.31187608215,155437.31303543807,155437.31567400138,155437.31666017554,153813.36385214317,147771.32786851923
2024-03-13,156413.46296726004,156413.46413389678,156413.46678903032,156413.4677813977,154779.31649986852,148699.33634475086
2024-03-14,154647.18252291338,154647.183676376,154647.18630152676,154647.18728268796,153031.48946032344,147020.16675863898
2024-03-15,154053.14408451476,154053.14523354665,154053.14784861356,154053.14882600584,152443.6573023638,146455.4255920066
2024-03-18,155073.7973461967,155073.79850284132,155073.80113523392,155073.80211910175,153453.64717938326,147425.74144443407
2024-03-19,153932.1687377187,153932.16988584827,153932.1724988616,153932.17347548634,152323.94585850716,146340.41660594242
2024-03-20,156992.60578723397,156992.60695819036,156992.6096231549,156992.6106191966,155352.40866297818,149249.916527206
2024-03-21,157322.60288678412,157322.60406020185,157322.6067307681,157322.60772890353,155678.95808235908,149563.63856089738
2024-03-22,158375.55589953664,158375.55708080798,158375.55976924827,158375.56077406413,156720.9102553279,150564.66117895223
2024-03-25,160258.09562212642,160258.09681743904,160258.09953783557,160258.10055459526,158583.78194180984,152354.3562734872
2024-03-26,159682.02373031108,159682.02492132696,159682.02763194463,159682.0286450494,158013.72862300678,151806.69556465335
2024-03-27,160082.79377788043,160082.7949718855,160082.7976893063,160082.79870495375,158410.31158242497,152187.70010844307
2024-03-28,161103.68933397534,161103.69053559494,161103.6932703455,161103.69429247009,159420.54122246048,153158.24630561023
2024-03-29,160732.8116562971,160732.81285515043,160732.81558360532,160732.81660337685,159053.53832918577,152805.65987545502
2024-04-01,161980.73303018347,161980.73423834465,161980.73698798308,161980.73801567208,160288.42191037815,153992.03524613637
2024-04-02,161738.02743217512,161738.028638526,161738.03138404447,161738.03241019364,160048.25200519364,153761.29960058292
2024-04-03,163112.73230945366,163112.733526058,163112.73629491217,163112.73732978318,161408.59450549833,155068.20566252462
2024-04-04,161084.21049271504,161084.21169418932,161084.21442860915,161084.21545061018,159401.26588848798,153139.7281377158
2024-04-05,164083.35037424113,164083.35159808505,164083.3543834155,164083.35542444463,162369.07193372125,155990.95399467007
2024-04-08,164465.03365733975,164465.03488403052,164465.03767584008,164465.03871929078,162746.76753969217,156353.8131105924
2024-04-09,163834.99585005405,163834.9970720456,163834.9998531602,163835.00089261364,162123.31212012153,155754.8480212823
2024-04-10,161690.4810629445,161690.4822689408,161690.48501365204,161690.48603949958,160001.2023817663,153716.0981619339
2024-04-11,165761.63124325505,165761.6324796167,165761.6352934361,165761.6363451131,164029.818782956,157586.4640402132
2024-04-12,161266.2724552921,161266.27365812438,161266.27639563466,161266.2774187908,159581.42573914098,153312.81102006655
2024-04-15,159768.95762705072,159768.958818715,159768.96153080824,159768.96254446465,158099.75426851553,151889.3419846341
2024-04-16,161261.96778252497,161261.96898532513,161261.9717227623,161261.97274589114,159577.16603990528,153308.71864865866
2024-04-17,157748.53341082836,157748.53458742297,157748.53726521932,157748.53826605712,156100.43865146962,149968.56269628083
2024-04-18,157674.16199951147,157674.1631755514,157674.1658520853,157674.16685245125,156026.84424346674,149897.85919482997
2024-04-19,154442.05549173194,154442.05664366466,154442.05926533326,154442.06024519308,152828.50551584968,146825.15634953228
2024-04-22,155915.18766699923,155915.18882991956,155915.1914765947,155915.19246580082,154286.24698436738,148225.63539177558
2024-04-23,159025.4275955404,159025.42878165896,159025.4314811307,159025.4324900698,157363.99234693224,151182.48197309457
2024-04-24,156794.09638541314,156794.09755488895,156794.1002164837,156794.10121126607,155155.9732094709,149061.1973738226
2024-04-25,156954.159741373,156954.16091204275,156954.1635763545,156954.16457215245,155314.36428631403,149213.36659476318
2024-04-26,158860.18616562465,158860.18735051082,158860.19004717754,158860.19105506828,157200.47729461757,151025.39005466894
2024-04-29,158811.35471067595,158811.3558951979,158811.35859103574,158811.35959861666,157152.15601154338,150978.96690920644
2024-04-30,156850.25819402272,156850.25936391752,156850.26202646553,156850.26302160427,155211.54826154813,149114.5893485909
2024-05-01,156697.39211851283,156697.39327746222,156697.39594564243,156697.39694844137,155060.27927370765,148979.60357926297
2024-05-02,157377.7492262128,157377.75039063278,157377.75307002984,157377.75407679676,155733.52827727498,149631.91027011178
2024-05-03,157421.1781140219,157421.17929132452,157421.18196092133,157421.18295691028,155776.5034333784,149615.32942950827
2024-05-06,159475.84709364074,159475.84827882994,159475.85098954628,159475.85200511804,157809.70604018474,151575.74395012946
2024-05-07,158632.01756800635,158632.0187820949,158632.0214489581,158632.02242820102,156974.69250376514,150696.43935885717
2024-05-08,159578.9487983695,159578.95001273282,159578.9527013658,159578.95369259108,157911.73057032967,151593.2788958037
2024-05-09,160070.41524047387,160070.41645633546,160070.41915512976,160070.42015138076,158398.06236459603,152082.93456654993
2024-05-10,160478.2879880503,160478.28921523853,160478.29191400541,160478.29290555263,158801.67381533762,152443.93024740496
2024-05-13,160215.70141218568,160215.70264588378,160215.7053330878,160215.70631551562,158541.83063843352,152158.5202040896
2024-05-14,161516.98396469816,161516.9852285425,161516.98792068526,161516.98889337856,159829.51789552817,153318.58732100454
2024-05-15,162907.6376255805,162907.63891796264,162907.6416184701,162907.6425839983,161205.64254740748,154560.96062509908
2024-05-16,160754.9222559892,160754.92352947808,160754.92619582327,160754.92715019034,159075.41790388053,152523.05020391147
2024-05-17,161045.81517515384,161045.8164528053,161045.8191224163,161045.82007687495,159363.27168741164,152813.49382642235
2024-05-20,162750.89702696115,162750.89836735348,162750.9010239361,162750.90194518486,161050.5394984258,154293.54073314823
2024-05-21,163047.68004516224,163047.68135168045,163047.68404358064,163047.68499847484,161344.22185486692,154623.06594663055
2024-05-22,162795.53455981822,162795.53590935492,162795.53855930208,162795.53947307868,161094.71067324176,154248.2978145832
2024-05-23,161804.0307346085,161804.0320571335,161804.03470670903,161804.03563146028,160113.56569665307,153380.70181628526
2024-05-24,163940.44652766912,163940.44786862456,163940.450552372,163940.45148848122,162227.66105532853,155396.10743433345
2024-05-27,164184.05893064538,164184.06027359344,164184.06296132886,164184.06389882913,162468.72829148636,155627.0231110139
2024-05-28,164851.1215117663,164851.12288814722,164851.12556332874,164851.1264800144,163128.82165613107,156224.54200222096
2024-05-29,163575.2579289242,163575.2592713371,163575.26194537713,163575.26287548925,161866.28780248095,155072.78147643522
2024-05-30,163968.44831864638,163968.44967169265,163968.45234594579,163968.45327177478,162255.37029105364,155442.18196119837
2024-05-31,163679.90528602863,163679.9066232625,163679.90930407934,163679.91024010073,161969.8418468444,155244.84763546856
2024-06-03,164246.1699158224,164246.17125768255,164246.1739477739,164246.17488703356,162537.850162515,155920.0622890651
2024-06-04,163545.00145445802,163545.0027905897,163545.0054691971,163545.006404447,161757.9131117023,155118.93851585375
2024-06-05,165320.61499276795,165320.61634340612,165320.61905109521,165320.61999649915,163550.3186500849,156821.6295162972
2024-06-06,164730.46726555837,164730.46861137508,164730.47130939853,164730.47225142765,163080.8462294063,156419.05371273612
2024-06-07,163796.73479790284,163796.73613609115,163796.73881882156,163796.739755511,161833.02401727828,155033.41861274574
2024-06-10,165704.34201036245,165704.34336413557,165704.34607810955,165704.34702570786,163883.79067551822,156925.76650481136
2024-06-11,164899.90463428682,164899.90598148783,164899.90868228642,164899.90962528446,162495.41059199662,155602.76398939753
2024-06-12,166307.37281070495,166307.3741694047,166307.37689325536,166307.37784430216,163750.52018356335,156840.04231617297
2024-06-13,166174.27335903014,166174.27471664245,166174.27743831318,166174.27838859882,163449.44023927918,156537.92907718988
2024-06-14,166237.3673761036,166237.36873423136,166237.37145693545,166237.37240758192,163689.73192173656,156969.838328347
2024-06-17,167123.25295463353,167123.2543199988,167123.25705721235,167123.25801292484,164334.76702294484,157484.1505135548
2024-06-18,168814.40027619456,168814.40165537622,168814.40442028802,168814.4053856715,166152.46039946124,159232.8443791557
2024-06-19,168275.0648520015,168275.06622677692,168275.06898285524,168275.06994515448,165621.62945397527,158724.12051716176
2024-06-20,167350.49147753447,167350.49284475629,167350.4955856916,167350.49654270356,164973.11585738568,158323.5882879245
2024-06-21,166550.62634480948,166550.62770549656,166550.63043333136,166550.63138576917,164139.6400499626,157283.8411438939
2024-06-24,166896.6885875693,166896.68995108362,166896.69268458636,166896.69363900318,164503.1944609621,157743.6694197809
2024-06-25,166981.8502160308,166981.85158024088,166981.85431513842,166981.85527004223,164503.450053941,157676.07808516276
2024-06-26,166983.37175243153,166983.37311665405,166983.37585157648,166983.37680648902,164277.90551231755,157456.20511004236
2024-06-27,166985.86996606507,166985.87133030803,166985.87406527143,166985.8750201982,164338.3263212569,157587.69899826983
2024-06-28,166926.8079757359,166926.8093394963,166926.8120734924,166926.8130280814,164424.62874619104,157636.59751984512
2024-07-01,167291.69526589953,167291.696632641,167291.69937261334,167291.700329289,164784.04649308807,157916.7110415049
2024-07-02,168950.03643396273,168950.03781425252,168950.04058138587,168950.0415475449,166417.52965975204,159409.5418580318
2024-07-03,171762.85901208268,171762.8604153527,171762.8632285556,171762.86421080006,169188.18893099087,162057.79518068468
2024-07-04,170946.2596264719,170946.26102307046,170946.26382289873,170946.26480047344,168383.8301078536,161287.33585822617
2024-07-05,172502.27772799897,172502.27913730987,172502.28196262327,172502.28294909623,169916.52399787953,162825.94886815787
2024-07-08,171787.17240649782,171787.17380996645,171787.17662356753,171787.17760595106,169212.1378754339,162089.57174178626
2024-07-09,171943.68119791851,171943.6826026658,171943.68541883022,171943.68640210878,169366.30065034662,162226.1114825742
2024-07-10,173588.05211768497,173588.05353586646,173588.0563789631,173588.05737164518,170986.0229782482,163643.30851284953
2024-07-11,170732.99222147127,170732.99361632747,170732.99641266273,170732.9973890178,168173.7595127459,160991.6547038807
2024-07-12,170447.83876725123,170447.84015977776,170447.84295144273,170447.8439261671,167892.88041720458,160762.24449903631
2024-07-15,172240.0066883978,172240.00809556604,172240.01091658382,172240.01190155692,169658.1843169125,162568.96262027117
2024-07-16,173267.19864636462,173267.2000619248,173267.2028997664,173267.20389061357,170669.97899739494,163383.8707220623
2024-07-17,168611.80244468877,168611.80382221527,168611.80658380882,168611.80754803363,166084.36568932614,158917.7089708748
2024-07-18,167134.10483945883,167134.10620491282,167134.108942304,167134.1098980785,164628.81829651678,157357.60224725155
2024-07-19,166033.99286667188,166033.99422313817,166033.99694251126,166033.99789199466,163545.1966488122,156590.56875689753
2024-07-22,169195.1247125778,169195.12609486992,169195.12886601736,169195.12983357802,166658.94414380053,159260.57491992862
2024-07-23,169351.17215178531,169351.17353535237,169351.17630905562,169351.17727750863,166812.6524820216,159659.7142342121
2024-07-24,163972.3085616915,163972.30990131423,163972.3125869202,163972.31352461362,161514.41632928723,154364.13648974203
2024-07-25,160941.7019780404,160941.70329290366,160941.70592887313,160941.7068492357,158529.2375648013,151390.2374138057
2024-07-26,162980.43967024385,162980.44100176322,162980.44367112397,162980.44460314524,160537.41523390368,153232.67552191994
2024-07-29,161934.9935930984,161934.99491607668,161934.9975683147,161934.99849435745,159507.6400576253,152284.22041309948
2024-07-30,159789.35839349043,159789.3596989393,159789.36231603517,159789.3632298079,157394.1672404156,150272.33105558163
2024-07-31,164355.52673871233,164355.52808146595,164355.5307733484,164355.53171323327,161891.890188936,154480.4380248465
2024-08-01,160255.16112461773,160255.16243387214,160255.16505859714,160255.16597503363,157852.98773823347,150626.4375852486
2024-08-02,158012.58832707888,158012.5896180119,158012.5922060071,158012.5931096192,155644.03038654654,148518.60686543188
2024-08-05,152729.55028870836,152729.55153647996,152729.55403794738,152729.55491134786,150440.18339129732,143552.99331702528
2024-08-06,154784.14097551678,154784.14224007403,154784.14477519237,154784.14566034224,152463.97642370805,145484.1365856545
2024-08-07,152678.61293688545,152678.61418424087,152678.61668487405,152678.6175579832,150390.0095740156,143505.1164569018
2024-08-08,157566.25748366895,157566.25877095552,157566.2613516405,157566.2622527002,155204.38989910416,148099.09323681812
2024-08-09,157392.77000210813,157392.77128797735,157392.7738658209,157392.7747658885,155033.50293916243,147936.02952928585
2024-08-12,158174.57397827794,158174.57527053435,158174.5778611826,158174.57876572103,155803.5879248689,148670.85982491076
2024-08-13,159739.21772241025,159739.2190274495,159739.2216437241,159739.22255721013,157344.7781618882,150141.49398599062
2024-08-14,159243.06482304374,159243.06612402952,159243.06873217796,159243.06964282668,156856.0624351037,149675.15179229525
2024-08-15,162837.31134654165,162837.31267689177,162837.31534390824,162837.31627511105,160396.4323577966,153053.4426716191
2024-08-16,163701.1246421613,163701.1259795686,163701.128660733,163701.1295968756,161247.29736959824,153865.3548717144
2024-08-19,162823.76788602522,162823.76921626469,162823.77188305935,162823.77281418472,160383.09190940275,153040.71294816816
2024-08-20,162047.53699243785,162047.53831633565,162047.54097041689,162047.54189710328,159618.49646756105,152311.12086607172
2024-08-21,161628.22277367784,161628.2240941499,161628.22674136347,161628.22766565197,159205.46763424366,151917.0006073718
2024-08-22,160340.23818139487,160340.23949134437,160340.24211746277,160340.24303438578,157936.78951725885,150706.40291041989
2024-08-23,163590.0292188328,163590.03055533243,163590.03323467725,163590.03417018452,161137.8672309781,153760.9344660476
2024-08-26,160547.84316206814,160547.84447371372,160547.8471032323,160547.84802134254,158141.2825659609,150901.53421615512
2024-08-27,161096.36292819295,161096.36424431982,161096.36688282233,161096.3678040693,158681.58019699287,151417.09688178657
2024-08-28,159538.97632520692,159538.97762861024,159538.98024160523,159538.9811539461,157147.53831890525,149953.2838307455
2024-08-29,160767.94970667348,160767.95102011727,160767.95365324087,160767.95457260977,158358.08978416756,151108.415928988
2024-08-30,160914.3994843665,160914.40079900678,160914.40343452903,160914.4043547354,158502.34432673716,151246.0664647814
2024-09-02,161014.10632856627,161014.10764402113,161014.11028117643,161014.11120195297,158600.5565973713,151339.78255254708
2024-09-03,160548.77027425653,160548.77158590974,160548.7742154435,160548.77513355901,158142.19578103544,150902.4056116138
2024-09-04,161000.61028140155,161000.61159674617,161000.61423368036,161000.61515437978,158587.26285161823,151327.09739787458
2024-09-05,161338.45119475562,161338.45251286036,161338.45515532783,161338.45607795927,158920.039638206,151644.63957806112
2024-09-06,157496.8741399602,157496.87542667997,157496.8780062285,157496.87890689145,155136.04658942955,148033.87869885453
2024-09-09,159011.0814609503,159011.0827600409,159011.08536438973,159011.08627371184,156627.55642908788,149457.10683658367
2024-09-10,160788.67712845042,160788.6784420636,160788.68107552666,160788.68199501414,158378.50650855043,151127.8979735841
2024-09-11,161050.70296028818,161050.70427604203,161050.70691379666,161050.70783478257,158636.60465733966,151374.18032311037
2024-09-12,162985.80632241117,162985.80765397445,162985.810323423,162985.81125547504,160542.70144167898,153193.01550915794
2024-09-13,161358.67929800347,161358.68061627346,161358.68325907225,161358.68418181938,158939.96452868407,151663.6523019571
2024-09-16,160608.23756901862,160608.2388811576,160608.24151166534,160608.24243012103,158200.77168015175,150958.29989108714
2024-09-17,160104.0373151579,160104.03862317765,160104.04124542742,160104.0421609998,157704.12922613183,150484.39385563388
2024-09-18,160290.05072174556,160290.05203128498,160290.05465658134,160290.05557321745,157887.35435150794,150659.23088790846
2024-09-19,162845.38681423658,162845.38814465265,162845.3908118013,162845.39174305042,160404.38677682483,153061.0329250363
2024-09-20,162003.77989718987,162003.78122073016,162003.78387409466,162003.78480053094,159575.3952771147,152269.99286820638
2024-09-23,161922.92421676288,161922.92553964257,161922.9281916828,161922.9291176567,159495.75159736397,152193.99529648438
2024-09-24,163049.92830666344,163049.92963875056,163049.9323092493,163049.9332416681,160605.8622579852,153253.28480713963
2024-09-25,161691.62740516764,161691.6287261577,161691.63137440966,161691.63229906082,159267.92185067493,151976.59565386866
2024-09-26,162256.15930646806,162256.16063207027,162256.16328956833,162256.16421744786,159823.99160011983,152507.20838796315
2024-09-27,160432.22764650141,160432.22895720246,160432.2315848274,160432.23250227654,158027.40008983327,150792.8652965151
2024-09-30,160854.8738438022,160854.87515795618,160854.87779250336,160854.87871236945,158443.7109564034,151190.1173451377
2024-10-01,161008.29400424854,161008.29531965594,161008.2979567159,161008.29887745934,158594.83139792792,151334.31945419853
2024-10-02,160545.89426908025,160545.89558070994,160545.8982101965,160545.89912829566,158139.3628862528,150899.70240747888
2024-10-03,161232.8197764387,161232.82109368045,161232.8237344178,161232.82465644518,158815.99160091754,151545.35488653116
2024-10-04,162776.054584513,162776.05591436266,162776.05858037574,162776.0595112283,160336.09381495314,152995.86643242577
2024-10-07,162451.43586581814,162451.4371930157,162451.43985371204,162451.44078270823,160016.34102657402,152690.75200847886
2024-10-08,164586.13288168277,164586.1342263204,164586.1369219797,164586.1378631834,162119.03961990098,154697.18852241558
2024-10-09,166290.52679929486,166290.5281578571,166290.5308814316,166290.53183238205,163797.88522019167,156299.17614174215
2024-10-10,166331.51530814302,166331.5166670401,166331.51939128595,166331.5203424708,163838.25932445898,156337.70190919
2024-10-11,166564.11335041164,166564.11471120897,166564.11743926443,166564.11839177943,164067.3707967916,156556.3245997215
2024-10-14,166446.70118048295,166446.70254032107,166446.7052664535,166446.70621829704,163951.71859757375,156445.96698776315
2024-10-15,165735.23136804995,165735.23272207548,165735.23543655514,165735.23638433008,163250.9134890832,155777.24491637773
2024-10-16,166818.8873636249,166818.88872650376,166818.89145873196,166818.8924127039,164318.32582938808,156795.79084674126
2024-10-17,167908.25619182814,167908.25756360692,167908.26031367728,167908.2612738789,165391.36536879526,157819.70636159298
2024-10-18,168086.2527970535,168086.25417028647,168086.25692327213,168086.25788449158,165566.69386208622,157987.00827161895
2024-10-21,166960.33804976515,166960.33941379964,166960.34214834459,166960.34310312537,164457.65621518137,156928.7426518377
2024-10-22,168405.77890976937,168405.78028561283,168405.78304383182,168405.78400687853,165881.4303810141,158287.33607221305
2024-10-23,167134.1125061732,167134.11387162737,167134.11660901847,167134.11756479304,164628.82584830959,157092.0760953828
2024-10-24,167282.41651411302,167282.4178807788,167282.42062059892,167282.42157722157,164774.90682681018,157231.46944932587
2024-10-25,166559.75867290387,166559.7600336657,166559.76276164982,166559.76371413987,164063.08139450088,156552.2315673647
2024-10-28,167304.5573398326,167304.55870667924,167304.561446862,167304.5624036113,164796.71576866452,157252.27997224423
2024-10-29,165945.15303766122,165945.1543934018,165945.15711131968,165945.15806029507,163457.68850030034,155974.5537146964
2024-10-30,164908.17092667494,164908.17227394358,164908.17497487736,164908.1759179226,162436.2504180473,154999.87732909265
2024-10-31,165406.54806718967,165406.54941852993,165406.55212762635,165406.55307352162,162927.1570453197,155468.31012541387
2024-11-01,165646.5767274544,165646.57808075566,165646.58079378336,165646.58174105125,163163.58775307165,155693.91697489526
2024-11-04,164887.01687155018,164887.01821864597,164887.02091923333,164887.02186215756,162415.41345541354,154979.99428793753
2024-11-05,169374.2774024744,169374.2787862303,169374.28156031182,169374.28252889696,166835.41139242492,159197.64358893057
2024-11-06,173250.22012576874,173250.22154119037,173250.22437875366,173250.22536950378,170653.2549793688,162840.70532000964
2024-11-07,177571.06085287238,177571.06230359446,177571.06521192627,177571.06622738557,174909.32769195974,166901.93393528188
2024-11-08,178138.0404816707,178138.04193702491,178138.0448546429,178138.04587334458,175467.80847825363,167434.84732834177
2024-11-11,183983.42082060222,183983.42232371206,183983.4253370681,183983.4263891972,181225.56844362002,172929.01556988468
2024-11-12,183409.34813898004,183409.34963739984,183409.35264135347,183409.3536901997,180660.10092708562,172389.4353008816
2024-11-13,186163.52189666525,186163.5234175861,186163.5264666487,186163.52753124502,183372.99050486824,174978.12809994264
2024-11-14,184210.98145480317,184210.98295977214,184210.98597685524,184210.98703028573,181449.71801701377,173142.90351847975
2024-11-15,184618.57113767642,184618.5726459753,184618.5756697341,184618.57672549543,181851.19806147108,173526.00370381898
2024-11-18,183611.18933548994,183611.19083555866,183611.19384281817,183611.19489281866,180858.91658889738,172579.14913084637
2024-11-19,185253.39013606968,185253.39164955486,185253.39468371106,185253.39574310262,182476.50132700172,174122.68042592562
2024-11-20,185592.05659803317,185592.05811428523,185592.06115398824,185592.0622153165,182810.09128749048,174440.99855270397
2024-11-21,186754.41160667554,186754.4131324238,186754.41619116435,186754.41725913968,183955.02296793737,175533.51496799142
2024-11-22,189153.3662490836,189153.36779443087,189153.37089246247,189153.37197415647,186318.01805087354,177788.3315316694
2024-11-25,185966.94087467185,185966.94239398662,185966.94543982964,185966.9465033017,183179.35616924663,174793.35839372987
2024-11-26,186533.79093318476,186533.79245713062,186533.79551225773,186533.7965789714,183737.70932747208,175326.15000156692
2024-11-27,186348.97667144713,186348.97819388306,186348.98124598322,186348.98231164002,183555.6653721499,175152.44006507905
2024-11-28,186053.19555721487,186053.1970772343,186053.20012449007,186053.2011884554,183264.317921806,174874.43057552716
2024-11-29,187664.14907501807,187664.15060819875,187664.15368183932,187664.15475501708,184851.12376386503,176388.59204029408
2024-12-02,186780.71342033477,186780.7149462979,186780.7180054692,186780.71907359498,183980.93052585877,175558.23647128502
2024-12-03,187591.22427412236,187591.22580670723,187591.22887915338,187591.2299519142,184779.29208230905,176320.04883149147
2024-12-04,190045.5358523656,190045.53740500176,190045.54051764563,190045.54160444165,187196.81431839458,178626.89628130174
2024-12-05,188616.28035380272,188616.2818947621,188616.28498399703,188616.28606261974,185788.98290063447,177283.5157459147
2024-12-06,190405.06776526352,190405.06932083698,190405.0724393694,190405.0735282215,187550.95696341086,178964.8261854534
2024-12-09,187985.78016649815,187985.78170230653,187985.78478121484,187985.78585623196,185167.9337086016,176690.8983447331
2024-12-10,185298.30205276393,185298.3035666161,185298.30660150782,185298.3076611563,182520.74002849185,174164.89386834702
2024-12-11,188518.65079311348,188518.65233327527,188518.65542091124,188518.6564989756,185692.81677569836,177191.7521307737
2024-12-12,187732.80582650102,187732.8073602426,187732.81043500768,187732.81150857807,184918.7513726979,176453.12363989817
2024-12-13,187974.1518474218,187974.15338313513,187974.15646185307,187974.15753680366,185156.47969429285,176679.9686981289
2024-12-16,190493.81255245983,190493.8141087583,190493.81722874424,190493.8183181038,187638.37149475463,179048.2388571951
2024-12-17,189369.44351994668,189369.44506705928,189369.44816862987,189369.44925155956,186530.85639285707,177991.42607992128
2024-12-18,183802.93752896812,183802.9390306034,183802.94204100344,183802.94309210047,181047.79053855076,172759.37638277814
2024-12-19,185825.52031159354,185825.52182975295,185825.5248732797,185825.52593594306,183040.0554549803,174660.43490179037
2024-12-20,188356.56437033138,188356.56590916892,188356.56899415015,188356.57007128757,185533.1599763266,177039.40446051117
2024-12-23,186487.6297993304,186487.63132289908,186487.63437727015,186487.63544371983,183692.24013418582,175282.7623995786
2024-12-24,189975.18071361203,189975.18226567333,189975.18537716495,189975.18646355858,187127.51378057068,178560.76833982384
2024-12-25,188902.88817509272,188902.88971839362,188902.89281232277,188902.89389258437,186071.2945627505,177552.90310793492
2024-12-26,188675.95974431702,188675.96128576394,188675.96437597636,188675.96545494028,185847.76771625574,177339.6093776421
2024-12-27,185489.49695060178,185489.4984660159,185489.50150403916,185489.5025647809,182709.06897622868,174344.6010686894
2024-12-30,182695.71375816118,182695.71525075063,182695.7182430161,182695.7192877813,179957.1636963939,171718.6787163948
2024-12-31,183112.97912248064,183112.98061847908,183112.98361757872,183112.9846647301,180368.17438694066,172110.87323240793
2025-01-02,183852.69735900525,183852.698861047,183852.70187226209,183852.7029236436,181096.80448471993,172806.1464579559
2025-01-03,186323.3362779571,186323.3378001835,186323.34085186367,186323.34191737385,183530.4093199217,175128.34024138155
2025-01-06,187186.1527586607,187186.15428793617,187186.1573537479,187186.1584241922,184380.29245874265,175939.31551274058
2025-01-07,185317.75220534866,185317.7537193596,185317.75675456994,185317.75781432955,182539.89862953717,174183.1753837366
2025-01-08,184516.52182714286,184516.52333460795,184516.5263566954,184516.5274118731,181750.67843732095,173430.08589377155
2025-01-09,184516.2199565186,184516.22146398123,184516.22448606373,184516.2255412397,181750.38109164036,173429.8021606523
2025-01-10,181969.61248979328,181969.6139764506,181969.6169568237,181969.61799743664,179241.94645279282,171036.2043011303
2025-01-13,182028.07088368983,182028.07237082475,182028.0753521553,182028.07639310256,179299.5285741435,171091.15029823827
2025-01-14,183024.70541356088,183024.70690883812,183024.70990649197,183024.71095313856,180281.22387256136,172027.90333481546
2025-01-15,187849.77740038323,187849.7789350804,187849.78201176127,187849.78308600053,185033.96958026238,176563.06712845215
2025-01-16,187347.24829578123,187347.2498263728,187347.2528948231,187347.25396618855,184538.97322551062,176090.73183342154
2025-01-17,190694.3053893551,190694.30694729154,190694.31007056127,190694.31116106725,187835.85900842922,179236.6853419842
2025-01-20,189884.36335993878,189884.36491125813,189884.36802126234,189884.36910713656,187038.05774985565,178475.40762907435
2025-01-21,189859.20021568617,189859.20176679993,189859.20487639203,189859.20596212236,187013.2717930522,178451.75637971266
2025-01-22,190614.09190279923,190614.0934600803,190614.09658203632,190614.0976720836,187756.84789626978,179161.29137874738
2025-01-23,191799.34489787748,191799.34646484186,191799.34960621042,191799.35070303569,188924.33432969142,180275.32998464978
2025-01-24,192456.03724804497,192456.0388203744,192456.04197249853,192456.04307307914,189571.18307247965,180892.56582655464
2025-01-27,187889.08132022663,187889.0828552449,187889.08593256955,187889.08700703352,185072.68434697294,176600.00952324105
2025-01-28,190961.62201103056,190961.6235711509,190961.6266987989,190961.62779083353,188099.16863981605,179487.9405911019
2025-01-29,190472.51836012374,190472.51991624822,190472.52303588548,190472.5241251231,187617.3964955212,179028.2240987913
2025-01-30,191144.31904580543,191144.32060741837,191144.32373805865,191144.32483113804,188279.12710472752,179659.66051146341
2025-01-31,190201.19744063224,190201.19899454006,190201.20210973348,190201.20319741956,187350.14258945626,178773.20514489905
2025-02-03,191358.9305534208,191358.9321167871,191358.93525094236,191358.93634524904,188490.52165478352,179861.37736495142
2025-02-04,193902.7101517668,193902.71173591528,193902.7149117336,193902.7160205872,190996.17081409032,182252.31726489845
2025-02-05,192891.88187771486,192891.88345360509,192891.88661286765,192891.88771594065,190000.49453115737,181302.22329685307
2025-02-06,194253.83969085556,194253.84127787268,194253.84445944196,194253.84557030347,191342.0370341817,182582.349640975
2025-02-07,193467.29638011468,193467.2979607059,193467.30112939284,193467.30223575645,190567.28375500697,181843.0647650724
2025-02-10,194790.53123973205,194790.53283113387,194790.5360214933,194790.53713542395,191870.6837491423,183086.79477411765
2025-02-11,194031.03651424483,194031.03809944174,194031.0412773618,194031.04238694927,191122.57360561713,182372.93330430027
2025-02-12,195329.05047953487,195329.0520753363,195329.0552745158,195329.0563915261,192401.13075852938,183592.95778374746
2025-02-13,196862.15400912712,196862.1556174537,196862.158841743,196862.1599675205,193911.25355869293,185033.94677588937
2025-02-14,195800.89132689286,195800.8929265491,195800.89613345658,195800.89725316517,192865.8988631552,184036.44868567406
2025-02-17,196053.35111200673,196053.35271372553,196053.3559247679,196053.3570459202,193114.57435718804,184273.73975198864
2025-02-18,195922.23955027203,195922.2411509197,195922.24435981468,195922.24548021716,192985.4281156467,184150.5058584156
2025-02-19,194819.67527990858,194819.67687154846,194819.68006238522,194819.68117648255,191899.3909295185,183114.18773243405
2025-02-20,191776.07775851683,191776.0793252911,191776.08246627855,191776.08356297074,188901.41595727552,180253.46082118465
2025-02-21,187335.51340419642,187335.5149346921,187335.51800295018,187335.51907424853,184527.4142361809,176079.70201757964
2025-02-24,184801.16644993855,184801.16795972915,184801.17098647862,184801.17204328405,182031.0563286574,173697.62801353293
2025-02-25,182667.44271770815,182667.4442100666,182667.4472018691,182667.44824647257,179929.3164297556,171692.10630474542
2025-02-26,184540.58548584994,184540.58699351162,184540.59001599322,184540.59107130844,181774.38138951384,173452.70371875074
2025-02-27,181829.94181164727,181829.94329716355,181829.9462752491,181829.94731506324,179104.36939324558,170904.9255545559
2025-02-28,185468.50871674155,185468.51023198426,185468.51326966373,185468.5143302854,182688.3953492518,174324.873885643
2025-03-03,185825.4254223758,185825.4269405344,185825.42998405962,185825.43104672237,183039.96198812118,174660.345713868
2025-03-04,183058.85617221048,183058.85766776672,183058.86066597997,183058.86171282176,180314.86272230893,172060.00218941807
2025-03-05,182701.95659338415,182701.95808602462,182701.9610783924,182701.96212319323,179963.31295352214,171724.54645895897
2025-03-06,177917.0522635584,177917.05371710713,177917.05663110578,177917.0576485436,175250.13280254242,167227.13690073756
2025-03-07,177697.38667782565,177697.38812957975,177697.39103998063,177697.3920561623,175033.75993337648,167020.66963686174
2025-03-10,173043.7162927835,173043.717706518,173043.72054069914,173043.7215302683,170449.84657250447,162646.60900203552
2025-03-11,175224.2171496929,175224.21858124164,175224.221451136,175224.22245317453,172597.66242201257,164696.09729262616
2025-03-12,176386.1284443771,176386.12988541843,176386.13277434302,176386.1337830261,173742.15703963098,165788.1966539332
2025-03-13,175105.1404581092,175105.14188868518,175105.1447566292,175105.14575798681,172480.37065178464,164584.17516963792
2025-03-14,178008.28544222005,178008.28689651415,178008.28981200705,178008.29082996663,175339.99842516286,167312.88845217036
2025-03-17,179185.8328250161,179185.83428893058,179185.83722370982,179185.83824840336,176499.8947509552,168419.68442751197
2025-03-18,178133.22490750696,178133.2263628218,178133.229280361,178133.23029903512,175463.06508799954,167430.32109170675
2025-03-19,180829.6999865791,180829.7014639236,180829.70442562678,180829.70545972098,178119.12087182686,169964.78196243566
2025-03-20,180169.38163338604,180169.3831053359,180169.38605622412,180169.3870865422,177468.7004786337,169344.13798119486
2025-03-21,181415.1319424221,181415.1334245495,181415.1363958411,181415.13743328318,178695.77739071051,170515.0389983987
2025-03-24,184806.6162920349,184806.61780187007,184806.62082870878,184806.62188554544,182036.42447937137,173702.75040893428
2025-03-25,186026.87397335315,186026.8754931576,186026.87853998222,186026.87960379705,183238.39089003092,174849.69048989797
2025-03-26,183309.0999973575,183309.10149495825,183309.10449727005,183309.10554554296,180561.35547290303,172295.21043884679
2025-03-27,184623.14908273864,184623.15059107493,184623.15361490878,184623.1546706962,181855.70738460717,173530.3065889887
2025-03-28,181169.1361572616,181169.13763737923,181169.1406046418,181169.14164067712,178453.46900334812,170283.8235509827
2025-03-31,183330.06437799177,183330.06587576377,183330.06887841894,183330.06992681173,180582.00560420597,172314.91520185716
2025-04-01,182115.35802960768,182115.35951745577,182115.362500216,182115.36354166234,179385.50731378325,171173.19290918726
2025-04-02,184298.9731074749,184298.97461316272,184298.9776316871,184298.97868562068,181536.3907030774,173225.608306808
2025-04-03,180653.59985951253,180653.60133541832,180653.60429423727,180653.60532732442,177945.66042909626,169799.26258313758
2025-04-04,174253.8954894019,174253.89691302335,174253.8997670253,174253.90076351503,171641.88557171225,163784.07615098276
2025-04-07,174771.575809265,174771.57723711574,174771.5800995965,174771.58109904666,172151.80602987538,164270.65232015352
2025-04-08,174712.20637658777,174712.2078039535,174712.21066546184,174712.2116645725,172093.3265259227,164214.85002284858
2025-04-09,182354.66604089542,182354.66753069859,182354.67051737828,182354.67156019318,179621.22817485486,171398.12240895088
2025-04-10,179303.04462820123,179303.0460930732,179303.0490297722,179303.05005513606,176615.34958686255,168529.85371150257
2025-04-11,180049.22329638986,180049.22476735798,180049.22771627823,180049.22874590917,177350.3432765105,169231.19920205593
2025-04-14,179315.17325138478,179315.17471635586,179315.17765325352,179315.17867868673,176627.29640588065,168541.25360209052
2025-04-15,180177.51491323172,180177.51638524796,180177.51933626944,180177.52036663404,177476.7118432271,169351.78258346813
2025-04-16,180621.85079334042,180621.85226898684,180621.8552272858,180621.8562601914,177914.38727122732,169769.4211184343
2025-04-17,179048.52512842385,179048.5265912165,179048.5295237469,179048.53054765525,176364.64525262738,168290.62668580902
2025-04-18,179048.52512842385,179048.5265912165,179048.5295237469,179048.53054765525,176364.64525262738,168290.62668580902
2025-04-21,179090.22489560323,179090.22635873655,179090.2292919499,179090.23031609674,176405.71995369197,168329.82097655357
2025-04-22,180542.06549912874,180542.06697412333,180542.06993111552,180542.07096356488,177835.79793294639,169694.4296201599
2025-04-23,181329.8320488618,181329.83353029232,181329.83650018688,181329.83753714117,178611.75611515375,170434.86423832615
2025-04-24,184006.90453648465,184006.90603978632,184006.90905352708,184006.91010579054,181248.7001461449,172951.0882971518
2025-04-25,182659.1406225353,182659.14211482598,182659.14510649253,182659.14615104866,179921.13878032257,171684.3030301949
2025-04-28,184628.46579797048,184628.46730635015,184628.4703302711,184628.47138608905,181860.9444039856,173535.3038562805
2025-04-29,183607.79478314403,183607.79628318502,183607.79929038897,183607.8003403701,180855.57291980056,172575.95853577598
2025-04-30,183357.470304295,183357.47180229088,183357.47480539494,183357.47585394455,180609.00072447758,172340.6744786184
2025-05-01,181180.82366531107,181180.8251455241,181180.82811297817,181180.8291490804,178464.9813194063,170294.80883026728
2025-05-02,184298.2995109201,184298.30101660237,184298.30403511573,184298.30508904558,181535.72720351856,173224.97518242864
2025-05-05,182957.4711893649,182957.47268409282,182957.47568064556,182957.47672690777,180214.9974677883,171964.70879179088
2025-05-06,182491.49665369358,182491.4981446146,182491.5011335354,182491.5021771329,179756.00774072137,171526.73173182065
2025-05-07,180614.56694532235,180614.56842090923,180614.57137908888,180614.57241195295,177907.2126057512,169762.5749109787
2025-05-08,180187.376484428,180187.3779565248,180187.3809077078,180187.3819381289,177486.425592639,169361.05163494754
2025-05-09,180605.7060841027,180605.70755961718,180605.71051765172,180605.71155046512,177898.48456599488,169754.24644311468
2025-05-12,180282.28262042656,180282.28409329875,180282.28704603613,180282.28807699998,177579.9091161457,169450.25545883868
2025-05-13,185065.69630057155,185065.6978125233,185065.7008436054,185065.7019019237,182291.62096180452,173946.2639311323
2025-05-14,184125.1929386801,184125.19444294812,184125.19745862624,184125.1985115662,181365.21544318928,173062.26949409745
2025-05-15,186180.3908947817,186180.39241584032,186180.39546517932,186180.39652987215,183389.60664212157,174993.9835461828
2025-05-16,186062.22102436243,186062.22254445558,186062.22559185917,186062.2266558762,183273.20810010005,174882.9137591852
2025-05-19,186609.92657406695,186609.92809863476,186609.93115500888,186609.932222158,183812.7037195543,175397.7111311991
2025-05-20,186298.4183755059,186298.4198975287,186298.42294880084,186298.4240141686,183505.86492882366,175104.91949878543
2025-05-21,184346.30052919328,184346.3020352677,184346.30505456723,184346.30610877156,181583.0087019472,173270.09212176644
2025-05-22,183335.98796287764,183335.98946069798,183335.9924634502,183335.99351187696,180587.84039645724,172320.4828758268
2025-05-23,185203.3827787086,185203.38429178522,185203.3873251224,185203.38838422805,182427.24356386336,174075.67769578198
2025-05-26,183977.16253750995,183977.1640405686,183977.16705382222,183977.1681059156,181219.40397018075,172923.13330761608
2025-05-27,184478.28278741718,184478.28429456986,184478.28731603103,184478.28837099014,181713.01258851707,173394.14439715922
2025-05-28,184617.64322055568,184617.64472884696,184617.64775259062,184617.64880834668,181850.2840535297,173525.13153939493
2025-05-29,184530.40966018479,184530.41116776338,184530.41419007833,184530.4152453355,181764.35809620668,173443.13929437465
2025-05-30,184058.8062892995,184058.80779302516,184058.810807616,184058.81186017627,181299.8239083575,172999.87160045482
2025-06-02,186550.52126893366,186550.52279301616,186550.52584841737,186550.52691522677,183754.18888086223,175341.87511678808
2025-06-03,186680.5336191035,186680.5351442482,186680.53820177878,186680.53926933164,183882.252387667,175464.0758434977
2025-06-04,186390.75422304124,186390.75574581852,186390.75879860297,186390.75986449872,183596.8166916657,175191.7074666626
2025-06-05,183034.6280373818,183034.6295327402,183034.6325305566,183034.63357725999,180290.99775943861,172037.22977065158
2025-06-06,184541.63127046204,184541.63277813233,184541.63580063108,184541.6368559524,181775.41149815064,173453.6866687506
2025-06-09,187102.7906905349,187102.7922191294,187102.7952835758,187102.79635354344,184298.17996123954,175860.9621463742
2025-06-10,186958.51930729568,186958.5208347115,186958.52389679503,186958.5249659376,184156.0711596907,175725.3591221061
2025-06-11,187161.63172281827,187161.63325189348,187161.63631730367,187161.63738760777,184356.13898535055,175916.26779153777
2025-06-12,186058.59993386266,186058.6014539263,186058.60450127057,186058.60556526686,183269.64128858372,174879.51023721238
2025-06-13,185000.95367263036,185000.95518405325,185000.95821407496,185000.95927202294,182227.84880505886,173885.41128003295
2025-06-16,186845.25032523618,186845.2518517266,186845.25491195498,186845.2559804498,184044.5000432868,175618.8957599467
2025-06-17,185782.45328111772,185782.4547989253,185782.45784174677,185782.45890416382,182997.6339854567,174619.95549799126
2025-06-18,188044.8716232738,188044.8731595649,188044.8762394412,188044.87731479615,185226.139403422,176746.43936795794
2025-06-19,188316.1439146629,188316.14545317026,188316.1485374896,188316.14961439584,185493.34541030417,177001.41261550423
2025-06-20,188153.26327706914,188153.26481424578,188153.26789589736,188153.26897187217,185332.90630114567,176848.31844979705
2025-06-23,191839.25355091048,191839.255118201,191839.25826022326,191839.25935727678,188963.6447648353,180312.8407780186
2025-06-24,192801.85236818515,192801.8539433399,192801.857101128,192801.85820368625,189911.81453505528,181217.6030936533
2025-06-25,192910.83347490386,192910.83505094895,192910.83821052196,192910.83931370347,190019.16204999236,181320.03621190126
2025-06-26,194104.8833963024,194104.8849821027,194104.88816123235,194104.88927124217,191195.31354663466,182442.34319221388
2025-06-27,193209.54190598556,193209.5434844711,193209.54664893643,193209.54775382616,190313.39293764648,181600.79713426586
2025-06-30,194453.55682390404,194453.55841255296,194453.5615973933,194453.56270939705,191538.76047156114,182770.06702907698
2025-07-01,189931.6004019206,189931.601953626,189931.60506440385,189931.60615054832,187084.58672375212,178519.80649464548
2025-07-02,192835.99958270835,192836.00115814214,192836.00431648945,192836.00541924304,189945.449893802,181249.69861707394
2025-07-03,193722.4994399632,193722.5010226395,193722.50419550628,193722.5053033294,190818.66140296753,182082.93428001666
2025-07-04,194112.27139155232,194112.27297741303,194112.27615666363,194112.27726671568,191202.59079820904,182449.28728934997
2025-07-07,192754.00038616016,192754.00196092407,192754.00511792835,192754.00622021293,189864.6798388694,181172.62623591398
2025-07-08,194749.50027192332,194749.5018629901,194749.5050526775,194749.50616637355,191830.26782236074,183048.22909880083
2025-07-09,196830.64464559057,196830.6462536599,196830.64947743315,196830.65060303043,193880.21651039412,185004.33061159964
2025-07-10,198003.75856909633,198003.76018674977,198003.76342973675,198003.7645620426,195035.74583302668,186106.95950630304
2025-07-11,197831.0334475174,197831.03506375977,197831.03830391774,197831.0394352359,194865.60980553567,185944.61234966468
2025-07-14,197305.5671703453,197305.56878229472,197305.57201384637,197305.5731421596,194348.0200990625,185450.71803233298
2025-07-15,198953.2513938539,198953.25301926455,198953.25627780266,198953.25741553836,195971.0060653474,186999.40328598523
2025-07-16,200687.67162044582,200687.6732600264,200687.67654697155,200687.67769462572,197679.42788989175,188629.61312245467
2025-07-17,201234.8358736639,201234.8375177147,201234.84081362153,201234.8419644047,198218.39032672002,189143.90172107954
2025-07-18,200382.3449170634,200382.3465541495,200382.34983609393,200382.35098200204,197378.6779357127,188342.631578098
2025-07-21,200297.24567169804,200297.2473080889,200297.25058863952,200297.25173406102,197294.85430069893,188262.64541053394
2025-07-22,197262.77798358357,197262.77959518338,197262.78282603426,197262.78395410284,194305.8723084652,185410.49977836895
2025-07-23,198006.77635463732,198006.77797231547,198006.7812153519,198006.78234767506,195038.71838293195,186109.79597211338
2025-07-24,198506.87360576764,198506.87522753148,198506.8784787587,198506.87961394177,195531.31933691443,186579.8455284345
2025-07-25,199849.07801545362,199849.07964818302,199849.08292139342,199849.084064252,196853.40453365643,187841.40532673217
2025-07-28,201541.86747286256,201541.86911942172,201541.8724203573,201541.87357289635,198520.81962087474,189432.4857247983
2025-07-29,201893.70823074068,201893.7098801743,201893.7131868725,201893.71434142362,198867.38639881436,189763.1865870056
2025-07-30,202545.17801845178,202545.1796732078,202545.18299057605,202545.18414885266,199509.09086367974,190375.5136573466
2025-07-31,203869.35170144914,203869.3533670234,203869.3567060795,203869.35787192854,200813.41560853418,191620.1260817865
2025-08-01,198667.82617233667,198667.82779541542,198667.8310492788,198667.83218538237,195689.8592762136,186731.12746876405
2025-08-04,200511.27510905985,200511.2767471993,200511.28003125542,200511.28117790096,197505.67550554767,188463.81516670474
2025-08-05,199377.12567739064,199377.1273062642,199377.13057174478,199377.1317119046,196388.52660953556,187397.80963287488
2025-08-06,198395.88304470212,198395.88466555913,198395.88791496848,198395.88904951696,195421.99248870584,186475.5236912982
2025-08-07,199687.7036936764,199687.7053250874,199687.7085956547,199687.7097375906,196694.44916112444,187689.72697180902
2025-08-08,200480.84522537954,200480.84686327033,200480.85014682807,200480.8512932996,197475.70175604874,188435.21362312394
2025-08-11,200790.6766481453,200790.67828856732,200790.68157719963,200790.68272544298,197780.88890531458,188726.42922664149
2025-08-12,203983.49650621583,203983.49817272258,203983.5015136482,203983.50268015004,200925.8494193443,191727.4126439815
2025-08-13,203717.79889232133,203717.80055665734,203717.80389323123,203717.8050582137,200664.13452733183,191477.6791266617
2025-08-14,201778.37600846763,201778.37765695894,201778.38096176818,201778.38211565983,198753.782969505,189654.7839517451
2025-08-15,201415.2382548295,201415.23990035403,201415.24319921562,201415.24435103065,198396.08853414294,189313.4648591181
2025-08-18,201116.05744795306,201116.05909103333,201116.0623849948,201116.06353509892,198101.39235145552,189032.25994304582
2025-08-19,195971.24680875542,195971.2484098035,195971.25161950113,195971.2527401841,193033.70077106848,184196.5685793254
2025-08-20,195708.4725731227,195708.47417202397,195708.4773774178,195708.47849659802,192774.86543681676,183949.58279287565
2025-08-21,194385.7215016802,194385.72308977484,194385.72627350411,194385.72738512003,191471.94197902695,182706.3075042201
2025-08-22,198432.42521200984,198432.4268331653,198432.43008317312,198432.43121793054,195457.98690066414,186509.87026987088
2025-08-25,194443.25349033152,194443.25507889618,194443.25826356775,194443.25937551266,191528.61158164946,182760.38275794068
2025-08-26,196417.7485855828,196417.75019027875,196417.75340728936,196417.75453052568,193473.50962969128,184616.24287591458
2025-08-27,196495.5811893389,196495.5827946707,196495.58601295613,196495.5871366375,193550.1755477193,184689.39900860714
2025-08-28,197658.17285662694,197658.17447145694,197658.17770878374,197658.17883911353,194695.34033937482,185782.13786321247
2025-08-29,194434.9073170999,194434.90890559639,194434.91209013123,194434.91320202843,191520.39051487352,182752.53805370434
2025-09-01,194688.05218514736,194688.053775712,194688.05696439295,194688.05807773778,191769.74082266685,182990.47304063287
2025-09-02,194520.74724520132,194520.748865237,194520.75212908615,194520.75320163235,191643.83715670527,183003.37627134714
2025-09-03,195948.07299967518,195948.0744915657,195948.07801081357,195948.07901392286,192790.28240440387,184000.41777722948
2025-09-04,196427.96397832432,196427.9654635994,196427.96905248726,196427.96996412994,193280.92978204938,183940.98982083134
2025-09-05,198047.37404240054,198047.37550180036,198047.37916375708,198047.38003470542,194800.76505812813,184927.20792872945
2025-09-08,197945.3356704007,197945.33716094933,197945.3408634478,197945.34175623237,194711.28861260993,184549.3458840659
2025-09-09,199193.09395827248,199193.0953999101,199193.09908330912,199193.10010204933,196060.01403000366,185672.7608515239
2025-09-10,205738.368406134,205738.36991520654,205738.37354563203,205738.3746833308,202670.677332776,191565.08708225083
2025-09-11,206861.56345983883,206861.56494105133,206861.56857587886,206861.56972238977,203738.90232453565,191969.84293340196
2025-09-12,206748.43944244814,206748.44079261099,206748.4446352513,206748.4456273121,203487.94711084277,191275.42595452684
2025-09-15,208361.74737323605,208361.74866103657,208361.75261106674,208361.75356969488,205014.3793101457,192484.14115535724
2025-09-16,209398.97588401262,209398.97709951454,209398.98115444745,209398.98212685712,205991.47304456524,193306.31597859474
2025-09-17,206505.89007795457,206505.89131270532,206505.89520669496,206505.89622175254,203232.13798983285,190712.16078584082
2025-09-18,211181.1080407655,211181.10943781666,211181.11325647507,211181.11438196796,207960.66029708146,194568.62554014608
2025-09-19,211893.39204402233,211893.3934357733,211893.39735305338,211893.39842317405,208490.82559583258,195500.37041621644
2025-09-22,211447.43577038508,211447.43713410557,211447.44115222475,211447.44215566834,207807.24930101886,194683.3116443716
2025-09-23,210141.5329302053,210141.5342230709,210141.53830298714,210141.5392592304,206512.8400341607,193431.37716968212
2025-09-24,210339.05905525494,210339.06017866926,210339.06436246974,210339.06523753665,206705.5886335564,193931.3713437583
2025-09-25,211970.78118859825,211970.7823341964,211970.78660919802,211970.78744741305,208213.55742921526,195498.46111545904
2025-09-26,212013.47425675933,212013.47551745063,212013.4797279184,212013.48065676895,208375.6967011318,195635.61842816675
2025-09-29,212423.83767761788,212423.8389706527,212423.84302963683,212423.84404979498,208874.2397954677,195645.76483472885
2025-09-30,212617.86057962725,212617.86194384887,212617.865957967,212617.86696011867,209023.86991868602,195574.49676578553
2025-10-01,218788.60427203815,218788.60567585318,218788.60980647182,218788.61083770863,214909.682987275,200747.6717569811
2025-10-02,218653.1314545828,218653.13285752857,218653.13698558958,218653.13801618785,214598.4500319875,200056.93309889012
2025-10-03,219028.08907310164,219028.09047845323,219028.09461359322,219028.09564595888,215184.86605120372,200903.54633732562
2025-10-06,223690.73149237287,223690.73292764142,223690.7371508098,223690.7382051523,219977.26167601542,202854.56709728437
2025-10-07,224360.2572040631,224360.25864362757,224360.26287943625,224360.2639369345,220566.74034349542,202943.16905068565
2025-10-08,228795.7851829702,228795.7866509944,228795.7909705437,228795.7920489483,224500.92401670554,205329.22759044418
2025-10-09,227489.20142064773,227489.20288028847,227489.2071751701,227489.20824741625,223063.02738310935,203967.21238079554
2025-10-10,223432.75759204332,223432.75902565668,223432.76324395472,223432.76429708122,219409.61146456565,201366.93359572566
2025-10-13,229167.51407407285,229167.5155444822,229167.51987104956,229167.5209512062,225053.7719352067,206572.6254103037
2025-10-14,227707.01058052736,227707.0120415656,227707.01634055944,227707.01741383213,223885.4727535568,205647.76415386616
2025-10-15,231243.31935047844,231243.32083420677,231243.32519996428,231243.32628990497,227333.75670174684,207863.24516446574
2025-10-16,233132.2884915306,233132.28998737913,233132.29438879943,233132.29548764357,228920.57074405675,209465.4502007811
2025-10-17,231266.9198606543,231266.92134453406,231266.92571073715,231266.92680078908,226889.79629823056,207795.10261200578
2025-10-20,237396.09026529707,237396.09178850355,237396.09627042228,237396.09738936336,233130.24468715978,213093.96020305742
2025-10-21,230975.23068792484,230975.23216993306,230975.2365306292,230975.23761930628,226852.75671660027,207521.99117979384
2025-10-22,230545.96620989745,230545.9676891514,230545.97204174323,230545.97312839705,226269.72646014174,207280.35675306464
2025-10-23,234093.46786214708,234093.46936416288,234093.47378372974,234093.47488710436,229727.40712791152,210129.37646849934
2025-10-24,236664.7181335725,236664.71965208618,236664.72412019697,236664.7252356909,232498.7269624285,211907.182771694
2025-10-27,236842.45151255216,236842.45303220628,236842.45750367257,236842.4586200042,232438.38750841946,211531.95555772175
2025-10-28,237100.8253229836,237100.82684429563,237100.8313206399,237100.83243818933,232144.85556118304,211345.4666845666
2025-10-29,237223.61892965256,237223.62045175245,237223.62493041504,237223.62604854323,231789.86048314473,210556.25856846166
2025-10-30,234712.53934512578,234712.54085111382,234712.5452823685,234712.54638866097,229674.3113236356,209055.3091055411
2025-10-31,234744.43890835647,234744.4404145492,234744.4448464061,234744.44595284894,229716.65111074297,209042.6067036787
2025-11-03,236526.56323260884,236526.56475023623,236526.56921573877,236526.57033058145,231024.79577361495,210703.5604657466
2025-11-04,231054.83639090028,231054.8378734194,231054.84223561842,231054.8433246707,225375.28644563037,205317.21147069437
2025-11-05,234905.35076275136,234905.35226997657,234905.35670487137,234905.35781207267,229121.85036079536,208762.83832997282
2025-11-06,231048.1258519241,231048.12733440014,231048.13169647244,231048.13278549316,224912.2081068962,204643.45065447176
2025-11-07,229788.7634444934,229788.76491888898,229788.7692571852,229788.77034027,224364.00746335255,204251.24399500477
2025-11-10,235194.564835299,235194.56634437985,235194.57078473494,235194.57189329938,229916.52630594687,209426.28174482213
2025-11-11,233940.14263983286,233940.14414086496,233940.14855753715,233940.149660189,228025.8643310535,207507.55488790805
2025-11-12,235415.57121867425,235415.57272917306,235415.57717370064,235415.5782833068,229287.28039465923,208518.42627075332
2025-11-13,229471.81535485515,229471.81682721703,229471.82115952944,229471.82224112033,222852.59863537885,202403.86849050206
2025-11-14,228184.347448472,228184.34891257304,228184.35322057872,228184.35429610126,221669.3171996382,201226.08104880754
2025-11-17,226470.60307802184,226470.604531127,226470.60880677804,226470.609874223,219682.3168453137,199527.22762430206
2025-11-18,224218.39337871296,224218.39481736725,224218.39905049768,224218.40010732712,217519.1112623283,197119.88919708531
2025-11-19,224946.33101418396,224946.33245750895,224946.33670438244,224946.33776464293,217969.95231167515,197493.48340339694
2025-11-20,218614.64496246472,218614.64636516367,218614.6504924981,218614.65152291488,211451.2613249614,191425.65472876877
2025-11-21,220125.22123139526,220125.22264378652,220125.22679963987,220125.22783717662,212766.44199414825,192584.39141961274
2025-11-24,226078.10899875432,226078.11044934113,226078.11471758204,226078.11578317708,219092.97123099738,198397.40734249947
2025-11-25,227957.7817701678,227957.7832328152,227957.7875365434,227957.78861099805,220952.17769589176,200191.78889815885
2025-11-26,229981.77723499798,229981.77871063192,229981.78305257214,229981.78413656668,223260.4341685746,202240.07088238565
2025-11-27,229411.82411625888,229411.8255882358,229411.82991941558,229411.83100072373,222707.13824106552,201738.86874141928
2025-11-28,233426.2994749698,233426.30097270486,233426.3053796759,233426.30647990585,226735.30769926065,205519.28270632215
2025-12-01,233037.1015563715,233037.10305160933,233037.10745123256,233037.10854962803,226357.2658503868,205071.5631826876
2025-12-02,234035.73735602957,234035.73885767494,234035.74327615192,234035.74437925432,227327.27649539232,205711.5370548495
2025-12-03,235726.34417249795,235726.34568499075,235726.35013538555,235726.35124645644,228969.42332114672,207302.0551462058
2025-12-04,234492.7082852783,234492.70978985573,234492.7142169601,234492.71532221636,227771.14869182376,206373.28714648384
2025-12-05,236631.61488837015,236631.61640667147,236631.62087415732,236631.62198949512,229848.7451232577,208329.27896227228
2025-12-08,234781.2871784245,234781.28868485356,234781.29311740617,234781.29422402263,228051.45568499548,206670.13172844917
2025-12-09,237098.26975032943,237098.27127162495,237098.275747921,237098.27686545826,230302.02366964967,208784.33711978293
2025-12-10,237877.3367500823,237877.33827637657,237877.342767381,237877.3438885903,231058.75929157666,209384.81739315367
2025-12-11,236969.0268032525,236969.02832371875,236969.0327975747,236969.0339145028,230176.48537580975,208835.2841774636
2025-12-12,230928.0371561519,230928.03863785736,230928.04299766253,230928.04408611706,224308.65621720956,203537.59376380604
2025-12-15,231320.8306210123,231320.83210523805,231320.836472459,231320.8375627649,224690.19054867822,204051.60006916284
2025-12-16,229943.35006505917,229943.3515404466,229943.35588166138,229943.3569654747,223352.19445138212,202812.75611445753
2025-12-17,225244.9568492924,225244.95829453346,225244.96254704494,225244.9636087129,218788.47719302226,198872.11236407218
2025-12-18,229637.3948131801,229637.39628660434,229637.4006220428,229637.40170441408,223055.009179915,202719.11138481012
2025-12-19,232882.5523821997,232882.55387644592,232882.55827315125,232882.55937081832,226207.14671368574,205579.91896886198
2025-12-22,236400.84070493074,236400.8422217514,236400.84668488018,236400.84779913037,229624.5859106545,208983.2309060338
2025-12-23,235124.0205331507,235124.0220417789,235124.026480802,235124.02758903394,228384.36484226453,207890.37799891634
2025-12-24,235807.86385760046,235807.86537061638,235807.86982255013,235807.87093400527,229048.60630492726,208434.59433219934
2025-12-25,235474.80177637847,235474.80328725735,235474.80773290302,235474.80884278836,228725.09120127923,208140.19507574
2025-12-26,235124.5691764615,235124.57068509317,235124.57512412657,235124.57623236117,228384.89775912167,207958.56302200534
2025-12-29,232149.9993781968,232150.00086774272,232150.00525061786,232150.00634483207,225495.59179831334,204845.5575213257
2025-12-30,236346.90693294903,236346.9084494236,236346.9129115342,236346.91402553013,229572.1981102518,208683.37996119147
2025-12-31,232702.61941134307,232702.62090443476,232702.6252977431,232702.62639456207,226032.37138800835,205406.36715700603
2026-01-02,237117.622949261,237117.62447068072,237117.62894734205,237117.6300649707,230320.82212348553,209303.48632138464
2026-01-05,240099.33637940726,240099.33791995855,240099.34245291312,240099.3435845957,233217.06694926496,211935.44175505755
2026-01-06,242752.32449735518,242752.32605492888,242752.33063797053,242752.33178215768,235794.00913015194,214277.23168761996
2026-01-07,240561.82284831192,240561.82439183068,240561.82893351675,240561.83006737923,233666.29658649824,212343.67809411246
2026-01-08,239435.02330677718,239435.02484306606,239435.02936347868,239435.03049203014,232571.7959182363,211349.05327671106
2026-01-09,243073.70435260626,243073.70591224206,243073.71050135116,243073.71164705313,236106.17687017357,214560.91336130098
2026-01-12,246478.03586562155,246478.03744710065,246478.04210048175,246478.0432622297,239412.92574487173,217565.91334993666
2026-01-13,244810.17254389933,244810.1741146769,244810.1787365696,244810.17989045626,237792.8704884521,216093.69208016322
2026-01-14,246843.67545690382,246843.67704072897,246843.68170101318,246843.68286448452,239768.08454841224,217888.66304791626
2026-01-15,247497.2595098762,247497.26109789495,247497.26577051845,247497.26693707047,240402.93409917553,218465.5810314457
2026-01-16,248082.1187963616,248082.120388133,248082.1250717983,248082.126241107,240971.02882791992,218981.83573299958
2026-01-19,248042.60932139197,248042.61091290985,248042.61559582927,248042.61676495173,240932.65186275178,218946.96075934294
2026-01-20,247947.0911527107,247947.09274361568,247947.09742473174,247947.09859340405,240839.87165154365,218862.64696830808
2026-01-21,250411.19454105303,250411.1961477685,250411.20087540554,250411.20205569218,243233.34334353052,221037.70854079502
2026-01-22,254189.5629999254,254189.56463088407,254189.5694298548,254189.57062795036,246903.40767240222,224372.87056381334
2026-01-23,252737.13057421724,252737.13219585666,252737.1369674062,252737.13815865587,245492.6081451166,223090.80992839613
2026-01-26,255906.14484199334,255906.14648396612,255906.15131534508,255906.15252153156,248570.78496890934,225888.09562229703
2026-01-27,258847.72853593863,258847.7301967855,258847.73508370004,258847.7363037514,251428.05034761757,228484.62857835076
2026-01-28,261077.6140757155,261077.61575087003,261077.62067988364,261077.6219104454,253594.01787198236,230452.94629243654
2026-01-29,263652.2143868955,263652.2160785694,263652.2210561902,263652.22229888703,256094.8191744534,232725.54338712568
2026-01-30,253216.498533626,253216.50015834116,253216.5049389409,253216.50613245004,245958.23537744718,223513.94754207102
2026-02-02,258371.59156718262,258371.59322497452,258371.59810289965,258371.59932070682,250965.56149198834,228064.3429568622
2026-02-03,260566.20914311346,260566.2108149866,260566.21573434505,260566.21696249634,253097.27198253744,230001.5296748768
2026-02-04,259284.58167583277,259284.5833394826,259284.5882346445,259284.5894567551,251852.3814162074,228870.23840377422
2026-02-05,259270.84030621906,259270.8419697808,259270.84686468315,259270.84808672898,251839.03393276353,228858.1089106931
2026-02-06,266046.5161393743,266046.51784641086,266046.52286923456,266046.52412321675,258420.4900427063,234838.99112612594
2026-02-09,266713.051102933,266713.0528142463,266713.0578496538,266713.0591067777,259067.919275808,235427.34086535123
2026-02-10,263811.29776246,263811.29945515475,263811.30443577864,263811.3056792255,256249.3425430264,232865.9661220843
2026-02-11,267890.280018149,267890.2817370159,267890.28679464874,267890.28805732145,260211.4037971508,236466.47963997448
2026-02-12,265715.0584711741,265715.06017608417,265715.06519264984,265715.06644506997,258098.53336277072,234546.41377713194
2026-02-13,267474.32615831017,267474.3278745083,267474.3329242881,267474.3341850003,259807.37294625115,236099.31758795053
2026-02-16,266882.94707863283,266882.9487910364,266882.9538296513,266882.95508757606,259232.94530935184,235577.30787153018
2026-02-17,265617.1643923401,265617.16609662207,265617.17111133964,265617.17236329825,258003.44534511262,234460.00277260467
2026-02-18,268750.62266525003,268750.62438963726,268750.6294635129,268750.6307302408,261047.0853602653,237225.9032257438
2026-02-19,268633.2051447891,268633.206868423,268633.2119400819,268633.21320625633,260933.03352595685,237122.2588990084
2026-02-20,268650.7530388284,268650.7547625748,268650.75983456493,268650.76110082207,260950.07842262607,237137.74840735592
2026-02-23,268871.7135612149,268871.7152863791,268871.7203625408,268871.7216298394,261164.7052754929,237332.79003732707
2026-02-24,269720.0012827843,269720.0030133913,269720.0081055683,269720.0093768652,261988.67745857665,238081.57275250333
2026-02-25,272948.71097055235,272948.7127218757,272948.71787500917,272948.71916152426,265124.8385774149,240931.551533347
2026-02-26,268816.5947513159,268816.5964761262,268816.60155124747,268816.6028182863,261111.16640540626,237284.13671949142
2026-02-27,269995.56072814134,269995.56246051606,269995.5675578956,269995.5688304914,262256.3381967754,238324.80879664287
2026-03-02,268613.291779488,268613.29350299365,268613.2985742766,268613.30010058096,260913.69094768135,237104.6815615579
2026-03-03,262779.7415100825,262779.7431961583,262779.7481573068,262779.749650464,255247.35507116443,231955.412626139
2026-03-04,260075.79156294276,260075.79323166923,260075.7981417685,260075.79975377797,252620.9119500685,229568.63878106102
2026-03-05,259754.63971760005,259754.64138426588,259754.64628830197,259754.6479193771,252308.9655776418,229285.15837776166
2026-03-06,259170.8285862538,259170.83024917374,259170.83514218775,259170.83698548356,251741.88915144684,228769.82906042298
2026-03-09,259189.11537367484,259189.1170367121,259189.12193007136,259189.12383737764,251759.65191590035,228785.97128473473
2026-03-10,263212.87600924895,263212.8776981039,263212.88266742975,263212.88445894455,255668.0743820501,232337.74075248913
2026-03-11,263460.8465422881,263460.848232734,263460.8532067414,263460.8551685729,255908.93701414342,232556.62405110928
2026-03-12,265991.7205489534,265991.7222556382,265991.7272774272,265991.72913651576,258367.26540330276,234790.62373503594
2026-03-13,265738.01368234865,265738.0153874057,265738.0204044048,265738.0223213104,258120.83091812913,234566.67723386112
2026-03-16,267599.6507144796,267599.65243148146,267599.6574836273,267599.659312122,259929.10551659047,236209.94256519785
2026-03-17,273816.24576556985,273816.2475224593,273816.2526919713,273816.25432342757,265967.506445702,241697.32471917552
2026-03-18,272222.15977554995,272222.1615222113,272222.1666616278,272222.1681557041,264419.1135724487,240290.2263423329
2026-03-19,273653.29360611684,273653.2953619608,273653.3005283963,273653.3021427153,265809.22510832996,241553.48699046325
2026-03-20,270545.41655172134,270545.4182876242,270545.4233953846,270545.42493823986,262790.4330641546,238810.16709057547
2026-03-23,271199.7451971818,271199.746937283,271199.75205739686,271199.7534605995,263426.00586362195,239387.74262041718
2026-03-24,270750.05990093906,270750.0616381549,270750.0667497789,270750.0685219443,262989.210598038,238990.80567162315
2026-03-25,273120.462166067,273120.463918492,273120.4690748681,273120.4708004135,265291.666923824,241083.15742502402
2026-03-26,269607.0150119873,269607.016741869,269607.0218319129,269607.0236224925,261878.93018780847,237981.8411801134
2026-03-27,271897.17203674227,271897.1737813183,271897.1789145993,271897.18074252555,264103.44154769956,240003.3605101371
2026-03-30,270930.4173906509,270930.4191290239,270930.424244053,270930.4258889863,263164.3982752869,239150.00703288175
2026-03-31,275133.4398313233,275133.4415966642,275133.44679104426,275133.44830067264,267246.94429779,242860.01085346154
2026-04-01,275708.8586482538,275708.860369272,275708.86563031626,275708.8670873018,267805.86916962994,243367.93242253602
2026-04-02,275389.9843814895,275389.98609309003,275389.9913860004,275389.99280335003,267496.1352263283,243086.46242119724
2026-04-03,273436.60384788853,273436.6055514335,273436.61081758665,273436.61221409665,265598.74690786714,241362.21539112175
2026-04-06,275346.10977318423,275346.1114886257,275346.11679155426,275346.1181978165,267453.5182655959,243047.73435217584
2026-04-07,277870.0535616966,277870.05525965104,277870.0606253364,277870.06203034165,269905.1150635302,245275.61696821722
2026-04-08,280533.1734153274,280533.17517451907,280533.1805216707,280533.18201010016,272491.89854221937,247626.35022577964
2026-04-09,284416.64745372353,284416.6492185764,284416.6546446774,284416.65614878444,276264.0556708332,251054.28883991396
2026-04-10,284677.99459945527,284677.9963834604,284678.0018328437,284678.0033200371,276517.91152970033,251284.9797182458
2026-04-13,286795.2033306544,286795.20512792765,286795.210617839,286795.21211609285,278574.43204667023,253153.83773738166
2026-04-14,286018.25567792845,286018.2574703328,286018.26294537156,286018.2644395666,277819.7550207836,252468.0268251892
2026-04-15,284711.35371107317,284711.35549528763,284711.36094530916,284711.3624326768,276550.31442718464,251314.42577254376
2026-04-16,284491.6031449984,284491.6049811016,284491.6103834995,284491.61191313487,276336.86285727995,251120.4522157496
2026-04-17,286925.0595929163,286925.0614675454,286925.0668997483,286925.06845887296,278700.5660915983,253268.46179713542
2026-04-20,284162.86916137,284162.8710378425,284162.87641290424,284162.8779618652,276017.5518096663,250830.27909624638
2026-04-21,282697.9088752528,282697.91074361483,282697.9160818788,282697.9176319419,274594.5835135528,249537.1601249882
2026-04-22,288616.2355218698,288616.23742021364,288616.2428767065,288616.2444527488,280343.2657247515,254761.26110148916
2026-04-23,292888.3050320472,292888.3070166487,292888.3125131817,292888.3141532784,284492.879555754,258532.2126170018
2026-04-24,298837.7809396192,298837.78297940554,298837.7885549317,298837.7902610021,290271.81814310135,263783.80903691525
2026-04-27,299575.74502161704,299575.74712635705,299575.75268803246,299575.75442593516,290988.62906475784,264435.2092436605
2026-04-28,297787.330899962,297787.3329629213,297787.3385205245,297787.34021892253,289251.47850389435,262856.5778689285
2026-04-29,302300.04814828833,302300.05022306775,302300.0558290461,302300.05758902786,293634.8420143947,266839.9488340048
