,US/Gold/BTC 60/30/10 no daily exposure,US/Gold/BTC 60/30/10 asset-level daily exposure,Tactical TH/Gold/BTC 60/30/10 no daily exposure (Tactical TH proxy_regime relative_return binary lb1 cap30 entry0% exit0% hold0 confirm1),Tactical TH/Gold/BTC 60/30/10 asset-level daily exposure (Tactical TH proxy_regime relative_return binary lb1 cap30 entry0% exit0% hold0 confirm1)
2006-12-29,10000.0,10000.0,10000.0,10000.0
2007-01-03,9767.280591539751,9767.280591539751,9767.280591539751,9767.280591539751
2007-01-04,9803.138447111283,9803.138447111283,9803.138447111283,9803.138447111283
2007-01-05,9707.08280979489,9707.08280979489,9707.08280979489,9707.08280979489
2007-01-08,9721.080127248371,9721.080127248371,9721.080127248371,9721.080127248371
2007-01-09,9833.88257929373,9833.88257929373,9833.88257929373,9833.88257929373
2007-01-10,9837.390592078296,9837.390592078296,9837.390592078296,9837.390592078296
2007-01-11,9811.426745466699,9811.426745466699,9811.426745466699,9811.426745466699
2007-01-12,9947.21095870163,9947.21095870163,9947.21095870163,9947.21095870163
2007-01-15,9948.21040821519,9948.21040821519,9948.21040821519,9948.21040821519
2007-01-16,9923.616130620787,9923.616130620787,9923.616130620787,9923.616130620787
2007-01-17,9929.032685430335,9929.032685430335,9929.032685430335,9929.032685430335
2007-01-18,9644.025472414589,9644.025472414589,9644.025472414589,9644.025472414589
2007-01-19,9754.626030325957,9754.626030325957,9754.626030325957,9754.626030325957
2007-01-22,9699.767894786986,9699.767894786986,9699.767894786986,9699.767894786986
2007-01-23,9765.918905022727,9765.918905022727,9765.918905022727,9765.918905022727
2007-01-24,9893.793234385892,9893.793234385892,9893.793234385892,9893.793234385892
2007-01-25,9500.978986380556,9500.978986380556,9500.978986380556,9500.978986380556
2007-01-26,9234.964565502307,9234.964565502307,9234.964565502307,9234.964565502307
2007-01-29,9476.676620801029,9476.676620801029,9476.676620801029,9476.676620801029
2007-01-30,9513.01687622481,9513.01687622481,9513.01687622481,9513.01687622481
2007-01-31,9750.335640862977,9750.335640862977,9750.335640862977,9750.335640862977
2007-02-01,9845.94779143289,9845.94779143289,9845.94779143289,9845.94779143289
2007-02-02,9774.439986616346,9774.439986616346,9774.439986616346,9774.439986616346
2007-02-05,9691.642043880638,9691.642043880638,9691.642043880638,9691.642043880638
2007-02-06,9556.570543417783,9556.570543417783,9556.570543417783,9556.570543417783
2007-02-07,9641.697790634926,9641.697790634926,9641.697790634926,9641.697790634926
2007-02-08,9618.40774160243,9618.40774160243,9618.40774160243,9618.40774160243
2007-02-09,9428.344602408031,9428.344602408031,9428.344602408031,9428.344602408031
2007-02-12,9414.646607601497,9414.646607601497,9414.646607601497,9414.646607601497
2007-02-13,9398.316906999946,9398.316906999946,9398.316906999946,9398.316906999946
2007-02-14,9445.58080057472,9445.58080057472,9445.58080057472,9445.58080057472
2007-02-15,9438.525280045065,9438.525280045065,9438.525280045065,9438.525280045065
2007-02-16,9463.210271365133,9463.210271365133,9463.210271365133,9463.210271365133
2007-02-19,9551.5901311197,9551.5901311197,9551.5901311197,9551.5901311197
2007-02-20,9531.389378326463,9531.389378326463,9531.389378326463,9531.389378326463
2007-02-21,9700.002411748534,9700.002411748534,9700.002411748534,9700.002411748534
2007-02-22,9703.920397738992,9703.920397738992,9703.920397738992,9703.920397738992
2007-02-23,9672.042794367097,9672.042794367097,9672.042794367097,9672.042794367097
2007-02-26,9728.802732080607,9728.802732080607,9728.802732080607,9728.802732080607
2007-02-27,9513.27976581575,9513.27976581575,9513.27976581575,9513.27976581575
2007-02-28,9468.664995142615,9468.664995142615,9468.664995142615,9468.664995142615
2007-03-01,9327.34758353662,9327.34758353662,9365.211869820412,9365.211869820412
2007-03-02,9180.548070689687,9180.548070689687,9232.24006421674,9232.24006421674
2007-03-05,8940.945822134634,8940.945822134634,9040.538631942916,9040.538631942916
2007-03-06,8951.412283506404,8951.412283506404,9035.608036953867,9035.608036953867
2007-03-07,8982.964265622948,8982.964265622948,9057.9222223909,9057.9222223909
2007-03-08,9084.572437385768,9084.572437385768,9136.259182317981,9136.259182317981
2007-03-09,8982.519785635448,8982.519785635448,9047.82513656737,9047.82513656737
2007-03-12,9085.845669275059,9085.845669275059,9144.436909407628,9144.436909407628
2007-03-13,9058.027788149515,9058.027788149515,9134.676831775812,9134.676831775812
2007-03-14,9063.633213455489,9063.633213455489,9122.187390970936,9122.187390970936
2007-03-15,9030.964253885608,9030.964253885608,9103.296102469138,9103.296102469138
2007-03-16,9085.147963830364,9085.147963830364,9150.046873707466,9150.046873707466
2007-03-19,9091.645087618717,9091.645087618717,9161.484104254016,9161.484104254016
2007-03-20,9103.830375067824,9103.830375067824,9179.460924999863,9179.460924999863
2007-03-21,9037.700298044874,9037.700298044874,9122.609003284157,9122.609003284157
2007-03-22,9010.085031529952,9010.085031529952,9109.466896901129,9109.466896901129
2007-03-23,9069.377761758926,9069.377761758926,9159.08140579604,9159.08140579604
2007-03-26,9161.992755204396,9161.992755204396,9238.025149989022,9238.025149989022
2007-03-27,9050.464897651415,9050.464897651415,9153.804464300212,9153.804464300212
2007-03-28,9010.214354454774,9010.214354454774,9104.284975399722,9104.284975399722
2007-03-29,9069.206043026501,9042.225793100552,9151.13303727682,9128.452046917395
2007-03-30,9104.084235023727,9070.226814182412,9193.893724795658,9166.32015132687
2007-04-02,9153.38547982002,9101.257484467418,9252.620709562509,9212.075812228404
2007-04-03,9208.019773948321,9155.580639483673,9322.545122947022,9281.69381748804
2007-04-04,9267.996176661458,9215.215480088584,9389.199348947212,9348.055965293857
2007-04-05,9286.906934987295,9234.018542750964,9402.072859137828,9360.87306388333
2007-04-09,9276.98633769779,9224.15444268323,9394.160320555633,9352.995197971131
2007-04-10,9434.308135254301,9380.580301797076,9523.459458157406,9481.727747962323
2007-04-11,9281.72199487674,9228.863130571312,9416.913166324817,9375.648340983149
2007-04-12,9335.113719911098,9281.950792851994,9446.386936651,9404.99295752367
2007-04-13,9388.426543421012,9334.9600029478,9499.150165771014,9457.524978667605
2007-04-16,9425.581521831873,9371.903385928073,9525.512987951468,9483.77227920805
2007-04-17,9474.803377474793,9420.844925979802,9568.47939806988,9526.550410919537
2007-04-18,9408.417420179958,9354.837032831938,9517.162631321238,9475.458513762405
2007-04-19,9330.917898763324,9277.778866660437,9446.052664623208,9404.660150272775
2007-04-20,9500.837308163114,9446.730594954362,9596.34958381558,9554.298469772199
2007-04-23,9490.194320456336,9436.148218440563,9601.264869337023,9559.1922165585
2007-04-24,9439.129971115064,9385.374677584416,9565.212385855142,9523.297714721746
2007-04-25,9477.839474746192,9423.863732854681,9613.206139261763,9571.081159950214
2007-04-26,9497.629331233727,9443.540887266106,9619.569052783898,9577.416191244858
2007-04-27,9651.869431972676,9596.902599645662,9770.757183411362,9727.941816899209
2007-04-30,9473.979375892439,9420.025617038302,9649.172667153707,9606.890082853624
2007-05-01,9528.890056416716,9474.62358444616,9705.098758675282,9662.571106765683
2007-05-02,9514.92002373788,9460.733110286974,9690.870391467,9648.405088129315
2007-05-03,9653.44506696226,9598.469261486065,9831.957046584515,9788.873502844837
2007-05-04,9678.180317371405,9623.063646089742,9857.149702457344,9813.955764735461
2007-05-07,9660.691766097765,9605.674691093516,9839.33775203584,9796.221866113967
2007-05-08,9619.40598697206,9564.624032067051,9797.288514257723,9754.356887702164
2007-05-09,9693.721263681575,9638.51608761894,9872.978032708872,9829.714735391999
2007-05-10,9536.299281953958,9481.990614876988,9712.644995974539,9670.084276523734
2007-05-11,9768.83629939435,9713.203347593311,9949.482099345994,9905.883561925284
2007-05-14,9861.47980503255,9805.319253881304,10043.838773234069,9999.826765751666
2007-05-15,9840.78859974179,9784.74588379541,10022.764945160292,9978.845282995233
2007-05-16,9838.544475568115,9782.514539777749,10020.479322532336,9976.569675944236
2007-05-17,9808.97505657328,9753.113516895952,9990.363104391245,9946.585426789117
2007-05-18,9766.011657799654,9710.394792167415,9946.6052243404,9903.01929335903
2007-05-21,9929.919560949389,9873.369249388046,10113.544120473885,10069.226664812399
2007-05-22,9835.440248155646,9779.427990758973,10017.317691594315,9973.421899243387
2007-05-23,9862.206989189295,9806.042296766775,10044.579404515905,10000.564151594157
2007-05-24,9625.78258340794,9570.964314158899,9803.783027027634,9760.822941577908
2007-05-25,9727.654049341301,9672.255628047484,9907.538305105223,9864.12356499823
2007-05-28,9800.750131520426,9744.935432310584,9981.986083620934,9938.245114045401
2007-05-29,9721.256886606267,9665.894896780354,9901.02284572315,9857.636656298178
2007-05-30,9845.889644105646,9789.817878009737,10027.960318286701,9984.017890045237
2007-05-31,9821.796526104461,9765.861968907484,10003.421669165815,9959.58676905509
2007-06-01,9983.583106622234,9926.727184304567,10177.997224141802,10133.397335583399
2007-06-04,9928.286924283946,9871.745910492997,10190.437005535274,10145.782605971253
2007-06-05,9927.783048625546,9871.244904377025,10179.132028098675,10134.527166839955
2007-06-06,9874.404642274,9818.170484930033,10143.620015855699,10099.170767902195
2007-06-07,9643.98854753568,9589.06659638495,9946.528072507477,9902.942479604717
2007-06-08,9714.225340849605,9658.903395265828,9958.506438278591,9914.868356289153
2007-06-11,9684.891741918624,9629.736849466402,9941.398863595075,9897.835746837754
2007-06-12,9582.615523852173,9528.043088484472,9806.575999122637,9763.603674895337
2007-06-13,9704.224208481073,9648.959218761634,9850.200273643886,9807.036788254007
2007-06-14,9797.860237076882,9742.061995647,9954.355945651316,9910.736051081716
2007-06-15,9931.96826740263,9875.406288577771,10087.440171125922,10043.237102726114
2007-06-18,9984.470813270904,9927.609835515752,10217.60085261102,10172.8274213234
2007-06-19,9845.062586110467,9788.995530061506,10097.323449012814,10053.077072181826
2007-06-20,9750.292123822253,9694.764780017313,10059.037555632784,10014.958947228188
2007-06-21,9817.496598889466,9761.586529526676,10099.761902616736,10055.504840504884
2007-06-22,9836.96740042652,9780.946445986918,10111.06045372001,10066.753881462993
2007-06-25,9875.908341193908,9819.665620372476,10114.188640541322,10069.868360598937
2007-06-26,9566.253322936269,9511.774069346522,9872.540426908527,9829.279047176176
2007-06-27,9576.056720328932,9521.521636963977,9875.64447075464,9832.369489131213
2007-06-28,9557.722533567028,9503.29186232417,9890.08286094475,9846.74461043067
2007-06-29,9629.575963173786,9574.736090848677,9934.32163440627,9890.789530001006
2007-07-02,9680.618309342299,9625.487753838846,10015.797802505122,9971.908670293962
2007-07-03,9753.079697161395,9697.536478289203,10099.81985010161,10055.562534064426
2007-07-04,9653.913002558651,9598.934532216585,10045.03259614671,10001.015357343485
2007-07-05,9609.014020817562,9554.29124755246,10002.653243741082,9958.821710863378
2007-07-06,9724.236705575324,9668.857745854533,10120.99066186049,10076.640575524363
2007-07-09,9870.952259105445,9814.737762881856,10278.972800834003,10233.93043824379
2007-07-10,9735.300032883604,9679.858068160373,10234.743725990696,10189.895174792411
2007-07-11,9572.037398050405,9517.525204490925,10051.136060298288,10007.092076172288
2007-07-12,9809.40379580716,9753.539814484955,10233.663854392335,10188.820035181285
2007-07-13,9758.28060455985,9702.707766823982,10204.95098694034,10160.232987245681
2007-07-16,9440.83528363553,9387.070278449744,9906.21869970155,9862.809742093094
2007-07-17,9600.942850483301,9546.266042061548,10036.049405637737,9992.071531091233
2007-07-18,9545.239460289677,9490.87987941958,9967.846325166181,9924.167315879842
2007-07-19,9670.361774556126,9615.289629418858,10073.476150064347,10029.334271874122
2007-07-20,9587.75268256232,9533.150991376,10024.46414400881,9980.537035970312
2007-07-23,9457.374715061425,9403.51551878029,9939.43958357742,9895.885052366802
2007-07-24,9550.93120246427,9496.539207455135,10079.364585836522,10035.196904575865
2007-07-25,9616.538223440377,9561.77260028108,10120.17464130433,10075.82813076264
2007-07-26,9329.015250857918,9275.887054223656,9856.615975050263,9813.424376116885
2007-07-27,9307.934281057904,9254.92613931461,9792.555096341845,9749.644211579285
2007-07-30,9281.204064502583,9233.89097736616,9767.952051787792,9729.2363592614
2007-07-31,9186.607721563541,9139.77686119265,9709.719181441418,9671.23429736815
2007-08-01,9215.220191055398,9147.226156513749,9638.188023038425,9584.419058224472
2007-08-02,9239.090852277726,9170.920689273595,9644.992471474496,9591.185546397923
2007-08-03,9190.555875791819,9122.743825648718,9653.870810262639,9600.014355224132
2007-08-06,9273.635197709165,9165.774400773982,9659.055849051756,9576.121243038842
2007-08-07,9385.1036654018,9231.452258650388,9739.557021875724,9623.390940310515
2007-08-08,9649.044215140359,9491.071616187779,10006.297274535365,9886.949716658906
2007-08-09,9551.139827163388,9394.770103093826,9871.060053012361,9753.325502593101
2007-08-10,9650.734336066762,9476.823949392674,9944.806655821205,9814.630377998323
2007-08-13,9591.256468570627,9439.17621914165,9896.586451008448,9782.090152937571
2007-08-14,9612.401360433018,9464.131691702012,9890.47080936853,9779.052794477857
2007-08-15,9494.86000172195,9406.904625498088,9736.451722662607,9669.082276824282
2007-08-16,9686.280471870243,9512.889622130997,9816.589945273821,9688.470208368646
2007-08-17,9943.23004264151,9668.169072148135,10034.594464830681,9834.425937653205
2007-08-20,9855.976525442533,9606.791020836488,10064.189944227706,9880.136701779722
2007-08-21,9901.26401665159,9636.644755827574,10027.248405773002,9833.584016201168
2007-08-22,9781.834941884163,9550.74352773784,9988.019302352319,9816.78175540338
2007-08-23,9903.578805738463,9669.611248023079,10120.402580694123,9946.895415800518
2007-08-24,10151.04110443148,9911.227362141051,10322.125069815478,10145.159515109446
2007-08-27,10007.85479600202,9771.42376530895,10211.446990030588,10036.378932947426
2007-08-28,9855.682922681919,9622.846883481525,10086.803950666877,9913.87281058986
2007-08-29,10058.516703687279,9725.995567797703,10259.950680273007,10015.616878840738
2007-08-30,10035.629943733004,9703.865413577756,10257.854966814646,10013.571073384077
2007-08-31,10158.299289009616,9781.680318327888,10422.82727490663,10145.143774755525
2007-09-03,10039.667893733566,9667.447182318303,10301.106649517968,10026.666013170227
2007-09-04,10196.27019842312,9818.243456183152,10461.786968751865,10183.06550991005
2007-09-05,10253.363736575106,9873.220251270219,10520.367255642532,10240.085109026219
2007-09-06,10286.126581797984,9904.768413927304,10553.983264294886,10272.805524698137
2007-09-07,10256.836096737621,9876.56387367132,10523.930038071017,10243.55297230571
2007-09-10,10292.9815826571,9899.251546122103,10561.016773339183,10267.083663499581
2007-09-11,10328.237835074517,9922.997865284933,10597.191118950836,10291.712338143216
2007-09-12,10279.149345173786,9875.835417220384,10546.824336395524,10242.797448184301
2007-09-13,10328.718381290011,9923.459556731885,10597.684178867581,10292.19118492173
2007-09-14,10254.706867680632,9852.351967685248,10521.745362658497,10218.441410764559
2007-09-17,10243.605583378745,9841.686254696393,10510.354994495847,10207.379385814767
2007-09-18,10406.846565400125,9998.522294105189,10677.846866057042,10370.043071100432
2007-09-19,10537.706225872056,10124.247529353464,10812.11418773632,10500.439950389036
2007-09-20,10569.448442038165,10154.744304145584,10844.682989561254,10532.06991117938
2007-09-21,10580.518120210267,10165.379651106528,10856.040928552226,10543.100441773497
2007-09-24,10607.302865362728,10191.113466808123,10883.523163952452,10569.79046349467
2007-09-25,10573.829848090405,10158.953800828134,10849.17848995994,10536.435822523243
2007-09-26,10420.506732496873,10011.646489258805,10691.862751801793,10383.654929434413
2007-09-27,10560.487445704173,10146.13490253101,10835.488643702462,10523.14060513461
2007-09-28,10653.54275453965,10235.539082186137,10930.967166574359,10615.866826719039
2007-10-01,10655.847244628078,10237.75315302699,10950.816612838638,10635.144085072725
2007-10-02,10583.574524160666,10168.316133627515,10883.584191714699,10569.849732046752
2007-10-03,10533.565331909422,10120.269107999535,10835.844038646905,10523.485755325219
2007-10-04,10595.728864583283,10179.993584901733,10884.95517605344,10571.181195854098
2007-10-05,10624.083901688737,10207.236080394234,10909.659123923358,10595.17301804923
2007-10-08,10530.187979012173,10117.024269322807,10859.928585255819,10546.876031362639
2007-10-09,10559.438526883163,10145.12713921379,10907.627496080006,10593.19995470563
2007-10-10,10643.403214378286,10225.797378230163,11028.238814547934,10710.334484078825
2007-10-11,10712.791820741802,10292.46344497022,11149.772992308568,10828.365270041382
2007-10-12,10717.052806471476,10296.55724615632,11125.022014401766,10804.327773515628
2007-10-15,10770.493099553038,10347.900749533797,11193.368295684206,10870.70387813101
2007-10-16,10734.220238286116,10313.051094571641,11121.163150002076,10800.580146252163
2007-10-17,10751.593434694316,10329.742634176422,11102.66319364888,10782.613476884955
2007-10-18,10796.997725442627,10373.365436765285,11118.746732697999,10798.233385539508
2007-10-19,10567.437913028536,10152.812660491634,10956.077326320985,10640.253151168263
2007-10-22,10501.402324775874,10089.36805244449,10840.668283473571,10528.170934581456
2007-10-23,10640.599057833184,10223.10324590524,10948.38329822979,10632.780914143625
2007-10-24,10641.002295132954,10223.490661738291,10985.348050067723,10668.680105570545
2007-10-25,10646.589925981187,10228.859055637076,11059.538547434162,10740.731958608634
2007-10-26,10868.465892879804,10442.029470673042,11234.970714485164,10911.107049317081
2007-10-29,10804.746098701211,10380.809793927863,11235.333132782824,10911.459020402977
2007-10-30,10738.019373495876,10316.701166459834,11180.779313985784,10858.477791348587
2007-10-31,10900.807329598885,10473.101954929149,11289.36027798635,10963.928757963102
2007-11-01,10816.604533022251,10392.202949307546,11213.498448584185,10890.253751361006
2007-11-02,10930.267128945625,10501.40586608006,11303.818500656505,10977.970202245066
2007-11-05,10808.48559879981,10384.40257055522,11152.176321045143,10830.699319482717
2007-11-06,10971.830252013944,10541.338213501502,11310.523432534541,10984.481855131287
2007-11-07,10930.415625893402,10501.548536583905,11290.9057219871,10965.429652389925
2007-11-08,10784.681982936117,10361.532916198561,11163.677559995276,10841.869019215257
2007-11-09,10587.932442449686,10172.503064115517,11020.563247399175,10702.880175834278
2007-11-12,10390.313354548853,10033.86892802243,10815.648447115684,10541.603905568276
2007-11-13,10526.040593007374,10071.551732070742,10885.509439031013,10541.015050092721
2007-11-14,10505.530957256236,10051.927652565413,10907.709210012237,10562.512263551802
2007-11-15,10357.552119743492,9910.338181757996,10744.576424254537,10404.542151131545
2007-11-16,10440.772123065512,9952.172289135522,10789.966699918912,10420.721858823736
2007-11-19,10219.649954761795,9816.116426470853,10565.386175160722,10258.592030436808
2007-11-20,10374.857017330954,9916.244831313483,10691.545114566747,10345.277958366203
2007-11-21,10316.717237961006,9905.02456154385,10581.004563716175,10270.705294171295
2007-11-22,10296.319568527346,9891.968766625208,10564.17848507682,10259.110887584808
2007-11-23,10465.966385732423,10016.166150103514,10758.080575905373,10419.254829389438
2007-11-26,10336.688945267653,9957.952097747942,10684.274862704466,10395.474177645201
2007-11-27,10240.569345981436,9883.705638901805,10572.230954542987,10299.869195686979
2007-11-28,10224.606480033997,9832.74778659209,10535.765789094909,10238.409717448034
2007-11-29,10241.701352903292,9849.187497371755,10641.307259569108,10340.972439373312
2007-11-30,10152.727441664218,9763.623516938,10552.729219321882,10254.894380485708
2007-12-03,10195.077025821149,9804.350050589472,10563.870080325893,10265.720807519827
2007-12-04,10100.891689054672,9713.774372843003,10524.681769042578,10227.638527115612
2007-12-05,10177.545609828514,9743.7226363704,10576.098774748927,10245.346099602966
2007-12-06,10190.94996612618,9756.555625274663,10603.619291268478,10272.005950516595
2007-12-07,10181.347722241537,9747.362681839617,10586.286863227968,10255.21556988537
2007-12-10,10266.094840133064,9828.497411431925,10662.609447473567,10329.151272214403
2007-12-11,10118.892498273757,9687.569643039893,10541.847384408697,10212.165873519403
2007-12-12,10183.289466784707,9749.221658550177,10585.09268158344,10254.058734599073
2007-12-13,10057.903711242097,9629.180533568227,10463.55248812989,10136.319540453369
2007-12-14,9980.809242231839,9555.372254869993,10407.84055936556,10082.349924224956
2007-12-17,9929.264415537711,9506.024552201647,10317.72261511185,9995.050292448786
2007-12-18,9961.050497444428,9535.951301586252,10341.010038795448,10017.238165138544
2007-12-19,9953.633660035193,9529.016609581593,10316.409607308382,9993.529748691306
2007-12-20,10109.105554516957,9617.622224895686,10407.420015953368,10037.472627413375
2007-12-21,10131.627682812143,9627.544813601988,10486.948952585768,10105.769839139626
2007-12-24,10183.010694454646,9676.37134599473,10524.943605053322,10142.383463816472
2007-12-25,10205.33454196922,9697.584506316756,10619.055809423011,10233.074882332401
2007-12-26,10319.319758979602,9805.898571856027,10707.972537945023,10318.759669905545
2007-12-27,10122.4741214181,9618.846672959226,10581.401003849587,10196.78875181121
2007-12-28,10191.975602647157,9684.890219573124,10654.027841599916,10266.775752774764
2007-12-31,10127.478152643986,9623.601736645349,10602.009949688467,10216.648604683256
2008-01-02,10174.441068661277,9668.22808817433,10627.372218997669,10241.089007453966
2008-01-03,10128.903939772492,9652.13695390144,10574.356704548743,10210.154097851997
2008-01-04,9918.25997451278,9546.549798647016,10383.90332655266,10096.709883379266
2008-01-07,9873.950154640363,9516.243562417547,10287.779418792454,10012.382527407734
2008-01-08,9809.569274730366,9513.901224376901,10273.908868373555,10042.856609523853
2008-01-09,9867.072874706411,9536.2409907109,10347.969561359123,10090.549216532134
2008-01-10,9820.136027171882,9519.876461011236,10277.04642772082,10042.869310425387
2008-01-11,9787.234500400966,9522.068072129998,10259.098781758565,10055.969258083273
2008-01-14,9989.763126020915,9641.9471252662,10413.342643618938,10158.123234486766
2008-01-15,9824.759653726387,9565.45877750163,10267.392381598049,10103.700490395291
2008-01-16,9547.620723285323,9389.931060715202,10025.041835384545,9948.176795301006
2008-01-17,9621.15828824589,9457.331719622665,10135.127976691547,10018.020028671961
2008-01-18,9891.369547166725,9632.795457124363,10368.757016784946,10175.23906720127
2008-01-21,9818.555049355959,9585.521439751292,10268.470010299625,10132.793365328724
2008-01-22,9633.857309699517,9498.743841527556,10060.774218954248,10070.724380159247
2008-01-23,9670.11662135137,9516.021763463108,10086.915062121992,10083.16714869959
2008-01-24,9871.941520820732,9655.903851312398,10238.036116543844,10212.718043534775
2008-01-25,9853.362657215976,9666.515135288026,10314.86539043355,10233.07425173833
2008-01-28,9982.92575925981,9762.719017802756,10406.334195538075,10325.10262854073
2008-01-29,10010.487417633747,9770.511671753155,10455.545439561005,10327.264735243007
2008-01-30,9991.964275852797,9754.530141006158,10454.7620218708,10311.037656493274
2008-01-31,10018.213599322911,9762.54900987266,10505.046437713785,10313.93065487146
2008-02-01,10061.218860093693,9768.16314282301,10550.141529466828,10319.861869954588
2008-02-04,9956.720791617918,9707.377254579658,10440.565400838106,10255.642839094646
2008-02-05,9673.375614950648,9532.947671576794,10143.451128988976,10071.361600513375
2008-02-06,9655.303760323299,9545.912977040822,10124.501076647433,10085.059176970095
2008-02-07,9762.45811434388,9613.104231575278,10236.862572420046,10156.045344535696
2008-02-08,9809.528816018132,9663.621883609572,10286.220664263605,10209.416196697535
2008-02-11,9960.258297565075,9766.998246048463,10444.274811091756,10318.631180660159
2008-02-12,10044.517111560834,9796.526583296307,10532.628163217525,10349.82725685091
2008-02-13,10112.286707404397,9827.79575989629,10603.691007340736,10382.862493730234
2008-02-14,10047.770676939635,9799.340398506756,10536.039834874711,10352.799994291392
2008-02-15,9923.733688109836,9709.32087905687,10405.975296448489,10257.696238064198
2008-02-18,9943.29520563811,9722.080125830482,10426.487401524842,10271.176117786015
2008-02-19,10037.46072074379,9804.568975824348,10525.228868674561,10358.32387784094
2008-02-20,10054.442109508722,9812.810894702714,10543.03546421017,10367.031294283981
2008-02-21,10031.5270845254,9820.312278402327,10519.00688873765,10374.95635066169
2008-02-22,10325.123842435842,10000.126261355856,10826.87091511655,10564.9260961742
2008-02-25,10007.240764711289,9775.245443899681,10493.540380670218,10327.344174228587
2008-02-26,9783.491413220594,9627.952391204713,10258.917979728702,10171.732117387293
2008-02-27,9837.427115200831,9673.699736172663,10315.474675025294,10220.063239020255
2008-02-28,9677.826031533972,9585.42216751213,10148.117812565992,10126.799817692014
2008-02-29,9620.819610950964,9580.863025023833,10088.341177786231,10121.98317816248
2008-03-03,10202.55451854184,9974.265918964911,10592.86793553358,10490.700930128409
2008-03-04,10078.85505477506,9885.289075747767,10456.180958883933,10378.858780313776
2008-03-05,10272.500920939015,10020.596584078383,10605.31281787201,10486.745285795045
2008-03-06,10108.090276568282,9914.85210898848,10479.102009524002,10401.968717156675
2008-03-07,10033.908777944658,9878.45741428719,10404.233864490967,10354.360470974003
2008-03-10,9917.736993436074,9816.120017299005,10272.13138810215,10305.382335379234
2008-03-11,10167.943353969913,9950.990910096556,10500.02405346295,10411.457748314504
2008-03-12,10078.604784329176,9903.847254911167,10451.328673871847,10374.778493984768
2008-03-13,10176.3807723057,9975.940694275683,10498.822852666357,10404.335369581999
2008-03-14,10056.907204214682,9919.171434806649,10413.938076326023,10364.011098869012
2008-03-17,9884.613913099376,9826.584405286216,10266.499830002305,10291.516464020096
2008-03-18,10218.47174287721,10017.13449074113,10555.079263241787,10446.671542650447
2008-03-19,9639.022947750995,9622.834552511775,10052.77817436527,10089.81837703105
2008-03-20,9674.849705848033,9610.64291481689,10041.12888919071,10061.949421611169
2008-03-21,9118.768246908296,9242.38221855065,9607.530940300901,9734.228638231247
2008-03-24,9765.243820690486,9663.05665492763,10155.318839477137,10103.175623293866
2008-03-25,9929.156907554076,9781.127642225434,10316.901110548411,10212.783334272686
2008-03-26,9975.847104670116,9816.221992033246,10348.648463978361,10246.012213683147
2008-03-27,9911.14415779846,9785.9705982746,10315.29425633812,10224.900097755433
2008-03-28,9870.034989848913,9743.018333978891,10266.42698131895,10179.280825369871
2008-03-31,9872.34353933752,9722.9699222908,10261.920410388522,10151.336607698699
2008-04-01,9944.0185658227,9705.256882656848,10336.423836477034,10132.843181399236
2008-04-02,9982.824362023777,9744.475003021957,10376.760965193273,10173.789141751819
2008-04-03,10088.188171567936,9819.312412110527,10486.28258215982,10251.92367642362
2008-04-04,10127.50548303498,9846.650185129274,10527.151411269908,10280.46587476797
2008-04-07,10182.326090515506,9896.60824995817,10584.135318745644,10332.624951305344
2008-04-08,10144.925401082037,9866.535285039425,10545.258744330398,10301.227056205227
2008-04-09,10188.140965117713,9916.413115229576,10590.179656660594,10353.302363191528
2008-04-10,10166.47088542434,9890.614631118231,10567.65444446411,10326.367270490868
2008-04-11,10033.034827335858,9823.844658174292,10428.952807661886,10256.655600491054
2008-04-14,10022.142149463612,9818.240950710653,10417.630289058721,10250.805009450547
2008-04-15,10066.673947393916,9847.752555668294,10463.919375765578,10281.616812649858
2008-04-16,10245.930022658196,9957.216366292587,10650.249153503855,10395.90329063855
2008-04-17,10238.242913027048,9949.366265784513,10642.258699473721,10387.707336799482
2008-04-18,10226.798022107749,9897.167749337186,10630.362176702663,10333.209100652057
2008-04-21,10222.641638080437,9899.31997744497,10626.041775785363,10335.456149871921
2008-04-22,10235.641614359716,9917.904313351468,10639.55474982069,10354.859259305069
2008-04-23,10181.306363279307,9868.450174037995,10583.07535160649,10303.226309822818
2008-04-24,10126.203897294161,9807.016950158546,10525.798463084267,10239.086511028761
2008-04-25,10215.43353502312,9856.842422523274,10618.549230617202,10291.107153451234
2008-04-28,10192.128546386266,9854.059582753303,10594.324593619565,10288.201709594467
2008-04-29,10049.073051036255,9749.354182074152,10445.623922730125,10178.883283698564
2008-04-30,10040.371794529965,9730.659431877611,10436.579302130962,10159.364895432562
2008-05-01,9975.077845565584,9675.504938033419,10368.70876005728,10101.780449844999
2008-05-02,10032.056576619852,9717.213795980504,10427.935953766046,10145.326882666197
2008-05-05,10107.048575455306,9774.61629789095,10505.887244703092,10205.25837722745
2008-05-06,10196.957422778003,9829.000456769594,10599.344024416936,10262.03854905931
2008-05-07,10109.675503733759,9776.162731793655,10508.617835348548,10206.872942654823
2008-05-08,10255.932326089422,9867.596714306019,10660.646162210323,10302.335249057469
2008-05-09,10297.150789712166,9907.742189422059,10703.491165673755,10344.249420800881
2008-05-12,10250.68939254501,9872.946376568372,10655.196334969676,10307.920602380238
2008-05-13,10353.85132149194,9915.577373817223,10762.429181964646,10352.429801365091
2008-05-14,10364.018545132823,9924.399691074088,10772.99761886938,10361.640805086188
2008-05-15,10546.909739370343,10041.277736397858,10963.105962602349,10483.668168084747
2008-05-16,10655.771004004808,10122.270568232343,11076.263049265897,10568.229316101637
2008-05-19,10612.711725613815,10101.562903662394,11031.50458983664,10546.609330121124
2008-05-20,10675.28219839524,10155.618560121946,11096.544183441223,10603.046526642014
2008-05-21,10459.933698244073,10050.980689013875,10872.697721834385,10493.798605480004
2008-05-22,10421.61184389645,10017.573316338237,10832.863632012975,10458.91939800331
2008-05-23,10444.507302175003,10050.266818960563,10856.662577995527,10493.05328432163
2008-05-26,10450.109153101437,10053.860420513472,10862.48548601416,10496.805209843264
2008-05-27,10441.706327121607,10020.653925865383,10853.751072439129,10462.135730514558
2008-05-28,10485.929749553045,10029.951203476458,10899.719614706535,10471.842620006095
2008-05-29,10478.479943903438,10007.353394735448,10891.975829014264,10448.24921542295
2008-05-30,10582.159558873118,10080.626560548331,10999.746790666797,10524.750590663556
2008-06-02,10536.575127023156,10067.05209120241,10952.363531592277,10510.57806840928
2008-06-03,10439.940189289953,10001.317567541237,10851.91524026919,10441.947466672927
2008-06-04,10490.000587182689,10029.37493880118,10903.951093442314,10471.24096673137
2008-06-05,10704.348641668957,10122.568561062912,11126.75763035982,10568.540437657499
2008-06-06,10724.106834677934,10188.37914134452,11147.29551007433,10637.25044685489
2008-06-09,10764.90652174191,10206.379978932742,11189.705211453844,10656.044350676359
2008-06-10,10637.144235839769,10099.95471434102,11056.901242046491,10544.930288505175
2008-06-11,10556.460631909513,10077.594871068917,10973.033747093903,10521.58533347964
2008-06-12,10462.549641608563,10010.958584049913,10875.416894085383,10452.013239230295
2008-06-13,10680.776657305287,10131.648992309352,11102.25546160009,10578.020927143978
2008-06-16,10782.837843593523,10201.837031254885,11208.344129048344,10651.30125351184
2008-06-17,10777.102680423635,10195.755748960204,11202.382648093448,10644.95204703757
2008-06-18,10769.91772516757,10203.724909958559,11194.91416417206,10653.272306836972
2008-06-19,10908.297886275403,10300.459504403618,11338.755005407676,10754.26875521328
2008-06-20,10740.07501134586,10216.264413334384,11163.89381395348,10666.364265433855
2008-06-23,10754.97806352614,10196.159793969946,11179.384962001208,10645.373893133083
2008-06-24,10752.050087280439,10207.007086746313,11176.341443602849,10656.699087094932
2008-06-25,10727.832919172444,10173.983729974985,11151.168631220562,10622.220814182318
2008-06-26,10715.166433587076,10234.353041047458,11138.00230790144,10685.249827165948
2008-06-27,10775.766160247857,10290.248612481637,11200.993386909817,10743.608000136035
2008-06-30,10747.17729372868,10268.820534785826,11171.276362611176,10721.235861655241
2008-07-01,10893.944091743475,10366.045442332728,11323.834789504863,10822.744224948467
2008-07-02,10701.054339527112,10273.387825367872,11123.33333031874,10726.004374203783
2008-07-03,10653.436590894287,10226.605828479189,11073.836516857493,10677.161294219695
2008-07-04,10680.63462037218,10244.01138735894,11102.107819685381,10695.333693028457
2008-07-07,10699.664790530154,10253.328641025975,11121.888947720394,10705.061438664754
2008-07-08,10784.113287066697,10295.181370004007,11209.669903354878,10748.758081069534
2008-07-09,10694.707426259156,10260.072577643181,11116.735958727295,10712.102494145678
2008-07-10,10857.712678958309,10361.345699434083,11286.173633075714,10817.837424607102
2008-07-11,10820.472327752253,10368.971240429288,11247.463724064879,10825.798925473278
2008-07-14,10865.971670065255,10407.83766420712,11294.758535846964,10866.377694476945
2008-07-15,10724.593629185569,10343.455699977509,11147.801514193183,10799.15924213336
2008-07-16,10663.806855569805,10288.91060443433,11084.616007088034,10742.211043220548
2008-07-17,10668.587395337756,10304.0943836027,11089.58519382895,10758.063776957975
2008-07-18,10627.115310807956,10263.509672253596,11046.4765612128,10715.69101746949
2008-07-21,10715.133097994678,10312.827827637633,11137.967656838639,10767.181991953157
2008-07-22,10560.619151635537,10208.124090606265,10977.35636798767,10657.865303000675
2008-07-23,10378.720491173652,10078.861166530398,10788.27972484024,10522.907418354625
2008-07-24,10447.785511541848,10122.149647270335,10860.070150217582,10568.10306770242
2008-07-25,10514.104505825979,10161.57600652669,10929.006187373197,10609.266441365618
2008-07-28,10469.450437961897,10136.056029526571,10882.59000578517,10582.622126015533
2008-07-29,10499.611528895535,10136.82293303117,10913.941296734298,10583.422817129771
2008-07-30,10615.723728033088,10165.974564299511,11034.63545020221,10613.85878721233
2008-07-31,10593.56728282523,10181.10289928896,11011.604679808715,10629.653634056383
2008-08-01,10555.80440150057,10154.768467177204,10972.351620889476,10602.158980995064
2008-08-04,10457.216493909289,10092.43347862156,10869.873292709624,10537.077688311574
2008-08-05,10532.595729940766,10092.647819077327,10948.22710177924,10537.30147200447
2008-08-06,10564.832609157664,10102.92375232153,10981.736094601962,10548.0301339415
2008-08-07,10483.43835872264,10055.52538328329,10897.129910011723,10498.543526185982
2008-08-08,10509.879763069512,10045.859505709323,10924.614730193001,10488.451797254764
2008-08-11,10403.543106183224,9931.271191222477,10814.081875929392,10368.815044188395
2008-08-12,10329.708622708384,9871.911902773056,10737.333777573427,10306.840552581452
2008-08-13,10429.306930287305,9950.285029277255,10840.862377577238,10388.66657842546
2008-08-14,10372.594144880202,9892.837480290736,10781.911624113265,10328.688052140766
2008-08-15,10262.71237361688,9799.676582541353,10667.693760161947,10231.422747476881
2008-08-18,10230.33252943559,9809.83843632652,10634.036160771771,10242.032303935031
2008-08-19,10267.165471426324,9848.474269093687,10672.322583613855,10282.3703227372
2008-08-20,10301.079077247019,9863.28254754648,10707.57446908305,10297.831012254526
2008-08-21,10429.567077821717,9966.243163209927,10841.13279090741,10405.327782818358
2008-08-22,10459.868662321465,9970.670946172633,10872.630119500775,10409.950641434552
2008-08-25,10325.432281551963,9892.85872809742,10732.888685846217,10328.710236066001
2008-08-26,10520.56717880517,10018.838573920033,10935.72388672053,10460.240399272556
2008-08-27,10557.401206102299,10043.37563634778,10974.011437696758,10485.858495601036
2008-08-28,10585.988345981705,10060.417267953108,11003.726667219937,10503.65093352409
2008-08-29,10502.472214837648,10025.25425569999,10916.914869456932,10466.938737932114
2008-09-01,10512.193826484416,10031.440838981867,10927.02010987754,10473.397884658661
2008-09-02,10432.831870488892,9955.2722528924,10844.526416987526,10393.873525074458
2008-09-03,10375.656538921412,9923.726655966526,10785.094864626612,10360.938117946314
2008-09-04,10270.110136132302,9877.07060322658,10675.383449023126,10312.226530855634
2008-09-05,10253.832738510016,9865.380247626981,10658.463721886143,10300.021131095713
2008-09-08,10289.49162732266,9875.728174095966,10695.52976172361,10310.824958076353
2008-09-09,10135.30059922206,9779.72648897162,10535.254133949973,10210.59370894235
2008-09-10,10099.748918392164,9716.413297646,10498.299532676403,10144.491116628398
2008-09-11,10133.161900227758,9700.936294532297,10533.03103881822,10128.332240324009
2008-09-12,10196.324668911448,9770.54872264127,10598.686301173007,10201.011596062148
2008-09-15,10056.640364428386,9740.69501745639,10453.489853189409,10169.84262066257
2008-09-16,10011.404377852747,9693.80179983266,10406.468789540748,10120.883419870925
2008-09-17,9985.612125629648,9817.246369089788,10379.658737959435,10249.766609363116
2008-09-18,10324.833943490297,10071.470233168186,10732.266736504316,10515.19086127334
2008-09-19,10326.786693915641,10006.366922807532,10734.296545269217,10447.219282318714
2008-09-22,10199.45819342619,10007.022378705173,10601.943479070656,10447.90361575815
2008-09-23,10118.127006720084,9936.568200375214,10517.402846794754,10374.345424653744
2008-09-24,10178.402122972286,9972.056218702364,10580.056505801085,10411.396945172508
2008-09-25,10286.245975421067,10008.764078513721,10692.15603173121,10449.722049957518
2008-09-26,10334.803116915999,10039.62758648925,10742.629307847614,10481.945317216188
2008-09-29,9883.476374913422,9830.886926805162,10273.492563663649,10264.00813165437
2008-09-30,10217.685743241696,9975.535485867522,10620.890314210435,10415.029499055108
2008-10-01,10275.493807343753,10010.420424868518,10680.979567641518,10451.451370270226
2008-10-02,10085.93271613855,9859.976611994389,10483.938123216181,10294.37942648794
2008-10-03,9926.325784529923,9772.40670584851,10318.032872594811,10202.951436779429
2008-10-06,9801.720182385843,9766.471167161937,10188.510154225458,10196.754394966381
2008-10-07,9378.696163953038,9586.929610435196,9748.792999778514,10009.302742645117
2008-10-08,9375.399638007386,9621.185915178992,9745.366388179124,10045.068283747216
2008-10-09,8931.596468233722,9366.6794894723,9284.050107202025,9779.349021338743
2008-10-10,8941.062531047399,9331.469807576928,9293.889714465144,9742.588099971448
2008-10-13,9336.451624112018,9501.878234109925,9704.881429653886,9920.50424209165
2008-10-14,9380.778882413095,9507.516892130994,9750.95790530365,9926.391323512764
2008-10-15,8981.28986599847,9303.709552118184,9335.70447789442,9713.604805800049
2008-10-16,9146.734075903552,9343.898656084759,9507.677354206979,9755.564528558338
2008-10-17,9001.623286389797,9243.235355849783,9356.840284290878,9650.466286673998
2008-10-20,9136.088135057147,9311.064740406147,9496.611309227465,9721.284042979723
2008-10-21,8926.85998144763,9170.316508164464,9279.126711836976,9574.334839820278
2008-10-22,8573.812517845634,8933.946784145435,8912.147487690532,9327.55133112249
2008-10-23,8594.951345448548,8918.053630789842,8934.120483825205,9310.957970167983
2008-10-24,8426.159385321864,8853.647075815727,8758.667750253726,9243.713843680913
2008-10-27,8399.679846526797,8870.960218484772,8731.143290784095,9261.789754680869
2008-10-28,8961.749023290085,9167.301444568478,9315.392525435882,9571.186941009415
2008-10-29,8890.292097914622,9155.863440543655,9241.115807040476,9559.24501072431
2008-10-30,8969.452082534091,9172.791488310213,9323.399558473531,9576.918860624386
2008-10-31,9100.558797510823,9210.695817226397,9459.679932935562,9616.49314757502
2008-11-03,9124.33797336355,9241.905741583747,9484.39746925842,9649.07809334616
2008-11-04,9343.70250665041,9398.441664486041,9712.418442442953,9812.51054837566
2008-11-05,9007.957231839331,9205.4001373831,9363.424176335138,9610.964154984733
2008-11-06,8772.267675773874,9072.307313776124,9118.433971500164,9472.00763621509
2008-11-07,8893.1966752333,9131.805270945986,9244.135003156505,9534.126905895955
2008-11-10,8884.903941183931,9148.109063361622,9235.51502589781,9551.148997511576
2008-11-11,8782.178843268754,9070.19530417593,9128.736247915205,9469.802577417047
2008-11-12,8471.705668916475,8883.289023020685,8806.011355687886,9274.661731640055
2008-11-13,8786.655563518647,9029.138086830602,9133.389625983029,9426.936494648206
2008-11-14,8799.685482293891,9120.378927302947,9146.933724088265,9522.19714971623
2008-11-17,8570.534188350555,8984.202948982178,8908.739790599819,9380.02164111493
2008-11-18,8703.217856578922,9040.68863253624,9046.659347156221,9438.995924883788
2008-11-19,8421.020019574316,8900.227210657053,8753.32557774412,9292.346168144064
2008-11-20,8233.674894713846,8839.01532025267,8558.587544881717,9228.43745415495
2008-11-21,8591.846538648819,9095.764028959653,8930.8931568849,9496.497788240862
2008-11-24,9007.4843442841,9367.63741141593,9362.932627957034,9780.349146626739
2008-11-25,9004.645173512956,9365.128147782516,9359.981419424948,9777.72933190101
2008-11-26,9098.187936197319,9390.910447661941,9457.215514025673,9804.647527338047
2008-11-27,9175.25030680045,9443.938283262723,9537.318876577243,9860.011620106363
2008-11-28,9246.526193143865,9498.054306121518,9611.407411880089,9916.51184260012
2008-12-01,8690.455512550117,9149.423257330198,9143.564019313826,9622.232616145027
2008-12-02,8889.165746142735,9259.701148431428,9296.760082020355,9706.997579325813
2008-12-03,8972.388489701161,9275.840147462892,9366.736003188142,9701.727914524203
2008-12-04,8919.44582419599,9256.056848012662,9334.21867857648,9692.002670806623
2008-12-05,8986.579141525228,9250.379886240957,9358.88580110073,9662.39061292917
2008-12-08,9324.942837480035,9462.37719589145,9687.974283945918,9841.119320329613
2008-12-09,9132.580549160633,9365.955084989831,9604.926922403558,9771.656469268997
2008-12-10,9275.76814772137,9502.493008406298,9749.177293925773,9910.882180717213
2008-12-11,9085.50574184838,9421.117675522575,9627.28622107545,9861.534709383484
2008-12-12,9121.50029688844,9428.614811264428,9629.585591106597,9860.01590566714
2008-12-15,9092.314575129849,9441.737007810914,9662.514701652164,9887.319896466839
2008-12-16,9347.998305214021,9576.97148259888,9899.44684101271,9988.009462020611
2008-12-17,9279.057696388654,9572.852830881848,9879.657635195594,10004.523602933028
2008-12-18,9138.991014046114,9486.654449964339,9770.532503170349,9932.717917056238
2008-12-19,9069.919418751333,9412.641580473577,9712.960160070294,9854.498217720664
2008-12-22,9037.378477372695,9412.92423278028,9656.938616873715,9865.489667752303
2008-12-23,8986.445268933998,9375.455048384283,9646.982367932222,9831.117888227845
2008-12-24,8952.444137089531,9357.347341248978,9613.988448143922,9817.592895578093
2008-12-25,9059.355166131481,9431.844958364232,9723.481785588352,9884.030440576395
2008-12-26,9216.693324392065,9563.595361823734,9888.331493751293,10012.019121816196
2008-12-29,9268.669963873013,9603.175061307162,9928.266489955164,10048.946779294778
2008-12-30,9235.986164878359,9554.621774902947,9896.20492810759,9993.528139611715
2008-12-31,9294.706535400472,9602.153748819877,9950.91084802732,10039.097200313166
2009-01-02,9535.461042959816,9733.25360858568,10135.528438269466,10139.271594615644
2009-01-05,9441.975763932534,9650.68919989511,10157.751555926869,10057.281992480872
2009-01-06,9520.238113051579,9712.793562851015,10187.443631478563,10116.410391658246
2009-01-07,9317.691743913932,9577.378002597567,9977.206232471524,9997.623823334789
2009-01-08,9297.35554240732,9580.517396955447,9986.604066677644,10008.430168960746
2009-01-09,9223.713479619257,9544.15923366028,9908.053673676794,9982.835736141196
2009-01-12,9019.27630905073,9380.027570560162,9717.277663082654,9826.036208777714
2009-01-13,9066.477453153037,9404.229046528353,9699.415284946743,9843.56713924352
2009-01-14,8835.098503121379,9259.754640903595,9515.538543419143,9722.33930994078
2009-01-15,8747.626701595504,9208.413751163112,9380.281802464891,9681.138676665372
2009-01-16,8871.53379227559,9330.864806107405,9539.862053002413,9807.358081756875
2009-01-19,8926.747883381111,9369.58003705926,9608.173004663828,9841.946517008568
2009-01-20,8692.958654924276,9272.506954214476,9439.128682506873,9786.716813590152
2009-01-21,8900.96681125218,9375.307264302162,9580.153500631917,9857.51429302292
2009-01-22,8855.035545295688,9359.515791217831,9556.310120236061,9851.189688033111
2009-01-23,8923.957668868661,9451.687403862106,9622.128470294872,9954.30465746675
2009-01-26,9001.735486038287,9524.608368612375,9715.332018269799,10028.115615334538
2009-01-27,9028.41386206279,9524.097375240503,9744.185831509098,10018.500131629089
2009-01-28,9186.386400183259,9581.675775496507,9860.362058560055,10044.648767474573
2009-01-29,9098.844704426087,9566.539175336435,9757.470837686531,10052.736547322922
2009-01-30,9185.730074446401,9665.348413430132,9861.90562739426,10158.918594322062
2009-02-02,9087.770508426338,9569.72785792468,9722.676058336561,10060.765419516109
2009-02-03,9107.878811629762,9557.042616739596,9739.199430448729,10036.750068708581
2009-02-04,9172.098433781912,9606.164324406618,9854.732878509743,10082.582869496875
2009-02-05,9391.516668237875,9737.138904717707,10037.078384871244,10188.934477050512
2009-02-06,9503.704793478844,9790.054915961819,10181.236709407256,10224.402982451273
2009-02-09,9540.339670258962,9786.233170820971,10194.550689503816,10207.39038314983
2009-02-10,9326.17869683834,9712.46412057462,10057.991104038161,10176.103972447509
2009-02-11,9504.106676577516,9853.106537988277,10217.45884107993,10309.424097927655
2009-02-12,9529.69558060673,9874.667191482798,10224.639092155403,10330.423877547813
2009-02-13,9500.698013468344,9851.15402180065,10203.86774932638,10307.876180386213
2009-02-16,9505.586992331906,9854.533568842073,10220.831996228488,10310.88197640929
2009-02-17,9293.18418506706,9788.806922091653,10049.24582435451,10290.599673689325
2009-02-18,9379.900914551255,9850.724879784615,10134.679365893058,10346.41211043655
2009-02-19,9387.11097349945,9863.776551778934,10139.345394446831,10361.847173601707
2009-02-20,9395.704658193119,9902.053918323067,10106.751398539109,10411.274596513924
2009-02-23,9209.673106191052,9803.513893413976,9963.516748332462,10338.42666014903
2009-02-24,9464.885810777841,9901.646285525729,10098.92918967634,10387.011928998407
2009-02-25,9397.218992489941,9865.20987510344,10024.392121324398,10359.60050926939
2009-02-26,9333.795936702554,9806.07935881684,9940.259860382519,10299.854036712632
2009-02-27,9254.202357578568,9765.399191883887,9852.392267489926,10270.656371815008
2009-03-02,8997.016035119696,9629.678510491483,9576.573330905368,10170.721194729504
2009-03-03,8917.11618355252,9542.86929825785,9480.218633993023,10078.62559446839
2009-03-04,9094.797399404066,9623.167754298052,9636.223060024973,10128.626556582823
2009-03-05,9034.235812101526,9633.661980897485,9583.84847616623,10163.219359804396
2009-03-06,8995.143727060942,9639.374710758955,9599.01698152385,10184.247336689608
2009-03-09,8788.421252916407,9487.494307618406,9363.541112311108,10045.857098677678
2009-03-10,9198.418210948877,9674.527693692178,9689.03549158237,10162.712462114472
2009-03-11,9305.4595769656,9739.925268466912,9785.992391767322,10216.540492865292
2009-03-12,9569.582483275102,9902.366180729818,10012.86742750722,10351.05245240508
2009-03-13,9590.765284966783,9918.361195055373,10072.697202917903,10365.914357835774
2009-03-16,9486.383902281828,9859.88491044426,9983.666501185142,10320.31024384709
2009-03-17,9668.258134959942,9940.552980226934,10106.572308930216,10370.717045944795
2009-03-18,9706.214042301019,9922.495017720616,10130.783986713071,10334.011738604513
2009-03-19,9751.86130864452,10036.605903675732,10219.724557019776,10473.928264435048
2009-03-20,9641.326626023249,9974.690514395623,10141.72286646344,10425.546822999762
2009-03-23,10088.466976345337,10197.873455964498,10524.097509089097,10583.745735300165
2009-03-24,9989.36393255576,10110.870572863549,10411.148574439118,10497.55282010994
2009-03-25,10002.4225300775,10132.279033254861,10409.89452543459,10522.331314885269
2009-03-26,10123.125281210981,10195.004893097754,10505.375174729392,10568.921034341653
2009-03-27,9914.765263886738,10067.765053721498,10345.3455117014,10462.703226076226
2009-03-30,9710.721711877317,9958.222608876793,10128.97966616644,10379.30777523769
2009-03-31,9848.98156875243,10041.420891713055,10245.343423407528,10447.705286168968
2009-04-01,9920.00976363392,10074.72868333986,10319.23007292816,10482.360739257005
2009-04-02,9996.269146334576,10074.579982434841,10398.55843389333,10482.206021787417
2009-04-03,10123.026900582588,10122.037403817316,10530.417420001197,10531.583610635906
2009-04-06,9931.899980930879,9979.94883684137,10331.598799454443,10383.74601988977
2009-04-07,9921.139729959972,10009.29121728318,10320.405513554833,10414.275617897525
2009-04-08,9950.486761721742,10027.668504824254,10350.93358559539,10433.396466058246
2009-04-09,10189.17425281851,10139.190845097288,10599.226802522151,10549.431094679192
2009-04-10,10176.947013480609,10131.079339684482,10586.507490859058,10540.99139088686
2009-04-13,10156.412107565822,10120.500340221153,10565.146179357387,10529.984356144732
2009-04-14,10063.381270432183,10087.08553093624,10468.371414499956,10495.217555373498
2009-04-15,10095.649014821827,10111.057191239845,10501.937740161433,10520.159129357206
2009-04-16,10171.83468591084,10130.80838312655,10581.189423069049,10540.70947119709
2009-04-17,10157.013392681261,10104.515291501953,10565.77166255685,10513.352538814868
2009-04-20,10000.930258694361,10063.752582208012,10403.407127794084,10470.940535776499
2009-04-21,10174.898496082786,10142.943876780333,10584.376533043469,10553.33597720298
2009-04-22,10172.869524757198,10162.220109848022,10582.265907911136,10573.39214298774
2009-04-23,10165.566537838531,10167.42516120212,10574.669020001855,10578.80779512835
2009-04-24,10309.941028862555,10254.336822291829,10724.853709839606,10669.23597564074
2009-04-27,10356.20772679535,10288.284296266535,10772.982362135235,10704.55699316629
2009-04-28,10163.41165606603,10148.901658968849,10572.42741728974,10559.534816305148
2009-04-29,10383.313240549995,10271.892377624075,10801.178708645348,10687.50184361145
2009-04-30,10340.038547877115,10223.718039100946,10756.162471699316,10637.378330547563
2009-05-01,10217.98592279868,10141.648002747343,10653.570156561964,10564.039190043923
2009-05-04,10764.04057374243,10451.513521430948,11139.939545878135,10814.277320154608
2009-05-05,10868.969890465954,10515.262453978256,11224.145787401785,10868.401700859176
2009-05-06,11075.25391806378,10621.952383763168,11484.98852301323,11053.776941692679
2009-05-07,10809.75457832059,10485.589112115393,11330.304821850077,10991.05519841775
2009-05-08,10888.833704018465,10503.271870668728,11374.92407886404,10991.029288284077
2009-05-11,10772.601742933588,10459.202243560501,11331.60696229189,10999.018766390167
2009-05-12,10639.455765626084,10398.671862045636,11319.296642597308,11037.67273765133
2009-05-13,10374.90621205177,10276.86909207708,11223.263129520972,11045.643070720547
2009-05-14,10505.508713932528,10347.559598225258,11211.94201145553,10990.353979317013
2009-05-15,10404.435621059123,10302.090787949242,11162.660707744357,10982.25774435036
2009-05-18,10621.86004436132,10383.71370840122,11351.727457828967,11068.527690980507
2009-05-19,10602.234483372906,10386.8780416244,11450.783393116024,11181.789117442655
2009-05-20,10631.121248764599,10421.323060585168,11530.660598997505,11264.420604757674
2009-05-21,10516.093290771712,10377.390579560122,11409.417575793666,11198.052529461733
2009-05-22,10465.693255459517,10365.451030187938,11468.301480201357,11284.394858786442
2009-05-25,10474.802386733629,10371.4656184778,11446.12845921788,11260.285673180213
2009-05-26,10727.483607566508,10493.8186697501,11562.075825822205,11277.196982765478
2009-05-27,10678.00276303485,10476.209661187751,11602.139326405704,11339.438363668429
2009-05-28,10846.5839273381,10563.198713487209,11727.558723064321,11402.611157757097
2009-05-29,10974.444266673088,10653.354999437248,11884.52413589273,11529.26142277479
2009-06-01,10986.821579731673,10647.22136575581,11984.212598974733,11612.221219431156
2009-06-02,10876.701556799619,10603.591309483598,11860.978345067062,11540.974923597218
2009-06-03,10667.423213322278,10474.585814016651,11763.496948179474,11503.278325353504
2009-06-04,11018.083595990518,10675.686708969468,12119.807653787273,11741.60694546248
2009-06-05,10949.277240877227,10615.496611171937,12038.799363691158,11668.113922049044
2009-06-08,10935.615344340373,10591.257547033856,11945.031104515621,11568.774244012428
2009-06-09,10905.517057400664,10564.736085105053,11937.05654521348,11563.061058323427
2009-06-10,10906.008227204904,10575.22337964576,11998.551828699598,11630.29991774289
2009-06-11,10945.561644370211,10595.657078346772,12049.042962221341,11665.445877621598
2009-06-12,10951.85138327747,10577.197214728909,12028.926886303803,11627.051272463385
2009-06-15,10652.865725959184,10401.790261133017,11691.003791684294,11387.638872942674
2009-06-16,10540.677843702824,10358.809693348023,11535.48432053151,11287.165188365962
2009-06-17,10258.521761856851,10213.302519760851,11283.976231123184,11141.584739019148
2009-06-18,10451.730482937623,10323.143151206365,11362.80569130342,11156.408039576938
2009-06-19,10530.522619709545,10362.478239912005,11536.076174267655,11297.415155161356
2009-06-22,10068.267836275749,10110.028904288578,11116.9103360589,11041.405978390821
2009-06-23,10179.848946525723,10168.983930173288,11120.106875712472,11003.99504193608
2009-06-24,10271.242890389534,10234.73854133347,11258.804415222974,11121.896976155409
2009-06-25,10390.263484688085,10297.678882541148,11398.70964648085,11217.76377793849
2009-06-26,10436.61435370084,10325.739676236182,11460.823844557046,11265.259915818322
2009-06-29,10382.171949542077,10287.480772583933,11421.774461237497,11238.794363699846
2009-06-30,10259.013237265955,10212.97034739134,11313.840920550034,11168.933801330624
2009-07-01,10295.374909883147,10253.442909971027,11356.782161250994,11214.596957140548
2009-07-02,10136.471642117967,10168.412196173316,11168.24252386832,11084.480440844922
2009-07-03,10072.178267034893,10125.414884918813,11107.188972460686,11040.289615240621
2009-07-06,9977.487799505856,10061.112531101606,11022.123064333102,10979.311728265746
2009-07-07,9917.38472711386,10046.811355186403,10986.16442570599,10978.864874227227
2009-07-08,9793.956563388376,9944.619032065099,10824.828880894007,10835.112826966733
2009-07-09,9936.18396052483,10036.14624202304,10999.78590159091,10969.89927586032
2009-07-10,9912.476152235791,10017.827034665172,10900.360141849475,10875.04911455341
2009-07-13,10217.368940344999,10188.500663346627,11120.224040885238,10989.947106638223
2009-07-14,10206.235799419217,10182.548099692578,11174.88966496315,11047.860218416734
2009-07-15,10538.348026236312,10373.873538659062,11508.843083212869,11271.677280346388
2009-07-16,10558.231579312253,10371.327275977786,11492.293015524754,11238.64459531323
2009-07-17,10633.469907165316,10421.730957266649,11649.955065049551,11374.999109321578
2009-07-20,10702.812767185756,10471.074716518162,11776.925237459332,11484.747679998945
2009-07-21,10652.377533027297,10435.272898403946,11725.097214397276,11444.60207787513
2009-07-22,10714.789421355572,10486.31218457812,11752.397983835564,11463.495454643553
2009-07-23,10891.029162307104,10576.974625087243,11951.311972435697,11594.909064499785
2009-07-24,10750.070723961813,10493.421886882159,11847.049244653275,11534.687788534115
2009-07-27,10727.900267402532,10471.780731202807,11848.168382200514,11535.77741869714
2009-07-28,10666.367815291262,10411.717314289772,11788.823937923968,11477.997660836929
2009-07-29,10591.590989794493,10338.725722192581,11703.194759380453,11394.626196796307
2009-07-30,10769.838284693737,10512.717513837644,11886.474747518396,11573.073791416675
2009-07-31,10876.035667962382,10616.379524491853,11972.700197919006,11657.025805902109
2009-08-03,10992.013103666439,10729.588097109772,12100.371999465078,11781.331389496963
2009-08-04,10992.044319893357,10729.618568075703,12100.406363321326,11781.364847309522
2009-08-05,10969.127774525019,10707.249135825938,12075.179071351758,11756.802702710478
2009-08-06,10893.740068311678,10633.661247272086,11992.189788063553,11676.0015299665
2009-08-07,10882.995041540262,10623.172748917656,11980.36130679701,11664.484920589386
2009-08-10,10852.854941625324,10593.75221837033,11947.182086791334,11632.1805099358
2009-08-11,10809.861291651776,10551.785005389696,11899.853253265726,11586.099557047064
2009-08-12,10908.316562590957,10647.889740091512,12008.236075632887,11691.62473819794
2009-08-13,10995.050580806312,10732.553057054585,12103.71575487964,11784.586982847823
2009-08-14,10930.68044992639,10669.719708551007,12032.854983339852,11715.59453930455
2009-08-17,10736.62005482757,10480.292341085606,11819.226874556425,11507.5989881099
2009-08-18,10833.466058533482,10574.826228446876,11925.838162266065,11611.399343208386
2009-08-19,10892.913943724501,10632.85484571,11991.280362762793,11675.116082738703
2009-08-20,10915.37012518162,10654.774904847163,12016.000870895012,11699.18480545527
2009-08-21,11050.034730994259,10786.224507208655,12164.244128078784,11843.519453945222
2009-08-24,11034.630972211358,10771.188500125238,12147.287160350921,11827.009576714026
2009-08-25,11082.512066934198,10817.926474249685,12199.996254892916,11878.328933678176
2009-08-26,11036.624311804313,10773.134250423052,12149.48149457965,11829.146054727193
2009-08-27,10989.08060811526,10726.72561240711,12097.14381125957,11778.188316289097
2009-08-28,11125.503582825057,10859.891604097049,12247.322739149633,11924.407599239277
2009-08-31,11079.71397239528,10815.195181848905,12196.916019772083,11875.329912597037
2009-09-01,10760.049054971943,10503.161993687496,11951.918698884156,11636.792235652294
2009-09-02,10835.0204177175,10576.343478621362,12057.744114185476,11739.82743879738
2009-09-03,11085.849295181308,10821.184028997832,12363.215462117014,12037.244673584613
2009-09-04,11125.216646242265,10859.61151788224,12408.666416668186,12081.497259997657
2009-09-07,11140.899143694636,10874.919608985387,12470.082144164528,12141.29368924739
2009-09-08,11118.15026125084,10852.71383684979,12469.839651746222,12141.05759042831
2009-09-09,11205.29106766458,10937.774230287418,12526.652332534388,12196.372337736962
2009-09-10,11226.760547421156,10958.731144391753,12587.353344478977,12255.472895755232
2009-09-11,11188.49381185393,10921.377994737994,12625.902823011453,12293.005971722108
2009-09-14,11258.840621945901,10990.045334297538,12635.032978438849,12301.895399810148
2009-09-15,11045.905836082411,10782.194186167133,12488.758235030275,12159.477362902999
2009-09-16,11330.997623946281,11060.479648966266,12785.215127537904,12448.117819038336
2009-09-17,11329.293061860797,11058.81578185742,12798.210088750226,12460.77015273872
2009-09-18,11217.289953188352,10949.486652578062,12714.628614647181,12379.392402990683
2009-09-21,11296.26833103329,11026.579488518315,12820.360350249104,12482.336396412373
2009-09-22,11496.418058560492,11221.95081075585,13036.833817555571,12693.10228488949
2009-09-23,11425.258446565611,11152.490074250674,13028.972725167378,12685.44845949364
2009-09-24,11307.50292069584,11037.545861864339,12893.103310503826,12553.161402540427
2009-09-25,11051.866275195092,10788.012324842353,12628.702111197334,12295.731453366308
2009-09-28,11227.663636768782,10959.612673245798,12700.281162462126,12365.42323834065
2009-09-29,11172.229017867947,10905.501508937976,12690.206904002138,12355.614599612369
2009-09-30,11278.602472706183,11009.33538760212,12807.408238889908,12469.725782778083
2009-10-01,10902.088817085183,10641.810676737023,12543.410776697676,12212.688925712006
2009-10-02,11014.393809657695,10751.434482693923,12647.42444707622,12313.96015273062
2009-10-05,11212.665768248948,10944.97286613906,12793.944133549994,12456.616674489542
2009-10-06,11394.138007716496,11122.112609531232,13009.779881540044,12666.761657873783
2009-10-07,11482.601692532719,11208.464298769484,13106.838518981234,12761.261229619036
2009-10-08,11524.060749624798,11248.933555974443,13195.435791009866,12847.522529851862
2009-10-09,11530.329884325827,11255.053020392194,13183.755460920898,12836.150165471417
2009-10-12,11642.613422297578,11364.655883958763,13317.036088699953,12965.916691966195
2009-10-13,11624.462051487099,11346.93786175868,13268.869388130703,12919.01996338875
2009-10-14,11798.846012572138,11517.158553413496,13345.08861188328,12993.229577218723
2009-10-15,11763.839280364788,11482.987577299446,13099.037668355282,12753.666057640161
2009-10-16,11585.857377461372,11309.254841641003,13083.415447104235,12738.455734717298
2009-10-19,11595.239699911044,11318.41316908565,13181.140034871523,12833.603698221174
2009-10-20,11578.84475852857,11302.409643048046,13169.315296782775,12822.090733328549
2009-10-21,11545.236834055851,11269.604079318255,13105.614004786728,12760.069001188598
2009-10-22,11650.4876052588,11372.342077468393,13130.047344401737,12783.858126925334
2009-10-23,11546.958595541077,11271.284735205736,13048.792324266127,12704.745491436099
2009-10-26,11339.419020328012,11068.699991639285,12888.831683823983,12549.002402346905
2009-10-27,11218.2267734098,10950.401107009873,12812.24429976,12474.434335187289
2009-10-28,11058.568711752248,10794.554746401269,12631.998236598583,12298.940672525454
2009-10-29,11373.6933929389,11102.156092622188,12859.220976024946,12520.172415857778
2009-10-30,11015.768534735113,10752.776387374013,12540.384434785947,12209.742376881812
2009-11-02,11135.143151879565,10869.301036601635,12676.280862350346,12342.055734508813
2009-11-03,11256.02136562835,10987.293385337667,12813.888988866453,12476.035660121492
2009-11-04,11264.281395354632,10995.356213847515,12823.292231852514,12485.190975491932
2009-11-05,11462.89235829584,11189.225508200767,13049.391556687835,12705.328924386742
2009-11-06,11446.741806400347,11173.460537058054,13031.005719243556,12687.427851278077
2009-11-09,11605.692384802247,11328.616304974747,13211.955541582876,12863.606717675273
2009-11-10,11657.327600139995,11379.018773262816,13270.737227914295,12920.838555368739
2009-11-11,11699.602864311493,11420.28475129421,13318.863517343947,12967.695938294044
2009-11-12,11619.927795223894,11342.511857024863,13228.161176143143,12879.385071525887
2009-11-13,11666.50634985575,11387.978388100217,13281.186344533193,12931.0121686775
2009-11-16,11820.666017628024,11538.457624322386,13456.68217962698,13101.880848649305
2009-11-17,11823.878498676897,11541.593410106034,13460.339277832638,13105.441523138212
2009-11-18,11864.82498354086,11581.562332310861,13506.952880853447,13150.826103419784
2009-11-19,11751.61213979112,11471.052349354964,13378.071034879615,13025.342379648735
2009-11-20,11752.176246300338,11471.602988298873,13378.713215446998,13025.967628366423
2009-11-23,11924.74824065313,11640.054972393087,13575.169699171924,13217.24430469348
2009-11-24,11886.551061526596,11602.769718578884,13531.6859141722,13174.907021081537
2009-11-25,11927.33895643351,11642.583837027618,13578.118977903116,13220.115822204983
2009-11-26,11977.328099236965,11691.37953136952,13635.026770250424,13275.523173344103
2009-11-27,11769.892545601144,11488.896325953225,13398.881504504023,13045.604156644273
2009-11-30,11740.74681730687,11460.446427245999,13365.7019186867,13013.299389824095
2009-12-01,11736.891387027747,11456.68304210062,13361.31288512002,13009.026078315079
2009-12-02,11857.368355546503,11574.283724996782,13498.464232844772,13142.561268649131
2009-12-03,11793.4564042218,11511.897617399454,13425.706672892251,13071.722047761563
2009-12-04,11646.932328999115,11368.871680419361,13258.90321960163,12909.3165646726
2009-12-07,11533.082104922712,11257.739534052469,13129.295777923577,12783.126376385699
2009-12-08,11452.938202025005,11179.508998983298,13038.059714886094,12694.295859987928
2009-12-09,11399.305362584997,11127.15659817714,12977.003927195381,12634.849880305412
2009-12-10,11451.806473225028,11178.404289250253,13036.771351374928,12693.041465703529
2009-12-11,11424.851787598203,11152.093123921815,13006.086055200327,12663.165223631486
2009-12-14,11498.45397261656,11223.938119087516,13089.87500668928,12744.744980378919
2009-12-15,11439.247436575242,11166.145088967478,13022.474105819862,12679.121183926349
2009-12-16,11576.81392930276,11300.427298150616,13179.080219928792,12831.598192734033
2009-12-17,11351.808300785355,11080.793488514984,12922.933127449352,12582.204721104416
2009-12-18,11376.031815080163,11104.438686914633,12950.509249865192,12609.053766458783
2009-12-21,11468.235784157334,11194.441364293783,13055.47452895533,12711.251511900546
2009-12-22,11447.344263351522,11174.048610859583,13031.691558070812,12688.095607154008
2009-12-23,11563.11570273903,11287.05610514861,13163.486117107706,12816.415246865488
2009-12-24,11543.360733330714,11267.772768909543,13140.996999794052,12794.519081711132
2009-12-25,11530.38738903507,11255.109152225188,13126.228105153683,12780.139586434256
2009-12-28,11693.968496685477,11414.78489942498,13312.449336086029,12961.450874506309
2009-12-29,11628.931795663186,11351.300894576832,13238.411357653746,12889.364994885605
2009-12-30,11576.410683948685,11300.033679937966,13178.621164190132,12831.15124054251
2009-12-31,11482.841135174522,11208.698024920932,13072.101305015758,12727.439903357888
2010-01-04,11562.716101511864,11286.666044062422,13137.78574450948,12791.392494967728
2010-01-05,11750.007526211737,11469.48604456626,13332.157324487074,12980.639238499034
2010-01-06,11719.85002320422,11440.048526410457,13335.59339025556,12983.984708332227
2010-01-07,11677.753161173814,11398.95669132008,13288.679071387574,12938.307340932226
2010-01-08,11728.604610498971,11448.594105345543,13329.997572445911,12978.536430873184
2010-01-11,11750.507552661207,11469.974133307593,13415.704934613068,13061.9840171338
2010-01-12,11640.613873182861,11362.704072386254,13294.0036081692,12943.491490008191
2010-01-13,11677.641326887633,11398.847526982801,13329.383141399525,12977.938200027571
2010-01-14,11685.678554760807,11406.692872845155,13340.459028115374,12988.722057898858
2010-01-15,11621.161685453268,11343.716289169679,13269.810912521427,12919.936663376064
2010-01-18,11608.035335909826,11330.903320108277,13273.152820489307,12923.190457990355
2010-01-19,11732.40759242061,11452.306294293568,13355.538094901842,13003.403547266587
2010-01-20,11596.196496610757,11319.347123074222,13218.202795980456,12869.689255826623
2010-01-21,11430.24296700749,11157.355593487104,13027.715722958066,12684.2245996333
2010-01-22,11151.952785899912,10885.70935484148,12774.918929193209,12438.093092132725
2010-01-25,11042.948976211306,10779.307918822049,12657.034435454823,12323.316762406965
2010-01-26,11149.142743595328,10882.966399917817,12719.2912580759,12383.932110314321
2010-01-27,11172.390662292526,10905.65929423877,12683.572922827687,12349.155531192708
2010-01-28,11056.521363964015,10792.556277308107,12572.861644463052,12241.363286538884
2010-01-29,10985.045888639654,10722.787218443018,12533.077241954841,12202.627846826528
2010-02-01,11067.737433166054,10803.504572353935,12627.421819602689,12294.48491817281
2010-02-02,11165.014954234663,10898.459674966205,12738.40785441931,12402.544675000012
2010-02-03,11105.758563476156,10840.617980368144,12670.800952273927,12336.720308738602
2010-02-04,10761.576506821586,10504.652978917424,12278.116174706665,11954.389129471114
2010-02-05,10720.843735187895,10464.892667720436,12231.643271603738,11909.141539387787
2010-02-08,10770.6441108668,10513.504101593067,12288.461600938854,11964.46178631277
2010-02-09,10825.463422607127,10567.014648677892,12351.00614334289,12025.357267930936
2010-02-10,10799.596578320616,10541.765353398781,12321.494099357373,11996.623343867268
2010-02-11,10892.364768928208,10632.318781997008,12427.335341193579,12099.673956261942
2010-02-12,10887.022498972472,10627.104054213478,12421.240229467934,12093.739549361144
2010-02-15,10900.103193483124,10639.872458217347,12436.164277700627,12108.270107422499
2010-02-16,11057.881557023946,10793.883996910326,12616.177036628776,12283.536617192935
2010-02-17,11114.40239119127,10849.055444014784,12680.662882894687,12346.322217902103
2010-02-18,11212.185121777473,10944.503694695151,12792.22532221354,12454.943181645545
2010-02-19,11076.21019346104,10811.77505267027,12637.088575691476,12303.896798811562
2010-02-22,11122.076781359448,10856.546614615158,12689.418761180292,12354.84723710758
2010-02-23,11014.973662772121,10752.000492306168,12567.222488928264,12235.872814005053
2010-02-24,11065.968233006632,10801.777610350446,12625.403300747208,12292.519619952775
2010-02-25,11021.962287511506,10758.822269546761,12575.195962554293,12243.636057574575
2010-02-26,11104.213930871414,10839.110224559097,12669.038647414947,12335.004469130216
2010-03-01,11037.44814700583,10773.938417256628,12602.074718858783,12269.806123699374
2010-03-02,11025.708354590553,10762.478902445871,12647.19651518757,12313.73823053562
2010-03-03,11084.981839127353,10820.337282722741,12699.107755068175,12364.280769219564
2010-03-04,11040.412320675283,10776.831823789316,12651.39737530164,12317.828330007518
2010-03-05,11134.097039411563,10868.279899183131,12700.15897385766,12365.304271383162
2010-03-08,11143.897966164492,10877.846837107702,12682.229898201469,12347.847916998166
2010-03-09,11151.235252759778,10885.008952197575,12678.997604802178,12344.7008468348
2010-03-10,11138.188136590226,10872.273324880343,12669.791276072863,12335.737253843981
2010-03-11,11160.76226246874,10894.308512615698,12707.92301418214,12372.863603607671
2010-03-12,11128.7433499411,10863.05402451612,12681.831239699954,12347.459769599243
2010-03-15,11146.661529697629,10880.544422901232,12690.317901922319,12355.722670941188
2010-03-16,11272.629532270657,11003.505046062555,12871.690618591549,12532.31328155944
2010-03-17,11242.228309904474,10973.829627141433,12906.818843693258,12566.51530948605
2010-03-18,11222.980242870772,10955.041091411953,12859.058007887596,12520.013744567988
2010-03-19,11121.311569770638,10855.799671805175,12803.64367919722,12466.060480151267
2010-03-22,11144.048879764026,10877.994147772819,12806.547621997901,12468.887857067653
2010-03-23,11270.83310678065,11001.751508710197,12962.394915777099,12620.626052740496
2010-03-24,11204.294480723,10936.801436015316,12900.383049070073,12560.249202194984
2010-03-25,11249.801131085947,10981.221653628663,12933.730866776683,12592.717765271844
2010-03-26,11241.714450474563,10973.328035670356,12914.124165207963,12573.628017564395
2010-03-29,11253.047204144812,10984.390229441507,12901.495719527058,12561.332535780233
2010-03-30,11247.622017057842,10979.094564103048,12949.786675308815,12608.350243434641
2010-03-31,11277.098762075042,11007.867576789196,12968.342279243847,12626.416606939874
2010-04-01,11340.077047603716,11069.342309070898,13081.067599154392,12736.169790553726
2010-04-02,11225.648349730389,10957.645499479222,12954.183916898333,12612.631546552275
2010-04-05,11310.141246554602,11040.121199926942,13065.433662358495,12720.948060980201
2010-04-06,11465.076089375381,11191.357104549626,13206.124903815322,12857.929811564058
2010-04-07,11518.589000228696,11243.592439962564,13286.133924990581,12935.829300328262
2010-04-08,11506.724054505965,11232.01075977361,13185.342503785112,12837.695364074689
2010-04-09,11528.658696801966,11253.421731055569,13222.45114149518,12873.825588690463
2010-04-12,11627.212864731047,11349.62300166538,13221.24846705635,12872.65462418473
2010-04-13,11581.807266471842,11305.301423622353,13173.560161881198,12826.223677541371
2010-04-14,11751.378889220989,11470.824667444722,13313.910807888618,12962.873812877418
2010-04-15,11730.699579153996,11450.639058397615,13293.898373639739,12943.389030111484
2010-04-16,11508.688974163611,11233.928768638008,13020.594794820081,12677.291423182358
2010-04-19,11558.713583624007,11282.759082900442,13017.899561424902,12674.667252801308
2010-04-20,11611.824224890204,11334.601752572076,13202.043670862011,12853.95618514143
2010-04-21,11626.249461050033,11348.682598431593,13208.706298985258,12860.44314519922
2010-04-22,11702.37359558554,11422.989333704909,13264.560222744169,12914.82441424091
2010-04-23,11749.093254131838,11468.593599958213,13299.207590379883,12948.558263076973
2010-04-26,11596.337144050556,11319.484412675476,13201.234825700623,12853.168666138745
2010-04-27,11556.649617523806,11280.744392243449,13185.364839350717,12837.717110736707
2010-04-28,11544.7432988725,11269.122326869561,13139.856796631844,12793.408941352976
2010-04-29,11648.381896593237,11370.286640814442,13234.884222419996,12885.930856741243
2010-04-30,11590.769592246384,11314.04978145691,13249.581494162207,12900.240617542324
2010-05-03,11692.17514710415,11413.034364546587,13365.499695482287,13013.102498473481
2010-05-04,11463.573342908701,11189.890234882556,13104.18156554325,12758.674329898868
2010-05-05,11407.036401161646,11134.703064753196,13039.55334468642,12695.750108473147
2010-05-06,11207.659721757447,10940.086334769223,12811.64289052913,12473.848782821633
2010-05-07,10985.540681622642,10723.27019866246,12557.735304820597,12226.63577071989
2010-05-10,11441.468111506063,11168.312747164451,13078.912746023923,12734.071752672997
2010-05-11,11480.679013660783,11206.5875222278,13123.735312758932,12777.712519457385
2010-05-12,11578.647133364106,11302.21673601707,13235.724130715189,12886.748619861492
2010-05-13,11492.485981612854,11218.112608816282,13137.232033820885,12790.853383515903
2010-05-14,11257.126787438347,10988.372416137852,12868.189430670396,12528.904406596108
2010-05-17,11018.219319054619,10755.168661292832,12595.090742380386,12263.00628801564
2010-05-18,11182.372929028925,10915.403242808243,12782.737180833483,12445.705206327615
2010-05-19,10634.335144289636,10380.449396188129,12156.267019987501,11835.752671737418
2010-05-20,10622.965076314566,10369.350778959591,12143.269725801732,11823.09806657519
2010-05-21,10769.157526547142,10512.053008215447,12310.38449482307,11985.806657187666
2010-05-24,10819.821112234453,10561.507043688363,12368.298794819126,12042.193978211715
2010-05-25,10751.570091311864,10494.88545810616,12290.280035445414,11966.232275644243
2010-05-26,10806.192203824578,10548.203513927974,12352.719386461815,12027.02533937004
2010-05-27,11069.425567886194,10805.15240428688,12653.625368705645,12319.99757973202
2010-05-28,11046.093311671337,10782.3771859351,12626.953918833307,12294.029354160257
2010-05-31,10995.464708546642,10732.957297845738,12569.079607926036,12237.680967865399
2010-06-01,10928.717294745096,10667.803422037578,12508.512785726709,12178.71106152115
2010-06-02,11041.299061997901,10777.697394913606,12607.010327043768,12274.611598740852
2010-06-03,11059.818656949663,10795.774850215352,12660.851021898325,12327.032720037814
2010-06-04,10871.055213631606,10611.517974291566,12534.806467445922,12204.311479243655
2010-06-07,10818.498577493034,10560.216083344178,12480.738898433832,12151.669465594481
2010-06-08,10854.815897275974,10595.666357865046,12506.004690056967,12176.269094758221
2010-06-09,10786.919913452404,10529.391333171714,12464.10926612974,12135.478293201713
2010-06-10,10919.652590794134,10658.955130218888,12562.469688006075,12231.245326296816
2010-06-11,10879.580420157163,10619.839648729117,12531.439154500751,12201.03294948433
2010-06-14,10919.243372129697,10658.555681303606,12646.209556203554,12312.77729389177
2010-06-15,11088.579953595481,10823.849495254253,12800.679007237195,12463.173975271602
2010-06-16,11119.050416246515,10853.592501407047,12820.307587705169,12482.285025015268
2010-06-17,11178.82564747924,10911.940649602278,12897.342376400635,12557.288700454443
2010-06-18,11210.725026128935,10943.078457594047,12940.656172248866,12599.460476879794
2010-06-21,11182.58137106578,10915.60670846794,12938.653723936328,12597.510825483838
2010-06-22,11074.865469718583,10810.462433068664,12856.731468970243,12517.748547599076
2010-06-23,10942.121519976752,10680.887632740396,12737.932325724303,12402.081684181108
2010-06-24,10931.904408443092,10670.914446094373,12706.17765339595,12371.164261321566
2010-06-25,10940.581767733796,10679.384640778624,12717.520586837665,12382.208124916151
2010-06-28,10961.477673677158,10699.781674658925,12759.851675803644,12423.423104687727
2010-06-29,10692.075338798188,10436.811092438022,12527.668451865195,12197.361665880593
2010-06-30,10702.58808683641,10454.691036756558,12532.433734801416,12208.233591497126
2010-07-01,10496.583408093444,10289.234000281258,12316.939663145353,12027.557827599387
2010-07-02,10542.917060856247,10320.96847478154,12386.90709344916,12084.684379462853
2010-07-05,10544.389731914836,10321.929587124021,12429.994373267584,12126.326517866983
2010-07-06,10572.16229089295,10322.50572330392,12497.12040956963,12169.92902144942
2010-07-07,10746.61210289521,10405.952499449442,12647.261584197933,12244.436155272691
2010-07-08,10810.038373366833,10467.368204364217,12714.465396298456,12309.499472037161
2010-07-09,10886.191014535065,10541.106863498544,12790.959960412192,12383.557622908836
2010-07-12,10859.40530050234,10515.17023666028,12721.684838430461,12316.488969144779
2010-07-13,11006.622171395205,10657.72044234008,12826.385015738611,12417.854361799988
2010-07-14,10830.788609213074,10487.46067318145,12686.300033595398,12282.231198734538
2010-07-15,10912.437709285923,10566.521557564907,12795.153574651282,12387.617667169683
2010-07-16,10713.882891612498,10374.260779799431,12680.6939070355,12276.803631803621
2010-07-19,10805.905307760204,10463.366153860492,12812.144131922196,12404.06706155923
2010-07-20,10895.072877088907,10549.707177621447,12865.508967695794,12455.732184496423
2010-07-21,10838.029598661582,10494.472128654928,12894.145795404955,12483.456906266429
2010-07-22,10931.751495769215,10585.22311139465,12988.812138864132,12575.108050731355
2010-07-23,10899.422451888313,10553.918874137713,12936.712835462024,12524.668151944223
2010-07-26,10937.23870583664,10590.53638098784,12965.415099442367,12552.456225787671
2010-07-27,10870.101307757433,10525.52718844793,12864.702262874212,12454.951173870662
2010-07-28,10890.492769063156,10545.272255610496,12899.428438612933,12488.571293049727
2010-07-29,10883.629739812684,10538.626779278144,12909.892400818151,12498.701969663
2010-07-30,10906.628313126203,10560.896314938702,12964.148558265711,12551.230024963694
2010-08-02,11012.899456793348,10663.798742464167,13064.555380173617,12648.438809032908
2010-08-03,10974.534925722543,10626.650338468187,13047.88924039954,12632.303499182632
2010-08-04,11047.929009713282,10697.717884633967,13127.966119515368,12709.829865449328
2010-08-05,11045.906281082143,10695.759274994633,13204.798680560656,12784.215247779093
2010-08-06,10986.693405561633,10638.423403547646,13154.443174134396,12735.463604635002
2010-08-09,11034.597693717253,10684.809161430636,13211.15801228232,12790.372029683043
2010-08-10,10971.541266161275,10623.751575686409,13113.108805036973,12695.445768357762
2010-08-11,10733.876983190767,10393.621073559087,12880.186195796734,12469.941931106145
2010-08-12,10848.108416494062,10504.231455465202,13005.48715456127,12591.251953799418
2010-08-13,10804.916460051349,10462.40865188787,12967.05951094707,12554.048261466562
2010-08-16,10795.270572721063,10453.068532005163,12974.947914803812,12561.685413331243
2010-08-17,10869.115454895946,10524.572586388244,13063.973655168536,12647.875612435984
2010-08-18,10853.300294954233,10509.258755243234,13124.226905092575,12706.209748006038
2010-08-19,10735.464571369665,10395.15833637458,13088.669122447438,12671.784509267763
2010-08-20,10673.674834945483,10335.327288596247,13019.506790808142,12604.825053383234
2010-08-23,10591.242750945725,10255.508240293479,12948.960295455656,12536.525520510362
2010-08-24,10521.652292590305,10232.359940197111,12882.750030958374,12510.276711758865
2010-08-25,10583.884742167875,10276.306810208105,12954.0576270256,12565.337613524056
2010-08-26,10459.202822954,10202.16827181706,12930.604104845866,12582.747826181136
2010-08-27,10541.397400106702,10239.273684163867,13040.845517149084,12652.840223613015
2010-08-30,10296.474478193328,10094.654644379934,12830.368524455038,12529.316571223166
2010-08-31,10503.481713033298,10236.190963175997,12991.427894708453,12633.239147032853
2010-09-01,10687.044120798068,10322.388839833686,13134.78972560239,12692.568601603873
2010-09-02,10725.075598303814,10359.122635870299,13258.81869787363,12812.421775657405
2010-09-03,10780.318630048787,10412.480706438488,13292.469697608687,12844.939816035107
2010-09-06,10774.044364055615,10406.42052623019,13245.839276955212,12799.879344917534
2010-09-07,10744.5000542092,10377.884305101868,13217.401016987758,12772.398542172472
2010-09-08,10806.524522209202,10437.792420858017,13274.027703784344,12827.118725887804
2010-09-09,10722.727828430638,10356.854974834801,13182.347073780717,12738.524792519302
2010-09-10,10707.043410841643,10341.705729145355,13162.943220842997,12719.774227059743
2010-09-13,10740.147125532189,10373.679903783008,13218.749876972788,12773.701988839808
2010-09-14,10831.45022741763,10461.867629901808,13300.504544590925,12852.704146386484
2010-09-15,10883.701768824532,10512.336283515118,13370.611679154099,12920.450919155177
2010-09-16,10932.214840020502,10559.19402818605,13445.440142682226,12992.76006353623
2010-09-17,10932.927631185185,10559.882498026756,13422.798687367003,12970.88089905532
2010-09-20,10942.622197003788,10569.246273162506,13412.712782364735,12961.134565552851
2010-09-21,11031.541409304757,10655.131450984132,13554.150036662482,13097.80992088781
2010-09-22,11003.149654517152,10627.708458297826,13511.214173709091,13056.319619376343
2010-09-23,11030.152330938852,10653.789769705398,13494.036357223977,13039.720144339597
2010-09-24,11227.41618747152,10844.322737302364,13708.236729818342,13246.708834713807
2010-09-27,11179.419748869066,10797.96399707619,13693.520540103502,13232.488108580235
2010-09-28,11229.41427060817,10846.25264334913,13754.12427265691,13291.051439171517
2010-09-29,11200.202403551522,10818.037521647759,13737.929567126175,13275.401975782625
2010-09-30,11133.801345520513,10753.90215057368,13710.306062599919,13248.708497353136
2010-10-01,11121.62787874103,10742.14405767107,13680.901346675948,13220.29377721885
2010-10-04,10984.443528573309,10609.64060871316,13466.069053256344,13012.694441482763
2010-10-05,11221.846646001208,10838.943235536832,13717.76287075129,13255.914250242029
2010-10-06,11228.04073843733,10844.925977809888,13707.670106979309,13246.161288890393
2010-10-07,11139.179161508146,10759.09646876924,13608.149656467564,13149.991485507802
2010-10-08,11220.203989367232,10837.356628396954,13648.835592200736,13189.307610181435
2010-10-11,11074.830649263879,10696.943608058442,13594.688900472065,13136.983925244445
2010-10-12,11174.1337842556,10792.858396171294,13666.119966686538,13206.010055632029
2010-10-13,11316.443121305541,10930.311961063919,13843.02010153485,13376.954329891601
2010-10-14,11351.145004423144,10963.829772627667,13866.199140608138,13399.352978800574
2010-10-15,11424.384954947418,11034.570684649396,13927.934274435209,13459.009618731548
2010-10-18,11425.108233824958,11035.26928434911,13878.644742860839,13411.379563441878
2010-10-19,11286.635254573392,10901.521175939675,13753.203132272205,13290.161311672804
2010-10-20,11437.366605197354,11047.109384793974,13892.59084005747,13424.85612447489
2010-10-21,11309.871147574473,10923.964231277228,13741.262612135097,13278.622804079974
2010-10-22,11356.550442538,10969.050770449001,13787.898565664642,13323.688621793155
2010-10-25,11398.55472112893,11009.621810640414,13833.332809027188,13367.5931884279
2010-10-26,11422.976477859958,11033.210266557697,13884.016182065148,13416.570157430386
2010-10-27,11353.820782105975,10966.414249437055,13780.164154264905,13316.214611981422
2010-10-28,11447.632626985083,11057.025117108105,13881.233437801366,13413.881102393596
2010-10-29,11411.286091998634,11021.918771249515,13849.238909987644,13382.963763963731
2010-11-01,11307.475231960134,10921.650067293334,13723.249482456547,13261.216139112286
2010-11-02,11408.145296177128,11018.885143300604,13845.427101980305,13379.280291625
2010-11-03,11412.28285246248,11022.881521002555,13850.448622345093,13384.13274781546
2010-11-04,11601.528306453973,11205.669683958615,14080.12523231064,13606.076622751594
2010-11-05,11674.97730981338,11276.612515671883,14169.26617462197,13692.216374444215
2010-11-08,11656.252994045553,11258.527096922726,14146.541521116305,13670.256812883355
2010-11-09,11677.311767025763,11278.867318291184,14172.099374613523,13694.954186469082
2010-11-10,11672.566222674765,11274.28369783505,14166.339973180147,13689.388692134991
2010-11-11,11605.1218926506,11209.140652510043,14084.486566640488,13610.29112000146
2010-11-12,11504.709892212184,11112.154834823206,13962.622144673493,13492.529620333453
2010-11-15,11471.830270781127,11080.3971071034,13922.717989366412,13453.968955160646
2010-11-16,11284.742607914366,10899.693108746349,13695.660169654948,13234.555701243009
2010-11-17,11280.222294546624,10895.327034111275,13690.174118453255,13229.254354005325
2010-11-18,11475.436445753025,11083.880234885379,13927.094601987848,13458.198216313715
2010-11-19,11449.843394177971,11059.160450165722,13896.033748474845,13428.18311730762
2010-11-22,11447.782914398053,11057.170276527013,13893.533059550631,13425.766621392198
2010-11-23,11468.16080856452,11076.85285151647,13918.264568560096,13449.665471794953
2010-11-24,11603.737399225762,11207.803399728467,14082.806284500924,13608.667409476051
2010-11-25,11590.089758041875,11194.621433091643,14066.242906649415,13592.661686198673
2010-11-26,11559.020293094094,11164.61209705714,14028.535636899249,13556.223942003171
2010-11-29,11589.387670355814,11193.943301513511,14065.390822141006,13591.838289608144
2010-11-30,11561.078659954715,11166.600229871994,14031.033761491633,13558.6379599225
2010-12-01,11759.441564452047,11358.194744545652,14236.89378268233,13757.567101224051
2010-12-02,11773.780744228201,11372.044653615054,14271.947160147356,13791.440304182568
2010-12-03,11836.330865533135,11432.460486729447,14327.806258965695,13845.418743014638
2010-12-06,11846.537488743366,11442.318847219665,14341.66325388862,13858.809201662672
2010-12-07,11842.559182008834,11438.476285275145,14377.597204469152,13893.533330666505
2010-12-08,11882.740621396359,11477.286683811357,14363.8440289084,13880.243195998077
2010-12-09,11887.523966227707,11481.90681494828,14410.167453961472,13925.007007420298
2010-12-10,11872.00124858544,11466.913751801603,14384.20892342967,13899.922446764598
2010-12-13,12003.0434528773,11593.484632565263,14505.578641572216,14017.205898259741
2010-12-14,11951.618525598624,11543.814387974653,14497.130081451302,14009.041783632883
2010-12-15,11897.107835749977,11491.163670883456,14447.418322411924,13961.00371640111
2010-12-16,11949.741556740291,11542.001463635897,14456.47209483948,13969.752667091661
2010-12-17,11923.215872542394,11516.380868882248,14398.203985838176,13913.446324452372
2010-12-20,11964.882071581724,11556.625365218222,14390.482338671025,13905.984649127991
2010-12-21,12091.565898893206,11678.986582262567,14525.4612315809,14036.419082706148
2010-12-22,12117.309980923905,11703.852244090265,14558.20732048704,14068.062678725448
2010-12-23,12040.18721357533,11629.361001799352,14485.89512186309,13998.185081828844
2010-12-24,12037.289471179085,11626.562133989544,14487.309556992264,13999.551895861245
2010-12-27,11964.698584918024,11556.448139348446,14410.614762085186,13925.439255607354
2010-12-28,12100.88528789154,11687.987982079308,14598.56167514895,14107.058385974675
2010-12-29,12205.074313866977,11788.621948478773,14713.91884256011,14218.531716849462
2010-12-30,12101.043672020458,11688.140961944111,14621.420663676812,14129.147759776193
2010-12-31,12133.227966185363,11719.227087831736,14663.643248426313,14169.948797681312
2011-01-03,12188.42457171591,11772.540316305865,14730.35124520011,14234.41087457902
2011-01-04,12131.912102315457,11717.956122879039,14662.052957828824,14168.412048869432
2011-01-05,12161.081491285653,11746.130215899275,14697.305696409654,14202.477900868527
2011-01-06,12207.93200604398,11791.382132632798,14753.9270041388,14257.192886618459
2011-01-07,12225.217458161365,11808.077783554716,14774.817380874778,14277.379927703549
2011-01-10,12247.421644665981,11829.52433550885,14801.652306455393,14303.311377004711
2011-01-11,12394.902039821425,11971.972515551839,14979.8901098432,14475.548283278835
2011-01-12,12284.579224246429,11865.414052107848,14846.559192937804,14346.706341771556
2011-01-13,12300.347868014756,11880.644650074288,14865.6164271194,14365.121958409502
2011-01-14,12394.973294721669,11972.041339145973,14979.976225132536,14475.631499245012
2011-01-17,12251.717518559137,11833.67362882427,14806.844095679584,14308.328369455274
2011-01-18,12485.0021792071,12058.998325752451,15088.780860455248,14580.77290819457
2011-01-19,12338.968137657845,11917.94714792581,14912.2910513647,14410.225144875654
2011-01-20,12252.307285363846,11834.243272049676,14807.556859838316,14309.017136323297
2011-01-21,12123.644071226525,11709.970207327919,14652.060608011217,14158.756120742615
2011-01-24,12107.973054284608,11694.833905038748,14633.121360976813,14140.454518869361
2011-01-25,12345.379950201675,11924.140181424822,14920.040063579798,14417.713263923579
2011-01-26,12400.698475914647,11977.571170012618,14986.895407297445,14482.317726899186
2011-01-27,12214.116446887965,11797.355552638082,14761.40122571281,14264.41546665617
2011-01-28,12282.329038866052,11863.240645860487,14843.839725723257,14344.078433377012
2011-01-31,12424.067786104717,12000.143090178193,15015.13844604559,14509.609881118437
2011-02-01,12549.037033722912,12120.848231127879,15166.170345322891,14655.556849639073
2011-02-02,12439.126997010175,12014.688462016293,15033.338293352163,14527.196977318928
2011-02-03,12530.472514507088,12102.917156472971,15143.734148820353,14633.876033332403
2011-02-04,12572.488843958223,12143.499836334202,15194.513089708704,14682.945352613993
2011-02-07,12578.140140106449,12148.958303206022,15201.342977916504,14689.545292653369
2011-02-08,12440.320225074298,12015.840975649928,15034.780372137386,14528.590504302816
2011-02-09,12569.90367333946,12141.002874962795,15191.388775239751,14679.92622733231
2011-02-10,12520.117282402776,12092.915257809582,15131.21930695342,14621.78254023105
2011-02-11,12669.800322414138,12237.49092571749,15312.11912233508,14796.591834077122
2011-02-14,12747.919935301807,12312.94499993381,15406.530777443055,14887.824844599792
2011-02-15,12713.560764478516,12279.75820689325,15365.005914919362,14847.698038060455
2011-02-16,12761.33498316088,12325.902309620298,15422.743567354713,14903.491783506017
2011-02-17,12738.848955406464,12304.183533191495,15395.568021821084,14877.231182219097
2011-02-18,12763.922403626631,12328.40144407111,15425.870600881917,14906.513536300903
2011-02-21,12715.533784410602,12281.66390492327,15367.390413132598,14850.00225516512
2011-02-22,12561.681496001955,12133.061248575887,15181.451842089029,14670.323850108167
2011-02-23,12612.436404610187,12182.084336369155,15242.791814849106,14729.59863322557
2011-02-24,12612.481462453405,12182.127856782536,15242.846269619124,14729.651254616441
2011-02-25,12750.612963740403,12315.546138881657,15409.785443752098,14890.969933045506
2011-02-28,12818.089657072524,12380.720443238171,15491.334571598643,14969.773470918339
2011-03-01,12669.379014577884,12237.083993430333,15311.609949687392,14796.099804216285
2011-03-02,12720.671112050586,12286.625940533695,15373.599143403966,14856.001950367288
2011-03-03,12811.41905930962,12374.277454594676,15483.272803854594,14961.98312617136
2011-03-04,12697.866114523436,12264.59907797882,15346.038106147324,14829.368836064028
2011-03-07,12663.529588104086,12231.43415668688,15304.5406105751,14789.26847508767
2011-03-08,12748.140474356263,12313.15801392054,15406.79731047334,14888.082404015831
2011-03-09,12683.545415696717,12250.767019265799,15328.730789475418,14812.644220843149
2011-03-10,12411.832058511758,11988.324860878758,15000.350926614805,14495.320226792499
2011-03-11,12539.934326651823,12112.056119780647,15155.169245742682,14644.926134261676
2011-03-14,12439.579751665371,12015.125768117701,15033.885471132171,14527.725732758121
2011-03-15,12334.841710786144,11913.961519888036,14907.304047765498,14405.40604334288
2011-03-16,12191.41899224845,11775.432563473327,14733.970159684151,14237.907947719254
2011-03-17,12403.719044776264,11980.488673295542,14990.545923410513,14485.845337707153
2011-03-18,12381.841643442156,11959.357756194124,14964.105934871592,14460.295528736726
2011-03-21,12540.706068943424,12112.801529262259,15156.101936834883,14645.827423579525
2011-03-22,12472.81461091575,12047.22661249916,15074.05154406984,14566.539497338203
2011-03-23,12514.175221721593,12087.175947653495,15124.038014536243,14614.8430270331
2011-03-24,12565.186938949773,12136.447081436143,15185.688354001411,14674.417727452445
2011-03-25,12531.849133698523,12104.246803699818,15145.397865414843,14635.48373604028
2011-03-28,12434.302840182561,12010.028911439342,15027.508046455638,14521.563022741482
2011-03-29,12621.791723852331,12191.120440444949,15254.098209505511,14740.524365027244
2011-03-30,12658.98882843505,12227.048333403824,15299.052864029069,14783.965489584376
2011-03-31,12681.90032983359,12249.178065785096,15326.742616807991,14810.722985825287
2011-04-01,12703.410616029852,12269.954394175264,15359.098642931885,14841.989651667094
2011-04-04,12692.479679096516,12259.39643444999,15353.65904083876,14836.733189692843
2011-04-05,12724.607538972865,12290.428051657407,15386.714991710876,14868.676215268484
2011-04-06,12737.678963572966,12303.053462939299,15402.439530993712,14883.871341931757
2011-04-07,12702.178458541286,12268.764279437728,15379.785106571615,14861.9796449869
2011-04-08,12711.563603848826,12277.829191876353,15360.211850238886,14843.065379593241
2011-04-11,12631.184054457653,12200.192293010035,15272.924788419026,14758.717092081528
2011-04-12,12507.604202558241,12080.829139863481,15172.54793001603,14661.7197142849
2011-04-13,12542.248005121375,12114.290852653752,15205.209843040044,14693.281968449413
2011-04-14,12609.863113052214,12179.598848730158,15281.933681616623,14767.422674532698
2011-04-15,12679.04802093746,12246.423081227691,15353.335412436007,14836.420457187089
2011-04-18,12617.624251458956,12187.095167409918,15314.344518773045,14798.742306033262
2011-04-19,12639.94328165623,12208.652644446614,15344.923244929096,14828.291509910412
2011-04-20,12724.70594012496,12290.523095239412,15458.036800781205,14937.596766973322
2011-04-21,12771.523315787992,12335.743003624919,15495.795509062722,14974.084217871525
2011-04-22,12779.60138326018,12343.545437354938,15497.182311815139,14975.424329851972
2011-04-25,12795.837214398924,12359.22728167575,15550.905046916996,15027.338331902345
2011-04-26,12836.700792048168,12398.696543065002,15571.458441211536,15047.199736045783
2011-04-27,12882.3287895106,12442.767656318252,15625.986910759022,15099.892345134367
2011-04-28,12849.487155467938,12411.046619809742,15586.39313479683,15061.63160947774
2011-04-29,13000.935886202356,12557.327730869963,15751.482425368098,15221.162686087331
2011-05-02,13044.144456195636,12599.06197053833,15795.388114782667,15263.590162014783
2011-05-03,12914.708035029376,12474.042081576288,15587.381662100819,15062.58685511795
2011-05-04,12858.285429381875,12419.544685639028,15564.833180931484,15040.797534536296
2011-05-05,12672.873374941684,12240.459121858166,15377.06100242729,14859.347255778388
2011-05-06,12799.300930935244,12362.57281188174,15443.619922731385,14923.665275301892
2011-05-09,12972.432717640637,12529.79712598654,15668.50652281208,15140.980410049873
2011-05-10,12887.080305046311,12447.357044214825,15602.392359329635,15077.092173308414
2011-05-11,12771.240608817305,12335.469942968843,15545.594295997145,15022.20638294965
2011-05-12,12901.720582529599,12461.497777161876,15639.234253385508,15112.693677214162
2011-05-13,12814.883073434665,12377.623272235289,15537.778812867784,15014.654030925261
2011-05-16,12803.97295528047,12367.085420926436,15533.330934873884,15010.355903756988
2011-05-17,12761.76285440834,12326.315581366891,15486.948752585826,14965.535313334005
2011-05-18,12601.62616714001,12171.642957690745,15268.35171035961,14754.297980074245
2011-05-19,12850.92816048464,12412.438455937152,15498.01901868467,14976.232866536833
2011-05-20,12775.457137926052,12339.542598842905,15438.801831943594,14919.009399636558
2011-05-23,12811.037626098725,12373.909036360898,15440.94639081888,14921.081755663066
2011-05-24,12807.917031266708,12370.894920118508,15472.877785739374,14951.938086753258
2011-05-25,12898.889244999476,12458.763048401293,15523.218010029033,15000.58346011399
2011-05-26,12949.624384289531,12507.767041430187,15594.813549275204,15069.768526067464
2011-05-27,12947.612334059984,12505.823644865157,15595.127591015429,15070.071994673728
2011-05-30,12938.381679257378,12496.90795152266,15605.169586062308,15079.775896577923
2011-05-31,12995.513357709178,12552.090225815338,15642.22628059034,15115.584969069498
2011-06-01,12837.695801154,12399.657601218541,15452.267033676742,14932.0212559588
2011-06-02,12907.805788765103,12467.375348567346,15536.655873159698,15013.568898267784
2011-06-03,12789.94642478465,12353.53749315379,15394.79284782757,14876.482106725978
2011-06-06,12724.760114745703,12290.57542135449,15316.330459774152,14800.661384520396
2011-06-07,12781.345220915637,12345.229773093584,15384.439891887987,14866.477713337299
2011-06-08,12678.482551316896,12245.876906136182,15260.627841574898,14746.834157929561
2011-06-09,12778.06455711265,12342.061049633248,15380.491076312615,14862.66184619115
2011-06-10,12637.583601006561,12206.373479045174,15211.399264158725,14699.26300459802
2011-06-13,12489.279962336903,12063.13014558394,15032.89157381577,14526.765297902688
2011-06-14,12704.87916378662,12271.37283325008,15292.400482941737,14777.53708036894
2011-06-15,12608.675673682286,12178.451926273245,15176.603844534848,14665.639074575236
2011-06-16,12634.323268862317,12203.22439350202,15207.474921060737,14695.470785991707
2011-06-17,12632.593362023272,12201.553513242945,15205.392695182016,14693.458664339072
2011-06-20,12730.64011871979,12296.254792255762,15323.408006475207,14807.500644905287
2011-06-21,12821.466505881323,12383.982069751892,15432.732421842486,14913.144333983513
2011-06-22,12771.308968651529,12335.535970280216,15372.35962044329,14854.804159573514
2011-06-23,12765.844575084595,12330.258028640394,15365.782328857538,14848.448311751894
2011-06-24,12504.167784043104,12077.509976236128,15050.811502759192,14544.081900010668
2011-06-27,12726.175492895869,12291.942505036026,15318.034098921604,14802.307665671684
2011-06-28,12632.724602699718,12201.680275823745,15205.550664805967,14693.611315453467
2011-06-29,13086.732974846922,12640.197315790207,15752.024012563035,15221.686039164859
2011-06-30,13042.762790330062,12597.727448836167,15699.098702351721,15170.542614363101
2011-07-01,12908.655793630687,12468.196350206263,15537.678993068934,15014.55757185198
2011-07-04,13118.305006261397,12670.692070096446,15790.026117284056,15258.408691849334
2011-07-05,13142.408957447464,12693.973564390526,15819.039165736283,15286.444931143194
2011-07-06,13307.813981519663,12853.734762644826,16018.131171051255,15478.83392162437
2011-07-07,13348.788339952102,12893.311024838715,16067.450514478503,15526.492785063669
2011-07-08,13297.007767758723,12843.297270381676,16005.124124986025,15466.264795819076
2011-07-11,13248.042895192817,12796.003140367318,15946.186890619534,15409.311855877648
2011-07-12,13211.47472050462,12760.682717430174,15902.171110142375,15366.777995425318
2011-07-13,13370.719694997586,12914.49405468355,16093.848488057434,15552.001993630653
2011-07-14,13109.09015903647,12661.79164495735,15778.934541178844,15247.690546103842
2011-07-15,13221.235897956725,12770.110831327369,15913.920284050942,15378.131599020202
2011-07-18,13237.452824861815,12785.774416450568,15933.44000853145,15396.994134868059
2011-07-19,13306.530952340718,12852.495512022466,16016.586835541826,15477.341580688055
2011-07-20,13255.83846269847,12803.532713382176,15955.570131400611,15418.379182405688
2011-07-21,13197.495646127583,12747.180626514322,15885.345007272876,15350.518392536322
2011-07-22,13302.008822860626,12848.12768324306,16011.143712930912,15472.081716724551
2011-07-25,13114.32326255383,12666.8461884527,15785.233437352863,15253.777371509757
2011-07-26,13222.257267512876,12771.097350479777,15915.149669399074,15379.319593513832
2011-07-27,13113.306933795046,12665.864538099368,15784.010119428995,15252.595240162804
2011-07-28,13136.790404617588,12688.546723594178,15812.27631825845,15279.909774711468
2011-07-29,13090.341501254508,12643.682714773959,15756.367464418552,15225.883256006207
2011-08-01,13142.23442969597,12693.804991743697,15833.712369116338,15300.624118202699
2011-08-02,12914.385411683454,12473.730466541507,15654.491157052797,15127.436912583025
2011-08-03,13100.14346344356,12653.150221781985,15837.083259023035,15303.88151723862
2011-08-04,12629.152795483375,12198.230343126617,15428.320212106155,14908.88067419656
2011-08-05,12705.514091903493,12246.588955680689,15434.027089115949,14892.666845701826
2011-08-08,12222.996202954952,12055.754395260341,15029.458027461447,14735.746729783039
2011-08-09,12804.838574283318,12401.845708879453,15486.636240858572,14989.09124553762
2011-08-10,12454.229187591496,12251.645036380669,15275.517511144853,14944.97206278003
2011-08-11,12839.875382331511,12430.8936522838,15594.12337215037,15085.800548448276
2011-08-12,12829.424013248235,12412.457770219264,15575.16976282725,15060.399116562467
2011-08-15,12774.510346894023,12363.095155828307,15567.512722583007,15056.193993514491
2011-08-16,12617.402449104588,12299.61431899166,15438.661132940959,15007.076695296304
2011-08-17,12918.935359528325,12507.129779218893,15805.02536881903,15289.386537059592
2011-08-18,12559.91901945703,12361.335250989468,15501.532587995665,15168.45998055136
2011-08-19,12427.637183289762,12325.7487151363,15414.032808721739,15164.101368090502
2011-08-22,12513.022972378705,12410.676914042371,15555.214335110128,15303.202496498223
2011-08-23,12811.882715338817,12527.633075017453,15775.457206688685,15364.977506371994
2011-08-24,12625.862507131564,12326.97945941865,15524.37884425859,15104.325561213822
2011-08-25,12562.593343510845,12306.525890439485,15404.245234487777,15022.881416576323
2011-08-26,12850.417150569476,12490.735396014159,15700.733224654585,15211.953691949715
2011-08-29,13001.521319859792,12554.978736258607,15850.941208336812,15260.002986556357
2011-08-30,13176.52808668983,12680.644039798764,16012.602899318961,15378.771163635527
2011-08-31,13243.633139170288,12718.689629772001,16135.189540293544,15473.979543073714
2011-09-01,13149.659372049564,12669.558863887514,16020.6979556676,15414.20542416979
2011-09-02,13093.803868592611,12692.034797791855,15952.647208136628,15441.550390638124
2011-09-05,13096.950664084146,12694.068290797704,15956.481061065571,15444.024405657708
2011-09-06,13085.252820798518,12685.488886519432,15942.229162312198,15433.586417927983
2011-09-07,13113.28833965926,12637.163439053451,15976.385832609916,15374.792076115598
2011-09-08,13165.875198163314,12703.792488579837,16040.454273677038,15455.855187124482
2011-09-09,13066.626305135933,12670.029526405453,15919.535815438814,15414.778047795831
2011-09-12,13100.27835422962,12646.256919450472,15960.53530438871,15385.855505897662
2011-09-13,13120.513805808798,12664.732573388108,15985.188875144742,15408.333599113073
2011-09-14,13234.166802501715,12721.011780788876,16123.656365461939,15476.804749001136
2011-09-15,13264.762273743061,12689.98629471075,16160.931916843198,15439.058113863266
2011-09-16,13465.18591814307,12828.185198721454,16405.115175075098,15607.195483025182
2011-09-19,13444.005206495547,12793.406254247962,16379.309960339851,15564.882265942448
2011-09-20,13559.852040469397,12887.68578289651,16520.450280686124,15679.585866714599
2011-09-21,13300.309824534232,12750.212650217,16204.240762964308,15512.33149502009
2011-09-22,13100.699806952898,12613.250372294782,15961.048775239262,15345.698646162753
2011-09-23,12865.110381824978,12379.67286905443,15674.021794939963,15061.520510515598
2011-09-26,12981.803909980754,12393.03027843942,15816.193672938465,15077.771577692203
2011-09-27,13290.838789692085,12628.80930587751,16192.701864180659,15364.628160678749
2011-09-28,13030.771092878858,12450.04232174953,15875.852134405382,15147.134320047704
2011-09-29,13179.781169733173,12538.561505945305,16057.396413697363,15254.829694751139
2011-09-30,13068.389611375693,12496.181711955394,15921.684114179587,15203.26903210988
2011-10-03,13027.976448168974,12521.3502800239,15872.44731930533,15233.889946587491
2011-10-04,13029.831562082047,12473.703858828163,15874.70747060156,15175.921730651338
2011-10-05,12807.041169586646,12332.5014018364,15603.274007223781,15004.130139337742
2011-10-06,13265.59211498784,12620.235410448833,16161.94294196238,15354.196875198108
2011-10-07,13170.772661773732,12545.434619546915,16046.421027874349,15263.191752664681
2011-10-10,13586.629657086529,12799.00071125828,16553.07440391685,15571.688667848008
2011-10-11,13482.205107805623,12720.86402000194,16425.85025948448,15476.624978328151
2011-10-12,13610.532588428614,12809.491432326622,16582.196195778666,15584.452026961957
2011-10-13,13556.628070195,12758.704749871164,16516.522402972892,15522.66326504919
2011-10-14,13760.635658326531,12873.103993606313,16765.07210739083,15661.845178346068
2011-10-17,13306.915653675773,12603.83110652904,16212.288879681948,15334.238855098376
2011-10-18,13593.760780067632,12753.0488888599,16561.762504812286,15515.782156999985
2011-10-19,13459.347178991344,12683.769849257476,16398.001631389663,15431.494980193476
2011-10-20,13390.010198041524,12613.263132554886,16313.525920078382,15345.714170718316
2011-10-21,13554.220031142335,12717.648889013688,16513.588603302745,15472.7133433572
2011-10-24,13778.082924226914,12927.694887011889,16786.328732314236,15728.262269444715
2011-10-25,13701.55027496258,12855.885859295537,16693.08628223092,15640.897025206834
2011-10-26,13719.88293853194,12888.28501126888,16715.421618642136,15680.314907822263
2011-10-27,13896.466222987232,13054.165121797672,16930.559317972293,15882.130150716224
2011-10-28,13841.471602651241,13002.503868990174,16863.557414982908,15819.277357513258
2011-10-31,13682.87306242748,12853.518400387207,16670.331169553658,15638.016696196304
2011-11-01,13599.283248681955,12774.995183504245,16568.49072484723,15542.482746782282
2011-11-02,13804.575081899406,12901.231199849688,16818.605070754387,15696.065670132817
2011-11-03,13969.810237647924,13055.653696305222,17019.9169410475,15883.941199821811
2011-11-04,13767.68602902938,12866.756093082822,16773.661824912026,15654.122112078927
2011-11-07,13915.940099016449,13005.30871218732,16954.285034134442,15822.689822752807
2011-11-08,14049.67098187434,13130.288512584935,17117.214127656436,15974.744392126304
2011-11-09,13730.23808483397,12831.758667725084,16728.037661879283,15611.5430839078
2011-11-10,13855.486045251675,12874.280691454605,16880.631709119818,15663.27678796647
2011-11-11,14038.354845908754,13044.199253797333,17103.427276514474,15870.005345248437
2011-11-14,13950.837800937506,12962.879912233519,16996.802146251623,15771.069537830886
2011-11-15,13982.815360811204,12992.592914021925,17035.761545396574,15807.21936106117
2011-11-16,13894.938415924873,12910.939159611638,16928.697936259803,15707.876695885798
2011-11-17,13679.311546607601,12755.63747953529,16665.99204809049,15518.931522250841
2011-11-18,13689.726030295376,12770.847598416281,16678.68038417627,15537.436657234342
2011-11-21,13220.081251566111,12472.344679421847,16106.49543750984,15174.26810791654
2011-11-22,13579.534584399722,12714.91155071047,16544.43022437784,15469.383006810007
2011-11-23,13338.661937533392,12585.141225363028,16250.966507026342,15311.500125933359
2011-11-24,13417.749965483505,12634.888044329275,16347.32226589804,15372.02375544428
2011-11-25,13323.871099918497,12575.317614792804,16232.946303214581,15299.548395572165
2011-11-28,13626.572883489058,12745.009358672232,16601.738658059436,15506.000997990597
2011-11-29,13478.669146121538,12654.59316803102,16421.542271534323,15395.997662342737
2011-11-30,14036.654400031166,12977.988221470285,17101.35556278989,15789.450807825311
2011-12-01,13852.629298321574,12807.842577474328,16981.211692514073,15618.025225384252
2011-12-02,13816.684445948596,12774.608741445858,16963.088408495456,15597.070085422547
2011-12-05,13687.125416012292,12654.821253873695,16817.319883899032,15463.040135237274
2011-12-06,13920.232078105619,12870.346651078513,17054.63098026624,15668.268060335999
2011-12-07,13925.497124340818,12875.214599385748,17097.497718654005,15677.048025342869
2011-12-08,13653.488399980133,12623.7211936008,16834.224648362575,15435.647521324367
2011-12-09,13805.233993079215,12697.565135871735,16951.768028234612,15486.543491348435
2011-12-12,13456.697862770056,12376.993951129496,16595.991008030807,15161.518025719623
2011-12-13,13511.295132702262,12415.6370414412,16645.48858513923,15204.601682564184
2011-12-14,13450.148018733902,12340.697303976762,16513.224498816562,15105.938999615
2011-12-15,13372.843874400554,12288.444244908163,16440.36509024231,15048.835057068667
2011-12-16,13440.754134189583,12348.35081738846,16534.047277043126,15121.281302713314
2011-12-19,13335.889182518256,12295.184182067274,16463.12655179848,15072.036866654176
2011-12-20,13623.28320497169,12451.532597868354,16719.942748198435,15223.751620782941
2011-12-21,13455.816694724599,12364.644682467944,16588.420862798146,15141.791260270162
2011-12-22,13531.796183767297,12400.081944985577,16653.391422824436,15171.623897320942
2011-12-23,13578.525492435056,12442.903108476632,16655.443487909513,15173.493375969056
2011-12-26,13615.780980333417,12477.042781921778,16697.90233514711,15212.1743656274
2011-12-27,13576.780993170783,12441.304508147734,16635.145023502235,15172.280032863766
2011-12-28,13464.461221103342,12338.378454668658,16525.312847828085,15064.290170476492
2011-12-29,13536.692257928671,12404.568542328996,16593.44543357659,15106.65020475668
2011-12-30,13646.497640989784,12505.190494468041,16721.519530771075,15224.19440888505
2012-01-03,13845.976603023795,12687.986292005227,16911.444846267987,15397.112899993046
2012-01-04,13858.360678923613,12699.33464176495,16984.839501870334,15410.30789944771
2012-01-05,13909.87072452028,12746.536711446935,17081.67654004977,15498.167933347431
2012-01-06,13908.17085424056,12744.9790076153,17086.958067840806,15502.959852012918
2012-01-09,14023.243205134748,12850.42743155785,17222.656170794715,15626.07844537145
2012-01-10,14098.897360790179,12919.75434994075,17333.22828425661,15726.400283169964
2012-01-11,14138.576290214014,12956.114783519779,17366.772942873045,15756.835278896844
2012-01-12,14156.13995717157,12972.20953595105,17389.174569524148,15777.160225982976
2012-01-13,14108.419185808565,12928.479829462487,17308.6454306009,15704.096313571676
2012-01-16,14168.835833413643,12983.843609035444,17332.690442927313,15725.912300902923
2012-01-17,14265.437079456682,13072.365735045465,17500.040806409077,15877.748921322825
2012-01-18,14343.678008330411,13144.063085220594,17543.961678396015,15917.59823284893
2012-01-19,14359.982879780946,13159.004319875874,17570.31790239618,15941.511177499635
2012-01-20,14061.304526394933,12885.305543535835,17302.84091203424,15698.829886514157
2012-01-23,14157.469124912755,12973.427540470588,17421.219290267054,15806.234331342972
2012-01-24,14269.112619922154,13075.733876447022,17513.94144309061,15890.360938718528
2012-01-25,14435.401418741374,13228.115327060732,17673.51003957156,16035.137178881605
2012-01-26,14404.32255096754,13199.635700119909,17715.122991835276,16072.8925198678
2012-01-27,14457.161208770482,13248.05526524797,17788.439675669215,16139.412587480043
2012-01-30,14018.66231012509,12846.229653766213,17345.884740032856,15737.883457939219
2012-01-31,14086.075551762813,12908.004876296363,17466.555697780448,15847.367955170226
2012-02-01,14304.413002213436,13108.08195700903,17708.091381008537,16066.51275467442
2012-02-02,14382.825805731087,13179.936807314958,17808.589966953205,16157.694902889354
2012-02-03,14458.102068262966,13248.917437176002,17871.05304750052,16214.36751987088
2012-02-06,14402.199041632808,13197.68978773666,17772.614773409296,16125.054688114713
2012-02-07,14493.42668777109,13281.287727906634,17893.2417965508,16234.499323573276
2012-02-08,14454.220041397468,13245.360078596912,17901.362953105676,16241.867631233556
2012-02-09,14411.558762260913,13206.266720258734,17880.252487706624,16222.714151940201
2012-02-10,14314.679464695635,13117.489797205224,17770.38721404653,16123.033628354875
2012-02-13,14149.24904360479,12965.894935010896,17629.652804537265,15995.345605024075
2012-02-14,14330.7873547138,13132.250524714975,17757.92840348669,16111.729776660144
2012-02-15,14279.183169712882,13084.962188855821,17792.77921464518,16143.34984174458
2012-02-16,14418.061986705905,13212.22605595441,17890.20314411129,16231.74236083088
2012-02-17,14444.947123441216,13236.862689117708,17928.760265615874,16266.725153222686
2012-02-20,14098.29610688544,12919.203381127196,17601.775197699026,15970.052313036851
2012-02-21,14507.142441304692,13293.856382166876,18030.17063287693,16358.734558640786
2012-02-22,14445.8174379999,13237.660216046062,17976.350071199737,16309.90328021302
2012-02-23,14421.40521473664,13215.289677441082,17979.527672566088,16312.786311014213
2012-02-24,14284.799471650875,13090.10877865906,17838.615602803795,16184.937096922651
2012-02-27,14304.393045598323,13108.063669439556,17818.611582667552,16166.787493007214
2012-02-28,14452.883431659351,13244.135254482206,18001.345249833423,16332.581351366085
2012-02-29,14162.944216766304,12978.444730111802,17706.80599181916,16065.346523861543
2012-03-01,14405.396785661807,13200.620092587555,17957.21214497985,16292.53948142217
2012-03-02,14391.884869093774,13188.2382276524,17915.00348695024,16254.243657891597
2012-03-05,14294.199623284769,13098.722760792147,17824.01061171053,16171.686020302757
2012-03-06,14010.152594772835,12838.431637430205,17555.94630717474,15928.471860446085
2012-03-07,14227.347892841959,13037.462088195753,17773.637945739567,16125.98301014225
2012-03-08,14384.159148861449,13181.158638020404,17950.439446166827,16286.394626535117
2012-03-09,14377.995450089493,13175.510432208073,17934.205333649632,16271.665451594328
2012-03-12,14305.396808570726,13108.983483996477,17832.5818259133,16179.462664287077
2012-03-13,14638.099566301373,13413.861077713984,18143.834587554345,16461.86161724237
2012-03-14,14525.409668194889,13310.595853207518,18043.551634453423,16370.875112237076
2012-03-15,14807.575193454868,13569.162830403855,18323.131582717204,16624.53739057548
2012-03-16,14814.47916077373,13575.489393362446,18382.608563454763,16678.50072570116
2012-03-19,14917.283257949994,13669.695603089072,18478.47223825176,16765.477629123274
2012-03-20,14891.312955425394,13645.89729316275,18457.750792701183,16746.677106691437
2012-03-21,14946.733806276861,13696.683092969832,18545.92559400266,16826.677911931827
2012-03-22,14808.097382636563,13569.641346970016,18341.21613746373,16640.945467722024
2012-03-23,14917.261932486306,13669.676061152904,18448.454410468745,16738.24251933269
2012-03-26,14835.240656287491,13594.5145281025,18335.105163334367,16635.4009941997
2012-03-27,15010.951496349158,13755.530019748807,18588.473644710524,16865.28166570043
2012-03-28,14944.978627186936,13695.074706008658,18480.621123049455,16767.427307621514
2012-03-29,14883.492241033831,13638.73065408493,18432.273863961396,16723.561944716006
2012-03-30,14995.080255133265,13740.986149225411,18542.994707679532,16824.018725152182
2012-04-02,15034.93741380327,13777.509906078565,18592.282278649884,16868.737230981184
2012-04-03,14981.400031862468,13728.45005370048,18526.077671998883,16808.6699355121
2012-04-04,14694.880394390795,13465.893114825041,18171.765989041087,16487.20371699706
2012-04-05,14801.635205322686,13563.719625481835,18303.77954685127,16606.979330568945
2012-04-09,14457.319511391559,13248.200328434468,17877.99695804851,16220.6677147923
2012-04-10,14265.830313420249,13072.726081396055,17641.200413838997,16005.82272580127
2012-04-11,14615.745808435315,13393.376847420157,18073.90774596403,16398.417146117165
2012-04-12,14854.522013338232,13612.183313841864,18369.179650382073,16666.31670210869
2012-04-13,14525.18266167516,13310.387832083907,17961.916884794115,16296.808081612164
2012-04-16,14351.778286574397,13151.485907190308,17747.484127178082,16102.253707505373
2012-04-17,14706.43767971296,13476.483821565684,18186.057788545848,16500.170635570612
2012-04-18,14636.306108413795,13412.217613352805,18099.332720502513,16421.485170158874
2012-04-19,14520.8115860657,13306.38232571883,17956.5115898231,16291.903869253754
2012-04-20,14464.71419300017,13254.976565429071,17887.141260019587,16228.964320061039
2012-04-23,14353.405672092158,13152.977188429128,17749.49656062491,16104.079583990066
2012-04-24,14315.092392356588,13117.868190196345,17702.118158423473,16061.093262828323
2012-04-25,14392.152717212668,13188.483674640966,17797.411359371108,16147.552576568987
2012-04-26,14476.59601134294,13265.86466329168,17901.834378755793,16242.295354699492
2012-04-27,14262.590705761315,13069.757414125663,17637.194298056194,16002.187985673932
2012-04-30,14347.004257943581,13147.111148257653,17741.580538392347,16096.897394253781
2012-05-01,14380.225003858817,13177.553520137053,17766.319332366656,16119.342848163613
2012-05-02,14326.397137814665,13128.227477917182,17739.47527592054,16094.98729419684
2012-05-03,14264.82238930439,13071.80245370752,17676.315633402573,16037.68268805595
2012-05-04,14142.040433520711,12959.289207689992,17587.71420182603,15957.294802095881
2012-05-07,14068.375188194183,12891.78485969795,17507.05666466001,15884.11439423847
2012-05-08,13997.77332623987,12827.087692979447,17458.875087122244,15840.39935384281
2012-05-09,13942.703977686826,12776.623998031551,17325.403648079024,15719.301007802398
2012-05-10,14002.882407255483,12831.769482624873,17332.364363169116,15725.616449448273
2012-05-11,13876.414241883354,12715.878318381088,17191.277399782935,15597.608554752553
2012-05-14,13678.700327627745,12534.699951138575,16915.99560633832,15347.845982923334
2012-05-15,13689.193156593648,12544.315225950946,16992.807692637958,15417.537421582261
2012-05-16,13557.113929275509,12423.282273655965,16817.071355638283,15258.092225648097
2012-05-17,13506.163483025628,12376.59300195455,16788.200694029903,15231.897937230067
2012-05-18,13474.495708894721,12347.573721076702,16704.50733190281,15155.963131995288
2012-05-21,13574.654562202915,12439.35591847835,16767.16474559478,15212.812067015842
2012-05-22,13540.370583463362,12407.939235874115,16718.397931370757,15168.566042648956
2012-05-23,13553.342226030805,12419.826011924608,16665.386433177846,15120.468825758928
2012-05-24,13586.13624900477,12449.877349282962,16769.18888336729,15214.64856280974
2012-05-25,13593.698866588573,12456.807477145088,16839.69119313451,15278.615154958903
2012-05-28,13384.985524295682,12265.549604775691,16650.851869519098,15107.281647797034
2012-05-29,13674.18548808778,12530.562704353024,16945.180597497747,15374.325461858645
2012-05-30,13622.472209046102,12483.17439839184,16859.6906531759,15296.760621510215
2012-05-31,13677.348736800812,12533.461398859004,16932.142454898283,15362.49598346572
2012-06-01,13639.438517253784,12498.721751398198,16885.210754155756,15319.914953565054
2012-06-04,13360.131233918204,12242.773970766739,16539.43681791006,15006.195014052917
2012-06-05,13537.762031127082,12405.548846432208,16759.338351503724,15205.711196697206
2012-06-06,13761.134373043444,12610.239731987289,17035.86652860837,15456.604609707461
2012-06-07,13597.60662045304,12460.388411078922,16833.42413604584,15272.929067707435
2012-06-08,13790.246854841473,12636.917429095269,17071.90689714073,15489.303957607217
2012-06-11,13297.727914360195,12185.589671975224,16462.183403030627,14936.103158934433
2012-06-12,13841.230073438113,12683.636732270694,17135.022573775106,15546.568673597654
2012-06-13,13809.29498286897,12654.372491618522,17095.48790128614,15510.698951326114
2012-06-14,13853.125421989465,12694.537228760426,17149.74865410676,15559.929614219895
2012-06-15,13958.462576978172,12791.06464729179,17280.15285366215,15678.245060551215
2012-06-18,13648.101124577332,12506.659872783599,16895.93479900214,15329.644856105033
2012-06-19,14011.573730311231,12839.733918139416,17345.902848890368,15737.899888066213
2012-06-20,13956.90641510722,12789.638633002378,17278.22637251519,15676.497168401049
2012-06-21,13740.357497638772,12591.200503633576,17010.145387699456,15433.267874562702
2012-06-22,13907.343736173543,12744.221064496,17216.86928085214,15620.828012726184
2012-06-25,13899.179486859563,12736.73962159383,17206.7621880901,15611.657869469065
2012-06-26,13870.429469369787,12710.394074561378,17171.170539365965,15579.365644074323
2012-06-27,13946.773126651848,12780.352828995845,17265.681669081456,15665.115386288842
2012-06-28,13820.753439513215,12664.872635089654,17109.67312270201,15523.569171831661
2012-06-29,14183.957379912626,12997.700484588086,17559.308573063543,15931.522436966434
2012-07-02,13787.860415163786,12634.730576207583,17068.952557278506,15486.623491482625
2012-07-03,14141.331063446036,12958.63916486228,17506.538487528043,15883.644253254854
2012-07-04,14082.399544355805,12904.636307005321,17433.58305621448,15817.451949267805
2012-07-05,14048.304306047861,12873.392579771275,17391.374186412795,15779.155933596887
2012-07-06,13918.55328467988,12754.493116938795,17230.746361550806,15633.418657829916
2012-07-09,13828.740430997088,12672.191644890643,17119.560775652404,15532.540217825455
2012-07-10,13895.847575137119,12733.686369990666,17202.63738254356,15607.915442377507
2012-07-11,13916.844592127849,12752.927328674157,17228.631052051915,15631.499442127175
2012-07-12,13806.45659361539,12651.771487372063,17091.97406157137,15507.510852203488
2012-07-13,14051.8262886585,12876.620005930195,17395.73429394786,15783.111849670315
2012-07-16,13995.010317996148,12824.555765349762,17325.39784735424,15719.295744817435
2012-07-17,14024.654270585042,12851.720484377713,17362.096160588797,15752.592044512972
2012-07-18,14048.446744579545,12873.523105640934,17391.5505209902,15779.315921575038
2012-07-19,14137.949018495627,12955.539972858704,17502.351618567456,15879.84551616286
2012-07-20,14076.246540193877,12898.997901373159,17425.965823883842,15810.540850958996
2012-07-23,13850.62523271482,12692.246139575916,17146.653495697246,15557.121383733942
2012-07-24,13965.675154672119,12797.67401039665,17289.08180585391,15686.346279434048
2012-07-25,14041.273122894709,12866.949440509841,17382.669795154914,15771.25845836043
2012-07-26,14134.092598606745,12952.006079649922,17497.57748783635,15875.513957745106
2012-07-27,14287.958462345523,13093.003571260504,17688.05875536162,16048.337197041436
2012-07-30,14002.508794902773,12831.427116857129,17334.680734090627,15727.718087741998
2012-07-31,14224.476497603238,13034.830838376949,17609.470010494635,15977.03379993262
2012-08-01,14195.678584190917,13008.44140113537,17588.63051614947,15958.126172086482
2012-08-02,14114.370318129266,12933.933246543253,17503.164639201168,15880.583168013667
2012-08-03,14329.265621976794,13130.856060123502,17708.864214763507,16067.213945057649
2012-08-06,13928.314378616418,12763.437854432766,17334.42077637608,15727.482228673589
2012-08-07,14279.343067398198,13085.108713705427,17669.978172044353,16031.93272316401
2012-08-08,14321.107683823762,13123.380400556514,17692.039436355324,16051.948860240003
2012-08-09,14328.676574100173,13130.316276502732,17710.743026121367,16068.918586511947
2012-08-10,14344.970537727859,13145.247515596791,17726.177717112725,16082.9224480429
2012-08-13,14066.727802053165,12890.275250562083,17444.443912255236,15827.305980306557
2012-08-14,14318.07872478976,13120.604764586273,17691.80486239925,16051.736031800388
2012-08-15,14356.418634047772,13155.738165215891,17748.52799682939,16103.200808167216
2012-08-16,14437.076656561778,13229.650458536862,17837.860485467874,16184.25198060787
2012-08-17,14418.846056491184,13212.944551079223,17832.19498116,16179.111680884673
2012-08-20,14215.434435950849,13026.544997833791,17649.348194467082,16013.2151894252
2012-08-21,14441.537089200992,13233.737848672303,17914.99702633142,16254.237796186206
2012-08-22,14413.44787388973,13207.99783848446,17903.430440100285,16243.743457682287
2012-08-23,14366.227585785864,13164.726757986205,17891.516088350767,16232.933592280726
2012-08-24,14425.534925969736,13219.074005626642,17955.795344843384,16291.254021743114
2012-08-27,14226.968721411045,13037.114628276116,17730.201164624934,16086.572913210588
2012-08-28,14479.897364338593,13268.88991190756,17971.244302433974,16305.270827328486
2012-08-29,14469.438493565141,13259.30575523822,17926.29446748703,16264.487939949096
2012-08-30,14413.572625603027,13208.112156749872,17868.839385220355,16212.359068903828
2012-08-31,14575.982738513872,13356.939310325,18082.14820842217,16405.89369976371
2012-09-03,14310.82936695922,13113.96169740388,17862.949607739123,16207.015286618749
2012-09-04,14500.171957984034,13287.468866186104,18074.980392559904,16399.390356038155
2012-09-05,14524.03980751427,13309.340559049799,18093.971516755504,16416.620961671997
2012-09-06,14803.319450553397,13565.263011045183,18407.081392566626,16700.70487027036
2012-09-07,14988.773291428379,13735.206660257156,18586.70679267217,16863.67860469294
2012-09-10,14504.546481612066,13291.477532199186,18137.042337018233,16455.69902311952
2012-09-11,14884.45065925586,13639.608916240906,18523.64403733525,16806.461904080465
2012-09-12,14916.909866724847,13669.353439955179,18569.21526881113,16847.808583177604
2012-09-13,15136.068906187349,13870.183397147364,18792.916419597863,17050.77215022837
2012-09-14,15199.160101138878,13927.998041765237,18858.43669786778,17110.21855604726
2012-09-17,14807.103016629864,13568.730143475741,18443.684816851248,16733.91507742822
2012-09-18,15119.394632415077,13854.90365465484,18771.92967057144,17031.730918530535
2012-09-19,15130.628939047885,13865.198394610281,18818.657690870998,17074.12714960876
2012-09-20,15089.217669207901,13827.250502660969,18769.919169838988,17029.90679559339
2012-09-21,15130.835223202588,13865.387426457015,18861.55942390828,17113.051798584784
2012-09-24,14826.504019082982,13586.508568229296,18551.06927514179,16831.344762630157
2012-09-25,14989.792969289098,13736.141058681334,18755.518901640313,17016.841463610017
2012-09-26,14879.280632330689,13634.871277818096,18602.050358007204,16877.599788114312
2012-09-27,15116.867516596349,13852.587890892873,18869.059288329652,17119.856409245054
2012-09-28,14990.990911776113,13737.238812800793,18768.53677145387,17028.652548548424
2012-10-01,14877.174625681515,13632.941404305982,18661.383947246657,16931.43302444596
2012-10-02,14985.528203449083,13732.2329710059,18772.839290976088,17032.556215143177
2012-10-03,15001.852530807462,13747.192034399382,18773.956296541972,17033.56967186108
2012-10-04,15154.296294563414,13886.886361516386,18930.399445633957,17175.5102004131
2012-10-05,15039.593683222969,13781.776754439126,18838.55362701072,17092.178689149478
2012-10-08,14714.502630712952,13483.874270839675,18553.40674800945,16833.46554667367
2012-10-09,14902.98464967986,13656.592840392894,18715.072312386335,16980.144361243067
2012-10-10,14900.928218402707,13654.708396080798,18712.233535478455,16977.568745135333
2012-10-11,14954.88494495439,13704.152521726633,18759.22834030984,17020.20702923842
2012-10-12,14855.755265046595,13613.313424141686,18683.068487511548,16951.10736061517
2012-10-15,14667.802463834561,13441.079811902195,18454.67111786918,16743.88292442163
2012-10-16,15053.994071348006,13794.972784763926,18847.926488199017,17100.682665698358
2012-10-17,15143.086491668088,13876.61407596009,18999.5727286572,17238.2709694911
2012-10-18,15025.230065601105,13768.614419364105,18939.916048201547,17184.144593202454
2012-10-19,14767.292648180743,13532.249263603979,18666.825737626532,16936.37034900937
2012-10-22,14564.284232587901,13346.219193782747,18503.30329190454,16788.006790038493
2012-10-23,14579.113338815303,13359.808086926974,18528.10180802009,16810.50642971704
2012-10-24,14541.973175063336,13325.77409264268,18447.78658791153,16737.636605380547
2012-10-25,14560.050488965942,13342.339533822354,18459.811613275655,16748.546884711675
2012-10-26,14567.734977435806,13349.381340056912,18407.863132884726,16701.41414155891
2012-10-29,14287.243393345743,13092.348306129907,18041.635921824512,16369.13699033988
2012-10-30,14567.920543933453,13349.551386940992,18370.97356164952,16667.944313895805
2012-10-31,14579.696355094147,13360.342343394834,18452.19923839585,16741.640193557432
2012-11-01,14711.397291094378,13481.028642276071,18563.60362831176,16842.717153970585
2012-11-02,14535.61945613303,13319.951758761703,18402.743677573457,16696.769270901437
2012-11-05,14360.432901898188,13159.416704976484,18224.05413644639,16534.64463929241
2012-11-06,14764.517715324182,13529.706408661004,18617.10583915503,16891.25959337987
2012-11-07,14460.959183000105,13251.535600824453,18364.10992952785,16661.7169554158
2012-11-08,14387.393478606758,13184.122468788637,18328.225338245218,16629.158943875547
2012-11-09,14419.980194116833,13213.983836574207,18364.491093569013,16662.06278472045
2012-11-12,14163.208239072152,12978.686671254225,18101.162717654883,16423.145522590807
2012-11-13,14372.288740224158,13170.280995627332,18309.167646090904,16611.8679412777
2012-11-14,14306.888019916085,13110.34997981333,18202.77785379107,16515.34071436348
2012-11-15,14318.02892570453,13120.559130382995,18170.12747089138,16485.717093047322
2012-11-16,14348.654966599443,13148.623802034122,18226.543548462498,16536.903277394504
2012-11-19,14317.781224303015,13120.332145167213,18207.884845257406,16519.97427660158
2012-11-20,14569.845219282455,13351.315094561247,18434.605667197076,16725.677584714762
2012-11-21,14610.235270095722,13388.327175813803,18444.784649064633,16734.912952800794
2012-11-22,14612.808052609693,13390.684786996135,18494.325304874947,16779.86108195406
2012-11-23,14778.406870878749,13542.433962688889,18679.375601651063,16947.756813314372
2012-11-26,14417.539304509985,13211.74708760662,18372.62132624204,16669.439327122967
2012-11-27,14659.013221943533,13433.02564686726,18639.971280916136,16912.00535890546
2012-11-28,14643.435420227648,13418.75067441154,18614.173465949745,16888.59905755529
2012-11-29,14717.414167952325,13486.54230543491,18733.02047629157,16996.428691276273
2012-11-30,14670.820356966395,13443.845307452646,18686.103162184692,16953.86071433881
2012-12-03,14361.586078920367,13160.47343753274,18420.796657163843,16713.148699977566
2012-12-04,14599.49572607858,13378.485819643798,18628.249686243053,16901.37038157966
2012-12-05,14596.770046161531,13375.988098434565,18626.188769400716,16899.500516215787
2012-12-06,14640.5768971366,13416.131220195019,18692.363311775294,16959.540534432323
2012-12-07,14700.873926225042,13471.385385390973,18744.93268719503,17007.236614292873
2012-12-10,14437.247705334374,13229.807201866997,18488.8282963611,16774.87365809792
2012-12-11,14676.891612075664,13449.408801008225,18707.44657544325,16973.225546717906
2012-12-12,14745.789140859151,13512.544174252103,18838.315836520764,17091.962942355683
2012-12-13,14670.75498498316,13443.785402770513,18752.135609786834,17013.771810277703
2012-12-14,14679.08543892102,13451.41914998822,18763.897144864957,17024.443025446035
2012-12-17,14823.71056020442,13583.948736664152,18893.46456643862,17141.99926493642
2012-12-18,14869.14411325742,13625.582513382198,18870.85503963152,17121.48569049141
2012-12-19,14792.564819003748,13555.407829168893,18815.321044817043,17071.09981790879
2012-12-20,14832.881791603628,13592.352944009743,18812.014889257574,17068.100150168088
2012-12-21,14757.322983946064,13523.113399318467,18758.00598483301,17019.0979887757
2012-12-24,14723.755332943065,13492.353135308786,18736.677507071432,16999.7467073405
2012-12-25,14726.354230394416,13494.734677339547,18758.474416654557,17019.52299594749
2012-12-26,14739.676605241139,13506.942852629636,18796.86410559241,17054.353877136044
2012-12-27,14726.467418291903,13494.8383989139,18819.248319204897,17074.66302541015
2012-12-28,14614.275473343652,13392.029481898546,18732.08662998565,16995.581414556153
2012-12-31,14526.874298416496,13311.937990978453,18635.343419065593,16907.806509924576
2013-01-02,15112.162549132807,13848.276417286243,19252.06841447604,17467.359755482998
2013-01-03,15005.355850382502,13750.40235838149,19104.8360707008,17333.776170540445
2013-01-04,15065.347245349134,13805.376450769358,19151.872637042048,17376.4523447705
2013-01-07,14792.543422627858,13555.388222251173,18871.706044147835,17122.25780503619
2013-01-08,15100.644897743316,13837.722029745679,19222.571245518477,17440.597038311134
2013-01-09,15060.480801871014,13800.9170059854,19227.154158732028,17444.755105491546
2013-01-10,15213.956113162496,13941.556608496523,19344.650929547748,17551.35966983033
2013-01-11,15107.013374114153,13843.55788684777,19244.832254097782,17460.794402926887
2013-01-14,14772.715328129521,13537.218424742163,18980.87621580461,17221.30766408733
2013-01-15,15178.193778200808,13908.78521007708,19405.593432341426,17606.652669926687
2013-01-16,15055.043714861065,13795.934642701932,19250.239475669518,17465.700363285934
2013-01-17,14974.77641670361,13722.380396012273,19173.91519364892,17396.451508387298
2013-01-18,15020.088830269146,13763.903164586907,19250.385000952203,17465.832398058068
2013-01-21,14772.521559529594,13537.040861728,19008.609712782392,17246.47020551193
2013-01-22,15047.965952738818,13789.448820043131,19281.299829051863,17493.881354282927
2013-01-23,15047.633594618266,13789.144258263308,19322.13822033924,17530.933937781716
2013-01-24,15384.673689876778,14097.996441905032,19670.7600476827,17847.237762686225
2013-01-25,15538.946288903413,14239.366652024733,19821.062142203322,17983.60652579639
2013-01-28,15210.55550717539,13938.440407784505,19478.041680470178,17672.38480771443
2013-01-29,15611.310066724996,14305.678379060113,19904.467534547526,18059.280056674143
2013-01-30,15548.872967356288,14248.463125588592,19873.096549666734,18030.817230394936
2013-01-31,15512.87779926482,14215.478366736463,19784.8806536752,17950.779140031733
2013-02-01,15711.625545995632,14397.604103214797,20043.50000225676,18185.423911915364
2013-02-04,15332.229063564653,14049.937953954659,19647.20056964556,17825.862299558503
2013-02-05,15721.698137723708,14406.834286786165,20035.890551840457,18178.519874120488
2013-02-06,15732.260944499174,14416.513686904676,20105.321307707254,18241.51424774886
2013-02-07,15647.520833384498,14338.86070517342,20083.90959469911,18222.087447155674
2013-02-08,15685.397065853793,14373.569208021694,20137.2627437893,18270.49464316093
2013-02-11,15381.271341380434,14094.878644416278,19813.963590704112,17977.16602547663
2013-02-12,15698.468757441668,14385.547665622444,20098.240459180637,18235.08980929758
2013-02-13,15726.08071724866,14410.85033495167,20139.606864472582,18272.62145875309
2013-02-14,15791.855276858043,14471.12392450145,20193.749757731042,18321.745187922734
2013-02-15,15670.961191480123,14360.340659294674,20047.438056053576,18188.996899551
2013-02-18,15391.020816601937,14103.81273491139,19769.081632580204,17936.444722590993
2013-02-19,15811.69144753243,14489.301122745992,20193.89526845332,18321.877209484242
2013-02-20,15505.765854571087,14208.961220321242,19912.12490854354,18066.227575428544
2013-02-21,15360.244512354384,14075.610366988403,19751.60775743532,17920.5907137174
2013-02-22,15348.329512877626,14064.691863052945,19790.667176706673,17956.02923977936
2013-02-25,14886.24140325572,13641.249893686845,19351.466846690237,17557.543736613607
2013-02-26,15329.575086625442,14047.505938937618,19809.511800499607,17973.126925916833
2013-02-27,15401.755691868277,14113.649812795511,19803.13998019087,17967.345787223898
2013-02-28,15353.261847201049,14069.211687986744,19779.762314136202,17946.135281712013
2013-03-01,15325.9417121198,14044.176437000482,19772.656855369558,17939.688514443544
2013-03-04,15333.20914608309,14050.836068541688,19854.60455003029,18014.039479386884
2013-03-05,15484.670011227974,14189.62970049928,20042.06605067268,18184.12289076523
2013-03-06,15531.784002149005,14232.803373841842,20104.70961516337,18240.95926043561
2013-03-07,15614.610816317449,14308.703074737636,20225.432076273453,18350.490486555267
2013-03-08,15602.661125525947,14297.75278085059,20254.995376152583,18377.313204168287
2013-03-11,15452.212439591118,14159.886675806441,20085.24887461822,18223.302572910306
2013-03-12,15597.372609827458,14292.906563309472,20260.224738007873,18382.05779279385
2013-03-13,15569.495557302045,14267.360971947814,20242.798455968652,18366.246965041406
2013-03-14,15656.83587064688,14347.39669136516,20384.16129094801,18494.505157432966
2013-03-15,15631.218218328087,14323.921538201661,20428.319759956692,18534.57004021959
2013-03-18,15441.97958945456,14150.509636830917,20277.750882492215,18397.959225525323
2013-03-19,15490.720326396638,14195.174005399058,20239.60575763189,18363.35023679183
2013-03-20,15401.533162446765,14113.445894333807,20042.596902170226,18184.60453117314
2013-03-21,15248.909076452706,13973.586325995408,19872.19101544501,18029.995641167152
2013-03-22,15277.364637835064,13999.66204337542,19761.49351832007,17929.560043044152
2013-03-25,14930.286253800952,13681.611110231825,19568.895086052384,17754.815904786672
2013-03-26,15342.327506383523,14059.191826594335,20040.80961033285,18182.98292518051
2013-03-27,15361.447091345564,14076.712369844006,20109.240293732648,18245.069935237
2013-03-28,15296.947522120148,14017.607138509613,20008.11557462201,18153.31969776384
2013-03-29,15306.355133108418,14026.227956143643,20062.37818268595,18202.552043915846
2013-04-01,14983.407639635425,13730.289757798866,19639.083760802903,17818.49793656805
2013-04-02,14928.353018821628,13679.839558854832,19566.922451734514,17753.026137965026
2013-04-03,15081.766820646762,13820.422796164117,19768.005314629936,17935.46818165815
2013-04-04,15050.372268578372,13791.653886775639,19726.855780923528,17898.133299320012
2013-04-05,15037.752479674953,13780.089537563927,19710.31474451321,17883.12565299925
2013-04-08,14711.842901599206,13481.43698472376,19283.137852832962,17495.548989257637
2013-04-09,15100.209040642463,13837.322624988652,19792.177940239657,17957.39995224349
2013-04-10,15065.737560828537,13805.734122719428,19746.99540928897,17916.40594028655
2013-04-11,15198.746442435116,13927.61897887112,19921.333091986224,18074.58214021738
2013-04-12,14989.447069729209,13735.824087982897,19646.99977539264,17825.68011937001
2013-04-15,14452.119089757098,13243.43483732447,18942.71210869521,17186.68145280057
2013-04-16,14661.277160635213,13435.100243980163,19216.860217858124,17435.415435349343
2013-04-17,14436.425936167632,13229.054160299636,18922.14274522148,17168.018914105938
2013-04-18,14303.79553992206,13107.51613537624,18748.301151657346,17010.292814765467
2013-04-19,14135.093068863078,12952.922876872808,18527.179091878534,16809.669251370808
2013-04-22,14127.175419185456,12945.667409565964,18516.801253342244,16800.253461062202
2013-04-23,14648.969813013375,13423.82220542832,19200.728705145408,17420.779348987773
2013-04-24,14751.195659186174,13517.498525424833,19334.71838251331,17542.347891531826
2013-04-25,14934.341296255458,13685.327014465338,19574.77141940157,17760.147489240022
2013-04-26,14998.1530451909,13743.801950468405,19658.41088996843,17836.033398779535
2013-04-29,14867.668943951285,13624.2307179494,19487.38249273527,17680.859706345065
2013-04-30,15167.90257708549,13899.354700231286,19880.905355540886,18037.902142962666
2013-05-01,15007.037674517534,13751.943525334367,19702.193484727348,17875.757251677725
2013-05-02,15227.450857406335,13953.922737292562,19920.950680670256,18074.23517926302
2013-05-03,15350.446764628592,14066.632041197345,19996.69746076017,18142.960067917327
2013-05-06,15187.965453378662,13917.739643863963,19824.398829752638,17986.63389514501
2013-05-07,15417.877735943028,14128.423510605671,20108.604238073553,18244.49284332237
2013-05-08,15551.632845513948,14250.992184912897,20329.72427815646,18445.114574251333
2013-05-09,15106.101024305874,13842.721840233442,19920.337502819715,18073.678844334274
2013-05-10,15446.331756708916,14154.497816216672,20235.569914749005,18359.68852533132
2013-05-13,15322.685848135126,14041.192872981092,20114.401232453292,18249.75244370148
2013-05-14,15623.616129308744,14316.955240046356,20409.349783368227,18517.35862176366
2013-05-15,15692.127252321217,14379.736524065162,20473.535175804405,18575.59388857201
2013-05-16,15581.758576938308,14278.598389827717,20378.435644010096,18489.31029043249
2013-05-17,15591.460346550875,14287.488764510683,20410.350973590805,18518.266999472744
2013-05-20,15719.219963742806,14404.563371674834,20629.21568357648,18716.84247431495
2013-05-21,15679.672129402737,14368.32306921212,20569.29448106613,18662.476097742012
2013-05-22,15540.797851475101,14241.063361560065,20398.363017005104,18507.390352563576
2013-05-23,15629.250323276063,14322.118225502236,20474.746366970576,18576.69279967999
2013-05-24,15638.040433183853,14330.173185958469,20477.090382708535,18578.81952005548
2013-05-27,15376.857245331657,14090.833715570574,20158.036180780848,18289.342337313967
2013-05-28,15608.461904312377,14303.068419020106,20493.199367426252,18593.43516681624
2013-05-29,15731.891360931299,14416.175012979578,20630.73550947542,18718.22140904399
2013-05-30,15939.089124614902,14606.04406019273,20808.796734902844,18879.77597118674
2013-05-31,15744.284442048815,14427.531614817286,20572.320179682665,18665.22130750903
2013-06-03,15651.489179380667,14342.497163694541,20451.068949638287,18555.21033048656
2013-06-04,15858.86768018757,14532.531832315892,20722.040738333122,18801.062444390354
2013-06-05,15794.728591412064,14473.756933116107,20638.2331905732,18725.024038779524
2013-06-06,15964.226374442826,14629.078988705158,20859.7080168881,18925.96766648431
2013-06-07,15966.365408587773,14631.039127501239,20862.50299277075,18928.503542017217
2013-06-10,15810.94699247398,14488.618929221666,20659.425016767418,18744.25133654519
2013-06-11,15920.472425125969,14588.984344241282,20802.536777522786,18874.09632548544
2013-06-12,15975.034676299225,14638.98335224163,20873.830719460384,18938.78116377919
2013-06-13,16081.888298210239,14736.900409949352,21013.451350071024,19065.458657940268
2013-06-14,15908.950046931539,14578.425625215981,20787.481024794244,18860.436273815296
2013-06-17,15673.268162795912,14362.45469005394,20479.52652874615,18581.02983005127
2013-06-18,16016.922174345033,14677.367643667889,20928.563154236697,18988.439782684396
2013-06-19,16067.021582901041,14723.277053110152,20994.025708436642,19047.83381558028
2013-06-20,15584.20551885923,14280.840684931934,20363.152537037702,18475.44396075191
2013-06-21,15636.551656142645,14328.808920855889,20431.55078659473,18537.50154365347
2013-06-24,15467.600518469793,14173.9877926486,20210.790236204462,18337.20597693994
2013-06-25,15508.906555629565,14211.839252916547,20264.762903233725,18386.175260222462
2013-06-26,15432.864666628087,14142.15702876356,20165.402523067554,18296.025803632176
2013-06-27,15477.546162543124,14183.101645667826,20223.785744194854,18348.99677304488
2013-06-28,15471.877783949556,14177.90733457262,20216.379138975306,18342.276776255374
2013-07-01,15408.814270420613,14120.118056277423,20133.976995089477,18267.51349051956
2013-07-02,15514.151233743394,14216.64529917259,20271.61587885127,18392.392950079473
2013-07-03,15575.27854714672,14272.66030893067,20351.488080581727,18464.86082480609
2013-07-04,15613.783458141486,14307.944911590606,20401.80064704927,18510.509306817996
2013-07-05,15610.539147072579,14304.971934273837,20397.56145749971,18506.663099369543
2013-07-08,15596.548383628884,14292.151270200959,20379.280381203014,18490.076718648415
2013-07-09,16085.044962950311,14739.793071124423,21017.576016261573,19069.20095859444
2013-07-10,15979.846324686972,14643.392584651598,20880.11787538602,18944.485486661677
2013-07-11,16196.618923589373,14842.035688147476,21163.364492735735,19201.474525878413
2013-07-12,16279.1336315655,14917.64938544791,21271.182602746776,19299.297662342182
2013-07-15,16071.018395617079,14726.939597573912,20999.248156696838,19052.572131516074
2013-07-16,16366.035111880592,14997.282973067295,21384.732703020356,19402.32142109106
2013-07-17,16335.309226353673,14969.126807160575,21344.584625335992,19365.895157621286
2013-07-18,16356.172425239816,14988.24513944325,21371.845591627472,19390.628972983028
2013-07-19,16280.873279078496,14919.24353979546,21273.455718795256,19301.36005558378
2013-07-22,16172.16022690617,14819.622562866805,21131.405457620695,19172.47816290202
2013-07-23,16364.4348859945,14995.816579999548,21382.641762691524,19400.42431548325
2013-07-24,16220.021831153474,14863.481323863885,21193.943977584113,19229.21922590152
2013-07-25,16377.614633120364,15007.894056053388,21399.863121893875,19416.049217191976
2013-07-26,16333.580300472508,14967.54247775507,21342.32551874242,19363.845475127615
2013-07-29,16034.232149750034,14693.229921710858,20951.181289576212,19008.961167632122
2013-07-30,16340.786497142013,14974.145993504204,21351.741518923845,19372.38859159104
2013-07-31,16284.855369560191,14922.892593299877,21278.658930200356,19306.080917962823
2013-08-01,16450.465025945363,15074.651700676954,21495.053323260476,19502.415079637023
2013-08-02,16484.678317332004,15106.003607773435,21539.758231088927,19542.975745175074
2013-08-05,16153.12943031688,14802.183382289391,21106.538805715983,19149.916703770316
2013-08-06,16354.635021388716,14986.836314371012,21369.83673791382,19388.80634438245
2013-08-07,16303.800859838078,14940.253602048702,21303.41411633742,19328.54124444623
2013-08-08,16406.582044995863,15034.438815973825,21437.713484295105,19450.390768588117
2013-08-09,16302.007906072218,14938.610599647669,21301.071347501245,19326.415655382014
2013-08-12,16402.782804299128,15030.957319849551,21432.749194152824,19445.88667895063
2013-08-13,16411.941182847815,15039.349749276114,21444.716019099604,19456.744153169817
2013-08-14,16423.420548186954,15049.869052770542,21459.71556894168,19470.35321208345
2013-08-15,16353.53071970641,14985.824369528906,21368.39379854957,19387.497168638933
2013-08-16,16384.69894564335,15014.385881278657,21409.119861761115,19424.44783711909
2013-08-19,16037.49669618653,14696.22144203647,20955.446919734273,19012.831364587095
2013-08-20,16457.098093807537,15080.73002050387,21503.720442832433,19510.27873835399
2013-08-21,16481.490715165,15103.082596583045,21535.593140409423,19539.19676747009
2013-08-22,16720.17854927538,15321.808082988933,21847.475370712596,19822.16683597201
2013-08-23,16868.524862718063,15457.747644739975,22041.312560891132,19998.03489658489
2013-08-26,16721.10973050883,15322.661386086582,21848.69210168251,19823.270773331857
2013-08-27,16695.266408609736,15298.979436925698,21814.92384155156,19792.6329044377
2013-08-28,16815.345382286956,15409.015761242605,21971.82542081533,19934.989365686455
2013-08-29,16819.186327535186,15412.53547401225,21976.844204344685,19939.542897055384
2013-08-30,16691.31581892808,15295.35924969273,21809.7617907687,19787.949387001594
2013-09-02,16465.343649221348,15088.285969575563,21514.494524478156,19520.054039173054
2013-09-03,16824.61223164451,15417.507589662493,21983.93397949528,19945.975434613156
2013-09-04,16875.414151252036,15464.060756554823,22050.31447203245,20006.20231096381
2013-09-05,16855.71342923838,15446.007678897788,22024.572459905597,19982.846639408457
2013-09-06,17002.427515443258,15580.451522620953,22216.276895085597,20156.779656054754
2013-09-09,17069.41138880634,15641.83328653572,22303.801589826275,20236.19062102798
2013-09-10,17005.51938517983,15583.284807838676,22220.316896675304,20160.445140700915
2013-09-11,16976.481610551724,15556.675569863271,22182.374594555848,20126.020172598608
2013-09-12,16713.098272228555,15315.319955738001,21838.223903813323,19813.77300019725
2013-09-13,16518.23764250354,15136.756242271771,21583.60863184763,19582.76111830923
2013-09-16,16580.948901907945,15194.22272675967,21665.55050174252,19657.106798455206
2013-09-17,16606.621627594686,15217.748347301354,21699.09585178093,19687.542421507736
2013-09-18,16727.047394847166,15328.102461562241,21856.450569991262,19830.3100147361
2013-09-19,16720.778413999426,15322.357778804104,21848.259185894087,19822.877989779594
2013-09-20,16478.60333869663,15100.436702104022,21531.820340609887,19535.773714426377
2013-09-23,16090.462332372617,14744.757365875137,21024.654639535784,19075.62337807904
2013-09-24,16412.59235541103,15039.946461865815,21445.566875835062,19457.51613363335
2013-09-25,16541.467089123875,15158.042924225665,21613.961463392894,19610.300176283912
2013-09-26,16521.483452113007,15139.730592800599,21587.849779470052,19586.60910231293
2013-09-27,16494.505292810314,15115.0087168918,21552.598680375886,19554.625856855986
2013-09-30,16146.454889218969,14796.067057787057,21097.817495006424,19142.00387755218
2013-10-01,16381.659715364147,15011.60083308549,21344.09474610432,19313.145986769785
2013-10-02,16555.454768879197,15170.860762510454,21545.285168509097,19499.910062005703
2013-10-03,16443.517885650428,15068.28557545819,21544.707959575626,19406.67916211998
2013-10-04,16516.560314546605,15135.219195464964,21613.68217223363,19458.42611169671
2013-10-07,16209.15943834126,14853.52739319859,21250.485852416103,19198.137889252277
2013-10-08,16008.099627779375,14669.282959351634,21107.791299175915,19030.66047932351
2013-10-09,16134.511231365586,14785.122292281172,21246.281931151087,19142.25082163722
2013-10-10,16397.628095777687,15026.23371869562,21567.017205937584,19353.521503907923
2013-10-11,16316.535724493255,14951.923402800792,21447.543019212677,19244.092931634892
2013-10-14,16445.730951720234,15070.313554615033,21584.351375313843,19360.950625056514
2013-10-15,16338.152612262162,14971.732390173185,21592.666563099763,19262.718680313388
2013-10-16,16490.90592560122,15111.710378095038,21713.81771056959,19401.769479943552
2013-10-17,16633.04724196987,15241.963889661653,21949.837183506057,19571.32714187213
2013-10-18,16633.628072131913,15242.496142845752,21957.09364280007,19549.701807428057
2013-10-21,16761.628488938124,15359.791410660482,21925.53565427209,19521.603859885417
2013-10-22,16864.795281226503,15454.329981963518,22117.15021969894,19646.121720666553
2013-10-23,16725.157124329096,15326.370281369467,21969.916167293217,19515.33732546841
2013-10-24,16941.57125430388,15524.684896021972,22222.60400419349,19721.47359120348
2013-10-25,17022.889839636726,15599.202506846412,22246.25672444123,19790.40083074284
2013-10-28,16911.621272061195,15497.23974173376,22122.867743099105,19692.062447189182
2013-10-29,16996.695284090092,15575.198699008959,22236.650665676618,19753.40088888385
2013-10-30,16979.498104927203,15559.43978364056,22130.323463017092,19745.17937028135
2013-10-31,16865.878221013776,15455.322351485001,22022.355049602505,19621.420918642652
2013-11-01,16835.231187924095,15427.238443294113,21982.338168472827,19585.766781438524
2013-11-04,16650.738739210967,15258.175781456344,21741.44005713292,19371.13200552741
2013-11-05,16920.076759450854,15504.988065392545,22093.123938182747,19684.474399873423
2013-11-06,16987.526182576938,15566.796443419164,22181.194960901434,19762.943691809112
2013-11-07,16733.721786473136,15334.218649093526,21849.793865097014,19467.672800978788
2013-11-08,16864.74250797791,15454.281622337185,22020.87211017993,19620.099653113073
2013-11-11,16693.696240568683,15297.540587854073,21797.53113845976,19421.107892030777
2013-11-12,16939.316306927016,15522.618538246925,22118.24567450513,19706.857299498755
2013-11-13,17062.33749909014,15635.351012419307,22278.87866004787,19849.977661315334
2013-11-14,17145.900422312836,15711.92525884248,22387.98963192125,19947.19307270742
2013-11-15,17262.894854443937,15819.135013248406,22540.753270402143,20083.302024040997
2013-11-18,16813.440427585465,15407.270124959055,21953.885226106617,19560.415852471848
2013-11-19,17068.929663255956,15641.391849477506,22287.486274659004,19857.646851509122
2013-11-20,17011.709011865732,15588.956773117472,22212.77130965262,19791.077505314766
2013-11-21,17133.96956561745,15700.992223886327,22372.411103560702,19933.31295581861
2013-11-22,17186.19788198663,15748.852492695529,22440.6074056834,19994.074320624077
2013-11-25,17180.460578987768,15743.595021598347,22433.116012587092,19987.399658587314
2013-11-26,17336.670047168882,15886.740113330668,22637.08406721872,20169.130588130025
2013-11-27,17394.9692860135,15940.163570881023,22713.207380818727,20236.95474111018
2013-11-28,17437.012987110782,15978.691001518959,22768.105281837015,20285.867530909618
2013-11-29,17524.595455836206,16058.948623965427,22882.464711990426,20387.75920007952
2013-12-02,17363.727438853923,15911.53459512419,22672.41383057855,20200.60860927163
2013-12-03,17360.59664554202,15908.66564165392,22668.325846484386,20196.96630778118
2013-12-04,17498.623188875918,16035.14851389645,22848.551833162102,20357.54359105157
2013-12-05,17395.510318469573,15940.65935478872,22713.913825433396,20237.584167305016
2013-12-06,17456.077708803547,15996.161269917784,22792.998742144155,20308.047041761558
2013-12-09,17229.217319257878,15788.274055076918,22496.779358854576,20044.12226211405
2013-12-10,17594.536650885242,16123.04037779916,22973.78932668166,20469.12736897215
2013-12-11,17473.783580330488,16012.386333823551,22816.117905233044,20328.645693869024
2013-12-12,17298.65977938781,15851.908785040225,22587.45275827435,20124.91021290915
2013-12-13,17361.03285945153,15909.065373378371,22668.89542593153,20197.473790203192
2013-12-16,17423.33481605639,15966.156786575973,22750.245225251656,20269.954623906586
2013-12-17,17335.05200619809,15885.257395119743,22634.971335686052,20167.2481920558
2013-12-18,17551.79211774152,16083.870728294825,22917.976325248525,20419.399245372937
2013-12-19,17486.53537703957,16024.071650539165,22832.76836309642,20343.480875732606
2013-12-20,17634.10157553567,16159.296341246276,23025.450604365786,20515.15640048817
2013-12-23,17438.49603919065,15980.050020459923,22770.041753749825,20287.59288364381
2013-12-24,17839.479463473628,16347.497715663501,23293.619549275634,20754.088873129385
2013-12-25,17826.69983039963,16335.786890641284,23276.932744516864,20739.221307002987
2013-12-26,17950.702416814973,16449.41868142933,23438.847170159115,20883.483403003673
2013-12-27,17878.804720119202,16383.53405542878,23344.967884234353,20799.83907974567
2013-12-30,17901.19475109431,16404.051525177187,23374.20331480274,20825.88718802601
2013-12-31,17974.106453999895,16470.865352292192,23469.406623377407,20910.711185558674
2014-01-02,17904.35625742601,16406.948623023643,23378.33140193914,20829.565220421264
2014-01-03,18083.971684504264,16571.542146611133,23612.86141903454,21038.526168200024
2014-01-06,18056.70605445971,16546.55684220345,23577.259751714057,21006.80588677112
2014-01-07,18066.222100606203,16555.277026161755,23589.68517920501,21017.876662005874
2014-01-08,18031.56247169606,16523.516110402164,23544.428914233544,20977.554352143434
2014-01-09,17970.854964630365,16467.88579702267,23465.16104230552,20906.928468720813
2014-01-10,18049.5938238995,16540.03943382983,23567.973068593314,20998.531661873752
2014-01-13,17940.00202561295,16439.613203579498,23424.875302751283,20871.034784733245
2014-01-14,18066.423106261518,16555.461220969562,23589.94763917598,21018.11050791169
2014-01-15,18023.475035628522,16516.105056570115,23533.868871869527,20968.14559292235
2014-01-16,18024.82204142835,16517.339407285377,23535.62770349329,20969.712672171467
2014-01-17,17987.4676626903,16483.10911360777,23486.85281134437,20926.255344971003
2014-01-20,17827.37344860693,16336.404171662722,23277.81231088954,20740.00498077383
2014-01-21,17930.0041067722,16430.45144772529,23411.820677573578,20859.40340857162
2014-01-22,17935.923996011024,16435.876234698855,23419.55047977915,20866.290487739665
2014-01-23,18116.57087388256,16601.41494502912,23655.42729751476,21076.451404467956
2014-01-24,17849.767420615924,16356.925252841756,23307.052887400907,20766.057673973126
2014-01-27,17506.1612238365,16042.056115071202,22858.394503677246,20366.313188158983
2014-01-28,17817.048952956946,16326.943151827525,23264.331263182885,20727.99367177074
2014-01-29,17727.481263361733,16244.86633988618,23147.37966212242,20623.792436873387
2014-01-30,17815.872387158426,16325.864986584924,23262.79498090842,20726.62487896501
2014-01-31,17685.382314989598,16206.288282507634,23092.409622844487,20574.815373514026
2014-02-03,17521.893371623773,16056.472525064637,23046.150431124457,20471.303133651065
2014-02-04,17510.473847977322,16046.008058480482,22957.65722973924,20446.915859184075
2014-02-05,17436.660852796438,15978.36831750169,22890.754197295268,20383.477055185216
2014-02-06,17628.175326160414,16153.865726058055,23117.881470835524,20540.406996523856
2014-02-07,17851.27104235999,16358.303121129713,23345.903216047533,20733.30563158418
2014-02-10,17578.605184153163,16108.44131864259,23036.05430600765,20488.907253065518
2014-02-11,18100.84421779279,16587.00356744218,23591.59114289817,20978.488698333138
2014-02-12,18133.916544262745,16617.309932744276,23667.08356336021,21008.1317884237
2014-02-13,18105.27699843388,16591.06561821853,23600.1906997275,20979.119135168177
2014-02-14,18238.693555100905,16713.324054055265,23757.215342471733,21118.70439230453
2014-02-17,18106.079846609606,16591.801321227438,23698.1747456465,20995.86095729493
2014-02-18,18107.98884483224,16593.550662857484,23670.6472562602,21001.05101198187
2014-02-19,18114.72029107892,16599.719133320203,23708.277091295447,21015.815193080427
2014-02-20,18230.03923452998,16705.393526370673,23751.131622719502,21112.47020213609
2014-02-21,18254.719525872708,16728.00971352867,23790.12501319726,21138.89133944202
2014-02-24,18418.527928084066,16878.118212290618,23943.41817737336,21294.55325247822
2014-02-25,18393.301279007406,16855.001361319773,23945.06184569972,21275.67454533498
2014-02-26,18349.36707493457,16814.741537472855,23879.94354689789,21220.281516672945
2014-02-27,18425.42700386165,16884.440292805644,24018.330632077035,21288.862067196565
2014-02-28,18394.867705492918,16856.43678175601,23999.1664361669,21249.2944736213
2014-03-03,18165.693637642973,16646.429390097688,23865.35837967938,21077.428152582
2014-03-04,18506.068582168715,16958.33751720961,24226.820013720273,21360.674232980367
2014-03-05,18450.651440042562,16907.55511595341,24193.771980055495,21308.443711062773
2014-03-06,18509.797144041033,16961.754245641358,24263.80592959231,21369.96099246198
2014-03-07,18390.242466385018,16852.19836852733,24132.707575504694,21250.214059090173
2014-03-10,18120.70700943259,16605.205160242196,23844.79394472209,21008.101254075715
2014-03-11,18407.167997850625,16867.7083551016,24241.102919205598,21285.277350382657
2014-03-12,18511.69457107248,16963.492983821798,24342.477465520584,21402.903232805616
2014-03-13,18364.76594152433,16828.852539809857,24270.991351765602,21288.629176594426
2014-03-14,18276.26016154512,16747.748826049847,24202.837957036714,21222.915470520547
2014-03-17,18051.87737331565,16542.132001549675,23937.68745819109,20993.466700019104
2014-03-18,18361.07777485088,16825.47282817687,24222.592121806214,21258.24728216244
2014-03-19,18161.63896576696,16642.71382544982,23972.428521980375,21064.620136563444
2014-03-20,18326.914730523113,16794.1669657916,24092.161570516262,21198.232013267996
2014-03-21,18243.259001107577,16717.507674901262,24033.443144241104,21138.74037592996
2014-03-24,18024.1364799173,16516.711181822928,23724.60467425459,20926.906871956548
2014-03-25,18101.15420152322,16587.28762608501,23832.71115648399,20994.213668336375
2014-03-26,18033.49044968972,16525.282844454687,23770.812837368794,20934.06383673709
2014-03-27,17939.28187231325,16438.95327936782,23646.568188301488,20844.474823934157
2014-03-28,17936.053162065895,16435.994598118108,23689.357439267325,20837.49067998519
2014-03-31,17971.137606207023,16468.144800237333,23734.390862686843,20851.635028951612
2014-04-01,17954.280392354398,16452.697417621013,23756.29404202206,20826.225561231437
2014-04-02,17990.23601932286,16485.64594232072,23823.243669498275,20884.917714165465
2014-04-03,17988.202060016203,16483.78209056499,23817.51177761016,20879.892785902524
2014-04-04,17970.44563975393,16467.510705501863,23825.52257883907,20886.915545977157
2014-04-07,17801.991293019822,16313.144819766925,23658.25995284874,20740.28286115364
2014-04-08,17898.345831631446,16401.44087140187,23704.756062514316,20781.0442049012
2014-04-09,17918.306471843098,16419.732129335218,23710.8445558233,20786.38175185851
2014-04-10,17684.769030494852,16205.726289266891,23570.154909840145,20663.044572406525
2014-04-11,17649.34561095943,16173.265461521218,23544.65272447323,20640.68779134395
2014-04-14,17755.791443857153,16270.808835121346,23659.758822652613,20741.596862427035
2014-04-15,17686.793673016058,16207.581603434448,23546.213729014573,20642.05626374215
2014-04-16,17783.84569715976,16296.516807302824,23672.189010086302,20752.49392771864
2014-04-17,17715.618201341174,16233.995429685081,23610.12187515502,20698.08206744566
2014-04-18,17709.179518614164,16228.09523784444,23599.963735902882,20689.176819052405
2014-04-21,17454.8689415608,15995.05359635702,23331.15891911014,20453.52601692946
2014-04-22,17758.16940644299,16272.987919887779,23639.143933992076,20723.524585648323
2014-04-23,17791.286976238014,16303.335744648077,23702.02869733816,20778.653229177216
2014-04-24,17813.278532245487,16323.488065366411,23713.52618796334,20788.732635195873
2014-04-25,17801.34794794738,16312.555280025943,23677.598126874287,20757.23589151629
2014-04-28,17749.174117937684,16264.744940680153,23629.844343675093,20715.3719939509
2014-04-29,17826.21857958727,16335.345888617001,23741.714124217226,20813.44391034218
2014-04-30,17833.995847098362,16342.4727144379,23753.060437782977,20823.39078527102
2014-05-01,17810.924831909364,16321.331213707881,23717.75760801758,20792.44215774758
2014-05-02,17838.02121701873,16346.161427761215,23795.52741511761,20860.619944301903
2014-05-05,17923.064759220964,16424.09246351422,23887.991855403245,20941.679948289704
2014-05-06,17784.360093132087,16296.98818243458,23689.22285952866,20767.426845708083
2014-05-07,17768.65714399172,16282.598529097053,23663.574101726364,20744.941570251773
2014-05-08,17755.176506410622,16270.245327171293,23554.259558335918,20649.109731592704
2014-05-09,17824.81741077402,16334.061904741753,23603.885083623278,20692.614513163473
2014-05-12,18012.091571777655,16505.673633967264,23802.601872599542,20866.821847973475
2014-05-13,18030.602817946023,16522.636716049965,23816.036367497836,20878.599350834746
2014-05-14,18050.771132725433,16541.11827995771,23937.394388652392,20984.98924135213
2014-05-15,17825.272486577513,16334.478920870126,23716.895144283153,20791.686069098418
2014-05-16,17855.66978587171,16362.333981427899,23768.39674207328,20836.83553098181
2014-05-19,17608.149796438407,16135.515005564457,23530.60928513725,20628.37645041051
2014-05-20,17887.836160909337,16391.81016337174,23782.40730109702,20849.118047015294
2014-05-21,17914.78202758844,16416.502447408682,23841.366835734385,20900.805594120535
2014-05-22,17903.13455829825,16405.829099119317,23837.986712921465,20897.84237098472
2014-05-23,17982.62913939737,16478.6752539405,23900.434714583713,20952.588122412344
2014-05-26,17971.18920408985,16468.192082798094,23885.60162621727,20939.584526668717
2014-05-27,17910.387981096872,16412.475891301456,23795.876348270827,20860.92584052215
2014-05-28,17865.3443278433,16371.199405618361,23778.906707569542,20846.04921185638
2014-05-29,17963.87061907605,16461.485578158205,23915.19555521081,20965.528381352964
2014-05-30,17981.655821210745,16477.783337959147,23951.10087194315,20997.005185933358
2014-06-02,18027.471573223662,16519.767348922367,24012.126269653792,21050.503795415025
2014-06-03,18040.579130140257,16531.77867230154,24029.58519674124,21065.809362560183
2014-06-04,17928.976443169402,16429.50973143623,23880.933301732453,20935.49198687518
2014-06-05,18073.65391414825,16562.087289608666,24073.639954321392,21104.430467215087
2014-06-06,18127.938064981146,16611.831455830245,24145.945040419905,21167.817543905086
2014-06-09,18062.40977129414,16551.783536071543,24058.663046610833,21091.300790606514
2014-06-10,18091.299382524485,16578.257002102964,24097.143262204383,21125.03490958056
2014-06-11,18083.408075066996,16571.025673918808,24086.632244598164,21115.82030636181
2014-06-12,18057.192093046753,16547.002231583097,24051.713234020546,21085.208158297886
2014-06-13,18121.59790773075,16606.02154941565,24137.500114804712,21160.4142037461
2014-06-16,18109.501151894114,16594.93649007795,24121.38754863465,21146.288939223174
2014-06-17,18103.75357161638,16589.669601228798,24113.731920233666,21139.577545450647
2014-06-18,18221.85661443128,16697.895249100562,24271.04212124454,21277.48532363945
2014-06-19,18386.77799576298,16849.023644416367,24490.7131392804,21470.062421851304
2014-06-20,18438.259014180792,16896.199114569987,24559.284525440566,21530.17630799414
2014-06-23,18452.378040612966,16909.137314522508,24578.090703784368,21546.662958287325
2014-06-24,18382.94212086573,16845.508577945464,24485.603853043933,21465.583307919253
2014-06-25,18408.036144551443,16868.503895478072,24519.0284441136,21494.88535611235
2014-06-26,18371.456720040384,16834.983743734898,24470.305595950274,21452.171916716452
2014-06-27,18430.713037055568,16889.284235463245,24549.233478912887,21521.36494365669
2014-06-30,18429.935103844873,16888.57136368855,24548.19729197959,21520.456558587946
2014-07-01,18585.807045192465,17031.40715720669,24698.006792408123,21651.78876223979
2014-07-02,18575.322548502663,17021.7995178113,24743.47911850514,21691.652594469484
2014-07-03,18590.025032350328,17035.27237847444,24758.919328014817,21705.188429873455
2014-07-04,18599.33266745063,17043.80158157434,24810.319709292035,21750.249159148785
2014-07-07,18527.297564019664,16977.791040672822,24739.337339287682,21688.021656577617
2014-07-08,18455.071599716477,16911.605601300813,24696.94780935309,21650.860392691477
2014-07-09,18527.817344827596,16978.267350286435,24790.685067741833,21733.03622715632
2014-07-10,18452.19040270242,16908.965369465455,24777.97929726366,21721.897568852146
2014-07-11,18402.45010676123,16863.38503871982,24725.34802254938,21675.757762835437
2014-07-14,18352.203741717025,16817.340963304825,24690.08431822526,21644.84343507541
2014-07-15,18275.964794438358,16747.478161588304,24601.82772370811,21567.47228697339
2014-07-16,18388.461504211453,16850.566354817303,24735.21925281452,21684.4114891997
2014-07-17,18285.281592332427,16756.015761163584,24706.498566557857,21659.2331726998
2014-07-18,18386.468225340166,16848.739781241446,24801.438124081065,21742.4630163852
2014-07-21,18089.810869007742,16576.89297848531,24549.151322773796,21521.292920542273
2014-07-22,18265.342675358337,16737.744409672967,24636.80733443515,21598.137560848045
2014-07-23,18202.7964104204,16680.429120553144,24708.685370164716,21661.150258971506
2014-07-24,18173.518187959213,16653.599544287597,24669.020626741585,21626.377710193596
2014-07-25,18209.48807090654,16686.56113268585,24760.521373812993,21706.592881556586
2014-07-28,18195.92572065404,16674.133052022076,24778.30405169335,21722.182268519213
2014-07-29,18116.676980386303,16601.512177452918,24565.30548446853,21535.45465025533
2014-07-30,18152.407203145474,16634.25414933229,24621.146034359484,21584.407903882984
2014-07-31,17885.854198638477,16389.993959947093,24251.995936894637,21260.78826934932
2014-08-01,18005.001787461504,16499.17679457516,24371.562902868245,21365.6080109569
2014-08-04,18075.39471834073,16563.682503898304,24498.119918351713,21476.555659026613
2014-08-05,17944.856665919306,16444.061832334668,24423.820163539327,21411.419933305682
2014-08-06,18076.07139200424,16564.302584836827,24555.535269160056,21526.88947980256
2014-08-07,18073.46183184824,16561.9112718629,24557.69933117018,21528.786629394646
2014-08-08,18168.24483812974,16648.767224237694,24648.27443375749,21608.190323985156
2014-08-11,18189.09530479834,16667.87388914534,24653.175685954633,21612.487062508833
2014-08-12,18139.290439471453,16622.234389190915,24602.699523315823,21568.23656002213
2014-08-13,18267.125083129213,16739.377748079645,24836.291755614464,21773.017849165873
2014-08-14,18199.41059327395,16677.326471836262,24704.982439527812,21657.904042682658
2014-08-15,18186.266814763447,16665.281956209245,24697.810048180814,21651.616284173615
2014-08-18,18286.122514638817,16756.786354022584,24749.216018028095,21696.6819127325
2014-08-19,18299.95976619405,16769.466344974862,24779.73722679574,21723.438677784827
2014-08-20,18350.97309138021,16816.213236814205,24879.11290596935,21810.557498006077
2014-08-21,18371.025318401007,16834.5884218126,24860.98458090527,21794.665095505752
2014-08-22,18405.751169787552,16866.410021617594,24926.158473975156,21851.800530661425
2014-08-25,18491.59971254603,16945.078732748472,25051.67357786907,21961.834775077332
2014-08-26,18459.209201448903,16915.39716007402,25015.446585052414,21930.075969496374
2014-08-27,18418.630625940565,16878.21232114497,24964.491109638286,21885.40527200975
2014-08-28,18413.86856724312,16873.848531055814,24938.997731735908,21863.0562121112
2014-08-29,18452.521562017348,16909.26883270021,25009.383656434213,21924.760834116212
2014-09-01,18225.644452909037,16701.36629661566,24800.30992062575,21741.47396398511
2014-09-02,18368.419319072706,16832.20037186116,24938.86347528768,21862.938514667785
2014-09-03,18421.73424458122,16881.056372662406,25039.739806541354,21951.372898615147
2014-09-04,18350.009108283462,16815.329875194584,24926.036094263043,21851.693245093906
2014-09-05,18438.95997536312,16896.841451772154,25045.96534328951,21956.830586263208
2014-09-08,18354.0695885471,16819.050762453102,24929.92158898607,21855.09950826676
2014-09-09,18233.18936833795,16708.280202819675,24780.16688818896,21723.81534533552
2014-09-10,18282.340183319433,16753.320353081795,24828.82182230715,21766.469247110763
2014-09-11,18300.309829406404,16769.787131104076,24869.125097016367,21801.801571608252
2014-09-12,18256.46636623196,16729.6104591581,24801.09677894081,21742.16377228288
2014-09-15,17788.931915973186,16301.177646796707,24327.43225704017,21326.920378005714
2014-09-16,18296.840668864872,16766.60810930896,24829.140340200363,21766.748479447157
2014-09-17,18270.23471037226,16742.2273056778,24814.761895687196,21754.143452412165
2014-09-18,18272.990727645036,16744.752827017328,24841.146746214068,21777.27403193353
2014-09-19,18041.241894555686,16532.38600727391,24554.046399716855,21525.584245459177
2014-09-22,17644.42045922087,16168.752218466092,24142.0517717861,21164.404465644868
2014-09-23,18140.409310173152,16623.25968459135,24720.306456787763,21671.338016828442
2014-09-24,18204.464112499343,16681.95734652979,24733.35008716957,21682.772863862592
2014-09-25,17947.80015104858,16446.759142899442,24469.490732065457,21451.45755701722
2014-09-26,18086.537837340085,16573.89368257985,24630.865116827455,21592.928248149157
2014-09-29,17727.83039265557,16245.186270203942,24187.60459882493,21204.33886994145
2014-09-30,18094.701362432093,16581.374461829415,24580.469827351346,21548.748644041025
2014-10-01,17967.609277729072,16464.911558939475,24439.209365278657,21424.91105216724
2014-10-02,17905.946074228264,16408.40547755779,24290.53368649016,21294.572826161053
2014-10-03,17882.96301173011,16387.34457370929,24222.010939583426,21234.501580173335
2014-10-06,17890.90792246682,16394.625022131873,24070.44672160504,21101.63108340957
2014-10-07,17765.085535244896,16279.325627219527,24023.932972324663,21060.85427569292
2014-10-08,18048.842916625676,16539.35132771279,24349.730747196383,21346.46860319803
2014-10-09,17940.66611621582,16440.22175382535,24396.17138006404,21387.181312579265
2014-10-10,17716.49285512936,16234.796932937095,24122.045855931072,21146.8660518073
2014-10-13,17473.464446986938,16012.093890783644,23882.435389348942,20936.808809080623
2014-10-14,17823.81944083639,16333.14739872664,24302.09127113035,21304.70491428194
2014-10-15,17675.34816122618,16197.093322191551,24189.46943069684,21205.973696027093
2014-10-16,17461.787446942657,16001.39348150654,23867.431984416246,20923.65590338069
2014-10-17,17644.35315750726,16163.464583134593,24045.330894481096,21072.77946302879
2014-10-20,17766.424877556634,16280.529997758815,24107.544371617474,21134.132380995536
2014-10-21,17988.57608800296,16473.996483625124,24321.3328322555,21308.434608544714
2014-10-22,17850.773974260275,16363.302965355704,24185.453083502285,21209.443991674925
2014-10-23,17817.198922799234,16435.194056407094,24083.78183522127,21253.3579218689
2014-10-24,18004.589045694815,16605.224914449474,24318.45376798999,21456.798103305
2014-10-27,17627.4391935476,16314.456130664857,23914.062062716162,21173.73451226364
2014-10-28,18148.436810052208,16740.343310769236,24525.702118199995,21642.21235542479
2014-10-29,18016.998087120915,16721.82439528673,24381.517722882043,21647.78029108151
2014-10-30,18027.282287602702,16677.178202314215,24382.999072646733,21578.940698635
2014-10-31,17991.78930690362,16678.37545868415,24340.607322492422,21585.45883425521
2014-11-03,17766.05470426857,16539.785224919968,24035.217056515354,21406.09281667411
2014-11-04,18107.237780657473,16815.79823663764,24496.794454171722,21763.313909154575
2014-11-05,18116.331473476515,16779.27412247845,24509.097066337974,21716.04373199651
2014-11-06,18168.893884790963,16774.160039202547,24580.207337356842,21709.424991802032
2014-11-07,18257.951684807857,16886.535659815505,24700.691237109073,21854.86357715609
2014-11-10,17979.89873090987,16550.19675851201,24324.520882385485,21419.56761404327
2014-11-11,18428.48304819943,16920.204590274425,24931.398527066656,21898.438523302062
2014-11-12,18715.988698615565,16924.0122116566,25320.3571803948,21903.366416597488
2014-11-13,18656.650605349703,16870.3554889892,25240.08027169981,21833.922903877236
2014-11-14,18564.07600782463,16786.644516289194,25114.83859128891,21725.582630589368
2014-11-17,18570.03105236672,16792.029390589676,25122.8950107097,21732.551833484973
2014-11-18,18582.42665536547,16803.238167208416,25139.664688253793,21747.05843737368
2014-11-19,18536.797461452785,16739.23513276171,25077.93418038016,21664.224538548267
2014-11-20,18471.704224860212,16680.45415966528,24989.871293236305,21588.149127117853
2014-11-21,18431.58886695887,16679.01450962332,24935.60030564181,21586.2859056792
2014-11-24,18562.78792057039,16672.353868219085,25113.09597272453,21577.66558164363
2014-11-25,18591.92661885402,16698.52508189252,25152.516933069935,21611.536845472045
2014-11-26,18559.07593637582,16702.31191148294,25108.07412925325,21616.437829649953
2014-11-27,18568.460171628856,16704.60695539567,25120.76980845557,21619.408117495062
2014-11-28,18580.67083378782,16684.500955600543,25137.28928451707,21593.386564498225
2014-12-01,18436.20710070265,16554.77984303844,24941.848189727334,21425.499125935672
2014-12-02,18702.28467514262,16793.704023156566,25301.81737602052,21734.719173609003
2014-12-03,18761.708603498733,16847.063699904094,25382.210408697996,21803.778244062007
2014-12-04,18743.577055114627,16830.782488151985,25357.68072508298,21782.70680176731
2014-12-05,18733.919138565027,16822.11016844177,25344.614789823445,21771.482926842193
2014-12-08,18643.39257013387,16740.82189682833,25222.1438328303,21666.27815765072
2014-12-09,18716.21976086269,16849.65686940487,25320.669778287553,21807.134371500673
2014-12-10,18450.83250911413,16646.07012523946,24961.63451097657,21543.648680327173
2014-12-11,18389.462131100925,16576.285778780115,24878.60817896638,21453.33250166186
2014-12-12,18266.003749407366,16452.67404054666,24711.58465850306,21293.35192719412
2014-12-15,18108.50083864854,16345.622372987384,24498.503211319865,21154.80369934283
2014-12-16,17934.57473667631,16267.797792272744,24263.203270940205,21054.08170231917
2014-12-17,18034.057828730787,16394.371814314967,24397.791267588,21217.896118720015
2014-12-18,18267.524861685088,16649.62294555561,24713.642530347483,21548.24680541853
2014-12-19,18178.098725085285,16538.18700923771,24592.66031794973,21404.02437668107
2014-12-22,18293.39406362948,16569.959266496357,24748.640277127066,21445.1446136506
2014-12-23,18326.024475802395,16584.935545765202,24792.78508317852,21464.52718843726
2014-12-24,18233.001501210507,16561.20172005862,24666.93680550652,21433.81043673456
2014-12-25,18215.841006804265,16563.470379145445,24643.720834672433,21436.74657685498
2014-12-26,18284.108741780787,16580.70266831952,24736.078415206233,21459.04892095968
2014-12-29,18103.4432806285,16491.589374272477,24491.66097724983,21343.716864489164
2014-12-30,18200.32666159469,16587.400603467933,24622.731894763776,21467.71751124167
2014-12-31,18068.588040036735,16421.06331121893,24444.506260734244,21252.440742629726
2015-01-02,18033.58767024966,16414.492958835748,24397.15520283795,21243.93727229803
2015-01-05,17811.811993754818,16413.77545923502,24097.120861441465,21243.008671180167
2015-01-06,17760.019192179712,16305.449026064705,24027.05177471713,21102.81061833911
2015-01-07,17819.666862579892,16318.218785529358,24107.74750198174,21119.33747480246
2015-01-08,17922.210406295668,16473.80575761466,24246.475901279122,21320.700982262362
2015-01-09,17949.926106991643,16458.240872206494,24283.971726502554,21300.556622635122
2015-01-12,17775.459392771343,16430.998076912845,24047.940406368525,21265.298498257365
2015-01-13,17559.94372947883,16485.01645920077,23756.375068281955,21335.210077479067
2015-01-14,17069.53106478311,16374.385644957829,23092.908978627645,21192.029652469646
2015-01-15,17343.586799895555,16349.696724138304,23463.671603681807,21160.07679918773
2015-01-16,17481.75345128565,16494.7460939532,23650.59354619586,21347.802348887104
2015-01-19,17449.00620665362,16418.930877995143,23606.290680656188,21249.680908515005
2015-01-20,17526.132261170453,16517.509186236766,23710.632443184888,21377.26275962342
2015-01-21,17717.859546417192,16568.723982466916,23970.0151251179,21443.545886446485
2015-01-22,17911.99225585957,16709.876675319636,24232.6520406789,21626.228285488545
2015-01-23,17784.906218440094,16595.96301971319,24060.720762458997,21478.799147090525
2015-01-26,18145.256873639595,16630.955736138145,24548.22946139915,21524.08736126707
2015-01-27,17790.849536884798,16377.790892792365,24068.76131795836,21196.436786553833
2015-01-28,17421.836595608896,16223.354561050632,23569.53364541841,20996.562458890294
2015-01-29,17400.87133251191,16205.074214652972,23541.170305466407,20972.903699941016
2015-01-30,17389.459332771716,16232.955530408346,23525.731318287195,21008.988209189138
2015-02-02,17577.0856191808,16326.242656066399,23757.91250154248,21110.38518797758
2015-02-03,17482.060517025813,16319.578207856433,23593.917243736665,21070.17462687717
2015-02-04,17551.608454271183,16386.28035241846,23616.73515917809,21092.848472327
2015-02-05,17621.030679878982,16522.281369386634,23681.643245573076,21242.45502647061
2015-02-06,17532.5561439034,16399.054504969987,23588.98768241865,21107.569502470164
2015-02-09,17531.936369355222,16412.886554319182,23538.08258204248,21080.568983297933
2015-02-10,17606.292919404874,16484.97013210611,23572.080996851764,21114.194254789483
2015-02-11,17544.36908817999,16431.894325314097,23508.751399744815,21063.749441796805
2015-02-12,17762.888383283174,16614.62206752969,23739.558704613388,21242.433272335347
2015-02-13,17947.53836505812,16686.430686345855,23977.53186861452,21326.36372563826
2015-02-16,17899.176275650407,16656.04703291394,23908.509798143194,21283.607819548935
2015-02-17,17911.993072780962,16596.4337933624,23845.797857420734,21136.36512503226
2015-02-18,17822.646457999777,16564.310413800486,23762.582975513094,21127.124757513426
2015-02-19,17890.973077413426,16601.267178485657,23854.663625124726,21175.13484484808
2015-02-20,17994.1971217605,16672.844350288055,23976.35387416575,21252.281191148606
2015-02-23,17908.233784937736,16628.073017066563,23882.29310361478,21213.36682740687
2015-02-24,17918.282790365593,16636.963572056062,23950.775284331048,21273.634431462022
2015-02-25,17915.780287706784,16644.47239525521,23877.52507612731,21221.144523556657
2015-02-26,17931.20570478933,16668.871444428332,23920.738957518646,21272.38749721352
2015-02-27,17912.282987213097,16535.533892562322,23911.876306762497,21116.79273954555
2015-03-02,18252.100195671326,16701.83620351347,24365.512901347516,21329.170002673563
2015-03-03,18163.256565476717,16620.53861346475,24246.911721510536,21225.34847683486
2015-03-04,18041.888703527777,16509.479276242695,24084.892547036186,21083.519551252703
2015-03-05,18075.566722985175,16540.296812778546,24129.850782460275,21122.875252495814
2015-03-06,17810.934240199418,16298.141206890245,23776.581509099546,20813.629129964356
2015-03-09,18064.518624278142,16530.187097568414,24115.102200724712,21109.964586161404
2015-03-10,17833.323581273926,16318.62888246304,23806.470002640308,20839.793026551957
2015-03-11,17813.913128030894,16300.8670793157,23780.558154477967,20817.110220046892
2015-03-12,18055.12629983214,16521.59252144919,24102.563983204025,21098.988836374727
2015-03-13,17869.015260089654,16351.289045787702,23854.116358475112,20881.501864273665
2015-03-16,18048.7063512768,16515.717858914097,24093.993717992118,21091.486566900134
2015-03-17,17929.21872693223,16406.37905906337,23934.484553495564,20951.854862847504
2015-03-18,17846.149223482713,16330.365163388497,23823.591503582993,20854.78090740578
2015-03-19,17804.83402075227,16292.559116888575,23768.438064013935,20806.500491821524
2015-03-20,17939.324825180192,16415.626783751737,23947.97561833759,20963.664719537075
2015-03-23,17900.486396490756,16380.087143523007,23896.128530870636,20918.278630304983
2015-03-24,17755.730309633786,16247.62608828948,23702.887409900974,20749.118525309157
2015-03-25,17538.358175510275,16048.137055020516,23412.708006895286,20494.359979457313
2015-03-26,17563.749874690206,16053.4072495653,23446.604477291745,20501.090309824773
2015-03-27,17534.30513142891,16026.49451974935,23407.29742417902,20466.72126306334
2015-03-30,17613.813173200502,16096.23698909348,23513.436125850516,20555.786259685345
2015-03-31,17515.111278949214,16027.804303543091,23381.674725683675,20468.393929521273
2015-04-01,17569.851037212495,16058.141923802414,23454.749181328887,20507.13675109508
2015-04-02,17558.182340150943,16014.791480549093,23439.17213618081,20451.77583373398
2015-04-03,17577.06906945212,16032.018037697682,23464.384842747106,20473.775101449566
2015-04-06,17525.05683189697,15984.577754714759,23394.951471705317,20413.191232203808
2015-04-07,17596.37022721341,16049.62259441614,23490.1507876741,20496.25709555454
2015-04-08,17748.16269919472,16188.072277874484,23692.785081521837,20673.065010523682
2015-04-09,17714.87731929178,16167.693801402418,23648.350997511956,20647.04056723662
2015-04-10,17787.135104239795,16283.707277369285,23744.81101978332,20795.19620242228
2015-04-13,17681.295820145082,16266.987255745364,23603.5216111984,20773.843808630398
2015-04-14,17618.00276913848,16246.558629820902,23519.028997508234,20747.755321714674
2015-04-15,17672.240899855162,16267.585733676757,23591.433808984984,20774.608098100492
2015-04-16,17855.677674293598,16402.556726176,23836.311442037935,20946.973532018492
2015-04-17,17653.572881239845,16260.353161089259,23566.51306871193,20765.371702269775
2015-04-20,17731.911864095026,16322.976067725318,23671.091143397767,20845.344622937093
2015-04-21,17917.467839903275,16413.37883769165,23918.79778942803,20960.79396789707
2015-04-22,17855.46832473186,16365.319767262105,23836.03197231156,20899.41987280526
2015-04-23,18028.582370180477,16506.579883133003,24067.129350835872,21079.816865644527
2015-04-24,18075.087672840527,16583.22205141311,24129.21127783588,21177.693160005267
2015-04-27,18273.028348217787,16771.42828940614,24393.450791530307,21418.042951297823
2015-04-28,18285.23124451953,16807.47116721183,24409.74096220033,21464.07170279171
2015-04-29,18229.64853872483,16755.130734449132,24335.54121967131,21397.23007084143
2015-04-30,18159.290458272233,16600.80748316745,24241.617194567163,21200.150730471665
2015-05-01,18266.608603109333,16718.70516556811,24384.880797908387,21350.7126016458
2015-05-04,18447.310513662684,16829.725744848874,24626.107543635437,21492.492031189995
2015-05-05,18440.818072111637,16838.725804907863,24617.440504408314,21503.985606428872
2015-05-06,18340.834369832795,16788.785486062872,24483.967963622163,21440.20905290187
2015-05-07,18357.958614792522,16750.532912511335,24506.827854101564,21391.358397538068
2015-05-08,18721.448578972944,17023.593028166422,24992.0662275929,21740.071290946275
2015-05-11,18661.046318544886,16977.796083662917,24911.432654472395,21681.586055968768
2015-05-12,18782.103254343954,17086.653368116695,25073.03676026781,21820.602838186733
2015-05-13,18859.81922274964,17193.342478984825,25176.78314619213,21956.850742633418
2015-05-14,18903.631872065136,17237.81354296767,25235.270534530708,22013.642754741064
2015-05-15,18897.002518897058,17229.635606277196,25226.420726102486,22003.19907658396
2015-05-18,18918.78132993305,17281.50227645016,25255.494196858435,22069.435687463847
2015-05-19,18753.428929851983,17143.529991646672,25034.758172277583,21893.237437021668
2015-05-20,18838.7311857957,17200.710427335453,25148.631819443046,21966.260020812566
2015-05-21,18903.136886599037,17246.515890234426,25234.60975716093,22024.756134252948
2015-05-22,18803.08242764369,17128.008057312494,25101.04276024668,21873.415067064867
2015-05-25,18861.02156617727,17196.367627298892,25178.38820610215,21960.714024603603
2015-05-26,18696.48953352965,17043.645825096184,24958.747325261967,21765.679823417333
2015-05-27,18884.729041753697,17207.135073528454,25210.036334033906,21974.464649883757
2015-05-28,18921.360076471614,17236.388093373487,25258.936676429617,22011.82237664886
2015-05-29,18858.342589492797,17183.235344427892,25174.811925002,21943.9433719361
2015-06-01,18803.488974120075,17234.512696537906,25101.58547660859,22009.42739100529
2015-06-02,18783.400560721628,17199.0803348177,25074.7685903007,21964.1783023711
2015-06-03,18795.566829667685,17207.993014934662,25091.009865539636,21975.560288583736
2015-06-04,18635.061601164623,17074.57777631361,24876.74453859646,21805.18163854662
2015-06-05,18665.23012372345,17095.15096507006,24917.01779579653,21831.45474020661
2015-06-08,18705.757306471416,17095.550613594944,24971.119273627286,21831.96511351076
2015-06-09,18700.697237820215,17094.478656011146,24964.364370537733,21830.59616429692
2015-06-10,18905.13576392824,17285.8176592505,25237.278144405733,22074.94667034342
2015-06-11,18821.742899172936,17207.95544120503,25125.95342559022,21975.51230484966
2015-06-12,18798.056124020757,17178.736595322735,25094.33293154436,21938.198220127986
2015-06-15,18881.521236302113,17199.817780805675,25205.754096687102,21965.12006174735
2015-06-16,18992.311375576952,17300.740274474967,25353.652614605788,22094.003676598826
2015-06-17,18948.74042512701,17261.05001864777,25295.487880469394,22043.317021330953
2015-06-18,19150.57640295615,17444.909253124995,25564.927400800236,22278.115448338714
2015-06-19,19010.197568880492,17317.03341430004,25377.52966267266,22114.810918687166
2015-06-22,19039.502067839552,17343.727875829158,25416.649497639588,22148.901224755708
2015-06-23,19091.935544825064,17391.491307518707,25486.645199298953,22209.897772800112
2015-06-24,19008.03043724464,17315.05930062683,25374.6366655235,22112.289866173687
2015-06-25,18977.282531321816,17287.049990762687,25333.589964572908,22076.52042594746
2015-06-26,18919.23581085206,17234.17326529347,25256.100902967708,22008.993918503904
2015-06-29,19162.67659584332,17455.931729024433,25581.080468268658,22292.191760634247
2015-06-30,18899.315654165723,17216.027319271314,25229.508629775333,21985.82054026873
2015-07-01,18995.13800081687,17303.31514322907,25308.18128161015,22054.378467022245
2015-07-02,18948.014927615088,17260.38913836968,25253.035278140553,21998.61552390556
2015-07-03,18925.721919394608,17240.08168144502,25206.949155249007,21978.82246674071
2015-07-06,19218.04028722577,17506.364392342904,25496.019534429844,22290.853857845665
2015-07-07,18936.62544273674,17250.01407048859,25182.171015381147,22000.815995761095
2015-07-08,18887.874969922705,17205.605612153282,25122.771749613064,21999.61530896528
2015-07-09,18975.451991120044,17285.382489637283,25220.83663005799,22061.377297350537
2015-07-10,19196.737764143625,17486.95920190836,25524.90462134658,22274.82824350786
2015-07-13,19477.982785506458,17743.15482611999,25803.203391176936,22522.304533482944
2015-07-14,19537.819068674748,17797.66172491777,25854.86510727383,22560.105361330825
2015-07-15,19534.246304180004,17794.407172622203,25831.800450516243,22543.024125821346
2015-07-16,19889.329578243716,18117.864564347907,26125.29261444535,22815.93502237906
2015-07-17,19837.946509134883,18071.057984802224,26038.236140705085,22753.988709639463
2015-07-20,19763.974934525173,18003.67476984176,25887.083470416514,22653.091505741675
2015-07-21,19853.041837992903,18084.808831593113,25892.40111213406,22728.198344308323
2015-07-22,19804.082610770798,18040.210211790687,25810.529813618337,22669.993356823154
2015-07-23,19858.851491670925,18090.101042076632,25884.75773211073,22735.315582564574
2015-07-24,19939.015012616233,18163.124710862183,25968.57949465598,22821.33959318108
2015-07-27,19981.463210416012,18201.79221323885,25943.475492195685,22897.996163451942
2015-07-28,20024.96704224293,18241.421328437005,25951.924763369578,22929.27370009319
2015-07-29,20107.455502818728,18316.562863547806,26042.05030585885,22977.155425178742
2015-07-30,20222.37595100276,18421.247795620628,26144.215890778356,23067.297118948205
2015-07-31,20288.04873557956,18481.07136140977,26322.396778461585,23135.693988184492
2015-08-03,20250.433421695612,18446.806296827595,26273.593405110892,23092.7989615296
2015-08-04,20325.613303560487,18515.290199828596,26371.134312370967,23178.531146204572
2015-08-05,20228.91685175566,18427.206123854052,26245.677083602965,23068.262310208713
2015-08-06,20136.302538293534,18342.840606081027,26125.516158415536,22962.64858445756
2015-08-07,20099.912633507996,18309.69180818816,26078.30267204336,22921.150966211953
2015-08-10,20182.987446329156,18385.36747143669,26186.08672825671,23015.886220085107
2015-08-11,20127.285869705847,18334.627016997958,26113.817629331817,22952.36632971949
2015-08-12,20272.126682873637,18466.56742383976,26301.73897177376,23117.537104599047
2015-08-13,20195.66760040241,18396.918253641314,26202.538386623586,23030.346169791723
2015-08-14,20172.07567598268,18367.907890811483,26171.9294304131,22994.029288384154
2015-08-17,20319.487239521764,18502.135129724244,26363.186150848924,23162.062854384494
2015-08-18,20016.19417722952,18551.803686714018,25969.68353116079,23224.240880370024
2015-08-19,20155.964080340676,18543.578090651117,26151.02570434509,23213.943594587177
2015-08-20,19957.007887745134,18290.404846718946,25892.89324856842,22897.006411505827
2015-08-21,19514.290649442417,17904.79619988348,25318.497013664266,22414.278788311225
2015-08-24,18820.318457099995,17664.78663558767,24418.114150919027,22113.820674969367
2015-08-25,18819.87721046714,17581.23256779476,24417.54166269709,22009.222770111897
2015-08-26,19319.75695854151,17761.861597681305,25066.102460328428,22235.34483192937
2015-08-27,19639.642193892923,17908.919379885327,25481.132323388883,22419.44042796487
2015-08-28,19740.998217749984,17956.65337518612,25612.63503765307,22479.19665564865
2015-08-31,19651.452058117244,17921.948592530982,25496.454838435246,22435.751164002948
2015-09-01,19289.36440672825,17786.022616104714,25110.949112942268,22334.65492158979
2015-09-02,19413.696004367815,17819.665631791057,25252.028983071516,22348.036327429625
2015-09-03,19314.549052629598,17761.655857612706,25172.511986316516,22281.593148038763
2015-09-04,19200.130074829038,17694.043095552406,25030.885725915407,22221.838022785618
2015-09-07,19345.410380122525,17730.204161608144,25215.853444168875,22260.440310913884
2015-09-08,19697.45218078507,17885.279610053367,25591.49008011584,22405.62405732771
2015-09-09,19437.644957516746,17739.558368344886,25372.209520326644,22240.411531036225
2015-09-10,19642.128678139314,17856.797176276166,25593.77185722726,22364.9484194292
2015-09-11,19570.421970560186,17796.68557184799,25474.649047172577,22293.50263558578
2015-09-14,19406.393872350232,17764.650086968923,25295.95642390047,22270.08511555761
2015-09-15,19591.516862385535,17840.768638248916,25408.898216948197,22330.12346104754
2015-09-16,19746.111389989357,17951.033103938225,25634.4911599924,22451.463980182343
2015-09-17,19645.24551151645,17893.666421456095,25545.03183746627,22393.148773611356
2015-09-18,19537.40255852841,17878.221433037757,25502.04352887409,22412.66963640763
2015-09-21,19459.79314452965,17848.902711101768,25386.677828201515,22372.912657140605
2015-09-22,19392.080002176528,17790.86632316484,25288.10038639104,22314.490162953523
2015-09-23,19551.739292577186,17893.647530774986,25477.06381288759,22430.679006653234
2015-09-24,19765.79486355746,18033.583584585762,25737.793061843455,22599.64358405319
2015-09-25,19737.686745521944,18003.8569223517,25725.1540798852,22564.06223763937
2015-09-28,19272.292905855076,17737.404816285994,25181.547221760968,22298.740109030958
2015-09-29,19359.236015316004,17785.645875121612,25261.04437480718,22344.51298736979
2015-09-30,19576.046019169466,17863.420069648906,25470.35034117996,22395.938074546473
2015-10-01,19614.972619317796,17869.054041089687,25520.997654861087,22403.001563789265
2015-10-02,19980.150421749768,18096.668059766682,25996.129688963196,22688.368500653156
2015-10-05,20252.366251762942,18206.497855078,26350.309105586006,22826.065609322268
2015-10-06,20279.167641593634,18213.15481055605,26385.18033483985,22834.411646199314
2015-10-07,20397.69890515155,18262.27910984653,26539.40110068022,22896.000343132793
2015-10-08,20203.97254045681,18147.25041947204,26287.344154437535,22751.785214317657
2015-10-09,20247.408766204586,18192.67288375025,26343.85893204947,22808.732802920607
2015-10-12,20232.054009523108,18183.256564325435,26323.88089196427,22796.927263673027
2015-10-13,20116.99857480497,18131.941926154963,26174.182519368595,22732.592469199022
2015-10-14,20274.59261804182,18273.05202443894,26379.227781777317,22909.506688902708
2015-10-15,20302.050596915313,18285.43052223766,26414.953297588,22925.026005420776
2015-10-16,20322.166341536144,18303.548152715994,26441.125848590615,22947.740655172514
2015-10-19,20407.15499099142,18380.094806827346,26551.70439313071,23043.70963080022
2015-10-20,20492.119946120507,18456.620120190222,26662.252109035202,23139.65185085259
2015-10-21,20313.31854317701,18295.579213746092,26429.613997641016,22937.749742850352
2015-10-22,20771.59683154547,18551.021346329624,27025.8788688551,23258.005671483585
2015-10-23,21102.835880261344,18846.849477084314,27456.853265278714,23628.894810923783
2015-10-26,21276.87543141735,19002.28343118925,27683.295741804588,23823.767304390512
2015-10-27,21308.00293173166,19030.083264176174,27723.795663876404,23858.620839471158
2015-10-28,21559.810234376306,19254.971253501495,28051.42159050869,24140.570066606935
2015-10-29,21388.226034904055,19101.730163135802,27828.173766648364,23948.4468361771
2015-10-30,21518.29626058672,19217.895306948754,27997.407850684016,24094.086772824838
2015-11-02,21798.086721948417,19467.774931674456,28361.442603464246,24407.368808382864
2015-11-03,22055.506908134987,19697.675762489296,28696.371440505358,24695.602794379993
2015-11-04,22074.39790623636,19714.54722941956,28720.950476510156,24716.75508924423
2015-11-05,21867.387502629495,19529.66715267981,28451.609696509287,24484.965054987806
2015-11-06,21734.52853950506,19411.011399780276,28278.74719233293,24336.2025624883
2015-11-09,21708.053664792867,19387.366806159942,28244.300791180307,24306.558583202463
2015-11-10,21512.43376429744,19212.65953741754,27989.78016967961,24087.522521985054
2015-11-11,21300.557504917473,19023.433786387708,27714.108435453916,23850.28417761145
2015-11-12,21299.87593360744,19022.82507806239,27713.221644524223,23849.521020617656
2015-11-13,21092.259800852324,18837.40402729689,27443.09275166325,23617.052750013798
2015-11-16,21418.987058496507,19005.24896197146,27868.196866664886,23827.48528468194
2015-11-17,21247.228451558156,18852.846092624295,27644.722121634717,23636.412958611436
2015-11-18,21437.202978246543,19021.412102131886,27891.897559714234,23847.74952773907
2015-11-19,21469.112573927017,19049.725757139335,27933.41506434368,23883.24725783434
2015-11-20,21375.51324334429,18966.67427690171,27811.63318156166,23779.12297473799
2015-11-23,20950.150558166257,18589.2463570443,27258.194729131566,23305.92958356351
2015-11-24,21370.999555294307,18962.669243195298,27805.76043198541,23774.1017365582
2015-11-25,21307.306913632714,18906.154221802444,27722.890076261512,23703.247056185624
2015-11-26,21406.132891580117,18993.84335059603,27851.472338413187,23813.185706825592
2015-11-27,21414.94092497465,19001.658793365164,27862.932451254965,23822.984176077294
2015-11-30,21662.07562892046,19220.943513170347,28184.478870015915,24097.90840594497
2015-12-01,21698.711843299363,19253.451137055345,28232.146167819137,24138.664248255154
2015-12-02,21498.186106627585,19075.522949400078,27971.242573679032,23915.590018521612
2015-12-03,21422.98586723921,19008.797138899674,27873.399707908953,23831.933746983774
2015-12-04,21824.28075257627,19364.869495737443,28395.523598997566,24278.352989363113
2015-12-07,21779.3307676714,19324.984992720525,28337.039272681784,24228.34851898632
2015-12-08,21849.259639916774,19387.0334744262,28428.02357427717,24306.140674602757
2015-12-09,21858.663275071445,19395.377399690915,28440.2586232567,24316.601719173097
2015-12-10,21879.946555324444,19414.262234852868,28467.950252297756,24340.278237845672
2015-12-11,21815.419564316955,19357.006888205753,28383.994326478336,24268.49538814803
2015-12-14,21443.821506711043,19069.873129382813,27900.508912515965,23908.50665941425
2015-12-15,22247.806072469473,19557.681398482717,28946.571459504066,24520.087406237493
2015-12-16,22383.086908809426,19676.604562764118,29122.585057584714,24669.185160894263
2015-12-17,22039.086588981074,19374.199524071137,28675.00699943516,24290.050342724364
2015-12-18,21960.056149670738,19304.72516117086,28572.180668986177,24202.948123596303
2015-12-21,21988.541252727005,19308.524416674485,28609.242573807882,24207.71137109632
2015-12-22,22001.406037444194,19289.97866296285,28625.98091685682,24184.459969626052
2015-12-23,22125.910072561328,19399.138967389525,28787.972842612337,24321.31771627291
2015-12-24,22172.558395462525,19440.038405902487,28848.666872752983,24372.59464357175
2015-12-25,21698.830001475697,19024.69174139871,28232.299903162,23851.86131583118
2015-12-28,21527.40127342103,18874.389687940613,28009.25436282053,23663.422849479255
2015-12-29,22276.276175115327,19530.97412851346,28983.613847324832,24486.603652172504
2015-12-30,22000.611598551757,19289.282129784107,28624.947274164362,24183.586703819325
2015-12-31,21846.361139540066,19154.041315718692,28424.252341823667,24014.030992474527
2016-01-04,21303.387521554665,18677.983127089086,27717.790563864844,23417.181695371313
2016-01-05,21766.738162760277,18960.231932859377,28320.655062178794,23771.04600304587
2016-01-06,21637.919739668952,18931.772484918383,28153.04969573649,23735.36548771134
2016-01-07,21535.468347550515,19002.021743675246,28019.750415195213,23823.439218428488
2016-01-08,21310.145948936075,18870.369740869493,27726.58393883911,23658.382913939666
2016-01-11,20780.83787425504,18526.874116920186,27037.902369162595,23227.731521717345
2016-01-12,21286.020769435603,18792.018457612427,27695.194720949083,23560.15141733684
2016-01-13,21018.102821090215,18682.315728719586,27346.60726869417,23422.613615879254
2016-01-14,21177.451259447735,18707.9295182373,27553.93517072871,23454.726438712547
2016-01-15,20565.514623928175,18342.625825169744,26757.745762611077,22996.733576402563
2016-01-18,20287.297186012795,18126.110552611844,26395.75766717081,22725.281490660083
2016-01-19,20616.501485081535,18320.965796021046,26824.084655311955,22969.577708734687
2016-01-20,20769.371371993875,18336.705618783628,27022.983328336173,22989.311225302106
2016-01-21,20692.04723927459,18256.252900387994,26922.377069633087,22888.4450926079
2016-01-22,20742.20025149041,18207.801289696203,26987.63104331866,22827.6997667725
2016-01-25,20537.84866908434,18108.020128472617,26721.749649723628,22702.600950361266
2016-01-26,20802.719193142548,18258.368077800376,27066.37210495326,22891.096957825175
2016-01-27,20589.680605874553,18138.76093420248,26789.188068473555,22741.141676538187
2016-01-28,20687.609962349794,18213.7745077477,26916.603738403443,22835.18858028444
2016-01-29,20992.258728490247,18352.406828014147,27312.981576757888,23008.996330855858
2016-02-01,20600.535523870938,18195.611469550833,26879.923631307036,22859.943835152302
2016-02-02,20543.65682501202,18183.151232701624,26828.95823262565,22867.72746613067
2016-02-03,20746.98945803492,18328.193822954217,27087.515483700325,23032.450783991266
2016-02-04,20912.102360309687,18384.592072666957,27327.858109717265,23103.44122921655
2016-02-05,20589.555608314633,18247.933886190807,27065.474317073804,22980.72716004072
2016-02-08,20678.52200866015,18412.97564429277,27190.97193083981,23197.73354033138
2016-02-09,20565.207943906345,18352.018422669335,27060.487078238868,23138.560247535475
2016-02-10,20534.082284687654,18309.610962121114,27029.528216077917,23087.74794220915
2016-02-11,20659.152453935334,18487.528631866957,27157.675088394644,23331.85805158458
2016-02-12,20849.509442815543,18539.038534501527,27286.99574951451,23359.245060746125
2016-02-15,20808.69081962308,18471.451360370218,27314.73194453944,23286.85902214576
2016-02-16,21175.96199145099,18576.91001151581,27642.872511720485,23360.88674441172
2016-02-17,21486.18792689706,18702.30447458418,27922.151763814596,23479.206789721033
2016-02-18,21505.74424660674,18754.472998386518,28047.162018546842,23557.93697592869
2016-02-19,21523.435465850765,18763.98639006032,28132.531719200262,23567.658148116952
2016-02-22,21347.410253900147,18617.025424387386,27908.299479139372,23385.52240069967
2016-02-23,21580.749356979508,18792.088380836583,28188.342015105944,23594.711185465945
2016-02-24,21701.854987857314,18892.592178426385,28398.099044922084,23719.03486890965
2016-02-25,21803.124997534207,18930.069319366998,28460.87015899077,23746.99669296723
2016-02-26,21654.96183860834,18835.034377534877,28345.962197844892,23640.42584012453
2016-02-29,21419.397788066715,18735.819222508904,28098.97255355386,23555.688100960182
2016-03-01,21886.193955831444,18966.420957461418,28654.608236441247,23778.58481232063
2016-03-02,21931.910922712916,18982.251424953865,28750.73284788361,23789.484915952653
2016-03-03,21944.939320231264,19013.486311311906,28867.288816494918,23836.133966951522
2016-03-04,21897.25313457886,18985.12991153409,28790.071129038854,23783.74706028045
2016-03-07,21410.36252855435,18685.488975480177,28394.789365285214,23564.623154186476
2016-03-08,21753.39256944759,18913.540619103285,28722.10830305477,23773.30141071269
2016-03-09,21785.975671897017,18908.206008536337,28761.21467925532,23753.90191643602
2016-03-10,21802.12972331391,18948.11622046554,28745.585247549487,23763.761022731447
2016-03-11,21844.601074026334,18942.39476300012,28849.814393457076,23812.49871204903
2016-03-14,21066.09039763304,18267.31461347126,27995.988865751737,23107.755208277686
2016-03-15,21537.90111662675,18676.442015812343,28429.417959042254,23465.505507291247
2016-03-16,21623.843685944652,18750.966520491984,28505.863520580726,23528.60330788194
2016-03-17,21885.991965859954,18978.28658863008,28839.503180480504,23803.98788621232
2016-03-18,21617.308934606568,18745.299956057846,28510.979572619508,23532.826072747
2016-03-21,21692.950433248014,18810.89195853368,28617.75594143075,23620.958776483614
2016-03-22,21751.357163788816,18861.538951031773,28669.9829397103,23664.06669088143
2016-03-23,21534.983249230587,18673.9118072772,28484.58055036092,23511.036446132468
2016-03-24,21649.412173558077,18773.13805771645,28578.934431150272,23588.91568771549
2016-03-25,21733.440339409422,18846.00250066842,28636.013489496396,23636.028469268087
2016-03-28,21710.61564291435,18826.21022293855,28594.01904405739,23601.366455007217
2016-03-29,21743.057053440556,18854.34156773965,28658.413768588696,23654.517552412966
2016-03-30,21733.10146868585,18845.708651263812,28719.322736048383,23704.791522616226
2016-03-31,21629.052125405975,18755.48298275381,28627.263620214486,23628.806369043654
2016-04-01,21536.773020904864,18675.463795408035,28505.127049648472,23527.995428299542
2016-04-04,21508.451371250547,18650.904872758296,28467.641757823723,23497.055247849024
2016-04-05,21524.463579072835,18664.789748044834,28488.83481297069,23514.547894127747
2016-04-06,21645.59582031546,18769.828733392704,28649.16012833145,23646.879642036765
2016-04-07,21517.748567759874,18658.966872420002,28479.947118865824,23507.21203395413
2016-04-08,21631.70529501778,18757.783660435663,28630.775239006933,23631.704842386735
2016-04-11,21610.280352281883,18739.205169498582,28602.41812561184,23608.299016720444
2016-04-12,21737.509817392878,18849.53132036079,28770.813458744033,23747.291718671237
2016-04-13,21771.65810980411,18879.142775985172,28816.010639062824,23784.597254972137
2016-04-14,21729.014061353373,18842.164284260427,28759.568849115014,23738.010471705253
2016-04-15,21706.276582331884,18822.447636559657,28729.474520328287,23713.17075676981
2016-04-18,21774.878519237078,18881.935331755412,28820.27303157398,23788.1154133491
2016-04-19,21984.343931778265,19063.57181575912,29097.512253587316,24016.94734020612
2016-04-20,21934.490783588582,19020.342003047637,29031.528815790374,23962.484926475212
2016-04-21,21911.738636026483,19000.612635623307,29001.415072367417,23937.62918679195
2016-04-22,21922.462300653875,19009.91158724938,29015.608443971647,23949.344327778163
2016-04-25,22002.607566383605,19079.409000211668,29121.685198359883,24036.899573118706
2016-04-26,22062.41285336971,19131.2687412601,29200.840850050365,24102.23426914914
2016-04-27,22062.291564913594,19131.163566814103,29200.68031797585,24102.101766743217
2016-04-28,22002.72012376591,19079.50660356738,29121.834174368487,24037.022537203142
2016-04-29,22022.923442562635,19097.025771753306,29148.574399961533,24059.09379141678
2016-05-02,22038.398077497244,19110.44449442768,29143.785679659606,24055.141204600557
2016-05-03,21835.720298710145,18934.69386009643,28902.825036626164,23856.253443187798
2016-05-04,21636.65237681338,18762.07348820499,28614.836819211767,23618.549346976317
2016-05-05,21682.73558923237,18802.03422718253,28667.742712872754,23662.21761837247
2016-05-06,21937.89862003698,19023.29708485822,28971.447249312114,23912.893889081715
2016-05-09,21723.897285320276,18837.72730730651,28785.09437676261,23759.079120048813
2016-05-10,21971.63498834183,19052.55134334226,29019.060497428207,23952.193636178115
2016-05-11,21972.473676423426,19053.278605912576,29021.002676987184,23953.796701889936
2016-05-12,22024.341879947413,19098.255759922828,29208.05032589474,24108.184936003265
2016-05-13,21929.074258226556,19015.64510053595,29169.50398559102,24076.36897121686
2016-05-16,22112.547689524148,19174.74281774231,29383.747189781207,24253.204286490192
2016-05-17,22047.077876028983,19117.971121702507,29356.879214121298,24231.027587982833
2016-05-18,22146.998764751963,19204.616829392315,29440.945118682397,24300.415183229976
2016-05-19,22063.514050199203,19132.223636475872,29219.502397899032,24117.63742142079
2016-05-20,22148.359858357897,19205.797092300556,29297.67580788842,24182.161379852598
2016-05-23,22124.678330764607,19185.26181940897,29259.55538102801,24150.696961983685
2016-05-24,22177.81376340912,19231.337842388024,29286.90178662503,24173.26855427115
2016-05-25,22345.79684261061,19377.003207892107,29499.089132214103,24348.406973695393
2016-05-26,22248.86510055235,19292.94951806226,29421.35213982841,24284.243232264787
2016-05-27,22313.116871432816,19348.66499687166,29571.07649913946,24407.825001791363
2016-05-30,22697.552126492857,19682.0253698757,30081.139339089885,24828.828428494107
2016-05-31,22631.89070409712,19625.087521502763,29969.133501819273,24736.379346521735
2016-06-01,22670.78157670548,19658.811472749512,30020.632767543073,24778.886593951294
2016-06-02,22685.558773715933,19671.62541695083,30040.20072126727,24795.037889294137
2016-06-03,22836.160269085824,19802.21846223132,30239.62711384422,24959.643479181887
2016-06-06,22888.8778413364,19847.93214045934,30309.43568535625,25017.263139972398
2016-06-07,22625.83686228648,19619.837974439797,29961.11700881858,24729.76257156954
2016-06-08,22735.281611639886,19714.742232016506,30106.04366772347,24849.384342144844
2016-06-09,22623.68329899416,19617.970526923047,29958.26526184543,24727.40875326766
2016-06-10,22530.84757536924,19537.468671153158,29835.33226294448,24625.940444387965
2016-06-13,23047.87989620241,19985.8096728159,30519.98609281648,25191.050438500228
2016-06-14,22833.720198485047,19800.10257188328,30236.395974097893,24956.976511900975
2016-06-15,22903.373889903338,19860.50228873205,30328.631342512406,25033.107143509966
2016-06-16,23185.935597795295,20105.523719778503,30702.79935423681,25341.9436294493
2016-06-17,23077.73190288992,20011.695633984345,30559.516098745375,25223.678316185385
2016-06-20,23107.78188335423,20037.753266744334,30599.308261408078,25256.522576783824
2016-06-21,22804.82123451626,19775.04303511795,30198.12798665626,24925.39029823461
2016-06-22,22530.009909051776,19536.742294598538,29834.223025805328,24625.02488536262
2016-06-23,22917.066307800564,19872.375574226717,30346.762832509845,25048.072788568308
2016-06-24,22729.904712952888,19710.079691502047,30098.92358232347,24843.507457735657
2016-06-27,22480.54071517951,19493.845425218307,29768.715954621173,24570.955662353812
2016-06-28,22781.2849552837,19594.6975355529,30166.96126251116,24698.074385080545
2016-06-29,23059.267929751237,19833.796968065875,30535.06611870606,24999.446506743636
2016-06-30,23231.023170722692,19981.527528637314,30762.504286096068,25185.653023446575
2016-07-01,23232.03484567806,19982.39769310756,30806.778029690355,25221.900499719784
2016-07-04,22730.22386549703,19550.778739393274,30317.019478126953,24820.928952337774
2016-07-05,23071.502900262407,19844.32054243815,30651.13327937577,25094.472165541025
2016-07-06,23301.59492630191,20042.227888948066,30949.116221205742,25338.434585181472
2016-07-07,23171.83229891136,19930.61612340774,30755.557408053803,25179.965526149816
2016-07-08,23462.43081326858,20180.566466607765,31056.879234872813,25426.661533343373
2016-07-11,23370.98964331344,20101.915851812115,30974.673245955873,25359.35844598559
2016-07-12,23399.110224140124,20126.10299827485,31035.33612843497,25409.023918448805
2016-07-13,23449.38430335296,20169.344868871154,31104.040666326,25465.27319634787
2016-07-14,23433.769660260634,20155.91436180712,31117.00522353626,25475.887444019758
2016-07-15,23312.672183416576,20051.75568788967,30965.38357890891,25351.752877571125
2016-07-18,23346.551961385532,20080.89644984302,30997.71861158363,25378.225979561572
2016-07-19,23502.122103560196,20214.70584151952,31156.60669702985,25508.30967341146
2016-07-20,23546.89422612258,20253.21535498009,31232.261164681127,25570.24894708756
2016-07-21,23640.164105491258,20333.438884030104,31313.113598833734,25636.44386196609
2016-07-22,23527.864295810705,20236.847282269715,31215.60942936327,25556.61595986215
2016-07-25,23544.10797352527,20250.818836214396,31187.029085378646,25533.216869196673
2016-07-26,23670.872935324824,20359.852241899975,31282.854680121058,25611.670500848457
2016-07-27,23661.95494784657,20352.181679523652,31332.73696198029,25652.50975864231
2016-07-28,23552.427323350177,20257.9744968293,31245.07117853258,25580.73666814849
2016-07-29,23651.367484720715,20343.075163450172,31377.535591912696,25689.186966027974
2016-08-01,23546.615490154,20252.97560788034,31151.00147250251,25503.720604889888
2016-08-02,23235.258773486436,20184.616942691177,30710.47719445102,25394.212092486898
2016-08-03,23186.972080707874,20072.062062553618,30746.590960711143,25335.24259707926
2016-08-04,23367.690181625592,20172.107163512923,30940.654171593305,25423.96774617033
2016-08-05,23224.297923112532,20066.01237435973,30821.089379343706,25348.014679794032
2016-08-08,23288.58523655442,20057.583242515568,31036.799936910193,25444.606367684868
2016-08-09,23303.88099888906,20085.728033518233,31065.551071893635,25487.169177866326
2016-08-10,23222.823067115638,20007.18665610185,30994.69457006006,25418.025635838916
2016-08-11,23181.034337314002,19986.922186724034,30949.21766391407,25400.725124208584
2016-08-12,23116.98114916635,19939.343698863948,30868.629319113545,25344.30507437779
2016-08-15,23127.786948145564,20013.23502504934,30873.961999703122,25430.757527457692
2016-08-16,23019.003204086497,19893.663768894858,30742.95543008668,25290.525096003566
2016-08-17,22978.165520939285,19871.20697359825,30654.424305330092,25234.01400831916
2016-08-18,22997.268043860568,19883.61879671954,30746.015564959453,25304.19343637088
2016-08-19,22893.118535821006,19793.920237130864,30589.58727930361,25175.89714326521
2016-08-22,22967.75167092057,19812.60794457383,30670.38570369429,25184.08976258956
2016-08-23,22946.385343051064,19808.289091024093,30666.19973097436,25198.5909490125
2016-08-24,22847.667063165052,19733.76343049005,30555.69823472933,25121.392948780325
2016-08-25,22879.44785037055,19769.16361619513,30553.729020478375,25129.895445611757
2016-08-26,22831.109999181677,19726.08451594688,30548.155968212213,25123.643422725916
2016-08-29,22994.695083931838,19873.844791183037,30628.398270063637,25197.817041347742
2016-08-30,22801.02952428366,19706.612644112294,30406.38304713867,25015.355283652334
2016-08-31,22773.8249220185,19687.927925799428,30385.426275712816,25004.24253904773
2016-09-01,22831.12319177326,19746.605841541652,30430.952687154037,25053.319065247088
2016-09-02,22921.661776763904,19815.47473123156,30463.43924186815,25068.090605406982
2016-09-05,23046.00124622967,19815.990028447824,30512.239509362105,24972.916939359096
2016-09-06,23318.7602202341,20031.211544184527,30879.916420075744,25249.51030159394
2016-09-07,23191.32697356671,19916.165829004694,30670.38506268013,25071.151671396347
2016-09-08,23184.679099098063,19870.368607843433,30553.69971105731,24925.304201983945
2016-09-09,22921.153499308,19644.51468150484,30267.716542374452,24692.0029146283
2016-09-12,23081.819430042284,19782.212997395553,30239.942930225614,24669.345569097506
2016-09-13,22984.390077707016,19690.450422842998,30320.754198182964,24724.96847566454
2016-09-14,23082.250826038675,19766.28229127261,30457.042454139384,24826.053515506857
2016-09-15,23173.171344409315,19859.784930122845,30549.268786153014,24920.87688230192
2016-09-16,23113.691295654542,19810.03157735072,30531.23838913647,24907.701839651647
2016-09-19,23184.16793002744,19858.568853656423,30701.239563783296,25031.47102454135
2016-09-20,23115.174575956044,19799.472090882504,30537.286364242136,24897.795973565997
2016-09-21,23206.721453827424,19877.887239661315,30671.29208105373,25007.05410988728
2016-09-22,23303.038690258454,19967.966341435076,30865.46830990934,25174.903948775496
2016-09-23,23190.51149581677,19851.261970919826,30685.842062510113,25002.824242908726
2016-09-26,22607.200628522485,19375.312807416296,30080.1965619572,24538.778448431833
2016-09-27,23142.739657817332,19834.29206732858,30617.883095368037,24977.41157673927
2016-09-28,23166.225786828985,19854.420658378553,30573.52422719784,24941.224564596258
2016-09-29,23117.63564804532,19812.776885062296,30578.949873677007,24945.65069049
2016-09-30,23326.833292816707,19992.06798229379,30744.90538733137,25081.03363499544
2016-10-03,23229.13961059554,19908.340426483308,30616.14453157669,24975.993293730164
2016-10-04,23045.639449975144,19751.073143786412,30374.290225592886,24778.69374420389
2016-10-05,23263.25171919008,19937.575924738936,30661.104494128685,25012.670665762646
2016-10-06,23213.901467692063,19895.280703158405,30596.060568358662,24959.60922779633
2016-10-07,23248.92914589086,19925.30088270965,30642.227257108974,24997.27102114958
2016-10-10,23358.918764436876,20019.56656822795,30787.194230265475,25115.53196500013
2016-10-11,23446.396613918772,20094.53872976543,30902.490557548626,25209.5882330598
2016-10-12,23568.45625962229,20199.14893142323,31063.365898477197,25340.8268817412
2016-10-13,23681.090274499365,20295.68097476898,31211.818201767648,25461.93108307514
2016-10-14,23492.762988975643,20134.276644920632,30963.601716375142,25259.441404201218
2016-10-17,23016.469583879665,19726.07335325784,30335.84416812726,24747.330276068908
2016-10-18,23533.286423728478,20169.006916804738,31017.011845037112,25303.012240297274
2016-10-19,23374.58571631702,20032.993798711035,30807.843366271914,25132.37708675888
2016-10-20,23286.604880404335,19957.590556846782,30691.88409987347,25037.78000720413
2016-10-21,23430.184078565773,20080.64391151583,30881.122339271427,25192.156499425277
2016-10-24,23675.034486960052,20290.490912549536,31203.83663767771,25455.41989447729
2016-10-25,23655.457708554793,20273.712797841923,31178.034326995286,25434.370923471084
2016-10-26,23567.255220638104,20198.119590975693,31061.782921933762,25339.535523468032
2016-10-27,23678.773373987708,20293.695294503,31208.76451307667,25459.439949412354
2016-10-28,23690.067934352297,20303.375203293213,31223.650810991254,25471.583871600196
2016-10-31,23617.313850594575,20241.02192240781,31127.76049473637,25393.358610635492
2016-11-01,23736.870141921834,20343.48664506957,31353.93074552094,25577.863444711205
2016-11-02,23742.233866490875,20348.08358049053,31429.71845379414,25639.689429744245
2016-11-03,23459.866948861498,20106.08336801696,31072.59044112579,25348.352065556915
2016-11-04,23455.489862706345,20102.332022822357,31063.86252838018,25341.232021751995
2016-11-07,23816.462197705092,20411.700352866734,31419.322965237574,25631.20901340031
2016-11-08,23813.29778663412,20408.98832074215,31409.469379985803,25623.170670136227
2016-11-09,23927.03767259113,20506.468141676578,31544.33908729458,25733.194481325037
2016-11-10,23891.762796879782,20476.23610355825,31532.67973411431,25723.68303135983
2016-11-11,24043.03480006338,20605.882512631513,31640.29395717359,25811.47240375015
2016-11-14,23370.47040524796,20029.466805671378,30687.61766134791,25034.299538267453
2016-11-15,24000.342329606003,20569.293286781525,31381.97741776022,25600.743317682703
2016-11-16,24117.63807953476,20669.820631285333,31524.269367727185,25716.822035055542
2016-11-17,24161.80926777694,20707.677179883736,31522.78244355786,25715.60903424667
2016-11-18,24211.672854575787,20750.41235120382,31559.400126743738,25745.480953904585
2016-11-21,24377.22800043613,20892.30000862013,31705.6078310758,25864.754059606155
2016-11-22,24456.988671101415,20960.658226396077,31881.594303284823,26008.320044707463
2016-11-23,24241.322786639863,20775.82357826814,31611.42952164832,25787.925417049628
2016-11-24,24382.38537581259,20896.720094186057,31727.592050288225,25882.688313576353
2016-11-25,24313.02140240213,20837.27227910817,31710.49394306782,25868.74004485062
2016-11-28,23695.531131981268,20308.05739127081,31053.184415271982,25332.521046367594
2016-11-29,24172.141282716933,20716.532147143174,31531.06861837861,25722.36871773786
2016-11-30,24221.57018063129,20758.894771979096,31611.768869836273,25788.2022500146
2016-12-01,24292.158435001624,20819.391846845992,31703.894176554182,25863.356097044434
2016-12-02,24367.866323206457,20884.27666120496,31802.701159161297,25943.96071179022
2016-12-05,24619.369614336738,21099.82545991805,32130.94015646508,26211.73103757192
2016-12-06,24515.82100274309,21011.079985705324,31995.79801860697,26101.484983390823
2016-12-07,24825.59335545844,21276.567797822,32400.084443610645,26431.29316773695
2016-12-08,24876.571766127294,21320.258419644844,32466.616783314363,26485.568821829922
2016-12-09,24898.43588788899,21338.996882904987,32495.151827017904,26508.847097755253
2016-12-12,24937.397720475517,21372.388796672578,32546.00123262149,26550.328950966243
2016-12-13,24854.86192808529,21301.652183960297,32438.283096552215,26462.45480857367
2016-12-14,24783.295294504787,21240.31659734872,32344.880899144377,26386.259301537444
2016-12-15,24656.483843978964,21131.633900986923,32179.378240391205,26251.245786336327
2016-12-16,24747.18701022101,21209.370293362077,32297.755682713203,26347.815561884443
2016-12-19,24383.49542674476,20897.67145408224,31823.098829709124,25960.60069342751
2016-12-20,25015.818316503934,21439.598514654095,32648.348592342514,26633.821729339652
2016-12-21,25209.20111505348,21605.335629790054,32900.73406056616,26839.71237488738
2016-12-22,25235.697632448402,21628.04424910429,32935.314881606966,26867.922666144532
2016-12-23,25456.763078950087,21817.506546858986,33223.82919953944,27103.28645149623
2016-12-26,25402.240784803456,21770.77866924922,33152.67170859383,27045.237698335197
2016-12-27,25552.3115165426,21899.395538646808,33348.53024503415,27205.01488672703
2016-12-28,25533.59608945721,21883.35563790623,33324.10458844329,27185.088960568064
2016-12-29,25587.89566208001,21929.89263389097,33394.97140371093,27242.90058675264
2016-12-30,25376.153102516393,21748.42043865544,33118.624461588035,27017.46268531846
2017-01-03,25758.010267909525,22075.687938458614,33616.9893637673,27424.018071213708
2017-01-04,26199.529223320347,22454.08807795645,34193.21935488734,27894.094124683368
2017-01-05,25841.73887223021,22147.44684069063,33726.26424841933,27513.1621756723
2017-01-06,25450.13767810757,21811.82830230728,33215.18233484233,27096.232524948944
2017-01-09,25471.733514791707,21830.336834078575,33243.36723750217,27119.225163329345
2017-01-10,25424.73556917701,21790.057636642614,33182.02983521778,27069.187427633082
2017-01-11,25160.37248758264,21563.487461732893,32837.00742045453,26787.72555027534
2017-01-12,25090.18234382705,21435.984379947608,32745.401691148156,26629.331989505554
2017-01-13,25181.710479330053,21466.27666292609,32864.85580758366,26666.96325690416
2017-01-16,25247.550495189138,21522.40231797572,32950.78414947903,26736.686609699806
2017-01-17,25409.46795213163,21660.42967438338,33162.103943641276,26908.15418647466
2017-01-18,25269.55418596385,21541.159475642326,32979.50134584022,26759.98810917051
2017-01-19,25333.634075752198,21595.784702306555,33063.13253283955,26827.84752117888
2017-01-20,25354.597056404717,21613.65470135749,33090.491489928965,26850.046927977506
2017-01-23,25322.71688702384,21586.478289471066,33048.884420755334,26816.286421271594
2017-01-24,25324.181869739008,21587.727121407886,33050.796381649896,26817.837810732188
2017-01-25,25475.606442789525,21716.809765787268,33248.42182743187,26978.193618533456
2017-01-26,25472.00745814141,21713.741793092337,33243.724763203005,26974.382360698037
2017-01-27,25556.153614438957,21785.472610293484,33353.544598346896,27063.491575897628
2017-01-30,25446.771830189693,21692.229554206944,33210.78953926229,26947.65829984023
2017-01-31,25536.464952232924,21768.688910457662,33327.84876465932,27042.641648643606
2017-02-01,25548.465804743286,21778.919097973714,33330.45305752856,27044.75480510049
2017-02-02,25616.854501158155,21837.21738867416,33430.44972715264,27125.893378483874
2017-02-03,25834.47839220681,22022.731977031748,33727.042428400724,27366.55247988859
2017-02-06,25836.175219678833,22024.178446206017,33839.77741420491,27458.027085522306
2017-02-07,25932.433091232484,22106.23395643242,33943.346388761165,27542.0642726993
2017-02-08,25923.245345829255,22098.40181632041,33986.81861436839,27577.3381911291
2017-02-09,25870.90418447887,22053.783328178848,33835.39898819331,27454.474374801222
2017-02-10,25927.861273230537,22102.336687016872,33887.641927203054,27496.864961973188
2017-02-13,25988.598694112978,22154.112609130076,33921.67989784476,27524.483805571846
2017-02-14,26141.6250310474,22284.560685246463,34002.601839146926,27590.144901059877
2017-02-15,26265.001965583713,22389.733978091448,34138.33633729733,27700.281604414467
2017-02-16,26354.683640843796,22466.183576473883,34281.97739538933,27816.833791369092
2017-02-17,26404.270615038167,22508.454243822212,34368.1304057448,27886.739443019345
2017-02-20,26491.772479282725,22583.04565126204,34493.34944323065,27988.34376744573
2017-02-21,26688.66512297607,22750.887782791808,34634.308798640945,28102.719986634125
2017-02-22,26679.333808571108,22742.933256556982,34700.73449160667,28156.618641294364
2017-02-23,26892.001179694085,22924.222634395323,34979.5123507123,28382.822552522015
2017-02-24,26879.05473339027,22913.186370659878,34989.73273202067,28391.115500296302
2017-02-27,26840.88227747829,22880.646067244732,34906.73064891334,28323.76655121134
2017-02-28,26801.88234498097,22847.400377222602,34873.22309393109,28296.578093645243
2017-03-01,27179.108249352725,23168.96851034498,35364.0499302943,28694.841250113433
2017-03-02,27096.45422076124,23098.509664965648,35256.504783219105,28607.577745830822
2017-03-03,27155.945443194993,23149.223258898313,35333.91168491948,28670.38669334485
2017-03-06,27082.67735969689,23086.765509960896,35238.57904415172,28593.03257247416
2017-03-07,26939.744922174414,22964.922029531626,35052.60274901982,28442.12903411775
2017-03-08,26773.293206349066,22823.02942116975,34836.02438539485,28266.39458699765
2017-03-09,26976.94413781683,22996.63268934877,35101.00444444253,28481.40278724073
2017-03-10,26913.437050464123,22942.49575102249,35018.37230701314,28414.35401679822
2017-03-13,27206.461195366956,23192.28566773862,35399.64016893324,28723.719623767218
2017-03-14,27219.711094930528,23203.580611742564,35416.880252950665,28737.708447869485
2017-03-15,27234.909499797384,23216.536568962983,35436.65563129058,28753.754442127585
2017-03-16,27091.366718747595,23094.172798101987,35249.88518872836,28602.206522415334
2017-03-17,26810.121044091782,22854.42349801498,34883.94286310241,28305.276251102187
2017-03-20,26609.061002549846,22683.02884707809,34622.33393602345,28093.003430343822
2017-03-21,26460.304133425132,22556.220300424244,34428.77919173467,27935.950641663778
2017-03-22,26450.014898230223,22547.449189759416,34415.391371065976,27925.087593185723
2017-03-23,26269.801588605416,22427.67533572736,34180.90713334905,27776.74729371017
2017-03-24,26018.591814261858,22431.10922995085,33854.04596773022,27781.000182636526
2017-03-27,26324.89034705689,22441.89190533499,34252.5857766144,27794.354560422536
2017-03-28,26368.998892655985,22484.21810527424,34309.977534821046,27846.775693777487
2017-03-29,26401.195373051407,22522.34732872021,34351.86992988557,27893.998858385945
2017-03-30,26328.45237305887,22493.162829376455,34257.220500617535,27857.85376305038
2017-03-31,26477.886101013202,22516.23806046664,34451.65593860777,27886.432510207247
2017-04-03,26570.744202855367,22453.171539955998,34622.34446183656,27848.688085603586
2017-04-04,26612.46257989921,22488.42497015662,34654.641645042524,27874.666516444337
2017-04-05,26543.03710916813,22429.75811492418,34573.084328614736,27809.06540532374
2017-04-06,26812.63195439338,22657.574816628756,34897.9874799933,28070.40318187856
2017-04-07,26828.503694723546,22670.986970445378,34964.78765243537,28124.1342967213
2017-04-10,26879.133281383427,22713.77067215853,35001.26606580294,28153.4759248381
2017-04-11,27020.949128005224,22833.60982709425,35248.681915572924,28352.486330828197
2017-04-12,26920.753838155775,22748.94144094331,35170.42054987817,28289.536337225392
2017-04-13,26730.75884789955,22588.389290977677,34978.05410593549,28134.80524726695
2017-04-17,26946.499956191707,22770.69777566752,35151.07373637611,28273.974613054368
2017-04-18,26900.39456916554,22731.737174642905,35111.473638630254,28242.122039595644
2017-04-19,26815.736715495495,22660.198444069687,34959.026061428434,28119.49992682743
2017-04-20,27011.240212020843,22825.4054669002,35172.17609359434,28290.948419224227
2017-04-21,27075.1115285827,22879.378875258557,35264.29947080068,28365.048403990997
2017-04-24,27148.907475800796,22941.73892995599,35288.24863658315,28384.31205751167
2017-04-25,27324.31565958481,23089.964738384468,35427.441849763956,28496.272943978445
2017-04-26,27379.02239566086,23136.19376833293,35545.21239156265,28591.002377678105
2017-04-27,27631.313116409096,23349.387903493458,35822.20442158932,28813.80255965058
2017-04-28,27753.605718380673,23452.72926078372,35941.235371135794,28909.54580979665
2017-05-01,27874.693782418635,23555.05274305161,36098.04579261343,29035.6772022307
2017-05-02,28097.17328162081,23743.05539444792,36386.15927693746,29267.4229919198
2017-05-03,27981.07635690505,23644.94959259295,36235.812437704575,29146.490620194712
2017-05-04,28075.63942296949,23724.858560421595,36358.27268482798,29244.99224618323
2017-05-05,28184.982482243926,23817.257119071248,36499.873191423765,29358.889453384098
2017-05-08,28576.04657123242,24147.719412717943,37006.30563880215,29766.241395682962
2017-05-09,28590.57007083998,24159.992257827565,37025.1137361393,29781.369800312033
2017-05-10,28661.298888280235,24219.760484817372,37116.70835994915,29855.044479148724
2017-05-11,28767.743998185317,24309.710178888472,37254.55598911941,29965.923037137025
2017-05-12,28606.411113989045,24173.37847149484,37045.62806736249,29797.87062428568
2017-05-15,28688.698898549566,24242.914414044084,37152.1916851882,29883.585702228276
2017-05-16,28640.31827234558,24202.031159473747,37089.53822345624,29833.190018736073
2017-05-17,28589.351311267506,24158.962365042567,37023.53542861775,29780.100279297392
2017-05-18,28630.54982812429,24193.776495919556,37076.887976979095,29823.014717963582
2017-05-19,28939.078380728726,24454.493488402488,37476.435965099714,30144.39351161132
2017-05-22,29182.155681475295,24659.90197412137,37791.22383692305,30397.595003070168
2017-05-23,29340.955370297273,24794.093046316797,37996.87124183065,30563.00871273962
2017-05-24,29655.025786897717,25059.49310006453,38403.59600691843,30890.16018950067
2017-05-25,29527.53290177544,24951.757328799733,38238.49126921979,30757.35721462723
2017-05-26,29330.776761067114,24785.49177954993,37983.68982699742,30552.406163549964
2017-05-29,29287.133216887905,24748.611518440717,37927.170940417695,30506.944861960772
2017-05-30,29255.092557300573,24721.536084629934,37885.677921479546,30473.569706115617
2017-05-31,29495.498235230287,24924.686959310937,38197.00601133949,30723.988301434976
2017-06-01,29643.7795494109,25049.98965155204,38389.03200133822,30878.445545244645
2017-06-02,30072.691773817005,25412.434891197958,38944.478214971205,31325.222001092254
2017-06-05,30244.722668525985,25557.80677689237,39167.260182135484,31504.417997524382
2017-06-06,30438.201893821664,25721.303222525035,39417.81798159185,31705.95564937713
2017-06-07,30269.05806942241,25578.3710082383,39198.774803347034,31529.766969984168
2017-06-08,30279.044358754174,25586.809758229712,39211.70716172234,31540.169189134933
2017-06-09,29973.261724416876,25328.413158936226,38815.715169019066,31221.65068148892
2017-06-12,29569.093761139604,24986.877651268966,38292.31305525333,30800.64908739774
2017-06-13,29808.646154261787,25189.307471620075,38602.53613157315,31050.178858523137
2017-06-14,29498.945661157697,24927.600150041635,38201.470467163315,30727.579312952028
2017-06-15,29213.500617094192,24686.389497804823,37831.815885401484,30430.245457983117
2017-06-16,29325.80305247942,24781.28882869328,37977.24881775229,30547.22529956712
2017-06-19,29524.625665604843,24949.300616562123,38234.72636528092,30754.328891817342
2017-06-20,29598.727163100237,25011.91887150934,38330.688648159055,30831.51672312673
2017-06-21,29659.261810655582,25063.072682456226,38409.08170591063,30894.572644016396
2017-06-22,29656.831430165188,25061.01892928915,38405.93433550647,30892.04103796725
2017-06-23,29799.681603388035,25181.73212495268,38590.92693613312,31040.840933326006
2017-06-26,29362.31563968951,24812.14319158717,38024.53303387336,30585.258639209373
2017-06-27,29286.33898930556,24747.94036945023,37926.14240665654,30506.117554730576
2017-06-28,29488.295153954303,24918.600113633172,38187.67793908233,30716.485211197527
2017-06-29,29146.72797420235,24629.964371222715,37745.34455267158,30360.69172870879
2017-06-30,29059.926615560413,24556.61430693362,37632.935805024856,30270.275085931822
2017-07-03,28864.879898885963,24391.793278423393,37432.62079516059,30109.150519837698
2017-07-04,28960.87001854286,24472.908154481913,37515.78446708381,30176.043712527073
2017-07-05,29144.761152830608,24628.302341084942,37720.832636463856,30340.97542354633
2017-07-06,29091.444615205317,24583.24807553341,37688.8273912976,30315.231814799066
2017-07-07,29097.382590466343,24588.265864125184,37597.57988375076,30241.836340987014
2017-07-10,29060.510363318288,24557.107593401004,37514.35714803906,30174.895639989125
2017-07-11,29045.273899953034,24544.232269962922,37543.06581079398,30197.98762312441
2017-07-12,29301.912992394882,24761.100925295363,37837.47629537654,30434.798442313982
2017-07-13,29164.4634724163,24644.951463067206,37705.151203339294,30328.361969818427
2017-07-14,29203.564874441272,24677.99346145523,37674.91735473694,30304.043194402097
2017-07-17,29124.909814370014,24629.312347723902,37536.8550479354,30214.831622244845
2017-07-18,29268.263003524527,24660.415841215134,37694.14045798981,30230.876037200658
2017-07-19,29221.824238717956,24675.086235396888,37649.320525754534,30260.88058808775
2017-07-20,29966.265257787993,24710.519824914045,38622.49996923638,30315.623062278653
2017-07-21,29847.977123730107,24612.978097356594,38470.81370754886,30196.56128386691
2017-07-24,29812.072455527465,24583.37070358243,38471.58455971666,30197.166342156102
2017-07-25,29706.018475741457,24495.917397424026,38318.849098620434,30077.281024775693
2017-07-26,29841.684652187683,24607.78925445411,38458.862046873655,30187.18017077774
2017-07-27,29977.48861761655,24719.774733831116,38662.38648767493,30346.930840366887
2017-07-28,30155.064469757523,24866.2057814444,38898.09367443537,30531.942432899512
2017-07-31,30203.762679697687,24906.362873821854,38951.387869086044,30573.774181691657
2017-08-01,30098.54002020987,24819.595083744043,38815.69058309586,30467.262490943274
2017-08-02,30071.156331537568,24797.014185657637,38780.376020136515,30439.543338114294
2017-08-03,30086.97221248618,24810.056139213317,38800.772502517,30455.552971673376
2017-08-04,30103.720513332966,24823.866976718353,38822.37145259979,30472.506447750082
2017-08-07,30750.236128395132,25356.991034243616,39656.13116501584,31126.942208932076
2017-08-08,30708.037773887772,25322.1937958603,39601.711307090045,31084.226903053506
2017-08-09,30653.43404502799,25277.16694607116,39531.29322559236,31028.9542506578
2017-08-10,30439.12406358231,25100.44452171719,39254.91470613331,30812.018862604076
2017-08-11,30664.98435760619,25286.691463907875,39546.188744075065,31040.64606045775
2017-08-14,31378.35926333954,25874.948445519516,40466.17156025479,31762.760172731505
2017-08-15,31296.753702738584,25807.655581170027,40360.931366277946,31680.154902380174
2017-08-16,31520.864011464586,25992.45946577497,40649.9485875169,31907.010676723265
2017-08-17,31227.358393948172,25750.431427980773,40271.43776186662,31609.909465653407
2017-08-18,31095.80593070186,25641.9517851858,40101.785024378885,31476.74541761771
2017-08-21,30970.556321243155,25538.669546609617,39940.260575580425,31349.96143654407
2017-08-22,31251.46191277209,25770.307461067478,40302.52215094347,31634.3082648799
2017-08-23,31278.205499132604,25792.360523578463,40337.01122491699,31661.37947381721
2017-08-24,31484.008752908223,25962.068204489166,40602.41929501556,31869.703922447
2017-08-25,31479.31139490013,25958.194710171963,40596.36148640166,31864.949019406842
2017-08-28,31617.90939996345,26072.484186099253,40775.10029819652,32005.24492074125
2017-08-29,31832.757800244446,26249.650596688734,41052.17317355794,32222.72532353571
2017-08-30,32004.464110347148,26391.24155383188,41273.6091302401,32396.53512353722
2017-08-31,32359.81419257161,26684.26723374407,41731.87583789572,32756.238425559233
2017-09-01,32620.889151830826,26899.552585490957,42019.900156179545,32982.31484921946
2017-09-04,32106.08318928908,26475.037790806437,41368.57422916718,32471.07525287733
2017-09-05,32059.00952894482,26436.220320322165,41424.20352868524,32514.739875228326
2017-09-06,32249.100445175485,26592.971430734004,41659.56811353122,32699.482552219302
2017-09-07,32335.11005631442,26663.89592475747,41790.163829629804,32801.989912072924
2017-09-08,31987.957811678447,26377.630274048424,41409.29913745451,32503.041101019422
2017-09-11,32186.185306285362,26541.090898627066,41512.897102339855,32584.357350769827
2017-09-12,32282.078413587828,26620.165434899296,41602.407066033615,32654.6156282459
2017-09-13,32030.712909153775,26412.88660895341,41274.18669148359,32396.988463661943
2017-09-14,31430.500054973247,25917.944329533333,40614.83710587065,31879.450926743488
2017-09-15,31844.68320586023,25867.293645416226,41183.406189529574,31843.332519213844
2017-09-18,32315.463187026795,26249.706117115053,41743.11513736267,32276.10386546446
2017-09-19,32208.645540489473,26162.93862090128,41613.33291458843,32175.75523339979
2017-09-20,32262.931172455254,26207.034596788628,41638.811133873474,32195.455192285113
2017-09-21,31850.832003075942,25872.288285875253,41139.26082787111,31809.198979506084
2017-09-22,31847.578932036606,25869.645830829304,41079.68996825265,31763.13832384889
2017-09-25,31971.25733975186,25759.650646971793,41351.52461741895,31714.918785617872
2017-09-26,31910.860740639004,25710.988335168433,41287.91455404135,31666.13248299341
2017-09-27,32330.756294339186,26049.303549255583,41752.19100217794,32022.213425182526
2017-09-28,32340.202267856977,26056.914290843037,41735.52156424865,32009.42865182723
2017-09-29,32472.701035014437,26163.67024094097,41865.46353410913,32109.088798801167
2017-10-02,32671.683029134994,26323.992576691282,42246.42899010992,32401.273636215876
2017-10-03,32743.614279681395,26381.94850457314,42261.721794776735,32413.002588473377
2017-10-04,32627.677038283346,26288.536387443983,42073.475317172655,32268.625281853412
2017-10-05,32927.75530147815,26530.31327924727,42401.66573674584,32520.333836720016
2017-10-06,33006.291093773674,26593.59057082568,42530.99240215522,32619.52207048457
2017-10-09,33520.27414386186,27007.713283236946,43118.1612154931,33069.85640279149
2017-10-10,33644.16703398971,27107.5353682248,43378.1366081639,33269.246837390856
2017-10-11,33506.26805496817,26996.428398410615,43322.017015174795,33226.205417506135
2017-10-12,33798.929219744605,27232.229239224067,43793.464961317906,33587.7866037359
2017-10-13,34011.188354001744,27403.249136470782,44048.35937548926,33783.28013678321
2017-10-16,34112.52268004597,27484.89549806695,44229.07924499717,33921.884844527805
2017-10-17,33855.27314818042,27277.626262467817,43885.87680221149,33658.662685231924
2017-10-18,33863.53322199307,27284.281509506458,43821.3532531949,33609.17577668977
2017-10-19,34003.28438189564,27396.880805128254,43882.96606983088,33656.43027320089
2017-10-20,34187.145982008624,27545.020446180624,44204.80616637269,33903.26839146169
2017-10-23,34227.07475585445,27577.1915695775,44239.95791239826,33930.228335035434
2017-10-24,34068.12870999315,27449.126709018703,44105.33349076965,33826.976940122804
2017-10-25,34057.857796021155,27440.851302364146,44193.35817743702,33894.488254750584
2017-10-26,34071.3174272054,27451.695899229977,44207.91429448844,33905.65219790361
2017-10-27,34407.205028474,27722.32483238021,44532.88090961656,34154.88822734093
2017-10-30,34697.8985095618,27956.54028529776,44882.2785166585,34422.86182284306
2017-10-31,34960.84007924468,28168.39566851335,45153.96015250995,34631.23046453863
2017-11-01,35266.0068673488,28414.272449869914,45478.2075320216,34879.914869836946
2017-11-02,35384.74569277224,28509.94183905395,45555.87400017365,34939.48185684885
2017-11-03,35378.29776718912,28504.746663003985,45605.51765250571,34977.556496574936
2017-11-06,35533.29312734604,28629.62840559906,45785.47252634858,35115.574484105164
2017-11-07,35439.5703922699,28554.114800125742,45676.8385948939,35032.256726287924
2017-11-08,35680.565914827064,28748.2879726909,45928.12568702126,35224.98359167987
2017-11-09,35375.33005595992,28502.355540137814,45539.07936926824,34926.601065629475
2017-11-10,35031.16329623564,28225.055983208138,44955.78212069296,34479.23606427601
2017-11-13,35122.332892788174,28298.51249234263,45147.02043037707,34625.907983061225
2017-11-14,35204.57898333831,28364.779218644206,45361.61429712046,34790.49265360542
2017-11-15,35371.911055292694,28499.600807603725,45592.6591613805,34967.694562691846
2017-11-16,35896.87410119897,28922.57024297535,46150.09070252062,35395.22163017882
2017-11-17,35672.64280666532,28741.90422318378,46039.5442307428,35310.43703258764
2017-11-20,35784.968889030635,28832.406783327882,46188.04110205768,35424.328025900264
2017-11-21,36022.376936106615,29023.689481048164,46342.43149437129,35542.73910744581
2017-11-22,36092.25169498652,29079.988467311356,46514.58769119017,35674.77583042197
2017-11-23,35945.56535187756,28961.80140594513,46326.891987810945,35530.820944981686
2017-11-24,36026.26845920647,29026.824930945288,46194.735359778075,35429.462246268115
2017-11-27,36817.41386935794,29664.260899130306,47251.3606909895,36239.850421220224
2017-11-28,37052.7598498518,29853.88216345115,47571.77312625169,36485.593581992616
2017-11-29,36305.448561819154,29251.76390767883,46807.08710120719,35899.11084876427
2017-11-30,36507.17859880225,29414.30037668482,46957.445292529956,36014.42939797552
2017-12-01,36821.164460144915,29667.282798061762,47361.31035338979,36324.17729056284
2017-12-04,36923.53960946396,29749.76776427268,47492.990632665635,36425.17064936978
2017-12-05,36850.107679500994,29690.602719805476,47398.53863811807,36352.72985392318
2017-12-06,37640.62089186809,30327.529318155834,48415.33813749017,37132.573253705814
2017-12-07,38631.018082277405,31125.504992229973,49689.23887897466,38109.60273280995
2017-12-08,38455.633551647305,30984.195434401066,49463.65010935966,37936.585423932454
2017-12-11,38537.82408307812,31050.41739601014,49569.36787587458,38017.6666031692
2017-12-12,38630.79787076503,31125.327565000043,49688.95563139318,38109.385493563605
2017-12-13,38398.352964725156,30938.043733443923,49389.97281820879,37880.07797162416
2017-12-14,38349.822776866036,30898.94234084625,49327.55074866257,37832.2028114117
2017-12-15,38847.98291679093,31300.316332314407,49968.31041334424,38323.63912275675
2017-12-18,39627.9599054097,31928.753760532625,50971.55766986325,39093.0885096118
2017-12-19,39466.74554173833,31798.86128732405,50764.19531119781,38934.050108365074
2017-12-20,39454.00189757055,31788.593570348054,50747.803768580605,38921.47846928563
2017-12-21,39260.54339362807,31632.721581227128,50498.9673078098,38730.63113736107
2017-12-22,38810.99515532536,31270.514820179887,49920.73481719643,38287.15059707445
2017-12-25,38879.91402119313,31326.043631226417,50009.38187231876,38355.139242712066
2017-12-26,39438.69158182554,31776.25785327896,50728.11083854324,38906.374801825616
2017-12-27,39501.6213582386,31826.96117840834,50809.054413111466,38968.45519468657
2017-12-28,39298.29806760837,31663.141004576286,50547.529347003525,38767.87622429178
2017-12-29,39086.59135689632,31492.566202040103,50275.22108687825,38559.02698754833
2018-01-02,39292.90422255309,31658.795114679262,50494.972377843544,38727.567190369846
2018-01-03,39292.484794930235,31658.457176483043,50636.93200038154,38836.44438271726
2018-01-04,39416.45476876895,31758.3413688019,50866.583494026825,39012.57763384503
2018-01-05,40052.115554039956,32270.501387551045,51659.38571270602,39620.62433130287
2018-01-08,39479.69186181063,31809.292302866616,50790.553949849476,38954.26610020265
2018-01-09,39353.0171179342,31707.22884276009,50627.5635034922,38829.25913088585
2018-01-10,39556.050033089945,31870.815057361207,50806.638757973364,38966.6024865403
2018-01-11,39208.35824018625,31590.67533614723,50376.54146692022,38636.73555220437
2018-01-12,39627.862261424125,31928.675087525517,50921.652745252475,39054.81348479284
2018-01-15,39469.72561313489,31801.262368935037,50812.18710298312,38970.857838985154
2018-01-16,38742.246462269475,31215.123119542775,49910.64923983139,38279.415374008364
2018-01-17,39016.50882517665,31519.829087879658,50101.77050163644,38528.67556591426
2018-01-18,39122.48303151073,31515.05332897578,50228.283921943475,38515.47853618688
2018-01-19,39174.916959004266,31528.87586391041,50288.50799813371,38526.93141313725
2018-01-22,39123.53105206398,31676.817209738412,50118.97881589903,38628.36596290707
2018-01-23,39247.29632085128,31795.182348909133,50320.32728999064,38805.69373236163
2018-01-24,39500.891229448076,31865.543579250218,50682.785172777825,38920.34522945373
2018-01-25,39317.93816528195,31767.09118755276,50418.38735547093,38777.32390382444
2018-01-26,39498.643685216186,31944.915076295638,50590.76998187973,38948.74972515712
2018-01-29,39321.76568739615,31781.10247385694,50466.80165459954,38827.99663198955
2018-01-30,38606.457879387206,31531.70843609324,49567.28335626165,38537.5607947722
2018-01-31,38801.87499163098,31655.49717584788,49772.38628859422,38653.24846886916
2018-02-01,38147.47695383396,31453.955055185204,49083.30000824525,38523.90037466192
2018-02-02,37484.589646195294,31025.859296893264,48340.90689176394,38086.32896202783
2018-02-05,35602.750604684676,30114.705462563194,46235.27661186597,37220.91251459473
2018-02-06,36710.24642971575,30689.85883006665,47299.35510103688,37630.571597432565
2018-02-07,36539.202093641135,30609.02603376136,47036.88172155163,37497.97094127252
2018-02-08,36078.67074513707,29949.407537722138,46755.05234596742,36937.837087760265
2018-02-09,36827.853713421515,30376.706150341877,47567.24164090323,37339.471194516074
2018-02-12,37142.778006664295,30587.87298683841,47944.20694827154,37575.65247306929
2018-02-13,37134.657858480554,30703.888444814478,47888.49623495688,37682.72381787438
2018-02-14,38034.737437763186,31144.336977939525,48838.14414115433,38057.183667989426
2018-02-15,38476.28634974182,31301.87033650386,49424.677385005074,38264.9306385701
2018-02-16,38361.08798714529,31190.792784169953,49335.48961256512,38174.65979423593
2018-02-19,38740.14233979118,31196.181294834485,49874.237475957874,38220.913245937285
2018-02-20,38569.88335013645,31000.679554290702,49641.454761858295,37970.97354623262
2018-02-21,38300.71662576224,30964.52641243895,49333.98892584125,37956.49673045263
2018-02-22,38106.64248888542,31002.19453463608,49047.11737125133,37974.287742108005
2018-02-23,38427.566032414834,31180.035097702184,49484.542740533616,38210.98667858573
2018-02-26,38735.03968964736,31414.449500892653,50012.97678276662,38600.56603842538
2018-02-27,38267.79434517179,30941.030330172,49539.63347320862,38119.1429752995
2018-02-28,38113.57270653379,30892.071361078182,49452.6341243387,38145.50523578847
2018-03-01,37770.43197644436,30449.31101608552,49177.83110153279,37730.24282346514
2018-03-02,38157.62999182497,30725.082806724487,49491.69569379797,37925.973535762336
2018-03-05,38694.92528339129,31025.9408925448,50020.062653829926,38168.20174345582
2018-03-06,38689.87451658099,31238.173480209058,49965.17624371473,38392.391391663135
2018-03-07,38405.261372507084,31248.03483000966,49384.02132781952,38240.38643160245
2018-03-08,38094.21717070872,31177.9026633469,49025.26614407485,38186.46858855286
2018-03-09,38516.22987798038,31537.81081255491,49451.40163591716,38536.16971512394
2018-03-12,38466.52951896759,31547.09945915162,49524.76224455522,38654.41361875628
2018-03-13,38277.19258533964,31398.36082012825,49457.866408480935,38610.21439772833
2018-03-14,37758.68737942416,31293.432778310227,48869.144609733514,38544.6051397125
2018-03-15,37575.61993719942,31137.6078793819,48656.94160611098,38372.17998139809
2018-03-16,37665.43179466191,31191.842755000776,48753.36771576193,38423.344364921504
2018-03-19,37581.67795238659,31012.62355196491,48655.27928200662,38210.7090909152
2018-03-20,37829.80776375164,31117.08988330826,48873.97019567949,38258.885007107965
2018-03-21,37889.94598738447,31161.33716439763,48966.272755413884,38324.722398969774
2018-03-22,37091.456944237914,30580.486165988794,48226.8227805113,37839.246847617935
2018-03-23,36866.40619095105,30328.495187267486,48132.97906304186,37683.399052881614
2018-03-26,37376.34113754736,30984.0861339539,48545.714545010065,38299.87188658305
2018-03-27,36133.50932992125,30102.585079789467,47253.3738040941,37464.1916759892
2018-03-28,35727.54508926176,29711.815141329873,46810.16814502426,37047.38376073867
2018-03-29,36017.0191950636,30238.677069619658,46813.68017784703,37406.9347280583
2018-03-30,35814.468348326605,30189.95200132833,46668.03516698711,37440.647394699576
2018-04-02,35259.75804336813,29643.439217475796,46308.68491660098,37054.47827613694
2018-04-03,35770.9083646978,29911.46446468487,46750.99218122264,37206.261340377656
2018-04-04,35712.292962460684,30107.848066030707,46424.29284117256,37251.506255711254
2018-04-05,35700.667175417046,30113.49233183521,46447.51648560614,37289.251572811
2018-04-06,35167.14446869169,29735.072362784413,45960.83473483715,36987.20023240328
2018-04-09,35381.93854015033,29855.008662641903,46352.38421231591,37225.57864766157
2018-04-10,36025.65941450377,30373.98741436989,46916.317357778156,37648.31360668119
2018-04-11,36029.005591818255,30322.508036052146,46973.240467320386,37626.68676700287
2018-04-12,36751.15032821841,30537.236965626,47783.395104675285,37787.92571879978
2018-04-13,36700.331833368284,30484.853150341685,47773.16542619606,37767.26633042909
2018-04-16,36813.68114424109,30519.37719836884,47908.69657795744,37800.53784423373
2018-04-17,37326.522811973366,31002.105737072055,48291.10981713062,38173.572685326675
2018-04-18,37604.9967189849,31130.869345594507,48687.54442808964,38360.705879689696
2018-04-19,37441.35644803339,30945.487371951614,48740.995979980675,38341.31380491719
2018-04-20,37447.76400828783,30740.676437422553,48935.58084433849,38234.059468732805
2018-04-23,37334.052834228394,30607.340876942493,48773.0028283811,38057.29616227109
2018-04-24,37498.11412115351,30741.842206222856,49084.39198916726,38300.27134990634
2018-04-25,36976.923015423454,30314.55739184864,48399.28725354046,37765.68802893124
2018-04-26,37773.02343758112,30807.451907571143,49100.79275057618,38114.03144715299
2018-04-27,37754.321495861106,30792.19871580402,49080.09305276305,38097.963500197344
2018-04-30,37503.249305566875,30587.42573964553,48853.32089068833,37921.9337289356
2018-05-01,37585.773884589704,30654.732292525514,48960.82090242126,38005.37960828365
2018-05-02,37612.162054430904,30676.254325959108,48995.195250053555,38032.06237434993
2018-05-03,38075.83581121863,31054.42386768631,49599.19632325069,38500.91256206262
2018-05-04,38224.65398712052,31175.799081524987,49793.05318195819,38651.39213673176
2018-05-07,38492.405180377995,31394.175352704482,50141.837226148484,38922.13249108944
2018-05-08,38541.55497603667,31434.261631964695,50205.861831575625,38971.830992639865
2018-05-09,39030.74641892318,31833.24324579356,50843.10332341528,39466.483744638914
2018-05-10,39383.84996355177,32121.23238406082,51303.070955361756,39823.52931980378
2018-05-11,38761.560181943525,31613.69656154058,50492.44993049522,39194.2923258018
2018-05-14,38898.82428693547,31628.06607653049,50671.25596709509,39212.10748291253
2018-05-15,38431.39069539374,31248.00264811892,50062.3571739101,38740.909276574595
2018-05-16,38777.30524985342,31529.26072174556,50512.96012279298,39089.60975629405
2018-05-17,38333.645213291806,31282.780210976332,49935.029769187546,38784.02609343779
2018-05-18,38409.824687728615,31274.733744332003,50034.26437895755,38774.050177928075
2018-05-21,38925.075069599545,31623.32055276693,50705.45134837179,39206.22403789162
2018-05-22,38833.40282828374,31548.84463543763,50586.03520431237,39113.889664106675
2018-05-23,38617.19843186462,31575.787907888003,50304.39820080418,39147.29361908479
2018-05-24,38843.339379418045,31742.221633128265,50598.978976654755,39353.63621072828
2018-05-25,38750.74102509001,31718.424554998383,50478.35643856269,39324.13287077855
2018-05-28,38441.06822034909,31621.18842671345,50074.96352778142,39203.58065287483
2018-05-29,38464.16785671573,31481.79418682006,50105.05409243312,39030.761299836544
2018-05-30,38796.26818526257,31769.73508449069,50537.66204557902,39387.74706687227
2018-05-31,38481.99493410461,31481.79414456189,50128.276398455884,39030.76124744535
2018-06-01,38910.485900292806,31808.520864877763,50686.44687854936,39435.83322508588
2018-06-04,39057.341589840806,31945.38772197434,50877.74731941667,39605.519158406416
2018-06-05,39220.810611214714,32030.912613869503,51090.68898993163,39711.55192200767
2018-06-06,39412.30925463341,32185.447656375913,51340.14323323839,39903.14266555725
2018-06-07,39185.973725891396,31993.851443810367,51045.308987690616,39665.60391556665
2018-06-08,39425.852193568855,32199.566627190765,51357.78483906902,39920.647200921514
2018-06-11,39137.66357093651,32264.1266484403,50982.37813380485,40000.68796238351
2018-06-12,38952.26058194787,32265.58217870117,50740.86434812308,40002.4925118269
2018-06-13,38984.37428204871,32398.549267755923,50782.6970139604,40167.343558207314
2018-06-14,39407.714607348345,32583.2596813145,51334.15805109144,40396.34537488958
2018-06-15,39031.48225875237,32369.151436673772,50844.061859541216,40130.89647006199
2018-06-18,39857.083105699654,32864.022059376395,51919.52448879006,40744.43129702854
2018-06-19,39785.10520697985,32789.55647926352,51825.763029495014,40652.10973920398
2018-06-20,39914.04139161701,32887.596453171405,51993.72076433494,40773.658555536786
2018-06-21,39711.75830348332,32733.65890008327,51730.218246597426,40582.8085724002
2018-06-22,39285.83033384807,32691.85630293441,51175.38643436239,40530.98219994672
2018-06-25,38644.712698298456,32065.945399042164,50340.23944955072,39754.98516052096
2018-06-26,38732.312249876166,32217.383112407828,50454.350335469906,39942.73587152214
2018-06-27,38441.8797552896,31935.823324008867,50076.020667565244,39593.66132934649
2018-06-28,38517.57482571929,32127.97091160249,50174.624272160014,39831.883667666894
2018-06-29,38837.46774367807,32209.08996759102,50591.33033526317,39932.45412729089
2018-07-02,39018.66741927014,32166.5041525528,50827.36870689498,39879.65673043187
2018-07-03,38981.134768062904,32164.39616731792,50778.47708584195,39877.04327492047
2018-07-04,39009.94059822349,32155.66785071195,50816.00078019952,39866.22200977988
2018-07-05,39345.377145679966,32412.871950350636,51252.95463339335,40185.100653060625
2018-07-06,39724.04764474624,32701.16554811076,51746.226863007214,40542.52369355422
2018-07-09,40009.02748282356,32910.277567915095,52117.4536696109,40801.77833709441
2018-07-10,39713.30845116997,32873.273297570864,51732.23753462624,40755.900874256375
2018-07-11,39771.61721023443,32873.24775288696,51808.19299368805,40755.86920425516
2018-07-12,40075.764018769936,33198.357926687866,52204.387507774016,41158.93700637821
2018-07-13,39857.279654428945,33024.40971797674,51919.78052148913,40943.27804575962
2018-07-16,40337.26776704425,33145.45993250299,52545.03336553617,41093.35469007128
2018-07-17,40489.673636563646,32992.04672572569,52743.56370589659,40903.15478537607
2018-07-18,40593.48203989731,33076.632532073476,52878.78892859367,41008.02328166707
2018-07-19,40444.03592045036,32954.85991913446,52684.11408402957,40857.05101622771
2018-07-20,40578.861527409514,33064.719355507,52859.74362981614,40993.2534642885
2018-07-23,40698.38294364413,33162.10853637647,53015.437288598725,41113.99543500167
2018-07-24,41270.661183347445,33628.415837193,53760.911160880896,41692.11778859233
2018-07-25,41358.90850618788,33700.32206752483,53875.86586108144,41781.26629440487
2018-07-26,41293.261960305346,33646.83154229661,53790.35189013897,41714.94936502035
2018-07-27,41432.67301922539,33760.42732504502,53971.9546398538,41855.7840917456
2018-07-30,41094.17123998521,33484.60720810171,53531.0078859192,41513.82552730601
2018-07-31,40647.06719662708,33120.29512146608,52948.59122319935,41062.1556508136
2018-08-01,40424.81411695438,32939.19749012147,52740.70362314773,40854.18301999076
2018-08-02,40409.98547838197,32927.11472696928,52555.864002092625,40804.886091929664
2018-08-03,40594.631514386776,33077.569153998535,52842.81093593525,40945.62872276536
2018-08-06,40373.20908810594,32897.14836079698,52345.349765261984,40685.325092624786
2018-08-07,40508.12307697658,33091.484700997295,52509.06473557312,40867.620512741596
2018-08-08,40079.2960081641,32975.28794761612,52068.59257325943,40758.48597261693
2018-08-09,40186.96426233359,32926.534517469416,52275.112946076995,40714.296435887096
2018-08-10,39828.92484637682,32820.206615326104,51752.892203875475,40626.02420350432
2018-08-13,39785.804866823964,32718.348314157804,51677.72183957009,40484.914561085134
2018-08-14,39920.25598371679,32872.98706732677,51753.1418370215,40631.726588081445
2018-08-15,39461.83715924858,32445.818738423102,51155.89163386923,40205.969824490894
2018-08-16,39609.74697343152,32551.015104662,51358.37641201532,40296.48139502695
2018-08-17,39651.59159601568,32473.25478194301,51547.78001509585,40214.78028223921
2018-08-20,39697.85660808195,32646.167218777184,51623.2172797042,40395.48061316388
2018-08-21,39693.6829256347,32575.482463136217,51550.50687292308,40323.71908794239
2018-08-22,39397.35536577088,32414.12640804024,51237.01724371639,40166.07599713066
2018-08-23,39567.265464543685,32467.618289553375,51457.80007282526,40190.7438088959
2018-08-24,40414.41127466038,33055.493659370426,52350.38660439838,40775.8144873927
2018-08-27,40476.17928109611,33054.483464557416,52550.56306909212,40751.14397328253
2018-08-28,40501.01462555196,33074.76501032663,52623.59097727179,40791.85382540145
2018-08-29,40717.494432077525,33251.55116732816,52815.275553383275,40942.042406973815
2018-08-30,40607.79283441653,33161.964410121196,52689.27845881063,40839.493869129794
2018-08-31,40811.70377558687,33328.48632382133,52893.90148360013,41018.01341993157
2018-09-03,40965.70965264678,33454.25374572566,53093.50039605659,41172.79782115939
2018-09-04,40975.98058619373,33462.64140506316,53106.81201250279,41183.12067590666
2018-09-05,40727.83129505808,33259.99266730505,52785.198775507626,40933.71695069298
2018-09-06,40470.878418194596,33183.442482084814,52452.17567435313,40839.50515558911
2018-09-07,40332.081889060675,33098.290130479836,52272.28879732775,40734.706507761664
2018-09-10,40441.224980442166,33254.210770297876,52413.743414240875,40926.60105809801
2018-09-11,40581.36397486623,33376.54106196061,52595.37018987948,41077.15531658829
2018-09-12,40839.720071670825,33573.58743234802,52930.21193055299,41319.664099806636
2018-09-13,40900.49742244263,33544.786952750095,53008.982256384894,41284.218791934865
2018-09-14,40771.984107161785,33453.02650434459,52842.422911664224,41171.287431430035
2018-09-17,40563.075027205705,33395.98261243073,52571.66684730123,41101.08240917627
2018-09-18,40732.25666573645,33485.91453644945,52790.93426555178,41211.76336931468
2018-09-19,40564.92185055486,33346.4909830853,52574.060417852095,41040.17210269127
2018-09-20,40734.28629452611,33438.044326242685,52793.564760613655,41152.84857475731
2018-09-21,40675.24350519523,33287.16211164024,52717.04250858131,40967.154911887024
2018-09-24,40734.91618656001,33393.463938222114,52794.38113052973,41097.98262806152
2018-09-25,40610.83924474325,33368.66872146269,52633.57153598475,41067.46667471439
2018-09-26,40507.734141854875,33260.38581810801,52499.94243819893,40934.20080899829
2018-09-27,40671.039162612324,33297.17992660904,52711.593481419746,40979.48403073257
2018-09-28,40682.3172546002,33322.6810087807,52726.21042291794,41010.868706309404
2018-10-01,40671.179875230795,33354.03909633367,52734.07352616378,41066.80502161971
2018-10-02,40552.520830339454,33278.932580848574,52584.72485068859,40977.83852256842
2018-10-03,40507.50370377733,33262.39868127768,52521.68839461304,40953.846274747
2018-10-04,40516.81082180212,33211.739569250945,52466.22779385352,40929.12870267017
2018-10-05,40602.90983738562,33237.80253016631,52564.52483553693,40987.55756051999
2018-10-08,40364.70260832367,33021.95692070076,52109.679211031165,40756.08979730391
2018-10-09,40649.10009868857,33250.12750713055,52360.833035832475,40972.20551029612
2018-10-10,39487.684304274655,32329.702984450338,51535.61213198118,40183.67472096832
2018-10-11,39287.85263753695,32319.34052063045,51172.19460539998,40288.84416072679
2018-10-12,39539.164520311475,32543.1556476791,51496.26145596285,40438.57170852786
2018-10-15,39573.645691069796,32400.364541235827,51646.245982112385,40343.65064533369
2018-10-16,40194.841705485225,32908.96002105952,52185.31779565864,40773.99519059439
2018-10-17,39956.03224213369,32713.43813942928,51948.32924878708,40566.44850100771
2018-10-18,39583.33906140762,32441.056254383308,51480.40471854977,40339.6031851976
2018-10-19,39496.10339470227,32363.369951976405,51295.32956523552,40281.70362681002
2018-10-22,39584.569090272795,32429.64847505778,51286.71262339068,40322.115439932124
2018-10-23,39772.13521089099,32567.16751378519,51542.066427948,40502.80353235469
2018-10-24,38742.54785284013,31716.975254189052,50297.40689136675,39742.783952431186
2018-10-25,39339.88260032276,31986.82107574107,51082.16643779125,40000.73828020563
2018-10-26,38652.74381988658,31434.02198701272,50337.999282094905,39520.981402394566
2018-10-29,38094.183253819676,31225.53095377453,49852.82766736312,39330.95142365906
2018-10-30,38794.05754045023,31523.931396254753,50597.33455838188,39610.38069602299
2018-10-31,39228.78203817264,31667.212302280663,51218.79826312413,39709.03040662232
2018-11-01,39456.89337108809,31838.393543724495,51516.63030722787,39923.68274345106
2018-11-02,38983.846858410245,31468.80710624926,50899.00027532058,39460.240652512024
2018-11-05,39079.396640182735,31538.245550203996,51023.75421216033,39547.312834807926
2018-11-06,39370.433547200395,31743.138737024507,51403.744613421215,39804.23819053238
2018-11-07,39835.648080239676,32086.211166854137,52011.148873222766,40234.433100578106
2018-11-08,39692.74958817572,32020.31972920156,51824.57440782115,40151.80867894268
2018-11-09,39672.330846483324,32018.600869751826,51797.914813584655,40149.65331896017
2018-11-12,39193.995619417045,31630.639208727844,51173.37960692406,39663.16965733721
2018-11-13,39146.988051334345,31591.679283932383,51112.00448841732,39614.31594632611
2018-11-14,38413.598518094266,31327.481974872397,50154.45932388078,39283.02631847165
2018-11-15,38666.7912779147,31584.681752405915,50485.03876614609,39605.541407238066
2018-11-16,38762.06482485003,31700.669245937806,50609.43203880861,39750.983666679196
2018-11-19,37792.80284952609,31317.197607319406,49343.921589620404,39270.13025866138
2018-11-20,36945.26271449957,31090.022897651015,48237.33645135171,38985.26503693841
2018-11-21,37250.47769547393,31199.38361635196,48635.838360541675,39122.39766682491
2018-11-22,36989.56342749848,31164.172702310647,48295.1773825281,39078.24501950739
2018-11-23,36855.460247418545,31100.81475452426,48120.08645769964,38998.797461852635
2018-11-26,36710.8868530008,31250.583824323647,47931.325167183604,39186.60005369009
2018-11-27,36751.66487068323,31211.706671715307,47984.566714657965,39137.85013467887
2018-11-28,37800.31700945261,31520.94267439205,49353.732402533715,39525.615932182576
2018-11-29,37778.450518189406,31497.391899717815,49325.18256370257,39496.0844906805
2018-11-30,37590.557525147764,31535.086705278456,49079.86132746612,39543.351808242
2018-12-03,37851.916837898745,31857.507162331225,49421.103375229795,39947.650222975
2018-12-04,37146.00553769058,31222.19453632502,48499.43498282754,39151.00136917063
2018-12-06,36581.65687063147,31145.932669455837,47762.59690052264,39055.37297089333
2018-12-07,36217.580523743694,31075.535473382515,47287.243040556394,38967.098563511565
2018-12-10,36459.69373767798,31132.84307243016,47603.35654745217,39038.959299827446
2018-12-11,36427.08749851253,31149.153623070026,47560.78442822834,39059.41187851119
2018-12-12,36590.443146553924,31192.78759787667,47774.06864322213,39114.126604134006
2018-12-13,36410.39015207999,31181.604107425654,47538.98364895293,39100.10309116632
2018-12-14,35773.42382290474,30921.856509976475,46707.3327992609,38774.39316928559
2018-12-17,35917.21547321814,30885.18053289333,46895.07341078833,38728.403409426544
2018-12-18,35997.01312564162,30855.962254756745,46999.26068474888,38691.7652145681
2018-12-19,35716.42793979373,30721.96419079633,46632.91650369374,38523.73864041179
2018-12-20,35861.13085359845,30668.29925379558,46821.84690033563,38456.44561206465
2018-12-21,35117.858394400624,30392.741946526596,45851.39815927747,38110.91113973211
2018-12-24,34737.76640947338,30207.26507753416,45355.13358806352,37878.332832546694
2018-12-25,34344.43844514735,30118.39303993195,44841.58754841191,37766.89193873646
2018-12-26,35519.52285649028,30629.297990689978,46375.82869176807,38407.54006497152
2018-12-27,35745.4582307412,30850.460466279994,46670.819709919,38684.866259149196
2018-12-28,35883.73241252326,30791.75228700324,46851.35647536847,38611.24926837132
2018-12-31,35908.43318892972,30867.679056785186,46883.60687973926,38706.457472401664
2019-01-02,35902.94602082671,30774.63492275737,46948.22735537141,38611.64391541687
2019-01-03,35175.46439703598,30537.23813730058,46281.537037657385,38425.61752592058
2019-01-04,35659.399991180544,30697.90734454017,46703.61070216174,38532.77375494421
2019-01-07,35682.30811722794,30632.757174146864,46857.12994844612,38460.01562505282
2019-01-08,35814.686118950376,30674.307122098962,46956.5151611841,38486.52401120238
2019-01-09,36094.16136941161,30822.38930433985,47141.76278688232,38642.31320117566
2019-01-10,35666.66048185046,30747.06207925757,46570.917422723156,38550.374364553194
2019-01-11,35767.270642910415,30797.64194081243,46797.76584832042,38603.6456760233
2019-01-14,35785.66544964143,30806.96239203623,46845.1241314458,38619.512345360046
2019-01-15,35881.12474103996,30866.94500838133,46812.54261319649,38662.04818239281
2019-01-16,35912.57051112076,30887.62627599348,46848.80354787741,38692.59976802861
2019-01-17,35741.29421299525,30777.649049984695,46674.34008840784,38567.14905855243
2019-01-18,36005.775423271385,30869.943993993882,46830.6041501384,38627.03557847119
2019-01-21,35998.948428222575,30907.941081822682,46767.016307315935,38667.44892143572
2019-01-22,35852.039480951855,30841.54140073617,46817.127669831716,38617.82558849191
2019-01-23,35971.016426253154,30898.823481759806,46990.4906536879,38664.73810617267
2019-01-24,35924.73846483204,30850.369787025647,47003.049675591246,38603.14476895011
2019-01-25,36086.20961724454,30984.289426844465,47248.53665419525,38767.81683940215
2019-01-28,35704.30922492772,30880.07237798211,46875.71793152767,38674.71631457453
2019-01-29,35720.36250724006,30915.203500167056,46895.83348263791,38718.35376122992
2019-01-30,35895.483485983714,30975.448241727907,47067.17700041523,38770.601585094344
2019-01-31,35689.60941537534,30912.69277026114,46880.76463565906,38717.912734423175
2019-02-01,35644.72116026875,30846.856198983827,46842.785189282724,38652.79778214795
2019-02-04,35866.90464542007,31060.776104556287,47027.96368547863,38837.901910735476
2019-02-05,36019.53811607643,31184.39870974927,47168.30380767014,38948.18564511751
2019-02-06,35782.326049628355,31034.2892289493,46970.52202353663,38795.37240002169
2019-02-07,35373.51313706757,30693.412176172464,46545.6405576042,38496.03615021805
2019-02-08,35769.26006458271,30789.827453128783,46991.63341583772,38597.964675397816
2019-02-11,35182.40911238777,30347.317519222397,46288.94856693164,38138.64844293012
2019-02-12,36207.14284260511,31167.24576877234,47383.9947237375,38933.31630318169
2019-02-13,36102.4574584236,31107.48236907715,47315.85441097655,38871.70219288432
2019-02-14,36196.33879600651,31192.564851037736,47372.997901234274,38953.40876759914
2019-02-15,36405.43013869694,31375.338517967884,47458.74767130144,39128.64616778926
2019-02-18,36657.36819894767,31341.04514749678,47771.72952990345,39094.431954398795
2019-02-19,36892.69875400524,31542.246322404277,48059.23115508518,39329.711539899465
2019-02-20,36881.18602642701,31532.403255852365,48091.61657086673,39334.23338108249
2019-02-21,36538.461016307025,31239.382765209095,47728.949483361095,39009.26623317189
2019-02-22,36931.11795823327,31575.093689070283,48212.542962158346,39349.25779720836
2019-02-25,37104.68321008896,31723.48722253191,48382.0316094865,39449.15311699694
2019-02-26,37009.609720158645,31642.201994305364,48202.624247535074,39302.87012191596
2019-02-27,36874.18749344935,31526.41970196414,48069.874494184834,39181.58422936263
2019-02-28,36918.04922087521,31563.92027680193,48072.4170908104,39183.65669085528
2019-03-01,36966.16669475952,31605.059398225138,48135.07271110289,39234.727064759216
2019-03-04,36868.98728914285,31521.973669803247,48008.5316554937,39131.58389908642
2019-03-05,36980.55288405253,31617.35919579068,48153.805523551986,39249.996113754045
2019-03-06,36533.311413397896,31234.97999585613,47571.43513910979,38775.3080786632
2019-03-07,36500.59728754794,31207.01031484521,47528.83681293033,38740.58633406134
2019-03-08,36683.8931954483,31363.72329253851,47767.51349064174,38935.13084764158
2019-03-11,36740.90148181357,31412.463814963863,47841.74618109045,38995.63765037393
2019-03-12,36687.51148718665,31366.816832808865,47772.225007996356,38938.97118872881
2019-03-13,36918.61650269454,31564.40528721006,48073.15577036696,39184.25878594224
2019-03-14,36671.122319088936,31352.804543260616,47750.88403952179,38921.57624100696
2019-03-15,37310.790432857284,31899.703249251284,48583.820584483554,39600.499864951125
2019-03-18,37330.716526510994,31916.739513213954,48609.76712026557,39621.6487942525
2019-03-19,37661.135778168944,32199.238917634135,49040.01878349682,39972.34539914498
2019-03-20,37640.58808748718,32181.67120524848,49013.26284222817,39950.536726301856
2019-03-21,38146.33515026601,32614.071082995844,49671.81561675041,40487.32075738031
2019-03-22,37624.50035333512,32167.916633462417,48992.314382530945,39933.46171109246
2019-03-25,37559.52087828518,32112.360963176758,48907.70209957272,39864.49453931489
2019-03-26,37444.1579392749,32013.728812056514,48757.48356316674,39742.051943012404
2019-03-27,37446.369875366596,32015.61995679274,48760.36381054227,39744.39962243394
2019-03-28,37627.188009501995,32170.21450582494,48995.81408338128,39936.31430484453
2019-03-29,37886.81564861213,32392.189021691094,49333.88525504404,40211.87491796047
2019-04-01,38248.94857452116,32701.80274842436,49805.43251780598,40596.23141958328
2019-04-02,38988.16125976464,33333.80933482418,50767.98989214712,41380.808521878476
2019-04-03,39409.578476798866,33694.10950567445,51316.73351901955,41828.08750612523
2019-04-04,39267.44164787138,33572.586412462704,51131.65166696157,41677.22794487105
2019-04-05,39489.707066347386,33762.61725366706,51421.07204878934,41913.13347172344
2019-04-08,39848.45090138875,34069.333400592746,51888.20624549858,42293.8928988568
2019-04-09,39527.79848104324,33795.184369266724,51470.672350362234,41953.56250163727
2019-04-10,39691.56087701687,33935.19672961449,51683.91368811372,42127.37475981786
2019-04-11,39266.92266205001,33572.14269380919,51130.97587548842,41676.677109637836
2019-04-12,39458.7205934545,33736.12466858492,51380.72336622033,41880.24540365051
2019-04-15,39174.06847071948,33492.7549050615,51010.06684837364,41578.12459041791
2019-04-16,39500.84063424508,33772.13614908368,51435.56949735398,41924.95029063598
2019-04-17,39581.54024936827,33841.132108292615,51540.651581568665,42010.60232482535
2019-04-18,39623.022196703685,33876.598036375326,51594.66682658111,42054.62995947999
2019-04-19,39639.54997311446,33890.728832232424,51616.18828229098,42072.17202170729
2019-04-22,39929.80317540589,34138.887365268696,51994.13818205458,42380.23764467574
2019-04-23,40182.72212746858,34355.12613757319,52323.473713327825,42648.6778682895
2019-04-24,40252.3052846821,34414.617829936346,52414.08062855379,42722.531243569654
2019-04-25,39992.86759256524,34192.80571354359,52076.25679420377,42447.17223422019
2019-04-26,40144.123034138145,34322.124970654826,52273.212343806204,42607.71000423501
2019-04-29,39999.947312665645,34198.85868019668,52085.475571055074,42454.686426539025
2019-04-30,40218.3196368375,34385.561032468395,52369.82660449872,42686.45994550101
2019-05-01,40092.02125201115,34277.57937488142,52205.368601938964,42552.4108108342
2019-05-02,40062.614211244574,34252.437160980044,52167.07655891471,42521.19910236072
2019-05-03,40609.993735333686,34720.43165213351,52879.84056850658,43102.17051889438
2019-05-06,40401.033463120744,34541.77634633207,52607.745331265556,42880.38665595425
2019-05-07,39872.86243267806,34090.20459080219,51919.993442783685,42319.802530636516
2019-05-08,40010.240701785566,34207.65924578495,52098.87899039857,42465.61150611317
2019-05-09,39927.484949000274,34136.905345227155,51991.119529958036,42377.77715205693
2019-05-10,40181.98343576462,34354.494576411504,52322.51183434332,42647.89384414036
2019-05-13,40117.357803470455,34299.24143198432,52238.36030369729,42579.3022299385
2019-05-14,40682.87195465907,34782.740532295065,52974.73811131241,43179.52116949898
2019-05-15,40798.717174790385,34881.785020555995,53125.584644584276,43302.475643819766
2019-05-16,40922.74962643211,34987.829367372186,53287.092088069265,43434.119788248354
2019-05-17,40477.209064899915,34606.90439812078,52706.93652305802,42961.23704462123
2019-05-20,40674.37163758451,34775.472994163145,52963.6695202997,43170.499200217215
2019-05-21,40918.03960528575,34983.80242837885,53280.958987706894,43429.12071989288
2019-05-22,40654.4775312617,34758.46407849172,52937.7646364561,43149.38422126315
2019-05-23,40421.325875050556,34559.1258023812,52634.16886421639,42901.924383956364
2019-05-24,40377.69033604914,34521.8186124472,52577.34934435747,42855.61099481918
2019-05-27,40714.612954369615,34809.87821712711,53016.06929237876,43213.21006861283
2019-05-28,40765.23124860349,34853.15547140962,53081.981327391186,43266.934734606715
2019-05-29,40608.198633416694,34718.896889192576,52877.50309700159,43100.26525416008
2019-05-30,40492.37937986154,34619.874601642594,52726.690375810955,42977.338339946786
2019-05-31,40354.901996417575,34502.335206618576,52547.675767592315,42831.4241676297
2019-06-03,39686.094508427916,33930.523134286836,51880.54483098823,42287.64810705919
2019-06-04,39823.43083518251,34047.94192970737,52018.248297782084,42281.3444303856
2019-06-05,40220.60360059074,34387.5137588812,52460.16454262355,42606.84496008281
2019-06-06,40674.177123352856,34775.30668982612,52974.643431907534,42980.01387891272
2019-06-07,41119.966808218705,35156.44465270011,53392.32057553569,43318.88863609948
2019-06-10,41131.092585772545,35165.956887586246,53408.492870939466,43332.00973396589
2019-06-11,41064.20324352506,35108.768333190106,53369.949395706404,43300.73818604905
2019-06-12,41085.492462474765,35126.970031921905,53348.14764982652,43283.04973588126
2019-06-13,41319.79866772279,35327.29541581642,53652.58977653086,43530.05332067928
2019-06-14,41434.49956200871,35425.36153684188,53865.54163184906,43702.82793706497
2019-06-17,41733.87706439433,35681.321096390464,54275.85930769361,44035.73172385931
2019-06-18,42042.41270863176,35945.11061622661,54663.508826916346,44350.244113881585
2019-06-19,42039.686433868825,35942.77972602287,54775.574915466925,44441.1668974856
2019-06-20,42798.75981656111,36591.76666442248,55665.45119355936,45163.15183792394
2019-06-21,42489.90534957378,36327.70455987309,55381.949617869155,44933.13798849576
2019-06-24,42880.48323099727,36661.637943984904,55891.08254401957,45346.21373218214
2019-06-25,42618.12774635448,36437.33119494995,55798.25520641486,45270.899959400995
2019-06-26,43288.4537260449,37010.44153606878,56647.29068709036,45959.749461333515
2019-06-27,42692.717428345575,36501.10332878489,55970.22435556873,45410.42400219854
2019-06-28,43254.964314733596,36981.80900723653,56618.029505040635,45936.00893324053
2019-07-01,42540.417291951424,36370.890886233276,55628.205384929635,45132.93312821436
2019-07-02,42982.2879607674,36748.67819779248,56064.861384335156,45487.20603500387
2019-07-03,43659.26595591371,37327.475829815376,56966.47741386202,46218.71580934195
2019-07-04,43449.41671771656,37148.06048246117,56564.920180313304,45892.919648141054
2019-07-05,43187.320283306,36923.97521427504,56298.09566466368,45676.43642819081
2019-07-08,43838.14688343305,37480.41412028355,57114.55108622455,46338.852691460335
2019-07-09,44124.55073145407,37725.281560917254,57335.06946963073,46517.76627285207
2019-07-10,44291.15853576439,37867.72666740924,57637.704683385164,46763.30385167755
2019-07-11,43835.34613615753,37478.01955812261,57049.8477585343,46286.3568228338
2019-07-12,44308.9741255681,37882.9585084224,57464.89764713632,46623.100004418135
2019-07-15,44260.79112846345,37841.763366441584,57267.14591382872,46462.65773069023
2019-07-16,43508.04177476809,37198.18329951272,56350.39529416867,45718.868781791745
2019-07-17,43613.85049095918,37288.6468519736,56472.94542438607,45818.297602004124
2019-07-18,44075.19976286057,37683.08783532388,57222.91495427558,46426.77174576775
2019-07-19,43694.87168513065,37357.91775245535,57006.39212416121,46251.09988390088
2019-07-22,43816.08015865643,37461.54767537872,56959.77263677823,46213.276010346664
2019-07-23,43680.677904591605,37345.78245910113,56722.80599508627,46021.017433621164
2019-07-24,43986.24709024244,37607.035738146995,57002.125864663525,46247.63853181727
2019-07-25,43853.54701205861,37493.58080818955,56991.09727810582,46238.690688611416
2019-07-26,44211.61763689314,37799.72137883897,57234.02014833602,46435.781743078245
2019-07-29,43773.3237822182,37424.99214534119,56757.761376108705,46049.37784653112
2019-07-30,43767.49930311093,37387.38543474342,56754.00237729809,46006.1824097516
2019-07-31,43236.94469257291,36759.14500730547,56435.91592472745,45532.959206320156
2019-08-01,43078.99376634229,36624.8584372753,56229.747212845374,45366.620600949296
2019-08-02,43545.0330269094,37021.07525786917,56838.05459242545,45857.40797713481
2019-08-05,43017.39212598399,36572.48601256493,56149.340398237975,45301.7477243522
2019-08-06,43516.86575866032,36997.12803621903,56801.28868322356,45827.74494045962
2019-08-07,43848.112778787494,37278.74731650514,57233.65570432404,46176.58219438466
2019-08-08,44846.66497141983,38127.69548125925,58537.03659745942,47228.16057430473
2019-08-09,44488.96160179489,37823.583566619185,58070.136879228114,46851.46205749457
2019-08-12,44031.69741121019,37434.8271267767,57473.28334115516,46369.91573444967
2019-08-13,44316.33942956387,37676.82381045154,57844.818220196066,46669.67311791551
2019-08-14,43197.857655806896,36725.91402711934,56384.89676191754,45491.79652789278
2019-08-15,43621.32679359987,36984.63489941245,56937.638608667556,45812.26989367985
2019-08-16,44021.96110863566,37300.58634604215,57460.57483093501,46203.63384753973
2019-08-19,44488.460009826515,37495.869485376286,58069.48216594166,46445.527918123145
2019-08-20,44274.18467138469,37315.27343592042,57789.794850590646,46221.826508553844
2019-08-21,44173.112146992644,37230.0872509564,57657.86784859161,46116.30775712102
2019-08-22,43999.342828256405,37088.13246244145,57431.05185286793,45940.47065336607
2019-08-23,43593.95655005732,36646.164854792296,56901.913032441254,45393.01251619763
2019-08-26,43833.94641487365,36869.411779241986,57215.16476495527,45669.54487574745
2019-08-27,43656.0807595352,36796.779066539195,56983.00194119539,45579.57590764759
2019-08-28,43596.475941386125,36902.84901464807,56905.20152005815,45710.963039184455
2019-08-29,43842.097036499414,37200.21243139385,57225.80353233526,46079.30230065114
2019-08-30,43873.193990385655,37190.71520431459,57266.393474282304,46067.538238862246
2019-09-02,44192.276535238525,37173.231157384056,57682.88256254709,46045.881032322446
2019-09-03,44216.40452886955,37092.34196643373,57714.37612504728,45945.68489797162
2019-09-04,44700.607089189216,37513.503080555056,58346.3915271308,46467.3703676626
2019-09-05,44969.54910793136,37753.62922625294,58697.43365710269,46764.810745948314
2019-09-06,44979.008114836666,37822.380222511616,58709.78022141789,46849.97149458428
2019-09-09,44850.37169203179,37724.47571907223,58541.87487116956,46728.698767475566
2019-09-10,44598.04207890742,37594.704966840625,58212.51642706905,46567.95383267469
2019-09-11,44864.4586633361,37797.82560408484,58560.262181693404,46819.556085332224
2019-09-12,45082.88940822425,37902.606368725574,58845.37342721582,46949.34632612931
2019-09-13,44846.009648195875,37731.62706863484,58536.181223273445,46737.55702867396
2019-09-16,44767.31100195065,37696.774344120844,58433.458188274904,46694.3855217412
2019-09-17,44962.26979858021,37867.80716303316,58687.93218808235,46906.241112096446
2019-09-18,44893.54700669166,37828.67806219849,58598.230343220006,46857.772526885026
2019-09-19,44824.86807561278,37740.52728321952,58508.58574858625,46748.58158072845
2019-09-20,44493.13351803754,37493.85617827245,58075.582359152526,46443.03406713148
2019-09-23,44467.980204031,37644.85887437251,58042.75047603509,46630.0786678751
2019-09-24,43678.12281727479,37410.0136270873,57011.77279274944,46339.17965315889
2019-09-25,43872.15954845626,37621.58555457525,57265.04324756833,46601.250382540566
2019-09-26,43665.33490075729,37602.654208844535,56995.08110034228,46577.800430352996
2019-09-27,43213.558459471125,37145.81370843603,56405.39056049296,46011.91948114263
2019-09-30,43053.43698961138,36993.03727663432,56196.38870166594,45822.677782633815
2019-10-01,42974.68727109988,36901.997509237575,56093.59900353599,45709.908293185545
2019-10-02,42707.45797382385,36650.51884163791,55744.79243866592,45398.40572938
2019-10-03,42968.16559845959,36935.53334891635,56085.08645549559,45751.44859614253
2019-10-04,43241.53419110367,37202.25071470185,56441.90646256636,46081.82708926348
2019-10-07,42959.22577757302,36953.62821074852,56073.41756946481,45773.862409235415
2019-10-08,42588.8566310853,36636.52133692205,55589.98558413573,45381.06724636874
2019-10-09,42989.60276862938,36828.05351982379,56113.067765043896,45618.31506780282
2019-10-10,43000.346766611416,36850.67027700498,56127.09159052742,45646.33007962927
2019-10-11,43327.259998641515,37232.774200357635,56553.801845119044,46119.63603794614
2019-10-14,43365.87187387912,37245.96986221641,56604.20079352069,46135.98129116126
2019-10-15,43632.765105036306,37549.30019842413,56952.56870114145,46511.71167939092
2019-10-16,43590.81390956838,37580.70334442621,56897.8110359733,46550.610249136735
2019-10-17,43586.954536467914,37559.626939120586,56892.77350944665,46524.50324629959
2019-10-18,43069.63466106248,37181.115994031024,56217.531047192235,46055.647852125345
2019-10-21,43422.6483304462,37360.35246784147,56678.30943723055,46277.66517730181
2019-10-22,43262.81359191249,37302.27681243868,56469.68184039462,46205.72780096158
2019-10-23,43140.01446956114,37454.70214180591,56309.39574724148,46394.53459455563
2019-10-24,43384.31519062651,37678.59868586384,56628.27431399562,46671.87162742187
2019-10-25,44446.09993219554,38016.596303583465,58014.19079887715,47090.54381733277
2019-10-28,44747.66835879349,38025.373115126036,58407.81922220924,47101.415512032145
2019-10-29,44730.66372729386,38010.923033564824,58385.623575396836,47083.51642939234
2019-10-30,44680.30810661162,37968.13217238446,58319.895860467695,47030.51208078354
2019-10-31,44655.70916775214,37947.22865131453,58287.7875869719,47004.61922685681
2019-11-01,45016.372718217484,38253.71090119417,58758.55114244285,47384.253839643854
2019-11-04,45426.785379346424,38602.46861624353,59294.25075310231,47816.25438832571
2019-11-05,45229.996516709565,38435.242698086906,59037.38802180475,47609.1143444495
2019-11-06,45304.290944419954,38498.376117942666,59134.36235950949,47687.316691927306
2019-11-07,45172.58083426257,38386.45238503191,58962.44501530003,47548.67857170357
2019-11-08,45109.711393612626,38333.027613955914,58880.38337815192,47482.502170660315
2019-11-11,44899.5359681122,38182.76713558347,58606.04755892778,47296.37694302798
2019-11-12,44914.166556276235,38171.31076811697,58625.14443659631,47282.186125684406
2019-11-13,44932.11762019527,38190.862653691016,58648.57543389034,47306.40473055329
2019-11-14,44920.13380531365,38236.05209411289,58632.933311767105,47362.380160527966
2019-11-15,44757.68664519115,38197.109468539886,58420.895797644174,47314.14255921133
2019-11-18,44979.1217108129,38464.28043767173,58709.92849491435,47645.08292347104
2019-11-19,44760.55168552671,38330.41803002607,58424.63545077296,47479.26972119503
2019-11-20,44452.13599771424,38150.73014876244,58022.06949818286,47256.6932448972
2019-11-21,44083.745645341354,38017.30940951293,57541.22037478101,47091.4271301299
2019-11-22,43984.236305686536,38100.443534316255,57411.333751976956,47194.40402778545
2019-11-25,44189.42180915231,38356.849067396215,57679.15637230555,47512.009420285314
2019-11-26,44112.32917761512,38252.40884772606,57578.52962120683,47382.641007042985
2019-11-27,44405.27583426959,38342.56925217024,57960.904301076866,47494.3212438049
2019-11-28,44441.01073858666,38401.80503767721,58007.548023707044,47567.695654567375
2019-11-29,44594.59858768881,38383.078438029435,58208.02173896652,47544.4993180458
2019-12-02,43995.973665759964,38089.381154720206,57426.65418386668,47180.70123685353
2019-12-03,43955.197913285825,38044.569488946174,57373.43078996685,47125.19375023351
2019-12-04,44080.877015629994,38191.750136517134,57537.47603654528,47307.50404119583
2019-12-05,44342.015621899336,38309.821284054124,57878.33260106217,47453.75686462731
2019-12-06,44711.54959489377,38568.06910926674,58360.67445892307,47773.64427463616
2019-12-09,44393.07159590687,38372.33138798625,57944.974466648004,47531.18712073795
2019-12-10,44402.76603091326,38446.9780702246,57957.62832835929,47623.65076037295
2019-12-11,44485.459567464335,38551.28947856641,58065.565776518444,47752.859617103364
2019-12-12,44995.779989856375,38988.64219668688,58731.672058023025,48294.60136514987
2019-12-13,44870.63044860035,38876.264756254306,58568.318032002855,48155.40124474691
2019-12-16,44945.24550599522,39116.56670022643,58665.71087823185,48453.05938151553
2019-12-17,44836.55594347205,39183.980204211904,58523.8415797403,48536.563400075145
2019-12-18,45196.35905852296,39121.22602884165,58993.48203409822,48458.830816616195
2019-12-19,45341.17821022507,39287.52758278231,59182.51022579545,48664.82586546792
2019-12-20,45434.53244724861,39361.39987452005,59304.36277364171,48756.330280097354
2019-12-23,45747.53746250694,39559.42901140895,59712.91904075859,49001.62577349996
2019-12-24,45882.666331520115,39699.166469451404,59889.29879064276,49174.71630581178
2019-12-25,45852.980446075904,39699.166469451404,59850.55067495159,49174.71630581178
2019-12-26,46155.01291657757,39979.756332809455,60244.78480118248,49522.27843761463
2019-12-27,46162.706839683946,39957.51967964069,60254.82745337842,49494.73425448912
2019-12-30,45930.042841481954,39757.055253582344,59951.137959715044,49246.42220772583
2019-12-31,45782.94489673559,39706.16029121386,59759.13532628587,49183.37943986845
2020-01-02,46509.30208884845,40439.40896209962,60707.22806773353,50091.642725450685
2020-01-03,46765.98410973045,40443.20807820649,61042.26758203978,50096.34862921096
2020-01-06,47287.69862317132,40660.166942324206,61723.2462364431,50365.092069988976
2020-01-07,47593.04509566515,40716.837661142345,62121.80603228672,50435.289174073594
2020-01-08,47836.85904654647,40925.42555539459,62440.049232194826,50693.66362968272
2020-01-09,47899.43930432311,40978.96426449718,62521.73340741909,50759.98116391925
2020-01-10,47781.98070065432,40878.47599172807,62368.41813668429,50635.507963473465
2020-01-13,48033.094492381424,41093.30905129957,62696.189604770574,50901.61820449496
2020-01-14,48323.96334005131,41342.15338616935,63075.852181507646,51209.85766289634
2020-01-15,48369.65704524123,41381.24529912879,63135.494834861696,51258.28018408733
2020-01-16,48582.81052404369,41563.60252329594,63413.71781972551,51484.16313232595
2020-01-17,49027.77060156905,41944.27510278464,63994.51115985703,51955.69610811684
2020-01-20,48943.170626585015,41871.8980686899,63884.08529352024,51866.043844979176
2020-01-21,48825.87999155288,41771.55349657488,63730.989267320954,51741.74864421264
2020-01-22,48877.352097420204,41815.588951218815,63798.17429761973,51796.294650642754
2020-01-23,49095.64481535725,42002.34290110763,64083.10538061069,52027.6237520192
2020-01-24,49228.947675055744,42116.38626368718,64257.10169408661,52168.88742327853
2020-01-27,48992.762068018295,41914.324575885694,63948.81554768631,51918.59687419213
2020-01-28,49873.71399044886,42667.997225760824,65098.69625691594,52852.15901267123
2020-01-29,49911.51441953038,42700.33627721972,65148.03604844682,52892.216873390134
2020-01-30,50651.28098553477,43333.22192499864,66113.63165238689,53676.162103260314
2020-01-31,49942.322612525975,42726.69332561436,65188.249079271605,52924.864923531495
2020-02-03,50333.50361961553,43061.35679440002,65698.84617590801,53339.40715700931
2020-02-04,50556.59089321216,43252.21258614527,65990.03545179454,53575.817143642555
2020-02-05,50908.03336077993,43552.87890977355,66448.76299818013,53948.24766251778
2020-02-06,51170.36692031191,43777.31071351846,66791.17930014708,54226.24771291306
2020-02-07,51374.41697287581,43951.87976763744,67057.51984971212,54442.48358070338
2020-02-10,52338.93468074844,44777.04468099416,68316.47652799841,55464.602031251976
2020-02-11,52389.23862513115,44820.08074924801,68382.13679136927,55517.91011390226
2020-02-12,52626.71069667973,45023.24303413361,68692.10212216861,55769.5639548205
2020-02-13,52579.67728589208,44983.0049752357,68630.71079038655,55719.721721167465
2020-02-14,52948.67426599093,45298.68954860007,69112.35172716889,56110.75510342398
2020-02-17,52625.937954568006,45022.58193722222,68691.09348455191,55768.74506475404
2020-02-18,53220.2022550431,45530.98737758897,69466.76924834934,56398.498672241105
2020-02-19,53409.18880793209,45692.66929516018,69713.44785354643,56598.77145213591
2020-02-20,53222.88062434344,45533.27877810304,69470.26524525022,56401.3369930484
2020-02-21,53234.75055492911,45543.433750026656,69485.75871754179,56413.91579275246
2020-02-24,52470.49586449317,44889.59800365452,68488.19948292893,55604.02001412976
2020-02-25,50980.12845320763,43614.55775735817,66542.8666080389,54024.648254816806
2020-02-26,50853.14212850299,43505.91832153743,66377.11508244941,53890.078340352244
2020-02-27,49506.49713231674,42353.8355836775,64619.37886113225,52463.012060794965
2020-02-28,48850.907121112185,41792.96472523953,63763.65644557991,51768.27038733673
2020-03-02,50314.19564137706,42973.43332943554,65673.64403814616,53230.49778105103
2020-03-03,49637.578359734136,42395.533449062335,64790.475343144055,52514.662533165334
2020-03-04,51000.1098267659,43577.92851912395,66568.9477089634,53979.27620903212
2020-03-05,50274.568692488436,42808.460996283255,65621.92014387627,53026.149216520986
2020-03-06,50122.80049541016,42679.23138548658,65423.821567039784,52866.07458487532
2020-03-09,46794.62973530825,39845.316110265514,61079.65787703436,49355.74950535665
2020-03-10,48539.13410172144,40545.34043793323,63356.70826653903,50222.85833361669
2020-03-11,47094.317624298616,39876.45806561774,61470.831689776605,49394.32454246309
2020-03-12,42159.26939862585,38347.014163552296,55029.25796783908,47499.82708374197
2020-03-13,45133.23707180642,39227.78263170807,58911.09075597563,48590.820759541006
2020-03-16,40498.81385672659,37277.44718260175,52861.91404412582,46174.97173951757
2020-03-17,43372.26536050765,38734.5859375359,56612.54602411922,47979.905980321564
2020-03-18,41911.47764211875,37899.61749655121,54705.82265490225,46945.64405844159
2020-03-19,43803.56915871125,38447.28779367768,57175.51422334111,47624.03440981175
2020-03-20,43094.95805318906,38164.408566276616,56250.584928291995,47273.63647974541
2020-03-23,44782.23820761078,39193.85736962833,58452.94223206243,48548.79808534568
2020-03-24,48284.749271873494,40976.550856769165,63024.66720832128,50756.9917147466
2020-03-25,47544.03578959725,40571.39111975649,62057.835622341176,50255.12689243434
2020-03-26,49234.488357810274,41349.914003932594,64264.33378479801,51219.47061477425
2020-03-27,47432.47102923314,40550.42645972856,61912.21341242696,50229.15830666782
2020-03-30,48269.83495551098,40902.18281286308,63005.19998855601,50664.87321991335
2020-03-31,47582.738318243886,40478.39088898318,62108.35289797909,50139.92900866587
2020-04-01,46522.526075526606,39956.46819872124,60724.48894973306,49493.43180205711
2020-04-02,48356.988220357984,40921.74732581071,63118.958589272195,50689.10746610595
2020-04-03,47668.96142246488,40658.94958536428,62220.897387308396,50363.58414958477
2020-04-06,50643.97669425236,41932.97782918062,66104.09757518428,51941.70235777107
2020-04-07,49762.41899335223,41526.959547901344,64953.4261610836,51438.77407054253
2020-04-08,50621.38949416885,41836.47462961626,66074.61516531579,51822.16540313923
2020-04-09,51169.43550513745,42337.6318756479,66789.9635512349,52442.940789372384
2020-04-10,50774.93076672369,42293.40281141207,66275.02808557398,52388.15496186786
2020-04-13,51381.5572515737,42583.77515690321,67066.83984609805,52747.834496287505
2020-04-14,52964.597112672585,43288.09356393664,69133.13535198322,53620.262331302176
2020-04-15,52315.90062386309,42968.16221852177,68286.4108490512,53223.968541098315
2020-04-16,53556.19744412545,43306.03128053127,69905.3339151405,53642.48149112745
2020-04-17,53252.429298402094,43058.91033286859,69508.83426294378,53336.37676462426
2020-04-20,52772.436852404666,42956.25472279875,68882.31419961773,53209.21891846977
2020-04-21,51390.45840251649,42310.236623738485,67078.45825738527,52409.00673330579
2020-04-22,52969.390237733205,43081.568118455085,69139.3916775599,53364.442597673704
2020-04-23,53039.904229046246,43014.370849612256,69231.43152250166,53281.206426092765
2020-04-24,53459.45165242412,43111.62871454659,69779.05447043528,53401.678172529435
2020-04-27,53807.769510091995,43299.25937840093,70233.70355515198,53634.093245334756
2020-04-28,53178.56027120692,43059.98482649948,69412.41518805607,53337.70772253019
2020-04-29,54397.08401813491,43779.62751194218,71002.91850004715,54229.117493700796
2020-04-30,54181.80323368973,43606.3661556837,70721.91880551404,54014.50145012902
2020-05-01,53582.796660910324,43462.6902007239,70269.36211954188,53962.2887305492
2020-05-04,54411.724569176935,43873.70787923281,71102.90370523161,54375.25240635122
2020-05-05,54564.77664250558,43922.59747609121,70960.55195532931,54408.13681968595
2020-05-06,54644.63286177427,43933.8814462626,71013.03071681823,54402.41982309371
2020-05-07,56067.345583169496,44835.82615409831,72432.83729963138,55429.41526731121
2020-05-08,56169.57739116316,44786.773094875694,72587.07697269325,55320.25868268286
2020-05-11,55441.729859255596,44113.254124731284,71876.24736627893,54453.80857474215
2020-05-12,54987.35357716265,44011.67536610908,71607.35303460334,54424.68580160937
2020-05-13,55056.23940740816,44182.36788972693,71863.74531180877,54678.6326394287
2020-05-14,55908.7668876194,44707.71303121532,72647.83516605198,55269.82316247533
2020-05-15,56313.280777129505,44839.24084269165,73008.53062480512,55361.23717185097
2020-05-18,56704.48341028191,45001.15862816424,73570.03648091195,55505.74803807505
2020-05-19,56612.90186532292,44928.47873789361,73692.87370335081,55473.75341657816
2020-05-20,56827.60700331273,44961.718019724256,73973.54970630351,55463.99118854496
2020-05-21,55653.24360613866,44032.5675820972,72691.51490352044,54478.4000921294
2020-05-22,56050.03694673939,44346.50848569983,72887.35591351164,54810.68950201554
2020-05-25,55952.01287157604,44268.95232841905,72866.78843965872,54702.43432627985
2020-05-26,55312.6711418512,43763.10835423137,72292.39999984851,54181.269593201425
2020-05-27,55577.860845567375,43972.92511951459,72726.54588095621,54426.00274224444
2020-05-28,55886.980322239586,44217.49890112272,72974.96461972322,54716.91832731221
2020-05-29,56581.598745026895,44767.07751798843,73793.15011713217,55235.711010387015
2020-06-01,56299.00359669555,44543.489652107055,73693.29814063251,55095.56194156166
2020-06-02,56336.19098987359,44572.91213132323,73818.98758405686,55016.39153763492
2020-06-03,55860.776390514584,44196.766481593615,73276.38557304277,54611.996873551136
2020-06-04,55904.46354355707,44231.33153825817,73521.38563398394,54729.49964004876
2020-06-05,55932.36102766254,44253.40388794794,73642.29181183108,54592.023567644566
2020-06-08,56140.991465838684,44418.47124563309,73919.66995607984,54804.03239923655
2020-06-09,56733.102919474586,44886.94686194885,74195.64492508007,55251.700001169025
2020-06-10,57119.07735207585,45192.327899732634,74565.48497967987,55508.9783856241
2020-06-11,54732.203087448375,43303.84493706871,72126.01960846903,53800.140323426975
2020-06-12,55113.28286069184,43605.353344885254,72340.99521192382,54078.59888161011
2020-06-15,55166.31730045059,43647.313927980504,71891.85709978933,54067.91795135774
2020-06-16,55809.97120138733,44156.569670431985,72708.11965875355,54541.53343403963
2020-06-17,56197.06277661765,44462.83458586828,73253.79161594035,54822.5128759243
2020-06-18,56212.36305317568,44474.940088044124,73307.84369266461,54811.69985176541
2020-06-19,56267.46774389553,44518.53864333021,73317.62566472517,54881.646149476444
2020-06-22,57011.726402943255,45107.39236648437,73976.11022495777,55467.094702568626
2020-06-23,57220.65676349811,45272.69702125329,74202.21001669428,55639.058310117645
2020-06-24,56127.36809630011,44407.69250389166,72798.50344641802,54805.25441597908
2020-06-25,56401.2575318089,44624.3924533935,72902.8221500263,54971.81137060266
2020-06-26,55719.02049717068,44084.609928814745,72397.85005691889,54519.12474475233
2020-06-29,55985.112809674196,44295.14083364947,72626.5321235706,54719.100644899336
2020-06-30,56874.74077790296,44999.01002609373,73530.14372237501,55363.47204288721
2020-07-01,57038.298242206736,45081.725181188616,73749.52240935294,55382.07865957284
2020-07-02,57533.04695784785,45504.97000255419,74633.32098809243,55797.83025671695
2020-07-03,57636.34149538848,45594.74296101281,74678.23856768679,55885.89336362481
2020-07-06,58692.56075964257,46282.67961086539,75730.02321629504,56492.07146284291
2020-07-07,58191.49779048053,45887.56076502792,75269.4312273004,56163.721104960954
2020-07-08,59299.911591401484,46651.70649195375,76144.02716999044,56874.641205737484
2020-07-09,59068.38807179473,46469.565119516286,75816.613524428,56639.54201911815
2020-07-10,59528.08598614411,46817.37361693146,76017.50273735945,56948.16833675009
2020-07-13,58879.51326446331,46314.60046166302,75459.684643672,56568.112871475634
2020-07-14,59209.53943220454,46565.53028660369,75678.70389399028,56791.27401521127
2020-07-15,59679.84048333567,46943.07446277617,76370.68496279161,57135.39755199997
2020-07-16,59024.71903998498,46455.75796975531,75572.56223949147,56687.399569246154
2020-07-17,59472.01126241241,46772.95262501833,76230.2804701821,57013.222575489235
2020-07-20,60297.932620173655,47424.81857087312,76893.90097904547,57581.242895479765
2020-07-21,60675.44896808299,47597.23711171361,77826.0635038533,57820.19456277625
2020-07-22,60726.56863791583,47596.1357716776,77625.19464984577,57842.23159778236
2020-07-23,60332.79383133568,47287.503823951294,77467.25761704372,57684.37963173823
2020-07-24,60467.18784452803,47392.83886662338,77280.61461820018,57808.40501638317
2020-07-27,61972.43192679084,48572.615747086915,79070.44599338713,59147.25690775347
2020-07-28,61356.10311335679,48089.55091167501,78505.4158459974,58724.59604036591
2020-07-29,62104.789244974076,48676.35447344549,79033.31933518044,59284.925162426065
2020-07-30,62418.955568213634,48922.59106002026,78844.37407184138,59457.42952509386
2020-07-31,62853.5031897777,49263.17983457369,79601.71957531241,59811.978644764815
2020-08-03,63253.34873013218,49576.56988860235,80108.10968821726,60192.475382530996
2020-08-04,64045.88631480615,50197.74324534538,81111.83026649004,60946.661524655254
2020-08-05,64966.76684835508,50919.50895494162,82278.09261105013,61822.980011481726
2020-08-06,65726.35803755683,51514.85965864733,83240.08775477586,62545.814057025826
2020-08-07,64672.1074726751,50688.561480618075,81904.91702333001,61542.57940704068
2020-08-10,65063.99529862591,50995.714454836605,82401.22897482339,61915.50350971384
2020-08-11,63199.83921416643,49534.63031842562,80040.34179512694,60141.55522909784
2020-08-12,64342.70279150955,50430.38140754224,81487.73774570461,61229.11484650742
2020-08-13,64550.46628873619,50593.22182227668,81750.86280325767,61426.82452422833
2020-08-14,64228.35805850247,50340.76054538829,81342.92422044634,61120.30333431356
2020-08-17,65381.83675633528,51244.83153018471,82803.76384244401,62217.96439918142
2020-08-18,65782.53192931373,51558.88750739385,83311.22998475759,62599.26965526053
2020-08-19,64984.664060190415,50933.53639208414,82300.75879138049,61840.011164842625
2020-08-20,65583.15320265784,51402.618889608435,83058.72394001692,62409.539003256046
2020-08-21,65928.52305475938,51673.31210908018,83496.12253709664,62738.19616904793
2020-08-24,66859.77610741294,52403.20756877876,84675.52130707704,63624.385241596654
2020-08-25,66696.21575368578,52275.01259617493,84468.37795387812,63468.739686650864
2020-08-26,68474.24985091593,53668.59623175022,86720.19470903518,65160.73348263851
2020-08-27,67525.5471975315,52925.02416255144,85518.69664222027,64257.939207622025
2020-08-28,68544.348044067,53723.53763867312,86808.97157000186,65227.43957568043
2020-08-31,68490.87788848873,53681.6289182939,86741.25352543815,65176.55687795834
2020-09-01,69427.74134728196,54415.921689718576,87927.7576746507,66068.08486520845
2020-09-02,69207.73286720045,54243.48392938147,87649.12478313531,65858.7227478326
2020-09-03,66640.11137040833,52231.03922663085,84397.32375390596,63415.350233332145
2020-09-04,66103.82158420204,51662.86229721288,83718.13187109552,62725.508723244624
2020-09-08,64284.60944448961,50432.73631509806,81414.16459410617,61231.974013960906
2020-09-09,65806.1734482816,51569.643287734645,83341.17112515084,62612.328587026845
2020-09-10,64832.5265196502,50765.770974162,82108.08202358926,61636.32188559218
2020-09-11,64347.81901329455,50362.835485771946,81494.21725808091,61147.1052148914
2020-09-14,65295.9619424303,50967.71894869177,82695.00645410227,61881.51328372136
2020-09-15,65875.32995877558,51367.83711387524,83428.75537862557,62367.3093535589
2020-09-16,65080.93527948496,50748.38918829421,82422.68285627018,61615.21811176711
2020-09-17,64175.44878856635,50042.31481108154,81275.91651753953,60757.950965933764
2020-09-18,63876.92693875773,49809.53538112654,80897.84924412408,60475.32612644588
2020-09-21,63483.80355385457,49502.98818031557,80399.97250129444,60103.13751235139
2020-09-22,64697.43432845799,50373.168666043624,81936.99258267731,61159.65105460003
2020-09-23,62871.892200831644,49083.85131039579,79625.00860180885,59594.250233920335
2020-09-24,63960.981906051886,49656.707045263385,81004.30186165376,60289.77242910728
2020-09-25,64682.8910130275,50250.75104666415,81918.5739924979,61011.019966216045
2020-09-28,65674.93523993393,51004.714115751034,83174.96261602582,61926.430281559056
2020-09-29,66032.77512829882,51217.35210986788,83628.15406918121,62184.60076925171
2020-09-30,66244.31974885661,51416.44876407463,83896.06778454667,62426.33028954753
2020-10-01,66838.83472291924,51949.03499120776,84648.99979067159,63072.960006726804
2020-10-02,65795.16428717297,51165.68042786215,83327.22841534385,62121.864552242485
2020-10-05,66889.76931862027,51915.049835528705,84713.50663910346,63031.69755853446
2020-10-06,65549.42522571768,51010.91305290139,83016.00866042262,61933.956606447195
2020-10-07,66184.03242790805,51473.218529041595,83819.71604323477,62495.2562496921
2020-10-08,66227.88792952626,51401.767822793765,83875.25747154796,62408.50569622399
2020-10-09,66954.60451410823,51899.58301915646,84795.61810128023,63012.91880950394
2020-10-12,67639.45574775545,52221.042982099105,85662.95775754395,63403.21347792035
2020-10-13,67561.64363151649,52160.968136408505,85564.41148817031,63330.27471514457
2020-10-14,67519.36782200623,52128.32909694356,85510.87068355846,63290.64662905638
2020-10-15,67314.5575360256,51970.2053121033,85251.48576269663,63098.66356028465
2020-10-16,67177.95903494227,51864.74443697495,85078.48863404314,62970.620189308254
2020-10-19,66772.11907068342,51551.415685536595,84564.50679710647,62590.19788094826
2020-10-20,67121.94864506593,51821.5016145004,85007.55347336043,62918.11771620212
2020-10-21,67894.86159911226,52418.22907406476,85986.42015702568,63642.6233244081
2020-10-22,67311.67994830076,51967.98367045048,85247.84140049721,63095.96619516244
2020-10-23,67739.82884940773,52298.536036969,85790.0767101106,63497.30023721115
2020-10-26,66985.84316920578,51716.42137950415,84835.18074356411,62790.53649240196
2020-10-27,67448.40215001388,52073.54004865218,85420.99519158548,63224.12551942897
2020-10-28,65156.50344642256,50304.07961483088,82518.38724390356,61075.767860912594
2020-10-29,65730.81734480328,50747.47867002733,83245.73530832365,61614.11262285397
2020-10-30,64966.95970746997,50157.74236788815,82278.33686023914,60898.095199130235
2020-11-02,65229.636851793584,50360.54226171482,82704.88761274498,61097.881942888045
2020-11-03,66331.43321004401,51211.18415919379,84034.45341444665,61908.884002192375
2020-11-04,67349.96436995521,51997.54115885217,84771.19735890493,62534.32075454249
2020-11-05,69787.23598618119,53879.23675239204,87891.07500368514,64460.98453600622
2020-11-06,69272.33745829164,53481.70933501285,87366.86723330319,64076.25434490002
2020-11-09,68086.05380240148,52565.83901792714,86091.64120533774,62948.04979538444
2020-11-10,68020.19959869033,52514.99627881083,87273.25368905127,62974.17894050358
2020-11-11,67977.34278237581,52481.90867303259,87240.60691467741,62950.62185142592
2020-11-12,67944.10090209237,52456.24427878375,87150.81362531807,62885.82927829786
2020-11-13,68343.16494790003,52764.34168226447,87629.96634531833,63231.57379742206
2020-11-16,68863.02230189387,53165.69756142341,88215.20240671397,63653.86538040893
2020-11-17,69293.86937103467,53498.33304861922,88705.63409248716,64007.748516793574
2020-11-18,68773.62638765934,53096.67944428962,88410.31972404236,63794.65711598017
2020-11-19,69182.58001438201,53412.41209888714,88821.09924557275,64091.065259374445
2020-11-20,69275.33783698644,53484.025777436174,89335.78984605259,64462.45301683213
2020-11-23,68711.22048262764,53048.49896422854,88821.74735561587,64091.53291923703
2020-11-24,69353.19278749828,53544.133693327894,89181.37175729386,64351.0288182135
2020-11-25,68969.02334579338,53247.53566920281,89124.67151047173,64310.11535001544
2020-11-26,68319.07588301219,52745.74371930041,88489.41466228405,63851.73002874067
2020-11-27,68138.09911396535,52606.02060162186,88313.13474073415,63724.53088290781
2020-11-30,68978.09679323892,53254.54082446035,89059.94184907762,64263.40805875397
2020-12-01,69874.93486377365,53946.94467235695,90269.36568025152,65136.097795183596
2020-12-02,70895.29273969163,54734.71198814001,91251.84874952106,65845.03280098317
2020-12-03,71271.71243657192,55025.32682163896,92155.17299902682,66496.84879872693
2020-12-04,71551.40997502684,55241.26731104963,92537.14360144167,66772.46915261207
2020-12-07,71894.03940037462,55505.79436482641,93032.60050834903,67129.97836183738
2020-12-08,71561.04822974002,55248.70852576795,93081.39636455968,67165.18822110895
2020-12-09,70653.7051706756,54548.194301294985,92363.26280095025,66647.00115203219
2020-12-10,70682.81988671045,54570.672318314195,92349.20989738793,66636.86093121815
2020-12-11,70514.75394039607,54440.91700154996,92191.608559767,66523.13978049808
2020-12-14,70532.2455574027,54454.421404763016,91989.37798616763,66377.21529858909
2020-12-15,71575.64012127854,55259.97419588313,93309.92834973677,67330.09113832397
2020-12-16,72124.94351805194,55684.06389288025,94181.13126641384,67958.72919235808
2020-12-17,72784.1185479054,56192.97998610068,95135.51193776468,68647.38621652659
2020-12-18,72062.26940549468,55635.67634319441,94400.99964520773,68117.38066969221
2020-12-21,72533.82225994243,55999.738732641796,93801.25081197711,67684.61703654304
2020-12-22,72496.11121037418,55970.62391616917,94318.6030197003,68057.92534266516
2020-12-23,73541.4860932197,56777.705612584126,94941.38681965362,68507.31042688858
2020-12-24,73689.64760754273,56892.09371228454,95658.96633771919,69025.09771067322
2020-12-25,73561.44136084341,56793.112077298785,96029.67916426042,69292.59473739489
2020-12-28,74779.48644133213,57733.50380279619,97020.40368091017,70007.4765637851
2020-12-29,75050.8235637151,57942.989632833625,97761.39834715337,70542.15962799417
2020-12-30,75517.6987515151,58303.440629664554,98099.15375398351,70785.87541179692
2020-12-31,75802.77736215788,58523.53557595111,98337.0672588968,70957.54779706347
2021-01-04,76710.43324437906,59224.29131554766,100267.70051743925,72350.64406828904
2021-01-05,78135.95661825429,60324.866661049244,101916.512666848,73540.38533433706
2021-01-06,79199.91662240139,61146.297000687126,103049.31899207667,74357.7898106736
2021-01-07,80992.70152849446,62530.41661850133,105481.01360344219,76112.43931796018
2021-01-08,81005.66603512937,62540.42586607347,105296.5664865645,75979.34692994515
2021-01-11,80169.11826550843,61894.569146042064,104265.80417122944,75235.57483772647
2021-01-12,80235.4955091781,61945.81569816741,104325.64699850875,75278.75591273051
2021-01-13,81062.11888807792,62584.01029217059,105645.5079945587,76231.13432224853
2021-01-14,81802.08917823744,63155.304367510325,106194.99323026887,76627.62901101155
2021-01-15,79662.70126831322,61503.589894582394,103725.2437382184,74845.52006151887
2021-01-18,79835.57644376012,61637.05817678173,103708.32836202964,74833.31435264555
2021-01-19,80864.8269464152,62431.69104519125,104897.62858715796,75691.48340244468
2021-01-20,80796.27713892149,62378.767165127916,104729.99513616478,75570.52333171247
2021-01-21,79301.2179464152,61224.50668964731,103021.40667983971,74337.64899007678
2021-01-22,79440.51419707247,61332.050362380956,102871.55889578049,74229.52260807199
2021-01-25,79290.60273680602,61216.3112168846,102846.09859326987,74211.15109585707
2021-01-26,78836.34093431749,60865.598384401965,102635.58122621273,74059.24707277144
2021-01-27,76522.64161238939,59079.30678281601,99991.5079251026,72151.35045888818
2021-01-28,78167.10919925489,60348.91801175055,101238.64002968902,73051.24953445712
2021-01-29,77434.35641607209,59783.196212797266,100536.13302203157,72544.33819407325
2021-02-01,78237.98071239324,60403.63436469707,101697.72391580859,73382.51288916371
2021-02-02,79654.89184621173,61497.56063011362,103002.6835017693,74324.13881695613
2021-02-03,80469.08494077652,62126.15842288056,104044.4297680309,75075.836651162
2021-02-04,80568.53106562037,62202.93580528943,103954.32021493601,75010.81587009814
2021-02-05,81395.18427327804,62841.15342858565,105168.17191817646,75886.70064734563
2021-02-08,84563.23452871387,65287.046683190296,109243.17947873227,78827.1233364855
2021-02-09,84234.21399222103,65033.026372289794,109151.66267659434,78761.08712000123
2021-02-10,83476.43172848038,64447.980562438104,108252.71528739968,78112.42935427907
2021-02-11,83977.94032447417,64835.17028266516,108770.10947222363,78485.76795001847
2021-02-12,84413.20343289158,65171.21517306099,109110.78600359942,78731.5915436263
2021-02-15,84519.72202144655,65253.45285120058,109191.3398369067,78789.71715827462
2021-02-16,84936.76632525222,65575.43191318022,109738.33048260747,79184.41181379728
2021-02-17,85253.35603161788,65819.85500146562,109921.61534357662,79316.66554725931
2021-02-18,84957.34220681209,65591.31752289504,109668.52719842587,79134.04352428272
2021-02-19,86320.41681785637,66643.6792999709,110832.429645782,79973.88617814142
2021-02-22,85552.44993985641,66050.77045850383,109684.67682857561,79145.69669012545
2021-02-23,84856.8519048009,65513.73398348602,109262.8169331982,78841.29322839624
2021-02-24,86568.76290087437,66835.41489766822,110674.10292628921,79859.64161015583
2021-02-25,84100.44960788822,64929.753577047784,108350.87830143381,78183.26130965853
2021-02-26,83493.17507556573,64460.90726384545,107593.07725324809,77636.45118407551
2021-03-01,85947.74191825064,66355.95563727264,110756.14297316161,79918.83963903232
2021-03-02,84813.39994408966,65480.18689646598,109294.37866072476,78864.06737503239
2021-03-03,84532.76744908924,65263.52457383816,108932.74294993734,78603.12016612526
2021-03-04,83354.40545061533,64353.770172497934,107414.25244554163,77507.41571257092
2021-03-05,84356.45875973669,65127.40544716848,108705.54360799401,78439.17885066013
2021-03-08,84383.99418706521,65148.66417431459,108741.02700357787,78464.7827740669
2021-03-09,87487.57001251487,67544.77994413122,112740.43501802578,81350.65473726064
2021-03-10,87997.08258067378,67938.14913120704,113397.01593087053,81824.42696582593
2021-03-11,88925.24284198257,68654.7352770335,114593.0851737519,82687.48036812955
2021-03-12,88481.1858413934,68311.90106203409,114020.85326226935,82274.5722517717
2021-03-15,88886.69695656838,68624.97592553156,114543.41320447523,82651.638327764
2021-03-16,88876.09304203997,68616.78917313616,114529.74852117615,82641.77823690147
2021-03-17,89785.99147144606,69319.2762713257,115702.28474247923,83487.85080430737
2021-03-18,88481.90445402656,68312.45586692997,114021.77929897216,82275.24045650294
2021-03-19,89076.6031329334,68771.59299228483,114788.1348824569,82828.22331902313
2021-03-22,88338.18685543128,68201.49869244418,113836.5783088994,82141.60409260211
2021-03-23,87472.64470919754,67533.25686344644,112721.20159791212,81336.77638634924
2021-03-24,87032.17929302786,67193.19553126034,112153.5979643644,80927.2079186298
2021-03-25,87215.77820163153,67334.94307182917,112390.19181217445,81097.92807261074
2021-03-26,89123.59944533375,68807.87649608785,114848.69645370069,82871.9230215461
2021-03-29,88683.43469964385,68468.04729655087,114281.48027771617,82462.63413343306
2021-03-30,88948.04886314285,68672.34266606547,114622.47404289378,82708.68663495206
2021-03-31,89932.40728030667,69432.31659909357,115890.96276819303,83623.99610944031
2021-04-01,90788.75378001813,70093.45892903443,116994.48955365321,84420.27320827302
2021-04-02,90702.21390472929,70026.64581681813,116882.97036086874,84339.8037711333
2021-04-05,91629.58763967844,70742.62472495499,118078.0260503513,85202.1258188649
2021-04-06,91622.87434513355,70737.44172578528,118069.37499572389,85195.88343601447
2021-04-07,91313.36373451377,70498.48405349314,117670.52564056434,84908.08379980964
2021-04-08,92306.2519825411,71265.04344258722,118950.00629125419,85831.32477045724
2021-04-09,92563.65176172681,71463.76894656774,119281.70327489187,86070.66894887012
2021-04-12,92586.77303235674,71481.61972395821,119311.49838874192,86092.16835162908
2021-04-13,93080.57451778243,71862.85916933762,119947.83329061972,86551.33156925949
2021-04-14,92976.21873767502,71782.29128749746,119813.3557180426,86454.29594424281
2021-04-15,93199.54671285092,71954.71165460178,120101.14623582043,86661.95832415698
2021-04-16,93068.26045219372,71853.35209478647,119931.9648294073,86539.88128783122
2021-04-19,91806.84692118129,70879.4777563108,118306.45036828303,85366.95104611092
2021-04-20,91056.53157640721,70300.19678137664,117339.56011909187,84669.26742604862
2021-04-21,91696.93738504293,70794.62209703067,118164.81597479038,85264.75123960759
2021-04-22,90434.35271455355,70092.69446065756,116537.79233042922,84419.35248570889
2021-04-23,91030.64968340016,70627.72644368562,117306.20754253397,85063.74280218796
2021-04-26,91731.72894943142,70766.43806547308,118209.64995638974,85230.80650809404
2021-04-27,92267.1771138959,71040.59466072118,118899.65265028895,85560.9995821172
2021-04-28,91862.8114289227,70774.40371320011,118378.56876118656,85240.40030140475
2021-04-29,92441.93135124327,71387.78245296734,119124.84885515519,85979.151128978
2021-04-30,91876.98404016714,70430.1576393212,118396.83222829178,84825.7917480281
2021-05-03,92507.07741053242,70913.16843757419,119208.79901016483,85407.5279638474
2021-05-04,91656.61567822918,70261.22982097635,118112.85560183456,84622.33577945351
2021-05-05,92771.92017469935,70567.59011954306,119550.08736049033,84991.31486110155
2021-05-06,93808.52429683412,71356.09007372407,120885.90226144408,85940.98095796324
2021-05-07,94798.17147788643,72108.87191227985,122161.2063268129,86847.62830349438
2021-05-10,93827.5795697292,71370.5845962557,120910.4577469293,85958.43810119516
2021-05-11,93250.45039275901,70810.81118949529,120166.7430173522,85284.24931588661
2021-05-12,91057.77710333903,69145.77929266893,117341.16516136362,83278.89175787423
2021-05-13,92239.27496790752,69936.45063355113,118863.69668447331,84231.17306393456
2021-05-14,93422.14151386848,70796.7305514683,120387.9919522563,85267.29065344724
2021-05-17,92828.7891116924,71251.30423401536,119623.37124178563,85814.77732424726
2021-05-18,92634.05022521192,71170.99263849462,119372.42191522878,85718.05036941804
2021-05-19,90885.37697751484,70824.78287284498,117119.00257095447,85301.07675376147
2021-05-20,92187.03903045974,71103.12812570634,118796.3830956904,85636.31462976032
2021-05-21,91485.32301378214,71182.76949042775,117892.12013618619,85732.23436137561
2021-05-24,92420.60880039194,71643.10901366871,119097.37165287,86286.66538695697
2021-05-25,92167.43859036203,71512.14606860062,118771.12508311965,86128.93415537369
2021-05-26,92543.92617836317,71633.48496131886,119256.28399705523,86275.07421794979
2021-05-27,92372.3722193515,71674.85392547742,119035.21181542675,86324.89882797717
2021-05-28,91769.19222585102,71713.38644868918,118257.92682680854,86371.30724021196
2021-05-31,92101.15303281322,71651.48409225962,118685.7065191751,86296.75229711362
2021-06-01,91651.9387689632,71444.39008250648,118106.8287252724,86047.32912481936
2021-06-02,91989.27584970226,71534.91146999541,118541.53652690403,86156.35271103935
2021-06-03,91734.66487788668,71039.32814765145,118213.43332642945,85559.47419899305
2021-06-04,92324.36975955914,71893.8298045739,118973.35367720037,86588.63247476527
2021-06-07,91313.86689348996,71771.22696949795,117671.1740339516,86440.97012521993
2021-06-08,91167.02034065644,71667.7466640315,117481.94093209518,86316.33887156761
2021-06-09,92095.40563523758,71559.70953973214,118678.30016301728,86186.21940408315
2021-06-10,91988.51471024392,71611.94293524274,118540.55568821315,86249.12909047866
2021-06-11,92019.88328652881,71520.10500403684,118580.97865270682,86138.51986442899
2021-06-14,92372.68672551106,71256.67523342003,119035.617102272,85821.24613380629
2021-06-15,92094.27200105363,70997.56945382025,118676.83931079532,85509.1802001533
2021-06-16,91448.45814901088,70850.25555541182,117844.61440605111,85331.75594771905
2021-06-17,90177.05601469197,69888.10373100416,116206.22817946537,84172.94425365541
2021-06-18,89243.99705331691,69559.97972272962,115003.84625037712,83777.75304968338
2021-06-21,89331.84035280609,70413.69384312944,115117.04509446904,84805.96281971171
2021-06-22,90245.19299942246,70916.059694118,116294.03257611548,85411.01018131927
2021-06-23,90825.0480329401,71088.677870713,117041.2599675817,85618.91080216916
2021-06-24,91857.95925794121,71669.13288564142,118372.31603446034,86318.00843116452
2021-06-25,91687.76922584054,72145.49463130922,118153.00147066555,86891.73655543872
2021-06-28,92435.44989918212,72121.9465076723,119116.49656322603,86863.37529232878
2021-06-29,92569.89767545061,71901.57119910512,119289.75204147909,86597.95617845064
2021-06-30,93391.49428425975,72656.17374342863,120348.4985476768,87506.79637450866
2021-07-01,92791.27540617157,72524.52419176088,119575.02938614892,87348.23819676497
2021-07-02,93948.38568894571,73336.73411445248,121066.13396963576,88326.46048203578
2021-07-05,94076.32186462836,73456.07886103686,121230.99830520872,88470.19880322245
2021-07-06,94436.9207324336,73641.82280475512,121695.68229651805,88693.90804392853
2021-07-07,94981.70029293028,74103.19181085523,122397.70984889535,89249.57897442483
2021-07-08,94345.41228022742,73809.46117248405,121577.76037105964,88895.81100349275
2021-07-09,95840.55302684057,74727.89729359359,123504.46628096467,90001.97168457588
2021-07-12,95663.15341653244,74736.0675529494,123275.86112899502,90011.81191128945
2021-07-13,95992.77866205551,75061.86865244962,123700.63111138083,90404.20541350212
2021-07-14,96356.600837607,75318.74269356823,124169.46880266673,90713.58345052126
2021-07-15,95363.35469336607,74794.10702018141,122889.52695074787,90081.7144065501
2021-07-16,94722.04621878693,74354.11039422778,122063.1078789362,89551.78428266606
2021-07-19,94146.90976229263,74020.52341057437,121321.96105898662,89150.01349365055
2021-07-20,94646.56397542008,74649.522959172,121965.83805018113,89907.57795903459
2021-07-21,95977.88894910374,75127.61174304916,123681.44355462007,90483.38612101419
2021-07-22,96632.17223377335,75585.49076175879,124524.58255285858,91034.85372507322
2021-07-23,97478.15314843961,75943.57042854621,125614.75177715844,91466.12340076616
2021-07-26,98799.23772656522,76107.73661989883,127317.16104526566,91663.84448540518
2021-07-27,98605.49526537806,75958.49153919354,127067.49575735586,91484.09432496742
2021-07-28,99271.8290129999,76471.78652538874,127926.16352654102,92102.30469199904
2021-07-29,99635.24390831658,76751.73489111458,128394.47637811724,92439.47335052841
2021-07-30,99308.50908706003,76500.04218282097,127973.43112701777,92136.33568942099
2021-08-02,98726.39560858322,76051.62435772175,127223.29340135062,91596.26310797423
2021-08-03,99293.69591512525,76488.63119409212,127954.34220446929,92122.59234159958
2021-08-04,100760.31371556903,77618.40672522677,129844.29215740041,93483.2893375771
2021-08-05,101533.46148970694,78213.9834575615,130840.60530653756,94200.59950072787
2021-08-06,101330.8358233259,78057.89540259047,130579.49271911118,94012.60769027173
2021-08-09,102724.92246568302,79131.79821240238,132375.97574509622,95306.01181083656
2021-08-10,101991.55650135227,78566.8664888019,131430.92723324208,94625.61036997374
2021-08-11,101605.41958655955,78269.41473424892,130933.3337608891,94267.36070204015
2021-08-12,100641.3214741924,77526.74376936909,129690.95337962145,93372.89085111607
2021-08-13,102253.95833688142,78769.00175063763,131769.07009265458,94869.06124670213
2021-08-16,102640.13826320147,79066.48663813849,132266.71899160472,95227.35081982166
2021-08-17,102402.69757252622,78883.57962423246,131960.7421910846,95007.05836569566
2021-08-18,101461.31037578851,78158.40349458512,130747.62812167537,94133.65922226165
2021-08-19,101984.27780558751,78561.25951173459,131421.54757706044,94618.85734988989
2021-08-20,103581.40349414771,79791.56881422357,133479.67589038523,96100.63680597232
2021-08-23,105166.92648047868,81012.94024000764,135522.85243745887,97571.65152016784
2021-08-24,104315.48971149088,80357.0553682846,134425.652552809,96781.70648235637
2021-08-25,103176.95066437837,79480.00781282748,132958.4797025617,95725.39401925908
2021-08-26,102133.3406161499,78676.08664387806,131613.63664874696,94757.15467485269
2021-08-27,103479.12818974705,79712.78336902015,133347.87931279046,96005.74794029882
2021-08-30,102583.99374589269,79023.23699133641,132194.36863024064,95175.26112336527
2021-08-31,102414.05591037216,78892.32926041498,131975.37905835215,95017.5963914728
2021-09-01,102145.39715746016,78685.37412515527,131548.17825308116,94710.02694948316
2021-09-02,102424.89670007456,78900.68021520379,132047.90877425994,95069.8152168453
2021-09-03,104018.07590183907,80127.94943171102,133736.78742626455,96285.74800109134
2021-09-06,104621.62201158382,80592.87739487551,134441.4221020341,96793.05999900654
2021-09-07,103405.5021990798,79656.06726842036,132464.1288808373,95369.4789448752
2021-09-08,103124.90213263163,79439.91341496789,132265.054574478,95226.15249846889
2021-09-09,103718.54145370731,79897.20990971095,132622.71515023115,95483.65543935476
2021-09-10,102530.45539662514,78981.99494657089,131587.12020189705,94738.06377272768
2021-09-13,102055.8140293204,78616.36580809804,131170.36945199204,94438.01800030515
2021-09-14,103247.25740011409,79534.16700118873,132461.8606000011,95367.84586304936
2021-09-15,103836.17033790488,79987.82263449916,133091.73418763085,95821.33252665342
2021-09-16,103192.01468858885,79491.61203987853,132204.32040967682,95182.42605191933
2021-09-17,102897.97231485866,79265.10321197764,131962.15796448558,95008.07767237666
2021-09-20,101414.36559703937,78122.2406562988,130156.23663468804,93707.87830751193
2021-09-21,101525.58646172125,78593.06893798901,130281.44388118865,94260.01394214573
2021-09-22,103138.461644434,79272.62354615398,132129.36468543316,94914.57167033861
2021-09-23,104114.31076747813,80022.66498496864,132982.71995471165,95527.57582773408
2021-09-24,103406.02406414005,79478.27306461953,132163.02282153332,94938.74985040305
2021-09-27,102631.12031761133,78992.39226276075,131103.2971761126,94308.55556166841
2021-09-28,100438.0241801007,77487.72047560404,128892.40375944435,92936.99421110892
2021-09-29,100926.83795318562,77704.01975232418,129508.48753369773,93188.33402011864
2021-09-30,102523.43400489485,78493.77439734818,131245.2716464773,93910.99717185883
2021-10-01,102818.38855455889,78009.22917016846,131622.857418645,93331.2808082532
2021-10-04,102255.61602855245,77582.2486312874,130902.42473154479,92820.43560444996
2021-10-05,104130.65177874161,79004.854991833,133302.74987446464,94522.46080234105
2021-10-06,104990.21364183899,79657.01224995535,134403.1171350246,95302.71043224298
2021-10-07,105145.60665466677,79774.91031585135,134602.04334519792,95443.76524860178
2021-10-08,104906.41890757192,79593.43643710137,134295.8473896423,95226.64748295856
2021-10-11,105667.40743877903,80170.80522843683,135270.02609783268,95917.4191950659
2021-10-12,104745.17863577684,79471.10200363329,134089.43581674193,95080.28493734718
2021-10-13,104972.10350944009,79643.27193085029,134379.9334671216,95286.27133145413
2021-10-14,105655.86112297355,80162.04493557088,135255.24509318612,95906.93826400004
2021-10-15,106696.37207304013,80951.48988115805,136587.2541467075,96851.44071176204
2021-10-18,108401.15057835405,82244.92055027268,138769.6246476441,98398.91839189413
2021-10-19,109158.9393430323,82819.86165018103,139739.7071779083,99086.78558164292
2021-10-20,109361.15331388377,82973.28319486117,139998.5711907334,99270.34116116728
2021-10-21,109363.4114307435,82974.99644827897,140001.46191677608,99272.39092037568
2021-10-22,109584.39943798877,83142.66202195121,140284.3594935402,99472.9882459068
2021-10-25,111154.42069858266,84333.85116663144,142294.2206422367,100898.14280441908
2021-10-26,109726.28600310975,83250.31262541127,140465.9954381711,99601.78286171812
2021-10-27,110120.232479787,83549.20333369727,140970.30562683698,99959.37968612932
2021-10-28,111757.34645726313,84791.29632155669,143066.05545004172,101445.4362806252
2021-10-29,111746.47265592933,84783.0462714234,143052.1353641244,101435.56581076076
2021-11-01,112027.91407521222,84996.57838842567,143412.42231593086,101691.03847964262
2021-11-02,112858.14350783356,85626.48086971977,144475.2396949126,102444.66219812896
2021-11-03,112774.14775712177,85562.75254389487,144367.71261852933,102368.41678029476
2021-11-04,113715.24054038852,86276.76803890812,145572.45160511544,103222.67442872196
2021-11-05,114038.3581129708,86521.92022542682,145986.0902429442,103515.97776993076
2021-11-08,115363.62302024246,87527.41054010608,147682.62679038473,104718.95977484967
2021-11-09,113723.34347940258,86282.91581106625,145582.8245744015,103230.02970521602
2021-11-10,112495.17830489774,85351.09593036535,144010.5901528844,102115.18798874812
2021-11-11,113540.41669364944,86144.1276258808,145348.65103231705,103063.98167189737
2021-11-12,113796.13648179517,86338.14451174381,145676.01046371265,103296.10605831479
2021-11-15,112945.63587861633,85692.86211240393,144587.2429659875,102524.08160102862
2021-11-16,112938.47219847757,85687.42696433848,144578.07238801257,102517.57891749068
2021-11-17,113117.69000690084,85823.4011153168,144807.49788647253,102680.26020280295
2021-11-18,112434.4990749897,85305.05805700134,143932.91169732081,102060.10766386274
2021-11-19,112102.76278630701,85053.36677364518,143508.239818684,101758.98086010134
2021-11-22,111597.90239347272,84670.32468713501,142861.94329102457,101300.70420594448
2021-11-23,112330.47851301696,85226.13672812801,143799.74987880152,101965.68513482108
2021-11-24,112865.81832691358,85632.30382346248,144485.06460689267,102451.62885754448
2021-11-25,113891.15109154506,86410.23294427706,145797.6433214885,103382.35361916575
2021-11-26,111457.04929915437,84563.45818719783,142681.63034300943,101172.84770203166
2021-11-29,114246.84415169469,85969.23181871236,146252.98343719196,102854.73399870968
2021-11-30,112783.10886175798,84867.79046690823,144379.18416767954,101536.95489497301
2021-12-01,111227.44877854329,83662.50391010765,142387.7074658618,100094.93400483216
2021-12-02,111545.13462302263,83996.6803975825,142794.39268238452,100494.7472054471
2021-12-03,110294.93827919212,83454.44226748317,141193.95508145876,99846.00628435881
2021-12-06,109572.45104479189,83394.30095032515,140269.06376992262,99774.05241147017
2021-12-07,111996.15527400367,85207.21502281551,143371.76631828275,101943.04695456118
2021-12-08,111194.92671988076,84685.65500939637,142346.0743849463,101319.04560768731
2021-12-09,108802.47597344802,83378.98398655103,139283.38095135146,99755.72699199944
2021-12-10,109884.13729583152,84248.30343437578,140668.06861289556,100795.7923581117
2021-12-13,106914.07103643958,82166.09438905153,136865.94125727727,98304.60972269917
2021-12-14,106952.23861314627,82154.10784745307,136914.80144247864,98290.26886467832
2021-12-15,109021.78149003202,83339.68868428674,139564.12468937587,99708.71356898415
2021-12-16,107395.10836596886,82311.9047305843,137481.74071424,98479.05915740202
2021-12-17,106476.5628379867,81859.62808004695,136305.86557398748,97937.94934868648
2021-12-20,105382.62120829607,80928.79165034086,134905.45728930907,96824.28424608764
2021-12-21,108933.2870000626,83216.269144145,139450.8385564251,99561.05278729553
2021-12-22,110038.24666505521,84108.333769275,140865.3515679911,100628.33078648585
2021-12-23,111283.66613685644,84705.65255080909,142459.6740609595,101342.97093258692
2021-12-24,111139.37097418557,84601.15786435227,142274.95475258064,101217.9520979129
2021-12-27,111930.79469507761,85267.8219039954,143288.09503844916,102015.55783444659
2021-12-28,111303.61177534444,85271.68826323454,142485.2074501493,102020.1835981375
2021-12-29,110916.32370306033,85180.98627836142,141989.42101121726,101911.66653534751
2021-12-30,110418.33276237494,84680.04176513983,141351.9184058654,101312.3298474942
2021-12-31,109828.04531521586,84413.62836590756,140596.26251993206,100993.58930821023
2022-01-03,109825.9499790234,84438.75392925052,140306.45297985527,100817.39967393404
2022-01-04,109555.25093781765,84299.25318897,140273.98378629747,100876.00385320275
2022-01-05,107882.88830002508,83440.58927295292,138639.9618215042,100213.28134587393
2022-01-06,106820.82113657541,82695.55863818958,136852.08309546602,99012.71773528245
2022-01-07,106819.08253256326,82928.3066341276,136818.16414771814,99268.46174419753
2022-01-10,107164.01958300511,83135.33611055705,137293.6266361916,99540.7013626869
2022-01-11,108498.13284126318,83980.40579446257,138737.01136861742,100359.80643414105
2022-01-12,108378.22090892587,83730.3561273802,138813.84903939744,100227.48791940167
2022-01-13,106398.99747435184,82472.31533632624,136744.45391407076,99057.79122386588
2022-01-14,106721.90949345613,82637.02028290824,136789.50305416496,98987.62047898545
2022-01-17,106392.93548224506,82554.12861524447,136401.71241653996,98912.8362200605
2022-01-18,104537.25744501642,81109.27501749252,134401.017907024,97456.06607682537
2022-01-19,103821.5630732645,80672.39548256656,133679.7860333315,97075.3766749526
2022-01-20,101791.6988510543,79344.68255515782,131553.72882996328,95831.77161610636
2022-01-21,99372.13176622355,78281.71872937185,128806.85012899393,94824.84041593061
2022-01-24,99705.05335636294,78496.4178653137,129135.58175542658,95009.2296483763
2022-01-25,99309.72540067817,78107.06880898586,128961.17991715684,94786.37166582842
2022-01-26,99465.79979209749,78249.23101711091,129096.6526914446,94909.49863798759
2022-01-27,97986.05975372187,76999.76434162844,127319.28960836648,93499.27612345565
2022-01-28,100049.39212606482,78444.86388513338,129150.13593570334,94629.6951748282
2022-01-31,102616.88866416508,80285.49641039691,131721.2868732368,96305.58431727748
2022-02-01,102813.90585019604,80434.73613160785,132043.51185356322,96535.29209542062
2022-02-02,103545.62526541516,81382.33231851293,132699.91317398538,97465.41934334679
2022-02-03,102356.19423366591,80418.87251379207,131637.35812875236,96650.7191728888
2022-02-04,103290.14133536333,80223.32119478159,133118.26452639754,96621.12032219995
2022-02-07,103554.1065925805,80012.75997296142,133738.6098899802,96570.86264875755
2022-02-08,104366.75853860156,80580.12073782351,134711.9313865666,97200.60716125823
2022-02-09,104932.49490395006,81004.42811484,135656.89818423285,97867.37649325743
2022-02-10,103341.68555893998,79953.8157646135,134108.03720820256,96964.3552147654
2022-02-11,102415.91075221,79450.88393364333,133243.01456828823,96597.6278084238
2022-02-14,102568.63799056213,79541.68758550759,133496.001966483,96747.38666605936
2022-02-15,103033.87035418996,79595.56676400402,134043.1875165836,96770.64921432982
2022-02-16,102856.23514167166,79458.3402833425,133885.46360920355,96656.78259270909
2022-02-17,101335.71829830015,78283.71295442313,132382.51307208944,95571.7479713445
2022-02-18,99959.36605806564,77365.5182218888,130678.23831193382,94518.46825950147
2022-02-21,99310.94278148327,77428.41555974878,129260.40894784672,94182.93562146959
2022-02-22,99190.35199765995,77050.18908600292,129418.14112880404,93952.1580498408
2022-02-23,98468.16298126361,76651.56197411762,128930.8677152826,93796.3973036441
2022-02-24,98795.21170865853,76733.90816330163,128914.34131987808,93571.60840719844
2022-02-25,100527.0263290387,77847.54831976573,130563.5824958601,94486.45662611384
2022-02-28,101983.2827433964,78137.59733133567,132551.0788813073,94908.06294195021
2022-03-01,101412.05623950265,77699.93475227807,132432.17989606468,94822.92993156375
2022-03-02,102484.45488455168,78521.58562731756,133469.6329293893,95565.75796900476
2022-03-03,101038.16754443257,77413.46854412871,132103.593139364,94587.65811899128
2022-03-04,99748.17466173826,76425.10121845757,130340.30232152986,93325.1220662005
2022-03-07,98301.87751323328,75494.58764052032,128558.502387199,92266.21974423598
2022-03-08,100060.59850847421,76438.53673116752,130587.11475989982,93298.4675268804
2022-03-09,102156.88080368743,76653.52218919968,132899.15821060934,93304.63313726842
2022-03-10,100761.41325785744,75868.14854912221,131527.21416759543,92564.4290901792
2022-03-11,100156.82488914911,75648.79210611609,131093.24191842254,92493.35192804034
2022-03-14,100349.4751152335,75535.40173879455,131366.4062750745,92390.15426777412
2022-03-15,101213.98464442616,75742.00970666563,131662.5033439107,92229.98156302478
2022-03-16,103275.28460527388,76243.58080726079,134002.76492412237,92845.19398800636
2022-03-17,103927.01523890876,76724.72474620058,134918.4191459917,93479.61443376011
2022-03-18,103724.45997745372,76575.1871438235,134596.93727824517,93256.87241503045
2022-03-21,103786.28030001829,76620.826357281,134543.67360559475,93219.96813158122
2022-03-22,105600.27643430883,77960.0195764278,136580.89700342875,94631.47931701015
2022-03-23,104738.10319573549,77323.51515781235,135880.99898143476,94146.5477735405
2022-03-24,106748.72496626298,78807.86839895774,138070.91656345112,95663.85469504457
2022-03-25,106879.9089297893,78904.7157246462,137994.52224164136,95610.92410341068
2022-03-28,107683.27583706277,79497.8060264226,139134.57898100137,96400.82414154161
2022-03-29,108610.86063253223,80182.60090817255,140017.2121917676,97012.36564010884
2022-03-30,107627.54076705582,79456.6592861341,139122.32923262304,96392.33677738064
2022-03-31,105714.62326998432,78044.43679434399,137172.55526115774,95041.41582648858
2022-04-01,105415.38868473849,77823.52511767596,136784.27621885482,94772.39269831277
2022-04-04,106847.85246066138,78881.0498494691,138643.00408813515,96060.23142083439
2022-04-05,105870.45100324048,78159.47752667348,137374.75328911375,95181.51080990325
2022-04-06,105158.17344393606,77633.63446695606,136450.52038885132,94541.14653858726
2022-04-07,105594.9078657599,77956.05619940547,137017.21565540004,94933.78718286495
2022-04-08,105300.82673812998,77738.94909285971,136635.62360613307,94669.39720659443
2022-04-11,103792.30868110033,76625.27684475167,134678.2096728508,93313.18282957522
2022-04-12,104435.45720881337,76962.55375812543,135512.74253339495,93723.91390393865
2022-04-13,105400.79358104752,77494.05295061889,136765.3379905789,94371.16613407935
2022-04-14,103815.95153610321,76581.21168852321,134708.888028731,93259.52090300378
2022-04-18,104902.37140013733,77178.35786658629,136118.59828665282,93986.71710749486
2022-04-19,105898.6596658624,77763.60133247531,137411.35611862456,94699.41835675707
2022-04-20,106233.14731294604,78012.56149379592,137845.37862028525,95002.59853446341
2022-04-21,105108.93874928464,77344.89351795244,136386.63472512827,94189.52187797624
2022-04-22,103314.66205636354,76149.40025441744,134058.4277921579,92733.66702086704
2022-04-25,103458.21015789807,75921.1485506717,134244.69208825333,92455.7053111046
2022-04-26,101749.29884156496,75589.71081711547,132027.253055458,92052.08510767468
2022-04-27,102760.78785107902,75799.1578316274,133339.7349786,92307.14673176326
2022-04-28,104995.41411619527,76613.87444838339,136239.32810354402,93299.29715188735
2022-04-29,102620.55807767251,76004.42080688033,133157.77645907959,92557.11309177689
2022-05-02,101297.44914160302,75186.62905465874,131538.010031072,91594.9525945694
2022-05-03,102197.63793161133,75700.08646156077,132302.24531346268,92029.25009821939
2022-05-04,103926.0826569713,76103.00904478962,133994.28370706705,92329.34171487758
2022-05-05,100233.21635334454,75031.19558700125,130244.83600316782,91369.8579521265
2022-05-06,100747.33380522608,75377.46608563469,130630.92587174216,91628.02709618617
2022-05-09,96904.4318221902,74409.89478349179,126175.67738586491,90713.54097610066
2022-05-10,97911.23781579548,74652.22758336122,127255.93078548476,90898.63354486074
2022-05-11,96761.62387288861,74555.37772900652,125818.50975664503,90886.36521350463
2022-05-12,95963.79370494084,74055.40379695492,124676.192175677,90327.68092063052
2022-05-13,97211.62128945837,74428.84183764138,125965.70975949113,90597.62136477424
2022-05-16,97027.25299299743,74304.76830416551,125875.6090329377,90500.10521304015
2022-05-17,98054.78146490942,74667.51704679494,127367.72972746065,90842.03240370522
2022-05-18,94736.80085030274,73550.75120152054,124128.38539995531,89828.8416760798
2022-05-19,95524.47394729125,73826.23798122982,124995.89913176051,90199.58648140474
2022-05-20,94723.81055264322,73613.40710181436,124480.13137922953,89974.17150297874
2022-05-23,95987.74067114868,74141.26643672367,125773.56221565479,90438.94133985593
2022-05-24,95344.24631477382,73885.59105642905,125091.47882490783,90252.30798387562
2022-05-25,95369.57586889813,73785.95772555575,124855.3074540394,90075.14728491424
2022-05-26,96805.58001723175,74417.27708452524,126315.7011661738,90654.63863202144
2022-05-27,97975.96173411656,74966.94716037602,127416.90858300238,91135.09318455077
2022-05-30,98631.30152122212,74782.91009453556,128504.88671217876,90944.92404450876
2022-05-31,98154.3704323204,74544.61997396259,128262.14129012144,90871.55992261987
2022-06-01,97437.60380091543,74542.25486776157,127436.98416548323,90909.56365191328
2022-06-02,98916.7732648674,75193.9292525527,129036.5677562711,91569.09683713871
2022-06-03,97369.59175209813,74545.07788435799,127339.58305989,90892.94946305882
2022-06-06,98234.38612065348,74651.15105517564,128361.87186184098,90980.52778705831
2022-06-07,99220.10552876262,75121.59165748891,129153.21297320542,91440.37939950854
2022-06-08,98404.82461512876,74947.92150564397,128438.22838972115,91306.25065179956
2022-06-09,96949.56824999262,74405.68090434659,127232.54048963402,90849.87156380084
2022-06-10,95558.27633898726,74150.38285366785,125819.45440999873,90747.65934258874
2022-06-13,91311.5024896427,73142.23057968637,120400.20208928915,89751.18129133047
2022-06-14,90965.43100326676,72946.97336126232,120056.54340600445,89511.36593209772
2022-06-15,92353.19061474572,73517.37665633598,121457.90196422444,90070.51204872601
2022-06-16,89953.19120200688,73059.90560089375,118566.36409756017,89768.2866683523
2022-06-17,90020.92807730322,73046.62606519241,118480.75286019346,89751.86572059906
2022-06-20,90630.47576742216,73315.80909982581,119240.39251277059,90032.99749557728
2022-06-21,92420.7271145748,74036.77880346081,121289.46271523094,90673.40008543413
2022-06-22,92061.26072235007,74010.72042185233,120555.40605916946,90639.33327056984
2022-06-23,93245.3515862526,74244.34783243852,121764.46917624575,90816.32622105352
2022-06-24,95019.88003581802,74958.09121861037,123497.89261084136,91462.04498231765
2022-06-27,94766.64577714859,74904.08846973693,123412.04962778678,91382.81905059353
2022-06-28,93279.62911543091,74358.20418625762,122102.11363769567,90880.2052293913
2022-06-29,92645.327250233,74072.54279649348,121327.39633650501,90572.773745672
2022-06-30,91849.17383937039,73737.00554752916,120184.16513182719,90223.52023033978
2022-07-01,92848.45164493435,74254.43660842572,121491.71493087601,90856.6412995228
2022-07-04,93988.18692180011,74577.3191855183,122983.05259887679,91251.71569276704
2022-07-05,93851.51468219805,74324.9803697661,122804.2176858704,90942.9576129011
2022-07-06,94411.31111138212,74363.9142176578,123536.70839507291,90990.59649905899
2022-07-07,96603.3931868964,75087.13124397234,126405.03636290925,91875.51426212922
2022-07-08,96613.94921997708,75075.05523586996,126418.84887716356,91860.7382354485
2022-07-11,94745.55489933337,74539.366145872,123974.06464909509,91205.27690921591
2022-07-12,94876.4628708525,74746.36486577541,124145.35704736577,91458.55751173268
2022-07-13,95198.99567709734,74765.2309497907,124567.38954287795,91481.6417758709
2022-07-14,94735.00095616479,74331.96024365706,123960.25486947985,90951.4980843853
2022-07-15,97624.42746909337,75464.28199771195,127741.05439820935,92336.99040165024
2022-07-18,98154.55019199685,75421.70016922186,128434.71721744158,92284.88789985087
2022-07-19,100360.13212735167,76149.10785753584,131320.70968150045,93174.93329557823
2022-07-20,99965.0399339553,75930.61158889982,130803.73360617411,92907.58446079501
2022-07-21,100955.24670113162,76425.45705746107,132099.41399878272,93513.07012992555
2022-07-22,100774.80666698936,76546.2576197665,131863.309154795,93660.8799290362
2022-07-25,100057.6088203646,76423.9714990053,130924.85951145165,93511.25242235266
2022-07-26,98999.81546059424,76036.69639966746,129540.74241478268,93037.3882818121
2022-07-27,100788.13229194825,76438.48087150147,131880.7456655833,93529.00587807296
2022-07-28,101832.24411857456,76877.47682494856,133246.96054745914,94066.15489833445
2022-07-29,101976.44408556382,76967.7558946454,133435.6454525074,94176.61904602646
2022-08-01,101827.17788662571,77010.8978050159,133240.33140936584,94229.40685581321
2022-08-02,100684.77908114115,76607.4465136064,131745.50852805315,93735.7497635276
2022-08-03,102327.08764731167,77190.2221462285,133894.46072504553,94448.82549380983
2022-08-04,103478.19028170346,77869.81256101222,135400.6725211077,95280.36237385118
2022-08-05,102008.46263322984,77013.90941922739,133477.54155520617,94233.09182286225
2022-08-08,102056.55445665822,77021.56988657085,133540.46945544527,94242.4650585287
2022-08-09,100257.36434911271,76190.41036907294,131186.2385794337,93225.4704438874
2022-08-10,101606.65475099617,76755.56397890975,132951.7780360471,93916.9841251352
2022-08-11,101330.7607460211,76610.77413891173,132590.7721688545,93739.82139712358
2022-08-12,102274.01023961972,77043.19519886035,133825.0092137889,94268.92547397889
2022-08-15,102455.31420866796,77002.34432754052,134062.24451209712,94218.940946026
2022-08-16,102509.40306233383,77032.67339068586,134133.01949513768,94256.0511435712
2022-08-17,100700.4927977411,76109.52262773414,131766.0698443039,93126.4973880537
2022-08-18,101060.10112659833,76238.77617317013,132236.6154678687,93284.65013354279
2022-08-19,99093.95512479883,75126.14146925871,129663.92367461635,91923.2466025488
2022-08-22,97877.72960635475,74515.50629683706,128072.4989242767,91176.08234732515
2022-08-23,99088.14181388718,75106.59343898212,129656.31698759498,91899.32791895123
2022-08-24,99136.58917194806,75138.95923329433,129719.71010304718,91938.93023092762
2022-08-25,100371.96970188255,75637.32562791233,131336.1990860613,92548.72405362301
2022-08-26,96291.32333773233,74142.67004658164,125996.6945921907,90719.88537108853
2022-08-29,97282.68876164575,74619.92282304594,127293.89108109938,91303.84487978539
2022-08-30,96091.87617544261,74175.14989649947,125735.71902011184,90759.62723983382
2022-08-31,95692.47739860762,73930.3872541188,125213.10780280753,90460.13925476464
2022-09-01,96069.46509724433,73993.391550816,125309.84335460607,90310.37244556326
2022-09-02,95995.03584990118,74109.96743220087,125310.97835617971,90505.86398924545
2022-09-05,95820.23457864337,74064.00907853652,125093.4531288748,90458.15683793329
2022-09-06,94236.80755290302,73534.22506033548,123328.16109584337,89918.58008909693
2022-09-07,96396.72219122955,74415.05182884385,125398.10779582942,90776.5188456845
2022-09-08,96352.94207744882,74309.20467441379,125227.24764643871,90598.22583056007
2022-09-09,98042.51344368499,74598.5844647417,127358.01216825652,90995.29974612057
2022-09-12,99358.91029181697,74996.31028801942,128965.99016918425,91505.36244197914
2022-09-13,94908.46756965491,72778.05816676612,124273.95886599881,89150.69836588467
2022-09-14,96442.65848364844,73388.04703065292,125662.73831127954,89644.15303595853
2022-09-15,95541.77317314457,72947.28450489475,124377.624957463,89006.2643604352
2022-09-16,95934.10734837213,73187.21226035166,124628.11966625837,89102.24366033418
2022-09-19,95716.9120932578,73082.76564594654,124385.3704681128,88956.55644119867
2022-09-20,95134.28366756154,72959.80268329121,123920.04699043621,88842.22563412004
2022-09-21,94173.73809484855,72706.12817110606,123021.0223679775,88652.14523964022
2022-09-22,94542.20085193528,72763.63410097286,123799.24351701036,88780.75477045278
2022-09-23,92855.522115418,72000.37270808766,121916.08059423693,87891.62331626842
2022-09-26,92439.5696191234,71748.40869599953,121180.2579439341,87614.40717670527
2022-09-27,93563.78514671998,72299.04036894755,122239.71900213246,88179.18710556036
2022-09-28,96049.88891259753,73428.53284740505,124807.22388449719,89312.38729983555
2022-09-29,94412.4159713633,72750.8241976522,123238.72741162662,88713.48552311804
2022-09-30,93214.8470965939,72332.05931356648,121990.19545097699,88364.67370482592
2022-10-03,94884.61917023701,73135.65397110822,123324.81687761302,89189.44185162811
2022-10-04,97587.95846616336,74222.07191629874,126414.49904577737,90244.75499479396
2022-10-05,96276.63279267777,73616.51959765457,125127.22852494205,89600.25101002307
2022-10-06,96176.88042432255,73624.52258832137,125103.81154291442,89615.81380112705
2022-10-07,93670.0441255255,72646.09624968334,122594.96571443819,88705.41217402167
2022-10-10,92950.01687327103,72279.49128619996,121624.52620547851,88291.13336890638
2022-10-11,93088.8701420657,72502.49698810825,121960.01818159867,88621.28406858322
2022-10-12,93473.12269071928,72596.42964863704,122453.67191610839,88682.63454099323
2022-10-13,94792.95116380155,73026.39725533279,123627.87366152795,89006.96890991794
2022-10-14,93195.22198045292,72287.0456186312,121993.08560461673,88267.4363073669
2022-10-17,96322.44569075963,73581.79046512664,125306.49058618533,89502.98418854481
2022-10-18,96146.89126815929,73463.78232888813,125157.63867781752,89321.73169055348
2022-10-19,96075.51001171023,73327.9587471612,124791.32790912455,89099.23434939895
2022-10-20,96150.73173489225,73439.93747908594,125145.66420744889,89259.28277703049
2022-10-21,98033.64897070208,74253.12127998371,126969.52303684826,90029.3971487675
2022-10-24,97878.53689749913,74116.3764479983,126787.46627367404,89870.2775460011
2022-10-25,99913.85446439503,74801.57776155908,128891.46112038959,90506.0796465095
2022-10-26,99837.81833883625,74871.52702999856,128855.71261577356,90636.76818557804
2022-10-27,98532.41704181088,74174.50734121377,127713.83593332114,89895.37391229076
2022-10-28,99232.98612418152,74388.63501308818,128288.51119049864,90040.99015950401
2022-10-31,98931.48297399768,74263.08154446667,128114.91387986518,89925.49953487508
2022-11-01,99697.87645998641,74686.40319073669,129107.38293525517,90438.10162077108
2022-11-02,97423.7974781629,73641.96285564774,126162.48183649268,89173.38412031281
2022-11-03,96848.68823401793,73359.15272529099,125417.7232513564,88830.9280611655
2022-11-04,99117.46585576395,74765.82321082133,128355.75916151203,90534.27168038413
2022-11-07,97996.1823222999,74046.79517979333,126903.71236097619,89663.59740286908
2022-11-08,97580.1517583495,73702.87082047769,126364.95848536813,89247.13784893644
2022-11-09,93214.29670811424,72487.50459723685,120711.23606093145,87775.44542155843
2022-11-10,97132.21371511633,73867.48925796399,125784.88486161162,89446.47505546943
2022-11-11,95827.15669076113,73442.2931644914,124094.85391031651,88931.60319302314
2022-11-14,95187.87858566958,73305.04872203547,123266.99753015274,88765.41328022178
2022-11-15,94798.92447044478,73030.31708540955,122763.30728436574,88432.73950547642
2022-11-16,94079.23823124658,72765.67674400586,121831.32347310887,88112.28532551411
2022-11-17,94262.43654322276,72809.92144916483,122068.56277506026,88165.86143803794
2022-11-18,94411.36219297862,72817.66397002987,122261.41944939102,88175.23689138526
2022-11-21,93452.08375447628,72538.32699615113,121019.16702537915,87836.9864930421
2022-11-22,95824.74395799932,73479.57720205771,124091.72945447397,88976.75060184456
2022-11-23,95954.27568765359,73435.36418085473,124259.4712682071,88923.21285556557
2022-11-24,95658.21669816283,73301.06767466804,123876.07893644615,88760.59261205472
2022-11-25,95346.60204845345,73211.70259728513,123472.54223800494,88652.38003781863
2022-11-28,94397.9027369607,72868.20339663008,122243.98963840706,88236.43531042081
2022-11-29,94268.2788613839,72784.3003127199,122076.12849696777,88134.83668865313
2022-11-30,95160.00101217115,72880.58379364142,123230.89645473612,88251.42678885843
2022-12-01,95142.72402161435,73186.51092001496,123437.89643892446,88726.89697907041
2022-12-02,94403.87218086803,72786.46366769393,122430.35478890719,88147.8416982728
2022-12-05,92436.80036969675,71854.5340988987,120395.300361031,87204.98633286192
2022-12-06,92300.63410451768,71865.4746862393,120291.87774972164,87183.50855701308
2022-12-07,92572.58614731769,72120.17128884174,120491.21539939028,87401.6216814743
2022-12-08,93175.3093366683,72263.91096512899,121067.47157970213,87493.73914486472
2022-12-09,92418.00607910765,72012.65804934234,120402.3834732524,87283.61858457056
2022-12-12,92744.06181675446,72014.07416161787,120600.02337688273,87203.00213597038
2022-12-13,95271.29339432281,73105.28213397528,123285.52139907457,88308.71893737999
2022-12-14,94491.63950146387,72708.27511212164,122519.36806230793,87944.0325060665
2022-12-15,92161.06829788943,71706.25432527874,120024.60937678728,86895.22497321523
2022-12-16,92827.1864852549,72311.81930186985,120846.93226439056,87593.93286856076
2022-12-19,91762.17931495923,71873.5489727173,119672.68635779191,87152.93298141645
2022-12-20,92988.05804286443,72425.86890951244,120897.43678937256,87750.05612536805
2022-12-21,93580.31214078049,72638.01150536074,121399.16478877603,87889.17385981756
2022-12-22,92121.72854774272,71893.71241222625,119938.57777283325,87130.63932448966
2022-12-23,92887.89255486801,72291.18156304468,120698.57968321953,87547.82924388445
2022-12-26,92366.01376793621,72015.96366776692,120240.95596288453,87264.52332104956
2022-12-27,91966.24589901666,72027.76843931907,120308.29251139573,87615.328147673
2022-12-28,91160.86249380463,71698.45678506834,119566.86800766102,87360.95668952345
2022-12-29,92493.6086308689,72288.80882213263,121147.31128002676,88104.8823599333
2022-12-30,92274.11911391462,72187.83045176094,120685.10483715302,87844.37598375729
2023-01-03,92155.33722762337,72224.52544993524,120711.29704752401,87968.47955032959
2023-01-04,93080.84154665598,72601.4838520939,121453.29064064904,88191.6751076068
2023-01-05,91098.72103817732,71625.91464135495,119321.62382536543,87170.81846271454
2023-01-06,93320.26500579486,72679.68653393642,121917.8111284601,88447.462969048
2023-01-09,92616.95886557558,72315.15408067232,121621.60441862633,88382.94498991445
2023-01-10,92684.21616411507,72237.52512457756,121684.6284910886,88295.77473241862
2023-01-11,93451.40745251747,72669.40521011493,122353.52485553763,88639.04770704018
2023-01-12,94527.20194607804,73359.51971166192,123644.75413967592,89449.44287863116
2023-01-13,94931.70134329436,73734.62554897886,124185.80850997438,89893.08761520813
2023-01-16,94880.27335216408,73845.70628700618,124232.02403691357,90055.42638939811
2023-01-17,95046.00084394326,73908.51633902972,124363.50594842379,90094.24544059495
2023-01-18,94077.66113757303,73424.29891142677,123301.39469518725,89554.1484030466
2023-01-19,93824.5758023708,73498.52728002639,123308.1019883026,89791.03573537998
2023-01-20,95615.98950730474,74447.36059179058,125023.76868058096,90651.69080311565
2023-01-23,96123.75599029637,74615.56428985238,125519.5786319861,90817.57857105593
2023-01-24,96329.47765663863,74685.06445275969,125789.74990934801,90936.21458300087
2023-01-25,96797.50740761716,75015.82149035785,126297.56633341372,91275.95814508844
2023-01-26,96947.7036938689,74972.32152137603,125934.28118448402,90877.21961301634
2023-01-27,96945.26149669706,74998.39526077706,126232.40431335106,91116.07853972825
2023-01-30,95517.4827912609,74367.27304854426,124805.77076657607,90488.9386486964
2023-01-31,96228.70379449638,74728.84631991404,125319.92461676546,90698.04447811618
2023-02-01,98494.28908116747,75741.22556915038,128270.42655789951,91926.76434598188
2023-02-02,99535.00312091602,76541.52533853719,129625.76233471122,92898.08436032991
2023-02-03,98753.02085663163,75940.1879856534,128607.37640049923,92168.24408225685
2023-02-06,99491.85780594876,76508.34697800814,129569.57361548238,92857.81594234722
2023-02-07,101781.23989420978,78268.86128577734,132551.06644876997,94994.5437637141
2023-02-08,99897.60351910499,76820.36179501501,130097.98167026513,93236.5068380901
2023-02-09,98502.7005907299,75747.69394461751,128281.38097900996,91934.6149824457
2023-02-10,97872.37955379706,75262.98271633535,127460.50548429813,91346.32327573883
2023-02-13,98062.97736659652,75409.5507261855,127708.72355843078,91524.21217047096
2023-02-14,100415.86625670451,77218.9011954087,130772.92214692745,93720.2122081482
2023-02-15,101240.74251539467,77853.22364556215,131847.1695022485,94490.0863415075
2023-02-16,100845.83650517234,77549.5444629629,131332.8781371953,94121.5123655016
2023-02-17,100795.4571849065,77510.8032171925,131267.26847636644,94074.49230022481
2023-02-20,100953.45359802862,77632.3010428739,131473.0293128053,94221.95363196373
2023-02-21,99045.95145866562,76165.44899328888,128988.86383114407,92441.64229319996
2023-02-22,99565.8799534486,76437.16194372064,129665.97364560711,92771.41900563626
2023-02-23,99863.09730872534,76425.49670438598,130053.04377218412,92757.26096027458
2023-02-24,98126.78960627376,75610.54072059086,127791.82708940066,91768.15276837867
2023-02-27,99367.42496786879,76292.4304781175,129407.52307055007,92595.75911590023
2023-02-28,99782.51383043882,76488.1259830844,129948.09883344953,92833.27381722014
2023-03-01,100411.63196229676,76964.42200303555,130767.40776883587,93411.35202569861
2023-03-02,99404.03953114625,76296.21162190591,129455.2067047348,92600.34827208807
2023-03-03,101008.83763652045,76877.60177952475,131545.15668494147,93305.9787343745
2023-03-06,99885.29317614017,76022.47458840185,130081.94974640539,92268.11493967756
2023-03-07,98138.68712725487,74693.1366073521,127807.32138968415,90654.70377024045
2023-03-08,100063.4795903384,75601.64371267769,130314.0042905749,91757.35451229461
2023-03-09,97994.72151898392,74683.42730223946,127619.83305757015,90642.91963291833
2023-03-10,97673.47905005499,74784.05232631948,127201.4747049953,90765.04774487324
2023-03-13,99072.14397426332,74792.69065209794,129022.9746936081,90775.53203968379
2023-03-14,100920.71594457376,75514.74963914196,131430.39462999947,91651.89158954733
2023-03-15,100893.79058884206,75579.09381515291,131395.32938005304,91729.98580918465
2023-03-16,102851.41187149384,76380.43158145889,133944.7656905952,92702.56563544439
2023-03-17,103519.94122623578,77233.45042620505,134815.40038727858,93737.8705401963
2023-03-20,103245.2064664068,77066.57586744116,134457.60964466506,93535.33568386734
2023-03-21,103737.454254649,77056.51748570635,135098.6705057468,93523.12787391325
2023-03-22,103789.5671211732,77179.58176719089,135166.537786993,93672.4904055917
2023-03-23,105687.1458123962,78216.11562178958,137637.77982976532,94930.5266028187
2023-03-24,104374.50505231036,77464.17047333723,135928.31025762856,94017.89436134837
2023-03-27,104262.01297610495,77270.32112736166,135781.810326172,93782.62033439394
2023-03-28,105001.2223023636,77781.55181447872,136744.49249261353,94403.09858184635
2023-03-29,106109.46258740823,78226.85087184465,138187.76859945638,94943.55592462586
2023-03-30,106541.9472143874,78545.69058315876,138750.9990984007,95330.53016204898
2023-03-31,107191.22890246409,79024.35912551572,139596.56730202716,95911.4878896594
2023-04-03,107157.96622116321,78999.83695052518,139553.24886845378,95881.72544279289
2023-04-04,107278.19660701773,79088.47413928446,139709.82650379333,95989.30397617596
2023-04-05,105699.04815115873,77924.28191977128,137653.28040430977,94576.32943011574
2023-04-06,105618.83087910159,77865.14351283241,137548.8123808328,94504.5534275806
2023-04-07,106134.19595228479,78245.08499723345,138219.9791904716,94965.68659567162
2023-04-10,107097.41050494536,78955.19359010753,139474.38635142622,95827.5420091095
2023-04-11,107637.42158423146,79353.3047965766,140177.64998358398,96310.72768224285
2023-04-12,106500.1288650501,78514.86093142416,138696.53850421315,95293.11236073168
2023-04-13,107923.22145450636,79564.00442021074,140549.85096713688,96566.45281085093
2023-04-14,106696.51946356041,78659.6455499462,138952.3006004512,95468.83676191195
2023-04-17,107266.89629727468,79080.14323623848,139695.10995967186,95979.19279887005
2023-04-18,108243.37562606928,79800.03099149057,140966.79201553436,96852.91713505996
2023-04-19,106533.83463535114,78539.70976396526,138740.43397850217,95323.27127030984
2023-04-20,106174.46262534134,78274.7707100011,138272.4190159398,95001.71600371893
2023-04-21,104983.70643430203,77396.91208448572,136721.68134397996,93936.26317548125
2023-04-24,104797.24530632111,77259.4477481647,136478.8505296688,93769.4233659059
2023-04-25,103471.9288193039,76282.38752507206,134752.8731892585,92583.5700316729
2023-04-26,104271.60609440974,76871.93188256776,135794.30357211002,93299.09720747141
2023-04-27,106139.86158214064,78249.26185734585,138227.3576158109,94970.75603087513
2023-04-28,106908.52171996086,78815.93951743541,139228.393967015,95658.53000505813
2023-05-01,106405.56476154833,78445.14564079803,138573.38641076293,95208.49924489493
2023-05-02,106310.90570572639,78375.36034867715,138450.11065963953,95123.80116857776
2023-05-03,105547.90914473479,77812.85803515113,137456.45006008993,94441.09479261124
2023-05-04,105164.3722265565,77530.10393791438,136956.96481526637,94097.9174929409
2023-05-05,106036.16155132178,78172.81130667427,138092.3076823448,94877.96836203433
2023-05-08,106211.07878887093,78301.76516548211,138320.10473415427,95034.4790456291
2023-05-09,105857.89934512548,78041.39144382539,137860.1544332452,94718.46470109263
2023-05-10,105783.20858590982,77986.32733606163,137762.88366116385,94651.63365604042
2023-05-11,105212.85397296351,77565.84603153834,137020.10324034578,94141.29750155723
2023-05-12,105355.78999579888,77692.66619047376,137206.25072961263,94295.21852379011
2023-05-15,106758.47881800868,78591.81534463035,139032.9910942705,95386.51156512833
2023-05-16,106029.0443953443,78127.6082048901,138083.0389151744,94823.10557292316
2023-05-17,108038.60821575898,79428.89433961165,140700.12068554477,96402.47035022039
2023-05-18,109495.86565683542,80625.47875090312,142597.92649048346,97854.75914499887
2023-05-19,110220.88910618405,81104.18832235821,143542.13420018923,98435.76666943009
2023-05-22,109794.92679416493,80833.53663281728,142987.3977990233,98107.27800427697
2023-05-23,109778.61705070663,80665.28708595871,142966.15740254993,97903.0743314533
2023-05-24,109593.96933773547,80759.60532609964,142725.68822279642,98017.5479298115
2023-05-25,112041.23680842655,82508.84275193205,145912.79729577148,100140.58905333889
2023-05-26,114722.477462426,84390.05543911233,149404.61276650877,102423.80792231804
2023-05-29,115166.5720225219,84392.24120111346,149982.96303622442,102426.4607712373
2023-05-30,115388.52481158818,84572.97879142062,150272.0151142163,102645.82112285266
2023-05-31,114591.03733977271,84138.22293077114,149233.43654140126,102118.16000765891
2023-06-01,115064.54516313445,84626.1649795849,149850.0920962331,102710.37294584072
2023-06-02,114948.66533052812,84417.79447127423,149699.1802444239,102457.47465339578
2023-06-05,114828.57730838173,84731.03700682586,149542.7880112405,102837.65562528277
2023-06-06,115744.02286676654,84940.73532243032,150734.98497372415,103092.16547110936
2023-06-07,113289.88589126563,83424.50946813778,147538.9296529979,101251.92938098189
2023-06-08,115005.19006430337,84619.34359887916,149772.79315924423,102702.09386860189
2023-06-09,114943.15751630874,84631.1652086495,149692.0073444932,102716.4417000158
2023-06-12,116363.54611557984,85864.77786667943,151541.79836492828,104213.67150131342
2023-06-13,116542.53931024442,85986.50955722282,151774.90359006138,104361.41667372025
2023-06-14,117758.94162951698,87132.96712622819,153359.0405569319,105752.86675901635
2023-06-15,118460.98959877892,87503.96019991774,154273.326992434,106203.13928369201
2023-06-16,117926.4938160774,86867.26322745065,153577.24600459094,105430.38320392213
2023-06-19,118502.70881455153,87093.3457601999,154327.6584836579,105704.77849597887
2023-06-20,118819.28469539966,86832.01040929717,154739.93947632407,105387.59702661149
2023-06-21,118064.80222204849,86280.64174765602,153757.36688668426,104718.4035108534
2023-06-22,118034.7111557112,86258.65148073826,153718.17888958642,104691.71402874294
2023-06-23,119223.97278155085,87127.7526383409,155266.9701693497,105746.53795992973
2023-06-26,118339.78205300232,86481.59440954874,154115.47678869293,104962.29879846855
2023-06-27,119719.59751849236,87489.95051242788,155912.4288757702,106186.13579278249
2023-06-28,119724.97385586632,87493.87948897421,155919.4305516512,106190.90437288376
2023-06-29,120419.97579063338,88001.7803351111,156824.5408424384,106807.34120821494
2023-06-30,121805.97817113089,89014.65777701116,158629.55023146168,108036.66573014123
2023-07-03,121467.24778910678,88767.11681484107,158188.41713637894,107736.22644460826
2023-07-04,120391.60405917412,87981.04654187446,156787.5919580877,106782.17670222049
2023-07-05,119723.81844090387,87493.03512263835,155917.92583933263,106189.8795694878
2023-07-06,119022.19020070317,86980.29183510934,155004.18602258604,105567.56548612735
2023-07-07,120211.80627097785,87849.65201735556,156553.43890006523,106622.70379428907
2023-07-10,120031.85322297271,87718.14403043556,156319.08364512256,106463.09317758243
2023-07-11,120267.20830323719,87890.13929897967,156625.58970572485,106671.84301495657
2023-07-12,120759.72635465726,88250.06683664588,157267.00253414843,107108.68535132018
2023-07-13,122177.61826227397,89286.24884360758,159113.5420797368,108366.29451274773
2023-07-14,121317.03759376743,88657.34462357828,157992.79639522458,107602.99645945647
2023-07-17,122387.90774668331,89439.92641157146,159387.4048804886,108552.81224426479
2023-07-18,123343.98516983251,90138.61875744618,160632.51726247312,109400.81181315119
2023-07-19,121350.53076233489,88681.82111465586,158036.4149954399,107632.70345997563
2023-07-20,118434.231369474,86550.61707747713,154238.4793934626,105046.07128143942
2023-07-21,118644.95225969923,86704.60991273446,154512.90401976326,105232.97165136736
2023-07-24,119453.71547440982,87295.6464272063,155566.16714296603,105950.30985097332
2023-07-25,120512.96637966223,88069.73697880929,156945.64372700022,106889.81986266031
2023-07-26,119835.18475642445,87574.42057360547,156062.95967763194,106288.65670328814
2023-07-27,118690.41188085167,86737.83137427775,154572.10669080928,105273.29238084555
2023-07-28,121449.93076438761,88754.46169682272,158165.8649440826,107720.86698820784
2023-07-31,121274.03343663955,88625.91759193991,157936.79150773297,107564.85362099821
2023-08-01,120912.73361171052,88361.88309417685,157462.49470705175,107241.82777343511
2023-08-02,118546.59534958209,86632.73161229688,155081.69139446915,105719.7860656338
2023-08-03,118824.68214221727,86835.95481242544,154966.18393811755,105928.85683970775
2023-08-04,119711.47057421925,87484.01141835298,155945.03830212992,106549.02331930444
2023-08-07,120553.23772540849,88099.16689771516,156871.9663608224,107080.88169283066
2023-08-08,120420.74164624557,88002.34001515516,156596.63230000754,107086.63462660804
2023-08-09,119336.87411951838,87210.25986920627,155940.18301435967,106412.4333671378
2023-08-10,119406.41834472446,87261.08213179169,156217.5470336744,106456.63396904501
2023-08-11,118641.09781910205,86701.79312397065,155640.11884225934,105991.70976839846
2023-08-14,119964.3263234415,87668.79601038956,156821.50274330046,106796.23819266107
2023-08-15,119155.2105186496,87077.5018264183,155721.314131783,106278.02804516199
2023-08-16,118243.25507588616,86507.15174136688,154961.00489614112,105807.2790092272
2023-08-17,116397.5562269302,85757.46188456725,153010.82060454768,105120.91464501988
2023-08-18,115993.8014117271,85657.78206120223,152288.00387958976,105045.4267159889
2023-08-21,117636.93484377525,86870.63704236558,154036.13282349915,106096.1871109856
2023-08-22,116795.72401045388,86324.23954122706,153624.899567145,105596.0227509773
2023-08-23,118319.38174119894,87360.08476239063,155002.97163180428,106547.29648558667
2023-08-24,115593.89266412063,85465.62951882539,152425.5217456233,104896.38547707692
2023-08-25,116401.82326489591,86079.24274647306,153223.92769039847,105412.07089581186
2023-08-28,117500.65564511376,86853.51831365844,154450.15657289245,106130.50037511197
2023-08-29,121121.94827977724,88948.03101985245,158269.657824496,108059.53325900636
2023-08-30,120747.3529140429,88868.09184199855,157894.86908390708,107966.97773824648
2023-08-31,120544.05917406101,89164.32035573256,157089.62639600196,108187.03145257397
2023-09-01,120243.54407166791,88985.21726669521,156774.23653688846,108044.8994081749
2023-09-04,120585.66930225673,89209.44623054127,156882.0843534468,108262.70453659788
2023-09-05,120932.50148637798,89436.37362319026,157065.02376792656,108431.54764191262
2023-09-06,121058.61381482436,89492.29851773121,157146.57593440294,108488.6812304654
2023-09-07,121878.28201161024,89901.74954786383,158056.5797131291,108862.27250726672
2023-09-08,121914.33235544674,90022.7363937843,158161.54663907643,108991.75741698133
2023-09-11,122376.14680392091,90654.33163181375,158292.33269550133,109515.65760461184
2023-09-12,121772.60680994061,89965.60714293565,157918.21201979055,108871.74753176107
2023-09-13,122813.27535205499,90573.74269999245,158774.0841344567,109400.43530559338
2023-09-14,123846.68894154947,91189.73131162823,160191.2880330281,109967.41464340017
2023-09-15,122912.4076612849,90467.86267690855,159631.87843157368,109440.19871919426
2023-09-18,122824.28899615616,90371.30117656659,159247.08710023432,109379.02000801511
2023-09-19,122521.7536742662,90005.97352371836,159174.0154141032,109059.64384442853
2023-09-20,122713.35148035212,90086.32989434444,159228.7262860707,109292.23263794831
2023-09-21,121120.32495790256,89050.10721526326,157743.9813314644,108338.3151676594
2023-09-22,120725.32499254563,88782.74399588852,157895.30558900547,108112.42301551627
2023-09-25,120297.62919120735,88598.5819424227,157046.55032374352,107870.74897252617
2023-09-26,119502.69068123196,87997.75414732855,156181.30438369987,107323.19059041628
2023-09-27,119911.18626516654,88191.17297923595,156508.5259090792,107408.52340098763
2023-09-28,121678.51128239454,89199.33291814273,158110.39606028734,108282.23900183759
2023-09-29,120928.90469897086,88711.26420839471,156961.01120381974,107775.6131715224
2023-10-02,121748.46738653898,89081.60980116282,158024.77167122692,108225.5472774347
2023-10-03,122005.04168477924,89269.3415403089,158357.79512332013,108453.62319855668
2023-10-04,122581.0388346772,89690.79040496594,159105.41700349475,108965.64284131763
2023-10-05,121811.30249902936,89127.58535299386,158106.329201415,108281.40312994346
2023-10-06,122866.4548460044,89899.62521248207,159475.87587652594,109219.35695115983
2023-10-09,123447.71793247527,90324.92708750625,160230.3327373983,109736.0576291713
2023-10-10,123814.65780302792,90593.4117351633,160706.60640642984,110062.24053036865
2023-10-11,123005.22645956885,90001.16241452155,159655.9960293189,109342.7148393286
2023-10-12,122336.68162684134,89586.06955664391,158788.25085920247,108838.41713057554
2023-10-13,123214.05809970091,90198.40193186456,159927.05136954604,109582.3417921512
2023-10-16,123702.18172320751,90055.61397437182,160560.6168328965,109408.86822247984
2023-10-17,124030.07366015163,90294.32043279806,160986.20780402492,109698.87350145384
2023-10-18,124320.83146080439,90505.99311221945,161363.60011167428,109956.03535141585
2023-10-19,124134.42352192142,90370.28749125179,161121.64986283737,109791.16613620262
2023-10-20,123797.25015358708,90124.8241188345,160684.01195503943,109492.95185970131
2023-10-23,125590.14952989244,91430.06103445114,163011.12555779732,111078.68857724183
2023-10-24,125403.62930682318,91294.27367020946,162769.02956845722,110913.72005185013
2023-10-25,123586.82151788361,89971.63134792227,160410.88377672283,109306.83744722125
2023-10-26,122475.74402074098,89162.76310659913,158968.74843355204,108324.14070108104
2023-10-27,122483.93067699164,89168.72302052125,158979.374394704,108331.38142054477
2023-10-30,123539.58828125532,89937.24538911942,160349.57687410872,109265.0618302515
2023-10-31,123045.38305560334,89577.46228420202,159708.1177278968,108827.96012634458
2023-11-01,124996.1831053544,90997.65143344975,162240.1802585847,110553.35269904147
2023-11-02,125820.6689585768,91597.87997178924,163310.33080337942,111282.57236849201
2023-11-03,126046.12554981609,91762.01314604524,163602.9646830261,111481.97831378068
2023-11-06,124849.40302236058,90890.79502793546,162049.665424198,110423.53249268577
2023-11-07,125252.75038322201,91184.43329462822,162573.19459850749,110780.27461022673
2023-11-08,125011.58921806443,91008.86713651763,162260.1767932073,110566.97869441059
2023-11-09,125269.78296178815,91196.8330704363,162595.30222250195,110795.33913954925
2023-11-10,127106.12541123368,92533.69669279385,164978.80324319648,112419.49924945166
2023-11-13,128093.81272320879,93252.7364547088,166260.78292891933,113293.06307391755
2023-11-14,128898.84120096063,93838.79995674964,167305.6785577216,114005.07359314006
2023-11-15,127786.2678279427,93028.84271264172,165861.6016258909,113021.05381385495
2023-11-16,128164.3508126975,93304.08842658994,166352.3386234168,113355.45075722299
2023-11-17,127373.62974258319,92728.44076654338,165326.01345281958,112656.09447946187
2023-11-20,127956.25903387861,93152.5968955312,166082.24359437538,113171.40318676122
2023-11-21,127588.5857875025,92884.92950694432,165605.01803207127,112846.21317635619
2023-11-22,128456.19545015323,93516.55232694387,166731.1416029319,113613.57386415637
2023-11-23,128845.98891635881,93800.32331168598,167237.07834955642,113958.32818767747
2023-11-24,129428.46923684247,94224.3709894102,167993.11513279722,114473.50513717205
2023-11-27,129741.51147186368,94452.26681373628,168399.43176884667,114750.37654042781
2023-11-28,129039.30914738243,93941.06110511841,167488.0004845345,114129.31100613844
2023-11-29,127583.38106684417,92881.14045239476,165598.26250724785,112841.6098412435
2023-11-30,127933.53013887051,93136.0501817514,166052.7423733654,113151.30052855305
2023-12-01,130452.34429237523,94969.7555531632,169322.06510106855,115379.07534997331
2023-12-04,127663.32705937985,92939.34141006826,165702.0292937025,112912.31838041721
2023-12-05,129920.17197387594,94582.33227400186,168631.3261461904,114908.39350543945
2023-12-06,129601.97450995959,94350.68342530011,168218.31822369967,114626.96254025042
2023-12-07,130738.39983514101,95178.00497266161,169693.3540610136,115632.07826994442
2023-12-08,130652.74704886065,95115.64944950395,169582.18007841235,115556.32233519458
2023-12-11,131736.95823736978,95904.95892569047,170989.44399873412,116515.25707180545
2023-12-12,133244.8709538465,97002.72457226513,172946.65600999363,117848.93624698083
2023-12-13,134493.3010977286,97911.58601306802,174567.0697422511,118953.11506738835
2023-12-14,132901.36012041254,96752.64750344703,172500.792319179,117545.11677520898
2023-12-15,132298.59919676426,96313.83547683002,171718.43210244257,117012.00256860058
2023-12-18,133515.73489796743,97199.91445567324,173298.22686622283,118088.50289936902
2023-12-19,134276.2767817369,97753.59156420911,174285.38062765377,118761.1670802256
2023-12-20,132671.75111401518,96585.49135666678,172202.76876628766,117342.03821043608
2023-12-21,134877.435505125,98191.23718352328,175065.66125081727,119292.8642146798
2023-12-22,134372.41466627512,97823.58027497947,174410.16385966662,118846.1966002721
2023-12-25,133128.53361193743,96918.03058701908,172795.65466856686,117746.04123952845
2023-12-26,134012.846212998,97561.8132036586,173943.45800333013,118528.1749051529
2023-12-27,134880.0209407454,98193.11938955182,175069.0170456158,119295.15091311267
2023-12-28,133411.6606830835,97124.148069101,173163.14258633877,117996.4540615638
2023-12-29,133041.26032445845,96854.49533341241,172682.37733848696,117668.85204628935
2024-01-02,132103.4342922021,96171.75475471372,171465.11565301442,116839.38822156607
2024-01-03,129462.08710233086,94248.84491117042,168036.74981364296,114503.23858701016
2024-01-04,130784.47325667202,95211.54658208252,169753.15556877656,115672.82808401092
2024-01-05,131477.41430619164,95716.01005065872,170652.5660786789,116285.70244820343
2024-01-08,133648.38343640204,97296.48304811944,173470.39950583476,118205.82440703629
2024-01-09,134494.28688627857,97912.30367052468,174568.3492574176,118953.98695184547
2024-01-10,134555.3556059377,97956.76190858417,174647.61407846663,119007.99941475134
2024-01-11,135098.21212859312,98351.96332513733,175352.2207144623,119488.13094455587
2024-01-12,134353.03683741612,97809.47314888779,174385.01219207968,118829.05780534918
2024-01-15,134092.57963412965,97619.85940861847,174046.94888037656,118598.69543473452
2024-01-16,133794.37121102627,97402.76265041421,173659.88595479794,118334.94385322114
2024-01-17,134458.40910625164,97886.18452320361,174521.78129546676,118922.25471194154
2024-01-18,136439.81905657152,99328.65778539922,177093.57428561835,120674.7203283874
2024-01-19,138734.58536524995,100926.14675467156,180072.09163168416,122615.51504858908
2024-01-22,137904.39938644972,100322.20598741822,178994.54254576386,121881.78537974902
2024-01-23,138296.0479253512,100507.29117093021,179502.88710453996,122106.64599153235
2024-01-24,140061.09175866065,101713.45965165866,181793.84529675182,123572.02413441727
2024-01-25,140541.74731972613,102079.82496643173,182417.71750574422,124017.12258721
2024-01-26,140276.82855898872,101400.06611765524,182073.8632661336,123191.28127619505
2024-01-29,141116.00577830474,102006.67111719222,183163.08263226398,123928.24772979479
2024-01-30,139637.87849636623,100938.19668945843,181244.5309556523,122630.15455487864
2024-01-31,138961.4016012275,100449.2007333994,180366.4902772776,122036.07172365155
2024-02-01,140434.34878072157,101513.9306886087,182278.31838254922,123329.6157263072
2024-02-02,141364.65320448566,102186.4076119058,183485.81731297358,124146.61020157233
2024-02-05,142178.70919556133,102774.853559583,184542.43030267887,124861.51516200922
2024-02-06,142470.2646460054,102985.60641346264,184920.85792870927,125117.5595128277
2024-02-07,143282.8342939349,103572.97794781838,185975.54170286597,125831.1591649077
2024-02-08,143402.6953393653,103659.62032529744,186131.11667430506,125936.4212806353
2024-02-09,145789.45806747256,105384.90810748776,189229.0417918761,128032.47920836463
2024-02-12,146778.15077810755,106099.59140378336,190512.32644592485,128900.75034810131
2024-02-13,144787.28126410735,104660.47774242515,187928.25531032486,127152.36632200918
2024-02-14,147829.98691514495,106859.91835825026,191877.5688096185,129824.47412162354
2024-02-15,148876.9697408344,107616.7370633746,193236.5117640952,130743.93571122328
2024-02-16,148159.39160179032,107098.03079170367,192305.12327097615,130113.75771766069
2024-02-19,147660.89119602344,106737.68635974223,191658.08914816272,129675.97405564053
2024-02-20,147883.83375291992,106898.84191367062,191947.45990908993,129871.76247998117
2024-02-21,146799.3581082844,106114.92126762618,190539.85273500995,128919.37465122943
2024-02-22,149994.26975598655,108424.38503042315,194686.72369343403,131725.1499420442
2024-02-23,150454.00284947822,108756.70624523393,195283.43935391185,132128.88810332213
2024-02-26,152035.7803179495,109900.1049200832,197336.52493811285,133518.00699798585
2024-02-27,153532.33080914733,110981.89669078935,199278.98922322915,134832.27945765763
2024-02-28,154347.8448996596,111571.39663562912,200337.49476924737,135548.46492279132
2024-02-29,156224.89644308295,112928.23619754819,202773.8346093445,137196.89386883454
2024-03-01,159646.91970937338,115401.86914906654,207215.4876084932,140202.1188590331
2024-03-04,162519.5123066777,117478.34237909295,210944.00098560422,142724.83316817234
2024-03-05,160126.47380175273,115748.51810865439,207837.93015400512,140623.26384561663
2024-03-06,162387.7645155271,117383.10758607145,210772.9974809058,142609.13209791094
2024-03-07,163838.96149671986,118432.1152614967,212656.5946753976,143883.57504999198
2024-03-08,161738.8618334612,116914.04383875601,209930.74705778752,142039.26497410695
2024-03-11,160672.2945420628,116143.06836848262,208546.3842291359,141102.6042829266
2024-03-12,162153.98231871295,117214.1165242004,210469.55728929283,142403.82428862446
2024-03-13,163455.43173731756,118154.87814856089,212158.7879763921,143546.758749298
2024-03-14,161351.2822649724,116633.87929358958,209427.68386422453,141698.8921261527
2024-03-15,161058.33456744815,116422.12004437414,209047.4491556766,141441.62510225683
2024-03-18,162147.36821798506,117209.33547619694,210460.97244399856,142398.01577732913
2024-03-19,160967.05128397178,116356.1352978196,208928.96700687913,141361.46001179912
2024-03-20,164268.427345969,118742.55759154138,213214.02463098554,144260.73248060155
2024-03-21,165586.13889718745,119695.07440982234,214924.36293322244,145417.94836589496
2024-03-22,166475.67055307454,120338.07845865402,216078.94039800146,146199.1361468718
2024-03-25,169093.412768934,122230.33134527743,219476.66789991708,148498.04054138414
2024-03-26,168755.71007853493,121986.22064298723,219038.3429526827,148201.46962836848
2024-03-27,168937.70731475909,122117.77859148046,219274.56828115275,148361.2998223463
2024-03-28,170217.77092011255,123043.08133428563,220936.04101508384,149485.453235839
2024-03-29,169825.9116657441,122759.82318887448,220427.42295583358,149141.32196254545
2024-04-01,171212.87177599542,123762.39680225564,222227.6431922306,150359.3520165182
2024-04-02,171352.40072733597,123863.25626020461,222408.74633997798,150481.88651111256
2024-04-03,173185.31422652846,125188.19033460098,224787.7967167142,152091.55337308472
2024-04-04,171234.5088844161,123778.03733424508,222255.72731674736,150378.35375142226
2024-04-05,174306.3957832326,125998.57181485581,226242.91693979295,153076.08855829117
2024-04-08,174900.40771529966,126427.95740765131,227013.9213060069,153597.75055875417
2024-04-09,174255.49550988193,125961.77820370714,226176.85036625076,153031.387876391
2024-04-10,172123.32788306024,124420.52623390852,223409.37978016492,151158.91567594247
2024-04-11,176134.1924222909,127319.80713186467,228615.3258312461,154681.26178747648
2024-04-12,171225.1846129363,123771.29722075473,222243.62477530906,150370.16516487973
2024-04-15,169522.69501440373,122540.64095607286,220033.85954494614,148875.03673093155
2024-04-16,171338.27595688726,123853.0460731615,222390.41293773497,150469.48212054293
2024-04-17,167846.5287480928,121329.01269234547,217858.2609751847,147403.02547932309
2024-04-18,168532.21978165742,121346.25474565427,218748.26124658063,147423.972907863
2024-04-19,165648.98197777892,119270.27123641777,215005.93080569553,144901.8535621581
2024-04-22,166703.52601343393,120029.56206731578,216374.6879163913,145824.3185456726
2024-04-23,169513.68885039227,122052.93027508107,220022.1698946195,148282.51538470527
2024-04-24,167265.70909622093,120434.34408268324,217104.37967516133,146316.08957719064
2024-04-25,167655.72819014057,120626.35005061082,217610.60927777627,146549.35827323105
2024-04-26,169130.68754085843,121834.39952962605,219525.04910297357,148017.0216472593
2024-04-29,169378.9914779551,122005.11271712162,219847.33794822198,148224.42167275754
2024-04-30,166386.55551527144,120456.66728005299,215963.27254769002,146343.2101047352
2024-05-01,165855.18195218054,120489.97349222432,215421.0844815131,146483.63394948558
2024-05-02,166866.75606013555,121114.76698448653,215812.82758839751,146936.17227270847
2024-05-03,167478.8297020686,120844.6296976382,216901.58315969497,146646.943112989
2024-05-06,169575.3432138373,122331.46876473466,218965.21280068823,148010.72640315423
2024-05-07,168629.857451528,121799.731546993,218108.1477001007,147534.50616714725
2024-05-08,168931.09946323215,122179.59828601057,218738.72079381545,147916.02099591054
2024-05-09,170182.59950882854,122720.4381898844,220401.21462440857,148472.81364609578
2024-05-10,169365.99711755457,122640.78732270944,219647.1460135123,148526.95191752937
2024-05-13,169870.53041949324,122549.61520265506,220219.3764794578,148305.83315041926
2024-05-14,170628.83343929818,123363.99757549296,220993.36672365997,149089.43897752216
2024-05-15,172657.41505763284,123964.8248590062,223337.3432658684,149717.8846729308
2024-05-16,170544.66582222798,122447.91005490968,221153.76992201628,148171.16966745054
2024-05-17,171538.2949123069,122843.92349783596,222782.26530560953,148660.94157935595
2024-05-20,172918.06954346888,123832.02314824559,224602.309365461,149875.44338578236
2024-05-21,172808.00720416152,123753.20407407456,224048.95728916713,149660.9795018958
2024-05-22,172304.84880511762,123392.87665032907,223392.60242399183,149222.54536137806
2024-05-23,171379.47799448314,122730.18974926812,221589.80785310196,148345.2068449394
2024-05-24,173468.37449547905,124226.11368913484,223601.62447709008,149705.0603740082
2024-05-27,173726.14521921618,124410.71134462008,224041.0733367442,149921.6347990145
2024-05-28,174757.9357996227,125149.60876219116,225179.14303668725,150560.71168464518
2024-05-29,173447.28403423476,124211.01015199785,223415.55225805368,149648.3552589834
2024-05-30,173998.8376334623,124605.99488810649,224165.5576516251,150150.72435317282
2024-05-31,173748.51712318725,124426.73256286368,223532.7851149685,149778.5660066961
2024-06-03,175310.42406613048,125545.26284269268,225542.22620158776,151124.99581239096
2024-06-04,174163.1982875835,124723.69867915349,224066.28512490808,150136.03869873195
2024-06-05,176494.80946447296,126393.43816902617,227065.97426646066,152145.9860890287
2024-06-06,177029.02230542715,126776.00464725362,227753.2554367397,152606.5001387904
2024-06-07,174457.80332297922,124934.67453412939,224445.30351977708,150390.00069202273
2024-06-10,177473.5857976912,127094.37043059975,228325.19997607503,152989.73266055647
2024-06-11,175862.08620151543,125940.32530492905,226251.95642321394,151600.5518915232
2024-06-12,177598.35543903176,127183.72186249738,228485.7199384231,153097.28936533057
2024-06-13,176191.5567952736,126176.26947375214,226675.8304260293,151884.56946986882
2024-06-14,177362.52689512132,127014.83768639226,228182.31929879324,152893.9951921474
2024-06-17,177766.32561452803,127235.82651428929,228701.81871018012,153160.01029247316
2024-06-18,179380.3837515868,128391.0848029491,230778.35390419516,154550.65140534978
2024-06-19,178512.21663462435,127863.69856385746,229661.4303366561,153915.81070033563
2024-06-20,178103.20392659976,127587.93790418631,229135.22296933027,153583.86405739267
2024-06-21,176355.72675781627,126463.04824533811,226887.0401075103,152229.77915499502
2024-06-24,175165.32279637473,126348.94668492851,225355.54897700323,152092.42950556465
2024-06-25,175513.08891706963,126336.76096876153,225802.96073518496,152077.7609608262
2024-06-26,175189.75452912925,126262.24263312761,225386.98114896202,151988.05958217097
2024-06-27,176473.79974552494,126952.22379587115,227038.94461999973,152818.62377845528
2024-06-28,175521.23670948032,126569.73560409475,225813.4431194968,152358.20396593775
2024-07-01,176512.53816066118,126807.04180562936,227088.78277672024,152643.8610899195
2024-07-02,178022.9719023824,128042.82024137325,229032.00201455227,154131.42825651856
2024-07-03,180375.10593583068,130085.3853544302,232058.09443920088,156590.1641511898
2024-07-04,178564.03032283677,129528.77560927623,229728.09023237764,155920.1456773671
2024-07-05,179766.5143467532,130474.48831021608,231275.12273298725,157058.54647985968
2024-07-08,178820.0867976357,129824.07458392986,230057.51472420193,156275.61154917665
2024-07-09,179555.48298748705,130099.4250165148,231003.62443035762,156607.06438163816
2024-07-10,180811.68061284372,131062.32354795148,232619.76112320606,157766.15261194008
2024-07-11,178031.4110088788,129169.44578600068,229042.8591833515,155487.60272984207
2024-07-12,177530.92452623512,128785.90171334644,228398.9680052852,155025.9119016794
2024-07-15,181573.29390443946,130107.38445634308,233599.5999331699,156616.6455500828
2024-07-16,182883.6712855801,131046.34287938457,235285.44054008773,157746.9158967063
2024-07-17,178640.09265501998,128005.58228907672,229825.946750734,154086.60310535433
2024-07-18,176997.70322930967,126896.30764921685,227712.96248674684,152751.3147678432
2024-07-19,176652.0420066133,126005.05370130469,227268.25874426382,151678.46863971197
2024-07-22,179354.6188895087,127932.78882054203,230745.2066205592,153998.97803389895
2024-07-23,179075.75537446426,127733.87681369869,230386.44017341515,153759.53788681113
2024-07-24,173989.49543464935,124105.87201072459,223842.8110881699,149392.33040926745
2024-07-25,171182.5261721792,122103.67430817997,220231.55922046505,146982.18674823764
2024-07-26,173478.32435154746,123741.25613057308,223185.17384459573,148953.424375592
2024-07-29,171985.19787429768,122676.2161807849,221264.22093222116,147671.38350597
2024-07-30,170180.74301968113,121389.10719367777,218942.73453368866,146122.02723491436
2024-07-31,173656.80364286073,123868.5645524347,223414.7929154987,149106.67177246776
2024-08-01,169941.54199831723,121195.13083505734,219919.69483973988,146773.9715889568
2024-08-02,167181.34697053293,119226.6763089362,216779.14416445847,144824.74711083304
2024-08-05,160082.83921705233,115691.8177667103,207893.89030881342,141583.83236225878
2024-08-06,162814.37487937717,117153.28438813396,210402.2138414756,142848.00765766943
2024-08-07,160760.7547626329,115920.78297263537,209019.69495173093,141764.79425425365
2024-08-08,167632.38461164295,119399.29606463606,216479.96930226817,144980.1145553736
2024-08-09,167086.4911690486,119277.01191724186,215646.12986569534,144811.67363074704
2024-08-12,167359.66250848983,119784.10701147869,215943.1544922864,145390.0322692884
2024-08-13,169208.0061707532,120919.02731252674,217730.46271025093,146307.18444984665
2024-08-14,168385.41686955284,120744.194366044,216392.2605245624,145969.5113674042
2024-08-15,171029.84778497642,122830.5726357899,218573.23814003335,147866.76465626422
2024-08-16,172683.83803095602,123742.0116866391,220795.56939599317,148872.7600752268
2024-08-19,171896.90395139475,123217.68772734879,220174.7801473526,148270.7239114943
2024-08-20,170581.12524254608,122466.32289256272,219415.51170850574,147587.3990668358
2024-08-21,170435.4162107232,121982.87643845726,219471.33186050007,147091.16365445865
2024-08-22,169345.6716920457,121304.66735212161,218350.28240166977,146424.34061948536
2024-08-23,173460.8327579974,123431.49860182803,222988.86465067812,148456.02269207902
2024-08-26,170088.95304527335,121032.1317855319,219568.0653517443,146122.77834334873
2024-08-27,169810.03390663446,120833.65812018888,218851.73580265322,145646.06027528658
2024-08-28,168271.50069476553,119855.38985617903,217625.89430101652,144970.71209040502
2024-08-29,169367.81061886137,120517.18469161377,218773.84372254496,145591.3840060763
2024-08-30,169330.56549490814,120599.12953722032,218444.54576932374,145437.0381776378
2024-09-02,169478.44807139674,120695.20637587433,218600.51605310894,145529.72959857876
2024-09-03,168653.65350230937,120364.71601953216,217848.22933787366,145326.6832981609
2024-09-04,169726.3508520804,120986.06147391174,219072.60928835877,145969.34224205898
2024-09-05,167482.5272691442,119870.62439597613,218389.15094931956,146097.92847894612
2024-09-06,162113.56719959574,116624.17855649698,213579.82325801757,143607.26525319903
2024-09-09,164830.75353815223,117873.97770770182,216601.2971524964,144770.81082133553
2024-09-10,166519.6280698228,118889.40902163107,218434.52843288297,145759.89343681303
2024-09-11,166189.97903536074,118800.86155917175,217743.1459114795,145478.53045374245
2024-09-12,168517.48888810395,120244.63560229045,220778.65342164782,147237.15469962414
2024-09-13,167890.2823906098,119442.01233814022,220514.32674586138,146626.08230093203
2024-09-16,165898.60129003078,118549.49309933232,218416.4840879838,145874.9430336724
2024-09-17,166358.22231002874,118436.87197316256,219027.5385155622,145740.3254037779
2024-09-18,167290.12351884792,118791.43352045414,220196.35294439958,146137.94614873084
2024-09-19,170248.9496162086,120892.47323666674,223359.3182109919,148237.1146482032
2024-09-20,169267.54097335102,120195.58248721802,222396.7031330834,147598.25488265173
2024-09-23,169288.0331513583,120210.1338256368,222478.19361733488,147652.3377584121
2024-09-24,170737.86563510454,121239.64875147957,224496.2641002192,148991.67272744566
2024-09-25,168459.53079256517,119621.82065564247,221755.66000936527,147172.81311560943
2024-09-26,170046.23523892974,120748.52731227118,223475.34786355507,148314.1201702802
2024-09-27,167403.22232526302,118871.74411537092,220584.78116728182,146395.7347177021
2024-09-30,167104.00966112866,118659.27549766444,219803.0051503701,145876.89260277993
2024-10-01,166876.61245834146,118497.80248820379,219809.08207539786,145880.92568203207
2024-10-02,167201.3719608954,118728.41171991627,219851.0302533915,145908.76547363037
2024-10-03,169058.997426156,119890.3006746723,221468.4662600571,146789.02745810742
2024-10-04,171657.14248890072,121732.8077137013,224070.2735048148,148513.50210472813
2024-10-07,171314.34727712115,121489.71020551903,224041.151331089,148494.19996374677
2024-10-08,172726.13696832352,122490.89850749973,225345.4699252343,149358.7007261501
2024-10-09,173111.99606503153,122764.5353078279,225628.4697186767,149546.2726416998
2024-10-10,172942.14737524724,122644.08498694903,226027.54836190332,149810.78147633342
2024-10-11,174145.88029458915,123497.72722917834,227603.36950846078,150855.233797051
2024-10-14,174392.05393185126,123672.30434035766,228005.47697685118,151121.75013328355
2024-10-15,173779.71267920188,123238.05488890386,227583.86884282576,150842.30877981632
2024-10-16,174706.60677688813,123895.37342123291,228760.36885221006,151622.09154121036
2024-10-17,173860.61329831427,123295.426573924,229010.52475697757,151787.89456768098
2024-10-18,175484.08123748092,124446.72915069103,230897.12783822438,153038.33277304837
2024-10-21,174943.96534016932,124063.69921254092,230168.59687241077,152555.46334359504
2024-10-22,177352.43636335837,125771.69653615274,232699.1056713893,154232.6814679129
2024-10-23,175577.0494591262,124512.65872685044,230744.7777388341,152937.35531426925
2024-10-24,179448.99081895637,127258.49432798434,234155.62421876096,155198.06017240227
2024-10-25,178719.89117044746,126741.44420103256,233391.99914526346,154691.93041147414
2024-10-28,180247.06983318637,127824.46203413952,235201.2278962076,155891.08500573804
2024-10-29,181560.9173163475,128756.19339535058,236556.97350920914,156789.67153308325
2024-10-30,180856.80824430825,128256.86564799762,235716.5078999438,156232.61195941386
2024-10-31,177942.22591360298,126189.95316602831,233039.92262693538,154458.57452750133
2024-11-01,178996.16818426884,126937.3694978865,234420.2056033239,155373.4243891658
2024-11-04,178425.298090109,126532.52983672086,233672.5723651197,154877.89399703094
2024-11-05,180095.34001013412,127716.86093402658,235859.7229294572,156327.5347050971
2024-11-06,183804.56002418985,130347.3006593532,240717.45886393698,159547.23611682438
2024-11-07,190453.72045490704,135062.63587019296,249425.452845426,165318.8838337182
2024-11-08,189554.63104119574,134425.03537696664,248247.97107385533,164538.45036155265
2024-11-11,193918.28027600396,137519.57176228074,253962.77246419273,168326.21370488495
2024-11-12,193961.70494915062,137550.36691190017,254019.64307159488,168363.90747362995
2024-11-13,196175.7962811881,139120.51744846127,256919.30148632947,170285.79750992887
2024-11-14,194619.60215139345,138016.92293429925,254881.2503282198,168934.97970520586
2024-11-15,194418.40315595415,137874.24015239524,254617.75245361996,168760.33363751526
2024-11-18,194874.58214169962,138197.74518078854,255215.1818439535,169156.30910374247
2024-11-19,195558.70483084346,138682.8993349509,256111.13499800037,169750.1457539504
2024-11-20,195317.2879389235,138511.69552917374,255794.96623296998,169540.589484766
2024-11-21,198518.46229285552,140781.84832581857,259987.34620307252,172319.29378040863
2024-11-22,200687.80997989964,142320.2683473926,262828.4066345923,174202.34514539526
2024-11-25,195520.52933645883,138655.82670604705,256061.13891521588,169717.0084116796
2024-11-26,197282.52899866173,139905.3707853703,258368.72084435183,171246.47088043584
2024-11-27,197880.8331502515,140329.66565119268,259152.2827700161,171765.81476249624
2024-11-28,196665.71805044022,139467.95159344582,257560.92171229652,170711.0626077445
2024-11-29,197763.92209010216,140246.75671190585,258999.17158872366,171664.33285956708
2024-12-02,197165.05252812523,139822.06087824175,258214.86918006162,171144.4981862851
2024-12-03,197620.07068316688,140144.74268903508,258810.77830225189,171539.46602065396
2024-12-04,198758.5308705832,140952.09595773707,260301.74916443593,172527.67967709107
2024-12-05,196975.7446558956,139687.81083495962,257966.94437373444,170980.1739291208
2024-12-06,198086.4652426829,140475.49221922693,259421.58639743674,171944.30887602663
2024-12-09,196746.09225197314,139524.9499628611,257666.18283067516,170780.82954773773
2024-12-10,195108.93486119248,138363.93934041145,255522.0990994708,169359.73348378311
2024-12-11,198126.6845887688,140504.0142711058,259474.25918632562,171979.22033581627
2024-12-12,197068.5078710774,139753.5950282236,258088.43061668548,171060.69486175504
2024-12-13,196805.58591174922,139567.14063515526,257744.09799555418,170832.47162333422
2024-12-16,199103.92730045988,141197.03815223905,260754.0934963156,172827.49294474992
2024-12-17,198317.6417583021,140639.4339341813,259724.34397527674,172144.97622681115
2024-12-18,193428.7122463664,137172.38847616434,253321.61550911027,167901.25566244285
2024-12-19,194179.04956970102,137704.49956561587,254304.28587234885,168552.56837240816
2024-12-20,196296.409055754,139206.0515047852,257077.26057393977,170390.4925992121
2024-12-23,194405.07416070317,137864.78772884692,254600.29629330707,168748.7637158974
2024-12-24,197424.62617093022,140006.1407708053,258554.81671822842,171369.81499710242
2024-12-25,196310.28611467738,139215.89259453572,257095.43449933146,170402.53825464286
2024-12-26,196300.00293977003,139208.6001525462,257081.96726145427,170393.61218591663
2024-12-27,193691.03160778532,137358.41552939493,253665.1589450471,168128.95582988602
2024-12-30,191127.88813139597,135540.730302728,250308.36853539175,165904.0792687443
2024-12-31,192169.91929318276,136279.6997228771,251673.0522695131,166808.58997179108
2025-01-02,193333.3579491326,137104.76678468366,253028.29983919783,167706.84639663753
2025-01-03,195776.38583861914,138837.27054187105,255439.173300437,169227.545460726
2025-01-06,197043.22383060568,139735.66453496038,256681.35877333896,170050.48892656213
2025-01-07,195489.45443404274,138633.78955067036,255781.9262896463,169070.34863877445
2025-01-08,194730.05961533255,138095.255225186,254773.10589062903,168403.52428941597
2025-01-09,194870.9673705771,138195.18172067488,253374.07774499737,167478.77491494472
2025-01-10,193285.12752321814,136776.02976527985,252974.09931619623,166374.0234766066
2025-01-13,192809.11390523397,136439.1841237327,252212.90702331264,165936.64349367394
2025-01-14,193471.1307496585,136907.65284027814,252751.61080960408,166490.7143896644
2025-01-15,198088.2193497351,140174.8832572545,258137.9939828472,169696.20583637743
2025-01-16,197057.46614289744,139445.48243316807,257203.71130868795,169141.20305172892
2025-01-17,200167.82167673344,141646.49027338825,259966.05226246556,171237.70297653213
2025-01-20,199317.64247824255,141044.87059965185,258961.2710622592,170569.29833973135
2025-01-21,199108.02758161307,140896.5389938629,259136.10076058024,170471.32226043922
2025-01-22,199976.84434792615,141511.34733122727,260385.70637156768,170882.77852315787
2025-01-23,200441.06497320527,141839.84779515048,260266.60480257767,171087.8983933189
2025-01-24,201335.65008976983,142472.89081350746,261769.47427584152,171811.64117289998
2025-01-27,195493.58577616097,138338.82021693318,255648.39167870904,167781.71280006735
2025-01-28,199480.01701210754,141159.7730981608,259930.78685477198,170416.5491062556
2025-01-29,198847.5093067739,140712.18618943138,259612.49081909482,170137.23361620592
2025-01-30,200932.11432482908,142187.33330319013,261553.45173046747,171679.3430356975
2025-01-31,199802.70271156172,141388.1179760049,259464.13905096802,170765.1466724719
2025-02-03,201963.66950683176,142917.3016359124,262270.37430926634,172612.05768388778
2025-02-04,204566.28865113197,144759.01557484816,265650.1400801441,174836.43520169638
2025-02-05,203515.40060358524,144277.18160073593,264285.45502436045,174254.48779028084
2025-02-06,203559.87591418478,144363.42691922316,264343.21074046,174358.65279843085
2025-02-07,203335.95187562463,144119.6158514139,264052.4225925054,174064.18369203902
2025-02-10,206066.6984860246,145874.23498573425,267598.5749148623,176183.37021291335
2025-02-11,204935.13618142612,145298.30448742493,266129.1261278305,175487.77529712534
2025-02-12,206921.96407100474,146342.18482062098,268709.22429875546,176748.54869703006
2025-02-13,208103.1118713247,147380.21129972924,270243.06489722006,178002.25195365667
2025-02-14,205346.10759038216,145441.40577602948,266662.8143179911,175660.60956981665
2025-02-17,205358.1725189462,145682.51291896176,266678.48185531714,175951.812941189
2025-02-18,205803.0077924591,146051.7513824805,267256.1457191946,176397.77022022006
2025-02-19,204483.203346431,144965.11839607128,265542.2453582036,175085.36120056815
2025-02-20,203257.7611710812,143802.12539927172,263950.8840068865,173680.72640861737
2025-02-21,198748.41342119797,141013.95803723502,258095.0371353158,170313.24535475398
2025-02-24,195688.45972541545,139535.8510615262,254121.3759163372,168528.02352623118
2025-02-25,192133.30729370165,137415.86684852172,249504.64875313552,165967.55790677603
2025-02-26,192996.55930049263,138621.00977253012,250625.66931835472,167423.1003605946
2025-02-27,189767.99273251576,136249.96415679462,246433.0471287632,164559.40885571932
2025-02-28,192580.82315607055,138198.10828075744,250085.7936343878,166912.33017492155
2025-03-03,193267.28245793548,138350.1268432555,250977.23088390808,167095.9345151839
2025-03-04,190753.3709726361,136440.47262711576,247712.66103409397,164789.50037502404
2025-03-05,191692.59171860822,136725.2207823082,248932.3347368279,165133.41230469837
2025-03-06,187010.08084226793,133517.5083273121,242851.61792650356,161259.2148424089
2025-03-07,186607.67304118123,133666.18788925334,242329.05045249357,161438.78641861732
2025-03-10,180419.36335902737,130491.93330650113,234292.90068039187,157604.99856459524
2025-03-11,182944.86642309267,131524.7081147456,237572.52337465668,158852.35898026632
2025-03-12,184006.82535204233,132226.13643354774,238951.58509638516,159699.52712604223
2025-03-13,182298.60709404122,131395.25149435533,236733.28988011254,158696.0044075828
2025-03-14,185506.22640371756,133273.04789599718,240898.70992345345,160963.9614504924
2025-03-17,186523.1006749026,134001.34198945883,242219.22462978857,161843.57742863125
2025-03-18,185062.97823053604,133189.44625882665,240323.10707084104,160862.9894166479
2025-03-19,188579.9546729023,135038.03773841227,244890.25882753395,163095.67346158647
2025-03-20,187679.68332590276,134842.27359001964,243721.16488239996,162859.23426151765
2025-03-21,189369.61715443022,136008.0734298935,245915.71590659197,164267.25909059553
2025-03-24,193369.34387042944,138255.5734961901,251109.76801260407,166981.73527120825
2025-03-25,194389.2998629987,138955.26037734898,252434.28464771638,167826.8001507491
2025-03-26,191441.37670440302,136999.65068179698,248606.10648018858,165464.86209488133
2025-03-27,193128.47766833982,138082.1338878569,250796.97874147055,166772.25911027045
2025-03-28,188915.95016216394,135596.1426427381,245326.5831573011,163769.7390564195
2025-03-31,190716.1640086561,137099.7960487953,247664.34400562168,165585.8152451803
2025-04-01,190847.93306968705,136771.81694847203,248440.1212667145,165276.78654784148
2025-04-02,192393.52327522964,138232.43684580794,249874.3748767093,166700.60429894386
2025-04-03,188875.6605768576,135536.2840360006,246328.7365371015,164288.90450157877
2025-04-04,178172.22178028783,131036.06803170861,234440.1524067755,160018.6022152974
2025-04-07,178992.61826171703,131443.0069211937,234679.31500241492,160228.76480024165
2025-04-08,177930.5771695033,131452.11753254477,231513.6928275742,160362.01231308145
2025-04-09,192341.092711267,136885.79527341895,246480.51973780416,165507.53392007938
2025-04-10,184985.53472959873,134861.91610857446,241636.01424223732,163944.9690515999
2025-04-11,186363.2292506652,135350.1917183241,243330.74227155774,164536.92476531796
2025-04-14,185786.0392297908,134812.50240110318,242508.40272599316,163860.05708813484
2025-04-15,187088.37747884178,135462.71135382674,243761.3373592768,164499.34087711733
2025-04-16,186573.2298986327,135893.98727403802,244495.87845138152,165325.7648292324
2025-04-17,184294.9497914097,134728.6435771501,242396.1907187777,164080.8436947772
2025-04-18,184198.35935663868,134728.6435771501,242230.81784766208,164080.8436947772
2025-04-21,183555.203978245,134844.21920380899,241795.188416961,164614.5309282813
2025-04-22,187783.2448417653,136796.61098971363,246197.92222131116,166575.4653444342
2025-04-23,190736.57289248088,137550.84930883168,248836.30638287571,166983.48354920378
2025-04-24,195369.61867080798,139581.84779220307,253290.9680398879,168971.92008123276
2025-04-25,193839.05168561946,138649.19838156403,251662.45387237502,167901.314581907
2025-04-28,196709.62237161543,140171.87365963843,254890.04686729726,169552.48408058597
2025-04-29,194914.8184907547,139195.3726927215,253202.38087589465,168481.05613382443
2025-04-30,194403.25097108583,138995.07130351113,253835.91132972608,168298.53688620808
2025-05-01,192223.84669974304,137777.03417885437,251362.99198237516,166947.28541858325
2025-05-02,196134.14644654837,140579.75356625018,254966.89117929712,169503.0405218709
2025-05-05,193320.77595308895,138563.26159977418,252411.50497461655,167804.20923676726
2025-05-06,192921.32018284517,138276.95044611287,252653.2425320372,168014.57963655153
2025-05-07,191200.27120704897,137043.38329181419,251851.2285458633,166673.86368755804
2025-05-08,193171.53840873373,138456.29513020028,253388.30568817208,167971.4934175151
2025-05-09,194930.67494491246,139717.1616607143,255753.07044332134,169320.08073347472
2025-05-12,194867.07398706707,139671.57547828523,254868.43404106473,168734.4114909111
2025-05-13,200368.4729053724,143614.72009750005,260688.979495311,172460.06824196858
2025-05-14,198417.41731094668,142216.2949908694,258244.58663878936,170849.09802086075
2025-05-15,201454.84129214115,144393.37798477281,260666.92908462934,173023.35802846437
2025-05-16,200790.94456948034,143917.52796397833,259576.10459091634,172264.449043003
2025-05-19,201570.14636893306,144476.02325370748,260454.37426753473,173069.1535164964
2025-05-20,201572.3952656445,144477.63515735208,261279.29315394504,173329.72058831967
2025-05-21,198846.93545102046,142524.15344069965,258950.85148485904,171807.9044535818
2025-05-22,197477.27909492367,141542.4480288732,257514.9956755444,170894.01472038645
2025-05-23,198107.66457470192,141994.2787631157,258708.04186757022,171502.3113070494
2025-05-26,196752.75105214134,141023.14032263483,257461.67869904434,170601.88071821773
2025-05-27,197288.70690250144,141407.288329145,257109.0650160041,170624.2924467356
2025-05-28,197217.5753625311,141356.30457878334,257034.62829558365,170574.74748096734
2025-05-29,197450.92309849637,141523.5572872564,257155.84886467233,170783.73911784097
2025-05-30,195908.176866565,140417.78917380213,254710.7513736608,169474.1727507223
2025-06-02,200001.22087382825,143351.49107274043,260032.33790042214,173014.9399522654
2025-06-03,199589.46577448206,143056.36433706255,259496.99296273818,172658.7432076797
2025-06-04,200306.10382737542,143570.01686874655,260428.73261666673,173278.68487177123
2025-06-05,196222.27042538344,140642.91669950544,255119.1212929152,169745.88548317933
2025-06-06,197783.82462804913,141762.16548391283,257149.38184984223,171096.7382701073
2025-06-09,201659.84988086947,144540.3185221781,262188.81062856846,174449.76918381976
2025-06-10,201396.8057459945,144351.78082832045,261846.81280943673,174222.2177468768
2025-06-11,201184.47961244546,144199.59541812658,261570.75619006768,174038.54090187664
2025-06-12,200160.65298715472,143465.7645310242,260239.62416089373,173152.85979792
2025-06-13,198759.86191989316,142461.74321907433,258418.38039778767,171941.07828314207
2025-06-16,201509.96813030972,144432.8903158229,261993.94130808944,174320.11106493563
2025-06-17,200301.0563729259,143566.3990902235,260422.1701498217,173274.3184732829
2025-06-18,203002.6939117058,145502.80611729118,263934.7143347978,175611.42248946126
2025-06-19,203437.60043487695,145814.52670730287,264500.1596830524,175987.64682280557
2025-06-20,203481.72730210112,145846.15477529823,264557.5313950769,176025.81962620004
2025-06-23,208362.4014993129,149344.39303881332,270903.15826918423,180247.9416185947
2025-06-24,209705.36796296138,150306.96838802155,272649.2211568937,181409.7008371178
2025-06-25,209772.93250616817,150355.39548246638,272737.0654513059,181468.1488572586
2025-06-26,210980.48907771346,151220.91537444197,274307.07465961983,182512.76911908525
2025-06-27,209011.65504479565,149809.74751726387,271747.2877029166,180809.5910060069
2025-06-30,210721.55486450208,151035.3234795954,273970.420370563,182288.77304968814
2025-07-01,206521.08552568732,148024.6241433934,268509.16439583024,178655.07547898762
2025-07-02,209110.07886019934,149880.29309010357,271875.2537958868,180894.73443881964
2025-07-03,209472.57390941476,150140.11253312737,272346.553094526,181208.3178204559
2025-07-04,209899.71271705496,150446.26558910738,272901.8992182817,181577.82254063842
2025-07-07,209491.19946222205,150153.46245546942,272370.7691769079,181224.4302166025
2025-07-08,211549.25377017335,151628.5792195796,275046.55620902916,183004.79006117224
2025-07-09,214000.46157304812,153385.48996210404,278233.50323303445,185125.25497119618
2025-07-10,215622.05374327107,154547.77114467736,280341.8223787966,186528.0447678404
2025-07-11,216201.4958078104,154963.08802913968,281095.186153586,187029.3023779893
2025-07-14,215590.9535196203,154525.47996358576,280301.3873063015,186501.14091543423
2025-07-15,216978.61994475286,155520.0941478653,282105.56701668823,187701.5687036703
2025-07-16,218420.87464040378,156553.83464317286,283980.7198718529,188949.2191353711
2025-07-17,218505.15434307067,156614.24237964407,284090.2964435672,189022.12692879554
2025-07-18,217692.2202573871,156031.56936986223,283033.3571412187,188318.88251156063
2025-07-21,218017.4774873379,156264.6984912342,283456.2415493917,188600.25259451868
2025-07-22,215637.9140267558,154559.13905171535,280362.4431858911,186541.76501406066
2025-07-23,215862.45587438333,154720.08011259988,280654.3821117635,186736.0092997421
2025-07-24,216212.4911645672,154970.96898496128,281109.4818079378,187038.81412487134
2025-07-25,217221.2971329289,155694.03376994558,282421.0846736347,187911.50131786452
2025-07-28,218866.42893880885,156873.18705887903,284560.0089650378,189334.65453345136
2025-07-29,218448.1384656896,156573.37607392014,284016.16703661636,188972.8042368725
2025-07-30,219084.94244734084,157029.8072891493,284844.1101232114,189523.68388733346
2025-07-31,220479.21299917603,158029.15500158392,286656.8762137152,190729.8247036196
2025-08-01,216026.19818056677,154837.44291488946,281791.08880977705,188218.01486782767
2025-08-04,217318.77833323175,155763.90372050848,283074.62768313865,188970.97666380237
2025-08-05,216360.72262380508,155077.21433992864,282544.1901791902,188337.7642397212
2025-08-06,215574.8016957075,154513.9030940481,282760.11425636255,187914.25286396657
2025-08-07,217609.89937455356,155972.56562353985,284987.9843341806,189394.83134743542
2025-08-08,218838.86177192803,156853.42820710927,285991.23213825916,190061.56103113445
2025-08-11,218379.44550460478,156524.14018248563,285157.1327681578,189507.24253979023
2025-08-12,221527.4462349256,158780.47940190593,288180.4533543718,191516.4545908632
2025-08-13,221776.55423587747,158959.0283288504,289087.92842565285,192119.5364663283
2025-08-14,219581.47049586245,157385.6952972526,285029.2475031202,189422.25366469714
2025-08-15,219494.33792741943,157323.2427604494,284667.9616045542,189182.1534303417
2025-08-18,218862.04021297814,156870.04142612245,283416.92042596266,188350.74738498995
2025-08-19,213812.40352604343,153250.6987776875,277731.3189415099,185104.49461938604
2025-08-20,214012.145561094,153164.373960435,279893.56523295905,185218.5411673917
2025-08-21,212626.3806644743,152172.60869267123,280182.14266347885,185409.50622459204
2025-08-22,217987.7011228858,155357.9701953455,285985.10549350263,188455.63645495937
2025-08-25,213697.05351697656,152300.0623434626,282026.6303002576,185847.11962102546
2025-08-26,216409.19751186026,153943.5401931433,284483.4520473902,187112.8920609708
2025-08-27,216412.9590770563,154049.73401018995,283755.9144642909,186760.19227084517
2025-08-28,217967.16623422486,154987.28009643685,285784.80860804627,187890.92468177425
2025-08-29,214498.30531380489,153154.52598533823,282078.1416893277,186222.31793726495
2025-09-01,215063.71827470642,153410.89716099476,282821.69365849055,186534.04254530973
2025-09-02,215788.93079190198,153673.71706012762,283775.3916323794,186853.60822906398
2025-09-03,218035.23053193392,155186.8410667717,286729.4105716826,188693.43279860207
2025-09-04,218741.7410998999,155847.59029627175,287658.5143601912,189496.8452495311
2025-09-05,219174.6221270412,156166.22749119904,288227.7788843558,189884.27981366584
2025-09-08,219600.8077129555,156362.54744880128,288788.23850157094,190122.98746743464
2025-09-09,218932.00883267014,156155.83177532308,287908.7278451171,189871.63954531867
2025-09-10,221730.7678338704,157772.28683164023,291589.26386119367,191837.10550521858
2025-09-11,222790.49307123155,158311.4324075293,292982.86613333656,192492.6587002792
2025-09-12,224020.51472255663,159185.46651387372,294600.41840786766,193555.40664189254
2025-09-15,226466.1175480408,160923.27354982527,297816.53286300757,195668.42584443022
2025-09-16,227450.07979087107,161622.461697174,299110.5022514555,196518.57660971684
2025-09-17,224487.93529547664,159517.60824674406,295215.1045071529,193959.2615262381
2025-09-18,229874.6913901608,163345.35269680357,302299.01198464644,198613.4592352227
2025-09-19,231458.98006874166,164471.12340001302,304382.44665654167,199982.29654818328
2025-09-22,232056.97648804347,164896.0502827053,305168.8478285544,200498.96994415196
2025-09-23,231137.705876361,164416.98351720907,303959.9518166552,199916.4672532033
2025-09-24,231376.07826581504,164325.54623668612,304273.4258114677,199805.2876310843
2025-09-25,232286.48927957623,165488.47250437096,305470.67092051206,201219.30281454112
2025-09-26,234865.71738851155,167157.8533146142,308862.5106410962,203249.12179640558
2025-09-29,237693.81313484558,168472.6935003252,312581.6262372699,204847.85082857017
2025-09-30,238346.76200939898,168975.75784422457,313440.2931851636,205459.53244613792
2025-10-01,244164.79666647167,172283.57974640853,321091.35784952174,209481.5504569365
2025-10-02,244411.33815044953,172457.5403254748,321415.5746937903,209693.07108980717
2025-10-03,244959.7079366498,172844.4720661729,322136.7138656064,210163.54576349197
2025-10-06,250246.62556631668,176574.94061650868,329089.3277711532,214699.46460732754
2025-10-07,250515.27782459423,176764.50263935115,329442.6216103036,214929.955211895
2025-10-08,255245.68163531384,180102.29298948948,335663.3864523185,218988.4121970375
2025-10-09,253132.15541596667,178610.98110535074,332883.9726593148,217175.10923360902
2025-10-10,247385.77892476498,174556.31669020504,325327.1427826683,212244.9969761465
2025-10-13,253469.07975558087,178612.96110523603,333327.04838184436,217177.5167378325
2025-10-14,252060.46597056076,177620.34820176588,331474.6367357237,215970.58749751514
2025-10-15,255849.4890771549,180651.75905709644,336457.42946764,219656.51419454196
2025-10-16,255814.46108305414,181088.41467048903,336411.36555366835,220187.44868663835
2025-10-17,254324.73756432225,180337.90050945524,334452.289741018,219274.89004161445
2025-10-20,262663.55455717514,185408.69144523554,345418.33442743233,225440.5220120773
2025-10-21,254424.49477637076,180069.1788828306,334583.47646043554,218948.14838074637
2025-10-22,253874.98294077723,179629.77375440174,333860.8354251428,218413.87072226327
2025-10-23,257631.72872879487,181935.3814328811,338801.1815464463,221217.28513903008
2025-10-24,261054.72659999438,184182.07673482268,343302.62913178693,223949.0673317834
2025-10-27,261913.50823288836,184345.42448319402,344431.9785071551,224147.68370394636
2025-10-28,262317.334101617,184629.65362315072,344963.03375465644,224493.28112542327
2025-10-29,261510.98585651725,184690.67520019753,343902.6374303152,224567.47795015786
2025-10-30,259826.31939805258,183760.80526803073,341687.19995506416,223436.83859729377
2025-10-31,259478.3287614519,183359.87241492193,341229.57138800394,222949.33981289438
2025-11-03,260703.96759699314,184693.62514994596,341978.28623135504,224007.15787923452
2025-11-04,253611.41722249737,180460.2170090811,334204.6588978634,219874.8497017524
2025-11-05,258102.75221109204,183207.52549083543,338325.06290673435,222039.1594632103
2025-11-06,252742.62086704664,179898.00940485758,333349.53782877966,219373.97567610882
2025-11-07,252718.1460071337,179580.58927028865,332849.4349323756,218679.0332269652
2025-11-10,260115.9262119667,184381.54575396545,341276.4469073182,223660.36955759252
2025-11-11,257357.07341412047,182958.7193910705,338296.1950109115,222353.4841764505
2025-11-12,259732.64311038877,184878.97533604893,340114.63194896147,223829.9586830568
2025-11-13,252740.84125081426,180265.25057447597,333175.6485728755,219702.97120612138
2025-11-14,249639.52686489347,179011.51562158947,328028.9728423706,217477.0393851759
2025-11-17,246838.38695389967,177423.58057638357,326250.08510579827,216808.7769627886
2025-11-18,244722.82987951432,175688.45833288014,323965.10451017413,215028.1913209848
2025-11-19,244361.79200000083,175762.80122143566,323668.16997896094,215239.32352296665
2025-11-20,237610.1696477197,171799.47163698447,317238.48986871535,212057.06833025368
2025-11-21,238931.36504586018,173060.37370902885,317065.3300989286,212318.57696490915
2025-11-24,246248.8856684136,177752.53188824386,324343.750792899,216446.55761948414
2025-11-25,247175.61596333218,178619.35989053734,325598.00941970624,217524.5214420172
2025-11-26,250544.99521498304,180444.66056841778,328422.7862992243,218669.37018048688
2025-11-27,250135.8545200469,180042.19173606706,327766.29346806154,218101.6277123363
2025-11-28,253922.6257324199,182834.4646903737,331881.04147333896,220920.3824092741
2025-12-01,251115.47859399463,181805.14767387725,328212.0540675012,219676.65022076215
2025-12-02,252006.4568252582,181436.08152005542,329376.5772464378,219230.70456180384
2025-12-03,254638.76268774658,182898.7458297223,332817.0442335728,220998.05383687193
2025-12-04,251958.2069016677,181312.0135672676,329313.51380399725,219080.79223744504
2025-12-05,253706.29775813708,183040.14935468452,331598.2972586487,221168.9128751915
2025-12-08,251675.7129863218,181417.23063142394,328944.28961783246,219207.92687854657
2025-12-09,253390.4940921169,182213.57339699485,331185.53668137616,220170.15436993729
2025-12-10,254249.66080525113,183019.96813561008,332308.48168374354,221144.52774275513
2025-12-11,255254.6680726583,183680.5983506358,333622.0426853805,221942.7726468642
2025-12-12,251352.41367813424,181379.5954119483,328521.732113162,219162.45193435217
2025-12-15,249428.21158881503,180797.70591093003,326006.7683852688,218459.35008042873
2025-12-16,248792.7781954841,180097.37002162565,325176.24650578946,217613.12848461486
2025-12-17,244906.2677666184,177649.39850662992,320096.5135552166,214655.22443662415
2025-12-18,247624.84591604501,179733.85490031628,323649.73983804946,217173.89018374408
2025-12-19,251245.1338566176,181859.1341730145,328381.51562480716,219741.88255020583
2025-12-22,253523.61970596443,183428.5668836756,331359.5340447189,221638.2409593933
2025-12-23,251844.07163169162,182598.0074607245,329164.33713193337,220634.66920041054
2025-12-24,252638.29332435937,183138.3822086493,330202.39792609453,221287.60843786792
2025-12-25,252529.51833497413,183138.3822086493,330060.2272287835,221287.60843786792
2025-12-26,252295.07524655838,182995.59911597797,329753.80626245483,221115.08245657684
2025-12-29,248437.01000662238,180228.53880018176,324711.2516409091,217771.62079495608
2025-12-30,254159.4368107518,183762.105200598,332190.55744137266,222041.25804179852
2025-12-31,250285.64841248884,181261.9338430378,327127.4523937049,219020.28049614662
2026-01-02,252381.0660362311,182245.30372615118,329304.23740387463,219832.24749307707
2026-01-05,256347.96346081625,184339.10372075366,334958.3598200019,222677.08056284365
2026-01-06,257026.95000748284,184942.34270213105,335527.5969205953,223194.3988822804
2026-01-07,254379.18945837437,183037.16101261508,331921.48791381123,220795.59967929378
2026-01-08,255089.27330768743,183528.3831211593,333103.2208809824,221557.9117195762
2026-01-09,257396.40118093777,185239.4996493721,335422.5953288613,223162.42963795667
2026-01-12,259997.3807239568,186995.95391304532,338514.1503932243,225080.2899466706
2026-01-13,258936.41968668,185485.91931588028,337605.96939708665,223577.3364413497
2026-01-14,261556.01257918813,187362.4324633478,341032.57289968693,225846.5821111468
2026-01-15,259803.3243007437,186106.91577320892,339402.59210017486,224767.13802946702
2026-01-16,259482.04844428727,185876.77376514018,339327.07695286354,224717.12861900844
2026-01-19,258633.67474772304,185269.0517026314,338036.6885671279,223862.57738351682
2026-01-20,256481.46287313447,183727.34119854835,336856.75668372936,223081.17524141728
2026-01-21,259194.62427122798,185585.99176303853,339511.802574676,224736.38970462637
2026-01-22,264589.7089430002,189263.44270641007,345211.04617487657,228284.33245731518
2026-01-23,263892.9578574115,188889.4206944492,344734.5584272098,228119.2484269173
2026-01-26,265812.26685911213,190449.28215489836,346957.877843402,229815.1722925571
2026-01-27,266969.0221910635,191094.7363896641,348853.0282362162,230849.23243748004
2026-01-28,268091.7130841956,192058.54933766185,351000.32521604846,232463.7047695439
2026-01-29,268259.4895853224,193056.47212240138,350382.9385907673,233117.2015876424
2026-01-30,259027.621307656,186437.3902937672,338381.24328245874,225162.10936649446
2026-02-02,259769.59476328766,188096.00016722723,337867.3839969491,226178.33336500806
2026-02-03,264102.5589609876,191903.255834682,343711.6906189913,230896.10366137445
2026-02-04,265548.73364726634,193517.23440313767,345950.3834652639,233077.576770963
2026-02-05,260029.18769253086,192192.51992958924,339544.33783168066,232010.719398565
2026-02-06,268459.012023253,195940.99908112542,349619.22168089193,235898.4736803737
2026-02-09,266617.43208069523,194913.34977229283,349699.059589867,236333.34949057814
2026-02-10,260081.818285577,190710.57373442882,343354.2221963855,232742.75846267384
2026-02-11,261611.85231787755,192296.30367852675,344854.8803842645,234326.00011818658
2026-02-12,255888.0752297068,188407.51963064913,339548.7986610826,231108.6096536486
2026-02-13,258031.53190070155,189229.44986937524,342314.0357388828,232063.04907649464
2026-02-16,257818.48131502993,189092.4615274918,342275.17681434145,232060.31793181796
2026-02-17,255583.65554712762,187791.04893097514,339990.93228854664,230926.0284965856
2026-02-18,258923.26020062182,190423.4240597046,344285.72858522664,234062.71621788316
2026-02-19,257408.09160620748,189193.31823104745,343803.41452454217,233592.49553988592
2026-02-20,259055.94715535236,190163.7308713887,345628.56162043696,234535.31735725116
2026-02-23,258145.94017934203,190482.1567075473,344785.7535238014,235180.00447649066
2026-02-24,256938.52992451325,189824.1644323222,343602.31109095307,234660.37150079303
2026-02-25,261444.92609570705,191932.5535991734,349556.41027569823,237217.39857415418
2026-02-26,259825.10914563923,190904.80201658167,347906.7813446883,236297.39193977273
2026-02-27,260032.36164048203,191483.95808580483,348538.4262000682,237254.78367488197
2026-03-02,261799.37591830522,191908.6363751216,347795.57649118133,235663.07360303742
2026-03-03,258194.0095683772,189280.97043817988,343518.08418714174,232783.35117309002
2026-03-04,263876.764506346,192074.8478246728,346180.56548285525,232900.0861670999
2026-03-05,261134.99935674638,190561.10989396938,344471.4910262161,232334.69784245256
2026-03-06,261095.97970125944,191161.5104993335,344778.25335882173,233308.33175835578
2026-03-09,261331.9136170221,191329.1618525899,343492.96622235945,232432.3800785249
2026-03-10,265143.35303672455,193628.28427560683,349498.51984426565,235899.26872984596
2026-03-11,263518.4893943392,192468.8348548738,347386.2949765274,234506.67078940355
2026-03-12,263391.38689206436,192070.38608800274,349034.0721275202,235246.6534300852
2026-03-13,265165.01344380865,193107.24878785005,349636.1314375337,235338.27524434344
2026-03-16,268528.7113817276,194400.68219391786,353085.2478888193,236250.8179808847
2026-03-17,267864.72501520254,194135.80239550173,354668.7243001571,237572.599530956
2026-03-18,263305.83463002613,191552.09213720728,349356.7284775844,234895.92914153668
2026-03-19,261000.3088777275,189954.02231696268,345233.6578469185,232220.8027614477
2026-03-20,255498.6608148544,185959.53579009848,339946.25921611884,228675.94383482015
2026-03-23,256411.70573317367,186300.27451243738,339143.1609699431,227737.53096248172
2026-03-24,252003.43315355957,183468.145118287,334869.9870575899,225321.30264602377
2026-03-25,256490.0746919246,186494.18173144714,341827.3280786386,229707.38026435094
2026-03-26,250786.66220880777,182839.59375288774,335097.73821103614,225791.56457011699
2026-03-27,251402.75684525995,183838.5808505409,336655.1894289289,227519.96260428664
2026-03-30,250983.51986783106,183434.1695486209,337496.5781624598,227967.50194871842
2026-03-31,257898.10227435807,188126.31656260177,345169.7258987964,232701.24648263902
2026-04-01,260211.19793980115,190050.56600803975,348265.5633236462,235081.43046050338
2026-04-02,260162.38238666437,190295.4192989453,348200.22879443783,235384.29965520283
2026-04-03,260178.92487108914,190295.4192989453,348222.3691854071,235384.29965520283
2026-04-06,263322.22195978137,191992.01730763508,352429.34467283497,237482.892125495
2026-04-07,263647.4010895485,191437.60647933933,352864.5630404766,236797.11836898307
2026-04-08,265628.9173800886,192876.40972296387,355516.6160367492,238576.83379823447
2026-04-09,268981.6615871007,195310.87834839083,360003.9146587144,241588.12904926983
2026-04-10,268596.3371776821,195031.0895761431,359488.1981039658,241242.04670819428
2026-04-13,272014.5668012327,197513.10796443376,364063.1421295909,244312.1582337972
2026-04-14,272745.3387372954,198043.73041602623,365041.20418836846,244968.50716016418
2026-04-15,272992.7768552862,198223.39826355345,365372.3743156808,245190.74577534766
2026-04-16,274725.27197038854,199481.38418225283,367691.1384272705,246746.80075312924
2026-04-17,276721.30617652857,200930.72906217657,370362.62214018684,248539.55556970084
2026-04-20,275462.65769460204,200016.80898641207,368678.05235204886,247409.0899086399
2026-04-21,272110.7737535946,197582.96501066565,364191.9051064545,244398.56731271168
2026-04-22,278199.19475195155,202003.84205457824,372340.6219392898,249866.93355440447
2026-04-23,279043.5304904942,202616.92457382017,373470.677309489,250625.28075978786
2026-04-24,286348.52190569986,207921.16829516867,383247.6468266869,257186.31989646162
2026-04-27,285628.10622153693,207398.06564490026,382283.4455315134,256539.2725243555
2026-04-28,282362.1686542742,205026.6283836038,377912.3285478941,253605.94338283996
2026-04-29,284581.56484762044,206638.15913766294,380882.75899682846,255599.31263636422
