,One-model US cap 70% / TH cap 30%,One-model US cap 70% / TH cap 30% + daily exposure,One-model US cap 70% / TH cap 40%,One-model US cap 70% / TH cap 40% + daily exposure,One-model US cap 80% / TH cap 30%,One-model US cap 80% / TH cap 30% + daily exposure,One-model US cap 80% / TH cap 40%,One-model US cap 80% / TH cap 40% + daily exposure
2006-12-29,10000.0,10000.0,10000.0,10000.0,10000.0,10000.0,10000.0,10000.0
2007-01-03,9718.039743240724,9718.039743240724,9718.039743240724,9718.039743240724,9740.478445762801,9740.478445762801,9740.478445762801,9740.478445762801
2007-01-04,9743.391241508154,9743.391241508154,9743.391241508154,9743.391241508154,9801.331076018223,9801.331076018223,9801.331076018223,9801.331076018223
2007-01-05,9650.523435692481,9650.523435692481,9650.523435692481,9650.523435692481,9742.763472041828,9742.763472041828,9742.763472041828,9742.763472041828
2007-01-08,9680.460204067134,9680.460204067134,9680.460204067134,9680.460204067134,9764.11680758315,9764.11680758315,9764.11680758315,9764.11680758315
2007-01-09,9798.797207195816,9798.797207195816,9798.797207195816,9798.797207195816,9893.456544540104,9893.456544540104,9893.456544540104,9893.456544540104
2007-01-10,9802.157107488832,9802.157107488832,9802.157107488832,9802.157107488832,9915.095659477764,9915.095659477764,9915.095659477764,9915.095659477764
2007-01-11,9738.330608166123,9738.330608166123,9738.330608166123,9738.330608166123,9863.518769372065,9863.518769372065,9863.518769372065,9863.518769372065
2007-01-12,9894.21014689962,9894.21014689962,9894.21014689962,9894.21014689962,10006.341478900102,10006.341478900102,10006.341478900102,10006.341478900102
2007-01-15,9895.314729386715,9895.314729386715,9895.314729386715,9895.314729386715,10007.458579648253,10007.458579648253,10007.458579648253,10007.458579648253
2007-01-16,9851.691192972427,9851.691192972427,9851.691192972427,9851.691192972427,9968.732086282338,9968.732086282338,9968.732086282338,9968.732086282338
2007-01-17,9861.357448041206,9861.357448041206,9861.357448041206,9861.357448041206,9951.20588932156,9951.20588932156,9951.20588932156,9951.20588932156
2007-01-18,9541.011268645043,9541.011268645043,9541.011268645043,9541.011268645043,9609.00702793148,9609.00702793148,9609.00702793148,9609.00702793148
2007-01-19,9653.378326166447,9653.378326166447,9653.378326166447,9653.378326166447,9711.11498835465,9711.11498835465,9711.11498835465,9711.11498835465
2007-01-22,9601.150978977505,9601.150978977505,9601.150978977505,9601.150978977505,9644.238340376984,9644.238340376984,9644.238340376984,9644.238340376984
2007-01-23,9673.790275890336,9673.790275890336,9673.790275890336,9673.790275890336,9693.885869780885,9693.885869780885,9693.885869780885,9693.885869780885
2007-01-24,9809.35983305383,9809.35983305383,9809.35983305383,9809.35983305383,9861.037112045764,9861.037112045764,9861.037112045764,9861.037112045764
2007-01-25,9373.489005522673,9373.489005522673,9373.489005522673,9373.489005522673,9404.656827935793,9404.656827935793,9404.656827935793,9404.656827935793
2007-01-26,9063.129981167098,9063.129981167098,9063.129981167098,9063.129981167098,9107.717725970651,9107.717725970651,9107.717725970651,9107.717725970651
2007-01-29,9333.421173577995,9333.421173577995,9333.421173577995,9333.421173577995,9377.410614506092,9377.410614506092,9377.410614506092,9377.410614506092
2007-01-30,9384.621074422175,9384.621074422175,9384.621074422175,9384.621074422175,9429.18339347506,9429.18339347506,9429.18339347506,9429.18339347506
2007-01-31,9627.376207530962,9627.376207530962,9627.376207530962,9627.376207530962,9673.09931090605,9673.09931090605,9673.09931090605,9673.09931090605
2007-02-01,9734.610657810952,9734.610657810952,9734.610657810952,9734.610657810952,9741.197269785935,9741.197269785935,9741.197269785935,9741.197269785935
2007-02-02,9668.300576240841,9668.300576240841,9668.300576240841,9668.300576240841,9688.21728069772,9688.21728069772,9688.21728069772,9688.21728069772
2007-02-05,9582.500415019595,9582.500415019595,9582.500415019595,9582.500415019595,9569.087135714362,9569.087135714362,9569.087135714362,9569.087135714362
2007-02-06,9434.056560405761,9434.056560405761,9434.056560405761,9434.056560405761,9422.83910652275,9422.83910652275,9422.83910652275,9422.83910652275
2007-02-07,9542.493202602564,9542.493202602564,9542.493202602564,9542.493202602564,9529.707118070286,9529.707118070286,9529.707118070286,9529.707118070286
2007-02-08,9496.448954533207,9496.448954533207,9496.448954533207,9496.448954533207,9476.188689428162,9476.188689428162,9476.188689428162,9476.188689428162
2007-02-09,9272.050510392472,9272.050510392472,9272.050510392472,9272.050510392472,9223.003959380612,9223.003959380612,9223.003959380612,9223.003959380612
2007-02-12,9265.03935979931,9265.039359799312,9265.03935979931,9265.039359799312,9217.015560117678,9217.015560117678,9217.015560117678,9217.015560117678
2007-02-13,9245.179482541236,9245.179482541236,9245.179482541236,9245.179482541236,9197.975464335952,9197.975464335952,9197.975464335952,9197.975464335952
2007-02-14,9280.919255360333,9280.919255360335,9280.919255360333,9280.919255360335,9242.028234585505,9242.028234585505,9242.028234585505,9242.028234585505
2007-02-15,9256.354190658296,9256.354190658298,9256.354190658296,9256.354190658298,9211.40516995311,9211.40516995311,9211.40516995311,9211.40516995311
2007-02-16,9251.13911621571,9251.139116215712,9251.13911621571,9251.139116215712,9211.730583415232,9211.73058341523,9211.730583415232,9211.73058341523
2007-02-19,9347.138295518786,9347.138295518787,9347.138295518786,9347.138295518787,9307.320819910414,9307.320819910414,9307.320819910414,9307.320819910414
2007-02-20,9334.596856753762,9334.596856753764,9334.596856753762,9334.596856753764,9315.10074331275,9315.10074331275,9315.10074331275,9315.10074331275
2007-02-21,9499.889033398407,9499.889033398409,9499.889033398407,9499.889033398409,9456.839943935998,9456.839943935998,9456.839943935998,9456.839943935998
2007-02-22,9488.721940625712,9488.721940625714,9488.721940625712,9488.721940625714,9447.12343747309,9447.12343747309,9447.12343747309,9447.12343747309
2007-02-23,9447.233519870331,9447.233519870333,9447.233519870331,9447.233519870333,9389.088452520884,9389.088452520884,9389.088452520884,9389.088452520884
2007-02-26,9504.891209371423,9504.891209371423,9504.891209371423,9504.891209371423,9434.25474316452,9434.25474316452,9434.25474316452,9434.25474316452
2007-02-27,9243.628678987772,9243.628678987772,9243.628678987772,9243.628678987772,9144.035769333193,9144.035769333193,9144.035769333193,9144.035769333193
2007-02-28,9208.662166926646,9208.662166926648,9208.662166926646,9208.662166926648,9132.190848886969,9132.190848886969,9132.190848886969,9132.190848886969
2007-03-01,9057.257935166104,9057.257935166106,9057.257935166104,9057.257935166106,8982.043920407797,8982.043920407797,8982.043920407797,8982.043920407797
2007-03-02,8906.85992870155,8906.85992870155,8906.85992870155,8906.85992870155,8832.894861247032,8832.894861247032,8832.894861247032,8832.894861247032
2007-03-05,8650.74544352721,8650.745443527212,8650.74544352721,8650.745443527212,8578.907222719394,8578.907222719394,8578.907222719394,8578.907222719394
2007-03-06,8672.732422155692,8672.732422155694,8672.732422155692,8672.732422155694,8600.711615299548,8600.711615299548,8600.711615299548,8600.711615299548
2007-03-07,8714.149772891271,8714.149772891273,8714.149772891271,8714.149772891273,8641.78502471737,8641.785024717372,8641.78502471737,8641.785024717372
2007-03-08,8836.37317088191,8836.373170881912,8836.37317088191,8836.373170881912,8762.993445269354,8762.993445269354,8762.993445269354,8762.993445269354
2007-03-09,8734.07380757152,8734.073807571522,8734.07380757152,8734.073807571522,8661.543604615475,8661.543604615475,8661.543604615475,8661.543604615475
2007-03-12,8852.627843916034,8852.627843916036,8852.627843916034,8852.627843916036,8779.113134931442,8779.113134931442,8779.113134931442,8779.113134931442
2007-03-13,8826.65881099139,8826.658810991392,8826.65881099139,8826.658810991392,8753.359756152859,8753.359756152859,8753.359756152859,8753.359756152859
2007-03-14,8832.739477959934,8832.739477959936,8832.739477959934,8832.739477959936,8759.38992755438,8759.38992755438,8759.38992755438,8759.38992755438
2007-03-15,8796.504883338182,8796.504883338184,8796.504883338182,8796.504883338184,8723.456235187388,8723.456235187388,8723.456235187388,8723.456235187388
2007-03-16,8847.521449279371,8847.521449279373,8847.521449279371,8847.521449279373,8774.049145230612,8774.049145230612,8774.049145230612,8774.049145230612
2007-03-19,8854.488853809431,8854.488853809433,8854.488853809431,8854.488853809433,8780.958690475787,8780.958690475787,8780.958690475787,8780.958690475787
2007-03-20,8865.194389938215,8865.194389938217,8865.194389938215,8865.194389938217,8791.575324824567,8791.575324824567,8791.575324824567,8791.575324824567
2007-03-21,8803.0953522875,8803.095352287502,8803.0953522875,8803.095352287502,8729.991975030793,8729.991975030793,8729.991975030793,8729.991975030793
2007-03-22,8762.12231233418,8762.122312334182,8762.12231233418,8762.122312334182,8689.359186713653,8689.359186713653,8689.359186713653,8689.359186713653
2007-03-23,8838.369358357579,8838.36935835758,8838.369358357579,8838.36935835758,8764.973055843344,8764.973055843344,8764.973055843344,8764.973055843344
2007-03-26,8902.4314032575,8902.431403257504,8902.4314032575,8902.431403257504,8828.503111522574,8828.503111522574,8828.503111522574,8828.503111522574
2007-03-27,8781.667319752578,8781.667319752582,8781.667319752578,8781.667319752582,8708.741886898786,8708.741886898786,8708.741886898786,8708.741886898786
2007-03-28,8728.544227116701,8728.544227116705,8728.544227116701,8728.544227116705,8656.059943350429,8656.059943350429,8656.059943350429,8656.059943350429
2007-03-29,8799.108953602623,8766.263544217167,8799.108953602623,8766.263544217167,8726.038680520674,8693.466028643496,8726.038680520674,8693.466028643496
2007-03-30,8837.636674319121,8795.745375670649,8837.636674319121,8795.745375670649,8764.246456219009,8722.703034684926,8764.246456219009,8722.703034684926
2007-04-02,8918.311523128225,8860.759839666984,8929.132687354966,8871.397263680163,8844.251358415971,8787.177600304783,8854.982660654496,8797.726688160104
2007-04-03,9018.52689178782,8960.328498110177,9050.37661118576,8991.857229028597,8943.634510496186,8885.919412631943,8975.219740875265,8917.186320110026
2007-04-04,9087.781946057863,9029.136635388018,9115.942171828508,9056.99884531362,9012.31445133662,8954.156147804451,9040.240826680141,8981.78698211024
2007-04-05,9096.842406245702,9038.138626578066,9120.595364484154,9061.621950607052,9021.299670917293,8963.08338393032,9044.855377916541,8986.371695838337
2007-04-09,9103.92710141173,9045.177602761018,9133.964736822336,9074.90487710517,9028.32553278404,8970.06390647727,9058.113727230366,8999.544317182641
2007-04-10,9225.641808968247,9166.106860481688,9238.855606712441,9179.117526721842,9149.029487210195,9089.988933663708,9162.133553865173,9102.89155567573
2007-04-11,9107.121282551574,9048.351171198403,9133.913908479422,9074.854377416339,9031.493188546214,8973.211120710657,9058.063320980295,8999.494236857416
2007-04-12,9159.330884858378,9100.22385429154,9182.355935439742,9122.983180119816,9083.269227645858,9024.653038468454,9106.103071737727,9047.223364460246
2007-04-13,9189.624696569746,9130.32217385645,9197.68040983821,9138.208567064556,9113.311471032966,9054.501413130814,9121.300287394994,9062.32231551384
2007-04-16,9213.270789770451,9153.81567399428,9219.510671855662,9159.897675459293,9136.761200431767,9077.79981664241,9142.94926478289,9083.831311458365
2007-04-17,9236.010858860192,9176.40899677955,9235.92847484363,9176.209321573519,9159.312429598393,9100.205518127108,9159.23072972185,9100.00750108009
2007-04-18,9146.878263048178,9087.851591790033,9147.134039218852,9087.989027306057,9070.92001590605,9012.383518711056,9071.173668039535,9012.51981292394
2007-04-19,9095.932885039232,9037.234974697476,9107.334719167948,9048.447048106225,9020.397702630475,8962.187236228849,9031.704852724954,8973.306201429697
2007-04-20,9260.210750228835,9200.452721312775,9266.141266100662,9206.226758100736,9183.31135826954,9124.049576816118,9189.19262547124,9129.775664380231
2007-04-23,9329.205481265477,9269.002215276141,9352.781924168361,9292.307201052798,9251.733137673848,9192.029816520906,9275.113795170471,9215.14127114755
2007-04-24,9411.336855082434,9350.603578584283,9468.925876463321,9407.70017108242,9333.182469485751,9272.95353918018,9390.293255452005,9329.575985531488
2007-04-25,9497.246322377016,9435.958654562162,9568.637375509035,9506.766939464562,9418.378520425491,9357.599802624482,9489.176722193188,9427.82007563368
2007-04-26,9555.308712551347,9493.646356288838,9636.189799573962,9573.882572190374,9475.958744197724,9414.808449467206,9556.168171948126,9494.378361287509
2007-04-27,9681.579955235202,9619.102744886204,9746.7942803227,9683.771888680727,9601.181395003247,9539.223012963528,9665.85416201161,9603.355126017555
2007-04-30,9543.937094153884,9482.348121264533,9628.976438114749,9566.715852044998,9464.681558914575,9403.604038161066,9549.014712269243,9487.271155599889
2007-05-01,9616.473556539378,9554.416491061898,9686.051350961387,9623.421720731381,9536.615658135475,9475.073931966212,9605.61565900297,9543.50612281976
2007-05-02,9675.919480496194,9613.478798345337,9761.282351189957,9698.166280246864,9595.567926436923,9533.645769254927,9680.221919867596,9617.62998251166
2007-05-03,9701.206185434208,9638.602323018276,9757.752478701144,9694.659231775882,9620.644643472197,9558.560661119895,9676.721360431739,9614.152057556574
2007-05-04,9725.391966007932,9662.63202781642,9784.892225971822,9721.623494499296,9644.629578528433,9582.390816497644,9703.635731615484,9640.892401466044
2007-05-07,9719.80769617254,9657.083794413385,9780.24892263095,9717.010214576714,9639.091682038796,9576.888657183703,9699.030987570208,9636.317431516154
2007-05-08,9735.735753124938,9672.909064365182,9816.70611856585,9753.231679704713,9654.887467930872,9592.58250964731,9735.185432706498,9672.238103420399
2007-05-09,9808.605780812853,9745.308846900029,9869.35967933324,9805.54478460194,9727.152362434197,9664.381064045447,9787.401743510933,9724.116785595876
2007-05-10,9686.802166926247,9624.291256579952,9758.849082265868,9695.74874474473,9606.360239981097,9544.36843779833,9677.808857492342,9615.232522903603
2007-05-11,9884.622941700036,9820.835453541638,9914.304193147344,9850.198688942784,9802.538255458436,9739.280476524404,9831.97302545403,9768.399871368436
2007-05-14,10002.132192651796,9937.586393326876,10011.653685940937,9946.918723713101,9919.07167657311,9855.061883701546,9928.514100706674,9864.31671579409
2007-05-15,9964.063366135852,9899.763232713909,9991.726794477092,9927.120678752211,9881.31898428895,9817.55281724168,9908.752687748507,9844.683079361315
2007-05-16,10018.317127832192,9953.666883819067,10053.49374319432,9988.48824478826,9935.122207504204,9871.00883728247,9970.006706368607,9905.541031886234
2007-05-17,10090.444367426555,10025.328671623445,10152.844027563004,10087.196134093381,10006.650482235009,9942.075525465738,10068.531958060928,10003.4292231441
2007-05-18,10046.985846024265,9982.150596924655,10114.455762239182,10049.056085795804,9963.552852605211,9899.256013631215,10030.462479678505,9965.605900523993
2007-05-21,10178.018653920111,10112.337823382411,10222.995869592298,10156.894377048391,10093.497527247322,10028.362128781086,10138.101239483085,10072.548672306137
2007-05-22,10109.593248599893,10044.353981160486,10160.698980347674,10095.000297059727,10025.640345718724,9960.942843486742,10076.321681110627,10011.1685781484
2007-05-23,10080.605373765451,10015.553170995443,10121.834825436235,10056.387436258048,9996.893194341781,9932.381203341625,10037.780265061438,9972.876369392072
2007-05-24,9834.486509207261,9771.022561674823,9884.715972774944,9820.801784849224,9752.818169988175,9689.881244907836,9802.63051397716,9739.247087426269
2007-05-25,9945.920013725163,9881.736963057298,9981.964296754257,9917.421304958865,9863.32629937451,9799.676242793232,9899.071260549783,9835.064251893233
2007-05-28,10026.187233703984,9961.48620229228,10060.90695302573,9995.853521094052,9942.926957805532,9878.76322193805,9977.358354822649,9912.845144868126
2007-05-29,9943.278926914476,9879.112919718542,9985.553289957288,9920.987091871833,9860.70714489078,9797.073990247653,9902.630449744836,9838.600427509777
2007-05-30,10095.52597404585,10030.377485598652,10137.914061395864,10072.362704505133,10011.689889765134,9947.082412671105,10053.725974527792,9988.71897452298
2007-05-31,10058.461793105598,9993.552487378547,10107.69321965583,10042.337269549022,9974.933500197523,9910.563219583131,10023.756095148872,9958.942879215148
2007-06-01,10227.735837106165,10161.734171443799,10277.795780266142,10211.339953637294,10135.133823775162,10069.729737794249,10184.740523754275,10118.8863887844
2007-06-04,10193.37895534559,10127.599001649514,10243.270737773271,10177.038148722528,10102.769611731352,10037.574378612573,10152.217904156618,10086.574059176513
2007-06-05,10199.33985898683,10133.521438363621,10249.260817226463,10182.98949655562,10102.408335419112,10037.215433690071,10151.85485956722,10086.213362019273
2007-06-06,10139.942831786278,10074.507712295701,10189.573069591508,10123.687687568743,10029.733861096243,9965.009942574516,10078.8246779684,10013.655390726119
2007-06-07,9873.342596636046,9809.627902845365,9921.667952028334,9857.51483404607,9759.228692438623,9696.250398949262,9806.995514090024,9743.58386361866
2007-06-08,9932.24699655727,9868.152180658277,9980.86066120577,9916.324805474782,9856.254451963026,9792.650031455647,9904.49616894651,9840.454083043867
2007-06-11,9902.140066382814,9838.2395366456,9950.606371807604,9886.266139131792,9817.843074170827,9754.486530119688,9865.896785576186,9802.104281780843
2007-06-12,9790.343890171052,9727.164803963686,9838.263006040324,9774.649181185601,9709.051902190991,9646.397409764415,9756.573132119282,9693.487510803012
2007-06-13,9925.977829378424,9861.923469694051,9974.560809410343,9910.06568827534,9866.418260184028,9802.748250548933,9914.709724215143,9850.601597862515
2007-06-14,10021.813210730763,9957.140405781536,10070.86525975504,10005.747437800472,9977.399303012708,9913.013110069764,10026.233966905877,9961.404729150023
2007-06-15,10161.382459130044,10095.808985350854,10211.117633799433,10145.09294546485,10133.283948379285,10067.891800021649,10182.8815940908,10117.039478887624
2007-06-18,10231.658996107408,10165.632013499735,10281.738141280395,10215.256823499,10195.869674514917,10130.073647699975,10245.773647838221,10179.524875068624
2007-06-19,10075.61873933721,10010.59871633636,10124.93414104742,10059.46671181538,10035.433841312682,9970.673139655912,10084.552556899685,10019.346233415654
2007-06-20,9941.380959899092,9877.227200671461,9990.039330990248,9925.44412633845,9892.653920798975,9828.814607094253,9941.073796015135,9876.795200602579
2007-06-21,10036.205244517003,9971.439564837992,10085.32773575887,10020.116399998571,10008.418375773208,9943.832010426315,10057.404863397847,9992.374075841099
2007-06-22,10072.931655302127,10007.92897260268,10122.233905003312,10056.783935392206,10024.513008788312,9959.822781491508,10073.57827205076,10008.442907864508
2007-06-25,10099.81477432946,10034.638609379173,10149.24860421925,10083.623958616725,10048.47959902729,9983.634710434846,10097.662167445464,10032.371077730984
2007-06-26,9728.525829671311,9665.745668018311,9776.142375290025,9712.930220010714,9680.92948230999,9618.456469595463,9728.313066256493,9665.410173423805
2007-06-27,9742.126754765659,9679.258823568638,9789.809870498031,9726.509341727808,9714.131601133267,9651.444328373238,9761.677693792115,9698.559066579171
2007-06-28,9695.952379299802,9633.382420766546,9743.409493241741,9680.408987501005,9662.410645295498,9600.057138413793,9709.703588268956,9646.92102359507
2007-06-29,9796.627554624314,9733.407918648456,9844.577426067486,9780.922772419164,9756.312258632155,9693.352785485058,9804.064805715567,9740.67210509024
2007-07-02,9922.231194797498,9858.201012910333,9995.44594891983,9930.815785287386,9881.399011585621,9817.632328105885,9954.312471122757,9889.948274953329
2007-07-03,10079.139274804418,10014.096533070062,10167.005671593626,10101.266209486075,10037.661377715875,9972.886301312306,10125.166187473318,10059.697257838134
2007-07-04,10039.870937867712,9975.081602721764,10152.503242651352,10086.857552683672,9998.55464023825,9934.031927588816,10110.723439243837,10045.34789585536
2007-07-05,10039.724812455299,9974.936420286445,10161.630710834268,10095.926003013336,9998.409117407156,9933.887343846238,10119.813345870043,10054.379027499876
2007-07-06,10192.40054347889,10126.626903674172,10319.609341156021,10252.8831496734,10150.456554419186,10084.95358773182,10277.141859076868,10210.690260676918
2007-07-09,10369.442060787842,10302.5259359581,10498.808897581315,10430.924008756541,10326.769507652602,10260.128757512808,10455.603969567968,10387.998442122514
2007-07-10,10374.254518370888,10307.307337770693,10557.495510236247,10489.231156063124,10331.562156744214,10264.8904786622,10514.049073790864,10446.065642581161
2007-07-11,10155.598103973534,10090.06195781809,10319.460040621874,10252.734814510683,10113.805562378624,10048.539112019149,10276.993172947543,10210.542535946308
2007-07-12,10361.711881490186,10294.845641084294,10489.06456714635,10421.24268478209,10319.071132019075,10252.480061067596,10445.899739214743,10378.356958944241
2007-07-13,10366.824995084571,10299.925758713654,10507.727266363041,10439.78471171359,10324.163200998279,10257.53926988697,10464.485637283413,10396.822681320946
2007-07-16,9996.438771371493,9931.929712855463,10129.399818056861,10063.903513931462,9955.301198000949,9891.057608637324,10087.715090367574,10022.488318065494
2007-07-17,10102.438417546628,10037.245321691482,10210.688920524932,10144.667004233663,10060.86463665638,9995.939824889749,10168.669670143148,10102.919448685881
2007-07-18,9927.394855328897,9863.331351287017,10027.506700567936,9962.66923336587,9886.541418116258,9822.7415496382,9986.241285664422,9921.670639025559
2007-07-19,10026.413192407941,9961.710702838627,10114.97882530862,10049.575766759841,9985.152272381256,9920.716047945483,10073.353443204116,10008.21953275242
2007-07-20,9918.53474135984,9854.528413440734,10036.14867159177,9971.25532574215,9877.717763585772,9813.974835950292,9994.847693060077,9930.22139772669
2007-07-23,9886.383802825407,9822.584951470977,10055.079350110547,9990.063599232017,9845.699131428897,9782.16282655805,10013.700467636547,9948.952270998101
2007-07-24,9955.6827350629,9891.43668356279,10137.505682334853,10071.956966007205,9914.712882273294,9850.73121759047,10095.78759721559,10030.508628399104
2007-07-25,10073.75993327155,10008.751905525414,10243.30107259431,10177.068287399801,10032.304164913196,9967.56365969663,10201.147615971013,10135.18739338283
2007-07-26,9802.946580787268,9739.686166846595,10003.069183011376,9938.389727844646,9762.605271448856,9699.605188206368,9961.904333914626,9897.491049056514
2007-07-27,9649.098133647052,9586.830535118565,9833.495650250836,9769.912650932703,9609.389944973494,9547.378591486391,9793.028633865146,9729.707292696541
2007-07-30,9635.56254409715,9580.106414303826,9827.817744076781,9767.092054405604,9595.910057390367,9540.682141926964,9787.37409353477,9726.898303549964
2007-07-31,9528.61381010705,9473.773208763281,9750.011360010494,9689.766432850007,9489.40143959707,9434.786519556135,9709.887900002035,9649.890894083519
2007-08-01,9421.85751454208,9355.201632702016,9588.58385737459,9520.164754157187,9383.084465975866,9316.702887975556,9549.124707355844,9480.987163928512
2007-08-02,9427.48552165711,9360.789823912732,9600.621136491456,9532.11614156631,9388.68929054303,9322.268060645678,9561.1124503984,9492.889368726757
2007-08-03,9350.947375070316,9284.793154168192,9560.157032096742,9491.940767788792,9312.466128005908,9246.584146564408,9520.814864771153,9452.879325526155
2007-08-06,9327.628374604486,9219.419750114064,9481.10386316712,9379.350133759086,9289.243086360975,9181.479764669171,9442.087017171423,9340.752026936278
2007-08-07,9408.259616159183,9239.569512660368,9521.515022670179,9372.5712489423,9369.542492809791,9201.546587221226,9482.331875786991,9334.001038734565
2007-08-08,9735.727636625552,9561.166031221097,9854.380706600661,9700.229959928762,9695.66293523005,9521.819689806334,9813.827743574268,9660.311361426771
2007-08-09,9514.715156825938,9344.11630538587,9617.569615191058,9467.123272443449,9475.559961927103,9305.663163018908,9577.991182347747,9428.163959680485
2007-08-10,9538.304046290068,9346.96364249143,9618.683469262785,9455.81097606403,9499.05178191941,9308.498786736207,9579.100452662837,9416.898215910558
2007-08-13,9508.283511015277,9332.254484008967,9604.256462837855,9448.719618596007,9469.154787892772,9293.85015974621,9564.732816570304,9409.836040951895
2007-08-14,9443.742542325463,9273.534752264399,9512.948317811622,9367.381426550732,9404.879435676577,9235.372088484013,9473.800424819645,9328.832573613616
2007-08-15,9168.731133520498,9077.899327310372,9212.649667181387,9137.91220948774,9130.999766286304,9040.541752961668,9174.737569764848,9100.307673291809
2007-08-16,9211.048545459898,9034.786268623606,9186.996069700224,9039.277450523481,9173.14306796794,8997.606149049978,9149.189542529153,9002.078818245054
2007-08-17,9476.538408313038,9183.383274304839,9427.472457931524,9182.10244001692,9437.54036986416,9145.591633658943,9388.676317067719,9144.316051217753
2007-08-20,9617.347891779511,9334.21011315921,9635.05897524012,9393.285578059085,9577.770367473739,9295.797763775929,9595.408569799794,9354.630123791085
2007-08-21,9511.022260846046,9223.630107378547,9484.936742398084,9240.70652073874,9471.882250626542,9185.672780942805,9445.90412325394,9202.678963144752
2007-08-22,9524.675590162926,9267.678043332002,9538.786023584897,9317.09283351002,9485.47942554321,9229.539480836149,9499.53180270098,9278.750929290936
2007-08-23,9715.28859462269,9453.14787266979,9742.90108050701,9516.464003946003,9675.308007602787,9414.246053283294,9702.806880876286,9477.30164312554
2007-08-24,9908.250338239226,9640.90306680627,9910.458448263986,9680.12713114797,9867.475672972283,9601.228595219103,9869.674712888525,9640.29126024668
2007-08-27,9768.714004872838,9505.131743075062,9784.703364280213,9557.294750919953,9728.513577063013,9466.016014705714,9744.437138976973,9517.964362516463
2007-08-28,9613.426362007824,9354.034116225992,9649.682172876586,9425.411619074006,9573.864991984265,9315.540202402952,9609.971589733497,9386.623959019338
2007-08-29,9884.10133430465,9498.631974040767,9909.708336413809,9569.723827909474,9843.426078540004,9459.543009571516,9868.92768791504,9530.3422910965
2007-08-30,9907.546841742625,9521.163131812798,9946.4346094592,9605.190087696488,9866.775092856577,9481.98143735026,9905.502824198289,9565.662599355492
2007-08-31,10143.25053588627,9695.208136645624,10219.494481119882,9818.838727150469,10101.508816362353,9655.310210614136,10177.438993902537,9778.432027255305
2007-09-03,10063.702584737981,9619.173936317256,10153.47423738059,9755.40681012161,10022.28822254394,9579.588907758183,10111.690438114327,9715.261146638835
2007-09-04,10171.759044019349,9722.457381750786,10238.06211445139,9836.678415558124,10129.90000432255,9682.447317751981,10195.930217303232,9796.198301387021
2007-09-05,10254.138613222287,9801.198123370445,10337.398367299063,9932.120186016802,10211.940562207647,9760.864022685148,10294.85767943043,9891.247307784331
2007-09-06,10181.376664364545,9731.65017756077,10244.077967005935,9842.458416334928,10139.478046867564,9691.602283971759,10201.921313289762,9801.954516178204
2007-09-07,10060.804387517032,9616.403756760048,10108.928095979543,9712.607102255262,10019.401951470234,9576.830127552654,10067.32761396872,9672.637569066446
2007-09-10,10085.479017342066,9619.257456654517,10120.09834164348,9705.3337170026,10043.975039744413,9579.67208385042,10078.451891593377,9665.394115407866
2007-09-11,10112.039769722554,9640.077911013299,10157.123708183697,9732.283540238506,10070.426489980859,9600.406858604603,10115.324890535361,9692.233034141724
2007-09-12,10049.874230795866,9580.813840432033,10092.50523796532,9670.367855033746,10008.51677577937,9541.386672575189,10050.972339659013,9630.572145718985
2007-09-13,10087.450011045874,9616.635836530366,10102.29834570748,9679.751348237634,10045.937924381931,9577.061254188819,10060.725146589988,9639.917023766398
2007-09-14,10068.535671007881,9598.604290397845,10111.87495990371,9688.927403131804,10027.10142118005,9559.103911993692,10070.262350894009,9649.055317158762
2007-09-17,9954.044546974084,9489.456840334407,9982.540615831143,9565.002703170652,9913.081452528046,9450.405626955451,9941.460246343073,9525.640594833465
2007-09-18,10139.569755417377,9666.32298253505,10131.450773062938,9707.684422310653,10097.843182975012,9626.54392516511,10089.757605238749,9667.735147042016
2007-09-19,10279.220512521088,9799.455783579077,10257.533319818498,9828.493337290378,10236.919247846608,9759.128856735724,10215.321294340127,9788.04690653239
2007-09-20,10277.690527916136,9797.997208342997,10259.462143661425,9830.341484568862,10235.395559538594,9757.676283927889,10217.242180644986,9789.887448274772
2007-09-21,10377.130508520007,9892.79600090325,10385.640842987252,9951.242530362764,10334.426324035823,9852.08495983034,10342.90162662747,9910.290959440583
2007-09-24,10422.011122920176,9935.581890730069,10452.176026071362,10014.99475843246,10379.122243606464,9894.694775137023,10409.163002670843,9973.78083294689
2007-09-25,10425.72878179003,9939.126034341853,10458.094712106154,10020.66588466181,10382.824603982077,9898.224334285132,10415.057331999406,9979.428621233537
2007-09-26,10367.806872350046,9883.907529226002,10438.480803071745,10001.872363037031,10325.141055219106,9843.233064776967,10395.524138552466,9960.712439120014
2007-09-27,10504.641440359748,10014.355581901093,10562.96520870981,10121.149982057423,10461.412518265317,9973.144294431691,10519.496263241632,10079.499204273681
2007-09-28,10525.771726458237,10034.499648668054,10575.753796399615,10133.40366381342,10482.455848029123,9993.205463399392,10532.232223055653,10091.702459410497
2007-10-01,10519.116746015156,10028.15527785578,10569.067214501874,10126.996760361866,10475.818668320882,9986.878062503692,10525.56352642513,10085.312693142336
2007-10-02,10438.919785058044,9951.701370488061,10488.489434901168,10049.789292908747,10395.948971015263,9910.736144326698,10445.314564559376,10008.420290024507
2007-10-03,10381.838409228436,9897.284168539069,10431.137005756593,9994.835733397924,10339.099597802073,9856.540116676204,10388.195239746856,9953.690084833197
2007-10-04,10440.395689649582,9953.108389801242,10489.972347887762,10051.210180363272,10397.429642391537,9912.14770794322,10446.802266964904,10009.845766571812
2007-10-05,10456.049656908579,9968.031735380342,10505.700648668968,10066.2806163653,10413.019823043142,9927.010244043699,10462.46647823396,10024.854793722072
2007-10-08,10348.176310926072,9865.193190094282,10397.315061564022,9962.428453520157,10305.589471549853,9824.59401725086,10354.525989274538,9921.429111983187
2007-10-09,10392.752310481286,9907.688682443928,10442.102732128771,10005.342798325442,10349.968042509088,9866.901295640313,10399.115293712955,9964.153387686065
2007-10-10,10494.307252267696,10004.5037240541,10544.139911829434,10103.11208744939,10451.083993571157,9963.297835653431,10500.71139804962,10061.500050225128
2007-10-11,10565.395491218189,10072.274043163347,10615.565716273799,10171.550377748257,10521.868307426339,10030.77841484171,10571.831834145956,10129.64574476238
2007-10-12,10596.764775648773,10102.179220833734,10647.083959071444,10201.750312730797,10553.101144168368,10060.5535132817,10603.212981304681,10159.71431838038
2007-10-15,10675.384843221975,10177.129833572035,10726.077357343653,10277.43966848539,10631.390103186552,10135.188471379946,10681.87369868188,10235.084908223314
2007-10-16,10656.069344421663,10158.715852064304,10706.670138084539,10258.844191460226,10612.17597839691,10116.87113242751,10662.568334826203,10216.587026314135
2007-10-17,10689.633163292066,10190.713138098587,10740.39333616113,10291.156855457868,10645.59707390534,10148.732356464092,10696.148131788561,10248.762287209895
2007-10-18,10724.570679839764,10224.020006861658,10775.49675497624,10324.792009951962,10680.370952042815,10181.883224354686,10731.087135124215,10282.23990320092
2007-10-19,10409.442281222568,9923.599677845687,10458.871955898388,10021.410618819164,10366.535454833556,9882.695452825948,10415.76137707988,9980.103218348348
2007-10-22,10309.16712637225,9828.004691343522,10358.120640255936,9924.873410151085,10266.680264066517,9787.500829315124,10315.432019810638,9883.970318877267
2007-10-23,10476.638937436688,9987.66004707043,10526.387698262011,10086.102392493542,10433.462836805624,9946.499115714738,10483.006566492579,10044.535755440922
2007-10-24,10486.616010743224,9997.17145784305,10536.412148120953,10095.707551509526,10443.40289218377,9955.975236306274,10492.993822634693,10054.105276434915
2007-10-25,10499.510992540996,10009.464588805986,10549.368362282381,10108.121848455174,10456.27925940188,9968.250621492558,10505.931333814953,10066.50165268559
2007-10-26,10750.518694280296,10248.756942884378,10801.56798465517,10349.772763043866,10706.24945793131,10206.553896015865,10757.088526167954,10307.153738785535
2007-10-29,10663.778455950061,10166.065154227948,10714.415856653412,10266.265931265802,10619.863455001778,10124.199809439964,10670.292315731593,10223.987937673526
2007-10-30,10546.671671703478,10054.424125340236,10596.75298591427,10153.524524043487,10503.232581064876,10013.012478577377,10553.10761526731,10111.70470038486
2007-10-31,10713.171773658005,10213.153124788912,10764.043720608837,10313.8180195722,10669.057862413089,10171.098153495841,10719.720324820604,10271.348530406698
2007-11-01,10669.2893206689,10171.318808926351,10710.134627069227,10262.163771893598,10625.356105363271,10129.43609990441,10666.03321422268,10219.906980829612
2007-11-02,10669.208771302856,10171.24201906179,10698.843243984633,10251.344671437808,10625.275887677486,10129.35962623951,10654.788325973524,10209.132430478225
2007-11-05,10439.808826417153,9952.548917388893,10467.753418746333,10029.920598334196,10396.820549022514,9911.567042947221,10424.65006559807,9988.620121306825
2007-11-06,10636.791469798161,10140.33773869041,10664.081083503595,10218.036501527447,10592.992071754055,10098.582601242446,10620.169306586808,10175.96141452564
2007-11-07,10596.782854027317,10102.196455435416,10615.078143986133,10171.083199058083,10553.14820052035,10060.598373360339,10571.368147807087,10129.20145294776
2007-11-08,10419.863715724303,9933.534710028023,10438.987189426372,10002.35756886161,10376.957566840385,9892.631130891918,10396.0022877635,9961.170588870871
2007-11-09,10302.003907778426,9821.175803511727,10322.85501113597,9891.082830093083,10259.58307334824,9780.734887622742,10280.348310104357,9850.354049122683
2007-11-12,10017.921389670442,9610.655592173323,10040.310684555741,9681.088921239605,9976.67032935149,9571.081540937817,9998.967423987562,9641.224837902995
2007-11-13,10141.538666314327,9631.824423866681,10176.705566585051,9714.46695046875,10099.778583860247,9592.163205171888,10134.800669098946,9674.46542551275
2007-11-14,10124.445784782745,9615.590631418896,10156.738281404474,9695.406604199698,10082.756086139801,9575.996259041494,10114.915603751995,9655.483564550284
2007-11-15,9931.801384986124,9432.628548826297,9957.260122381425,9504.988991103712,9890.904943292102,9393.787564265287,9916.25884137346,9465.85003924225
2007-11-16,9944.310200288466,9421.653346726016,9972.051152908045,9496.077541073166,9903.362250714268,9382.857555045563,9930.988966471119,9456.975284132035
2007-11-19,9716.056514527254,9246.640705101423,9747.258056534989,9323.584191183238,9676.04845120222,9208.565567613608,9707.121506749085,9285.192214803617
2007-11-20,9880.377441271281,9360.606863879255,9906.28187908699,9432.927075343676,9839.692749312711,9322.062444919085,9865.49051257889,9394.084854794017
2007-11-21,9787.599850237684,9281.423282488724,9793.499240395959,9334.314201539779,9747.297191023743,9243.204919860185,9753.17228202875,9295.878041904483
2007-11-22,9837.753787331803,9333.061395572748,9840.033054266816,9382.76737846985,9797.244607922321,9294.63040131744,9799.514482347742,9344.131701869184
2007-11-23,10100.660866323942,9549.559381777579,10107.107176334095,9604.333708445074,10059.069107469888,9510.236908026798,10065.488866033755,9564.785682137202
2007-11-26,10127.089819005403,9597.651966667496,10135.794001761782,9654.831670403108,10085.38923295269,9558.131460805356,10094.057566939624,9615.075707262902
2007-11-27,9958.479898647016,9464.738255400971,9966.777743119506,9520.877088177112,9917.473602130478,9425.765051850218,9925.737271145594,9481.672713465916
2007-11-28,9985.245748214915,9458.393259026274,10007.517790149392,9527.822162669208,9944.129237250483,9419.446182435251,9966.309561775022,9488.589190035753
2007-11-29,10120.570816910498,9586.57815800649,10154.862684704267,9668.104296694286,10078.897074325427,9547.103251059756,10113.04773024737,9628.293680499562
2007-11-30,10030.788735491782,9501.5332572514,10065.593663277554,9583.11425434568,9989.484690962036,9462.408541946383,10024.14629429978,9543.653603961471
2007-12-03,9978.68100007289,9452.174887326724,9981.119915931593,9502.689631676632,9937.591520945807,9413.25341628965,9940.02038680235,9463.560147950066
2007-12-04,9962.144435265001,9436.510842890528,9978.664110535196,9500.351541695314,9921.123049188946,9397.653872104362,9937.57469374267,9461.231685585499
2007-12-05,10040.38080366215,9466.852446015211,10055.484704166922,9531.218104965274,9999.037261619167,9427.870536805738,10014.07896112521,9491.9711487678
2007-12-06,10130.158595226418,9551.50193514196,10181.74375325911,9650.89433838687,10088.445372792557,9512.171462487711,10139.818109894619,9611.154588105866
2007-12-07,10094.828466611118,9518.189940204697,10129.180039033969,9601.07115835863,10053.260723983885,9478.996637234843,10087.470838706142,9561.536566342043
2007-12-10,10170.578475162416,9589.612943750337,10197.101176616266,9665.451065969248,10128.698814718067,9550.125540385916,10155.11229557164,9625.651375054895
2007-12-11,10031.182731844032,9458.179788036121,10061.879626474218,9537.27961279591,9989.877064945067,9419.233590460255,10020.447550886873,9498.00769696267
2007-12-12,10070.125795576287,9494.898339389727,10092.476908024639,9566.281632336077,10028.659771792041,9455.800944861827,10050.918841178302,9526.89029409764
2007-12-13,9935.397472058186,9367.865990319895,9960.710490794767,9441.385170506908,9894.486222661157,9329.291680262399,9919.69500211088,9402.508121828596
2007-12-14,9903.372352308534,9337.67021496391,9929.781764542571,9412.068986922413,9862.592973595565,9299.22024285085,9888.893631916548,9373.312654291132
2007-12-17,9740.142319383353,9183.764236029596,9721.896796669345,9215.022596038607,9700.03507730154,9145.948006644843,9681.864677633439,9177.077646693986
2007-12-18,9741.430404583529,9196.350482253096,9720.838629152024,9224.092549898462,9701.317858519162,9158.482426148707,9680.810867361304,9186.110252957978
2007-12-19,9684.321718230418,9133.885823843919,9645.070828453723,9144.090427171952,9644.444330116872,9096.274980118913,9605.355057798075,9106.4375571496
2007-12-20,9747.37110729191,9149.722184405682,9678.33320322487,9135.649810233675,9707.23409903861,9112.046130879091,9638.48046718334,9098.031696369415
2007-12-21,9916.02367651892,9298.260709589404,9898.027510170436,9332.332454155545,9875.192203113069,9259.973015041065,9857.27013290188,9293.904454815389
2007-12-24,9968.164100771271,9347.15281332197,9951.041922657487,9382.316970937554,9927.117927359079,9308.663794462344,9910.066246499764,9343.68314899224
2007-12-25,10144.195563030209,9512.217609713063,10176.646813768122,9595.028023211824,10102.42454020213,9473.048899166753,10134.742158210094,9555.518315177305
2007-12-26,10198.129907986207,9562.79187384974,10203.186693643973,9620.051087861855,10156.136798276979,9523.414912315666,10161.172754100255,9580.438341672985
2007-12-27,10117.561828813414,9487.243142880749,10159.931768815426,9579.268281553757,10075.90047641835,9448.177270358394,10118.095941252923,9539.82346783639
2007-12-28,10198.016254331704,9562.685300757072,10232.548423959872,9647.734727703802,10156.02361261714,9523.308778061846,10190.413580820108,9608.007987837704
2007-12-31,10156.072047129815,9523.35419521083,10198.645485974226,9615.76942066363,10114.252120188507,9484.139627251272,10156.650245884926,9576.174305212315
2008-01-02,10150.2751435913,9517.91843565964,10169.451402819224,9588.243846561438,10108.479086713272,9478.726250671245,10127.576376000694,9548.762073915754
2008-01-03,10081.032486541122,9468.222517686345,10098.40396226033,9529.565872257921,10039.52155198653,9429.234966896442,10056.821489421454,9490.325719504035
2008-01-04,9861.79830831155,9332.15114436221,9874.15801852373,9380.016144697629,9821.190120141,9293.723898272434,9833.498929310574,9341.391796927142
2008-01-07,9722.807099133142,9212.19184489303,9696.356467789708,9225.818221663954,9682.77123874703,9174.258558389865,9656.42951686115,9187.828818877875
2008-01-08,9702.734821680326,9238.980173213296,9695.883877452257,9264.901014429866,9662.781613442872,9200.936579700658,9655.958872521793,9226.750679364317
2008-01-09,9879.586732886284,9364.723165096502,9893.475003439758,9416.810918239573,9838.90529684858,9326.161796333718,9852.736372152072,9378.035059628646
2008-01-10,9774.858233290513,9288.304884714176,9753.436966784811,9310.810540467697,9734.608040570249,9250.058185529777,9713.274973932006,9272.471162497284
2008-01-11,9782.312749034201,9308.844219163972,9764.326467798293,9333.782908675727,9742.031860656962,9270.51294461777,9724.119634950792,9295.348936759516
2008-01-14,9952.313032607392,9409.209682875306,9916.810014037184,9426.823493922018,9911.33212955853,9370.465130799272,9875.975295541262,9388.006406255698
2008-01-15,9753.608129559934,9357.285935358339,9712.795037897997,9385.371320621049,9713.445438954797,9318.75519107355,9672.800397421903,9346.724921696914
2008-01-16,9591.046513503496,9218.563679360452,9567.880296280322,9249.162166528893,9551.553207171668,9180.604155385632,9528.482375179863,9211.076639745705
2008-01-17,9712.288091373302,9301.329993771644,9686.718162546013,9326.286832763095,9672.295545384131,9263.02966075048,9646.830899529277,9287.88372764269
2008-01-18,9940.409843540134,9446.38800746776,9885.178302151924,9455.996808306312,9899.477954568256,9407.490365219244,9844.473834416936,9417.059592889356
2008-01-21,9815.703841808363,9407.755339103604,9740.246892634903,9421.19203958274,9775.28545804375,9369.016775617463,9700.139212909413,9382.398140709223
2008-01-22,9608.489891684787,9363.343317281631,9493.553347391591,9372.800142577586,9568.92475829248,9324.787630354765,9454.461484391491,9334.205508335424
2008-01-23,9511.92760444252,9323.336181106439,9371.399481017701,9321.358706460238,9472.760088138692,9284.945232624477,9332.810614317774,9282.975894019635
2008-01-24,9588.04002395177,9431.94493885712,9432.891147668814,9433.817318083702,9548.559097521622,9393.106769214995,9394.049075059527,9394.971431757285
2008-01-25,9736.030714533339,9452.387573917134,9636.565214030763,9457.061946790738,9695.94040291575,9413.46522709485,9596.884467175116,9418.120345424055
2008-01-28,9800.326443472737,9524.437567626204,9673.614126014003,9520.532422879814,9759.971379628656,9485.21853863534,9633.780821845141,9481.329467406293
2008-01-29,9867.742588143074,9506.429886418267,9768.263197027487,9501.820610721572,9827.109923053975,9467.285008133556,9728.040153802895,9462.694705386246
2008-01-30,9828.780537236704,9480.609596468612,9732.745636998783,9476.897830880504,9788.308307216874,9441.571039076121,9692.668845397784,9437.874550754039
2008-01-31,9932.958626791771,9493.813186280655,9844.27700500208,9482.13513555263,9892.057419892508,9454.72026011647,9803.740957651558,9443.090289634178
2008-02-01,10069.210499621338,9492.569985172877,9988.311337351954,9470.097813694534,10027.748244736806,9453.482178170842,9947.182195911,9431.102534183912
2008-02-04,10029.697300093112,9495.488421198255,10022.947997131261,9533.505594400169,9988.39774979442,9456.388596909865,9981.676231373645,9494.249218945195
2008-02-05,9784.294350273582,9328.917570999854,9802.338938252631,9370.765876527452,9744.005302192121,9290.503639904859,9761.97558042097,9332.179618837972
2008-02-06,9726.27682599869,9351.231949429548,9716.693151288056,9394.390979012389,9686.226678225608,9312.726133827171,9676.68245944436,9355.707439595411
2008-02-07,9887.48559082011,9428.891108216989,9865.04536077933,9460.968008101594,9846.77162942287,9390.065513438532,9824.423795004981,9422.01032263994
2008-02-08,9962.551769712758,9465.801574931038,9981.225788766076,9507.656483968995,9921.528706331557,9426.82399294568,9940.125823681377,9468.506548099564
2008-02-11,10079.547484474278,9551.54840333458,10097.351421063979,9587.20890827514,10038.042664748149,9512.217739361644,10055.77328230263,9547.731397223004
2008-02-12,10183.275012868582,9556.284251937015,10179.790253310002,9579.36059008271,10141.343071520676,9516.934087034791,10137.872653925417,9539.915396264
2008-02-13,10327.793389790479,9666.683400111939,10325.3250573961,9695.74024524697,10285.266361323222,9626.878641740475,10282.808185387777,9655.815831754739
2008-02-14,10245.499159470784,9631.30508895783,10265.33918164715,9670.652384092842,10203.310996128988,9591.646008789023,10223.069315112007,9630.83127556929
2008-02-15,10160.867036960999,9564.70632771527,10166.099751617812,9586.513618921554,10119.027365544865,9525.321483023261,10124.238525984652,9547.03897088131
2008-02-18,10137.753695394453,9538.7593622681,10120.957635567533,9540.795663727497,10096.00919839564,9499.481360081703,10079.282292854245,9501.509269755641
2008-02-19,10216.831847841282,9619.550087761703,10207.028493242124,9627.587166787907,10174.761728647505,9579.939411472224,10164.99873421564,9587.943389081736
2008-02-20,10148.168124221143,9550.978160863559,10134.968658933634,9554.666179779104,10106.38074348737,9511.649845038939,10093.2356226481,9515.322670805795
2008-02-21,10153.649792578048,9571.742722670942,10155.031824254795,9582.315419240687,10111.839839833263,9532.328904060014,10113.216173327368,9542.858058241532
2008-02-22,10505.878004047696,9829.583475093676,10480.177100350926,9831.383969435523,10462.61767184183,9789.107938763022,10437.022589870792,9790.901012088449
2008-02-25,10287.002492200654,9690.133452183936,10290.16659693002,9702.96941285711,10244.643429499341,9650.232132917377,10247.79449787125,9663.015231624657
2008-02-26,10070.075761377859,9549.454661616508,10121.820377741602,9589.438998079086,10028.60994362289,9510.132619132999,10080.141482491385,9549.952304125467
2008-02-27,10113.304823588789,9580.591191162413,10156.743959408908,9613.969638335735,10071.66100035909,9541.140936947257,10114.921258375958,9574.381933897093
2008-02-28,9932.702498758854,9477.280677675542,10007.912258112394,9520.985341869507,9891.80234650929,9438.25582790122,9966.702405426557,9481.780521399134
2008-02-29,9918.023584426042,9499.919241716732,10025.223146730112,9561.59391707447,9877.183875926106,9460.80117252276,9983.942012527072,9522.22188156875
2008-03-03,10583.148038852247,9921.328948554925,10697.536639353824,9985.739468944661,10539.56952976329,9880.475629444438,10653.487101584169,9944.620917756238
2008-03-04,10435.545726408944,9823.783241143388,10548.33895832178,9887.560482482631,10392.575003272781,9783.33158857711,10504.903775903953,9846.846205578853
2008-03-05,10676.224597164679,9977.161079380618,10791.619221318742,10041.9340690141,10632.262824265417,9936.077858825569,10747.18227714073,10000.58412379155
2008-03-06,10461.101808637244,9851.198410295116,10574.1712650222,9915.153634374454,10418.02585254416,9810.633869560364,10530.629712212007,9874.325736398141
2008-03-07,10366.589332732381,9806.684374307268,10478.637245262047,9870.350607643782,10323.902553165519,9766.303130198054,10435.489075485126,9829.707196310024
2008-03-10,10195.46013705643,9720.627187262804,10305.658389246237,9783.73472647381,10153.478020712813,9680.600303113059,10263.222499212616,9743.447975711328
2008-03-11,10517.29904011684,9884.994166781122,10630.975907702832,9949.168797179262,10473.991679194702,9844.290464364358,10587.200448869447,9908.200834041294
2008-03-12,10423.695066141554,9837.601193815719,10536.360209470724,9901.46814304863,10380.773140783167,9797.092642699572,10492.974352273062,9860.696598192422
2008-03-13,10544.78698560999,9918.635078469559,10658.760958329924,9983.028109914523,10501.366436846378,9877.792851979308,10614.871088237362,9941.920723362971
2008-03-14,10415.529948430141,9859.624841849856,10528.106838586957,9923.634771386929,10372.641644793297,9819.025603374606,10484.75496651921,9882.771950401913
2008-03-17,10171.95470886082,9736.76288616959,10281.898901197585,9799.9751803755,10130.06938144168,9696.66955962489,10239.560846254552,9759.621555853979
2008-03-18,10567.067697082393,9950.24350963013,10681.282492230035,10014.84174700167,10523.555402442802,9909.271128265318,10637.299884604372,9973.60336057083
2008-03-19,9862.136433321673,9508.804493987436,9968.731935947339,9570.536853524936,9821.526852824614,9469.649837754749,9927.683417140432,9531.127993446402
2008-03-20,9924.433451945313,9509.11849635866,10031.702295693074,9570.852894439207,9883.567349364057,9469.96254715009,9990.394482122007,9531.4427329904
2008-03-21,9290.62591075458,9205.476427405745,9391.04420706995,9265.239542831025,9252.369654278946,9167.57079319052,9352.374448746896,9227.087813797867
2008-03-24,10014.618772582146,9564.155126084637,10122.862389863789,9626.246828915337,9973.381311516567,9524.77255108746,10081.179203891894,9586.608570354903
2008-03-25,10191.56038690967,9648.64646250582,10301.71648841237,9711.28669376205,10149.594328670559,9608.91597529378,10259.296830051095,9671.298264235647
2008-03-26,10279.138269439294,9690.102726040723,10390.240961822201,9753.012096594877,10236.81158943284,9650.201533273803,10347.456783827436,9712.85185324161
2008-03-27,10244.098533875811,9673.586816428295,10354.822497141602,9736.388963611631,10201.916137916895,9633.753631660029,10312.184162722822,9696.297169785474
2008-03-28,10208.830883168452,9656.935049569505,10319.173653882408,9719.629091379627,10166.7937097493,9617.17043222288,10276.682111675753,9679.606310135505
2008-03-31,10216.99243653813,9660.79521689408,10327.423421899035,9723.51431939793,10174.921656074419,9621.014704434172,10284.897909398089,9683.475539844652
2008-04-01,10312.11020244141,9669.516933520412,10412.5957952472,9709.661589415928,10269.647753032814,9629.700507416841,10369.719566146421,9669.67985162592
2008-04-02,10427.345545214606,9688.408070317173,10511.183823487632,9726.633188724765,10384.408588181817,9648.51385567903,10467.901635779746,9686.581566518376
2008-04-03,10473.608313354925,9728.377757703496,10548.869686583343,9764.371853379025,10430.480858895993,9688.318958824471,10505.432318771307,9724.164833646075
2008-04-04,10451.134465853585,9738.415222372862,10512.165373506548,9772.620857111211,10408.099552551974,9698.31509195959,10468.879144043432,9732.379870231083
2008-04-07,10507.42283124762,9764.64010141287,10562.54868461336,9796.04024690761,10464.156137852417,9724.43198412026,10519.054990418843,9755.702825368722
2008-04-08,10404.86216466687,9757.891135211192,10469.662826096575,9790.765152180089,10362.017788045878,9717.710808315547,10426.551610529703,9750.44945204233
2008-04-09,10454.014758151565,9774.191997726592,10526.023028237843,9810.101207870215,10410.96798459404,9733.94454833742,10482.679736732684,9769.705887129681
2008-04-10,10444.861689930225,9780.169543834443,10490.584413079127,9812.773446150235,10401.852606204235,9739.897480545269,10447.387048124123,9772.367121861407
2008-04-11,10439.0532494943,9749.568196102051,10510.360676699762,9793.338813368055,10396.068083337392,9709.42214079332,10467.081878485806,9753.012515595576
2008-04-14,10434.962063397117,9747.657711649865,10514.520865561017,9795.277002755607,10391.9937436256,9707.519523193587,10471.224936824161,9754.942724047938
2008-04-15,10491.259804800718,9773.952541942836,10556.879152008696,9815.00739058888,10448.059666327768,9733.706078567093,10513.40880340289,9774.591867526236
2008-04-16,10697.284099585311,9844.388623255945,10726.886343118747,9869.846906747434,10653.23560941494,9803.852123361738,10682.7159512751,9829.205569516564
2008-04-17,10726.462408203966,9863.43447266098,10739.082246186708,9875.856914957752,10682.293769739093,9822.819547167992,10694.86163494107,9835.190830152504
2008-04-18,10669.648479443631,9829.443111208739,10689.074878649364,9862.6894091798,10625.713785198546,9788.968152845518,10645.06018410206,9822.077544571466
2008-04-21,10614.837897158963,9777.860670994078,10611.341696644065,9787.17378677558,10571.128897900804,9737.59811501178,10567.647086135932,9746.872874900893
2008-04-22,10615.371734432192,9769.81274811246,10609.323731860974,9780.99974217948,10571.66053697815,9729.583331275468,10565.63743078135,9740.724253336262
2008-04-23,10469.386104064797,9656.675466334584,10449.638138340431,9651.325056113645,10426.276035508929,9616.911917880721,10406.609378975334,9611.583532254535
2008-04-24,10362.968725732022,9569.767004344045,10333.903009420717,9561.126627009024,10320.296854834532,9530.361321167053,10291.350815745882,9521.756515676327
2008-04-25,10416.940759275547,9599.819300460344,10366.763237755773,9578.307027394903,10374.046646305502,9560.289870147297,10324.075734624379,9538.866171859945
2008-04-28,10417.42285363789,9603.577715275034,10365.291564297828,9577.185177310688,10374.526755535115,9564.032808837714,10322.610121116286,9537.748941248356
2008-04-29,10340.223031589141,9573.981355983098,10317.497619732,9562.81481053976,10297.644821239091,9534.55831925869,10275.012978976782,9523.43774772779
2008-04-30,10390.463665653566,9632.703392330266,10345.056142128895,9608.978998823772,10347.67857811346,9593.03855432075,10302.458022895957,9569.411844477276
2008-05-01,10314.20713885545,9597.355763580856,10269.13286514002,9573.718427779744,10283.111851721329,9563.109566339037,10238.173460584781,9539.556568647447
2008-05-02,10402.596249933942,9638.478737612046,10357.135705617913,9614.740120002667,10353.375707464029,9595.781629072091,10308.130255130673,9572.148163305466
2008-05-05,10524.602249547586,9695.000792533896,10478.608524954347,9671.122966706622,10449.836609026885,9640.482882716025,10404.16961136889,9616.73932216103
2008-05-06,10637.06571925516,9746.800062572484,10590.580516339996,9722.794660278283,10560.380345853751,9691.473871500973,10514.230259248086,9667.604725158968
2008-05-07,10549.042816435105,9706.472134863936,10502.942283748249,9682.566056257729,10465.045309009767,9647.7284291801,10419.311847569372,9623.967023557247
2008-05-08,10730.992842034531,9790.180812710381,10684.097166769485,9766.068567929191,10644.440074239352,9730.420473287233,10597.92263687377,9706.455405298027
2008-05-09,10767.148923288343,9806.673907905044,10720.095241781908,9782.521042265453,10667.767344809687,9741.082572447001,10621.147964566877,9717.091244756894
2008-05-12,10690.972920667145,9771.983516667953,10644.252137070018,9747.916090022907,10611.677882975753,9715.474023745652,10565.303620184828,9691.545767390684
2008-05-13,10826.381074851055,9833.867793268711,10779.068542016897,9809.647951785364,10773.095987697263,9789.366834132405,10726.016309071996,9765.256587057745
2008-05-14,10817.625211185525,9829.891210276324,10770.350942484534,9805.681162722663,10768.661223489233,9787.351928960074,10721.600925297775,9763.246644398554
2008-05-15,11038.986281214253,9930.465744616946,10990.744639129533,9906.007991955774,10989.883174457826,9887.88332481353,10941.856110689569,9863.530441317998
2008-05-16,11179.61273194538,9993.718208031501,11130.756536066407,9969.104670823543,11101.424947486676,9938.061839909826,11052.91043323682,9913.585371670017
2008-05-19,11115.249113719266,9964.95013355415,11066.674194268639,9940.407449261673,11032.804012137462,9907.34690456419,10984.5893793318,9882.946084187273
2008-05-20,11192.094815947044,9999.396666548744,11143.184071922658,9974.769143860398,11086.5917140791,9931.497311919784,11038.142022779177,9907.037011466355
2008-05-21,10890.971116349638,9864.879609309253,10843.376317591343,9840.583388797388,10763.861776036541,9786.944703020361,10716.822451986955,9762.840421416251
2008-05-22,10840.476428546135,9842.010940814513,10793.102297392106,9817.771043566037,10728.095234531918,9770.684499609753,10681.2122144159,9746.620265286367
2008-05-23,10866.845063551795,9853.980912610983,10819.3556984243,9829.711534508631,10730.330010449985,9771.702168168122,10683.437224104078,9747.63542742723
2008-05-26,10873.321029480367,9856.917093456375,10825.803363635532,9832.640483831683,10736.724621870655,9774.613832498253,10689.803890331374,9750.539920614674
2008-05-27,10904.001513535124,9870.823377787305,10856.34977043962,9846.512518362919,10790.912171834028,9799.27975223053,10743.754634418268,9775.14509061419
2008-05-28,10992.567334120959,9910.9103848932,10944.528548183947,9886.500795144384,10884.903209756092,9841.956611245509,10837.334920606188,9817.716840725534
2008-05-29,10972.97561679861,9902.078428318997,10925.022448923875,9877.690590803657,10890.816338434315,9844.629889765598,10843.22220822645,9820.383535223724
2008-05-30,11082.654492140875,9951.565862880789,11034.222014942465,9927.056142720114,10986.172637562991,9887.728012229874,10938.161789271207,9863.375511253947
2008-06-02,11005.329642193752,9916.849300272443,10957.235083499847,9892.425083563807,10901.298365380811,9849.533922884146,10853.658427499782,9825.27549019134
2008-06-03,10900.454870950749,9869.598225764414,10852.818627092023,9845.290383768004,10803.607953415578,9805.401334528993,10756.394933962207,9781.251596057919
2008-06-04,10976.817763808273,9904.168850604545,10928.84780530837,9879.775864586352,10901.487091438394,9849.819099165115,10853.846328802609,9825.559964111193
2008-06-05,11246.88754315182,10026.008201207738,11197.73734859572,10001.315136947691,11202.33829443963,9985.733121741709,11153.382777162515,9961.1392438264
2008-06-06,11239.46880811725,10022.70149532961,11190.351034288118,9998.016575158324,11122.13710221199,9949.987562172764,11073.532073444374,9925.481722052711
2008-06-09,11271.662693934428,10037.055808377183,11222.404229114534,10012.335534955891,11153.997791466936,9964.239025668297,11105.253527792976,9939.698085596236
2008-06-10,11164.000917908708,9989.121121022643,11115.212947456046,9964.518905984247,11078.521442579031,9930.526253119644,11030.107019301324,9906.068344288467
2008-06-11,11050.352322134018,9938.276912177836,11002.061009140756,9913.799921385329,10912.175391982977,9855.971907979418,10864.487920234486,9831.697619162924
2008-06-12,10936.075657739531,9886.888816022858,10888.283746937912,9862.538389016763,10824.096050684517,9816.194893666177,10776.79349587045,9792.018571721213
2008-06-13,11202.747848860727,10007.432893553747,11153.790549854946,9982.785578434965,11111.098332848878,9946.33372112393,11062.541544783346,9921.83688005478
2008-06-16,11335.69168166412,10066.812364704083,11286.15340278971,10042.018803834508,11234.31639500469,10001.484343049784,11185.221129720188,9976.851671426577
2008-06-17,11332.247744624949,10065.283147566619,11282.724516152248,10040.493353007252,11216.69893124199,9993.642264288977,11167.680656316907,9969.028906933965
2008-06-18,11333.090930054781,10065.657605498021,11283.564016764592,10040.86688868589,11193.341900985843,9983.237161764295,11144.425698991266,9958.649431152766
2008-06-19,11510.95708056164,10144.644873034284,11460.652871698003,10119.6596184127,11378.508668636588,10065.811417615978,11328.783266396973,10041.020314738975
2008-06-20,11283.16631835891,10044.268493740557,11233.857581374705,10019.530456190249,11129.145460310836,9955.513877639702,11080.5098042057,9930.994426748533
2008-06-23,11303.423358057767,10053.284896578325,11254.026095475836,10028.524652521677,11170.616924683463,9974.062909124648,11121.80003347033,9949.497773794468
2008-06-24,11272.839724353744,10039.684327394125,11223.576115775288,10014.95758019107,11139.515775288917,9960.178052867434,11090.83479970487,9935.647114571713
2008-06-25,11259.30025998436,10033.65514789923,11210.095820425367,10008.943249967564,11150.224309717085,9964.965465163506,11101.496536595914,9940.422735942462
2008-06-26,11207.913445551661,10010.758628432597,11158.933572293105,9986.103122358505,11010.19775507324,9902.394536432694,10962.081914232183,9878.005913251085
2008-06-27,11286.61659456182,10045.906929312405,11237.292779473028,10021.164856457714,11061.850031543574,9925.622149219142,11013.508464265171,9901.176318713227
2008-06-30,11219.952206338334,10016.238860321944,11170.919722307899,9991.569856979999,10999.39345015784,9897.601500512144,10951.324825382042,9873.224682106293
2008-07-01,11381.338587554636,10088.275020251049,11331.600826441538,10063.428598988587,11166.688579153897,9972.870219977578,11117.888855266227,9948.308022123389
2008-07-02,11101.572296609329,9964.284363847153,11053.05714642547,9939.74331927946,10865.559368778637,9838.40231065829,10818.075614456757,9814.171294030857
2008-07-03,11061.866524550931,9946.465284121085,11013.524893166314,9921.968126180243,10836.841828819566,9825.400922423205,10789.483573477155,9801.201926935439
2008-07-04,11093.245128612774,9960.572586684924,11044.76636911261,9936.04068385641,10867.582117384125,9839.336516593017,10820.0895234163,9815.103199108307
2008-07-07,11079.196890269806,9954.265663142362,11030.779523189998,9929.749293641287,10861.69370435578,9836.670878702787,10814.22684343566,9812.444126421857
2008-07-08,11086.548828689101,9957.568391169021,11038.099332791227,9933.043887376238,10925.81163999928,9865.704427590934,10878.064576265811,9841.40616853648
2008-07-09,11002.321039603668,9919.743095704449,10954.23962884977,9895.311751864541,10816.17468472703,9816.204864963607,10768.906747200695,9792.028518460318
2008-07-10,11197.270908183938,10007.626943389705,11148.33754404003,9982.97915034541,11024.787941947758,9910.868206214816,10976.608340298302,9886.458713218486
2008-07-11,11136.229878462622,9980.349053147504,11087.56327065243,9955.768442842653,10943.65117105315,9874.398759035943,10895.826146500453,9850.079086698808
2008-07-14,11218.844181060134,10033.795139149977,11169.816539227844,10009.082896433742,11004.793676310192,9912.817715282506,10956.701451919942,9888.403420837205
2008-07-15,10995.965816935632,9937.334395000322,10947.91217923711,9912.859725534183,10759.102537486313,9804.274062729355,10712.084011861034,9780.12710061778
2008-07-16,10892.3292184336,9866.263721649784,10844.728484612704,9841.964092206437,10675.757030226025,9750.355224633075,10629.10273413153,9726.341059313212
2008-07-17,10888.289914443334,9876.782881448391,10840.70683284633,9852.457344357288,10633.895766999503,9739.374572579902,10587.424409479192,9715.387451525366
2008-07-18,10818.057694557272,9825.224397115437,10770.781535854114,9801.02584345994,10575.160003063158,9699.523459835447,10528.94532764176,9675.634488149584
2008-07-21,10974.549553423536,9902.813260475272,10926.589507264385,9878.423613141178,10729.21482922322,9774.466594161137,10682.326916348582,9750.393044911089
2008-07-22,10745.546427351637,9770.35264833981,10698.587151241729,9746.289238361775,10497.943296669637,9649.945314760953,10452.06606720859,9626.178449167088
2008-07-23,10513.300621651966,9625.192207667098,10467.356286474933,9601.486313463798,10300.270142121613,9533.033613360398,10255.256767266485,9509.55468978101
2008-07-24,10479.44103579926,9609.692554721138,10433.644670914084,9586.024834626469,10403.916743356956,9580.99675024195,10358.450420836427,9557.3996981768
2008-07-25,10562.68380075924,9647.859541678628,10516.523655399023,9624.09782007881,10510.806036270189,9630.214078355002,10464.87259514563,9606.495808854519
2008-07-28,10551.05433821546,9642.548418895632,10504.945014946637,9618.799778064706,10483.657523555778,9617.777068840864,10437.842724579697,9594.089430470804
2008-07-29,10543.285376011096,9638.998413757814,10497.210004002332,9615.258516237607,10511.014138347213,9630.325638928689,10465.079787792449,9606.60709466549
2008-07-30,10737.833114823912,9727.929201407913,10690.907546778564,9703.970276173977,10745.108490341296,9737.56575916182,10698.151120324674,9713.583093036714
2008-07-31,10663.322710361457,9694.177888101583,10616.722761369534,9670.302089006345,10643.910923761456,9691.711500913792,10597.39579884482,9667.841769313925
2008-08-01,10599.300666626796,9665.076214187102,10552.980501343332,9641.27208962969,10580.00542739992,9662.617231030526,10533.769576912337,9638.819155754018
2008-08-04,10516.758296343767,9627.442679448483,10470.798850729896,9603.731242556289,10497.613319368244,9624.993270994268,10451.737531946266,9601.2878598285
2008-08-05,10651.015508667344,9688.894772361806,10604.469343564997,9665.031985056889,10631.626126413474,9686.429729301297,10585.164687485692,9662.573006185097
2008-08-06,10679.25656201133,9701.739772629053,10632.586980251619,9677.84534936188,10659.815769018447,9699.27146155093,10613.231138083844,9675.38311051204
2008-08-07,10545.786741927455,9641.113386586432,10499.7004386614,9617.368280097819,10526.58892082386,9638.660500038735,10480.586506663749,9614.921427832915
2008-08-08,10609.669504304722,9670.314667183113,10563.304026005791,9646.497640835292,10590.355389379363,9667.854351262326,10544.074308357835,9644.043377474107
2008-08-11,10518.878330320056,9628.938297208606,10472.909619913415,9605.22317675814,10499.729493980221,9626.488508240178,10453.844458629814,9602.779414452229
2008-08-12,10453.026112827203,9598.797871629897,10407.345184199237,9575.156984059626,10433.997155555819,9596.355750971286,10388.399378146105,9572.720871198922
2008-08-13,10539.1023437781,9638.318883704835,10493.04525210221,9614.580659799783,10519.916691124618,9635.866708132962,10473.94343538195,9612.13451676165
2008-08-14,10513.89703133278,9626.793384142018,10467.950089776716,9603.083546399797,10494.75726307759,9624.344140881145,10448.893956952767,9600.640328458958
2008-08-15,10428.625544103103,9587.7550053814,10383.051248772168,9564.141315295954,10409.641006253867,9585.3156942425,10364.14966804074,9561.70800504333
2008-08-18,10374.35163708494,9562.806131655216,10329.014524981721,9539.253888172421,10355.465900850322,9560.373167994483,10310.211314129505,9536.826909782701
2008-08-19,10383.516848908734,9567.030257985827,10338.139683773728,9543.467610898644,10364.614428087061,9564.596219625295,10319.31986124143,9541.039560452964
2008-08-20,10412.262483698234,9580.272898307881,10366.759696826804,9556.67763591041,10393.307733584523,9577.835490762378,10347.887773666831,9554.246224568204
2008-08-21,10530.65077813479,9634.737149974759,10484.630620774646,9611.007747524805,10511.48051092852,9632.28588566553,10465.5441222715,9608.56251350754
2008-08-22,10593.128043820432,9663.31810120999,10546.834853609911,9639.51830671055,10573.844041394683,9660.859565351513,10527.635116878364,9637.065819032587
2008-08-25,10440.994359373375,9593.928012624277,10395.366010894437,9570.29911903396,10421.987305015069,9591.487130952408,10376.44201204478,9567.864242111997
2008-08-26,10644.39571591243,9687.377827131357,10597.87848006723,9663.51877591216,10625.01838449935,9684.913170011187,10578.585822169913,9661.060182031262
2008-08-27,10679.26367097628,9703.244348058326,10632.594058149572,9679.346219171031,10659.822865042053,9700.775654186986,10613.238203097004,9676.88359846967
2008-08-28,10722.686084253668,9722.971283322504,10675.826710477322,9699.024568949304,10703.1662310428,9720.497570535588,10656.39215356259,9696.556941679273
2008-08-29,10603.096698534679,9668.751465918567,10556.759944154355,9644.938289580494,10583.794548913796,9666.291547706554,10537.542139525844,9642.484422949685
2008-09-01,10614.001981516067,9673.723620460323,10567.617569792486,9649.898198198533,10594.679979637893,9671.262437235597,10548.37999965549,9647.443069667035
2008-09-02,10552.580871149845,9645.733666850962,10506.464876756194,9621.977181070095,10553.998461811003,9652.694550522403,10507.876264778597,9628.920913831425
2008-09-03,10492.456657228606,9618.25497886485,10446.603412577977,9594.566170368365,10468.058463519388,9613.394158534331,10422.311834244407,9589.717314841004
2008-09-04,10412.191904106123,9581.466317897839,10366.689425675644,9557.868116226231,10358.067788958917,9562.888913841734,10312.801831685372,9539.336459595523
2008-09-05,10393.594054835332,9572.909298011222,10348.17285114922,9549.332171431282,10328.983054384833,9549.46295006705,10283.844200773803,9525.943562648277
2008-09-08,10443.602774834795,9595.939297939003,10397.963027279719,9572.305450752347,10397.19766024894,9580.996202078542,10351.760700900682,9557.399151363465
2008-09-09,10288.9465518184,9524.887585224982,10243.98266977913,9501.428731362948,10240.0564481068,9508.593550617947,10195.306214076398,9485.174820507782
2008-09-10,10281.93397224716,9521.641673130769,10237.000735988684,9498.190813628436,10273.353777206585,9524.05297558965,10228.458029987134,9500.596170437246
2008-09-11,10355.305495982822,9555.614725277783,10310.051617710933,9532.080193515969,10386.914362483449,9576.691921622809,10341.522342338794,9553.10547192688
2008-09-12,10403.870613712412,9578.022058132026,10358.404500279827,9554.43233933077,10413.335185469428,9588.871866177196,10367.827703264784,9565.25541847654
2008-09-15,10302.752534621419,9531.47634317797,10257.728318846419,9508.001261858284,10245.290711805232,9511.501989135611,10200.517603435546,9488.076095827615
2008-09-16,10313.199410160678,9536.308748242926,10268.129540335765,9512.82176518863,10252.247902985851,9514.731440578946,10207.444390884008,9491.297593449877
2008-09-17,10288.40240842875,9524.844223261794,10243.440904358795,9501.385476195977,10082.24503106084,9435.844757102313,10038.184451221434,9412.605200110876
2008-09-18,10703.69741168622,9717.081076744787,10656.921020597083,9693.14886936646,10467.82646645923,9616.275135179383,10422.080851038303,9592.591195924115
2008-09-19,10587.378626504898,9664.282542608287,10541.110561910558,9640.480372785296,10388.582322390535,9579.876294662774,10343.183013067683,9556.282002169442
2008-09-22,10405.65219306896,9581.341539922847,10360.178293929292,9557.743645567021,10143.048148310118,9466.666092307592,10098.721851798107,9443.35062540088
2008-09-23,10281.631501591433,9524.243504114236,10236.699587164578,9500.78623656013,10047.251617673546,9421.961889237778,10003.34396310819,9398.756524383583
2008-09-24,10301.31114203877,9533.358482007816,10256.29322531545,9509.87876516678,10069.81701945652,9432.542412335284,10025.810751468875,9409.310988694002
2008-09-25,10435.375597791348,9595.393522924542,10389.771803947979,9571.761019927642,10227.002627071495,9506.161421874991,10182.309439752631,9482.748681858557
2008-09-26,10459.580053388114,9606.521597533965,10413.870483284678,9582.861687192497,10277.230233008748,9529.505100726208,10232.317545227961,9506.034867526172
2008-09-29,9973.035500118904,9383.090028805298,9929.452185778377,9359.98040826747,9696.216365987599,9260.134147471337,9653.842776175252,9237.32734841855
2008-09-30,10366.64804041396,9568.254410402616,10321.34459391589,9544.688748349392,10168.099032684699,9485.464143757812,10123.663260903277,9462.102379100419
2008-10-01,10558.850484588378,9656.95433910631,10512.707091261545,9633.170217922054,10348.198978064549,9569.468615424637,10302.97614863892,9545.89995602098
2008-10-02,10373.107579616748,9572.015606677904,10327.77590418802,9548.440681171123,10206.693610311733,9504.040265114834,10162.089175750974,9480.632749298744
2008-10-03,10105.828796965743,9448.696887613592,10061.66516061606,9425.425683886528,9960.543299211493,9389.437899388693,9917.014570051793,9366.312637920591
2008-10-06,9938.210268395753,9370.337323988233,9894.779144330807,9347.259112098116,9711.641962103422,9272.122830438786,9669.200960647424,9249.286504439739
2008-10-07,9393.822375164706,9113.696638346268,9352.770288923659,9091.250507022525,9096.109440297183,8978.285126650482,9056.358387333534,8956.17249399731
2008-10-08,9368.2542266673,9101.293787850309,9327.313876181437,9078.878203517766,9033.637370879656,8947.453700568602,8994.159328103106,8925.417002683538
2008-10-09,8782.546648810536,8816.785243842693,8744.165907931703,8795.070375848967,8451.092724754079,8658.960204774494,8414.16046962815,8637.634037976975
2008-10-10,8868.51052426121,8859.934745854143,8829.754111340935,8838.113604914639,8530.339973759277,8699.558432590877,8493.061398966343,8678.132276353792
2008-10-13,9281.691520058128,9066.325472401355,9241.129458574871,9043.99601156314,9087.492338153994,8983.660799250243,9047.778942925877,8961.534926844512
2008-10-14,9521.948559931949,9183.666611989138,9480.336547499333,9161.048151556864,9290.811737889853,9084.158959422843,9250.209813309657,9061.78556993931
2008-10-15,9081.057690969039,8971.052842478579,9041.372422438184,8948.958028682906,8807.772324603364,8848.011304204212,8769.281338268482,8826.219523154596
2008-10-16,9264.467869820632,9061.647047598672,9223.981077673616,9039.329109256945,9077.427557886407,8983.45489109516,9037.758146915088,8961.32952582095
2008-10-17,9058.9401317495,8961.132919477033,9019.351519501066,8939.06253746829,8886.19149027642,8888.826728217,8847.35780309471,8866.93442279496
2008-10-20,9197.633640451528,9029.730953489403,9157.438921588246,9007.491621323428,9047.297169901602,8969.403456317381,9007.759432219447,8947.312698344133
2008-10-21,9000.849381833752,8933.134971269286,8961.514632856319,8911.13354543137,8838.562613254271,8865.93473971139,8799.937069787797,8844.098815004087
2008-10-22,8591.296986039719,8729.899327929956,8553.752028225126,8708.398451333593,8412.657496459564,8652.322688972026,8375.893207737914,8631.012869722686
2008-10-23,8606.558363249816,8737.653121499554,8568.946711458228,8716.13314807831,8479.238556320284,8686.561620910665,8442.183300646855,8665.167474541646
2008-10-24,8375.836649725798,8620.535092707749,8339.233278408652,8599.303569380792,8217.11663804021,8552.296133496468,8181.206885543152,8531.232669808976
2008-10-27,8323.1765585618,8593.43581995156,8286.803317911126,8572.271039446883,8125.878800944004,8504.816400896945,8090.367768374242,8483.869875118045
2008-10-28,8979.609672784874,8932.309794177434,8940.367743783461,8910.31040066889,8842.709365357123,8879.945817064012,8804.065700103136,8858.075384452115
2008-10-29,8825.200673764693,8855.511967517037,8786.633529881736,8833.70171944212,8665.192373047166,8790.81356086343,8627.324477632976,8769.162652226447
2008-10-30,8943.32601263977,8914.777495335851,8904.242647414203,8892.82128214127,8794.78216409566,8856.54780215056,8756.347946268428,8834.734996546638
2008-10-31,9167.959320694501,9026.735616761756,9127.894282027963,9004.503661813196,9029.30744755783,8974.633977853424,8989.848327048257,8952.530337620405
2008-11-03,9203.720543620793,9044.340794391586,9163.499224289259,9022.065479635832,9062.262654374572,8991.011807524332,9022.659515789997,8968.867830308685
2008-11-04,9444.584468256806,9162.687250542553,9403.310545819568,9140.120460197708,9261.882962145364,9090.037217217267,9221.407459669512,9067.649350163307
2008-11-05,9063.440504618757,8977.80336560377,9023.832225222299,8955.69192593886,8856.072922846868,8890.8969141374,8817.370857297123,8868.999510051182
2008-11-06,8805.114721934131,8849.860887246552,8766.635355975199,8828.064557222113,8554.867001339726,8739.701750017924,8517.481240592313,8718.176724740793
2008-11-07,8943.703114982116,8919.507225641577,8904.618101775855,8897.53936359014,8712.48714809267,8820.214578107423,8674.412569027618,8798.49125765852
2008-11-10,8931.831989129858,8913.587720518562,8892.798854111496,8891.634437621406,8675.158754596485,8801.319603865511,8637.247304939303,8779.642819878583
2008-11-11,8847.431605474869,8871.47372731595,8808.767309858638,8849.624167009035,8589.5072463441,8757.871044593732,8551.97010370942,8736.301270132224
2008-11-12,8495.89791061803,8695.229248847256,8458.76985775598,8673.813761218615,8214.102558399218,8566.489528037206,8178.2059777796785,8545.391107415826
2008-11-13,8911.97005476986,8908.146277483986,8873.023718693366,8886.20639632158,8650.857962587952,8794.23568592214,8613.052710209566,8772.576348927929
2008-11-14,8900.054278707938,8902.190945749418,8861.160015945905,8880.265731978689,8555.572438431367,8745.803301497754,8518.183594842067,8724.26324869982
2008-11-17,8650.01172372107,8777.139653962282,8612.210175737038,8755.522429126122,8284.6783753101,8607.344641445985,8248.473370187274,8586.145598701107
2008-11-18,8745.120830635382,8825.393109588318,8706.903644894595,8803.657041274613,8486.190962544537,8712.025125668844,8449.105324049764,8690.56826519364
2008-11-19,8408.637003528565,8655.606887834041,8371.890290885676,8634.28898615257,8133.02379905372,8530.74230894499,8097.481542013742,8509.731930206108
2008-11-20,8131.6461701067665,8513.043725419815,8096.109939323921,8492.076942674212,7820.196297680508,8366.679663408619,7786.0211330944185,8346.07335481918
2008-11-21,8510.143166181648,8711.16852144025,8472.952859911285,8689.713776963372,8213.336806754667,8576.986449640346,8177.443572558605,8555.862176134131
2008-11-24,9034.753842510745,8979.669997878982,8995.2709271333,8957.55396088383,8719.450250294267,8841.247385807603,8681.34524166521,8819.472263623313
2008-11-25,9116.002089551945,9020.046440837685,9076.164109972595,8997.830960666288,8751.972295680915,8857.735549654064,8713.725161942531,8835.919818744931
2008-11-26,9209.853992020775,9066.478446365636,9169.605868812967,9044.148608767713,8890.38573521812,8927.7785983817,8851.533718699684,8905.790358336963
2008-11-27,9296.52975970733,9109.141662320699,9255.902853406978,9086.706749451345,8974.054923600179,8969.789148408918,8934.837263026926,8947.697440514006
2008-11-28,9381.668687709142,9150.853063036478,9340.66971448276,9128.315419122267,9046.730115298007,9006.109471350968,9007.19485571022,8983.928310075178
2008-12-01,8697.542989032556,8817.20592873519,8659.533723942028,8795.490024636281,8387.028652063109,8677.73979962521,8350.37636436318,8656.367380533798
2008-12-02,8964.844043550793,8952.69525288267,8925.666642050594,8930.645652010271,8644.786688533648,8811.08602178241,8607.007968326854,8789.38518406933
2008-12-03,9068.641894175043,9004.523846889928,9029.010884106863,8982.346597328577,8744.878812057028,8862.094817154837,8706.662677664583,8840.268349798875
2008-12-04,9049.751174074874,8995.14526839869,9010.202718630331,8972.991117346406,8726.66251684147,8852.864584301582,8688.525989771328,8831.060850100726
2008-12-05,9135.612362687803,9037.81682088862,9095.688683955135,9015.557574032846,8809.458342042324,8894.861179634223,8770.959987615735,8872.954011952233
2008-12-08,9482.687785932325,9209.496833885225,9441.247347606153,9186.814756177131,9144.142691731578,9063.825644525032,9104.181727889621,9041.502333994953
2008-12-09,9207.741788924748,9075.98435587835,9167.502896287862,9053.631106167679,8879.012647812233,8932.424999750363,8840.210333004488,8910.425316076338
2008-12-10,9334.492582813908,9138.45288772928,9293.699774602077,9115.945784217547,9001.238262719871,8993.905435780593,8961.90180780271,8971.75433184333
2008-12-11,9134.692655812682,9040.650987750585,9094.772996305035,9018.3847606228,8808.571469977087,8897.6505170701,8770.076991284257,8875.736479524525
2008-12-12,9180.649395553573,9063.392795285177,9140.528899797608,9041.070557339968,8852.887490426576,8920.032606130218,8814.199345585865,8898.063443702058
2008-12-15,9134.178764892229,9040.45424480898,9094.261351147123,9018.188502239553,8808.0759256746,8897.456886109401,8769.583612567832,8875.543325457824
2008-12-16,9449.00576010117,9196.252544715073,9407.712516109103,9173.603086378216,9111.663160896076,9050.790846860275,9071.844136369928,9028.499639754
2008-12-17,9382.773629697518,9164.022307310712,9341.769827747323,9141.4522288534,9047.795609326273,9019.070411142231,9008.255693406038,8996.857328347307
2008-12-18,9207.94720099864,9078.647057105743,9167.70741068732,9056.287249425919,8879.210726390449,8935.045583708845,8840.40754595635,8913.039445794439
2008-12-19,9098.672724838647,9024.777047876158,9058.910476579977,9002.5499166886,8773.83750045196,8882.027663193427,8735.49481323342,8860.152103199396
2008-12-22,9051.137276816295,9001.202355542104,9011.582763943052,8979.033286484662,8727.99913379429,8858.825863486738,8689.85676555308,8837.00744724194
2008-12-23,8990.5345449383,8971.068161559115,8951.24487298669,8948.973310034065,8669.560003422073,8829.168317029353,8631.673020956709,8807.422944402679
2008-12-24,8964.64302995434,8958.150434333545,8925.466506906721,8936.087397890042,8644.59285140114,8816.454915916569,8606.814978285089,8794.740855145625
2008-12-25,9083.594929402112,9017.583308913285,9043.898572846932,8995.373895191635,8759.29800320594,8874.947711175659,8721.018855276245,8853.089588406661
2008-12-26,9257.272147996639,9103.790851175387,9216.816801983165,9081.369116823427,8926.77470443061,8959.79166588899,8887.76366389735,8937.724580809601
2008-12-29,9341.607705659226,9145.259507708488,9300.783803540677,9122.735640166527,9008.099365820128,9000.604392068099,8968.732927086861,8978.436789260786
2008-12-30,9308.074700853167,9128.845414937345,9267.39734182967,9106.361973678651,8975.763535752621,8984.44992916158,8936.538408346145,8962.322113206536
2008-12-31,9390.62757189033,9169.327062457238,9349.589447307735,9146.743918913895,9055.369154899527,9024.29125833967,9015.79614170697,9002.065317111916
2009-01-02,9540.82514455241,9242.656062951748,9459.803642302615,9200.655431474357,9200.204466087485,9096.460377582325,9122.075537138851,9055.124084441131
2009-01-05,9631.949488093684,9209.173911774691,9558.665163146366,9167.380828884177,9288.075541968446,9063.507830234043,9217.407564626224,9022.375802804172
2009-01-06,9611.095269723468,9219.223680199055,9513.605862699975,9172.290405999682,9267.965849681032,9073.398636475611,9173.956943676278,9027.20772269446
2009-01-07,9420.74835331095,9163.971886858571,9320.874536715317,9131.435290840267,9084.414581260266,9019.020788215445,8988.106393233242,8986.998833229141
2009-01-08,9394.065530510072,9154.54648512737,9317.74114727245,9130.05862047554,9058.68436932532,9009.744472748689,8985.08487013764,8985.643938344878
2009-01-09,9291.665132092498,9131.085780355126,9219.356971369265,9113.005443636686,8959.939808528377,8986.654857605885,8890.213145714662,8968.860500093135
2009-01-12,9190.997663935923,9050.97887487724,9138.899397251107,9043.853236905974,8862.866309433595,8907.815042872195,8812.62801853943,8900.802108240154
2009-01-13,9199.603123392822,9076.351257570821,9102.484336595497,9062.812800083473,8871.164541613563,8932.786097976381,8777.513026035302,8919.461778568832
2009-01-14,9048.044368006953,9002.342899733198,9007.438764936494,9001.911701943345,8725.016646066118,8859.948367123408,8685.860713056329,8859.523983414469
2009-01-15,8955.459490611807,9014.810014061872,8867.26812304951,9010.125455700008,8635.737174974445,8872.218282907483,8550.694357418202,8867.607816139165
2009-01-16,9134.461570192361,9090.376526937715,9050.921917580723,9079.895442048586,8808.348631346567,8946.589522685892,8727.791456865833,8936.274215882266
2009-01-19,9192.52102896982,9112.378347758096,9107.648906862012,9098.732401771094,8864.335286787731,8968.243329769497,8782.493213983109,8954.81322203583
2009-01-20,9203.486775936943,9082.134132834935,9170.263173864125,9087.69926140253,8874.909537303127,8938.477502627837,8842.87206484442,8943.954598340757
2009-01-21,9217.991299899311,9103.047205122894,9156.035067252036,9095.638933612341,8888.89622515796,8959.059782455763,8829.151921364322,8951.768684802868
2009-01-22,9157.24499102324,9082.938778317966,9103.503492644388,9084.424308755342,8830.318648010314,8939.269420633285,8778.495796800285,8940.731447249858
2009-01-23,9206.754635832222,9122.352377869913,9141.121991535194,9121.836991136988,8878.060730545649,8978.059595689056,8814.771263126158,8977.552354610292
2009-01-26,9277.070305210837,9144.201259843627,9209.067666234709,9137.336394039552,8945.866033748887,8999.562883035755,8880.291183038573,8992.806595741567
2009-01-27,9283.023634612096,9132.28384072808,9222.739821127618,9120.969118489875,8951.606821672736,8987.833967662375,8893.47522304664,8976.698209536866
2009-01-28,9254.080868776324,9109.370115303129,9193.024921399901,9092.26232603174,8923.697353606472,8965.282680022628,8864.821186436136,8948.445486705243
2009-01-29,9174.252626941896,9102.451452402192,9118.620933995113,9101.706404238856,8846.719094481648,8958.473453051985,8793.07352453587,8957.740183226108
2009-01-30,9288.019579655811,9153.548434791814,9240.445714614092,9149.193306594781,8956.424408581695,9008.762209071407,8910.54899158808,9004.475961608554
2009-02-02,9137.883937718541,9121.407211228354,9073.341521248825,9119.425628113686,8811.648817131569,8977.129379218097,8749.410649600299,8975.179133316304
2009-02-03,9180.377783829792,9133.145834638586,9115.281349800842,9128.732774568758,8852.625574045274,8988.68232698671,8789.853168127356,8984.339064002812
2009-02-04,9338.064537392493,9150.06764444209,9342.190601099303,9143.546104752682,9004.682691970871,9005.336476112909,9008.661444565992,8998.918084369161
2009-02-05,9440.365157392724,9213.479970212384,9406.952735169232,9196.891697707199,9103.331038060714,9067.74577760493,9071.111480662981,9051.419883524552
2009-02-06,9654.878839676487,9255.37643686985,9614.321725877759,9218.106421410821,9310.186284596728,9108.979547023007,9271.077110905491,9072.299043382694
2009-02-09,9682.00808970487,9268.379780859563,9616.371659553062,9219.089148394301,9336.346982801213,9121.77721065702,9273.053859106545,9073.266226084277
2009-02-10,9515.65910834554,9191.56188115722,9494.014944081011,9165.483553594182,9175.936890616134,9046.174377859592,9155.065448012996,9020.5085376619
2009-02-11,9688.194000851616,9279.947396168378,9656.82517572982,9252.241632548195,9342.312048347092,9133.16185524436,9312.063128670772,9105.894320893047
2009-02-12,9687.22898923567,9296.01049132378,9632.245307000483,9262.870866776551,9341.381488983223,9148.970872438904,9288.360795332765,9116.355427232395
2009-02-13,9645.687766835743,9272.61066085632,9600.369379356624,9245.475124680748,9301.323345794124,9125.941168721743,9257.622882498783,9099.234842248896
2009-02-16,9677.421707901965,9274.466285816527,9642.892812242615,9247.061005788431,9331.924341184847,9127.767442339542,9298.628169875981,9100.795638685651
2009-02-17,9492.05000879593,9216.042653348022,9469.352858846945,9206.19844651426,9153.170668639825,9070.267925507533,9131.283833413461,9060.579422852843
2009-02-18,9586.103890569257,9276.607007002947,9546.660677624837,9254.614949871206,9243.866696486453,9129.874302674829,9205.831655880918,9108.230098274526
2009-02-19,9562.827020081055,9281.23004551868,9539.05058040395,9269.255168763437,9221.420842533627,9134.424216292296,9198.493249681504,9122.638745536657
2009-02-20,9501.708900398658,9339.306600431299,9425.052813119095,9324.878615828105,9162.484724426271,9191.582145466653,9088.565360735969,9177.382368849829
2009-02-23,9396.573960500276,9280.030858752745,9361.031725874782,9284.922323743687,9061.10324758667,9133.243997659543,9026.829915065531,9138.058085327497
2009-02-24,9505.15219819844,9337.33876998967,9403.117367458031,9322.70906238696,9165.805091722605,9189.645441177307,9067.41304089645,9175.247132315462
2009-02-25,9417.551369405719,9318.076199877622,9303.988914533467,9306.829015091353,9081.331733922018,9170.68755671193,8971.823611173626,9159.618267632994
2009-02-26,9329.458877575902,9270.477995849837,9192.35331828803,9257.356414816752,8996.384266136145,9123.842237137793,8864.173560486472,9110.928200104328
2009-02-27,9228.654572082036,9255.769046442318,9061.849785026425,9238.087136962253,8899.17881405108,9109.365946494707,8738.329184293256,9091.963714009875
2009-03-02,8819.24442562899,9131.45539430955,8647.824676904966,9117.481603385426,8504.385177219734,8987.01862519266,8339.085346538846,8973.265858194902
2009-03-03,8767.603185069576,9058.552796076085,8612.463569827862,9067.817146764164,8454.587600516852,8915.269163594527,8304.986680009264,8924.386969006915
2009-03-04,8975.488695980875,9136.895746718545,8830.427017418127,9150.61119155975,8655.05131058425,8992.372924843263,8515.168530334611,9005.871419181209
2009-03-05,8869.118373528097,9119.891009982744,8710.92376299231,9123.742358999822,8552.478556059537,8975.63716048128,8399.931707771888,8979.427584321147
2009-03-06,8917.2295383795,9113.62622001301,8757.00051816432,9112.705116468702,8598.872085649444,8969.471463808653,8444.363458903143,8968.564923349464
2009-03-09,8603.118979087554,9004.361636046024,8468.530741621196,9014.419387234837,8295.975708643757,8861.935172080484,8166.19245331899,8871.833828421393
2009-03-10,9049.33699764755,9200.45887226846,8927.686597941734,9216.526314304983,8726.263125536541,9054.930640839832,8608.955808992208,9070.743929617522
2009-03-11,9248.659516595852,9290.552651035876,9127.44117558322,9305.491625743363,8918.4695543213,9143.599361523866,8801.578871270842,9158.30203243807
2009-03-12,9470.284339099113,9393.014612668976,9311.179006549211,9396.640011674952,9132.18206351579,9244.44063137711,8978.757006936017,9248.008678975839
2009-03-13,9597.321800264139,9415.994855096367,9456.516437883218,9417.934276386779,9254.68411125855,9267.057383886804,9118.905690474638,9268.966121702462
2009-03-16,9467.389804857063,9354.321266641855,9334.625875668917,9359.303049147324,9129.390868157658,9206.359317238133,9001.366790321257,9211.262293770797
2009-03-17,9562.422713120623,9411.008285387476,9408.12448371605,9415.50353709202,9221.030969892005,9262.149689229767,9072.241396162159,9266.573830621146
2009-03-18,9699.19349827543,9422.865449632567,9569.636175737976,9438.106464614477,9352.918848468891,9273.819302813929,9227.986896858036,9288.819236387273
2009-03-19,9697.302913939147,9412.37768632865,9500.580060351744,9407.73894980682,9351.095760613536,9263.49742967554,9161.396180530941,9258.932059678236
2009-03-20,9659.775545826631,9370.679541714724,9469.743776349233,9367.997217544875,9314.908171551067,9222.458845342659,9131.660794618947,9219.818942178857
2009-03-23,10132.476191680897,9569.142194077223,9932.821148670671,9567.01068860074,9770.732749241972,9417.782315279159,9578.205662735016,9415.6845180944
2009-03-24,10034.742899692701,9497.751118663506,9853.056864474742,9514.316451059582,9676.488671224368,9347.520467992972,9501.289074070604,9363.823771539552
2009-03-25,10017.131650995894,9530.754131012322,9840.172187914695,9539.115472811052,9659.506168513115,9380.001455290036,9488.864398327152,9388.23053481906
2009-03-26,10092.745106801942,9561.618590581573,9913.42201862016,9566.841739507203,9732.420119155711,9410.3777163599,9559.499108522388,9415.51824135278
2009-03-27,9929.296992819067,9463.489125657297,9772.54119954899,9481.159967120093,9574.807329361493,9313.800413961399,9423.647930010147,9331.191740211785
2009-03-30,9599.141170127019,9364.773963016769,9432.321884186811,9387.147762738461,9256.438527095897,9216.646678118566,9095.574915888677,9238.666573666003
2009-03-31,9741.302514238956,9422.641727652033,9563.406646893123,9439.746417420783,9393.524514204479,9273.599119555172,9221.979770829605,9290.433249243677
2009-04-01,9836.323336408253,9461.249223962259,9656.692196848977,9478.423996969472,9488.140967078492,9313.070871117643,9314.868336039859,9329.976652877396
2009-04-02,10106.945009394862,9530.941771194966,9922.371771264256,9548.243055369012,9760.744541045442,9387.345891209092,9582.493617772778,9404.386502532292
2009-04-03,10338.01262401538,9629.98372240121,10149.219624342788,9647.46479499324,9985.873008547676,9485.845745537446,9803.510784439459,9503.065161152344
2009-04-06,10215.718554999115,9573.024520627889,10029.158892136165,9590.40219658191,9870.538270195266,9431.065981355767,9690.282291518457,9448.185956651685
2009-04-07,10176.219442843729,9543.870345011243,9990.381113581288,9561.195098107342,9823.543975628083,9398.125789820004,9644.146207752707,9415.185969620221
2009-04-08,10207.55762973157,9556.17087882677,10021.147001854102,9573.517960779362,9857.507836142044,9412.013989292527,9677.48981952754,9429.09937998962
2009-04-09,10570.811659367111,9713.297439690048,10377.767278911442,9730.929749623887,10215.871742085224,9570.382782082243,10029.309276240097,9587.755655639234
2009-04-10,10707.764090555767,9708.375942983925,10512.218681978262,9725.999319045843,10348.225672594455,9565.53369683279,10159.246156470754,9582.897767968097
2009-04-13,10720.424017666086,9714.115111813118,10524.647413238692,9731.74890604705,10353.797663884763,9568.108972640073,10164.716391938256,9585.477718608352
2009-04-14,10482.211591173716,9606.189206634463,10290.785226990018,9623.627085627275,10124.21219656897,9462.027183082106,9939.323619282888,9479.203361463626
2009-04-15,10541.242665013056,9633.238062662565,10348.738274141897,9650.725042778431,10181.291847165943,9488.700330338563,9995.360880093283,9505.924927808976
2009-04-16,10592.860004174623,9681.007877542166,10399.41297639153,9698.581573028036,10237.930285304792,9538.91450682355,10050.964985876797,9556.230256817189
2009-04-17,10673.482191245217,9704.722235792533,10478.562839419701,9722.338979369655,10315.37629742671,9562.059602267193,10126.996677287168,9579.417366966592
2009-04-20,10470.031659637109,9574.098064985583,10278.827725614245,9591.477689718273,10107.274151246089,9428.03595481465,9922.694896901976,9445.1504297801
2009-04-21,10774.705960049263,9679.942210247722,10577.938057670977,9697.513971253962,10405.773564427944,9534.308745127531,10215.743107486296,9551.616134398573
2009-04-22,10655.510168585872,9649.834236994971,10460.919022208682,9667.351343737902,10287.588299062347,9503.246925121737,10099.71614393672,9520.497928657358
2009-04-23,10715.038294567894,9635.914324805062,10519.360044326766,9653.40616307377,10344.937375232968,9489.481370017344,10156.017910065237,9506.707385289308
2009-04-24,10948.47032087568,9691.546559923234,10748.529130157585,9709.13938602002,10571.749995584956,9544.930211362198,10378.688473546705,9562.256881511976
2009-04-27,10955.919133435526,9703.340119460503,10755.841912348895,9720.954354115842,10589.779752773013,9561.437674660443,10396.388970927617,9578.794310390404
2009-04-28,10724.942440504456,9634.650058874684,10529.083320546046,9652.139602152545,10365.38146913983,9493.237189459944,10176.088653496727,9510.47002257585
2009-04-29,11090.750516887712,9761.963673332915,10888.211002296739,9779.684325883693,10721.424916856855,9619.826674936212,10525.630028240337,9637.289302740053
2009-04-30,11145.315369453869,9774.723996298333,10941.7793904004,9792.467812349534,10772.570318154647,9631.682314389978,10575.841411137777,9649.166463435951
2009-05-01,10924.444054639971,9677.869126362464,10724.941632091208,9695.437124150514,10583.99991844413,9547.382554431651,10390.714688055506,9564.713676257714
2009-05-04,11653.09180656089,10000.620451145614,11440.28280374444,10018.774331475144,11308.464701068997,9874.137206747899,11101.949279495842,9892.061478021385
2009-05-05,11812.022195612815,10068.817051903807,11596.310802754922,10087.094727845328,11464.029327489281,9942.053873881554,11254.67298141786,9960.101432561343
2009-05-06,12109.20727701407,10195.480470141192,11888.068684072734,10213.988075070421,11762.095450807887,10071.301164313147,11547.295814887579,10089.583342326916
2009-05-07,11784.273850170215,10058.689830931842,11569.069198168869,10076.949123178218,11401.862288549515,9917.07623553025,11193.641238258198,9935.078452935537
2009-05-08,11957.621807758456,10132.67204487116,11739.251471781818,10151.065635210833,11582.771784090695,9995.751684049521,11371.246960765118,10013.896719004562
2009-05-11,11763.784989824178,10050.545141297613,11548.954505812877,10068.789648689222,11381.78085413035,9909.02566267572,11173.926531419169,9927.01326607993
2009-05-12,11526.20697891838,9949.056184926263,11315.715149440248,9967.116461911595,11138.185460571556,9802.988082220649,10934.779682090197,9820.783198289766
2009-05-13,11141.268395292844,9782.922798494754,10937.806322164935,9800.681497629916,10726.887504885546,9621.991412156905,10530.992858370902,9639.457969553414
2009-05-14,11334.11243907065,9867.589028832805,11127.12864403952,9885.501420493447,10919.737484079602,9708.484387998908,10720.321007165658,9726.107953904591
2009-05-15,11212.740405711937,9814.75518978207,11007.973109256258,9832.571673474185,10783.712718906032,9648.016161954363,10586.78032913095,9665.52996142027
2009-05-18,11540.267657011218,9958.101047849339,11329.519051139874,9976.177743751867,11150.076225199009,9811.905961414053,10946.453297322503,9829.717265883484
2009-05-19,11472.251307870081,9928.755381969495,11262.744817969007,9946.77880740654,11082.646149347405,9782.23721521608,10880.254630942416,9799.994662761705
2009-05-20,11459.816109763107,9923.374309117395,11250.53671170623,9941.387966425244,11065.557608791283,9774.695507435774,10863.478161675395,9792.439264710209
2009-05-21,11382.612215427076,9889.947806707583,11174.742716480232,9907.900785707767,10934.648159646844,9716.876459825537,10734.959383660293,9734.515259646734
2009-05-22,11291.839885772757,9850.513378758005,11085.62807298146,9868.394773411062,10830.64882552653,9670.667900263443,10632.859287579531,9688.222818856397
2009-05-25,11302.760100074118,9856.705488884054,11096.348862104114,9874.598123922322,10841.123027020174,9676.279338274066,10643.142208983942,9693.84444316837
2009-05-26,11608.865944678544,9987.57197430519,11396.864595463569,10005.702168055648,11187.084469588337,9828.968881041277,10982.785696369978,9846.811159396702
2009-05-27,11528.054767812886,9959.083911061989,11317.529193975868,9977.162391131933,11094.44830397088,9792.39038979727,10891.841254368512,9810.16626814365
2009-05-28,11739.144741450616,10054.343765060734,11524.764238163107,10072.59516800063,11321.690884981006,9895.351134884997,11114.933926557484,9913.31391526513
2009-05-29,11894.664171694125,10147.495974953523,11677.443569365254,10165.916474808862,11465.018255031953,9975.408204214065,11255.64384914483,9993.516310165229
2009-06-01,11916.582117580178,10156.093997091673,11755.64883818831,10213.305187705604,11486.144505094055,9983.860415556483,11331.024273616142,10040.101374721342
2009-06-02,11678.055909513587,10049.077587353515,11553.538128895572,10119.851161918392,11256.234077164949,9878.658859002775,11136.213984156417,9948.232202544923
2009-06-03,11572.878412562139,10041.865480974991,11459.62409746478,10116.553881645365,11154.85568554657,9871.569060168109,11045.692211651716,9944.990839676231
2009-06-04,12136.93626306056,10346.82472623648,11974.968449561957,10408.879268690413,11698.539261603175,10171.356610184512,11542.421864201027,10232.358784371587
2009-06-05,12160.527582092116,10370.660466441394,12042.081533112145,10464.877451597338,11721.278441074974,10194.788128559134,11607.11076306588,10287.407313995716
2009-06-08,12071.685736276893,10282.98695940059,11919.103127187747,10352.339402989834,11635.645642251931,10108.601445303893,11488.57444730476,10176.777758159757
2009-06-09,12081.835693450166,10286.60308714228,11939.078779302421,10359.69184980939,11645.42897388698,10112.15624842289,11507.82856097455,10184.005517446662
2009-06-10,12119.152326786669,10327.329421966222,12008.080120298608,10424.534307933942,11681.397697025655,10152.191919837102,11574.33751173531,10247.74833536816
2009-06-11,12175.89128569802,10376.228336884698,12090.563979662693,10491.878087058372,11736.087193954727,10200.26157547027,11653.84198022539,10313.95005527566
2009-06-12,12242.101392349063,10386.532819870781,12135.62664674596,10491.362025048185,11799.90573228961,10210.39130839879,11697.276943414796,10313.442744977692
2009-06-15,11781.929603297576,10124.192132743708,11663.67899999319,10195.963417004998,11356.355760153252,9952.499563565783,11242.376468346143,10023.053696946932
2009-06-16,11410.350217325547,9888.78834254783,11266.102842325274,9931.30098682609,10998.198154199054,9721.08790242108,10859.161117568354,9762.879582863334
2009-06-17,10947.084934330423,9653.738198788684,10809.605355220645,9678.999862289005,10551.66642788923,9490.023890349112,10419.152728543913,9514.857143432238
2009-06-18,11113.133221337075,9690.668344853962,10863.587127165745,9640.207948874813,10711.716902141276,9526.32775121803,10471.184630539485,9476.723088291434
2009-06-19,11516.79951010895,9985.858133997495,11286.894066532555,9965.709158685968,11100.80240324556,9816.511521843893,10879.201344136327,9796.70423876492
2009-06-22,10887.242613185088,9686.974936807625,10697.081538621009,9664.680164278741,10493.98566494786,9522.696978363529,10310.693372977888,9500.78028809148
2009-06-23,10911.085395974957,9650.18392772603,10652.25277898558,9577.563361256827,10516.967225081964,9486.52989490376,10267.48386828981,9415.140867971675
2009-06-24,11060.35711957551,9748.209514841628,10821.210609486303,9697.790699811203,10660.84712041462,9582.893100994153,10430.33879063167,9533.329313818964
2009-06-25,11304.10704914813,9895.684119890204,11063.50268712968,9854.789655265897,10895.792584353258,9727.86673673108,10663.879061430136,9687.66577978378
2009-06-26,11434.445349827789,9997.499149970563,11187.108289555188,9959.287531711303,11021.422948948026,9827.955121972409,10783.019918793005,9790.391513879937
2009-06-29,11319.684810851026,9922.61921648732,11089.191381359626,9898.818228605907,10910.80766335996,9754.345050616523,10688.639857017302,9730.947688195774
2009-06-30,11207.477832108123,9889.1357741437,10973.680678788614,9856.349467125257,10802.653701124455,9721.429442048235,10577.30150447627,9689.19913934815
2009-07-01,11184.947596774346,9879.195778741667,10959.952803529286,9850.184410023743,10780.937278057496,9711.658015488614,10564.069492366201,9683.138633259028
2009-07-02,10953.862620944079,9767.293571848428,10754.217023679119,9737.949764161025,10558.199339616245,9601.653555406068,10365.765073144301,9572.807334868561
2009-07-03,10887.235749573158,9731.976358456239,10695.859045159641,9705.695127314502,10493.97910260434,9566.93528518252,10309.515037075236,9541.099692945385
2009-07-06,10857.277912162235,9717.022929653052,10665.084931399568,9689.668522166907,10465.103369225384,9552.235446431505,10279.852511865938,9525.344877298812
2009-07-07,10748.270095884147,9668.243140701577,10559.305395427957,9641.615991568868,10360.033012306016,9504.282896307353,10177.893827471375,9478.107252489855
2009-07-08,10561.848492311141,9543.605067597226,10364.76957597163,9498.80714988139,10180.345098153848,9381.758492486631,9990.384816043035,9337.720255195896
2009-07-09,10825.403694272734,9727.103382526011,10639.921883539679,9709.922084698976,10434.38044405929,9562.144918922011,10255.598375831156,9545.254966861787
2009-07-10,10659.539790279427,9587.582607018092,10454.763503879507,9539.722228848073,10274.507681298865,9424.990216100334,10077.128082674955,9377.941469879144
2009-07-13,11027.019932803503,9728.852849152048,10718.430706948453,9627.51029352915,10628.714110927049,9563.864705208294,10331.271390224714,9464.240767970186
2009-07-14,11128.563984659893,9825.787391509559,10856.573510517,9758.288247221577,10726.590291607128,9659.155360965091,10464.424352005579,9592.80090482296
2009-07-15,11592.29905565644,10073.563340071765,11300.54269899033,10015.787130522556,11173.574842128726,9902.729370291609,10892.356975765728,9845.932956074246
2009-07-16,11552.498991213652,10034.265442572203,11260.496433859033,9971.028483525715,11135.212398458094,9864.097917885201,10853.757217597014,9801.933355065104
2009-07-17,11771.78722983824,10203.999830986451,11521.415498909113,10186.975262069831,11346.5797614536,10030.95385170514,11105.251652334422,10014.21796893695
2009-07-20,11937.24520286164,10327.276509290004,11717.509839970799,10342.40971342242,11506.061243102677,10152.139923536957,11294.2628901719,10167.016462668707
2009-07-21,11860.392660901596,10286.750065400274,11659.25089997644,10308.354880825593,11431.98468383958,10112.300753307958,11238.108315267726,10133.539153875185
2009-07-22,11847.304083737017,10272.961998117693,11630.30602908225,10282.478681151355,11419.368892671962,10098.746526101526,11210.208959033698,10108.101779475111
2009-07-23,12162.987727915459,10447.493421992569,11922.46690427938,10460.668118345842,11723.64976727495,10270.31813888876,11491.816721755007,10283.26936533074
2009-07-24,12010.858427042494,10403.247667996771,11805.169698060203,10436.24618951228,11577.01551880317,10226.82273834691,11378.75639567762,10259.26159930899
2009-07-27,12054.063907840844,10440.67024858003,11866.34086985278,10490.323972793378,11618.660395207793,10263.610697062066,11437.718009959222,10312.42229668206
2009-07-28,12023.99273870922,10414.623998676847,11845.311955658457,10471.73356441779,11589.67542711087,10238.006159318946,11417.44867897941,10294.147156435289
2009-07-29,11997.512159860893,10391.687751294994,11825.816094567044,10454.498436822803,11564.151333742082,10215.458864809783,11398.657025851408,10277.204313244018
2009-07-30,12263.625231272217,10622.182532862826,12074.96323947352,10674.754562584836,11820.652188543043,10442.044790173997,11638.804752743908,10493.725193645805
2009-07-31,12295.333683547457,10649.646921373596,12097.392592165135,10694.583015080487,11851.215294646174,10469.043412395964,11660.423937128237,10513.217382462391
2009-08-03,12571.435610923249,10888.793585997875,12399.956354168531,10962.061584982901,12117.344219218783,10704.13451447927,11952.058825067385,10776.159878356708
2009-08-04,12506.444247857178,10832.50108614335,12340.38745805271,10909.400278029869,12054.700374357046,10648.796634348682,11894.641610830073,10724.391635793056
2009-08-05,12518.692351093072,10843.10982424481,12366.113224709672,10932.142893435905,12066.506146031112,10659.225534094388,11919.438139754999,10746.748567266894
2009-08-06,12539.500787471066,10861.133125288525,12427.175542595116,10986.124445472338,12086.562757676229,10676.94300296133,11978.294832030086,10799.814665346776
2009-08-07,12581.747589026763,10897.72534244222,12459.76540145104,11014.935195254086,12127.283401558521,10712.914519635828,12009.707515996162,10828.13682386199
2009-08-10,12625.62498894415,10935.729908155905,12509.29601261996,11058.722253407159,12169.575699452385,10750.274393003485,12057.449037129296,10871.181312857274
2009-08-11,12582.593662204954,10898.458171729273,12478.270245417358,11031.294223736559,12128.098728031995,10713.634757015188,12027.543948425198,10844.218425394245
2009-08-12,12710.658609347081,11009.38208035755,12574.321219683487,11116.207159325155,12251.537850699151,10822.67754308071,12120.125475476127,10927.691352685299
2009-08-13,12965.819918277457,11230.390953971137,12859.193314724222,11368.045582016848,12497.482552932055,11039.938448457078,12394.707735308231,11175.25893706711
2009-08-14,12973.364916856268,11236.926081276719,12896.742764027014,11401.240809804971,12504.755004322069,11046.362735538503,12430.900864872354,11207.891218784385
2009-08-17,12506.870081184936,10832.869923191996,12402.918217752525,10964.679991861656,12055.110356828678,10649.158801787817,11954.913703486036,10778.73388060376
2009-08-18,12714.390763088777,11012.614698570955,12612.012524239546,11149.527792879075,12255.135203101001,10825.855347004472,12156.45533635472,10960.446913456557
2009-08-19,12634.786873374973,10943.665506882537,12490.796077307483,11042.367564372675,12178.406648934235,10758.07541519401,12039.617336049127,10855.103977181854
2009-08-20,12771.847247734131,11062.380836730761,12648.794730056512,11182.044746477992,12310.516305027713,10874.777516240481,12191.908935954878,10992.41242359555
2009-08-21,12948.60376830084,11215.479124547448,12827.961202660523,11340.435135165857,12480.88830916203,11025.279541829776,12364.603755104226,11148.116725971822
2009-08-24,13065.017346668421,11316.311158746512,12971.68337666933,11467.49133420502,12593.097015542597,11124.401681554771,12503.134555468083,11273.018224085827
2009-08-25,13169.492844111728,11406.802981769983,13085.824816436592,11568.396970998385,12693.798686498652,11213.358817066099,12613.15310420415,11372.212638045545
2009-08-26,13188.25749290246,11423.056048939057,13133.854089459295,11610.856785671833,12711.885590664753,11229.336299560768,12659.447516869528,11413.952391811687
2009-08-27,13090.105260532948,11338.041144408355,13010.934635894391,11502.191030609078,12617.278544685041,11145.762991097832,12540.96802405591,11307.12946067045
2009-08-28,13186.665416933158,11421.677066685997,13086.520310654976,11569.011815941072,12710.350796712566,11227.980504048239,12613.823476548469,11372.817056051359
2009-08-31,13123.762633589902,11367.193597573343,13027.853021408848,11517.1475658283,12649.720032890613,11174.4209253217,12557.275302333222,11321.832353324276
2009-09-01,12588.936429994506,10903.95198256853,12496.935374772553,11047.794950968108,12087.722147972354,10677.967177026207,11999.384523573044,10818.829455282004
2009-09-02,12678.204294955407,10981.27166072664,12585.550862320995,11126.134616378522,12164.532414109757,10745.819290983956,12075.633456784608,10887.576665019515
2009-09-03,13037.211569364279,11292.227086017389,12941.934479976839,11441.19210956954,12529.345019891707,11068.084890955453,12437.779995415842,11214.09354857925
2009-09-04,13075.673735238772,11325.541227539448,12980.115560958558,11474.945725239493,12596.669242417649,11127.557290266965,12504.612209455017,11274.35049962439
2009-09-07,13096.153658018544,11343.279985363759,13000.445814660477,11492.918489558446,12616.398918959803,11144.985953496607,12524.197700621751,11292.00907938859
2009-09-08,12989.17471188612,11250.61979137037,12894.248680080242,11399.035938993991,12543.93104100985,11080.96978794732,12452.259421226841,11227.148421364756
2009-09-09,13137.199182968681,11378.831712520727,13041.191375302387,11528.939208689533,12682.824116483689,11203.664178409852,12590.137459774562,11351.461379395741
2009-09-10,13138.389815178443,11379.862982836243,13042.373306267189,11529.984083337094,12709.575080244971,11227.295257077945,12616.692926273405,11375.404196012047
2009-09-11,13046.281299923428,11300.082865340899,12950.93792814695,11449.151520917367,12624.04407478621,11151.739477607956,12531.786985300923,11298.851695063608
2009-09-14,13141.877451995784,11382.883811847527,13045.835455127766,11533.044762579992,12728.726027417917,11244.212686418094,12635.703917451536,11392.544797759412
2009-09-15,12826.790952739477,11109.970521884405,12733.051635734762,11256.531249706246,12429.157956635247,10979.582345983026,12338.325103784051,11124.42349017383
2009-09-16,13216.715858749336,11447.705363551318,13120.126936219189,11598.721428505514,12810.93331950073,11316.83238728702,12717.31043489691,11466.122487760642
2009-09-17,13221.135150436336,11451.533148735556,13124.513931333657,11602.599709141692,12817.630249486576,11322.748274308606,12723.958423413183,11472.116416352304
2009-09-18,13083.558756833158,11332.370866987132,12987.942958121272,11481.865460059282,12669.891636471773,11192.239974958256,12577.299490916017,11339.88646941932
2009-09-21,13241.901527968443,11469.520020360585,13145.128546351374,11620.823860333885,12827.890693112744,11331.812073006224,12734.143883249673,11481.29978343902
2009-09-22,13493.295108460215,11687.265462610743,13394.684920434973,11841.441761195269,13103.87602392957,11575.610058079626,13008.112300689856,11728.313918088674
2009-09-23,13413.901099925337,11618.49806025058,13315.87113030092,11771.767191663017,13000.273799603036,11484.090652083749,12905.267206140748,11635.587200643016
2009-09-24,13248.452818193795,11475.19444364792,13151.631959171264,11626.573139590035,12813.630763209776,11319.215236183984,12719.988165564384,11468.536770873383
2009-09-25,12909.244498027541,11181.387952865427,12814.902603258179,11328.890806559082,12471.858131037734,11017.30252643899,12380.713223365789,11162.641270076123
2009-09-28,13176.596080197623,11412.955474923967,13080.300356539563,11563.513125613343,12766.380048272616,11277.475231159577,12673.08276100561,11426.246137428356
2009-09-29,13097.410383026989,11344.368502191497,13001.693355411973,11494.0213659039,12678.389089940403,11199.746395780607,12585.734844607396,11347.49191391547
2009-09-30,13208.92118317057,11440.953977625813,13112.389224815464,11591.880979514259,12771.453435471387,11281.956924345575,12678.119071659494,11430.78695249609
2009-10-01,12881.423341933823,11157.290559743109,12870.550083826276,11378.085423992676,12454.802046934217,11002.235642538411,12444.289418414744,11219.962544371416
2009-10-02,13061.280592332208,11313.074555711833,13025.267737456228,11514.862070533487,12628.702603620592,11155.854696122893,12593.882967048588,11354.838386303187
2009-10-05,13277.313981290123,11500.19264252782,13211.530053275126,11679.525470843108,12837.58116082876,11340.372370383593,12773.976447956395,11517.213435800266
2009-10-06,13532.020616147483,11720.807698578865,13484.378960369106,11920.734910419402,13083.85212656858,11557.921488127457,13037.788852652482,11755.070753314161
2009-10-07,13682.738477509727,11851.352509282151,13653.198906893553,12069.978552712737,13229.578343076557,11686.652090771679,13201.017639337484,11902.240335376342
2009-10-08,13767.570539545073,11924.830100988136,13785.406584228598,12186.855472240532,13311.600822942564,11759.10853352127,13328.846721185444,12017.49299964604
2009-10-09,13766.174522644067,11923.620935993136,13761.55782045895,12165.77220309816,13310.251027773014,11757.91616093529,13305.7878063226,11996.702727708767
2009-10-12,13988.864351790337,12116.504522110215,13996.800528609407,12373.736245914859,13525.565581603827,11948.11922073404,13533.239494457883,12201.776664494226
2009-10-13,13857.505696970598,12002.727756883527,13838.612899049565,12233.892000686164,13398.557406868596,11835.92363049504,13380.29089227425,12063.875854732045
2009-10-14,13999.398161596013,12125.628418870941,13928.344316425379,12313.218193076415,13535.750520717456,11957.116320785153,13467.050488443525,12142.099639687061
2009-10-15,13565.393024858824,11749.71332886421,13383.423081512772,11831.485841327547,13116.119235176395,11586.4253801258,12940.176538742342,11667.061991293525
2009-10-16,13509.15287491155,11701.000723321426,13414.250780612765,11858.738770806112,13061.741717015791,11538.389749675402,12969.983253078988,11693.936182915351
2009-10-19,13657.078823533066,11829.127308892375,13607.632098341715,12029.695655958152,13204.768491639637,11664.735738288777,13156.959961165272,11862.517255796345
2009-10-20,13585.44907367067,11767.084946746354,13508.661033293523,11942.201242332661,13135.511041916043,11603.55557829998,13061.266725873318,11776.238764544234
2009-10-21,13433.349548011509,11635.343402607057,13332.096321686035,11786.110915311037,12988.448924407838,11473.644876803586,12890.549673531968,11622.317647110156
2009-10-22,13516.19794287904,11707.102833953142,13361.059291496846,11811.715348881755,13068.55345113096,11544.40705156322,12918.553416681647,11647.566252207418
2009-10-23,13332.641715660042,11548.114956078993,13194.208430183611,11664.212457340667,12891.076443407552,11387.628657755975,12757.228500934425,11502.113229435445
2009-10-26,13152.321193430482,11391.92969556897,13040.232242055272,11528.091296211229,12716.727976064745,11233.613931998598,12608.35186115341,11367.883763540583
2009-10-27,13117.23604436209,11361.54056914273,13038.237498925666,11526.327862824175,12682.804819387085,11203.64713187605,12606.423182063663,11366.144836839389
2009-10-28,12800.188533197548,11086.928741753232,12746.430912067604,11268.359069654482,12376.257633902029,10932.851630064464,12324.280958350568,11111.761072864712
2009-10-29,13141.501637832282,11382.558299075585,13016.37916463148,11507.0042136246,12706.266749772076,11224.372767317846,12585.288775500643,11347.089731155032
2009-10-30,12597.513086503011,10911.380684052554,12515.327640916857,11064.054456114947,12180.294615761397,10759.743194082777,12100.83161290602,10910.295709744643
2009-11-02,12596.116372736213,10910.170915464774,12474.436052359535,11027.904642416413,12178.944167367337,10758.550244455915,12061.294315784156,10874.648275174652
2009-11-03,12690.727951614832,10992.119070404176,12559.675456747618,11103.259714134494,12270.42230566729,10839.359560406829,12143.710670263954,10948.956126689147
2009-11-04,12777.717939656428,11067.465757381622,12683.491970894554,11212.718506935837,12354.531245244954,10913.659125296765,12263.426496455406,11056.893754999921
2009-11-05,13033.692911601704,11289.179388104265,12908.406905295822,11411.552381174455,12602.028558370983,11132.291565189933,12480.892457116277,11252.964406465177
2009-11-06,13037.670732774412,11292.62479203522,12945.955246205784,11444.746629098605,12605.874636555163,11135.689086750093,12517.19723184786,11285.697349180846
2009-11-09,13366.803651298007,11577.704437914845,13277.339884695646,11737.704016341504,12924.106974249858,11416.806936331232,12837.606718880337,11574.583465735313
2009-11-10,13413.817104902018,11618.425307662941,13298.618307959647,11756.51500079895,12969.563379160516,11456.961896354285,12858.180420527908,11593.133031252746
2009-11-11,13529.456350653645,11718.58665091763,13433.678933262943,11875.914041407937,13081.372771566643,11555.731292902345,12988.76796335705,11710.872766326436
2009-11-12,13380.34508154426,11589.433395797943,13268.917105313109,11730.257939623896,12937.19992546953,11428.37289571238,12829.462894128397,11567.240868210258
2009-11-13,13493.344821682307,11687.30852189456,13366.566061540314,11816.583555722704,13046.457215086293,11524.887833605317,12923.877807615621,11652.366804881993
2009-11-16,13654.345758968771,11826.760055316981,13493.902253500593,11929.153885681691,13202.125958961396,11662.401396312918,13046.996743160096,11763.372728873745
2009-11-17,13626.09170469915,11802.287705902714,13461.122463906668,11900.175229466455,13174.807641714446,11638.269132903515,13015.302589753697,11734.796793186397
2009-11-18,13604.316362796,11783.42691620564,13424.1835681248,11867.519755618274,13153.753479632938,11619.670454931435,12979.587075893578,11702.595137126347
2009-11-19,13418.197132192307,11622.219083850565,13259.938471941205,11722.320465558618,12973.798352929043,11460.70295776704,12820.781624754974,11559.41370235672
2009-11-20,13334.336051846185,11549.582511381921,13174.052727854667,11646.394003476174,12892.714677413589,11389.07582941748,12737.740336747256,11484.542401171437
2009-11-23,13390.280764565947,11598.039222921227,13169.290906784187,11642.184361575804,12946.806543915802,11436.859122910175,12733.136222768147,11480.391261266319
2009-11-24,13219.333461159618,11449.972609172108,12951.786785775917,11449.901945301115,12781.52087731942,11290.850230486627,12522.8356362434,11290.781021217144
2009-11-25,13349.771943243857,11562.952363517114,13137.864950219246,11614.402548366756,12907.639358902845,11402.259889831756,12702.751064698168,11452.995535886812
2009-11-26,13277.09834571196,11500.005869006245,13027.168108414651,11516.542075114596,12837.372646750211,11340.188174679928,12595.720399485814,11356.495043620478
2009-11-27,12941.615735376206,11209.4264150206,12689.640204338792,11218.153793297302,12513.000913961487,11053.646949337972,12269.371106118066,11062.253506409857
2009-11-30,12959.922270197152,11225.28268514833,12736.044144925167,11259.176748537198,12530.701144527637,11069.282854821027,12314.238191289309,11102.706359776601
2009-12-01,12950.637726512707,11217.2408446737,12726.919988486165,11251.11062621075,12521.724096691429,11061.352773291339,12305.416218437618,11094.752333505166
2009-12-02,13132.745769662475,11374.974372774888,12905.882178871749,11409.320421177545,12697.800883044698,11216.894249369348,12478.45134728656,11250.763464335403
2009-12-03,13055.059382641766,11307.686032851687,12829.537797020726,11341.828908174193,12622.687400227505,11150.541027955449,12404.63542045854,11184.209890536093
2009-12-04,12876.618061390258,11153.128448940417,12654.178987194826,11186.804646969063,12450.155897196873,10998.13135938335,12235.08433155174,11031.340023649467
2009-12-07,12721.538385071071,11018.805636726689,12501.778258054354,11052.07625513303,12300.212322148234,10865.675256142766,12087.730973020101,10898.483971534046
2009-12-08,12646.618860403443,10953.913824453632,12428.152941976805,10986.988505950381,12227.77406565815,10801.68525739086,12016.544059032436,10834.300756106006
2009-12-09,12610.005119191233,10922.200702515156,12392.171690340605,10955.17962815476,12192.372939065875,10770.412858575384,11981.754473033283,10802.93393083215
2009-12-10,12660.435323322661,10965.881002862852,12441.730730330562,10998.991818532342,12241.132939585448,10813.486125707614,12029.67216364612,10846.137256937154
2009-12-11,12638.819577738768,10947.158448084307,12420.488389192837,10980.21273212994,12220.233088314675,10795.023761736791,12009.133349118314,10827.619146182935
2009-12-14,12735.281442636553,11023.786320317233,12515.283909106192,11057.07197759699,12313.500221841978,10870.58672225195,12100.78932945231,10903.41026772879
2009-12-15,12647.964277950137,10950.080479791086,12429.475117905858,10983.143586735056,12229.074924169547,10797.905185428323,12017.822445722675,10830.50927028264
2009-12-16,12790.4535795045,11044.830839823395,12569.502966602848,11078.180039759329,12366.845106493565,10891.338782176972,12153.212702119958,10924.224988133887
2009-12-17,12540.503923262286,10876.13670786576,12323.871103267507,10908.97654605444,12125.17356107457,10724.989023782187,11915.715937970717,10757.372939568457
2009-12-18,12596.118514659627,10924.131312412923,12378.524972046285,10957.116067412564,12178.946246554151,10772.316638430213,11968.55972137465,10804.843459116777
2009-12-21,12712.378498668031,11037.159652092887,12492.776605485813,11070.485689340583,12291.355803054887,10883.774202361643,12079.027446824457,10916.637567202808
2009-12-22,12700.854379813101,11044.287569604336,12481.45156175424,11077.63512916864,12280.213352790564,10890.803061884659,12068.077478023279,10923.68765024357
2009-12-23,12871.10709982456,11175.039134207316,12648.763225563049,11208.78149022737,12444.827453788106,11019.73754780328,12229.847934915386,11053.011451575445
2009-12-24,12853.3673158335,11159.620178235977,12631.329890137024,11193.315977649327,12427.675195701526,11004.532871915822,12212.991975367675,11037.76086543648
2009-12-25,12837.316611845017,11147.774893467564,12615.556456447182,11181.434926758664,12412.156076786632,10992.852203261396,12197.74094315226,11026.044927208428
2009-12-28,13041.595765421755,11297.257776082603,12816.306759080107,11331.369163913363,12609.669686062949,11140.257694600077,12391.842582206353,11173.895506836465
2009-12-29,12971.351917904429,11255.555476471987,12747.276349465124,11289.540946726673,12541.752252444887,11099.134939562724,12325.098395646675,11132.648582363312
2009-12-30,12888.364857221464,11196.01044789617,12665.722861235776,11229.816125531848,12461.513649573608,11040.41741926578,12246.245883205685,11073.753765546226
2009-12-31,12748.713739578983,11077.7102597034,12528.48416781607,11111.158737062708,12326.487653028753,10923.761270675703,12113.552407853294,10956.745375766575
2010-01-04,12802.770957090861,11108.055770551071,12581.607565798658,11141.595874348397,12387.777312945846,10967.146144087621,12173.783312906186,11000.26124904095
2010-01-05,13030.027006884824,11274.045136873776,12804.937846801431,11308.086435541809,12610.508801309257,11143.808774660205,12392.667202065513,11177.457309320396
2010-01-06,12968.737595619683,11205.586457089687,12744.707188683647,11239.421048907014,12549.601354256545,11079.818231189793,12332.811907299505,11113.273547529083
2010-01-07,12896.101163021925,11147.68072388629,12673.325525058835,11181.340472838021,12492.297227078348,11032.426105592827,12276.49768646882,11065.738322242145
2010-01-08,12966.856810468835,11207.180051104115,12742.85889343859,11241.019454682362,12573.222599530562,11102.796899821466,12356.025104815284,11136.321599846668
2010-01-11,12951.871731000065,11173.074932848964,12728.132675977522,11206.81135808159,12542.640552090503,11061.820341124929,12325.971350263915,11095.221313151613
2010-01-12,12816.739688282734,11084.102840982181,12595.334992043907,11117.57062035473,12417.646552740125,10969.800972916762,12203.136573284606,11002.924094079066
2010-01-13,12863.887967432183,11123.527801607663,12641.668801158297,11157.114622268704,12476.490170182522,11020.893244493878,12260.963690288288,11054.170637871883
2010-01-14,12878.782795833904,11134.93077664022,12656.306326607939,11168.552027895967,12488.892254601631,11030.873011989117,12273.151533557704,11064.180539099603
2010-01-15,12790.173915682193,11074.51647912607,12569.228133875275,11107.955313057731,12406.011591796281,10968.365032378484,12191.70260173295,11001.483817743576
2010-01-18,12774.121944853,11062.70251598953,12553.453455228953,11096.105678372716,12390.441753771325,10955.976030553025,12176.401726560229,10989.057407544933
2010-01-19,12928.671660088437,11180.706142497598,12705.333378178077,11214.465609707058,12542.188086320612,11079.696129082886,12325.52670066294,11113.151076737007
2010-01-20,12780.777415688503,11088.516634047492,12559.99395513312,11121.997740601737,12398.97863331779,10976.776876911215,12184.79113485694,11009.92106169297
2010-01-21,12571.67689371244,10919.293233048365,12354.505571553986,10952.26337975944,12191.33478307089,10800.995734305263,11980.7342507764,10833.609151017574
2010-01-22,12198.195010525238,10611.006682510604,11987.475457296241,10643.045976593829,11788.052006019665,10454.325623070743,11584.418025708486,10485.892275477472
2010-01-25,12041.601911746278,10486.466219813337,11833.587449539762,10518.12947148805,11644.708836994647,10334.870512249963,11443.551053772188,10366.076472049877
2010-01-26,12161.402711311266,10566.706752899874,11951.318732185317,10598.61228602006,11760.127062182783,10421.479328262461,11556.975474336496,10452.946801859534
2010-01-27,12228.435691393104,10643.629897879982,12017.193740976956,10675.767695792527,11840.917220915568,10505.35539823841,11636.370014727563,10537.076134154033
2010-01-28,12085.849701025332,10518.469605318292,11877.070873731996,10550.229489283467,11678.475861752891,10360.542961784126,11476.734766406318,10391.826439094026
2010-01-29,11992.551205345611,10434.649350825279,11785.384076939661,10466.156144592302,11563.52709506411,10256.844981629729,11363.771694629702,10287.815344711813
2010-02-01,12002.575070049057,10443.371057452134,11807.595417300954,10485.881200210713,11573.192363750617,10265.418071986012,11385.188442632962,10307.204290095666
2010-02-02,12092.443312602318,10521.564894840145,11885.648934741317,10555.197592093433,11659.845640391153,10342.279501750952,11460.449659947944,10375.339547223428
2010-02-03,12153.311909201586,10574.526308230408,11953.84251583276,10615.757745509094,11718.536710727849,10394.338463112868,11526.20367199399,10434.86777009536
2010-02-04,11893.5286697924,10348.490416113638,11726.064608111083,10413.476756366936,11468.047012877632,10172.154178056657,11306.574330809066,10236.033600674393
2010-02-05,11766.756383706574,10238.186584171817,11587.157365549418,10290.118460975456,11345.809905894115,10063.729901706925,11172.636380132519,10114.777301160682
2010-02-08,11785.876608273584,10254.822980835845,11606.675172048726,10307.451490521893,11364.246119428264,10080.082817449105,11191.455953223232,10131.814980025269
2010-02-09,11778.899768176112,10248.752472672291,11561.443554917258,10267.282993298568,11357.518870307402,10074.11574954515,11147.842459839792,10092.330944396617
2010-02-10,11734.23204379369,10209.88734437314,11534.681028486091,10243.516200581102,11314.449098711444,10035.912875368247,11122.03734068968,10068.969132148126
2010-02-11,11867.179811839334,10325.564427403879,11653.272367645395,10348.832706596904,11442.640764698888,10149.61884372554,11236.386172630053,10172.49107006615
2010-02-12,11845.388307569114,10306.60376574038,11626.743921821215,10325.273792058642,11421.628834396264,10130.981268000847,11210.80676004653,10149.333593802363
2010-02-15,11791.240511948066,10259.49008235882,11574.997701983639,10279.319921300013,11369.41813368085,10084.670392502589,11160.911718488662,10104.162766021067
2010-02-16,11873.808109671916,10331.331670961279,11648.471531807174,10344.569264932266,11449.031940305362,10155.28781452546,11231.75708272914,10168.300276428754
2010-02-17,11969.140746635821,10414.280046279824,11768.232021370493,10450.92404942971,11540.954126954548,10236.822765849747,11347.233239683377,10272.842800811182
2010-02-18,12059.631465391745,10493.015496606802,11839.277482058003,10514.016849805636,11628.207611256224,10314.216579625769,11415.737107688188,10334.86051494434
2010-02-19,11942.86163289485,10391.414741605098,11763.86505513622,10447.045911034924,11515.615127892039,10214.347081464077,11343.022498059647,10269.030744967988
2010-02-22,12014.253159399854,10453.532095364473,11849.527178824097,10523.119219833488,11584.45267855693,10275.405967760653,11425.620130017258,10343.80778276187
2010-02-23,11987.579342982448,10430.323362176836,11826.621042467868,10502.777142035387,11558.73309698795,10252.592706808637,11403.53344177198,10323.812329108834
2010-02-24,12035.608308300007,10472.113086747559,11851.450733961385,10524.827456772407,11605.043863774354,10293.670342724006,11427.474871558092,10345.486911751525
2010-02-25,11954.631578284267,10401.655702924669,11790.284573787781,10470.508091449838,11526.964012723567,10224.41353882388,11368.496880250193,10292.093135434774
2010-02-26,12032.166328279845,10469.118239865693,11861.334498306993,10533.604855986736,11601.725017885956,10290.726527440369,11437.005052396811,10354.114746180545
2010-03-01,11972.480754863414,10435.97438141185,11802.496336358416,10500.256841344386,11550.283708294972,10257.41014554158,11386.294100638605,10320.593143970267
2010-03-02,11949.547707811113,10395.455257893771,11779.88889105462,10459.488132225688,11504.83638857488,10203.597969360613,11341.492036768339,10266.449498676253
2010-03-03,12021.222770119039,10443.12725944404,11850.546315995889,10507.453778951534,11567.62214051621,10249.675467846433,11403.386363781305,10312.81082265731
2010-03-04,11975.661168228022,10424.170782489093,11805.63159444339,10488.380535806313,11535.79960664752,10234.973235463449,11372.015642610515,10298.018028318398
2010-03-05,12109.563358890588,10536.962482691539,11937.632651457687,10601.866998920585,11671.35416323315,10352.77895872365,11505.645611098404,10416.549404420986
2010-03-08,12141.784612416133,10576.203083491755,11969.396429948929,10641.34931000644,11710.979633733083,10395.266329280637,11544.708483698181,10459.298486212005
2010-03-09,12170.168336259665,10604.69761769412,11997.377163727882,10670.01936195983,11740.586966175251,10424.018080514896,11573.89545461906,10488.227340811274
2010-03-10,12168.628148720176,10622.471281519025,11995.858843660026,10687.902506202272,11754.660417690982,10449.040057349046,11587.769092879054,10513.403446563012
2010-03-11,12193.777497052275,10646.050989502914,12020.651123357853,10711.627458087523,11785.048291113175,10477.11888047658,11617.725522748355,10541.655227992143
2010-03-12,12158.94355917615,10629.655578318589,11986.31175522006,10695.131056106937,11767.189691244721,10470.438742188528,11600.120477239228,10534.933941776791
2010-03-15,12159.43183931997,10627.739882566111,11986.793102797605,10693.20356024544,11769.786266295216,10471.210856938953,11602.680186414,10535.710812554751
2010-03-16,12310.907518746508,10732.508821862455,12136.118141449504,10798.617844662069,11911.540681336726,10579.1794201267,11742.421988476184,10644.344434218416
2010-03-17,12286.785774769356,10717.969900446704,12112.338876254089,10783.989367868047,11883.523137501485,10558.5607149277,11714.802234525336,10623.598723118344
2010-03-18,12249.628209685085,10685.155517726474,12075.708871599709,10750.972858430625,11851.291678945974,10529.659429676583,11683.02839453368,10594.519413411277
2010-03-19,12122.415762824787,10601.494399796877,11950.302577887525,10666.796413204822,11745.635829936742,10453.724059630451,11578.872635190053,10518.116301089247
2010-03-22,12167.073897169223,10651.049871037503,11994.326659260527,10716.65713122721,11798.403741299806,10507.59061686752,11630.891353780038,10572.314662412628
2010-03-23,12333.37810635218,10784.487415555748,12158.269693272548,10850.916610841834,11965.524277623923,10648.439548461063,11795.639131834725,10714.031187063025
2010-03-24,12261.389929078352,10743.530947549792,12087.303598949085,10809.707863324895,11905.803622614489,10609.768298852556,11736.766383857821,10675.121732540354
2010-03-25,12322.688036267873,10788.211226314395,12147.731400032513,10854.663359153521,11960.12257648015,10652.22942737173,11790.314123426266,10717.844410649383
2010-03-26,12314.004438419874,10771.223060810269,12139.171091280643,10837.570551665001,11938.329384231341,10626.641030282033,11768.830348429598,10692.09839563955
2010-03-29,12325.545472154192,10774.818105357353,12150.548266250147,10841.187740604035,11944.614618721573,10627.960492928436,11775.026345879067,10693.425985835222
2010-03-30,12324.456271643483,10781.557398682613,12149.474530129753,10847.968545946987,11949.760172866696,10637.596602795627,11780.098844034683,10703.121451651521
2010-03-31,12350.311391773848,10787.940504565446,12174.962561128741,10854.390969840113,11964.34270293029,10639.89891980493,11794.474333003514,10705.437950339232
2010-04-01,12493.93275355401,10913.393107088574,12365.26845206406,11024.05510915096,12103.475661244905,10763.62996376093,11978.83284209842,10872.77381661094
2010-04-02,12314.592657829391,10756.740353859295,12205.678511659067,10881.775278776791,11929.740253471953,10609.126935605229,11824.230357987146,10732.446468914719
2010-04-05,12445.881868235936,10871.420878570645,12347.960052123677,11008.624085106987,12056.926453434064,10722.23371841742,11962.0653590103,10857.554549968345
2010-04-06,12601.030419458499,11006.94242834091,12488.936366046417,11134.309237822763,12207.226329731973,10855.89551089326,12098.635924034612,10981.514946034444
2010-04-07,12668.49038349258,11065.86839833099,12558.658454388027,11196.468838092072,12272.578041410114,10914.012836997716,12166.179078870586,11042.821540347286
2010-04-08,12493.845125936583,10913.3165647656,12334.572315465895,10996.68846500506,12103.390748798733,10763.554451059,11949.096011827964,10845.78272041521
2010-04-09,12572.420735114565,10981.951999940673,12428.762383705818,11080.662097040382,12179.510735527914,10831.2480122253,12040.342480694035,10928.603996129033
2010-04-12,12415.616118549666,10844.983884669502,12206.480837977457,10882.490579830202,12027.606534000068,10696.159492121802,11825.007610247381,10733.151954009583
2010-04-13,12402.838763990527,10833.822923911737,12195.829559561103,10872.994604817612,12015.228493361132,10685.151691317895,11814.689202345542,10723.78629069805
2010-04-14,12661.118091093174,11059.428734644447,12429.015008082586,11080.887320217882,12265.43614377373,10907.661542084701,12040.58721013059,10928.826128605964
2010-04-15,12678.316621347729,11074.451572147613,12452.048536251994,11101.422489743893,12282.097192623503,10922.4782252959,12062.900901481064,10949.079497382823
2010-04-16,12237.488397454828,10689.390135133362,11968.245115947497,10670.095374759809,11855.045627089065,10542.700948461625,11594.21715856599,10523.671413355703
2010-04-19,12209.445835507295,10664.895085552094,11925.520501850415,10632.004936032228,11827.879447703344,10518.542044802793,11552.82776111812,10486.103683445075
2010-04-20,12635.93004296375,11037.427089825405,12444.776580300218,11094.93929502196,12241.035287828952,10885.961842631463,12055.856206485632,10942.685270474241
2010-04-21,12571.751739313167,10981.367635168452,12381.263614119041,11038.315337196762,12178.862674166878,10830.671690771927,11994.328128212235,10886.838353896
2010-04-22,12611.921013793011,11016.455312673388,12417.45081194343,11070.577448173837,12217.776587848606,10865.277863332181,12029.384414733047,10918.657737237885
2010-04-23,12619.899524734707,11023.424505483488,12421.003286058878,11073.744599018504,12225.505745142049,10872.151408697724,12032.825868007578,10921.781425793159
2010-04-26,12509.593926561396,10927.07307006893,12359.413438670785,11018.835166651334,12118.64739577782,10777.122198635552,11973.160807803473,10867.625506522474
2010-04-27,12338.043517776794,10777.224572748057,12190.823213779937,10868.531278202343,11952.458239676407,10629.33005773895,11809.839313360533,10719.384213578789
2010-04-28,12316.371733621512,10758.29436842538,12141.082147075278,10824.185434627181,11931.463743759285,10610.659636807615,11761.652739348603,10675.646920711002
2010-04-29,12484.058927594866,10904.768365280792,12314.782579943514,10979.045246352754,12093.91040693194,10755.123575941801,11929.924739102997,10828.381616746534
2010-04-30,12391.073004569555,10823.545586879649,12252.59703654285,10923.604730839565,12003.830458983586,10675.015410815684,11869.682599396981,10773.70190229637
2010-05-03,12516.93711915631,10933.487315209359,12353.202255766675,11013.297686984526,12125.761101455979,10783.448422419022,11967.143734898955,10862.164016777082
2010-05-04,12480.240976673413,10901.43340261601,12421.364401112945,11074.066545304768,12090.211776518323,10751.834381146922,12033.175697603774,10922.098954063564
2010-05-05,12364.874845524191,10800.66161479626,12314.723284372358,10978.99238234526,11978.4510372795,10652.445472100333,11929.867296619,10828.329478183108
2010-05-06,12020.773781528444,10500.090909476527,12002.754348273307,10700.86152273379,11645.103726316967,10355.999458984927,11627.647918855795,10554.015362548396
2010-05-07,11651.39816592692,10177.442998946866,11633.380541132246,10371.5522787343,11287.271739058304,10037.779204915085,11269.817669626253,10229.225175065258
2010-05-10,12289.690703368551,10734.98861055103,12205.045018612784,10881.210498296647,11905.61652531498,10587.67368610109,11823.616662672926,10731.889438824079
2010-05-11,12231.666731738884,10684.304936761528,12138.058822849429,10821.490038808819,11849.40590189409,10537.685536624982,11758.723899132206,10672.988513365512
2010-05-12,12328.656208224673,10769.024800796256,12210.277176067102,10885.875143657138,11943.364289621148,10621.242801148914,11828.685306333336,10736.49007202458
2010-05-13,12145.698157675495,10609.21178057796,12021.627740633714,10717.687790459744,11766.123996039383,10463.622875420386,11645.931485696665,10570.610726173729
2010-05-14,11875.735268437167,10373.400431765858,11801.895980921197,10521.789493735167,11504.597917063758,10231.047537661792,11433.066716128562,10377.40070950957
2010-05-17,11526.489987557288,10068.336276529912,11440.966333280883,10200.008503574045,11166.267157729477,9930.169740179785,11083.416732094522,10060.03546687732
2010-05-18,11663.852789909111,10188.322056021987,11593.87215006979,10336.329211638355,11299.337133134752,10048.508968896986,11231.543982788633,10194.48546831764
2010-05-19,11277.923391487868,9851.214491924115,11281.481146458993,10057.822064562744,10925.468698117615,9716.027489833892,10928.915727839225,9919.80022894968
2010-05-20,11198.860600766193,9782.153505899225,11219.78373569825,10002.816735810275,10848.876756921469,9647.91421920691,10869.146465800288,9865.549729263998
2010-05-21,11413.652333771524,9969.773102120693,11394.948538536753,10158.982082900082,11056.955875222216,9832.959134837743,11038.837071479884,10019.572045016987
2010-05-24,11227.649390310731,9807.300381872878,11179.869622078239,9967.231953329756,10876.765846582795,9672.716007514866,10830.47973592312,9830.453270892449
2010-05-25,11054.12825862843,9655.730467115884,10959.434410856249,9770.70650578859,10708.667549522423,9523.226066134663,10616.93349889823,9636.624709699063
2010-05-26,11099.746579842771,9635.366501967197,11042.900151454047,9763.041155748266,10752.860218322014,9503.141553173755,10697.790793548882,9629.064549994815
2010-05-27,11477.730183645454,9963.483052032145,11379.114639801011,10060.288784710847,11119.031178504923,9826.75540071085,11023.498008933086,9922.233098703473
2010-05-28,11427.312708967047,9919.71711168966,11345.317410042726,10030.40861369101,11070.18933748574,9783.590054979672,10990.756999923055,9892.762968349112
2010-05-31,11464.75076349842,9952.215995689903,11417.418394664834,10094.153179935496,11106.457389331401,9815.642962164302,11060.604706496279,9955.632778410107
2010-06-01,11353.432945829732,9855.58424254837,11306.560154017256,9996.14327755006,10998.61844680969,9720.337274661531,10953.210973878628,9858.967849772333
2010-06-02,11512.79698168443,9993.923517382013,11465.266253430116,10136.455528768958,11153.002079748956,9856.778136676567,11106.957238527719,9997.354619077958
2010-06-03,11527.312087142438,10006.523657384903,11479.721433091274,10149.235370297003,11167.063562950516,9869.205366511129,11120.960669309248,10009.959084945625
2010-06-04,11267.920666832086,9781.35352542037,11221.40091354725,9920.853891782004,10915.778575054626,9647.125216515948,10870.713104098857,9784.711647844595
2010-06-07,11166.10001449869,9692.96598470991,11120.000629067508,9831.205779691636,10817.139994956118,9559.950607133136,10772.481750478604,9696.293762030902
2010-06-08,11214.269045941954,9734.780117011225,11167.970794053954,9873.616259600669,10863.803660503325,9601.190929250357,10818.952766454373,9738.122249909386
2010-06-09,11145.533355116711,9675.112667119187,11099.518879399453,9813.097840453896,10797.216079401485,9542.342288419337,10752.640090223636,9678.434315060846
2010-06-10,11335.26149631995,9839.810136838902,11288.463725567082,9980.144203637594,10981.014886658575,9704.779635060599,10935.680089508101,9843.188328516031
2010-06-11,11285.408973699936,9796.534614912684,11238.817019718545,9936.251491958697,10932.7203419579,9662.097977788184,10887.584927415508,9799.897949290133
2010-06-14,11325.510352344189,9831.345452952288,11278.752839312814,9971.55879755233,10971.568482868548,9696.43111098771,10926.272684918426,9834.720738544414
2010-06-15,11568.35523014325,10042.152013614552,11520.595128956018,10185.371853416656,11206.824036445854,9904.344799199334,11160.5569928586,10045.599673059305
2010-06-16,11627.967138258326,10093.899373650089,11579.960928552906,10237.85722743609,11264.572968894061,9955.382036590825,11218.067510536841,10097.364798935701
2010-06-17,11710.617136021814,10165.645427860389,11662.269704753107,10310.626514353533,11344.640010674953,10026.1435285417,11297.803997889472,10169.13548491428
2010-06-18,11765.394449023766,10213.196016783317,11716.820868924073,10358.855263467505,11397.705437504399,10073.04158659332,11350.650345664219,10216.702398847701
2010-06-21,11751.315420220963,10200.97442221528,11702.79996557012,10346.459366139086,11384.066402805156,10060.987707461261,11337.067619318785,10204.476608376646
2010-06-22,11602.668237819811,10071.938135520153,11554.766474945496,10215.582781041378,11240.06470303521,9933.722169825083,11193.66042633312,10075.396021100136
2010-06-23,11420.340674114488,9913.664891435292,11373.191652897785,10055.052264946287,11063.435192375367,9777.620889962056,11017.760125415654,9917.068438837154
2010-06-24,11387.658057364677,9885.29406437518,11340.643966745452,10026.276816914387,11031.773964164518,9749.639392265064,10986.229609654727,9888.687871539121
2010-06-25,11403.00423531907,9898.615634190433,11355.92678780966,10039.788377191075,11046.640547403484,9762.778151819588,11001.034816641824,9902.014014899558
2010-06-28,11439.364987807488,9930.179343685339,11392.137424470586,10071.802244123477,11081.864963222655,9793.908716419235,11036.113809495779,9933.588560808908
2010-06-29,11109.714243485196,9644.01914026594,11063.847647424285,9781.560861845614,10762.516377221675,9511.675454202905,10718.083644744207,9647.330113215685
2010-06-30,11112.289154989348,9656.917371735577,11066.41192837366,9794.64304618136,10765.010818269031,9524.396684831756,10720.567787565029,9660.2327728905
2010-07-01,10896.707367589906,9503.35116141584,10868.843300721017,9646.464350817445,10556.16633616385,9372.93784468962,10529.173514592432,9514.087509357212
2010-07-02,10989.928342235646,9581.857192929563,10982.160999414295,9745.84837189344,10646.473993438985,9450.366547608535,10638.949843020746,9612.10769988108
2010-07-05,11083.135009221005,9662.82444132038,11107.577078893453,9856.918894625109,10736.767790192975,9530.222692428673,10760.44645731717,9721.654020123231
2010-07-06,11165.530015368025,9722.273556819955,11212.708948988702,9940.75014285256,10816.587809288301,9588.85599504319,10862.292778173873,9804.334865938727
2010-07-07,11300.444950064326,9777.08168602499,11305.305363195577,9974.825861487365,10947.286417945332,9642.911999046095,10951.995397398183,9837.942969099166
2010-07-08,11335.005775478683,9806.9835186259,11322.138104459815,9989.67761979801,10980.767157537752,9672.403492483541,10968.302086950478,9852.590919176682
2010-07-09,11439.126676046088,9897.06833869878,11428.627986533002,10083.635102198125,11081.634099117719,9761.252089673268,11071.463979607692,9945.259038521135
2010-07-12,11345.20900602893,9815.811296557828,11315.607404003911,9983.915493282328,10990.651519411595,9681.110127906906,10961.975481959542,9846.90786537412
2010-07-13,11415.989309044655,9877.050018343061,11351.020914754721,10015.161319160965,11059.219815021732,9741.508478260585,10996.282260439955,9877.724909930585
2010-07-14,11239.161427242887,9724.05952527997,11196.799621953762,9879.08975891536,10887.918111653715,9590.61745487814,10846.880644590148,9743.520637294492
2010-07-15,11388.070105755747,9852.894480010667,11361.83260226753,10024.700619228008,11032.173135327694,9717.684423403623,11006.75606438194,9887.133303753984
2010-07-16,11386.125873952997,9851.212341543018,11417.303139002033,10073.643034014185,11030.289664145661,9716.025368714845,11060.493052768406,9935.404089843138
2010-07-19,11504.204066344251,9953.37293233824,11558.448642314,10198.177645989577,11144.67770793795,9816.784022313597,11197.227519726597,10058.229733849928
2010-07-20,11485.864307738027,9937.505475898484,11508.556404044595,10154.157040389897,11126.911098641991,9801.134313022943,11148.894498517697,10014.813215770457
2010-07-21,11550.484198724414,9993.414243695484,11615.13461262462,10248.192454477512,11189.511505798555,9856.275851690067,11252.141957328615,10107.558197358701
2010-07-22,11580.62336518512,10019.490481731877,11609.904917971546,10243.578223211987,11218.708770959482,9881.99424872571,11247.075699502731,10103.007286428843
2010-07-23,11521.816075881095,9968.610744358713,11517.120162435172,10161.712961784464,11161.739311586956,9831.812727717732,11157.19062493489,10022.265448500228
2010-07-26,11552.407759819202,9995.078497982364,11532.477190265598,10175.262677907762,11191.37495226815,9857.917267620483,11172.06771960091,10035.62922410088
2010-07-27,11516.380659676235,9963.908052697696,11497.90979666328,10144.763392785297,11156.473761579124,9827.174570514784,11138.580615673129,10005.54847564475
2010-07-28,11535.27493956548,9980.255277846092,11513.359271634805,10158.394676288179,11174.777562404877,9843.297464707219,11153.547268350303,10018.992699289269
2010-07-29,11550.876629370894,9993.753772493128,11531.68943889837,10174.567634080298,11189.891672305732,9856.610721175866,11171.304586799892,10034.943718245384
2010-07-30,11611.64310241672,10046.328584667872,11579.36322338797,10216.63086750608,11248.759087525272,9908.464055682838,11217.488484671985,10076.429724846912
2010-08-02,11746.96747201599,10163.4104714014,11732.170253170507,10351.454604108014,11379.85433553342,10023.93924211474,11365.52003562121,10209.403297517672
2010-08-03,11785.059966237382,10196.367884076099,11794.679303987967,10406.607196332625,11416.756373148597,10056.444384277216,11426.075572588592,10263.799039803118
2010-08-04,11864.93875702596,10265.478566529038,11875.44578788212,10477.868571979454,11494.138812985775,10124.606669352555,11504.317966885385,10334.08250732909
2010-08-05,12015.078889223067,10395.378968090956,12068.247053037141,10647.979770572696,11639.58680527749,10252.724463713706,11691.093865523606,10501.85929796229
2010-08-06,12008.083105286465,10389.326255006808,12068.444981620181,10648.154405674128,11632.80965173969,10246.754811265233,11691.28560850275,10502.03153657499
2010-08-09,12067.725099570294,10440.92817445398,12128.099313399754,10700.788240167602,11690.587730111623,10297.648603931626,11749.075641243633,10553.943085626794
2010-08-10,11970.900804150771,10357.15633629259,12021.573585500082,10606.799130503512,11596.789362095395,10215.026356380677,11645.879023002803,10461.243773034099
2010-08-11,11729.609515081429,10148.392464269673,11771.08005430828,10385.785254911832,11363.038844901617,10009.127325243957,11403.213839484471,10243.262834454956
2010-08-12,11819.939713061547,10226.545645694747,11835.409898695782,10442.544358257319,11450.546067302841,10086.208020192498,11465.533267134862,10299.243041973772
2010-08-13,11788.194098973383,10199.079518167506,11806.280282315476,10416.842898502733,11419.79255879301,10059.11880694819,11437.314000668724,10273.894279118225
2010-08-16,11834.102244383097,10238.798988481118,11858.946169684703,10463.310732716125,11464.265994922083,10098.293211866005,11488.333989739114,10319.724442896217
2010-08-17,11928.048504146345,10320.08076631028,11959.229851359078,10551.792399448208,11555.276270895078,10178.459569875773,11585.483636285366,10406.991890289157
2010-08-18,12038.559036252378,10415.693859807156,12110.202301649306,10684.997461421113,11662.333156930119,10272.76057667464,11731.737941462767,10538.369001136218
2010-08-19,12050.541092240555,10426.060667546195,12157.493196381562,10726.722865966476,11673.940752857365,10282.985121988757,11777.550915531794,10579.52181482741
2010-08-20,12017.460337661434,10397.439383943236,12133.07990324943,10705.182682851102,11641.893829315886,10254.756604733186,11753.90057921369,10558.27722409714
2010-08-23,11884.244117674096,10282.18145644789,11996.103482742801,10584.326509772261,11512.840847582711,10141.080347571633,11621.204904152628,10439.079540375782
2010-08-24,11806.202446081701,10257.626194227427,11909.334890998263,10551.430855148514,11437.238113775993,10116.862054188254,11537.14797805503,10406.63530740234
2010-08-25,11864.640299335151,10297.572056413015,11967.314027405106,10591.99306935664,11493.849682616186,10156.259744230287,11593.315168119623,10446.64089302571
2010-08-26,11815.332027317178,10286.352708451539,11956.326924589663,10613.251914276478,11446.082379740945,10145.19435799813,11582.671430900706,10467.608006318162
2010-08-27,11951.34567176642,10367.823378433079,12110.3072527251,10712.613716063388,11577.84536156282,10225.54701601655,11731.839612639451,10565.606282464589
2010-08-30,11760.79709033283,10268.678310979718,11951.866854043656,10639.13823269354,11393.251754257577,10127.762504104494,11578.350745123304,10493.139091051205
2010-08-31,11855.025305918796,10301.357737673283,11981.217444342243,10614.773998859599,11484.535174444109,10159.993475053192,11606.784079698018,10469.109203585245
2010-09-01,11956.267922748479,10316.37118272593,12064.390244572802,10613.280469261008,11582.61378365237,10174.80089244975,11687.357588864721,10467.636169447343
2010-09-02,12106.518360322489,10446.013584050115,12262.475086814258,10787.53958595061,11728.168634086373,10302.664227078632,11879.251943844756,10639.503956980052
2010-09-03,12145.843011791814,10479.944548445537,12309.436583431609,10828.852534616242,11766.264321895385,10336.129561031554,11924.74581404861,10680.249974855618
2010-09-06,12140.929060182003,10475.704584176729,12312.73992268107,10831.758546874544,11761.503939808288,10331.94778126984,11927.94591834424,10683.116108386335
2010-09-07,12100.885920020633,10441.153677497845,12232.340964874456,10761.030008478521,11722.71221732678,10297.871012425008,11850.059564321446,10613.35816607334
2010-09-08,12193.877378062769,10521.390621348888,12323.325793963644,10841.071145245107,11812.797530790815,10377.006874584564,11938.200963196157,10692.300911503296
2010-09-09,12102.87469088215,10442.869672701147,12243.009473822429,10770.415304822413,11724.638835644635,10299.563459237626,11860.394664271567,10622.614669541312
2010-09-10,12079.756663798962,10422.922465935337,12237.78431316016,10765.818628614052,11702.243287060855,10279.889985531825,11855.33279874159,10618.081072763462
2010-09-13,12152.926429313178,10486.056419211964,12322.677959991643,10840.501233007279,11773.126370316215,10342.157559348723,11937.573375134474,10691.738820077237
2010-09-14,12170.175575431593,10500.939708470152,12296.050827156501,10817.07682256111,11789.836450658866,10356.836607062745,11911.778385358633,10668.635858957488
2010-09-15,12214.414249109657,10539.11069805011,12349.596903421878,10864.182354951237,11832.692588947564,10394.483780857166,11963.651055929415,10715.094969885171
2010-09-16,12279.945282524868,10595.653631770476,12410.528360263963,10917.784951332487,11896.175663749515,10450.250782866853,12022.67830140867,10767.961986664926
2010-09-17,12177.626762424446,10507.368906215373,12263.390463861202,10788.344861073298,11797.054775116434,10363.17757771969,11880.138713806553,10640.298181444865
2010-09-20,12174.782803346208,10504.915018625266,12265.457680171188,10790.16343176305,11794.299694698982,10360.75736452655,11882.141326100964,10642.091796188572
2010-09-21,12383.143975473557,10684.697807504044,12510.322337993312,11005.575668750736,11996.149218300608,10538.073016351276,12119.35354808869,10854.54796652766
2010-09-22,12298.179029208994,10611.386475836922,12397.617839470997,10906.427313242024,11913.839574180072,10465.7677270532,12010.171256286041,10756.760207571311
2010-09-23,12215.38693638517,10539.949973570176,12267.361842702294,10791.838560848897,11833.634878056286,10395.31153910271,11883.985980323612,10643.743937753874
2010-09-24,12453.471330581857,10745.379209450231,12518.86972384483,11013.094971548651,12064.278721412144,10597.921694897372,12127.633813636436,10861.96408317175
2010-09-27,12456.806079504126,10748.256571174275,12538.839283741505,11030.662584642605,12067.509253638558,10600.759570941103,12146.979290919026,10879.290618804698
2010-09-28,12518.712429128707,10801.671975163314,12600.882223603241,11085.242974412931,12127.48092231395,10653.441961924502,12207.083283688551,10933.122010875899
2010-09-29,12525.11173281404,10807.193563718827,12615.52294676728,11098.122705428153,12133.680236644343,10658.887778400787,12221.266459423825,10945.82499546376
2010-09-30,12530.396158453372,10811.753188572928,12648.687450581636,11127.29816920793,12138.799514804074,10663.384832084977,12253.394516248745,10974.60008915945
2010-10-01,12467.845203544308,10757.7815920141,12571.699483074637,11059.570345808179,12078.203380772107,10610.153876607756,12178.812553293845,10907.801683525066
2010-10-04,12158.871242852661,10491.185854540925,12217.605742506574,10748.067144662213,11778.885349886743,10347.216561709358,11835.784842642714,10600.573189502125
2010-10-05,12413.007317692316,10710.46515606767,12454.81755127016,10956.747020394945,12025.079301791118,10563.486782606122,12065.583380083808,10806.389385670907
2010-10-06,12337.711772856845,10645.496990922225,12375.273752291325,10886.770781974386,11952.136927174977,10499.41021472563,11988.52545972512,10737.373419644719
2010-10-07,12244.714471067726,10565.255004840337,12285.877950574362,10808.127543720106,11862.04590196952,10420.269335060286,11901.923428422344,10659.809389596023
2010-10-08,12258.844303829103,10577.446819247478,12267.293747353513,10791.778656036424,11875.734130757312,10432.29382323606,11883.920013069968,10643.684855005273
2010-10-11,12240.271271946234,10561.421225631622,12316.0337812792,10834.656218818127,11857.741625100347,10416.488223046379,11931.13683827497,10685.974016055094
2010-10-12,12291.455933167344,10605.585505608518,12335.20040479035,10851.517473042231,11907.326701834829,10460.046464081945,11949.704472295818,10702.60388606462
2010-10-13,12451.606528260636,10743.770179521132,12514.909631975044,11009.611201142854,12062.472294325975,10596.334830630656,12123.797481353686,10858.528119973433
2010-10-14,12478.048747662386,10766.585639328996,12538.587167086449,11030.440792681571,12088.088078345652,10618.837135116719,12146.735053337017,10879.07187045821
2010-10-15,12660.300088009604,10923.839766429473,12651.731543892825,11129.97611773507,12264.643642590514,10773.933190825754,12256.34347648134,10977.241288640018
2010-10-18,12587.456988340693,10860.987674192984,12526.191776418545,11019.536324654791,12194.076999235067,10711.943595109145,12134.72703964941,10868.317042650135
2010-10-19,12502.10325573065,10787.340881303624,12455.013144471153,10956.919087566013,12111.390659092782,10639.307395440592,12065.772860665555,10806.55909159252
2010-10-20,12609.743759686042,10880.217638522045,12539.699779383482,11031.419579518084,12215.667266367973,10730.909665582994,12147.812894612834,10880.037225564176
2010-10-21,12539.963879491543,10820.008620973776,12463.446534677169,10964.338106161122,12148.068070911217,10671.52683826011,12073.942693125047,10813.876300217402
2010-10-22,12584.24594476224,10858.217050646133,12505.799666009096,11001.596985595945,12190.966218850434,10709.210915627209,12114.972217274191,10850.623882186484
2010-10-25,12615.992038512839,10885.608916473233,12533.887814348427,11026.306680006042,12221.720191570992,10736.226885850198,12142.182563341912,10874.994489530014
2010-10-26,12679.61862271757,10940.508611259771,12608.711609778435,11092.130638828206,12283.35827818737,10790.373149416233,12214.667988267547,10939.915157006832
2010-10-27,12620.841116183246,10889.792904776692,12548.230422699779,11038.92415357974,12226.417667603122,10740.353405495654,12156.076940857982,10887.438815592028
2010-10-28,12676.611681578193,10937.91409588768,12594.566222686213,11079.686664660216,12280.44527532022,10787.814208513426,12200.964668511784,10927.641949446757
2010-10-29,12557.270502471458,10834.941503687165,12493.548937410525,10990.819779625845,12164.833709420567,10686.2546913038,12103.104344720912,10839.994570038847
2010-11-01,12505.00056222113,10789.840799286312,12466.630622911789,10967.139210965246,12114.197296752587,10641.772899332822,12077.027273202293,10816.638965921657
2010-11-02,12638.015168679174,10904.61140009683,12597.634037714988,11082.38548164708,12243.054962769073,10754.968514733035,12203.936609118058,10930.30373101262
2010-11-03,12688.884874156549,10948.50392300208,12663.962244863362,11140.735705008397,12292.334900463946,10798.258704961543,12268.191947303929,10987.853223869357
2010-11-04,12836.20136749427,11075.614793754476,12777.04144365231,11240.213691682968,12435.047494236267,10923.625246020512,12377.737229354405,11085.966090517366
2010-11-05,12837.521792349571,11076.754111894064,12751.262555996187,11217.535499139994,12436.326653492042,10924.748929411873,12352.76397565716,11063.599107075435
2010-11-08,12777.614437325385,11025.06352458053,12681.122207188462,11155.831660071703,12378.29150869708,10873.767686828558,12284.815631703983,11002.742019627714
2010-11-09,12798.36898228348,11042.971419493866,12694.907175619583,11167.958566882033,12398.39743761533,10891.42983350133,12298.169796493057,11014.702510893256
2010-11-10,12772.379509319026,11020.546608367426,12665.888717993503,11142.430461165333,12373.220181399827,10869.312755802297,12270.058214881556,10989.524723166685
2010-11-11,12722.932346082694,10977.881514780132,12630.799300786828,11111.561613360542,12325.318328998532,10827.233151002678,12236.065401472377,10959.079483476049
2010-11-12,12528.100221429615,10809.772157476751,12433.367921009538,10937.877360403605,12136.575050975547,10661.430741499684,12044.804087146264,10787.778670915684
2010-11-15,12579.937063650295,10854.499166669264,12523.09992689814,11016.816364054745,12186.791900689179,10705.543966444078,12131.73181567013,10865.63440762141
2010-11-16,12348.052860539688,10654.419716613773,12293.747467761854,10815.050512173158,11962.15448683982,10508.210186555982,11909.547009851443,10666.637355293242
2010-11-17,12399.185564583564,10698.539165751361,12341.984821116004,10857.48585700733,12011.689203933343,10551.724188930972,11956.276864105286,10708.490366879589
2010-11-18,12710.19091473144,10966.887671545099,12669.375052151037,11145.497457629588,12312.975089790814,10816.390175172502,12273.43559518403,10992.549631743612
2010-11-19,12647.21548757964,10912.549822469922,12612.012156754086,11095.034194668528,12251.96775551936,10762.797998934417,12217.865387552656,10942.778867828587
2010-11-22,12650.332234253305,10915.239082678525,12610.953307649293,11094.102704365581,12254.987098376716,10765.450354695688,12216.839629278142,10941.860160213646
2010-11-23,12515.151735279625,10798.59965864678,12421.919756763837,10927.806186018935,12124.031227795791,10650.411561747334,12033.713697448718,10777.845701598317
2010-11-24,12727.515732312966,10981.836253326537,12660.559158150083,11137.741942951878,12329.758476346344,10831.133619069817,12264.895212821893,10984.900544716447
2010-11-25,12660.409591493282,10923.934250644,12572.64330782679,11060.400646934497,12264.74952047558,10774.02619974581,12179.726881921815,10908.620590565773
2010-11-26,12629.449357345788,10897.220457557953,12543.343837204919,11034.625328579667,12234.756848108216,10747.678997355179,12151.343069447224,10883.19898265939
2010-11-29,12830.196967432192,11070.433944665925,12784.640445077943,11246.898682120245,12429.230742238637,10918.515493202874,12385.098749097984,11092.559343931927
2010-11-30,12723.20816702008,10978.11950469374,12665.246421785334,11141.865420606844,12325.58553004642,10827.467875004646,12269.435991519193,10988.967436566714
2010-12-01,12981.36597816877,11200.868929575958,12922.228171276953,11367.937300539845,12602.5142576897,11070.737202446668,12545.103162847423,11235.865303033459
2010-12-02,12997.347566765258,11214.658516854888,12938.136954276417,11381.932568636703,12621.619700970316,11087.520467862685,12564.121570764002,11252.898903064879
2010-12-03,13095.352867151718,11299.221614904704,13035.695782501289,11467.756981243781,12697.253390684924,11153.961233995597,12639.410709157764,11320.330681567828
2010-12-06,13111.926805761907,11313.522306706456,13052.194217009472,11482.270977325587,12706.229437962684,11161.846284430529,12648.345865809175,11328.33334326726
2010-12-07,13120.098088726383,11320.572833563607,13060.328274942714,11489.426667455682,12721.174729410923,11174.975045140834,12663.223073577663,11341.657928996216
2010-12-08,13148.508763311542,11345.086759352647,13088.609522086253,11514.30623466712,12780.635966095113,11227.209044770034,12722.413432988564,11394.671036736021
2010-12-09,13157.942811211056,11353.226852943379,13098.000592312708,11522.567743139522,12782.968019081001,11229.257647550483,12724.734862243948,11396.750195917532
2010-12-10,13152.559385972965,11348.581807068742,13092.641691763518,11517.853413332345,12788.582425931278,11234.189649333313,12730.32369251184,11401.755762095538
2010-12-13,13321.644666097041,11494.475703271612,13260.956688339542,11665.923413525488,12938.655752610537,11366.022260413221,12879.713356089029,11535.554752492824
2010-12-14,13252.714027208174,11434.999446864962,13192.340069317182,11605.560029403,12862.98275972448,11299.546968226749,12804.385093570481,11468.087932955103
2010-12-15,13203.430033618895,11392.475142916675,13143.280593494419,11562.401447325785,12824.776939922624,11265.984888313027,12766.353321414937,11434.025250199262
2010-12-16,13282.303840720986,11460.53078334873,13221.795083712519,11631.472182662832,12921.018513340885,11350.528745632088,12862.156463740299,11519.830140665446
2010-12-17,13267.037753396866,11447.35856068183,13206.598542453557,11618.103487579663,12899.707353251632,11331.807858037497,12840.942387217709,11500.83001741082
2010-12-20,13328.847997374627,11500.69104067387,13268.127204178847,11672.23145679738,12951.315895669177,11377.143621903613,12892.315825523265,11546.841997181893
2010-12-21,13488.20448279561,11638.19052333849,13426.757726471016,11811.781835220323,13109.238802703285,11515.871733316322,13049.519310479514,11687.6393393167
2010-12-22,13513.18208753373,11659.742251971435,13451.62154343302,11833.65502214519,13133.380726170415,11537.07931815227,13073.551254760785,11709.16325071139
2010-12-23,13415.934704847703,11575.833117213015,13354.817180144772,11748.494327124685,13050.407227063008,11464.190862356629,12990.955743674598,11635.187610562969
2010-12-24,13412.347097031581,11572.737578192955,13351.245916006086,11745.352616092026,13046.917366386031,11461.125178030628,12987.4817811524,11632.076199324614
2010-12-27,13317.667039360646,11491.043639511901,13256.997182047653,11662.440158264031,12949.87768205818,11375.880216474923,12890.884163733304,11545.559747141962
2010-12-28,13467.803022880407,11620.587285060908,13406.449207283222,11793.916032996924,13080.711514192139,11490.811804182533,13021.121978803394,11662.205623105949
2010-12-29,13610.452681237013,11743.671414172453,13548.449011998597,11918.83604333085,13211.906952421301,11606.06104644454,13151.719752662335,11779.173891673141
2010-12-30,13473.223084399946,11625.263942261137,13411.844577213908,11798.662445633528,13086.521808390138,11495.91588411608,13026.905804048894,11667.385834105502
2010-12-31,13499.338812443619,11647.797691583786,13437.841332656048,11821.532300736426,13094.15012516368,11502.617014427866,13034.499369818881,11674.186916651714
2011-01-03,13547.229378540513,11689.119687644647,13481.540811918065,11859.975588823621,13140.603234516988,11543.423964165946,13076.887192446164,11712.151041724792
2011-01-04,13538.917663794067,11681.947990335479,13459.227259853085,11840.345919894635,13132.541000507123,11536.341657241883,13055.243390206695,11692.766039987353
2011-01-05,13575.44883467405,11713.46862210557,13507.902688942575,11883.166648536164,13167.975677818256,11567.46941415957,13102.457807618426,11735.053044527138
2011-01-06,13565.92327105537,11705.249564900603,13449.545423524412,11831.828618785286,13158.736010376419,11559.352785366695,13045.85215790973,11684.354899819873
2011-01-07,13455.179941819895,11609.69555943789,13296.829819904022,11697.481710205733,13051.316681869062,11464.989777156441,12897.720371719186,11551.682511627498
2011-01-10,13511.342420646784,11658.15490995293,13367.66682538538,11759.798411799038,13105.793433658107,11512.84513287099,12966.431177305405,11613.222488334586
2011-01-11,13602.26988238562,11736.61095092339,13440.443142912816,11823.821164195177,13193.991662983297,11590.323277201158,13037.02308574265,11676.447251366742
2011-01-12,13553.320979324906,11694.375777186538,13414.046152496456,11800.599214543865,13146.511988515867,11548.614536569035,13011.418411120469,11653.514743642545
2011-01-13,13615.803958932167,11748.28872179401,13502.499527392565,11878.41338145938,13207.119521927438,11601.855505884234,13097.216824035184,11730.359022897159
2011-01-14,13705.489090307165,11825.672827838976,13554.57867294596,11924.228426161393,13294.112713140263,11678.275078885845,13147.73279405537,11775.603021884734
2011-01-17,13534.444427385833,11678.088293691546,13384.430238271767,11774.545514551724,13128.20203459088,11532.530072473408,12982.69142992296,11627.785780946257
2011-01-18,13772.48370933992,11883.478604829992,13578.933651744419,11945.6539781844,13359.096455937959,11735.360349668674,13171.35674882175,11796.761522555025
2011-01-19,13694.252048179762,11815.977034943466,13532.672802917024,11904.957403107006,13283.212960483557,11668.700140523015,13126.484437119228,11756.572195804934
2011-01-20,13563.943154859628,11703.541037307197,13364.4374370296,11756.957455590784,13156.815343392187,11557.665566530748,12963.298720280032,11610.416942238411
2011-01-21,13372.858210753577,11538.664905092244,13172.981796226593,11588.530177288967,12971.46589347482,11394.844481095262,12777.589693984974,11444.08896725704
2011-01-24,13192.242119797,11382.82173999088,12940.472684026123,11383.987355860212,12796.271072044223,11240.943776233591,12552.05943198603,11242.095598794152
2011-01-25,13355.716003574591,11523.873887251877,13036.800418031104,11468.728750761886,12954.838217305176,11380.23782170988,12645.49585210008,11325.78076400732
2011-01-26,13632.930694836079,11763.066390367085,13339.27891110732,11734.825007419488,13223.732197193829,11616.448987656458,12938.895337165024,11588.560356281383
2011-01-27,13472.171855998076,11624.356898151591,13193.60761485757,11606.675114049212,13067.798596782995,11479.46839188952,12797.596420756943,11462.007742754255
2011-01-28,13363.224564704868,11530.352589817645,13104.403924114684,11528.200879582753,12962.121412949924,11386.635778762602,12711.070213013438,11384.511623131459
2011-01-31,13377.057002885385,11542.287799663589,13061.49435488873,11490.452490830565,12975.538659972854,11398.422221748018,12669.44859096945,11347.233736061946
2011-02-01,13537.2907540886,11680.544224167743,13217.948217375226,11628.088018976328,13145.506607965995,11547.731355353882,12835.407032899458,11495.872346300655
2011-02-02,13405.974412476304,11567.238957743213,13089.729607384725,11515.29159564941,13022.022164027223,11439.255871852465,12714.835559509082,11387.884008794224
2011-02-03,13514.85874017627,11661.188938438878,13196.045371104818,11608.819655981562,13116.348620960403,11522.117386197348,12806.936876317592,11470.37340537066
2011-02-04,13555.194029833492,11695.991923998856,13235.42915769158,11643.466344667288,13158.918967327822,11559.513504750696,12848.502997689147,11507.601583954594
2011-02-07,13590.559770374055,11726.506973421114,13269.960626035281,11673.844353925733,13210.09034459296,11604.46523885756,12898.467253553894,11552.35144703465
2011-02-08,13432.179423310263,11589.849744015079,13115.316446179217,11537.800839046098,13046.15286237399,11460.453595929279,12738.397020052655,11408.986537292702
2011-02-09,13610.762784396762,11743.938984230397,13289.687054169093,11691.198079244345,13195.905679197955,11592.004653637676,12884.617201258454,11539.946820304085
2011-02-10,13584.903064376545,11721.626129405327,13264.437360832942,11668.98542931287,13169.16574184847,11568.514831436094,12858.508053079495,11516.56248712582
2011-02-11,13785.513375092733,11894.721148837982,13460.315306212615,11841.303095594618,13373.413480415637,11747.937206339691,13057.937632953592,11695.1791049263
2011-02-14,13864.508375940613,11962.881360334743,13537.44682754922,11909.157206110847,13450.005587017375,11815.219898240019,13132.722948807817,11762.159641050655
2011-02-15,13829.316493927297,11932.516323367206,13503.08511643775,11878.92853561556,13410.358110472953,11780.391388262684,13094.010747410679,11727.487540324508
2011-02-16,13888.473834823768,11983.559766924527,13560.84694506738,11929.742747957493,13477.473905847484,11839.349570537403,13159.543296110389,11786.180950860584
2011-02-17,13851.34198589724,11951.52084485436,13524.59103055376,11897.847709617225,13434.80279278297,11801.864933010816,13117.878785105691,11748.86465082792
2011-02-18,13916.450428472725,12007.699149412083,13588.163575319912,11953.773722790691,13511.868184581343,11869.563384491066,13193.126221464101,11816.25907942262
2011-02-21,13857.830532720407,11957.119436145289,13530.926513588925,11903.421158170973,13454.952499905121,11819.565536850205,13137.553165121582,11766.485764094961
2011-02-22,13674.734560662038,11799.136525255322,13352.149746402585,11746.14773340009,13244.352934681074,11634.563370308531,12931.921596767705,11582.31441260555
2011-02-23,13703.665383028896,11824.099256442549,13380.398095269267,11770.99835935282,13276.007768500285,11662.370706149139,12962.829700102586,11609.996870161694
2011-02-24,13683.335266506208,11806.557576246752,13360.547562963242,11753.535457162405,13249.391399715894,11638.989433327677,12936.841205533774,11586.720598885699
2011-02-25,13885.312626365252,11980.832143216638,13557.760309013827,11927.027373746387,13460.170438080211,11824.149258883277,13142.648013296486,11771.048901367689
2011-02-28,13973.140636819777,12056.61384716836,13643.516470664737,12002.468749325051,13551.410652395398,11904.299649061333,13231.735891263452,11850.839349001018
2011-03-01,13750.386969453395,11864.412607641705,13426.01752689787,11811.130667153493,13286.395653430822,11671.495991929716,12972.97253713966,11619.081175747688
2011-03-02,13815.420600945683,11920.526362048175,13489.517025362384,11866.99242006425,13342.777103528919,11721.024538723308,13028.023961378847,11668.387297782898
2011-03-03,13928.017440815009,12017.679654496884,13599.45772367998,11963.709406383221,13508.852106555963,11866.91389673662,13190.18129204805,11813.621490092644
2011-03-04,13778.362962297613,11888.551471729645,13453.333570518551,11835.16112591516,13332.392310752972,11711.901969260296,13017.884143553125,11659.305696315918
2011-03-07,13732.503183045168,11848.981724030536,13408.555616167827,11795.769082162446,13273.794176960135,11660.426166376083,12960.668326694185,11608.061063004816
2011-03-08,13860.029897779996,11959.017140886237,13533.073995976416,11905.310340501715,13435.367281943836,11802.360811136865,13118.429958092893,11749.358302044846
2011-03-09,13754.039130359846,11867.563845785027,13429.583533909163,11814.267753388183,13335.378300844435,11714.525026129406,13020.799694802927,11661.916973457415
2011-03-10,13421.827654933088,11580.917802570932,13105.208874372322,11528.909010095356,12994.85375472336,11415.389656471832,12688.308046933784,11364.124972758285
2011-03-11,13565.786540370671,11705.131587911084,13245.771792589198,11652.56496322441,13140.380546296587,11543.228342664102,12830.401893883916,11491.38955591849
2011-03-14,13428.727507840335,11586.871286062376,13111.945960846433,11534.835757062745,13001.177229202376,11420.944542007535,12694.482352057265,11369.654912194153
2011-03-15,13287.96865131843,11465.418620354447,12974.50758337186,11413.92852364214,12896.306511696752,11328.820372972901,12592.085511436362,11277.94445802428
2011-03-16,13106.968417159878,11309.244000330486,12797.777115961462,11258.455268876203,12683.24219053834,11141.653030129133,12384.047330192028,11091.617653692218
2011-03-17,13357.727766426804,11525.609720912444,13042.62109204522,11473.849311733442,12929.732217555385,11358.183339584219,12624.722712333401,11307.175560262895
2011-03-18,13323.451810218945,11496.034983279613,13009.15370019507,11444.407391414254,12905.88352763759,11337.233347122085,12601.436607702728,11286.319650856152
2011-03-21,13533.294552582962,11677.096133315357,13214.046285627783,11624.655413169656,13107.597784138121,11514.430172933386,12798.39246978826,11462.72071414829
2011-03-22,13445.312305428335,11601.181347447226,13128.139525696004,11549.08155333272,13007.090209570466,11426.13882708429,12700.255846534532,11374.825870569886
2011-03-23,13489.688978590266,11639.471408790025,13171.469360193107,11587.199657677967,13038.469639093051,11453.704232740967,12730.895042298847,11402.267484411746
2011-03-24,13556.79207251523,11697.37078248356,13236.989502800514,11644.839010830623,13115.396369419523,11521.280876406987,12806.007088178616,11469.540652211572
2011-03-25,13512.547780049857,11659.19494477743,13193.788926160387,11606.834617154636,13095.561296028342,11503.856664030396,12786.63991975401,11452.194689177606
2011-03-28,13375.145522201714,11540.638493678747,13059.627965730497,11488.81059172091,12958.137809015834,11383.136363378406,12652.458222213574,11332.016524030138
2011-03-29,13587.981294745441,11724.282156125095,13267.442976236816,11671.629528071066,13169.90877902063,11569.167555892214,12859.233562170142,11517.212280301115
2011-03-30,13649.734187554679,11777.565151115119,13327.739128122239,11724.67323423475,13235.52518107822,11626.808589141307,12923.302087907536,11574.594456916542
2011-03-31,13679.203197076353,11802.992252830902,13356.512968394316,11749.986145272474,13243.005983978568,11633.380135205818,12930.60642033248,11581.136491221872
2011-04-01,13718.151484859945,11836.598474797765,13394.542472261142,11783.441444915741,13301.023554204005,11684.345939326879,12987.255368989358,11631.873416092458
2011-04-04,13703.186790277945,11823.686306473877,13379.930792445224,11770.587263902895,13280.01231055698,11665.888514724416,12966.739775903463,11613.498880822981
2011-04-05,13739.621772174087,11855.123942340279,13415.506278910916,11801.883716358137,13292.819643910554,11677.139176213255,12979.244987113772,11624.699017395884
2011-04-06,13733.342878268224,11849.706248410337,13409.375503114064,11796.490352772655,13290.41266430508,11675.024753795715,12976.894787621468,11622.594090510227
2011-04-07,13686.078038422718,11808.924155294926,13363.22563332629,11755.89140813077,13242.58355595024,11633.009051341684,12930.19395728732,11580.767073835843
2011-04-08,13711.666703541625,11831.003132542908,13388.210665903161,11777.871230806952,13247.170152121456,11637.038168058158,12934.672356675703,11584.778096435486
2011-04-11,13596.260998778114,11731.42623324315,13275.527363367679,11678.741521823134,13144.734004142092,11547.052657935168,12834.652654627804,11495.196696803165
2011-04-12,13400.906530097105,11562.866175527897,13084.781275545154,11510.938451180136,12954.898838290532,11380.291074496121,12649.29565808678,11329.184012883787
2011-04-13,13435.249933552259,11592.499109484435,13118.314523572757,11540.438306468917,12990.337439020188,11411.422277959036,12683.898270112846,11360.175411105954
2011-04-14,13552.315477679096,11693.508188046686,13232.61851012487,11640.99376293535,13077.275673997146,11487.793574399919,12768.785651476674,11436.20373630585
2011-04-15,13651.742757954999,11779.298230193828,13329.70031666614,11726.398530221333,13168.82438629004,11568.214966059808,12858.174750022714,11516.263968396832
2011-04-18,13554.846615254657,11695.692160078153,13235.089938567427,11643.167926957636,13052.101164504596,11465.678909572425,12744.205003059924,11414.188384890505
2011-04-19,13581.65691895617,11718.825218511894,13261.267791466958,11666.197097041946,13084.853314454967,11494.450187866709,12776.184537082661,11442.830455989399
2011-04-20,13701.57008885015,11822.291348437764,13378.352228747088,11769.198570489692,13213.178592721351,11607.178124774311,12901.482650596294,11555.052149815936
2011-04-21,13732.32605376974,11848.82888943663,13408.382665343845,11795.616933934054,13259.421342149762,11647.800282859009,12946.634543858008,11595.4918803052
2011-04-22,13741.976921708909,11857.15606448316,13417.805870842636,11803.906712435139,13268.739859917388,11655.986178086921,12955.733239865533,11603.64101399081
2011-04-25,13745.330200086863,11860.049414201443,13421.080045916762,11806.787068397001,13267.550214089279,11654.941128181981,12954.571657517725,11602.600657237348
2011-04-26,13823.509475158668,11927.505783166096,13497.415084318664,11873.940497270512,13356.87129372517,11733.405645584486,13041.785672765334,11680.712803079314
2011-04-27,13881.826567916394,11977.824225264698,13554.35648612956,11924.032964065826,13413.901549639448,11783.504138861728,13097.470597635906,11730.58631205995
2011-04-28,13827.141952369502,11930.640037388392,13500.96187196959,11877.060675857336,13349.57272361232,11726.994182758828,13034.659274296993,11674.330133104693
2011-04-29,14001.836490594083,12081.373837564508,13671.535393810613,12027.117544976169,13503.215436463928,11861.962337705627,13184.677589748924,11808.692167718946
2011-05-02,14009.926681206418,12088.354394527192,13696.939845567433,12049.466338922406,13511.017526342195,11868.816119808627,13209.177362167291,11830.635083554263
2011-05-03,13688.763086160916,11811.240927492534,13361.984882330982,11754.799895170829,13201.290926037875,11596.735348744698,12886.150498677023,11541.320099028126
2011-05-04,13695.24327539714,11816.83230750569,13402.923233279113,11790.814164582995,13207.540348489321,11602.22518293273,12925.630991742308,11576.680310611924
2011-05-05,13523.167937024817,11668.35846319977,13256.012718311913,11661.574106227632,13041.592805329192,11456.447792631705,12783.952115259755,11449.787390579393
2011-05-06,13527.6505229734,11672.226227020623,13206.659032200641,11618.156701595315,13045.915761379769,11460.245313459302,12736.355965997882,11407.158492665403
2011-05-09,13794.619885922542,11902.5786296595,13459.430331451276,11840.524565958232,13303.378046792077,11686.414254280122,12980.125812512002,11625.487917686416
2011-05-10,13769.961950055702,11881.302724783014,13457.88304393189,11839.163386812257,13279.598207593688,11665.524744052338,12978.63362553416,11624.15145901626
2011-05-11,13712.578619486509,11831.789972001141,13471.94552980605,11851.53443115448,13224.258361591475,11616.91119921619,12992.195331445051,11636.297831901053
2011-05-12,13745.374251064719,11860.087423239167,13488.616417706202,11866.200137863985,13255.88610405747,11644.694736531696,13008.272551432929,11650.697193619017
2011-05-13,13636.791609639415,11766.397750158741,13382.575945249879,11772.914256650205,13151.17021190924,11552.706574551601,12906.008292113947,11559.1054842399
2011-05-16,13602.328134175581,11736.661213019488,13347.586660205627,11742.13349707053,13117.934019343353,11523.510086772796,12872.265012437174,11528.883736326847
2011-05-17,13537.042472752655,11680.329996581353,13282.33860950659,11684.733508500618,13054.97325332541,11468.20190934113,12809.340513685127,11472.526193223279
2011-05-18,13355.68350033482,11523.8458420886,13077.637748844134,11504.654150781973,12880.07267670899,11314.559685203569,12611.929266708401,11295.717270128627
2011-05-19,13537.069777337776,11680.353556126602,13214.232869051908,11624.819554263488,13054.999585563723,11468.22504101822,12743.660090525587,11413.700340770161
2011-05-20,13536.478099337486,11679.843031445233,13231.046661787695,11639.610977156757,13054.42897787863,11467.72378804614,12759.875126357085,11428.223135530918
2011-05-23,13524.146994211982,11669.203234947707,13214.255800154791,11624.839727203967,13042.536997195153,11457.277222363182,12743.682205027695,11413.720147348367
2011-05-24,13587.770550217565,11724.10031687657,13274.119765049565,11677.503230004371,13103.894847228215,11511.177310800591,12801.414350953233,11465.42722435316
2011-05-25,13625.671059544626,11756.802471491923,13259.71991139321,11664.835396614286,13140.445677038204,11543.285557066674,12787.527291282922,11452.989452428501
2011-05-26,13737.227116502143,11853.057732639543,13369.882675451057,11761.74773851577,13248.029098066703,11637.79271311452,12893.767043048909,11548.141762072752
2011-05-27,13707.076128643337,11827.042191311175,13339.531745608696,11735.047430883998,13218.951820600054,11612.249643627458,12864.496941850048,11521.926360715948
2011-05-30,13736.628263711735,11852.541017247282,13381.215454937457,11771.71740666701,13247.451571093792,11637.285381861908,12904.69625029739,11557.93037033837
2011-05-31,13746.790697614644,11861.309592938269,13380.206619835257,11770.829914662043,13257.252109361896,11645.894710237992,12903.723340877885,11557.058996141785
2011-06-01,13638.029946735001,11767.466239524318,13274.308869722527,11677.669589090203,13152.364450436158,11553.755658934146,12801.596721409216,11465.590562179248
2011-06-02,13696.375930353712,11817.809609873742,13341.663772569082,11736.92301677271,13208.632668336366,11603.184736377412,12866.553045080274,11523.767883949682
2011-06-03,13594.698865406459,11730.078358822546,13241.765265833244,11649.04034313947,13110.576437366064,11517.046784700646,12770.212029600354,11437.481254095923
2011-06-06,13483.614912957453,11634.230449314946,13109.089900415975,11532.323224744812,13003.448308676627,11422.93958232339,12642.261373968744,11322.883843979029
2011-06-07,13461.844253346882,11615.445807912916,13062.07895466707,11490.966774709319,12982.452926598502,11404.49609138982,12596.924537612449,11282.278471511974
2011-06-08,13345.596958064076,11515.142748891996,12932.457310994883,11376.93607516374,12870.345327487166,11306.014650085237,12471.91885747174,11170.318691991415
2011-06-09,13353.926817262492,11574.862756619461,12915.210868360478,11430.850145347207,12878.378551085169,11364.650074499312,12455.286578861123,11223.253624731913
2011-06-10,13273.187529671175,11484.356702790321,12858.252596368962,11353.348261817184,12800.514479806767,11275.787713621317,12400.356651047943,11147.159258679365
2011-06-13,13157.595617587494,11384.343141815685,12761.392282501029,11267.824286623065,12689.038924965995,11177.590512748991,12306.945635181448,11063.188490766745
2011-06-14,13385.218383926092,11515.52416733765,12988.660803024051,11381.772442755646,12908.555790069991,11306.389141537788,12526.120883833612,11175.067225951378
2011-06-15,13339.439246191057,11476.139620008878,12951.36191984999,11349.08797996967,12864.40689861943,11267.719862415832,12490.150253253936,11142.976348127699
2011-06-16,13284.395634793767,11428.78469316927,12864.452399084788,11272.930445065982,12811.323451773163,11221.224954946809,12406.335672245901,11068.201915885984
2011-06-17,13346.157756082794,11431.582281426734,12942.322982517571,11275.07330777074,12870.886154861359,11223.971735817313,12481.433202019452,11070.305861901606
2011-06-20,13368.898976280774,11482.2813614355,12944.688933118003,11317.90438949357,12892.817534779108,11273.750062827641,12483.714898622024,11112.359085160122
2011-06-21,13491.702453795377,11528.363413014287,13084.764399660928,11362.1953774203,13011.247843141911,11318.995211899359,12618.802129968271,11155.845701157268
2011-06-22,13445.668063948855,11489.0280379966,13040.27303400616,11323.561163326936,12966.852789392975,11280.374212063352,12575.895148799844,11117.913125902707
2011-06-23,13399.944812662929,11449.958524045049,12989.202444978115,11279.213860398682,12922.757794212577,11242.01424495392,12526.64323734605,11074.371217644974
2011-06-24,13243.794689046706,11293.562275764965,12875.3213645449,11150.063639305936,12772.168351103686,11088.458330552152,12416.817582375068,10947.566503333843
2011-06-27,13387.999644902331,11416.532141099433,12986.870864192064,11246.665812159163,12911.23800723289,11209.194923168365,12524.394686612499,11042.414276933016
2011-06-28,13235.34025322968,11312.466568315456,12850.48296853894,11162.895826923284,12764.014987199762,11107.019299633139,12392.86370786487,10960.165644636407
2011-06-29,13620.626283321722,11563.58979516869,13213.160481036937,11375.295126301206,13135.58055093761,11353.581842859321,12742.62589137961,11168.70754452336
2011-06-30,13582.051108629252,11530.840383567338,13196.333405068432,11360.808588010148,13098.379081350276,11321.427197847894,12726.39804534533,11154.484097332854
2011-07-01,13471.776578937228,11437.219914163876,13089.190570141349,11268.568629999096,12992.031550968359,11229.506982727222,12623.070679846589,11063.919316067304
2011-07-04,13714.881963043965,11643.61063954847,13325.391985934983,11471.915953128853,13226.479680509276,11432.149417625778,12850.86071394116,11263.573633320735
2011-07-05,13774.329853595758,11694.08049359408,13383.15161131668,11521.641587358781,13283.810565204541,11481.702681677343,12906.563458104563,11312.396196604912
2011-07-06,13966.649709919115,11857.35550619113,13570.009761397225,11682.508974610411,13469.281696394264,11642.0124342067,13086.767392254069,11470.342059258694
2011-07-07,14042.089992450377,11921.402523051971,13643.307609600917,11745.611565140242,13542.035466108091,11704.896284343306,13157.45502672602,11532.298638943379
2011-07-08,13978.66465008604,11867.555906423382,13581.68348836354,11692.558961489498,13480.86877110687,11652.02758356068,13098.025405482877,11480.209527577763
2011-07-11,13890.69199596308,11792.86920227999,13496.209176343189,11618.973574681819,13396.028921567287,11578.697274972625,13015.594923921592,11407.960530458964
2011-07-12,13822.122824060347,11734.655595946151,13429.587305574125,11561.618376207385,13329.901574549307,11521.540893988291,12951.345528282118,11351.646964014617
2011-07-13,14015.040647171558,11898.438268213326,13617.026440738186,11722.98593726667,13515.949378260932,11682.349086510349,13132.109758023154,11510.083916782294
2011-07-14,13681.846057478682,11615.563936517152,13293.294269567177,11444.282821972374,13194.620220481558,11404.612074644148,12819.90603112855,11236.442349516716
2011-07-15,13822.462612036492,11734.944067907112,13429.917443885663,11561.902594410265,13330.229262295674,11521.824126970107,12951.663910019959,11351.926020509552
2011-07-18,13825.032724756378,11737.12603286246,13432.414567778731,11564.052384484437,13332.707850427732,11523.966464958361,12954.072108695776,11354.036768086118
2011-07-19,13941.549114035413,11836.045693530834,13545.621999247163,11661.513392794453,13445.074960797192,11621.08963199906,13063.248104052567,11449.7277797674
2011-07-20,13869.7008848069,11775.048245026934,13475.81419335098,11601.415402209363,13375.785327351408,11561.199966587028,12995.926227798227,11390.721233264141
2011-07-21,13784.227521116592,11702.483379390891,13392.768194223989,11529.92056564215,13293.355765717492,11489.95296150396,12915.837584345376,11320.524819747236
2011-07-22,13909.097799790332,11808.49529471373,13514.092272346146,11634.369247435325,13413.779274139082,11594.03957978222,13032.841184002393,11423.076601253257
2011-07-25,13677.450927551572,11611.832575086595,13289.02395726951,11440.606482557805,13190.38160604574,11400.948478984192,12815.787789158612,11232.83277637599
2011-07-26,13774.384049263344,11694.126504434957,13383.204267877374,11521.68691973169,13283.8628309038,11481.747856908982,12906.614239509558,11312.440705693221
2011-07-27,13670.052050741904,11605.5511035454,13281.835201725704,11434.417636519116,13183.246211512605,11394.781086115723,12808.855032786603,11226.756326431023
2011-07-28,13686.02970246274,11619.115752229434,13297.359102898792,11447.782263219053,13198.654881189626,11408.09938534043,12823.826111455277,11239.87823715035
2011-07-29,13628.786079752379,11570.517269484,13241.741146188268,11399.900405368915,13143.449767893173,11360.383506356242,12770.188768881388,11192.865965285846
2011-08-01,13680.416914873682,11614.350628222855,13291.90571329183,11443.087404914188,13193.800972095985,11403.90396710682,12819.11004858842,11235.744683566452
2011-08-02,13388.632830509308,11366.632836825847,13008.408027355534,11199.02241760271,12902.716450958078,11152.308544954514,12536.292040510287,10987.8592282863
2011-08-03,13644.133632446818,11583.546978986826,13256.652842565187,11412.737981009102,13145.293024320243,11361.976702988923,12771.979678645475,11194.435669016002
2011-08-04,13088.622071501512,11111.930793091531,12716.917296735384,10948.076166541574,12595.632010311227,10886.883783861345,12237.928494843141,10726.348358242023
2011-08-05,13149.016672120022,11148.02591917401,12775.596746492532,10983.63904008265,12656.0035140698,10922.537897752864,12296.585507489965,10761.476724962702
2011-08-08,12571.008807329235,10940.970550611764,12214.003771063011,10779.636874489595,12073.909701935738,10706.075575728068,11731.022585013692,10548.206305385536
2011-08-09,13266.29426537588,11297.216744185554,12889.543764448093,11130.629922764445,12747.742575156273,11053.849950371025,12385.719269800678,10890.852480962425
2011-08-10,12812.286634742704,11121.74869628652,12448.429531085058,10957.749296619137,12293.328767927778,10873.127841671252,11944.210366128416,10712.795257937463
2011-08-11,13255.162078523794,11304.493125888896,12878.727721418014,11137.799008190583,12732.739896332767,11058.805719142165,12371.142652246048,10895.7351731338
2011-08-12,13249.93898145821,11290.10135030987,12873.65295548368,11123.619451267055,12730.7926144434,11046.853253773452,12369.250671240105,10883.958956005932
2011-08-15,13167.911536872369,11234.417388346441,12793.955014542136,11068.756595460802,12656.628656012077,10995.738955419558,12297.192896018183,10833.5983770638
2011-08-16,12953.415856279018,11154.3152400343,12585.550813113492,10989.835619695716,12442.944977022125,10913.329838019454,12089.577622576304,10752.404445110642
2011-08-17,13256.661861603543,11339.787731173912,12880.18491204389,11172.573165276643,12734.789223861932,11091.454369813175,12373.133780896354,10927.902394487166
2011-08-18,12795.89978570329,11168.098154529684,12432.508053419197,11003.415293696764,12274.00799297517,10913.96241735575,11925.438282112196,10753.027696580946
2011-08-19,12562.587620608745,11092.942385106382,12205.82173826538,10929.367758365379,12039.704773041365,10834.10862739539,11697.78904233494,10674.351411810601
2011-08-22,12650.98877966069,11170.298113069537,12291.712386070612,11005.582812025128,12118.98692910602,10904.716520732833,11774.819663429775,10743.918137773246
2011-08-23,13067.925643077824,11326.23900346273,12696.808627758313,11159.224224781623,12532.73126366522,11065.232287930961,12176.814067310175,10902.066977251985
2011-08-24,12882.88859340243,11146.865086311269,12517.026459345227,10982.4953246623,12371.067216908074,10903.42466307775,12019.741119896236,10742.645329547053
2011-08-25,12800.835906295522,11120.800651038482,12437.303992746898,10956.815231083805,12284.90443964885,10874.06649286785,11936.025280456637,10713.720068004466
2011-08-26,13164.554043557782,11317.857502792,12790.692870935829,11150.96631628294,12634.764180552866,11064.559242545769,12275.949350078761,10901.403856435614
2011-08-29,13340.373387844318,11385.10465688456,12961.519108277223,11217.221855369471,12811.179541189425,11134.203443682909,12447.354688619518,10970.021100576294
2011-08-30,13565.024619176304,11518.298248607602,13179.79045218584,11348.451397222421,13021.989089556935,11259.885482515623,12652.17745391147,11093.849861648609
2011-08-31,13643.604576947417,11556.888237046125,13256.138811753195,11386.472344306934,13098.30552178241,11297.650386526246,12726.326574796578,11131.057893274148
2011-09-01,13617.081034177205,11558.259038914526,13254.150055331504,11403.455355704878,13072.842055382092,11298.990439310415,12724.417303623457,11147.659952046737
2011-09-02,13628.699152337127,11610.231165497786,13294.976933203143,11468.248865037696,13083.995827861248,11349.796755330655,12763.612440925668,11211.00005262254
2011-09-05,13589.407829867065,11576.138997886761,13243.009479560309,11422.962377532322,13046.274876395291,11316.469324737913,12713.721986720937,11166.729404175623
2011-09-06,13631.113718569586,11598.543126598828,13299.668914757929,11454.465895888974,13086.313890220574,11338.37089618275,12768.116896589347,11197.526254689652
2011-09-07,13654.25131383612,11582.575044801002,13327.616208558682,11451.272279495546,13108.526736549502,11322.761001737548,12794.947212176781,11194.40427556484
2011-09-08,13729.387908210612,11659.593510803978,13423.13454069323,11539.306317329638,13180.660318509668,11398.051831272349,12886.647933320888,11280.463587182974
2011-09-09,13638.317497851813,11613.890048297899,13339.019079771862,11489.576118199522,13093.229753357617,11353.373564055724,12805.894341277497,11231.848905759
2011-09-12,13571.712951012561,11521.606463738499,13237.873365961708,11374.071872268682,13029.287215392655,11263.160034826853,12708.791149777446,11118.9355811139
2011-09-13,13548.587867692253,11545.767549977036,13194.509771997095,11397.367906986998,13007.086380940307,11286.77915267959,12667.160682106027,11141.709053291432
2011-09-14,13605.799420622012,11594.852276516245,13198.890511263924,11431.349975241772,13062.011338302073,11334.762837247952,12671.366334999408,11174.92885637348
2011-09-15,13634.498119261085,11547.583166273505,13218.530113431734,11375.357410371778,13089.563025301803,11288.554042055765,12690.220995058113,11120.192282804897
2011-09-16,13898.915074135297,11678.605560198503,13465.804201569017,11494.333238401716,13343.411928687177,11416.637412683625,12927.612202543809,11236.499317122123
2011-09-19,13829.756624773257,11665.48718207298,13361.603611432565,11478.064333406597,13277.017560978275,11403.813298903126,12827.57622991298,11220.595346350055
2011-09-20,13980.953348074376,11745.388651478039,13500.271834032788,11546.935250230283,13422.17134819933,11481.922461870927,12960.702256384004,11287.921392481509
2011-09-21,13882.012781079467,11670.828057208033,13443.781342186392,11483.724838239597,13327.185175909686,11409.034370423096,12906.469537655175,11226.128878167114
2011-09-22,13539.580355632166,11557.171075210665,13076.519581554392,11378.714513979141,12998.438875489035,11297.926880218434,12553.88624242794,11123.474081897482
2011-09-23,13157.084827711296,11339.447679825706,12662.44870775277,11163.182649584176,12631.230689619437,11085.087337984063,12156.364668465643,10912.776897740601
2011-09-26,12919.814833045542,11343.880378159949,12317.248884227583,11151.054953563147,12403.443753714331,11089.420604432784,11824.96155401963,10900.921242851173
2011-09-27,13286.13485246968,11441.54708432585,12683.351983732873,11233.877112561922,12755.122923694804,11184.89650400313,12176.43249669101,10981.885585343278
2011-09-28,13108.193505585295,11369.172273277483,12527.591948812877,11170.318092072202,12584.293425280051,11114.145165472897,12026.897771697328,10919.752282304553
2011-09-29,13152.544908931166,11387.43311716433,12549.697533021294,11178.601952341893,12626.872219473895,11131.996392011128,12048.119855122824,10927.85032403807
2011-09-30,13106.192618208695,11348.149200082627,12546.12214776332,11151.863334759075,12582.372508118786,11093.593670456747,12044.687368403287,10901.71149092974
2011-10-03,13066.753088551257,11331.074612520413,12508.367998183288,11135.084081716668,12544.540477276443,11076.915846873702,12008.47202159856,10885.322138083406
2011-10-04,13065.440531894359,11330.50550873037,12507.111531364664,11134.524821560854,12543.28669195986,11076.362296328469,12007.271814550515,10884.77816211682
2011-10-05,12804.517535712934,11217.367745086996,12257.338628080417,11023.343971194347,12292.778924994453,10965.75672487439,11767.469048060471,10776.085698240762
2011-10-06,13342.354141873719,11452.952997762397,12772.191717226755,11254.854369515651,12809.135489978531,11196.06431071222,12261.760040625093,11002.409730791449
2011-10-07,13239.34823363773,11408.743339819945,12673.587588299595,11211.409394061231,12710.221239882543,11152.835386083116,12167.072713738413,10959.92852241398
2011-10-10,13708.591505334203,11610.923838294962,13122.778560477196,11410.092831174521,13160.710320018245,11350.480669322413,12598.310950375659,11154.15520129046
2011-10-11,13618.501255469057,11572.771449358792,13036.538161601911,11372.600353783791,13074.216317842367,11313.182207619464,12515.513114373089,11117.50187860532
2011-10-12,13763.843991339578,11634.526345602551,13175.66992706889,11433.287092301258,13213.73819879735,11373.546684648936,12649.072777788715,11176.822251464178
2011-10-13,13728.697584679527,11619.671781917546,13142.025441301195,11418.689463983908,13179.990563187359,11359.022773877734,12616.767286905906,11162.549555920143
2011-10-14,13988.717395859307,11729.709345352438,13390.933755632514,11526.823737465864,13429.615574013113,11466.590991370202,12855.725020257898,11268.257201930239
2011-10-17,13459.462540130813,11507.816034778116,12884.295690658457,11308.768455428852,12921.511866582387,11249.674231460076,12369.334214169392,11055.092378669671
2011-10-18,13770.46283608719,11640.768378973013,13182.005926935492,11439.421158909921,13220.094035929447,11379.649429840845,12655.157009611545,11182.819439513534
2011-10-19,13567.195083555369,11554.852863485166,12987.424470195532,11354.991700840332,13024.878196645139,11295.630064767875,12468.283369364226,11100.253329298417
2011-10-20,13515.65623311606,11532.905665486178,12938.088043377837,11333.424117585097,12975.437452516147,11274.191693238543,12420.95538683067,11079.185770111484
2011-10-21,13684.805224398104,11605.07305884915,13100.00874511139,11404.34325107726,13137.803335172139,11344.730512920132,12576.382854474343,11148.504503420358
2011-10-24,13929.023401212586,11778.164281466066,13333.79068058834,11574.44056166392,13372.221938780478,11513.906040380534,12800.783999169293,11314.753858362094
2011-10-25,13803.460873579197,11631.037545636911,13213.593850375288,11429.858637164372,13251.65202925199,11370.057341737087,12685.366428645908,11173.393262549682
2011-10-26,13759.21787394351,11612.397582999743,13171.241498797484,11411.54108491601,13209.158912297602,11351.827570259009,12644.689178890792,11155.478805332014
2011-10-27,13976.64599746456,11778.808662198746,13379.37820756706,11575.073796717468,13417.907330419936,11514.515323132508,12844.517107471822,11315.352602554076
2011-10-28,13941.281616860266,11760.92342985868,13345.52506259458,11557.497920400529,13383.949952246028,11497.025612128173,12812.010836997677,11298.165405231646
2011-10-31,13808.69464951042,11667.808686893128,13218.603969945476,11465.993757942431,13256.671418830165,11406.007094619279,12690.171323605924,11208.721204579464
2011-11-01,13693.579051929202,11566.234485562254,13108.407638299914,11366.176458080796,13130.344194753328,11294.103805449891,12569.242467053478,11098.753469177405
2011-11-02,13922.168643743584,11662.77319212895,13327.228849322415,11461.045360768325,13351.963120573768,11389.416887740166,12781.390905251932,11192.417952960237
2011-11-03,14114.428179073397,11795.225351311496,13511.27250598048,11591.206530801825,13530.844675617396,11520.691299270178,12952.628277622212,11321.421754898014
2011-11-04,13870.753627958848,11616.60646843866,13278.01096529954,11415.677170402623,13299.94847218389,11342.739900525363,12731.599009643274,11146.548321982427
2011-11-07,14045.077120277041,11726.635016976268,13444.885044718314,11523.802584915536,13453.216138719232,11446.658988471361,12878.317057126904,11248.669956219388
2011-11-08,14212.428514585685,11858.460853296097,13605.084966675644,11653.348265423365,13622.088762546346,11584.460086222933,13039.973212018764,11384.087554469961
2011-11-09,13823.649599863089,11534.074381547553,13232.919846363899,11334.572618681064,13220.286752149223,11242.760701264622,12655.341490449044,11048.298429493812
2011-11-10,14007.084236813585,11596.21532242921,13408.515721409576,11395.638724526816,13405.748085021034,11310.921918999516,12832.877465633926,11115.280685441689
2011-11-11,14214.126086677283,11767.621578805067,13606.709995960367,11564.080213277448,13594.507093139218,11470.18482538802,13013.570195823437,11271.788874602986
2011-11-14,14105.506317033023,11677.697207981548,13502.731904281363,11475.711239957924,13485.099903447253,11377.873962008025,12908.838326309558,11181.074681354019
2011-11-15,14166.03198094685,11727.80532608889,13560.671108645134,11524.952651508185,13540.437348001591,11424.564195971949,12961.811024343517,11226.95732995636
2011-11-16,14062.008028622047,11641.68575049027,13461.092439982285,11440.322662900326,13433.627566105162,11334.44486092598,12859.56556705796,11138.396758908768
2011-11-17,13840.198318280696,11500.165397738505,13248.761383925905,11301.250149387457,13237.016454167278,11214.578635667725,12671.356278633386,11020.603819660211
2011-11-18,13893.884390696128,11522.469944903733,13300.15327490284,11323.168900837121,13272.380170042548,11229.55894387788,12705.208789487586,11035.325018489335
2011-11-21,13370.088138295723,11305.272708845743,12798.740549285936,11109.728466586535,12779.20352348601,11020.924314998312,12233.107163078246,10830.299073008802
2011-11-22,13743.803280849605,11463.272849095205,13156.485621675281,11264.99572117303,13136.434831039767,11174.964400370704,12575.072830913512,10981.674778542358
2011-11-23,13464.707060954503,11346.880171812543,12889.31609595672,11150.616256527508,12848.630639980423,11052.54908637066,12299.567436172636,10861.37684128745
2011-11-24,13553.413037391347,11384.25700001222,12974.231375934145,11187.346587845897,12933.277882704395,11088.956382659553,12380.597430678818,10897.154412748652
2011-11-25,13488.286587403623,11356.905356477368,12911.887992130904,11160.468038286514,12865.294741038548,11059.812104637936,12315.519426736504,10868.514233556834
2011-11-28,13811.971204312305,11493.173797089108,13221.740506845686,11294.379480562211,13193.286354849592,11200.79315846004,12629.494906739421,11007.056785241308
2011-11-29,13655.274477092958,11427.978804545079,13071.73994321004,11230.312148159112,13046.17944910071,11138.347988274347,12488.67435097101,10945.691708279877
2011-11-30,14315.291098318005,11704.159849849595,13703.551895823875,11501.716164671732,13696.348588311366,11415.89323253604,13111.059677213992,11218.436345275042
2011-12-01,14127.781907119555,11583.619235278988,13524.055585557868,11383.260508486888,13517.832180895984,11288.406372203517,12940.17184854246,11093.154582528417
2011-12-02,14074.65554109761,11530.896673008472,13473.199482889875,11331.44987410654,13457.913601442848,11232.416665290139,12882.813782199553,11038.133310850073
2011-12-05,13957.196247054879,11473.667105994686,13360.759608596956,11275.21019142414,13368.37587909587,11183.01312414092,12797.102293952612,10989.584286229372
2011-12-06,14195.63871346935,11643.858041707434,13589.012648667018,11442.457380584245,13606.850241945785,11365.724029971201,13025.385882286451,11169.134902628155
2011-12-07,14201.592776328282,11643.005172486655,13594.71227494901,11441.619263211549,13607.291436444577,11362.359482906213,13025.808223129021,11165.828551008497
2011-12-08,13869.44949170431,11407.586874708553,13276.762559051946,11210.27293201387,13293.736098765885,11124.532054066842,12725.652110869822,10932.114743665697
2011-12-09,14041.703434161507,11478.426089136883,13441.655527243127,11279.886859722952,13479.94910683941,11202.445913715013,12903.907639763785,11008.680953341393
2011-12-12,13635.372183814461,11209.686722450178,13052.688140007811,11015.795805127193,13107.799971599095,10934.434779208355,12547.661630873255,10745.305517793458
2011-12-13,13651.094039134581,11216.149218319686,13067.738149036491,11022.14652095473,13131.179202096597,10944.186174240966,12570.041791854386,10754.888246207487
2011-12-14,13581.24933238137,11187.455963009597,13000.878135008998,10993.949565115878,13107.529650947723,10934.330810654534,12547.402861890467,10745.203347548939
2011-12-15,13482.582263380542,11146.81782058134,12906.42743252761,10954.014329638438,13026.677735134937,10900.607385351877,12470.006007801692,10712.06322505513
2011-12-16,13546.843203614513,11173.381908223248,12967.942292639264,10980.118945446005,13068.331167955803,10918.03499531753,12509.879455819893,10729.189395479774
2011-12-19,13410.183590049688,11117.023757809926,12837.122591266314,10924.735606706981,12928.184031477127,10859.491508742913,12375.721256054834,10671.658516012894
2011-12-20,13736.14064697614,11252.1327338185,13149.150437205575,11057.507639324944,13263.515618612011,11000.328401002424,12696.723048775882,10810.05939964911
2011-12-21,13467.90845236042,11142.2698423824,12892.380681438672,10949.54501658749,13014.791672428575,10897.18662592992,12458.627874683556,10708.70163336484
2011-12-22,13549.357810570642,11175.962183360112,12970.349442216891,10982.654590262186,13111.255903428331,10937.571011419474,12550.969879649296,10748.387503644915
2011-12-23,13612.422657285535,11236.050515711597,13030.719321797003,11041.703590991967,13191.101288081629,11009.444478799227,12627.403214883832,10819.017799697083
2011-12-26,13653.920981472205,11265.16624968676,13070.444286883365,11070.315717996771,13231.315187650715,11039.651162564416,12665.89864552392,10848.702008555647
2011-12-27,13603.59596582924,11235.239351393495,13022.26982373168,11040.906457163534,13192.129186133105,11014.530455004531,12628.387187554219,10824.015805472944
2011-12-28,13484.030080378448,11161.3293323919,12907.813379570545,10968.274839756774,13087.251229670139,10943.19899244543,12527.991002604336,10753.918139365314
2011-12-29,13571.483455600921,11251.26487635006,12991.529586079743,11056.654792952251,13208.008112480498,11055.641632114757,12643.587556441475,10864.415896302098
2011-12-30,13686.955285595131,11307.563798919753,13102.06692716234,11111.979928295628,13288.623948067143,11097.289752082155,12720.758418769481,10905.343642667402
2012-01-03,13868.146848523886,11457.256343016776,13244.93340620856,11233.146264600682,13464.542497640552,11244.198801883818,12859.467064984645,11024.256792606135
2012-01-04,13910.791568855086,11452.443806073928,13295.175833173042,11221.074642085236,13505.946198288231,11239.47571662252,12908.247290222456,11012.409651709104
2012-01-05,13943.995568676954,11479.779917050404,13339.290845641537,11258.307534222724,13538.183850960853,11266.30347893219,12951.078426666229,11048.950167997811
2012-01-06,13928.918672317404,11467.367445231452,13328.45394281424,11249.16123205719,13523.545789218395,11254.12187113683,12940.55690943997,11039.973948744495
2012-01-09,14062.416684731834,11577.27337530245,13439.964158007439,11343.275402771338,13653.15856086681,11361.98396225719,13048.821850886496,11132.337990067947
2012-01-10,14123.383402683961,11627.465911646013,13499.36860614369,11393.412516787203,13712.351312144841,11411.243412933358,13106.497455655002,11181.542763755695
2012-01-11,14114.194597119438,11619.900973385544,13475.147220435603,11372.969765192522,13703.430066347482,11403.819266262752,13082.98098318747,11161.480161718951
2012-01-12,14131.432102919805,11634.092226669616,13495.13635786026,11389.840516349743,13720.165988670633,11417.746686806613,13102.388378187987,11178.037187565527
2012-01-13,14112.7700669937,11618.728189569876,13495.976433452366,11390.549536752504,13702.047145875973,11402.668417530693,13103.204005120751,11178.733023158433
2012-01-16,14104.363944162411,11611.807616511487,13460.800333205189,11360.86105038392,13693.885556012912,11395.876446814376,13069.051632380913,11149.596618290063
2012-01-17,14191.429904769302,11683.487076040212,13555.658991548638,11440.921374450043,13778.41775183661,11466.223059208973,13161.149626035183,11228.168155650488
2012-01-18,14236.405673298152,11720.514621105644,13556.302578538216,11441.464559266802,13822.08466978456,11502.56210992709,13161.774482759041,11228.701239504713
2012-01-19,14317.672334622006,11787.419647143302,13623.969469291145,11498.57514144067,13900.98601586001,11568.222801166643,13227.472068872936,11284.749804050163
2012-01-20,14013.461448385153,11536.9696233198,13348.685313801732,11266.236427361935,13605.628346568408,11322.429925718798,12960.199488297421,11056.731616933741
2012-01-23,14095.668583946073,11604.648920778158,13430.100456076574,11334.950478227103,13685.443238293094,11388.850857965524,13039.245211561203,11124.167874252407
2012-01-24,14179.295331035024,11673.496952680616,13479.652979590794,11376.772607699764,13766.63603320496,11456.418463624454,13087.355611559082,11165.212287283257
2012-01-25,14217.968944360297,11705.33607421394,13479.369897062223,11376.533687190338,13804.184342936129,11487.665686827311,13087.080767560914,11164.977809694621
2012-01-26,14225.97640336234,11711.928436251455,13515.652233280949,11407.155832245668,13811.958868471263,11494.135547559576,13122.307181566643,11195.03051110867
2012-01-27,14246.177268307816,11728.559356891523,13538.015143304274,11426.030037877448,13831.57175281446,11510.457139106878,13144.019265433171,11213.553735567779
2012-01-30,13891.063890998443,11436.20244978883,13241.568324976499,11175.830121937655,13486.793160707935,11223.536803670939,12856.19991746887,10968.006490135664
2012-01-31,13939.160985602599,11475.799712853483,13301.972065957318,11226.810635073538,13533.490574159683,11262.397793994336,12914.845732734399,11018.038979252266
2012-02-01,14168.269666739134,11664.419769678605,13510.961031769883,11403.196477139933,13755.931522963652,11447.510307087387,13117.752507754658,11191.144783424674
2012-02-02,14258.57565370032,11738.766670493405,13593.997369784902,11473.27881065425,13843.609341831505,11520.474666754137,13198.372245215967,11259.923879066082
2012-02-03,14413.112464598264,11865.993373159346,13719.590569944623,11579.2789637334,13993.648678331369,11645.33548393569,13320.310315533703,11363.95287326539
2012-02-06,14371.662215737759,11831.868309644951,13665.971619362159,11534.024786258373,13953.404753215382,11611.84500408023,13268.25183340113,11319.540233950343
2012-02-07,14420.135417371512,11871.775213221446,13714.426276851362,11574.92032124531,14000.46723505353,11651.009799646414,13315.296318489702,11359.675283271989
2012-02-08,14539.40359478833,11969.966038161785,13862.12578695083,11699.578110523304,14116.264359565706,11747.374685889949,13458.697340404102,11482.014959781847
2012-02-09,14573.469685015061,11998.01188890171,13921.0995197163,11749.35170250789,14149.339019469317,11774.898994913874,13515.954764880185,11530.86297142554
2012-02-10,14486.233557431658,11926.192334704288,13846.065569935838,11686.023352304637,14064.641712721439,11704.414979319561,13443.10452272606,11468.71226329376
2012-02-13,14405.675740829754,11859.870884684227,13803.275589580904,11649.908781913018,13986.428365258793,11639.326831727683,13401.559856081856,11433.26927265039
2012-02-14,14499.201441381143,11936.868503740396,13851.100731488528,11690.27300829465,14077.23218948554,11714.892613079775,13447.993146335399,11472.882893481474
2012-02-15,14452.075535920387,11898.070798992378,13830.33060658616,11672.743106864284,14031.477789413257,11676.816386431825,13427.827492879382,11455.678974796068
2012-02-16,14546.688486736,11975.963526892105,13876.742185150637,11711.914291500258,14123.337224521763,11753.260633660915,13472.888358621754,11494.12173946107
2012-02-17,14569.47277481542,11994.721322061372,13884.141151679405,11718.158989331667,14145.458414146296,11771.669604787965,13480.071993561512,11500.250312067892
2012-02-20,14278.13715508905,11754.87121740636,13637.138495880507,11509.68974663108,13862.60151514865,11536.279710523011,13240.25783823169,11295.657724136066
2012-02-21,14524.375305751688,11957.593583665457,13833.027561880599,11675.01932622723,14101.673414194214,11735.232287736004,13430.445958878487,11457.912866012504
2012-02-22,14408.338969473494,11862.063461306067,13734.685361927599,11592.018907128891,13989.014074845145,11641.478626180246,13334.965804874773,11376.455907073268
2012-02-23,14419.471630753591,11871.228732533898,13753.430518468609,11607.839743450546,13999.822745928806,11650.473464038343,13353.16542247754,11391.982542102789
2012-02-24,14295.744005156057,11769.366543570677,13641.91557291897,11513.721580334688,13879.695956070569,11550.505485660155,13244.895888341796,11299.61458261958
2012-02-27,14233.369430450934,11718.01495022659,13556.54044428828,11441.665316998007,13819.136661230963,11500.108814906955,13162.005425919344,11228.898263982963
2012-02-28,14412.119436864006,11865.175835618933,13736.287049452034,11593.370724922841,13992.684520392879,11644.533124028621,13336.520878602754,11377.782586718155
2012-02-29,14367.142141625656,11828.147033647689,13723.68545930043,11582.735033791376,13949.016201939387,11608.192907827704,13324.286031620057,11367.34467489557
2012-03-01,14605.638241690898,12024.495542677198,13910.454262529962,11740.367148488376,14180.571365063435,11800.890153528353,13505.619315845626,11522.045492480182
2012-03-02,14582.04742089844,12005.073747150502,13876.743700129999,11711.915570136713,14157.667113019746,11781.82952786963,13472.889829510781,11494.12299432024
2012-03-05,14445.78464664192,11892.89165044463,13734.364716462473,11591.7482836529,14025.369975466945,11671.733541770422,13334.654491131481,11376.19031606046
2012-03-06,14247.050870306868,11729.278573893203,13597.692842589473,11476.397774758083,13832.419935481585,11511.162985876184,13201.960168942156,11262.984843500944
2012-03-07,14437.243896724996,11885.860241915423,13788.074191870392,11637.07886371456,14017.077787423334,11664.8328889183,13386.800863552045,11420.67793719403
2012-03-08,14645.910938554141,12057.651153949384,13959.85336255737,11782.059789158557,14219.672007895482,11833.429208487038,13553.580757429361,11562.962824657936
2012-03-09,14578.237838558089,12001.937403150127,13876.598188474085,11711.792758887517,14153.968400659078,11778.751506740999,13472.748552670091,11494.002466845905
2012-03-12,14462.92617871643,11907.003890705128,13776.542991022789,11627.346576827389,14042.01264644986,11685.583359741411,13375.60525441067,11411.126630080582
2012-03-13,14890.165766703472,12258.740695108596,14088.364990599755,11890.52308356956,14456.818317739959,12030.77933499069,13678.352320833672,11669.40915607686
2012-03-14,14946.33102917688,12304.980300464355,14227.75863668987,12008.170757209713,14511.349009167077,12076.159079075807,13813.689203699667,11784.869075738816
2012-03-15,15179.761055025529,12497.158023813143,14389.973251879524,12145.079236489735,14737.985540886239,12264.76310261915,13971.18289864816,11919.23163072704
2012-03-16,15351.027006701142,12638.157454201426,14606.780782511456,12328.06391564809,14904.267143348461,12403.14052583383,14181.680695360003,12098.813561259842
2012-03-19,15411.283716661028,12687.76545683296,14693.513128704095,12401.265665118937,14962.770206588522,12451.826026944302,14265.888876339626,12170.654064786244
2012-03-20,15541.65682770012,12795.098725440128,14812.432208629603,12501.632887708258,15089.349078112838,12557.163345177907,14381.347062862747,12269.154877410057
2012-03-21,15697.092681066139,12923.065589677317,14975.416190575917,12639.19070941985,15240.261284315935,12682.75055336452,14539.587733742697,12404.154699780305
2012-03-22,15470.461744296714,12736.485404414474,14733.092616647446,12434.670592897308,15020.225974665016,12499.639982412114,14304.316485301246,12203.437800819996
2012-03-23,15562.608256152611,12812.347568241163,14776.438426676621,12471.254281286403,15109.690755640277,12574.091429093563,14346.400805348789,12239.341185830928
2012-03-26,15477.88785329344,12742.599153985217,14705.807131917662,12411.641754118475,15027.435961707197,12505.640041429675,14277.82508806475,12180.837201989245
2012-03-27,15678.845682227973,12908.043243336402,14948.313735078724,12616.316346573216,15222.545334229022,12668.007566247927,14513.274039052241,12381.705704276415
2012-03-28,15699.047797038345,12924.675192962308,14930.97624722696,12601.683576933157,15242.159508576531,12684.330231320322,14496.441122858429,12367.345042864268
2012-03-29,15573.71692009534,12821.493082997453,14837.070693403526,12522.427669227905,15120.476130198698,12583.066879881264,14405.268495592103,12289.562963089591
2012-03-30,15598.478111856593,12841.878418786115,14829.219723359769,12515.801482257593,15144.516699023587,12603.07313383446,14397.646011763036,12283.059995444033
2012-04-02,15650.006131458445,12884.30028572356,14883.736460975091,12561.813388358012,15194.545102290358,12644.706131286319,14450.576152697231,12328.216272805681
2012-04-03,15626.396974914915,12864.863394782791,14906.7345066795,12581.223645936358,15171.623041371377,12625.63068530931,14472.904887936946,12347.26558089033
2012-04-04,15347.29896800971,12635.088243264785,14650.02034978668,12364.557935582465,14900.64760415695,12400.12839160413,14223.661864628795,12134.628945273742
2012-04-05,15310.481827658285,12604.777514440477,14570.558405012129,12297.492375509486,14864.901950455087,12370.38131569709,14146.512495099387,12068.810523723012
2012-04-09,14958.831816315897,12315.271919135565,14282.25340935978,12054.164124985027,14523.485984692466,12086.259314904391,13866.598018932671,11830.007159510556
2012-04-10,14652.150101727946,12062.787717551199,13981.687963323624,11800.488103913673,14225.729606502468,11838.470264585194,13574.779907385006,11581.048449943128
2012-04-11,14930.760927754052,12292.161783939458,14190.703481743652,11976.896356273397,14496.232041228704,12063.578931668302,13777.71246225411,11754.176247671274
2012-04-12,15251.73010767533,12556.4085364219,14481.327613176942,12222.181948019183,14807.860077652002,12322.911798583049,14059.878580560473,11994.900554756401
2012-04-13,14913.08736711112,12277.6115364489,14185.626534944045,11972.611433703953,14479.07283297975,12049.299257989827,13772.783269470881,11749.971006714797
2012-04-16,14743.409239160152,12137.919325846811,14033.917948199252,11844.569999948631,14314.332835668136,11912.204738867946,13625.489846779488,11624.310607342946
2012-04-17,15180.14680861403,12497.475606121345,14422.785909948416,12172.772987216798,14738.360062315185,12265.074774563063,14003.040612296893,11946.410393682134
2012-04-18,15136.76358624873,12461.759168720515,14391.72248159936,12146.555579300002,14696.239418823092,12230.022513673865,13972.881220661675,11920.680519744494
2012-04-19,15010.326140695557,12357.666045549635,14334.65461670645,12098.39053209318,14573.481673366734,12127.86508769071,13917.474197722973,11873.411140682876
2012-04-20,14895.430143747193,12263.074739075026,14202.460732475192,11986.819428348548,14461.929486547122,12035.032784312065,13789.12754256596,11763.914792167283
2012-04-23,14766.814747376748,12157.188557671354,14093.275036933435,11894.66714282066,14337.057175023141,11931.11564348781,13683.119470443191,11673.47615318272
2012-04-24,14687.348510480653,12091.765780827349,14048.197355004993,11856.621761551676,14259.903638437629,11866.90945695537,13639.353681039302,11636.13825665736
2012-04-25,14938.127530491107,12298.226543336523,14267.580514154628,12041.780260764017,14503.384254243749,12069.530911879277,13852.352147937941,11817.8535832959
2012-04-26,15032.00572479669,12375.51436262263,14381.77263583868,12138.157949711736,14594.530318054578,12145.381500636797,13963.220944544231,11912.439050894222
2012-04-27,14859.631733470265,12233.602707953432,14242.926530590446,12020.972398328066,14427.172914889965,12006.10880983457,13828.415667478504,11797.432659950315
2012-04-30,14936.36020280606,12296.771541951466,14310.310120512546,12077.843875746283,14501.668360972182,12068.102967440956,13893.838197645207,11853.246566087113
2012-05-01,14975.793159056293,12333.87715377142,14348.090264084834,12114.288871487364,14545.632635338306,12107.726161494762,13935.959731479461,11892.164322268247
2012-05-02,14933.542828213602,12308.321169273795,14307.610834769814,12089.187877311755,14510.70494967196,12084.700112780054,13902.496022257394,11869.548221494617
2012-05-03,14853.854562879302,12256.118031629872,14231.262663299949,12037.914147118723,14442.136535041878,12036.416525904377,13836.801618370506,11822.124259180362
2012-05-04,14673.195992070507,12090.082663339545,14058.176306309391,11874.834817782465,14238.386215308356,11855.494688303823,13641.591391200045,11644.423492452179
2012-05-07,14609.307859592289,12056.37763555654,13996.966013013713,11841.729863201337,14179.838327992145,11819.124273997222,13585.497509245428,11608.70060463377
2012-05-08,14525.898735375755,12012.936780679243,13917.052940604364,11799.062414981536,14120.855650422818,11786.55665509882,13528.987061053302,11576.712808547296
2012-05-09,14469.778844582803,11974.914039336703,13863.285287021292,11761.716617989507,14080.752950033011,11758.570210683181,13490.565245256981,11549.224625270965
2012-05-10,14515.622267066972,12004.720914004805,13907.20720533516,11790.992820888541,14135.293941704485,11798.792793778057,13542.820178590167,11588.731099174509
2012-05-11,14367.842485180485,11894.739198547113,13765.62153924095,11682.96918363115,14001.620977867526,11695.232275204891,13414.750050055944,11487.014336857237
2012-05-14,14132.524941050358,11721.998111038669,13540.16721251235,11513.303521490816,13780.624511237693,11525.106732511676,13203.016539595195,11319.917651473248
2012-05-15,14165.046220835724,11745.60517083966,13571.325379088776,11536.490288982517,13804.532578018103,11542.894597678654,13225.92251173558,11337.388827537734
2012-05-16,13971.270581167428,11607.241400430812,13385.671748632472,11400.58990152257,13641.513035784772,11421.202489935833,13069.735851934442,11217.863284698553
2012-05-17,13852.943881287398,11464.617250067296,13272.304653314168,11260.50498450799,13482.481492049697,11258.982626700285,12917.370035672682,11058.531528743571
2012-05-18,13791.635301795857,11394.203862482109,13213.565792329333,11191.345213659604,13403.196236411963,11179.891666118809,12841.407981799332,10980.848676728618
2012-05-21,13933.132931378148,11512.149058345954,13349.132619397387,11307.19055214361,13547.098781584515,11300.60703145154,12979.27892389297,11099.414866747426
2012-05-22,13912.984678648376,11516.673338096129,13329.828870623618,11311.634283108795,13529.554523055473,11299.827163924216,12962.47002416967,11098.648883716358
2012-05-23,13966.653663163406,11583.81206727803,13381.248346442017,11377.57769649243,13589.51144243461,11364.760121776651,13019.913879314288,11162.425797268284
2012-05-24,13992.560000145704,11588.186586954165,13406.06883224106,11381.874333662561,13610.543595434423,11371.156839083385,13040.06448015922,11168.708629595356
2012-05-25,13993.299478488932,11573.298697537644,13406.77731571865,11367.251503320573,13598.385084920847,11350.858805234962,13028.41558752183,11148.771975039022
2012-05-28,13754.578719168827,11405.4777587671,13178.062417866015,11202.418393212214,13366.401426028266,11176.581318114946,12806.155407456923,10977.597265034898
2012-05-29,14110.764297397955,11691.320500169903,13519.318655376632,11483.172084691341,13739.95864777296,11482.725153527514,13164.055165422064,11278.290619709034
2012-05-30,14043.913956061599,11614.07954647903,13455.270312728491,11407.306303473124,13653.978544195646,11396.56144608821,13081.678874806084,11193.660941616155
2012-05-31,14112.178800451924,11665.168430526926,13520.673870241155,11457.485617873777,13709.206371761033,11439.148764830004,13134.591855650826,11235.490050217311
2012-06-01,13775.622710536925,11386.970178457423,13182.918788523722,11171.270298409658,13382.260624796527,11166.340774627213,12806.481349479438,10954.820321917045
2012-06-04,13578.903365585009,11224.361390342183,13020.958783823993,11034.024592882939,13191.158589304558,11006.882629934214,12649.146102637518,10820.233833058592
2012-06-05,13658.635596448521,11290.26828647184,13060.413056480327,11067.45833781769,13268.614067738907,11071.512537489378,12687.473761030697,10853.019779455506
2012-06-06,13897.02253768253,11487.319632012033,13278.375311496222,11252.160626035771,13500.193884293574,11264.7458947432,12899.21211741431,11034.143351664105
2012-06-07,13841.738879760172,11441.621998057788,13220.23250972708,11202.89012950238,13446.488845664682,11219.933678073803,12842.729579822437,10985.827500201123
2012-06-08,14077.716106727148,11636.681466709808,13446.492782088051,11394.624198480837,13675.727756168892,11411.213751393494,13062.529003969305,11173.846608079468
2012-06-11,13746.379094182714,11362.79731931829,13226.30898353532,11208.039363330032,13353.852052471615,11142.636274438895,12848.632540305727,10990.876964585379
2012-06-12,14156.763844577217,11702.022558904846,13556.74488768902,11488.052375684614,13752.518295526314,11475.288824714331,13169.632867377266,11265.464558974705
2012-06-13,14117.643026807553,11669.685176075734,13518.15117705681,11455.347875246795,13714.514573377628,11443.57800065295,13132.141197372277,11233.393727239962
2012-06-14,14164.628606426872,11708.523594141112,13543.754245004146,11477.04404110327,13760.158486491917,11481.663904254112,13157.013171207464,11254.669516973334
2012-06-15,14227.804639218102,11760.74508833438,13577.831009777015,11505.920859376962,13821.530536067166,11532.873579421006,13190.116876218177,11282.986829940555
2012-06-18,14023.45362007236,11591.827935923542,13426.362408021032,11377.56562036788,13623.014743170763,11367.2292944398,13042.973450997672,11157.118549586747
2012-06-19,14413.587024433593,11914.313353420019,13782.404991356278,11679.27785875659,14002.007912265712,11683.46636349886,13388.849260106192,11452.984934668042
2012-06-20,14439.072971216208,11935.380111858562,13814.54576264114,11706.514106615077,14026.766107711825,11704.124939435116,13420.072253561424,11479.693464035352
2012-06-21,14340.728903574725,11854.088616802937,13739.795953929253,11643.170750620058,13931.230249233737,11624.408516188496,13347.45692079997,11417.577422844202
2012-06-22,14491.457108177812,11978.680993273512,13866.479334844607,11750.522871438234,14077.654416698082,11746.586838475714,13470.52286549185,11522.849532727947
2012-06-25,14416.619274207223,11916.819819985742,13789.508883843659,11685.29773223229,14004.953571861686,11685.924262039096,13395.750300976737,11458.888169187187
2012-06-26,14445.32942062054,11940.551711305436,13821.470380934474,11712.382062255938,14032.843901163467,11709.196333181035,13426.79913942165,11485.44772423484
2012-06-27,14600.078790097044,12068.46799446672,13981.850633992643,11848.289078462381,14183.174411884922,11834.63416155729,13582.599744148873,11618.72146151336
2012-06-28,14596.000811730048,12065.09712557541,13996.4159838276,11860.631827637082,14179.212877181148,11831.328602972451,13596.749181165322,11630.825062490203
2012-06-29,14785.216335589605,12221.503233144103,14136.949135030703,11979.720311997908,14363.025368500173,11984.704252591639,13733.26941701464,11747.606137105657
2012-07-02,14318.129615281056,11897.606063849642,13690.342128628254,11662.230930865759,13919.366412791804,11655.171142440975,13309.062969438712,11424.592310014488
2012-07-03,14718.691644071338,12167.426906900539,14073.341260862939,11926.713799497757,14289.0356312935,11923.547606513956,13662.523806735218,11687.659376998365
2012-07-04,14650.538790589411,12119.53826633402,14008.176612526884,11879.772559196575,14222.872240190065,11873.858311337714,13599.2613914533,11638.953104681745
2012-07-05,14607.186561763521,12090.624222594988,13966.725189707553,11851.430533631084,14176.20051373106,11839.433351643647,13554.636016424416,11605.209187497958
2012-07-06,14469.47684092609,12007.518569234046,13835.053439041863,11769.96899288461,14064.162971139887,11766.022153453303,13447.510830904708,11533.250311899783
2012-07-09,14359.975385651887,11922.810925819656,13730.353144620265,11686.937154899177,13954.188411119505,11678.043464243747,13342.358175177327,11447.012139683791
2012-07-10,14451.287826118118,11985.262887603227,13817.661933140276,11748.153604367833,14039.765669610275,11740.935965602044,13424.183244525231,11508.660413964311
2012-07-11,14501.939226550041,12029.843785902465,13866.092490750756,11791.852540799331,14105.480870593505,11797.57142333229,13487.017120866856,11564.175430170553
2012-07-12,14413.897392739978,11970.870367847307,13781.91090706086,11734.04581762739,14015.3174345403,11731.352843644587,13400.806957818755,11499.26687867572
2012-07-13,14670.86736985698,12148.517981634095,14027.613872325464,11908.17895711616,14280.100105140247,11929.617605502393,13653.980064390063,11693.609290810662
2012-07-16,14595.070190236482,12092.806549567767,13955.140068185416,11853.569686750343,14212.43963686567,11877.711880086523,13589.286212234516,11642.730436765136
2012-07-17,14644.989113631667,12141.540854410048,14002.87026468004,11901.339861210296,14267.97952605233,11928.956444793597,13642.390919775053,11692.961210104073
2012-07-18,14650.208845230149,12165.817274780575,14007.861133831451,11925.136011378361,14285.710179848273,11956.84687380423,13659.344161816492,11720.2998717937
2012-07-19,14754.96987926343,12238.053351532548,14108.028853792153,11995.943012728063,14387.978532726871,12032.772728415684,13757.128493938908,11794.72365537648
2012-07-20,14715.456813120316,12204.060640089438,14070.248263129459,11962.622792787319,14336.742901876285,11989.124418694908,13708.139321799383,11751.938857325315
2012-07-23,14475.468439771037,12031.700813134805,13840.782332430093,11793.67282971394,14092.137113467166,11802.0400878897,13474.258429229847,11568.555689380366
2012-07-24,14605.288032967914,12114.905858405891,13964.909903112775,11875.231796060367,14207.961915168986,11882.891137821374,13585.004819083888,11647.807231208224
2012-07-25,14700.146900225003,12153.359610435169,14055.609623088609,11912.924802024507,14268.297827892742,11907.046646498662,13642.695265469512,11671.48486196168
2012-07-26,14826.24607702386,12258.492973140867,14176.179901393136,12015.978269069254,14411.669422829718,12027.267040948862,13779.780641948395,11789.326889089134
2012-07-27,15027.10830946651,12424.23720949387,14368.235201683552,12178.443520434561,14619.570044911252,12200.5542998112,13978.56572947406,11959.185937989167
2012-07-30,14696.21667475347,12188.596865275857,14051.851720849023,11947.46494405951,14291.162095381125,11951.322099994886,13664.557034657033,11714.884396756446
2012-07-31,14942.662028335326,12364.12491387845,14287.491521381737,12119.520450575863,14533.311528184628,12134.95573799141,13896.089272089475,11894.885138305033
2012-08-01,14900.028636909414,12338.200655236853,14246.727418080036,12094.109061984975,14512.329640258387,12123.555634900571,13876.027348339023,11883.710567935088
2012-08-02,14830.46591024127,12298.072762569855,14180.214713343046,12054.775035581673,14442.55766359197,12076.715409127086,13809.314568215485,11837.797000761246
2012-08-03,15064.877201578842,12468.003034306352,14404.3480927336,12221.343508306394,14686.502982893586,12264.690797228961,14042.563950364183,12022.053597866085
2012-08-06,14601.725153732858,12138.58008672447,13961.50324058062,11898.437667584407,14237.056503443744,11924.699914829105,13612.82373669373,11688.788888745139
2012-08-07,14977.895066492132,12403.83202859431,14321.179744603498,12158.44202344772,14625.240703295754,12218.7518817899,13983.987754247268,11977.023510050009
2012-08-08,15032.585332761775,12442.161270502484,14373.472081413895,12196.012982524633,14679.608987124262,12259.602075187895,14035.97222620922,12017.065548013561
2012-08-09,15030.730299241557,12436.003810739781,14371.69838301653,12189.977338268574,14677.049130763458,12254.428044897191,14033.524608373156,12011.99387759804
2012-08-10,15056.089888194418,12455.530029521773,14395.946064685477,12209.117261999458,14707.055709300304,12278.525455282675,14062.215529453968,12035.61455944104
2012-08-13,14743.359232594035,12244.895773455533,14096.927283300085,12002.650068262099,14406.101811700286,12058.86500499652,13774.457146258039,11820.299738192694
2012-08-14,15055.064783867549,12480.430328124794,14394.96590670888,12233.524947965652,14720.364626998047,12306.594863192131,14074.940909219209,12063.128659219576
2012-08-15,15084.452367108166,12497.787800643522,14423.064972697792,12250.539030614147,14747.559827592824,12324.726170635478,14100.94371900585,12080.901267880248
2012-08-16,15145.882110017832,12531.966081939112,14481.801289514582,12284.041149204235,14810.406958705045,12366.257619308091,14161.035277817928,12121.611083577516
2012-08-17,15125.962569707182,12516.744125899313,14462.755134100067,12269.120335252004,14791.76829998396,12351.52365611672,14143.213842902842,12107.168608171967
2012-08-20,14907.173957587649,12362.622883847112,14253.559447635027,12118.048135809637,14566.084185756796,12180.785396431,13927.424991716985,11939.808130595813
2012-08-21,15151.007605826895,12508.927541046927,14486.702054704612,12261.458389046187,14774.527605095405,12318.370775503217,14126.72907720993,12074.671604028234
2012-08-22,15122.063087842389,12496.279927347288,14459.026627494259,12249.060988182686,14748.291433788334,12303.881573988077,14101.64324746398,12060.469048082456
2012-08-23,15062.095472664363,12422.972259324682,14401.688330490095,12177.203595284082,14651.15055984482,12207.249630549746,14008.761576712615,11965.748812367745
2012-08-24,15119.42715266565,12469.91542604694,14456.50626656947,12223.218066430887,14716.887664301432,12261.796642285557,14071.616396155949,12019.216699127637
2012-08-27,14901.63304641296,12316.677728384338,14248.261481229913,12073.011931863575,14500.594626979964,12098.885875798129,13864.806864156195,11859.5288603748
2012-08-28,15191.426299063442,12525.896891939607,14525.348564665652,12278.09202843509,14784.018285124337,12315.520960039823,14135.803632357194,12071.87816758443
2012-08-29,15190.60326669583,12533.610144773966,14524.56161867492,12285.652686881815,14785.707457473749,12322.428710044493,14137.41874187424,12078.649258855281
2012-08-30,15117.381361823464,12476.615300372581,14454.550174726071,12229.785394444109,14709.997106854125,12261.573049890589,14065.027959567595,12018.997530148914
2012-08-31,15295.479992181074,12584.870646547697,14624.839957522392,12335.899081501795,14875.513300858594,12374.163217671008,14223.286991131194,12129.360282380283
2012-09-03,15135.010961362768,12452.839353861387,14522.775393272552,12249.808692270843,14719.450284138438,12244.342538405717,14124.024773471609,12044.711269731386
2012-09-04,15276.188085338636,12568.997581285184,14644.922814532716,12352.838760709712,14856.75118202185,12358.555990135415,14242.818403045803,12146.016314989596
2012-09-05,15266.040937462336,12560.648674057695,14631.464285095237,12341.486632316624,14846.882750565868,12350.346957003652,14229.72938858087,12134.854241673811
2012-09-06,15641.269834099132,12869.380870068206,14965.385296585746,12623.145502492582,15211.808989767856,12653.910051262434,14554.481941230006,12411.797308080344
2012-09-07,15725.235616010372,12938.466541431859,14993.918790622645,12647.213205380554,15293.469291798394,12721.838994976386,14582.231999532922,12435.462052750332
2012-09-10,15352.541578464392,12631.819986001536,14705.674334672753,12404.082030630754,14931.008215875097,12420.326541401513,14301.901856022243,12196.401608369752
2012-09-11,15656.932405892676,12882.267777841922,14945.28554757861,12606.191575062556,15227.041416262256,12666.58111193985,14534.934075079016,12395.127243597715
2012-09-12,15716.309101982357,12931.121951760624,15000.21165372738,12652.52116939378,15284.787799618389,12714.617314686397,14588.352091382349,12440.681155693925
2012-09-13,15927.910600181986,13105.224201890684,15168.284833336918,12794.289133213715,15490.57929485103,12885.80452008322,14751.810494524621,12580.075506952635
2012-09-14,16049.754384792224,13205.475274049879,15285.623027867858,12893.262669357935,15609.07762123897,12984.377093821606,14865.926948808956,12677.391942248187
2012-09-17,15706.83239056762,12923.324668682872,15022.182106623124,12671.053015929123,15275.571317764701,12706.950604405976,14609.719304952994,12458.902726543934
2012-09-18,15953.110272695585,13125.958080074375,15220.402633065212,12838.249950539956,15515.087152523543,12906.191327907703,14802.497298663156,12623.300291022737
2012-09-19,16002.212122332125,13166.358278466187,15264.583396912889,12875.5159613648,15562.840753089971,12945.915056137394,14845.464999783433,12659.94236452645
2012-09-20,15941.578613155161,13116.470019305416,15215.833827320044,12834.39621082321,15503.872045110666,12896.862065325375,14798.053942102868,12619.511077417159
2012-09-21,16039.95955557995,13197.416248853904,15345.223022731065,12943.534639788106,15599.55168515239,12976.452964714103,14923.890518959863,12726.82221993658
2012-09-24,15787.458804490712,12989.662762710379,15131.913892495775,12763.610626165515,15353.983818374401,12772.177871608528,14716.438193742537,12549.910652621127
2012-09-25,15851.06501917558,13041.996915318521,15186.112244895952,12809.326367844342,15415.8435854165,12823.635783581341,14769.148423185306,12594.860976964364
2012-09-26,15705.438426845192,12922.177738142498,15047.182215681054,12692.140345654501,15274.215480320157,12705.82275399194,14634.032977143583,12479.636983679515
2012-09-27,15932.064710875142,13108.64213619229,15243.826973558304,12858.008136011576,15494.619335415833,12889.1652189945,14825.278473857157,12642.727662611052
2012-09-28,15840.13281669803,13033.002078011541,15180.116093450968,12804.268677003445,15405.211583773906,12814.791576259204,14763.316894207583,12589.88795518592
2012-10-01,15651.51569963734,12877.811000572525,14992.108814811943,12645.686509771875,15221.7733430412,12662.198876748264,14580.471715957401,12433.960914954265
2012-10-02,15792.333556452131,12993.673628855138,15118.445049250568,12752.249798183806,15358.724791498305,12776.121639736675,14703.339146796283,12538.740023787865
2012-10-03,15774.361007648167,12978.886109797071,15083.820861805945,12723.044659301164,15341.24571740557,12761.581710166327,14669.665632819015,12510.023863925608
2012-10-04,15924.865472595051,13102.718720741785,15230.481864082603,12846.75167616641,15487.617792879742,12883.341001143004,14812.299776016807,12631.659665304951
2012-10-05,15866.03550549804,13054.31438649173,15198.752051830446,12819.987912395014,15430.403123554222,12835.747103550364,14781.44116661036,12605.344004829463
2012-10-08,15650.477781837726,12876.957018791201,15064.451650495597,12706.706932754636,15220.76395479969,12661.359219346346,14650.82824035079,12493.95967846903
2012-10-09,15776.946664405481,12981.013545866013,15147.86313818672,12777.06364758941,15343.760382431557,12763.673528770503,14731.949505683708,12563.138417138864
2012-10-10,15782.724755209732,12985.767664428668,15139.72626910662,12770.200283880607,15349.379828661118,12768.348052831027,14724.036049948807,12556.389966112942
2012-10-11,15870.03548967478,13057.605508017714,15239.128521484361,12854.045040976569,15434.293286056107,12838.983126722675,14820.709022857342,12638.830917962367
2012-10-12,15802.874723324147,13002.346728464681,15187.532989822708,12810.524751285659,15368.976558762673,12784.649549922578,14770.530145465571,12596.039284577648
2012-10-15,15734.219467811432,12945.858307684499,15130.300520865583,12762.24976412061,15302.206363537509,12729.10690900112,14714.8691037021,12548.572561192064
2012-10-16,16101.58691655811,13248.122233013586,15439.407925923102,13022.978617578809,15659.487038396457,13026.310057276287,15015.489372158354,12804.9360548462
2012-10-17,16393.581728146437,13488.370785865844,15769.828593106946,13301.684984052641,15943.464557952988,13262.536136072442,15336.837706255423,13078.976065628269
2012-10-18,16331.388278132408,13437.199032910776,15751.31085211519,13286.065463787449,15882.978757838648,13212.221155484642,15318.828405355272,13063.618061589686
2012-10-19,16018.291638675975,13179.588241393136,15489.106031058402,13064.898447899794,15578.478789410527,12958.923522461935,15063.82292050787,12846.15402520865
2012-10-22,15900.782234288452,13082.90342635459,15392.287441710301,12983.232983465276,15464.195840134556,12863.857500958258,14969.662671205639,12765.855878319142
2012-10-23,15832.345475781725,13026.594781335505,15342.262690477373,12941.03763058764,15397.638138370525,12808.49162225788,14921.011445453534,12724.366998449486
2012-10-24,15781.570741922193,12984.818161179634,15258.641442243084,12870.503984935207,15348.257532971944,12767.414473615609,14839.686178955435,12655.014291298801
2012-10-25,15817.06870490327,13014.02530424158,15303.119699761857,12908.020928550743,15382.780823049101,12796.132596989617,14882.943200615176,12691.903092092942
2012-10-26,15623.818047705045,12855.021825799373,15098.294431622555,12735.252963605708,15194.836227887217,12639.791296398798,14683.741803019402,12522.027765686364
2012-10-29,15232.80305337906,12533.301086929549,14702.379344739802,12401.302741188569,14814.557290701745,12323.457093887353,14298.697324119172,12193.668841885248
2012-10-30,15562.876407695625,12804.880041631823,15020.404504991013,12669.553627600459,15135.567853163377,12590.489028460486,14607.990493698115,12457.428427770114
2012-10-31,15630.454623433076,12860.4822917093,15106.46501949677,12742.14476876362,15201.29057653873,12645.160332213716,14691.688051734262,12528.804181968764
2012-11-01,15796.608869579306,12997.191286536132,15272.110849694807,12881.865288819192,15362.882739853543,12779.580419985657,14852.785757994408,12666.185373891054
2012-11-02,15692.72995383958,12911.72141451143,15194.935491199069,12816.768683540278,15261.856018559845,12695.541562747552,14777.729396970384,12602.178675234658
2012-11-05,15539.269957658658,12785.45704083085,15068.594577404161,12710.20144814041,15112.609560281953,12571.39122271973,14654.85741525592,12497.395685497188
2012-11-06,15824.439718058387,13020.090053248385,15281.757077014394,12890.001780368999,15389.949439122027,12802.09579459747,14862.167129643738,12674.185636892747
2012-11-07,15526.763762296685,12775.167147934952,15031.291133641727,12678.736384660573,15100.446746449314,12561.273612624049,14618.578209081228,12466.457438752535
2012-11-08,15505.250258646334,12757.466189172486,15030.603625118292,12678.1564784334,15079.523937216489,12543.869019506295,14617.909577422783,12465.887241843304
2012-11-09,15542.227701733189,12787.890624255664,15059.821429203665,12702.80138966847,15115.486093832076,12573.784060864567,14646.325150664105,12490.119525540402
2012-11-12,15328.577997544096,12612.103143753753,14881.250388909499,12552.178590489422,14907.70255117677,12400.939775174322,14472.657120738533,12342.018590375983
2012-11-13,15487.934771391587,12743.21928960514,15016.516707675855,12666.27431135027,15062.683879804521,12529.860654564793,14604.209443314128,12454.204016817723
2012-11-14,15247.694190623546,12545.553270979848,14753.4422126747,12444.3737346139,14829.039563979159,12335.50414125125,14348.35816308833,12236.018701531459
2012-11-15,15267.223322226246,12561.621520893223,14763.572937119461,12452.918894406148,14848.0324858968,12351.303361825092,14358.21072906511,12244.420790479873
2012-11-16,15318.590076715034,12603.885245935184,14819.865885751215,12500.401406032834,14897.988867830003,12392.859468918896,14412.958046835522,12291.10830667394
2012-11-19,15379.182708312748,12653.739871692662,14901.35931524054,12569.140258895883,14956.91781275865,12441.879382924159,14492.213917932957,12358.696271089908
2012-11-20,15556.618371691287,12799.731032012232,15025.152380516536,12673.558410798394,15129.481640404096,12585.426225682691,14612.608007195775,12461.366159242227
2012-11-21,15490.297694495657,12745.16346406895,14919.92169311133,12584.797429900274,15064.98192433236,12531.77227788117,14510.266630121023,12374.09129548474
2012-11-22,15594.821764813909,12831.164158723728,15057.396717967917,12700.75617117768,15166.636086250865,12616.333070231276,14643.96701452536,12488.108549959334
2012-11-23,15752.248411518396,12960.692227545924,15194.25529527217,12816.19494541157,15319.740283070407,12743.692461630973,14777.067877127116,12601.61454315197
2012-11-26,15513.884093924815,12764.56996755792,15026.421232209337,12674.628673890316,15087.920714023057,12550.85385993536,14613.84202013199,12462.418503015211
2012-11-27,15730.000216689034,12942.386776903653,15225.606089238057,12842.639011234609,15298.10295501102,12725.693497589466,14807.557874921209,12627.615858353172
2012-11-28,15726.91694924685,12939.849914905963,15231.291031098333,12847.434200055564,15295.104344577543,12723.1991100561,14813.086725800327,12632.330761757865
2012-11-29,15881.512203480099,13067.04836033495,15400.055569718228,12989.785317947997,15445.45489022516,12848.267882748612,14977.217510361663,12772.298507653417
2012-11-30,15865.656985229287,13054.002946208602,15390.75268806715,12981.938434867692,15430.035007336808,12835.440886879715,14968.170057167057,12764.5830042326
2012-12-03,15572.71067994866,12812.9715199163,15156.841998719512,12784.6372222556,15145.132096713069,12598.445023547441,14740.681834381228,12570.58518812383
2012-12-04,15895.059787798165,13078.195091022919,15439.71805110957,13023.240204920203,15458.630496225478,12859.227981794756,15015.790982263079,12805.193262454208
2012-12-05,15859.997375133016,13049.346311633692,15485.043873792905,13061.472060860624,15424.530789213817,12830.862215067722,15059.872297560361,12842.78500586031
2012-12-06,15892.412954362688,13076.017319784261,15550.84044204421,13116.970775938169,15456.056343725446,12857.086678665357,15123.86229484796,12897.354510929974
2012-12-07,15989.236744344786,13155.68234978372,15630.570370710348,13184.22213435696,15550.221639555635,12935.41787413246,15201.40308541929,12963.479885887726
2012-12-10,15695.664337784798,12914.135777604108,15369.785835429437,12964.253114621673,15264.70982543604,12697.915495758378,14947.778889678013,12747.193787716951
2012-12-11,15922.857174407769,13101.06632585653,15558.867945998143,13123.74189131035,15485.664645585282,12881.716279836199,15131.66938828597,12904.012258124902
2012-12-12,16130.932532799414,13272.26732585336,15794.159179838833,13322.207578719655,15688.026894348874,13050.050874054949,15360.500250068235,13099.155052333816
2012-12-13,16104.989792434284,13250.922063600785,15771.11517728279,13302.77020430798,15662.796467495753,13029.062998637297,15338.088964795354,13080.043116138231
2012-12-14,16207.603485399859,13335.350931030669,15855.580277821618,13374.015630526812,15762.59271431506,13112.07828837401,15420.234914014663,13150.095686577146
2012-12-17,16398.46276360423,13492.386821968603,16033.305353417723,13523.924867357684,15948.211592595351,13266.484946461482,15593.08020682532,13297.49500650377
2012-12-18,16494.18613328463,13571.146444150796,16084.259833974535,13566.90443716664,16041.306723098935,13343.9259272413,15642.635634399714,13339.754973231014
2012-12-19,16394.102367065316,13488.799159048713,15996.601222763305,13492.965318197337,15943.97095583957,13262.957382047294,15557.383858467922,13267.053810297704
2012-12-20,16498.818454651195,13574.957842369175,16077.191197409615,13560.942116378043,16045.811869986992,13347.673523830736,15635.76108080767,13333.892479044513
2012-12-21,16335.894121392228,13440.906367012583,15935.701586717747,13441.597114063807,15887.360902214043,13215.866432702845,15498.156338721192,13216.545659397858
2012-12-24,16293.452051080594,13405.98572607051,15897.35622480335,13409.25320355309,15846.084184186773,13181.530485053245,15460.863822255556,13184.743280079325
2012-12-25,16337.527148516949,13442.249995008397,15950.346443327946,13453.949896981854,15888.949097168932,13217.187569203874,15512.399092707763,13228.691620779651
2012-12-26,16399.68154442133,13493.38961488112,16007.030453370176,13501.762264805826,15949.396909007353,13267.470949327402,15567.526734547664,13275.703470418282
2012-12-27,16434.349775150735,13521.9140678239,16070.84179554332,13555.586462512563,15983.113261981687,13295.517823836595,15629.586013946277,13328.626494411263
2012-12-28,16321.868651336166,13429.36643975938,15979.034572144148,13478.148032683965,15873.720516227308,13204.519707441126,15540.299533930222,13252.48460926646
2012-12-31,16295.754915375526,13407.880485128946,15962.482280062188,13464.18634795554,15848.32378285513,13183.393490309185,15524.201716770782,13238.756683772972
2013-01-02,16931.891273810972,13931.283071289594,16508.481547242904,13924.731001987864,16466.9937958076,13698.032788014001,16055.209526972683,13691.590479977236
2013-01-03,16817.596315838626,13837.243050161136,16376.85271149657,13813.703459895198,16355.837029296119,13605.567274808333,15927.194813344959,13582.4218620618
2013-01-04,17025.084168890367,14007.960660378068,16566.737834474654,13973.869569127137,16557.6279082666,13773.426576313843,16111.866276116605,13739.906324495003
2013-01-07,16824.68296064533,13843.07382554419,16406.260207502415,13838.508374275214,16362.729098042835,13611.30042712748,15955.794870151292,13606.811469985543
2013-01-08,17058.95705820947,14035.830719423202,16622.939797436084,14021.275335295399,16590.57075629271,13800.830012422935,16166.525106402763,13786.518380172969
2013-01-09,17061.87892121406,14038.234780490817,16626.329433689643,14024.134457916116,16593.41238479502,13803.193814880064,16169.821673692457,13789.329632760133
2013-01-10,17186.0973615377,14140.43968051279,16720.82290648848,14103.83871093309,16714.22016658797,13903.687504048048,16261.720646979313,13867.699404618927
2013-01-11,17187.630573887953,14141.701182545514,16752.10443949877,14130.224355866667,16715.71127891581,13904.927882578011,16292.14328551017,13893.643277066376
2013-01-14,16922.466652979387,13923.528647491266,16582.24913427918,13986.953187790137,16457.827935669153,13690.408187296733,16126.951683437968,13752.770885304422
2013-01-15,17264.420141967432,14204.882382597983,16873.179798797046,14232.35015128721,16790.39244055811,13967.051243618185,16409.894288624804,13994.05918945566
2013-01-16,17120.301021588064,14086.303528675404,16730.437605644143,14111.948608807374,16650.230386723786,13850.457745565931,16271.07135613092,13875.67351920062
2013-01-17,17004.456266906443,13990.988360175003,16633.494304290307,14030.177951104317,16537.566370422675,13756.738429917994,16176.789819030239,13795.271940284027
2013-01-18,17150.409817526976,14111.076553281899,16748.320044840566,14127.032258672867,16679.51249052311,13874.81599959329,16288.462798664887,13890.504624869533
2013-01-21,17014.780573613778,13999.483030789688,16668.745448258687,14059.911921237628,16547.607203409465,13765.09087488624,16211.073075237551,13824.508077222761
2013-01-22,17228.393879394956,14175.240563277179,16826.84827313102,14193.269995431277,16755.355348308476,13937.905715030305,16364.83488384893,13955.633349143432
2013-01-23,17312.152702112115,14244.155952002566,16930.16409930395,14280.415810967923,16836.81441056261,14005.667257876217,16465.313975878787,14041.3200901082
2013-01-24,18038.906185621767,14842.116825840612,17654.57083660578,14891.445294454268,17543.61349070092,14593.61652744706,17169.830736965996,14642.119161766585
2013-01-25,18425.97381398838,15160.589736592674,17990.991031548238,15175.212199654123,17920.05344250516,14906.757278362124,17497.013870281382,14921.134983128753
2013-01-28,18123.755662251508,14911.929586758113,17730.527507293406,14955.51394935175,17626.133272658113,14662.260427658963,17243.701871592835,14705.11512092257
2013-01-29,18553.553617205514,15265.560310998997,18091.217436641324,15259.75212091966,18044.130304077808,15009.970344397816,17594.48836721193,15004.259460076424
2013-01-30,18463.91242274087,15191.805003057289,18058.158319859835,15231.867102722914,17956.950377970315,14937.449913462748,17562.336951881298,14976.841318237843
2013-01-31,18434.956152340787,15167.98025760453,17999.653656136314,15182.519032618438,17928.789150227738,14914.024057732679,17505.438645898514,14928.319478444226
2013-02-01,18777.6016657378,15449.903379070849,18353.950931402807,15481.365067531147,18262.02668641038,15191.226973664363,17850.008010013597,15222.161961003183
2013-02-04,18335.79223819014,15086.389811732339,17984.349386533075,15169.610041758366,17832.347975639885,14833.79967749666,17490.554584367226,14915.626621660087
2013-02-05,18792.197367563418,15461.91248369293,18378.358932004445,15501.952959985188,18276.22165503535,15203.035027281237,17873.745842149907,15242.40515222076
2013-02-06,18954.162962676764,15595.17512499183,18606.209245617214,15694.142309241613,18433.740165723386,15334.066456021628,18095.340088439043,15431.37669244345
2013-02-07,18956.323520428152,15596.952796554904,18660.968191480864,15740.330905625946,18435.841398726498,15335.814362101437,18148.59552242921,15476.79195730199
2013-02-08,19024.89908469457,15653.375648681682,18710.055446367325,15781.73549017019,18502.534110902634,15391.292548917958,18196.334992594933,15517.503308601521
2013-02-11,18748.5513612403,15426.00126390149,18481.56758428619,15589.00837546893,18233.77406782454,15167.725094661124,17974.120702953292,15328.003006692597
2013-02-12,18983.627191440635,15619.417810274232,18643.753138852142,15725.810189329048,18462.395460000364,15357.903299918184,18131.853142084834,15462.514360055433
2013-02-13,19114.518026931502,15727.112647854561,18749.747267492443,15815.21512490005,18589.692438269252,15463.795012987648,18234.936998651472,15550.422396810482
2013-02-14,19210.69243797011,15806.243379485573,18846.99616179545,15897.243547049895,18683.22620340742,15541.600871029277,18329.515738060847,15631.077424446854
2013-02-15,19129.98156002363,15739.835789841773,18777.02543755696,15838.223975186365,18604.731398807802,15476.305139432658,18261.46619424374,15573.046011980525
2013-02-18,18797.679514869713,15466.423104788208,18465.215055202407,15575.215188733846,18281.553330786086,15207.470170098088,17958.21716391582,15314.440758045666
2013-02-19,19284.63044684843,15867.078363289455,18866.960056298427,15914.08288263085,18755.13409699999,15601.417295105352,18348.93148555418,15647.634820542793
2013-02-20,19013.301382875336,15643.833249406414,18653.631102272313,15734.142147848663,18491.25489400302,15381.909956999243,18141.45988707569,15470.706817340993
2013-02-21,18749.89597515909,15427.10759023098,18403.826026422546,15523.434186962939,18235.081748327077,15168.812885828233,17898.513688650848,15263.52672094225
2013-02-22,18841.012804154467,15502.0770261177,18517.590167254402,15619.393046305786,18323.696842036603,15242.527157795414,18009.154216823263,15357.87894971137
2013-02-25,18263.48436354316,15026.896075698944,18019.918679589715,15199.612367310072,17762.025546898887,14775.302118891135,17525.147254269446,14945.126620966521
2013-02-26,18584.401738941797,15290.941640773459,18273.218632521377,15413.268220351178,18074.131496211994,15034.92677048441,17771.492371223547,15155.205253226735
2013-02-27,18668.579376878046,15360.201623807736,18299.803863358844,15435.69258366879,18155.997876814716,15103.027140208096,17797.34765356414,15177.254167440959
2013-02-28,18724.07131082559,15405.859479005067,18374.71296749787,15498.877627172085,18209.966176950074,15147.92055268729,17870.199984590963,15239.381309429064
2013-03-01,18837.749915430828,15499.392374668902,18507.642089621222,15611.001947183044,18320.52346059191,15239.887387378465,17999.47928273958,15349.628342008495
2013-03-04,19052.936659452622,15676.444506393462,18763.756845459015,15827.032056946631,18529.801824299684,15413.97513669315,18248.56191678789,15562.041479023876
2013-03-05,19304.86790895332,15883.729415949108,19015.292140771053,16039.199439797825,18774.815859264767,15617.789526015977,18493.190828181512,15770.65656241704
2013-03-06,19409.429678229648,15969.761128689697,19105.90186447307,16115.627791194309,18876.506721032085,15702.380847055081,18581.31268815112,15845.805280782306
2013-03-07,19543.685760076703,16080.224835903933,19235.23243796176,16224.716773182694,19007.07656655586,15810.995087595205,18707.09224271901,15953.067795731382
2013-03-08,19618.279583730207,16141.599413373266,19333.764354746858,16307.827411336566,19079.622217405784,15871.342028651505,18802.918776767696,16034.786919926308
2013-03-11,19443.95335142411,15998.166642058224,19180.652459665922,16178.679134064349,18910.082448059897,15730.310742178106,18654.010862398867,15907.800960674862
2013-03-12,19503.675640651807,16047.305164355692,19223.993558511353,16215.236896268349,18968.16492100838,15778.626520317272,18696.161948257446,15943.746639545792
2013-03-13,19617.387487864173,16140.8654114927,19360.799029725556,16330.630876072391,19078.75457467694,15870.620281944408,18829.211162898697,16057.208588297704
2013-03-14,19828.92738090971,16314.916973910065,19580.09031121682,16515.600771523317,19284.48628174669,16041.757752688643,19042.48138170744,16239.08154938232
2013-03-15,19893.870362316,16368.350996302115,19661.852601447023,16584.5664056008,19347.64611849241,16094.297124802135,19121.9987314585,16306.892498035191
2013-03-18,19742.342769366343,16243.676572378903,19605.43225523409,16536.976435450862,19200.279066524712,15971.710164804588,19067.12751405182,16260.099322486283
2013-03-19,19495.003222598807,16040.169640694749,19268.04793962071,16252.396304579244,18959.730664949333,15771.61050285398,18739.006731847487,15980.283891216819
2013-03-20,19070.949080854436,15691.264831972576,18757.53751120603,15821.786113748503,18547.31975877743,15428.54739218981,18242.513346284042,15556.883368182109
2013-03-21,18844.52789387526,15504.969184420008,18563.43762955682,15658.064899792624,18327.115418632005,15245.370893262425,18053.742849123504,15395.903323824436
2013-03-22,18672.87276784578,15363.734155640122,18307.749326785695,15442.394498717038,18160.17341995485,15106.500556640418,17805.074959055077,15183.843872926764
2013-03-25,18721.2263945316,15403.518728431796,18535.234537854245,15634.275887807547,18207.199342717136,15145.618967679624,18026.314127390528,15372.512609132968
2013-03-26,19306.47988629656,15885.055724529177,19109.05702439576,16118.289135489727,18776.38363228854,15619.093674578253,18584.381217107275,15848.42206642892
2013-03-27,19373.306306823484,15940.0394098096,19197.20016845815,16192.636952835976,18841.37521786554,15673.15678295238,18670.104222111582,15921.52508493891
2013-03-28,19285.714696402007,15867.970466079782,19102.289363841523,16112.580684808738,18756.188618584547,15602.29449658001,18577.79937565234,15842.809191825589
2013-03-29,19321.50386854503,15897.417211274917,19156.22268332457,16158.072874002308,18790.995132559234,15631.24821913398,18630.25185241754,15887.53970937649
2013-04-01,18779.751994923343,15451.672634737331,18612.653969086372,15699.578365879152,18264.118104768477,15192.966715453167,18101.60785966589,15436.721733672352
2013-04-02,18696.345589370798,15383.04720908813,18487.00893041763,15593.598093848086,18183.001788705064,15125.490285276675,17979.412646491473,15332.515879828654
2013-04-03,18551.27551798015,15263.685928234569,18222.3566878247,15370.366703569505,18041.91489538985,15008.127461524176,17722.026938759784,15113.022032691932
2013-04-04,18576.308873162707,15284.28296323985,18272.10437222572,15412.32835348101,18066.26091560082,15028.379645210089,17770.408705081198,15154.281122463253
2013-04-05,18373.901061345623,15117.745127822398,18063.611951479972,15236.467183782903,17869.41059373535,14864.630135331072,17567.640843586523,14981.364380553297
2013-04-08,18051.897778479204,14852.80609585288,17793.776654497902,15008.863941500187,17556.24852275529,14604.126951238091,17305.214392163827,14757.571878938357
2013-04-09,18306.646653507443,15062.40930158574,17965.520006423463,15153.72765716655,17804.00277540122,14810.220784647918,17472.242200998855,14900.01015440871
2013-04-10,18529.639618084464,15245.884263844298,18224.49347551292,15372.169061568435,18020.873032672534,14990.62383402563,17724.105056844168,15114.794213972571
2013-04-11,18865.497217136333,15522.222400462995,18593.349305499298,15683.295084660067,18347.509006205204,15262.335254499623,18082.83324263941,15420.71108196998
2013-04-12,18965.323491768042,15604.357825700321,18745.142927165634,15811.331412136487,18444.594356871166,15343.095491197884,18230.459079318378,15546.603708701308
2013-04-15,18787.235447830553,15457.829897332222,18600.497171572,15689.324234707317,18271.39606180154,15199.020868099657,18089.784850341155,15426.63928649885
2013-04-16,18945.74729507907,15588.250851404124,18724.29805062884,15793.748977452,18425.555663179013,15327.258195473485,18210.18653884248,15529.315655143462
2013-04-17,18618.04694391153,15318.6243648617,18418.836163863376,15536.095080429644,18106.85293582539,15062.146028489442,17913.111693982326,15275.975634205413
2013-04-18,18487.08881269491,15210.874157459428,18347.26203740924,15475.723055617796,17979.490506948256,14956.199870474597,17843.502772432355,15216.614412789155
2013-04-19,18675.23494755915,15365.677718454232,18575.57290960525,15668.300881207671,18162.470740441182,15108.411577664447,18065.544931785586,15405.967925120895
2013-04-22,18782.824069645205,15454.200287547897,18732.398643474924,15800.581742537963,18267.1057984718,15195.452021928419,18218.06471437694,15536.034019856546
2013-04-23,19519.369203954026,16060.217571435622,19381.643845810544,16348.213259766426,18983.427675008203,15791.322808863768,18849.48364458261,16074.496591718818
2013-04-24,19489.165813298816,16035.366715844477,19315.176641635924,16292.148870322904,18954.05356629479,15766.888020749775,18784.841424967093,16019.370883318343
2013-04-25,19615.394717879157,16139.225792958181,19460.17284881038,16414.451649984065,19076.81661789671,15869.008196833638,18925.8564832049,16139.625958511137
2013-04-26,19794.59170528249,16286.66614186353,19674.10947373732,16594.904948796295,19251.09341953747,16013.979973265175,19133.91906781427,16317.057943929407
2013-04-29,19680.365807774906,16192.682942555393,19569.8297569609,16506.946101647347,19140.003796831454,15921.570313487293,19032.50255064595,16230.571783867685
2013-04-30,19927.506503073368,16396.02626250474,19755.384382779434,16663.45948195452,19380.35876875159,16121.509071402073,19212.96241836244,16384.464674688832
2013-05-01,19721.32229712778,16269.152829980208,19550.981075146086,16534.51663517196,19187.219918636074,15988.883899743529,19021.491790131433,16249.676273033017
2013-05-02,19989.04860625034,16446.876810304035,19816.394921343213,16715.139445704426,19424.780950615324,16158.582749772782,19257.00090706502,16422.143056466575
2013-05-03,20169.755773856923,16591.708498541124,19995.541246360888,16862.333462718227,19614.9804395206,16314.277223954097,19445.55756259097,16580.377040702777
2013-05-06,19897.80001891648,16401.373739410556,19725.934485819686,16668.894180784842,19425.483144084923,16178.546748949915,19257.697035392815,16442.432685547486
2013-05-07,20227.708572097617,16655.94959925854,20052.993482300495,16927.622390763485,19781.633115520217,16463.74983080067,19610.77078898711,16732.287673625822
2013-05-08,20434.488955142166,16783.370058990804,20257.987817604484,17057.121187235665,19968.210281521548,16590.798110147676,19795.73640914312,16861.408219086024
2013-05-09,19803.568856544964,16348.921580008688,19632.51723699338,16615.58648177653,19339.349196905612,16123.489930511063,19172.30706352245,16386.477843304318
2013-05-10,20332.70026446761,16769.31868804654,20157.078317974636,17042.840626406658,19914.22746382758,16591.972060865115,19742.219863863073,16862.601317943867
2013-05-13,20169.45278430077,16666.792349017247,19995.24087385092,16938.641995049577,19754.794772032437,16480.318451391962,19584.164259616082,16749.12654259175
2013-05-14,20608.76296467502,17008.513568704842,20430.756550396953,17285.936980262562,20248.4932347052,16878.14385446793,20073.598439989935,17153.440818291576
2013-05-15,20790.773322071283,17203.31843874508,20611.194809014793,17483.919284439904,20485.659348625777,17105.333171985523,20308.71604993904,17384.335787915526
2013-05-16,20610.623352825092,17070.50128991392,20432.60086960469,17348.93577425134,20312.032717252925,16971.12679178129,20136.58910516998,17247.940386850085
2013-05-17,20640.96050350843,17137.371682322446,20462.675985763108,17416.89687998524,20389.906221353536,17063.85906284996,20213.78998290005,17342.185200583026
2013-05-20,20826.792806432764,17245.117645620823,20646.90317818385,17526.400272149996,20557.53363020276,17173.246991683718,20379.969522966174,17453.357340106453
2013-05-21,20760.908931556893,17206.76858330697,20581.588369600093,17487.425703812107,20499.437575129163,17135.47296664425,20322.37526807633,17414.96718840671
2013-05-22,20527.29130953703,17034.403845594094,20349.988599659915,17312.249549723812,20261.99401582063,16951.10790446774,20086.982609152346,17227.5949743603
2013-05-23,20630.29112457773,17061.874174159955,20452.098762673555,17340.167942856664,20314.46529077559,16956.52544701388,20139.000667526932,17233.10088165953
2013-05-24,20631.72326987349,17070.998247229607,20453.51853793773,17349.440837366124,20329.68135566782,16974.486742094075,20154.08530483515,17251.355140826567
2013-05-27,20248.849264830482,16801.721891785197,20073.951574121544,17075.77235412775,19952.4125051662,16690.982515436164,19780.07508485957,16963.226717722468
2013-05-28,20589.79471339919,17057.633247330818,20411.95213575705,17335.857842881724,20315.856149422554,16977.141334746735,20140.37951273987,17254.05303215613
2013-05-29,20774.324119827557,17167.192124918474,20594.887685338043,17447.20371951924,20497.878177265105,17100.509616553358,20320.829339390748,17379.4335561682
2013-05-30,21066.48116496189,17362.546088901818,20884.521249169804,17645.744073831793,20803.328305557345,17324.736575463532,20623.641165817055,17607.317848581846
2013-05-31,20834.713199481954,17212.277000261776,20654.75515952057,17493.023967761346,20574.54174940166,17161.313095699585,20396.830735850544,17441.22879207057
2013-06-03,20475.4727621575,16915.496053112598,20237.155300663795,17139.348299204794,20219.787257155822,16865.410859446194,19984.445628093377,17088.600331895457
2013-06-04,20734.389852014156,17129.396413921273,20465.73459988211,17332.937771889345,20475.471153180595,17078.677888508315,20210.170560383816,17281.6166018806
2013-06-05,20332.327699071066,16797.238966803157,19991.436393337477,16931.24286769547,20078.4296736083,16747.503895623726,19741.79510682839,16881.111074730656
2013-06-06,20198.243832581582,16686.467648322014,19733.007447078202,16712.372989260093,19946.02012776653,16637.060528246366,19486.593275888976,16662.889254918897
2013-06-07,20605.399542009673,17022.83305857823,20198.650548059562,17106.73767007961,20348.091549361736,16972.430017242594,19946.421694834236,17056.086255167767
2013-06-10,20595.64151365319,17014.771613938217,20234.225119562343,17136.86665622032,20338.4553487015,16964.392421139724,19981.552038074562,17086.12603742284
2013-06-11,20262.33156599018,16739.41274092713,19762.06167772345,16736.979737155034,20009.307555520725,16689.84884187881,19515.284699069653,16687.4231485686
2013-06-12,20047.4597053042,16561.8996669396,19515.885943964448,16528.48740801975,19797.118891833983,16512.861371769435,19272.18307055385,16479.548151831157
2013-06-13,19968.118491611996,16739.862841970335,19329.64399193841,16682.965200909588,19718.768484079876,16690.297614340278,19088.26678461231,16633.56855088361
2013-06-14,20129.51008366204,16535.674062484228,19623.800437038288,16499.009621750203,19878.144761640673,16486.71341947357,19378.749988382475,16450.157646442098
2013-06-17,20003.890415012884,16432.481988360887,19533.27932790855,16422.90261815042,19754.09378725265,16383.826913279667,19289.359254708823,16374.27598937215
2013-06-18,20240.985386726963,16627.247045126973,19634.0985408656,16507.66790966328,19988.228052050967,16578.015283054392,19388.91948977607,16458.790293089103
2013-06-19,20265.308144821578,16640.14404306895,19657.236161605764,16521.157965203736,20012.247001395775,16590.874091493395,19411.768183056123,16472.240405872908
2013-06-20,19778.80280843659,16405.312726701184,19138.909514557512,16313.695317471102,19531.81682354182,16356.738090252424,18899.914095167787,16265.392035081439
2013-06-21,19650.063212712623,16395.087521830108,18966.04605967957,16292.216144443648,19404.684891211964,16346.54316314864,18729.20925900961,16243.976459818932
2013-06-24,19217.179236842407,16221.859289191454,18483.404005766155,16132.048317093275,18977.2064487415,16173.827838334731,18252.594165349434,16084.282873996532
2013-06-25,19417.079408639496,16289.635522253377,18714.03800822784,16190.541824786782,19174.610442988003,16241.403392095033,18480.348136563927,16142.603188041077
2013-06-26,19874.371892407886,16409.238710358874,19248.359302090717,16290.833015175618,19626.192552856613,16360.652443094912,19007.997129285723,16242.597425863603
2013-06-27,20079.05298766483,16554.457615197065,19429.54558914152,16420.562321661484,19828.317671937228,16505.441362740017,19186.920872536888,16371.94261635346
2013-06-28,20053.06272887861,16533.029580829665,19428.33005531837,16419.5350331536,19802.65195013035,16484.076763215,19185.720504100867,16370.918358043149
2013-07-01,19952.869085705173,16417.66698061106,19331.257842692467,16304.964364387513,19668.28434088391,16350.45376005769,19055.538980823152,16238.212638040295
2013-07-02,20109.78988578845,16539.740723715495,19483.28993563416,16426.200105951517,19831.6529251197,16481.586891701434,19213.8179832614,16368.445578775252
2013-07-03,20205.420990380106,16578.661149775955,19575.941750904538,16464.85335435228,19915.849504209942,16525.164690223755,19295.39150371184,16411.72422835205
2013-07-04,20260.922614992847,16610.538725586342,19629.714279129355,16496.512099667634,19970.555714169768,16561.47864726478,19348.39339743653,16447.788900612173
2013-07-05,20286.502593752364,16784.563684944787,19654.49733979531,16669.342427155967,20078.272097413595,16752.541713841565,19452.75398650476,16637.54037466172
2013-07-08,20248.69212400866,16730.14227701112,19617.86481659129,16615.294606715575,20033.57510717158,16699.852394170037,19409.44948545523,16585.212751885276
2013-07-09,20966.501453121295,17153.055372391893,20313.311529711245,17035.304523932184,20731.464489617738,17168.37042450765,20085.596835219836,17050.51454185537
2013-07-10,20823.83587936366,17058.041423958755,20175.090556088948,16940.942819242253,20584.51860177348,17061.161690805264,19943.228896798926,16944.041765010043
2013-07-11,21123.42950677399,17187.302410565622,20465.35065024482,17069.3164659254,20856.095142548216,17208.803594350768,20206.344747135343,17090.670149716625
2013-07-12,21250.325930526604,17297.500705711354,20588.29374561323,17178.758281104703,20996.541513422748,17329.326431756766,20342.415654415836,17210.365632805875
2013-07-15,20950.761748918587,17089.27050171608,20298.062179905795,16971.957518259303,20702.00897796966,17110.02092987156,20057.058980027086,16992.56559957355
2013-07-16,21374.7167092005,17372.5486025029,20708.809256714398,17253.290995421143,21100.322696540916,17397.48189591864,20442.963640509028,17278.053229477257
2013-07-17,21317.696402871705,17358.055216788347,20653.565359750177,17238.897102679002,21062.807744838978,17387.814506290582,20406.61742890612,17268.452203674613
2013-07-18,21316.632052671906,17349.189931014167,20652.534168293005,17230.09267457123,21043.635410797782,17366.645755891313,20388.042389398688,17247.428770606068
2013-07-19,21133.34870521618,17179.1782608481,20474.96082619772,17061.248086185966,20819.650463852115,17167.89013564852,20171.035465273195,17050.037550039924
2013-07-22,20937.18170227039,16990.023969957423,20284.905205731084,16873.392285725044,20589.17821550524,16958.061484646933,19947.743345012215,16841.64931185901
2013-07-23,21189.459327842396,17149.64127336847,20529.32337972535,17031.913861727913,20825.64025228628,17122.81088156872,20176.838647951252,17005.2677519625
2013-07-24,21004.290954307682,17032.65676738507,20349.92373761192,16915.732421118995,20660.5579122922,17008.966862879926,20016.899280069338,16892.205239437393
2013-07-25,21252.023883881622,17202.78966015078,20589.938800966913,17084.697399945228,20865.381242596577,17157.11312703359,20215.341548197626,17039.33452246287
2013-07-26,21173.39967438841,17153.73353817646,20513.76404836053,17035.978034301443,20791.66294108481,17106.195475654706,20143.919865263262,16988.76640599018
2013-07-29,20749.685449993874,16841.688992974334,20103.250207558787,16726.075586186806,20355.079425332442,16767.761480012876,19720.937664141078,16652.65566155331
2013-07-30,21202.943278125018,17163.685260876395,20542.387251318538,17045.86144125435,20824.041477559695,17123.612733261347,20175.289681422397,17006.064099175863
2013-07-31,21084.845826271878,17083.34925842139,20427.96900487329,16966.0769226164,20723.310435920972,17050.93338581486,20077.696812758422,16933.883674366305
2013-08-01,21360.630987789904,17309.11958348332,20695.16236155767,17190.29739858405,21007.170602203874,17286.0370041821,20352.713604765187,17167.37337459383
2013-08-02,21404.29323897387,17339.642171089043,20737.464359932146,17220.610457303534,21063.003996169045,17328.745819030173,20406.807566225943,17209.78900581722
2013-08-05,20964.604225001036,17055.230540451554,20311.47340779396,16938.15123165118,20631.589364270894,17021.64053661461,19988.833217647698,16904.79191207835
2013-08-06,21260.31944228589,17274.74167508088,20597.97591972779,17156.155484749037,20943.131755214155,17264.659009206807,20290.669822808926,17146.142133352572
2013-08-07,21161.73176494167,17185.962771296083,20502.45964070711,17067.986022898574,20838.757931602377,17172.83886985251,20189.5476593329,17054.95231261916
2013-08-08,21297.79281788082,17247.236259141635,20634.281850606705,17128.838885670328,20929.454653577635,17214.788745187805,20277.41881733929,17096.614214229376
2013-08-09,21188.622803649243,17172.736934151297,20528.51291658844,17054.850977365637,20797.535543257145,17115.537869257914,20149.609512498082,16998.044666771406
2013-08-12,21325.01768120415,17235.046571961902,20660.65855113908,17116.732877227514,20886.898682622836,17157.031070112505,20236.188634302413,17039.253028838742
2013-08-13,21322.220202791832,17258.52482380854,20657.948225307464,17140.04995755017,20930.776573527386,17210.15527885165,20278.699554219816,17092.012555295507
2013-08-14,21361.77341228573,17264.622163217555,20696.26919498597,17146.10544045764,20906.262787114887,17172.769034723948,20254.949469847692,17054.8829568885
2013-08-15,21172.780150849394,17058.720831443337,20513.163825444175,16941.617562787604,20650.93448440278,16927.788684018975,20007.575660271206,16811.58432522563
2013-08-16,21219.702919655403,17077.95813989839,20558.624763346674,16960.72281258934,20673.923564079214,16934.34945271131,20029.848538592214,16818.100056144085
2013-08-19,20699.544107862133,16712.816855397556,20054.670967692888,16598.0881191957,20186.70601276142,16570.622299586445,19557.809753695325,16456.8697844131
2013-08-20,21354.792775696802,17172.24628739584,20689.50603299523,17054.363698760662,20807.08660543314,17033.855464985776,20158.863021062865,16916.922988509632
2013-08-21,21391.760602545965,17188.399752536032,20725.32216498284,17070.406274955152,20823.166314286096,17038.042917323175,20174.44178296895,16921.08169520146
2013-08-22,21742.378622249704,17444.19373270322,21065.017038641043,17324.44430217159,21159.731923200754,17296.294272205,20500.522033240006,17177.560229447245
2013-08-23,21961.856333025848,17567.6902374789,21277.657145660898,17447.093038552455,21350.444772033494,17417.420981092666,20685.293417570763,17297.855438615617
2013-08-26,21749.239904322007,17419.1544977698,21071.664564483133,17299.576954467248,21128.99836781487,17251.005010741002,20470.745950459994,17132.581865625398
2013-08-27,21649.710376022613,17272.667457269847,20975.235776911148,17154.095505853566,20952.145300705884,17062.525755666808,20299.402560474104,16945.396465962007
2013-08-28,21811.32332485472,17391.1675352354,21131.813839503135,17271.78211447386,21118.57267731177,17191.182598320494,20460.645061722542,17073.170116712485
2013-08-29,21864.618506534698,17444.229459864648,21183.44866426961,17324.479784076215,21181.435770853393,17249.318947057025,20521.549719631494,17130.907376279505
2013-08-30,21666.762706510774,17320.222286179942,20991.75685947173,17201.323884383193,21010.571563418962,17132.4870989208,20356.008612498612,17014.8775448894
2013-09-02,21340.839039082937,17098.762814917598,20675.98701078379,16981.384669429386,20694.51869334037,16900.542216670987,20049.80204758412,16784.524896972158
2013-09-03,21888.454342965146,17472.71653314249,21206.54191957811,17352.771301694975,21234.1690040716,17298.552624573487,20572.64010269483,17179.80307888184
2013-09-04,22010.219074218312,17604.41999313997,21324.513195081916,17483.57065488331,21390.595962306776,17448.759792750297,20724.193738418202,17328.979118422187
2013-09-05,22023.891007872546,17646.299450931827,21337.759193616912,17525.1626221039,21419.278075551192,17492.603484228937,20751.9822896466,17372.52183567729
2013-09-06,22237.532174618194,17776.543504669095,21544.74458817015,17654.512587441084,21622.399635423768,17631.437197935003,20948.77580426708,17510.402496212544
2013-09-09,22364.146863171358,17886.06181064703,21667.4147255113,17763.279081384906,21773.775460239733,17760.36313446936,21095.43566948668,17638.44339359226
2013-09-10,22300.017035354766,17891.87253269664,21605.28279693476,17769.049914479656,21761.532900781738,17788.175984739235,21083.57451449555,17666.06531671316
2013-09-11,22168.876408281456,17785.20747556564,21478.227722062205,17663.117082640623,21673.99538151965,17715.66214920815,20998.764137460483,17594.049267627714
2013-09-12,21791.16778375458,17562.63478262854,21112.286223685474,17442.072287962368,21365.98196428863,17517.32360741273,20700.346564430904,17397.07226238639
2013-09-13,21513.011070274257,17401.75052113104,20842.795198316275,17282.292451180114,21119.620243059733,17357.427994806352,20461.659991626915,17238.274286777003
2013-09-16,21530.43195080196,17391.49181762929,20859.67334911661,17272.10417076131,21133.6233489431,17352.744403459128,20475.22684501323,17233.62284692573
2013-09-17,21607.622950301546,17469.164038423783,20934.459541921864,17349.24319384253,21232.44400857883,17444.07639239609,20570.968847679167,17324.327868252814
2013-09-18,21802.484631852454,17634.887855092733,21123.250506947537,17513.829363625886,21469.84246051127,17644.56523952545,20800.97139270961,17523.440417605732
2013-09-19,21777.674678167594,17532.623616935907,21099.213482012066,17412.26714038994,21349.229713121204,17490.614124304277,20684.116212580953,17370.546132131414
2013-09-20,21461.11159604113,17362.658437397204,20792.512599157664,17243.46872348709,21068.45321733497,17317.043183215625,20412.087022458258,17198.16670520276
2013-09-23,20897.623688501077,16970.63454173271,20246.579581449445,16854.135960412616,20513.934961792726,16903.718975488337,19874.84421820925,16787.679848261756
2013-09-24,21417.93004344263,17351.53234171947,20750.676323695534,17232.419005293,21031.427313443135,17302.491497299794,20376.214622879186,17183.714912389492
2013-09-25,21606.210811770547,17450.62818214891,20933.091397123484,17330.834580951174,21174.107188816033,17384.34913096512,20514.44945210095,17265.0106171455
2013-09-26,21619.186946963764,17488.853658010386,20945.663274087357,17368.797649788496,21207.471484896512,17430.16832526943,20546.77431752949,17310.51527597244
2013-09-27,21541.47644682829,17402.085801674886,20870.37376515755,17282.62543011834,21089.016665682295,17316.92925884493,20432.00983752292,17198.053562889825
2013-09-30,21042.05411695375,17062.961347952103,20386.51042752258,16945.828969356135,20607.128693751056,16963.91054849486,19965.134594396714,16847.45822358035
2013-10-01,21462.041481265263,17439.252927911704,20793.413514758053,17319.537414600287,21086.309912296783,17383.250414294558,20429.38741028142,17263.91944284616
2013-10-02,21741.010279520244,17600.712018666403,21063.691325230768,17479.88813460032,21311.28781781327,17523.187458481574,20647.35635836511,17402.895859818673
2013-10-03,21554.077997382803,17450.79145263046,20882.582727284283,17330.99673062729,21113.762024100888,17361.757199924275,20455.984279511224,17242.573773157637
2013-10-04,21706.24622843407,17586.87458947393,21030.010312624672,17466.145695425224,21272.609411703383,17501.353805467945,20609.88293859097,17381.212088499335
2013-10-07,21231.414069233113,17212.3690598059,20569.971064028978,17094.211039745176,20756.884768858956,17084.176617920613,20110.225171560163,16966.898701327056
2013-10-08,20891.54556458552,16938.006184650116,20240.690815272173,16821.731587725037,20410.56473772505,16799.947185148645,19774.69438815603,16684.620421159958
2013-10-09,21050.352216110045,17057.274686353994,20394.55000788095,16940.18134507316,20607.817914286345,16955.71728713041,19965.80234296842,16839.321206578414
2013-10-10,21467.50933061735,17406.06131355758,20798.711018852133,17286.573651242215,21075.933150914774,17348.36511735372,20419.33392632814,17229.27362334906
2013-10-11,21350.371169599275,17374.687308283905,20685.22217751645,17255.41501959501,21019.946949560734,17346.678329595183,20365.091918037037,17227.598414899174
2013-10-14,21582.762969160667,17548.46456206494,20910.374048084635,17427.9993419343,21236.01620275714,17514.2624903096,20574.4297537873,17394.032158964186
2013-10-15,21456.778742224353,17460.499027909187,20788.31473097304,17340.63766616163,21096.895600372114,17409.637843183424,20439.643312029748,17290.125729690335
2013-10-16,21679.737873966063,17622.318264044057,21004.32779884656,17501.34605924619,21355.421001132752,17609.281773442242,20690.114617322353,17488.39916228193
2013-10-17,21943.532992304754,17757.274844651463,21259.904649892116,17635.376201296334,21521.26210067411,17690.415388446814,20850.789106370892,17568.97581855526
2013-10-18,21941.722284754564,17789.234505920642,21258.15035308497,17667.116468577144,21534.166742670077,17724.344484548372,20863.291717393073,17602.67200125445
2013-10-21,22172.99701937096,17972.033812837253,21482.219959724793,17848.660910222232,21766.24003765116,17912.075149753415,21088.135005311564,17789.113949900988
2013-10-22,22290.837081706115,18005.543791301123,21596.38883535942,17881.940852210948,21836.99654810582,17927.022359509967,21156.687168771652,17803.95855139854
2013-10-23,22101.115334536928,17878.13615633909,21412.57767531321,17755.407834440502,21639.95231190381,17783.27873630298,20965.781644994524,17661.201686466793
2013-10-24,22412.750085563002,18085.375602531494,21714.503764185523,17961.224640753677,21941.36529402099,17999.729458791022,21257.804412741538,17876.16653753438
2013-10-25,22587.58989590438,18222.38650634545,21883.896618935323,18097.29500366561,22132.518441367873,18153.705078295057,21443.002378534817,18029.085159076767
2013-10-28,22367.03123079853,18056.403370674958,21670.209233613085,17932.45129503193,21909.979639545447,17979.511162391675,21227.396546354623,17856.087033874763
2013-10-29,22496.2209357301,18172.927716441412,21795.374165329235,18048.175734292967,22050.237882222173,18103.138898289788,21363.285186379642,17978.86610122867
2013-10-30,22459.706030593636,18134.58455182504,21759.996844741283,18010.09578460059,22008.89827233073,18063.027887748725,21323.233469916457,17939.030441139308
2013-10-31,22322.71003616278,18071.835417676244,21627.268820496574,17947.77740541793,21894.419238663242,18002.464096566393,21212.32091390855,17878.882402814706
2013-11-01,22298.75046588029,18126.814833797962,21555.692515557195,17983.61429983797,21870.91935736361,18057.232466873782,21142.11789554282,17914.581732405484
2013-11-04,21810.706920725836,18020.11024490049,21012.641116052913,17919.24375822584,21392.23957130786,17950.937478469717,20609.485659145274,17850.45828593677
2013-11-05,22433.96164596337,18307.58701828683,21662.848683528977,18168.46518914842,22003.536331049112,18237.310731356396,21247.21812996391,18098.723046250816
2013-11-06,22617.75079542394,18339.953560468886,21858.000679530473,18176.371567154874,22183.799234515573,18269.553029921615,21438.625875460202,18106.59907454204
2013-11-07,22138.91308452951,18045.81528479532,21380.7967803916,17906.693933919058,21714.148667285684,17976.543845821936,20970.57776758683,17837.95663585004
2013-11-08,22347.937709625257,18328.89670299698,21500.53169871106,18162.265814410115,21919.16288931157,18258.538615858786,21088.015412306257,18092.547468661825
2013-11-11,22085.78548436312,18208.469036352657,21232.1072915967,18062.19074991297,21662.040405766165,18138.573228054876,20824.741084322726,17992.85655601108
2013-11-12,22355.308071418895,18415.98632269341,21449.748013540564,18226.481407608684,21926.391841890636,18345.293929198207,21038.206079654574,18156.516561507695
2013-11-13,22651.007763062375,18583.589169199182,21751.55245132681,18380.029135498862,22216.418127471763,18512.25340832065,21334.219998041546,18309.47487540673
2013-11-14,22788.408617713012,18628.384995884873,21931.21986082769,18440.576566417527,22351.182764906738,18556.87728013221,21510.44024941658,18369.789886716186
2013-11-15,22887.95740948652,18739.376885852307,21992.047227333696,18529.75229884524,22448.82158441428,18667.4431119971,21570.100562023898,18458.62330587697
2013-11-18,22504.008103431275,18356.76086495909,21698.986716475694,18191.6626974396,22072.238859878278,18286.29581693495,21282.66280670167,18121.831507728122
2013-11-19,22657.608983750953,18543.07913893947,21788.39102946425,18350.069005486574,22222.892710047367,18471.898881121575,21370.351779079145,18279.629751458346
2013-11-20,22585.39396982779,18571.864387487043,21684.364693500444,18380.33211654377,22152.063238871313,18500.573633655807,21268.321326677727,18309.776693417385
2013-11-21,22577.75511764731,18769.58730866571,21549.493303392494,18546.01250179074,22144.570968124008,18697.53756687864,21136.03762350558,18474.821091805647
2013-11-22,22545.65946693638,18805.741514591537,21517.306624774705,18598.40938619733,22113.091109097928,18733.55299140105,21104.468489110477,18527.016843592522
2013-11-25,22501.366527735914,18829.484007908122,21463.925331592243,18635.25269820384,22069.647981947175,18757.2043458894,21052.111387010154,18563.718727497977
2013-11-26,22821.27996435385,19002.419918353855,21776.759859533617,18790.319594673416,22383.42345562736,18929.476417520636,21358.943768607707,18718.190378439675
2013-11-27,23125.98483585101,19106.238060907293,22113.792054520007,18883.82001245849,22682.28217849012,19032.89603906905,21689.509552836316,18811.33188206055
2013-11-28,23136.185401804254,19142.155717088535,22103.12031519222,18914.248184769855,22692.287031644988,19068.675820200497,21679.04256501601,18841.64325166352
2013-11-29,23332.24576919374,19216.093028833384,22331.02476963325,18995.937059138876,22884.585737484977,19142.32931301845,21902.574369491052,18923.018552096048
2013-12-02,23129.71317100249,19119.607961549817,22137.183143258884,18900.557407171364,22739.413974361192,19067.59568483617,21763.63214110015,18849.141135746464
2013-12-03,23112.420296115433,19096.699721868914,22120.632331079847,18877.911623844797,22701.041998268916,19029.693056343418,21726.906763166444,18811.67275191432
2013-12-04,23294.828200582768,19185.371505818068,22295.212843951653,18965.567508123266,22832.81371035597,19098.936827126858,21853.02395649865,18880.12320732786
2013-12-05,23174.58533360802,19117.47477473906,22180.12977533723,18898.448659970167,22743.605075821597,19044.979080685705,21767.64339620783,18826.7836465963
2013-12-06,23281.152576952758,19208.218012180063,22282.12406145541,18988.152265400535,22864.133796345126,19147.788221578605,21883.00005134719,18928.41491876955
2013-12-09,22928.768243607155,18958.730286378235,21944.861058390303,18741.522884014423,22516.35470159712,18883.949787971113,21550.144671125236,18667.599242042314
2013-12-10,23467.764855834677,19297.925152324304,22460.7285328489,19076.831643949463,22980.9031095089,19202.85164704831,21994.758620848177,18982.847490932887
2013-12-11,23318.990050889654,19188.480942522034,22318.337873707496,18968.641320465307,22798.48316330537,19058.976270060342,21820.166583918406,18840.6204722972
2013-12-12,23094.782364067563,19081.28911988483,22103.75126865052,18862.67757887562,22613.650519280156,18955.647406198506,21643.26538159335,18738.47543154217
2013-12-13,23184.342369236387,19126.51745284957,22189.46812220922,18907.38773743901,22678.47483012561,18990.93355215904,21705.307985533433,18773.357309485258
2013-12-16,23286.814057842883,19193.614441734444,22287.542599869623,18973.71600592743,22763.26462869409,19050.392429364038,21786.45932863502,18832.13497536063
2013-12-17,23193.12627814977,19156.286884198427,22197.875100665533,18936.816104763253,22689.10507188587,19014.725387167764,21715.482067921927,18796.87656505215
2013-12-18,23503.82708767404,19390.3755556738,22495.24328125414,19168.222856538,23018.611593114932,19275.95866440757,22030.84897773801,19055.116932292716
2013-12-19,23447.720557189583,19420.384976683512,22441.54436455403,19197.888463996616,23031.825913653294,19337.58872393949,22043.49625226829,19116.0409055887
2013-12-20,23673.939329777793,19572.22433201859,22658.05575672757,19347.98821802661,23210.664529723494,19464.160111572026,22214.66063922935,19241.162184048062
2013-12-23,23398.604456805664,19406.620501276644,22394.535908312355,19184.281686173013,22976.998484837135,19309.333766187894,21991.02154938709,19088.109660598646
2013-12-24,23976.616278745245,19803.394607204842,22947.74439242304,19576.510009152036,23525.74717399198,19715.682568881173,22516.22262194518,19489.802986747705
2013-12-25,23957.531743420357,19789.996228025353,22929.478802592006,19563.265133244837,23507.021514467437,19701.558883851598,22498.300508123288,19475.84111463338
2013-12-26,24136.15654512732,19912.355062638675,23100.438551209758,19684.22212057086,23677.747200870206,19827.92598032311,22661.70010320943,19600.760442464536
2013-12-27,23961.906696503076,19769.72207999769,22933.66602000016,19543.223263168373,23505.290029677548,19684.254741742385,22496.64332390264,19458.73522345335
2013-12-30,23995.26864772353,19812.932407844757,22965.596360801344,19585.938536603822,23561.665112623432,19741.876993917544,22550.599268789418,19515.697306233033
2013-12-31,24128.952170533015,19923.743631953897,23093.543326930598,19695.480212711704,23697.125137346535,19855.661062832307,22680.246503815877,19628.17776834392
2014-01-02,23990.063197524163,19767.773749970147,22960.6142841299,19541.297254873236,23500.332599166082,19663.339603602733,22491.89862405513,19438.05970687622
2014-01-03,24215.952944272332,19893.092121312595,23176.810769446358,19665.179871948567,23681.846774023514,19774.88847981795,22665.623757624828,19548.33058455099
2014-01-06,24170.79092979108,19856.98540937321,23133.5867234628,19629.486829331432,23623.937753211765,19727.191375729144,22610.199698411197,19501.17993894278
2014-01-07,24318.505412082024,19988.674960440712,23274.96255995548,19759.66763245676,23781.698956343884,19865.776930212603,22761.191135348672,19638.17773976734
2014-01-08,24263.327819312304,19954.495724167387,23222.152718885824,19725.879982698647,23715.20331634965,19817.634181316833,22697.54892146166,19590.58655503707
2014-01-09,24175.534283330842,19874.520747938037,23138.126532722283,19646.82126808484,23601.54316762379,19717.507925664202,22588.76609756121,19491.60743069518
2014-01-10,24278.69705846765,19918.048776060317,23236.86244137304,19689.85060194988,23698.57576677511,19771.26871744453,22681.634884593506,19544.752293245565
2014-01-13,24074.12897590761,19746.512730680282,23041.07267625938,19520.279819974403,23472.77349161943,19580.431070883882,22465.522118510242,19356.1010446303
2014-01-14,24336.237363087792,19975.98555068624,23291.933606850867,19747.12360341548,23769.70750988791,19837.69958132753,22749.714259568063,19610.422068805998
2014-01-15,24280.35140053521,19958.594866132178,23238.445793188104,19729.932161392968,23752.218345097146,19841.960279567837,22732.975580664974,19614.63395287338
2014-01-16,24291.45066456995,19959.194748547485,23249.06877147045,19730.525171043108,23767.278977872546,19848.892212611812,22747.389939447727,19621.486467812814
2014-01-17,24236.249200014554,19893.960345763346,23196.236082988562,19666.03814927866,23662.516147369282,19748.22242509298,22647.122636706143,19521.9700387668
2014-01-20,23996.57101340361,19726.73454874716,22966.84284005365,19500.72823378141,23428.51174701635,19572.45693058446,22423.159710730037,19348.218262845723
2014-01-21,24215.940112642947,19898.41985117794,23176.798488441073,19670.446562791407,23623.247850098254,19729.420020891455,22609.53940005908,19503.383050855802
2014-01-22,24220.494163061943,19903.007037641157,23181.157117855262,19674.981194529664,23602.275278818805,19712.46297325969,22589.46679278373,19486.62027754449
2014-01-23,24276.141701464803,19887.054805216063,23234.416738499418,19659.21172450029,23583.390367880376,19655.96397421717,22571.39226126129,19430.76857895683
2014-01-24,23822.78889397047,19514.08346393639,22800.517967087304,19290.513461373626,23075.524980710823,19231.631509328556,22085.320127827337,19011.297626700092
2014-01-27,23339.504001942274,19166.642596711266,22337.971540933995,18947.053173391156,22577.663767028855,18848.525898318723,21608.82287402331,18632.58119851594
2014-01-28,23707.406217295356,19451.16530160381,22690.086530854936,19228.316143232372,22979.853477543023,19172.74603020641,21993.75403013996,18953.086789572782
2014-01-29,23543.674089178563,19291.870841790063,22533.380389288897,19070.84669676627,22788.28966548907,18996.518706231407,21810.410504146286,18778.878475295307
2014-01-30,23719.607562907473,19474.78035371439,22701.764298772447,19251.660641141894,23009.07070981646,19206.00040913414,22021.717507831036,18985.960178129517
2014-01-31,23448.248834409216,19253.91293782737,22442.049972620804,19033.32367096231,22736.42414748208,18979.686899428827,21760.77061210754,18762.239507948012
2014-02-03,23212.32802659883,19013.98364057192,22216.2528738331,18796.143208603535,22411.594231789517,18678.16127323967,21449.879627778373,18464.16841508319
2014-02-04,23182.033540504803,19012.46311070361,22187.258368715968,18794.640099223725,22423.586289465977,18703.411139032265,21461.357088551093,18489.128996996606
2014-02-05,23076.371861753327,18930.61790144867,22086.130788081806,18713.732578570798,22315.699732331534,18616.579262399708,21358.100102900924,18403.29193999259
2014-02-06,23348.434714230832,19153.473219615425,22346.519023216628,18934.0346759242,22635.687168580484,18883.307927288097,21664.356405730363,18666.964735059704
2014-02-07,23707.74245425948,19431.234662288214,22690.408339396155,19208.613846338852,23011.772508197595,19185.881500569816,22024.303368053846,18966.07176884634
2014-02-10,23270.256967917598,19108.149470538952,22271.695999036936,18889.230194417527,22586.443706329104,18854.624786231776,21617.226053162718,18638.610212396045
2014-02-11,24041.412732718785,19642.68942215818,23009.76033520803,19417.645999925855,23328.246089947545,19408.945149068186,22327.196601069794,19186.579810987387
2014-02-12,24067.10925825089,19659.296137334735,23034.354185016888,19434.062454393454,23361.47198918384,19433.698181741136,22358.996727904698,19211.04925192279
2014-02-13,24029.231799724526,19637.38221469756,22998.102103972902,19412.399596365547,23333.784318557955,19416.614197530827,22332.49717611215,19194.160996326038
2014-02-14,24195.6677803406,19724.459519285465,23157.39607174873,19498.479268999796,23477.398925326495,19503.86023256785,22469.94906802649,19280.407466784556
2014-02-17,24000.193421629254,19589.01038872648,22970.309805411925,19364.581959335817,23287.727388223168,19362.047485535128,22288.416616670966,19140.219446865845
2014-02-18,23972.61353926351,19560.838720650994,22943.913416382537,19336.733049944614,23266.601463887502,19340.752606928818,22268.1972369455,19119.168540450934
2014-02-19,23972.868172856048,19546.610472262677,22944.157123272922,19322.66781251884,23236.85939311449,19306.51328132155,22239.7314423499,19085.32148959924
2014-02-20,24152.872854608093,19688.723413694854,23116.437539252518,19463.152586748656,23428.5809053064,19462.74037385814,22423.225901335732,19239.758712053637
2014-02-21,24152.127716778643,19678.147953752123,23115.724376383805,19452.698288305044,23437.874432486773,19463.89166278263,22432.120629540907,19240.896810835697
2014-02-24,24405.80177430058,19849.333883065898,23358.512906813874,19621.922965442864,23672.5340868369,19635.35676954942,22656.710691597567,19410.397467904553
2014-02-25,24361.565262019445,19810.967847253305,23316.17464836914,19583.99648369597,23625.655445218465,19594.897895914495,22611.843681717346,19370.40212544276
2014-02-26,24296.17277848598,19788.549016474022,23253.58825252971,19561.83450218476,23585.68623439337,19582.02997127864,22573.58960875187,19357.681626665963
2014-02-27,24393.014745423177,19856.531431963216,23346.27458816183,19629.03805307428,23676.573473247827,19650.30318011743,22660.57674197258,19425.17263971571
2014-02-28,24324.49987140688,19823.846035356444,23280.699788209808,19596.727128279967,23632.968835801003,19629.34541217966,22618.8432439102,19404.454981743587
2014-03-03,23995.398344981866,19529.19324523645,22965.720492559474,19305.450132117396,23313.223469650253,19337.58359241915,22312.81862359358,19116.035832859405
2014-03-04,24484.442719212384,19927.572258281933,23433.779253058678,19699.264975027392,23788.364603758397,19732.05393072211,22767.570749989365,19505.986784381384
2014-03-05,24353.973839898994,19832.97634953619,23308.908985342725,19605.75283778441,23661.604876933357,19638.386144761836,22646.25047023031,19413.392136025053
2014-03-06,24420.035168929273,19871.07843319359,23372.13552553449,19643.41839143738,23725.78812174734,19676.11439182857,22707.679517229,19450.688136292705
2014-03-07,24240.770274173785,19738.658614333228,23200.563151202823,19512.515687090578,23551.61962112013,19544.99380305925,22540.98484416085,19321.069776203363
2014-03-10,23810.143803850875,19430.771438288313,22788.4154963921,19208.15592942863,23133.235604724578,19240.12744585555,22140.55430374255,19019.69622657207
2014-03-11,24212.981346934437,19679.811636433227,23173.966687722965,19454.342910416795,23524.6207165219,19486.724199189157,22515.144502428597,19263.46775833884
2014-03-12,24315.96254272654,19734.30105594176,23272.528808865896,19508.208052608814,23624.67421828738,19540.678998622854,22610.90456068287,19316.804405826362
2014-03-13,24057.911254732135,19512.209722232452,23025.550881364066,19288.661186854573,23373.95917462974,19320.76670235823,22370.948069783106,19099.411611354924
2014-03-14,23939.86284410368,19418.032294840592,22912.56810174495,19195.56273648576,23259.26680996667,19227.513291844032,22261.1773238556,19007.226591008097
2014-03-17,23613.254121176098,19230.342768240767,22599.97463972579,19010.023541364248,22941.943378395463,19041.665271167047,21957.47070932921,18823.50780289022
2014-03-18,24050.153467203603,19577.078328816144,23018.125991914036,19352.78660329219,23366.421936377534,19384.998854018762,22363.734265554653,19162.907865005036
2014-03-19,23695.499762785003,19365.456181080124,22678.690999828075,19143.588979577456,23021.8508254262,19175.453025859646,22033.94920980738,18955.762771587768
2014-03-20,23828.43886829085,19463.64534981579,22805.925492695605,19240.653209355754,23151.010551385134,19272.67881672836,22157.566501193378,19051.874661330447
2014-03-21,23713.866804380497,19346.164622786073,22696.269884641446,19124.518441847613,23039.69570297464,19156.35074567558,22051.028337308424,18936.879343327833
2014-03-24,23314.922145959332,19089.379084814776,22314.444528563698,18870.67485825959,22652.092803448657,18902.084645510102,21680.058050579904,18685.52633127155
2014-03-25,23355.042365360703,19103.944518207885,22352.8431303133,18885.07341761083,22691.07242892135,18916.507170919223,21717.365002761788,18699.783619996557
2014-03-26,23238.307351485306,19021.87742672933,22241.11738765989,18803.946556806502,22577.65612192435,18835.2452763942,21608.815556981528,18619.452730660654
2014-03-27,23123.597035790226,18936.69574010294,22131.329460408524,18719.740784315796,22466.206952144978,18750.899345407885,21502.14883565599,18536.07313820101
2014-03-28,23102.060159471836,18920.220732736227,22110.71676314466,18703.454528700913,22445.282356385815,18734.58598170981,21482.122145200505,18519.946674234274
2014-03-31,23125.07407613413,18966.24746762385,22132.743118777795,18748.953942013028,22467.64200111212,18780.16112770784,21503.522304552793,18564.999672703416
2014-04-01,23227.623881481086,18980.426618945345,22253.211053661144,18754.702425560507,22567.27637660573,18794.201161031586,21620.56540720145,18570.69175533947
2014-04-02,23261.62900306697,19002.775808647657,22286.007875857893,18780.115519567287,22600.314752849652,18816.3310728341,21652.429835114497,18595.855510254944
2014-04-03,23184.703986668475,18941.489089794293,22188.433174731854,18698.527532980082,22525.57666882532,18755.645665400738,21557.62912510925,18515.068019444916
2014-04-04,23004.08489399349,18780.65971687897,22000.14062534038,18534.42115010778,22350.09246931846,18596.39426142249,21374.68962168252,18352.571756787518
2014-04-07,22814.42676345655,18630.02310607469,21831.826527219768,18394.34074175728,22165.826206409416,18447.235613805697,21211.160593957233,18213.865739202625
2014-04-08,22860.522318749932,18659.92904822308,21830.1682943263,18389.777419980026,22210.6112925356,18476.848135374945,21209.549503645496,18209.347190191133
2014-04-09,22962.44042163155,18750.385603234652,21933.72001093985,18479.978125962785,22309.631924488513,18566.417180652596,21310.15730611825,18298.66289720213
2014-04-10,22704.080289304813,18532.352357081123,21733.840890456835,18308.685949799845,22058.61681675886,18350.52315623104,21115.96063097253,18129.051344246327
2014-04-11,22717.029094904683,18540.27249327307,21745.758786726576,18317.64054160559,22071.197495532124,18358.365584423125,21127.539708490593,18137.918078596256
2014-04-14,22833.687858886715,18629.448888823285,21832.809999377405,18388.49730056359,22184.539720374793,18446.66703045667,21212.11610658231,18208.079630591772
2014-04-15,22908.50847588161,18709.387907983968,21928.420650562122,18476.75633199682,22257.23323181649,18525.821732133496,21305.008603426006,18295.472713679963
2014-04-16,23013.60792718012,18792.548863342206,22024.453130280526,18556.578040282682,22359.344768346673,18608.166758150255,21398.31093646733,18374.5112559253
2014-04-17,22982.700386396966,18775.659691813355,22001.79921330243,18540.90903655587,22329.315910529203,18591.443293839944,21376.30105696845,18358.99598771569
2014-04-18,22985.269467240378,18778.09141319076,22008.05736260754,18546.31906731129,22331.811953935234,18593.8511565109,21382.381290785168,18364.352938269538
2014-04-21,22765.064833271514,18614.749541709065,21843.86966484812,18414.736348825045,22117.8676064832,18432.11190521388,21222.861352296055,18234.061235959864
2014-04-22,23118.132542063366,18893.799637190124,22157.773701588045,18675.405140451236,22460.897810718307,18708.424115353624,21527.84128267799,18492.172490923276
2014-04-23,23155.220651892272,18920.126301890246,22194.654670730844,18704.857105175077,22496.931527686756,18734.492477367112,21563.673747651697,18521.335489411067
2014-04-24,23164.17887320535,18922.155499040433,22231.199362501626,18733.487327356605,22505.63507210639,18736.501765156143,21599.179495420456,18549.684807835623
2014-04-25,23037.76769500818,18811.80907758473,22084.68777031965,18607.119109131774,22382.81768837295,18627.238001813308,21456.833141267558,18424.55644402184
2014-04-28,22932.23755838346,18730.348965516372,21989.4698134077,18528.826833743562,22280.287710643723,18546.577131351907,21364.3221746304,18347.03232873238
2014-04-29,23177.29627379068,18931.90853168631,22255.631406693075,18753.676064233827,22518.37955281015,18746.15910643496,21622.91695102626,18569.67546409715
2014-04-30,23164.565667374816,18921.921069657874,22229.267607118945,18731.629542570994,22506.01086994812,18736.269635865145,21597.30265870232,18547.84525059721
2014-05-01,23183.35440352561,18937.268604662368,22224.031675476774,18727.21745245787,22524.265453444954,18751.466589268548,21592.215581504144,18543.476449449183
2014-05-02,23133.295528034145,18896.378129766937,22222.74914825572,18726.136722979612,22475.629720999696,18710.977308324993,21590.969515774465,18542.40632348524
2014-05-05,23210.562494821548,18959.493470146586,22276.555612900014,18771.477072492056,22550.70003392504,18773.473395825604,21643.246294409557,18587.30181879992
2014-05-06,22885.058208668735,18693.60605836172,21974.10785894806,18516.6176059932,22234.449634758123,18510.19471949859,21349.396951462553,18334.942891108796
2014-05-07,22950.116219368043,18746.748541630255,22039.037354970133,18571.330846544668,22297.658084984647,18562.815798087453,21412.48054026314,18389.119315888125
2014-05-08,22726.20130903809,18563.84417293103,21781.90591735747,18354.657453689993,22080.10894737087,18381.705990359405,21162.659197547855,18174.5718014043
2014-05-09,22799.21201571243,18623.482797232,21828.521736943247,18393.938561765026,22151.04399916276,18440.759470102526,21207.949756916307,18213.467505175926
2014-05-12,22966.115547291978,18759.81755507481,21949.75441223837,18496.09602381995,22313.202561307564,18575.75658539168,21325.735858858527,18314.62265524348
2014-05-13,23015.871873513108,18800.460893309224,21987.163318867366,18527.618869869206,22361.544344982252,18616.001153780162,21362.081252367523,18345.836216725205
2014-05-14,23134.610868954365,18897.452562908897,22137.19021373081,18654.039958754038,22476.907659888606,18712.041193335055,21507.84297122296,18471.016932461593
2014-05-15,22891.473888055098,18698.84669100298,21924.209929543205,18474.57080782276,22240.682916140377,18515.383930566204,21300.917590718607,18293.308632649016
2014-05-16,23022.19510218243,18805.626007799365,22076.248877081587,18602.687365312013,22367.68780370193,18621.11558741897,21448.634160779846,18420.168181998382
2014-05-19,22834.650026829277,18652.430253396185,21940.02202803909,18487.8949702086,22185.474523560322,18469.422905508505,21316.280160593622,18306.502065791858
2014-05-20,22944.04131062101,18741.786266685525,21979.636973870478,18521.276748806875,22291.755877598767,18557.90220635111,21354.768876913484,18339.556321014195
2014-05-21,23165.981483191772,18923.07757548329,22217.912472698416,18722.06106847051,22507.38642392173,18737.414785500827,21586.270344046487,18538.370657022915
2014-05-22,23168.477249527707,18925.11623635417,22246.135625591145,18745.843482441745,22509.81123517119,18739.433442545316,21613.691129372404,18561.91973122501
2014-05-23,23222.041632922883,18968.870177149005,22257.993818988132,18755.835862293494,22561.852809326392,18782.758089071136,21625.21220133512,18571.81407142399
2014-05-26,23243.506081094092,18986.40336123419,22292.770626454272,18785.140753738524,22582.70704768237,18800.119256945174,21659.000324705823,18600.831439633872
2014-05-27,23313.59056773011,19043.651709568298,22374.676519380362,18854.1592599152,22650.79907591462,18856.805917605947,21738.577681473507,18669.17277475814
2014-05-28,23341.863622203702,19066.74648772341,22439.747111759923,18908.99139618312,22678.26834410544,18879.674102398763,21801.798355345476,18723.466928715523
2014-05-29,23639.539369797938,19309.902223134523,22724.299474847332,19148.77120112413,22967.481358899528,19120.44413751054,22078.261062820355,18960.89414806965
2014-05-30,23792.586853919653,19434.91870114859,22901.78971176796,19298.334444690267,23116.17778634383,19244.234016338265,22250.705357139435,19108.98996058492
2014-06-02,23961.604790132275,19572.98060545081,23110.44688340293,19474.1606981479,23280.39064468493,19380.94133463354,22453.4305258061,19283.091102577084
2014-06-03,24006.68434694517,19609.803735576243,23170.439633847185,19524.713959569875,23324.18861639466,19417.40317641436,22511.7177193676,19333.148364974833
2014-06-04,23980.482073693125,19588.40047019928,23181.644567954954,19534.155866449815,23298.7312640341,19396.2099129436,22522.60410655663,19342.49763548843
2014-06-05,24153.579165517647,19729.794423184292,23324.527764938804,19654.557274227303,23466.907307529225,19536.216585624323,22661.425207954573,19461.717722688023
2014-06-06,24228.12704478494,19790.68868330818,23382.172050799923,19703.131587474167,23539.335841022235,19596.513389917945,22717.430706275456,19509.815456578868
2014-06-09,24048.130302114085,19643.658766731314,23181.91422597498,19534.383095444646,23364.456305013948,19450.92605507748,22522.866107290083,19342.722642709763
2014-06-10,24219.892178829836,19783.962052390118,23390.758399772978,19710.366927429088,23531.335085240382,19589.852755188593,22725.772955389606,19516.97981168637
2014-06-11,24172.438741901853,19745.199823867097,23347.516582482796,19673.928943211933,23485.230722340504,19551.470841144674,22683.760484356062,19480.899342581524
2014-06-12,24073.0478089385,19664.01257366879,23261.340412670248,19601.3120618618,23388.66540824309,19471.080150281858,22600.034241131183,19408.99492806784
2014-06-13,24219.323261929658,19783.497333956155,23377.912636535853,19699.54236575652,23530.78233609625,19589.392591143293,22713.292384586748,19506.2614502526
2014-06-16,24237.44523936199,19798.30022866718,23386.03387107955,19706.385774166978,23548.3891164304,19604.050247965122,22721.18273999989,19513.037717339652
2014-06-17,24326.368984066925,19870.937380715965,23490.799311322276,19794.667018973378,23634.784809156878,19675.974721993618,22822.969760937933,19600.452796097983
2014-06-18,24305.83216165715,19854.16192555573,23391.487329890413,19710.98116489132,23614.831836300196,19659.36385827191,22726.481168087492,19517.5880274313
2014-06-19,24501.47366782145,20013.971230454707,23631.647425872245,19913.35355197794,23804.91136754744,19817.60519967563,22959.81365062897,19717.974846401634
2014-06-20,24642.759995068885,20129.38063509392,23774.105719020255,20033.396911915763,23942.181011919893,19931.882273682368,23098.2219400132,19836.84040908171
2014-06-23,24679.479105883922,20159.374554538248,23800.75331238135,20055.851670923716,23977.856224219555,19961.581912628855,23124.111962294694,19859.07485818863
2014-06-24,24544.904548148646,20049.447643064257,23677.101097992494,19951.655369318672,23847.107539903653,19852.73354238531,23003.975108824678,19755.90087381342
2014-06-25,24675.25717648659,20155.9258814241,23819.82550712885,20071.922973536475,23973.754328915573,19958.167081947508,23142.641947690547,19874.988479766722
2014-06-26,24635.00017641698,20123.04204544995,23788.582053622325,20045.595484612484,23934.64180935524,19925.605882325985,23112.28672572077,19848.91930027055
2014-06-27,24709.51463613241,20183.90900689138,23850.47461441915,20097.7496329532,24007.03787348119,19985.87565584904,23172.419721984374,19900.56174501365
2014-06-30,24697.98736826588,20174.492985203284,23855.026615493047,20101.585404751924,23995.838318140562,19976.55201827167,23176.842312949946,19904.3598828706
2014-07-01,24987.90597102808,20405.179637990306,24135.050079838373,20331.438390704818,24286.95563348068,20214.85904714154,23458.023575415216,20141.805707400534
2014-07-02,24937.533968683023,20358.293511560125,24086.397311550012,20284.721703677016,24228.90863774192,20162.745501607158,23401.957767288786,20089.880492071086
2014-07-03,24962.927323699667,20403.12858598594,24110.92397239676,20329.394750893618,24284.427237721866,20224.86223402513,23455.581475704847,20151.772744330854
2014-07-04,24976.814449735153,20412.776480735625,24124.337120450065,20339.007779604133,24297.936907376257,20234.988397776964,23468.630050175496,20161.862313710244
2014-07-07,24869.19978346935,20334.436155670275,24020.395423108093,20260.95056467972,24190.244271546155,20151.654187894073,23364.6130449845,20078.829260631483
2014-07-08,24741.823422981302,20230.125688658823,23897.366512925266,20157.01705999248,24048.63810053991,20033.583301077782,23227.839999073818,19961.185063538236
2014-07-09,24821.66599497443,20278.554084087253,23974.483998311654,20205.270442490546,24141.90617574148,20100.152382878357,23317.924764736912,20027.513575086123
2014-07-10,24700.492651353503,20162.714915711844,23857.446391398,20089.84989943048,23985.609587413906,19958.89175414501,23166.962696494364,19886.76344017709
2014-07-11,24627.07044031066,20110.75134132574,23786.530135248086,20038.074113579278,23915.05660567186,19905.44292990811,23098.817741070674,19833.507771633565
2014-07-14,24622.823712194247,20177.283923339364,23782.428351133643,20104.36625685775,23961.299122365417,19990.122984746053,23143.481965897954,19917.881805994148
2014-07-15,24528.433721289555,20124.14627181958,23691.25996110682,20051.42063681088,23873.580621018726,19932.933045950555,23058.757362961136,19860.898542695068
2014-07-16,24748.94193384623,20299.2472510415,23904.242063698428,20225.888827454713,24063.825654563094,20087.9370504703,23242.509190458088,20015.34238697936
2014-07-17,24530.860402623115,20081.752584634218,23693.603817994277,20009.18015402879,23808.312651741642,19849.160120680554,22995.71703855297,19777.428359678008
2014-07-18,24695.477290634186,20226.20320140013,23852.60220868539,20153.10874801223,24004.842451641478,20019.393548793465,23185.539128603923,19947.046590799924
2014-07-21,24271.92083368814,19927.743102846533,23443.502049917217,19855.72723932271,23581.391721810094,19698.212174509652,22776.54109059055,19627.025915781902
2014-07-22,24528.463111294466,20124.570945593226,23691.28834800892,20051.84377587744,23857.670550378138,19919.90267874399,23043.390314994904,19847.91526519812
2014-07-23,24448.4488271373,20074.728341468715,23614.00501112288,20002.181295420614,23778.821718168212,19864.49804285377,22967.23265271777,19792.710852998774
2014-07-24,24403.839668014793,20068.683913771198,23570.918395914323,19996.15871137483,23780.00654115362,19885.663865564573,22968.377036803773,19813.800185735854
2014-07-25,24452.077232777625,20072.68887710045,23617.50957656909,20000.149201369535,23791.502550032517,19871.718341773136,22979.48067825534,19799.905058886834
2014-07-28,24387.780085022405,20019.9182762116,23555.4069384824,19947.569305487876,23748.880925333295,19836.126045281693,22938.31376165594,19764.441387389594
2014-07-29,24267.608030513384,19936.54971614326,23439.33644593552,19864.502026844788,23619.72050294442,19738.339055093344,22813.56168160388,19667.007784093523
2014-07-30,24342.578250261897,20004.470151696038,23511.747876097965,19932.177008168655,23726.164426344298,19831.469442766338,22916.372593858847,19759.801613107607
2014-07-31,23930.399009176173,19684.09568187694,23113.63662031656,19612.960323452262,23309.399077010225,19495.24446705449,22513.83175927942,19424.79170188485
2014-08-01,23936.93055228197,19689.46824250142,23099.86775181795,19601.276819207644,23315.761123462366,19500.565481572514,22500.42019648705,19413.220290300007
2014-08-04,24158.250379880403,19871.516216756827,23325.35201837098,19792.610361657647,23531.337647720287,19680.866871062695,22720.053087880577,19602.718160401288
2014-08-05,24124.63500609359,19843.86568599267,23360.514858217655,19822.44761289169,23498.594609050102,19653.48162868212,22754.303442919503,19632.2691501866
2014-08-06,24070.71611986229,19799.51437721465,23277.672149627193,19752.151848388585,23446.074932875275,19609.555831926224,22673.610524088665,19562.64780998714
2014-08-07,24086.63465983293,19812.608269371558,23300.24920511341,19771.309495484344,23461.580384581175,19622.52410153197,22695.601699133353,19581.621656780084
2014-08-08,24201.808800198123,19907.34546109816,23390.75253526222,19848.105641954375,23573.765722989003,19716.35237186421,22783.75644440757,19657.68101365871
2014-08-11,24262.297540511492,19957.100843427885,23456.053272484594,19903.516254713977,23632.684763609574,19765.63039472818,22847.362610573957,19712.560011687478
2014-08-12,24218.00158608846,19920.664935909223,23422.976462068535,19875.449093281393,23589.538300442393,19729.544057000046,22815.144151961256,19684.762129292376
2014-08-13,24643.2121816701,20270.424505115214,23859.892644787516,20246.192126803406,24003.714576312068,20075.948000055672,23240.722246495952,20051.94821860897
2014-08-14,24450.65068580448,20112.031872054198,23648.156049545396,20066.52410183081,23816.15009704658,19919.0749994032,23034.480270779608,19874.003945892095
2014-08-15,24598.13176275189,20233.343331540764,23798.52912406271,20194.122419337942,23959.804004579317,20039.222586080396,23180.95112503854,20000.378072908665
2014-08-18,24772.390777587294,20376.68114718414,23922.941567562426,20299.691973717752,24129.540953901276,20181.1852043011,23302.13503338343,20104.93478286318
2014-08-19,24899.169067032853,20480.963402522804,24047.69071495019,20405.54723649151,24253.029315439915,20284.466965837637,23423.6469080632,20209.77446009792
2014-08-20,25138.20190052217,20677.581317824162,24329.645260541103,20644.798350737674,24485.85919039078,20479.19851238693,23698.28466011725,20446.730176217858
2014-08-21,25242.55409864329,20763.416854943396,24408.47892504491,20711.69226100649,24587.503417719687,20564.210530667417,23775.072570594573,20512.98229989868
2014-08-22,25308.240819692484,20817.44786803538,24486.271781964817,20777.70299922486,24651.485551291506,20617.72316440736,23850.84668271456,20578.359724766364
2014-08-25,25577.510220438875,21038.93705617893,24790.793542573338,21036.103410486536,24913.767343441246,20837.087363386625,24147.46602470739,20834.281017710473
2014-08-26,25394.6254000314,20888.50403154431,24602.52358593159,20876.34788389549,24735.628427314445,20688.09760575648,23964.081722237508,20676.05820095673
2014-08-27,25362.65542410049,20862.206932823556,24591.96237477832,20867.386221188783,24704.488082350865,20662.05280572334,23953.79457725099,20667.182517301153
2014-08-28,25282.469386511642,20796.249418465177,24503.441988756065,20792.272692002934,24626.382894475108,20596.728095860482,23867.57131818929,20592.789634515182
2014-08-29,25499.578095042114,20974.833511043144,24729.810162772977,20984.35626969419,24837.857579205447,20773.59883644845,24088.065179418914,20783.030343947703
2014-09-01,25341.768288351697,20845.026091900592,24638.03014516523,20906.476796489867,24684.142949100173,20645.036779478876,23998.666877056217,20705.898053875324
2014-09-02,25551.729038770307,21017.730587930677,24811.197489250007,21053.417077010978,24888.65516804401,20816.084333799667,24167.340483679378,20851.428575258476
2014-09-03,25544.810372375086,21012.039596683007,24818.52722214489,21059.636685063593,24881.91604012808,20810.447940266666,24174.480008105875,20857.588511795177
2014-09-04,25505.875450980922,20980.013439584865,24776.37229691435,21023.86633487742,24843.991484738846,20778.729041114664,24133.419014111045,20822.161345777866
2014-09-05,25660.90621732073,21107.53494213471,24940.482686694053,21163.121382288973,24994.9991576401,20905.027084658588,24293.27069674079,20960.08036691467
2014-09-08,25669.89963019449,21114.932528754383,24959.187925330596,21178.9936186335,25003.759181105605,20912.353691339133,24311.49052958657,20975.800323502088
2014-09-09,25435.11135764985,20921.80600295015,24784.677880109906,21030.913995803883,24775.06372053156,20721.080038266115,24141.509065269984,20829.141390769764
2014-09-10,25609.139233633785,21064.95369392129,25005.35346842476,21218.1671584745,24944.575539473775,20862.854364554645,24356.45806487196,21014.59802864643
2014-09-11,25660.489253881788,21107.191966314505,25076.60631111744,21278.6284004513,24994.59301937708,20904.68740345536,24425.861877829,21074.4791996715
2014-09-12,25595.757522210315,21053.94648556066,24959.785678981963,21179.500839493634,24931.541099617232,20851.952771139262,24312.072771375755,20976.30267803667
2014-09-15,24932.763680457614,20508.596856724504,24434.062265736524,20733.4008763217,24285.752108758785,20311.835275646423,23799.992016964385,20534.48264067741
2014-09-16,25555.691154790464,21020.989650632197,24938.70338454999,21161.611564386734,24892.514461923554,20819.312125189885,24291.537567948533,20958.585034350126
2014-09-17,25531.097147901222,21000.759700240527,24925.011501142817,21149.99338545499,24868.558672865838,20799.276260578434,24278.200992464528,20947.078321340843
2014-09-18,25907.74863305987,21310.576676954577,25308.222597567248,21475.165237601897,25235.43594102632,21106.120808932665,24651.467661613646,21269.1304435652
2014-09-19,25848.46266983744,21261.810646258014,25249.295351909463,21425.162819114426,25177.688449105583,21057.822632363004,24594.06959325382,21219.60775307425
2014-09-22,25314.78640608888,20822.831980054198,24792.166985231444,21037.26883835937,24657.861226276233,20623.05557739918,24148.803826172545,20835.43526435656
2014-09-23,25610.975071523706,21066.463773576364,25011.502655541644,21223.385020333542,24946.36372288427,20864.3499446262,24362.447678989378,21019.765829838583
2014-09-24,25779.545005648608,21205.122001177577,25137.050418101662,21329.917944002656,25110.55921950707,21001.677867000995,24484.737444570692,21125.276666425085
2014-09-25,25412.807837539323,20903.460106430415,24816.815153260664,21058.183917606482,24753.33898925304,20702.91015984683,24172.812367852937,20856.149682328316
2014-09-26,25934.635885558735,21332.692950511388,25348.981289166906,21509.750820749698,25261.625452778706,21128.024888587337,24691.168654602196,21303.384209312677
2014-09-29,25688.17131605277,21129.962015415495,25147.23134647518,21338.55691966563,25021.556701474765,20927.23897471164,24494.654175214157,21133.83275892735
2014-09-30,26064.698373584055,21439.676643425646,25351.615135733744,21511.98575803205,25388.31278297034,21233.982166370628,24693.734152167966,21305.597704392483
2014-10-01,25696.683109223763,21136.963442810753,24984.03865004716,21200.080576340817,25029.847616425468,20934.17323386116,24335.696371555772,20996.68497091563
2014-10-02,25521.644569786145,20992.98442445068,24748.984314323527,21000.62639973795,24859.351379558997,20791.575571542915,24106.74175676705,20799.144376804048
2014-10-03,25864.473438970796,21274.980402075318,25072.464461059957,21275.113854377152,25193.28376280684,21070.866059700704,24421.827509854018,21070.998372489314
2014-10-06,25562.886820028136,21026.908488967445,24655.592011092056,20921.378829661306,24899.523425868414,20825.17420104668,24015.77300801045,20720.6571155119
2014-10-07,25414.33306162575,20904.714688806667,24610.788698859873,20883.361203979817,24754.824669251462,20704.1527356281,23972.1323533431,20683.004234575816
2014-10-08,25875.41826041244,21283.983131716213,25020.875786749762,21231.33854376696,25203.94457804921,21079.782428530347,24371.577575013256,21027.6430464057
2014-10-09,25664.123030747684,21110.180951641807,24953.02411600645,21173.76334917388,24998.132511380576,20907.647722666905,24305.486672711962,20970.620233749076
2014-10-10,25236.930728801606,20758.79131777722,24545.65850498437,20828.095304921073,24582.025964507648,20559.629361969204,23908.692304879525,20628.268561850782
2014-10-13,24723.811045376802,20336.721592115093,24084.821386904277,20437.05428178176,24082.221862219714,20141.609012000165,23459.81402945632,20240.979223775168
2014-10-14,25054.4665926831,20608.704329570697,24358.718713912273,20669.46848364671,24404.296809827454,20410.9823158585,23726.603649837998,20471.163621506712
2014-10-15,24801.0485338997,20400.25375945295,24194.801723140445,20530.377543992425,24157.455011787486,20204.531639821005,23566.94034746175,20333.407133661618
2014-10-16,24335.17462332881,20017.04633245388,23645.716011902034,20064.453620137556,23703.670623912156,19825.000724084635,23032.103552745517,19871.95332859867
2014-10-17,24638.82102391586,20266.812531518135,23914.51331290757,20292.540220540308,23999.437320407716,20072.370638441676,23293.92549412136,20097.851644291317
2014-10-20,24694.501076604047,20312.612498508486,23928.60304025008,20304.495987946204,24053.67246583761,20117.73119944837,23307.649589387463,20109.692706918562
2014-10-21,25024.488590684174,20584.045741158854,24206.61098400197,20540.39823301385,24375.09672515538,20386.560288192322,23578.443154943117,20343.331683231925
2014-10-22,24860.464321953088,20449.126578356154,24084.187986107438,20436.51681271528,24215.328939147712,20252.93556299503,23459.197065574324,20240.44691123844
2014-10-23,25128.901708903904,20669.93138847682,24314.91696734715,20632.300731484138,24476.8003075179,20471.62194914643,23683.93856994906,20434.35246032153
2014-10-24,25531.390664359027,21001.001133993366,24725.772651114115,20980.930259444413,24868.84456896221,20799.515375034905,24084.13244223407,20779.637203168688
2014-10-27,25215.142446526566,20740.86923328205,24483.151405921017,20775.055219797207,24560.803063601506,20541.879198608138,23847.807281237856,20575.73734838836
2014-10-28,25921.65272403521,21322.01357180214,25134.052263431393,21327.373874907964,25248.979202122275,21117.447964346426,24481.817092791196,21122.75700537318
2014-10-29,25975.921179066216,21366.652420528746,25187.150631658118,21372.430228712346,25301.83937615236,21161.6585427437,24533.53754460006,21167.38108419977
2014-10-30,26118.54847549265,21483.97137323943,25346.45476647035,21507.606952598704,25440.765456876732,21277.851924547467,24688.707695824458,21301.260909638255
2014-10-31,26417.25162499651,21729.671470971076,25647.33093432814,21762.913914432665,25731.717176724003,21521.194744660184,24981.77604914333,21554.11843200502
2014-11-03,26148.626479583174,21508.71221898173,25379.51297996859,21535.65833371003,25470.062923047957,21302.35539902084,24720.90803304356,21329.043157009528
2014-11-04,26717.753436202533,21976.851068857788,25918.910470642244,21993.361366639652,26024.420888856115,21766.002875731134,25246.307997307355,21782.354924420935
2014-11-05,26789.294115427227,22035.697290956527,25971.618096125534,22038.086157650625,26094.10506918543,21824.284521110236,25297.647826302935,21826.650604290644
2014-11-06,26998.05690894617,22207.41640023118,26150.025410912258,22189.47278900616,26297.450415750118,21994.35614026349,25471.425393353362,21976.58479046149
2014-11-07,26863.151622882444,22096.44923424907,26010.208251502085,22070.83164027238,26166.045956237424,21884.453604646955,25335.236491020176,21859.081866560493
2014-11-10,26442.747678528776,21750.643405331513,25604.2022966245,21726.317325415494,25756.5516015595,21541.96547245832,24939.76651502622,21517.87287156719
2014-11-11,27029.09012676184,22232.942962849957,26140.530739186153,22181.416132976334,26327.678313057604,22019.63779792389,25462.177099271405,21968.6054207984
2014-11-12,26995.165319875305,22205.037906002064,26094.031221029396,22141.959200272522,26294.63386320227,21992.000464757097,25416.884263334832,21929.52704830888
2014-11-13,27178.42039404693,22355.775485128954,26319.481749574927,22333.26411450563,26473.13342205329,22141.29185256015,25636.484261765472,22118.996538569736
2014-11-14,26848.9031090896,22084.72903231196,25985.74747677019,22050.075572666996,26152.167195381666,21872.845847840836,25311.41050440123,21838.524955941568
2014-11-17,26907.790871125533,22133.167520193525,26020.3204280943,22079.412276956464,26209.52680481177,21920.819611758132,25345.086278787232,21867.580201172234
2014-11-18,26953.679060885042,22170.913130600937,26112.39969971857,22157.545680654253,26254.224183512175,21958.203086206442,25434.776028679502,21944.963950330497
2014-11-19,26871.656224091974,22103.44474585254,26049.384205512877,22104.074199384508,26174.329859690475,21891.3819996015,25373.395781467694,21892.00546110273
2014-11-20,26925.214766537283,22147.499651651273,26105.620537588213,22151.79325666001,26226.498544887523,21935.014238600073,25428.172710365296,21939.266649037403
2014-11-21,26917.515247848256,22141.166365586087,26181.09071710303,22215.833098626154,26218.998829204265,21928.741713504278,25501.684417802702,22002.692085448645
2014-11-24,27026.77677908036,22231.040104602995,26290.03100616101,22308.273834024814,26325.424994874753,22017.753193833847,25607.797693193977,22094.245948572396
2014-11-25,27217.837467436446,22388.198239292033,26470.28465394128,22461.227161973413,26511.527608973323,22173.40353667721,25783.37372275576,22245.731836827556
2014-11-26,27087.88981214339,22281.309002742186,26324.272095900742,22337.328938832805,26384.952128872857,22067.539806774053,25641.150221968317,22123.022299532993
2014-11-27,27146.1645754626,22329.243264789977,26445.362614098478,22440.079690173723,26441.71464714807,22115.0141825263,25759.098351132136,22224.787199667768
2014-11-28,27147.23071548172,22330.120224766222,26478.2247112337,22467.964657729717,26442.753120413614,22115.882728734523,25791.107637082307,22252.404609212095
2014-12-01,26821.75693015953,21990.837888594113,26160.77177779463,22126.58792256766,26031.226542223998,21724.444698087187,25389.722568542875,21858.550222107733
2014-12-02,27224.837842090914,22323.96187260493,26553.919317401374,22461.76828989484,26484.286701966383,22104.288025696616,25831.61768032565,22240.738331791123
2014-12-03,27375.74490043146,22415.55633842444,26701.107479727394,22553.928170816303,26621.318174980894,22197.436598721913,25965.272200113788,22334.461913216903
2014-12-04,27364.459164680495,22407.665229144084,26690.099865345746,22545.98834950604,26605.066224866496,22184.776460428893,25949.420757081203,22321.723623583148
2014-12-05,27283.216044516754,22387.85784311524,26610.85886966251,22526.058691950297,26589.28755244559,22202.45576411288,25934.030928460685,22339.512062037564
2014-12-08,27209.688602454265,22302.64467332521,26539.143409850894,22440.319498970402,26499.731537372336,22111.226781102283,25846.681898887837,22247.7199203022
2014-12-09,27336.995182414114,22301.017499358008,26663.31269498807,22438.682280414523,26537.690317090117,22072.85570602495,25883.70523639795,22209.111979647772
2014-12-10,26956.44575577886,22012.399141925125,26292.14138334364,22148.28227409562,26149.03007200211,21763.98798354254,25504.622991456476,21898.337609223276
2014-12-11,26822.970652297317,21924.331926032915,26161.95558942677,22059.671416910165,26009.825072920947,21661.92101350267,25368.848509178737,21795.64057730184
2014-12-12,26602.51680482963,21747.153376512917,25946.93452253111,21881.399139436802,25745.329442699356,21443.62488553558,25110.871011997602,21575.996902042312
2014-12-15,26427.39555692697,21645.957793599977,25776.128895899226,21779.578873467766,25605.86732023507,21355.050166984132,24974.845742790832,21486.875409604974
2014-12-16,26316.094061890133,21575.285668057062,25667.570272473928,21708.470486992363,25521.514131779855,21298.178069561935,24892.571323290238,21429.652239346033
2014-12-17,26539.887593967727,21757.87521298442,25885.848722065177,21892.187162093334,25771.982282967077,21506.614075887974,25136.867029471596,21639.374926194476
2014-12-18,26998.594387507073,22132.937503672892,26333.251320260126,22269.56472239368,26276.744060723795,21927.18086770312,25629.189643608108,22062.53788701582
2014-12-19,26764.54678676114,21946.613975835615,26104.97149935958,22082.091014405825,26045.882041705852,21738.195028608516,25404.01690328519,21872.385433752872
2014-12-22,26857.812508147163,22067.586425506863,26195.93881586403,22203.81023026379,26189.09785583105,21887.106670154055,25543.703359556035,22022.21631047334
2014-12-23,26917.02334528805,22118.972825002853,26253.69048370772,22255.513839386473,26215.92535652107,21911.336468777085,25569.869733185114,22046.595680230934
2014-12-24,26892.78221562999,22113.055614665158,26230.046743207364,22249.560101950152,26204.353019410188,21910.91188531454,25558.582580494156,22046.168475804374
2014-12-25,26896.875487749763,22115.91651393207,26234.03914228952,22252.438661625212,26208.341507725414,21913.913381835722,25562.472777970146,22049.188500636377
2014-12-26,26847.33181193777,22016.431433162936,26185.716401936395,22152.33945677574,26127.89421194788,21807.840447878065,25484.007995764514,21942.460775884734
2014-12-29,26662.144224674797,21897.170076586608,26005.092506973742,22032.341896636408,25963.10585489532,21691.82844981772,25323.280622380706,21825.732632946634
2014-12-30,26847.69035908242,21992.75775253062,26186.066113181903,22128.51963787591,26100.830291038143,21769.384970279956,25457.611028168667,21903.76791169072
2014-12-31,26585.19404899177,21830.534628565063,25930.038662084058,21965.295106201324,25858.387179560843,21602.02142271289,25221.142595569905,21735.371224885326
2015-01-02,26535.796383856716,21781.666980584967,25881.85833417642,21916.125796915414,25813.304104847455,21558.880729312492,25177.170531570035,21691.964222938244
2015-01-05,26539.94519722778,21712.15797726888,25885.90490577244,21846.187712651637,25752.69971708834,21460.152370271077,25118.05965605503,21592.626411341927
2015-01-06,26417.06003347454,21588.194162591397,25766.04807714648,21721.45866601077,25570.738458050768,21293.08084136085,24940.582583367235,21424.523545831635
2015-01-07,26451.36550547162,21647.828099296916,25799.508138170146,21781.460724612087,25670.855405956463,21397.22771362213,25038.23228602768,21529.313319261335
2015-01-08,26722.243839757793,21876.995341919086,26063.71105005477,22012.042622788955,25987.32191752635,21665.9385808449,25346.89991326994,21799.682945184715
2015-01-09,26731.321316035283,21863.788291831308,26072.56482446754,21998.75404522564,25986.573061158244,21651.68791798923,25346.16951144277,21785.34431264161
2015-01-12,26697.94395100319,21801.474331171037,26040.009998494646,21936.055418809585,25912.617179175133,21566.9523747399,25274.036171017287,21700.085694828642
2015-01-13,26840.10422998903,21903.71280453839,26178.666933761786,22038.925013023872,26035.21722434044,21659.858312008295,25393.614905756847,21793.56514270111
2015-01-14,26679.84215056865,21775.66258515944,26022.35429192895,21910.084336195363,25872.433951726198,21526.23580297048,25234.843204247845,21659.117778674157
2015-01-15,26677.90070671077,21701.248462463212,26020.46069227336,21835.210853117544,25797.108228643276,21415.566835552512,25161.373780582846,21547.765649036177
2015-01-16,26922.868023105275,21871.526831172912,26259.39112751302,22006.540354778812,26031.06134100748,21590.710791457164,25389.56143848438,21723.99077282853
2015-01-19,26785.372184413125,21776.583107712,26125.283683851223,21911.010541158408,25898.119983940436,21491.472864906584,25259.896239330476,21624.14024815046
2015-01-20,26988.863360777115,21895.52761455302,26323.760101243082,22030.689295640488,26046.84174203276,21584.298701784435,25404.952953110183,21717.539101170736
2015-01-21,27034.740922961955,21919.796782068424,26368.50707427562,22055.108277379957,26103.778526007583,21622.96977272916,25460.48660791976,21756.44888957432
2015-01-22,27229.977866311943,22074.156056397638,26558.93267282506,22210.420415662804,26304.469699681034,21786.621103429028,25656.232022115244,21921.110443907757
2015-01-23,27077.22291671615,21972.661854136622,26409.942157971407,22108.299686960414,26141.521158205356,21666.35706059486,25497.299124569854,21800.104008220318
2015-01-26,27144.848438850237,22041.14672478965,26475.90114251931,22177.20731656265,26206.659219605917,21729.289691248086,25560.831947540388,21863.42512352892
2015-01-27,26654.28798152928,21633.667477214687,25997.429870089214,21767.212688628733,25616.478007685993,21233.92464298574,24985.194944362396,21365.002174809193
2015-01-28,26428.285875961254,21468.183589496595,25776.997274250647,21600.707264419238,25374.849764226798,21045.379411066016,24749.521298473977,21175.2930485999
2015-01-29,26397.27604485085,21518.379225243574,25746.75163759606,21651.212759176247,25428.4636121851,21139.112846952252,24801.813906480184,21269.605103259248
2015-01-30,26461.900187322317,21487.215418549964,25809.783207337518,21619.856577465427,25364.907570622974,21031.36698079419,24739.82411663299,21161.194119256153
2015-02-02,26638.434245401982,21641.568753401953,25981.966827391025,21775.162739606498,25534.123312295334,21182.445730029376,24904.869767798238,21313.205481274596
2015-02-03,26631.189970318213,21690.98684742282,25974.90107746064,21824.885892851406,25527.179352616884,21230.815425711164,24898.096932508397,21361.873764260974
2015-02-04,26651.504951862575,21694.536175380978,25994.715424344624,21828.45713090655,25546.65216543546,21234.289455145376,24917.08986448918,21365.36923896314
2015-02-05,26938.33732111971,21934.351135809127,26274.47920604464,22069.7524755379,25821.59374117142,21469.016772855182,25185.25588114502,21601.545534098186
2015-02-06,26700.310090562936,21811.82215434137,26042.317827813134,21946.46711937077,25593.434060285897,21349.087227549528,24962.7188835274,21480.87566080062
2015-02-09,26728.5597181496,21813.5739517312,26069.871282347336,21948.22973065302,25620.512584033924,21350.80186078905,24989.130094094562,21482.600878512716
2015-02-10,26905.244323427756,21982.926162725886,26242.201739571563,22118.62735740278,25789.872631887913,21516.56128699014,25154.316495212966,21649.383541672032
2015-02-11,26846.17627682832,21968.399318729647,26184.58934339365,22104.010838807695,25733.25328362623,21502.342628071045,25099.09245334755,21635.07711062657
2015-02-12,27253.77747653624,22293.80834879851,26582.14577452826,22431.428627574656,26123.95715156764,21820.848148536683,25480.167958852395,21955.548773394996
2015-02-13,27339.79283048631,22349.408407590698,26666.041398887744,22487.371907025747,26206.406691742508,21875.268659423487,25560.585642880775,22010.305223415406
2015-02-16,27284.47957054367,22310.97410606521,26612.09125783572,22448.700349522824,26153.386473392995,21837.649736529682,25508.87203529359,21972.454077998176
2015-02-17,27191.740872939434,22281.600303239848,26521.637977339902,22419.145221422288,26064.49230947054,21808.899095052504,25422.168546455185,21943.525958113845
2015-02-18,27162.90705739544,22283.350554134075,26493.514731353684,22420.906276662383,26036.85381559805,21810.612214605128,25395.211165461376,21945.24965279502
2015-02-19,27226.737290424255,22317.471716838514,26555.771956454122,22455.238070222258,26098.037931233208,21844.009501348428,25454.88748225185,21978.8531017994
2015-02-20,27395.318160872128,22463.040835668697,26720.198384199794,22601.705791139673,26259.630189038417,21986.490390544775,25612.49751988276,22122.213528980446
2015-02-23,27279.926615348162,22382.886445083976,26607.650503932295,22521.056605345235,26149.022263457584,21908.036464772063,25504.615375342848,22043.27530522114
2015-02-24,27283.40042153016,22392.15871903474,26611.03870295909,22530.386117292575,26152.35206109498,21917.11202865535,25507.863114671833,22052.406892780393
2015-02-25,27279.445543500315,22379.478127952618,26607.181287435666,22517.627248580517,26148.561134707605,21904.700454638583,25504.1656104802,22039.918701816194
2015-02-26,27355.87711379459,22423.75523303209,26681.729307250087,22562.17767742097,26221.82419224573,21948.038226780514,25575.62320017153,22083.523999076657
2015-02-27,27082.348341469864,22204.282717042675,26414.941273711487,22341.350351685207,25959.634705519205,21733.221791236858,25319.895014733265,21867.381496466285
2015-03-02,27446.373231564965,22502.739537470432,26774.027683962722,22645.060104995766,26308.5687416003,22025.346887860407,25664.09529572451,22164.64808668108
2015-03-03,27099.013361654375,22217.946038073645,26398.07245386853,22327.082963761615,25975.60886642777,21746.59524528939,25303.725501312045,21853.416789330324
2015-03-04,26975.18772427061,22116.423842678316,26289.915115590116,22235.605153436572,25856.91649048759,21647.226831191936,25200.051886371704,21763.879668907863
2015-03-05,26917.95458752006,22069.49952381316,26183.147554208306,22145.30279499824,25802.055984069775,21601.298004878194,25097.71043434444,21675.49306331253
2015-03-06,26905.394468426526,22059.201730143413,26159.964634773274,22125.69503892163,25790.016550309505,21591.21867644692,25075.48857588382,21656.301283242505
2015-03-09,26932.41969366614,22081.35917875703,26151.23342981101,22118.310320287088,25815.921429328788,21612.906057166558,25067.1193279379,21649.07323045771
2015-03-10,26289.79471700013,21554.48364776493,25438.740904204176,21515.695119571832,25199.93682128501,21097.208118483417,24384.163581028817,21059.242433206186
2015-03-11,26429.497842649598,21510.673529135125,25681.291338918338,21471.617575875913,25333.8484737806,21054.32742292393,24616.6589509448,21016.099988893144
2015-03-12,26909.024881163292,21815.668441794776,26109.097361705124,21751.79390017871,25793.496454770564,21352.851912408012,25026.730034252952,21290.33240874975
2015-03-13,26642.00662798751,21633.53832965005,25875.5803729673,21604.19066000561,25537.547587631165,21174.58566701061,24802.893623725602,21145.860552207014
2015-03-16,26441.45856991971,21754.093365329783,25593.62489871304,21703.12587103617,25345.313359557855,21292.583143899716,24532.62677236402,21242.69686554451
2015-03-17,26284.907754870288,21711.971015000123,25379.493970987394,21673.89925276189,25195.252442453046,21251.354412578698,24327.372762777533,21214.090286193004
2015-03-18,26703.42400401395,21833.9197396838,25912.155352380174,21788.539522680272,25596.41887140095,21370.716012941364,24837.952366779544,21326.29847762733
2015-03-19,26252.485910039362,21673.17136497679,25445.2397018078,21655.401460548048,25164.174671679517,21213.377894477053,24390.392967319738,21195.984922246113
2015-03-20,26083.79767731013,21739.555981402915,25291.600150573824,21713.50492154837,25002.479512227757,21278.35417162548,24243.122630162998,21252.85572584386
2015-03-23,25634.1385631826,21680.3943634137,24879.937404266446,21655.9573095467,24571.461258930893,21220.447657124045,23848.52559472105,21196.528978980226
2015-03-24,25791.308528847436,21633.889969342796,25091.04499431584,21611.752660279682,24722.115647111135,21174.929841268782,24050.881600796434,21153.26212562431
2015-03-25,25300.304964710223,21305.99183240322,24683.498080738183,21330.356344941818,24251.466908143433,20853.98802106845,23660.229773921674,20877.835596684494
2015-03-26,25029.72494048057,21256.136865820798,24382.81414041756,21297.223178448123,23992.10392895034,20805.190720600887,23372.01085559641,20845.405346028274
2015-03-27,25113.12805605092,21278.939391534197,24389.508881144553,21320.99439523523,24072.049522800848,20827.50949357718,23378.428062078223,20868.672259528856
2015-03-30,25486.674677211344,21511.163290751447,24746.832133023774,21533.777749870562,24430.110566528303,21054.806795226938,23720.938277420213,21076.941442844258
2015-03-31,25410.27589578405,21408.914056519385,24766.1122966198,21426.062655607995,24356.878938846028,20954.726765314535,23739.419170981924,20971.511510360804
2015-04-01,25458.101376992217,21381.853895462034,24812.72537721362,21398.98081928715,24322.267009196974,20880.998982931396,23705.684672061994,20897.724671992637
2015-04-02,25380.478349250392,21344.593344091885,24737.070133258687,21361.69042211279,24278.991316089654,20862.032517602936,23663.506040671295,20878.74301451739
2015-04-03,25394.5602761011,21354.659626070283,24750.795076001057,21371.764767210767,24292.462101589343,20872.449967213015,23676.635334631424,20889.16880850903
2015-04-06,25312.018719956723,21276.686606028063,24670.345990875285,21293.729290564865,24218.022835510852,20802.911121400328,23604.08314333244,20819.574262051286
2015-04-07,25431.587714223646,21378.772493072775,24786.883849470505,21395.8969486861,24350.60066367158,20917.82267897281,23733.300053404862,20934.57786383023
2015-04-08,25795.599142809457,21677.88047375704,25141.667400604827,21695.2445156862,24726.661987683496,21236.372559617117,24099.82802388614,21253.382903064336
2015-04-09,25789.618658487194,21700.711541994355,25135.83852464454,21718.09387167202,24729.213088669498,21256.756587609805,24102.314453112405,21273.783258672112
2015-04-10,26001.069360007004,21847.83053097875,25341.928841826317,21865.330703371543,24917.877275884308,21398.81118954742,24286.195903362663,21415.951646406258
2015-04-13,25988.960995321984,21854.081036686846,25330.127430430883,21871.586215751915,24930.92227679942,21420.73868758481,24298.910206602715,21437.896708378896
2015-04-14,25958.986099519825,21843.53287621975,25300.91241369669,21861.02960617925,24924.03370433439,21424.398029042168,24292.196263094287,21441.558980970316
2015-04-15,25965.356969787917,21836.25366788887,25307.121779117748,21853.744567182464,24906.442122906374,21401.011502744725,24275.050637562847,21418.153722055366
2015-04-16,26322.092071145646,22146.908846540744,25654.813461671947,22164.648581487538,25264.58147639801,21715.70297930525,24624.110968958703,21733.097266622382
2015-04-17,26084.111522325624,21938.541808962545,25422.865842501637,21956.114641338692,24983.738158255943,21468.991751775946,24350.387177520428,21486.188423294952
2015-04-20,26190.98983324961,22060.504947009747,25527.03473312181,22078.17547219518,25114.63051081398,21602.393102756345,24477.96133968845,21619.696628814196
2015-04-21,26362.32296689187,22172.76733158798,25694.024483462144,22190.52777925247,25267.045775720006,21712.570114420356,24626.51279698907,21729.96189231138
2015-04-22,26238.055212728457,22114.7180124951,25572.906980957167,22132.431962495215,25216.007802885855,21699.048686874445,24576.768663769497,21716.42963409626
2015-04-23,26472.005035942442,22288.05073936883,25800.92605549438,22305.90352936028,25457.58083463253,21891.326520241106,24812.217691349662,21908.861482089178
2015-04-24,26719.36440755871,22545.58518160216,26042.014739465976,22563.64425739071,25759.1486050915,22182.91129876076,25106.140559273696,22200.67982014037
2015-04-27,26985.12950810221,22672.947084806623,26301.042557643854,22691.108177830214,25986.28677040463,22314.96171636783,25327.520651921623,22332.83601018808
2015-04-28,26974.865255312237,22633.55428359688,26291.038508955837,22651.68382287827,25938.339110249835,22253.59943636445,25280.788490319956,22271.424578972335
2015-04-29,26842.825726718474,22531.290116066702,26162.346250510564,22549.33774146841,25825.802717916667,22162.637649714983,25171.10495507331,22180.389931893093
2015-04-30,26548.829550987284,22336.63932853847,25875.803029461025,22354.531038123583,25578.552660180132,21984.63815374646,24930.12281711573,22002.24785825264
2015-05-01,26731.631147714314,22494.885126288536,26053.970511432133,22512.903591193233,25801.244619594978,22178.958843397846,25147.169417537305,22196.72419885904
2015-05-04,26922.180283138987,22611.221917370156,26239.689127999154,22629.333568364735,25969.211057378074,22294.414994716164,25310.877817254728,22312.27283060364
2015-05-05,26968.17446632514,22620.331640948174,26284.517334920296,22638.450588856416,25974.78389236489,22279.795263868033,25316.309377926147,22297.641389344888
2015-05-06,26866.349402611875,22535.219021976718,26185.273589087865,22553.269794442884,25856.972628711068,22178.937410955125,25201.484692137667,22196.702749248925
2015-05-07,26779.737991556023,22487.426115263363,26100.857821971626,22505.438605479696,25810.361176097016,22155.264814638133,25156.054864508616,22173.01119117222
2015-05-08,27271.00830811292,22856.160751305095,26579.674182633913,22874.468598979864,26298.715654567037,22545.697039143753,25632.029298570294,22563.756152055626
2015-05-11,27189.71073917029,22799.435483004494,26500.43754899274,22817.697893583212,26218.92449456037,22484.796794184018,25554.260886685795,22502.807125973788
2015-05-12,27383.580626753814,22917.26697066131,26689.392734938727,22935.623764585976,26375.086750912596,22589.30677441368,25706.464347216992,22607.400818742037
2015-05-13,27524.269330000276,22965.74400000195,26826.514906998487,22984.139624160558,26478.510860486786,22632.369875951856,25807.266600893734,22650.49841384285
2015-05-14,27615.955433852258,23039.63236269545,26915.87672083123,23058.087171635965,26575.311769622294,22713.393346209337,25901.613555767126,22731.58678393445
2015-05-15,27616.642789794674,23045.49284992578,26916.54665194601,23063.952353132696,26561.332021647904,22704.919912910547,25887.988201800305,22723.106563411988
2015-05-18,27716.09909020448,23121.06730257632,27013.4816838464,23139.58734112783,26659.481600485145,22783.945900040817,25983.649636884937,22802.195850391538
2015-05-19,27459.650136241336,22974.727537365878,26763.53384312832,22993.130357362643,26475.74095612335,22671.32072626032,25804.566915071417,22689.48046379897
2015-05-20,27576.359280336466,23055.70358811201,26877.284350228558,23074.171270148316,26577.04794533597,22747.10305769636,25903.305718507883,22765.3234969147
2015-05-21,27688.441990777166,23155.804402640868,26986.52570615356,23174.35226570514,26690.297410376188,22848.236803074455,26013.684249691178,22866.538250465834
2015-05-22,27469.26031730987,22991.4227390872,26772.900401150368,23009.8389319865,26472.332460875306,22674.093415382933,25801.24482698128,22692.255373846747
2015-05-25,27591.074237323377,23078.0859401875,26891.626275466693,23096.571550549423,26589.725450410155,22764.587959203818,25915.661842121008,22782.8224038357
2015-05-26,27340.220729541954,22912.123504837873,26647.13203348381,22930.476178832254,26352.140021897063,22590.023647165013,25684.099329922683,22608.11826570875
2015-05-27,27639.30487069888,23152.62407501054,26938.634237411454,23171.169390623625,26673.1162102759,22858.50924773301,25996.93860210368,22876.818923356925
2015-05-28,27639.639602064846,23139.959500368983,26938.960483164654,23158.49467162292,26659.133090072726,22838.0055477244,25983.309961395862,22856.29879987589
2015-05-29,27500.43268283446,23023.62948984797,26803.28253113194,23042.071480443272,26493.940519995675,22696.631483266363,25822.30511037053,22714.81149473213
2015-06-01,27637.94009085697,23138.877611614425,26937.30405544241,23157.41191627249,26647.200967684294,22828.008034450486,25971.680324623034,22846.293278589597
2015-06-02,27581.018226330416,23084.71450318781,26881.825189538733,23103.205423046937,26572.47575315863,22759.71283904799,25898.849433821295,22777.94337870655
2015-06-03,27612.060860327718,23134.587263846082,26912.080876754142,23153.118131923773,26632.741221279775,22827.03402382949,25957.58714044025,22845.318487785673
2015-06-04,27393.84016064366,22983.930684225368,26699.392184353164,23002.34087596809,26428.63078263747,22673.25707699478,25758.651009408502,22691.418365551184
2015-06-05,27428.269920147413,23029.070669885372,26732.949131696547,23047.51701888086,26482.21990405008,22729.920191907084,25810.88161824031,22748.12686764262
2015-06-08,27421.62868260102,22987.85729395077,26726.476252947134,23006.27063091869,26430.266619731723,22661.878642969583,25760.245377166928,22680.03081739549
2015-06-09,27441.786781216382,23008.323236421176,26746.12333336617,23026.752966665357,26423.706464548886,22658.59822434731,25753.85152538883,22676.747771156508
2015-06-10,27816.347495195278,23301.931243552233,27111.188740068133,23320.596154618295,26795.708612936436,22964.174910029138,26116.423222495447,22982.569223893457
2015-06-11,27676.175994099274,23213.202257724653,26974.57065881757,23231.796096628834,26685.802504375624,22888.836115689373,26009.303291935896,22907.170083147405
2015-06-12,27616.103718534203,23154.982182225274,26916.021246420012,23173.52938668873,26614.084456068762,22822.172149204172,25939.40333409828,22840.452718796707
2015-06-15,27606.516064367537,23119.708107683826,26906.676644231247,23138.227057516484,26593.31718475792,22786.467910120533,25919.16252410274,22804.719880602384
2015-06-16,27628.695309037066,23162.756895420294,26928.293633609585,23181.31032745042,26645.494240715692,22847.256794414214,25970.016864086083,22865.55745681822
2015-06-17,27572.35607799872,23129.030766299147,26873.3826311347,23147.557183607016,26609.161302214343,22824.984600147658,25934.604984798814,22843.26742251459
2015-06-18,27897.279930318837,23332.622448656675,27190.06949622086,23351.31194346251,26902.000248071883,23030.802245893523,26220.020308443316,23049.249928282185
2015-06-19,27710.941257652714,23177.08540592081,27008.45460500994,23195.65031512729,26712.899254147134,22869.11832589131,26035.713124764323,22887.436499391326
2015-06-22,27745.10379653224,23260.322594461933,27041.751105909738,23278.954176885552,26807.173305593216,22985.785542405218,26127.597279127625,23004.197166395254
2015-06-23,27890.953985758766,23398.19951508649,27183.90391761796,23416.941537303046,26983.65584163664,23147.389083283426,26299.605889508774,23165.930151778397
2015-06-24,27790.708885069744,23316.627589178486,27086.20008193225,23335.304272057856,26879.088602212632,23059.353728170343,26197.689484928713,23077.824280308447
2015-06-25,27664.491051080535,23210.695052371255,26963.1819351308,23229.286882997054,26770.899316661704,22966.516092065107,26092.24285500741,22984.912281217228
2015-06-26,27562.023249878726,23122.628222125073,26863.31174553665,23141.149510977437,26675.722049336946,22883.48195831592,25999.478381765828,22901.81163709161
2015-06-29,27721.881742570196,23176.333142046922,27019.11774299227,23194.897448687967,26767.881396112705,22909.49073958901,26089.301440341053,22927.841251409558
2015-06-30,27299.587226130407,22906.50638197801,26607.52861034024,22924.854556641527,26400.69131183545,22650.07239883494,25731.419818973558,22668.21511645427
2015-07-01,27452.554568226118,23034.464846584153,26756.618151421782,23052.91551633003,26565.16048403593,22790.91703157907,25891.719610641223,22809.172565809098
2015-07-02,27366.03771045298,22978.385279795526,26672.294540613773,22996.791029654043,26542.077139294015,22782.005956797686,25869.22144090148,22800.254353253033
2015-07-03,27323.95569981545,22948.350600884114,26631.279330649468,22966.732292882156,26501.262170596838,22750.476315406206,25829.441153255204,22768.69945660539
2015-07-06,27611.769293837428,23128.5910242497,26911.796701624753,23147.117089322986,26751.72636411905,22924.856312508662,26073.55594695576,22943.21913215965
2015-07-07,27214.605897297675,22881.755544990647,26524.701602022058,22900.083894165615,26415.320219162997,22693.29778722965,25745.677875760473,22711.47512840346
2015-07-08,27047.243828037066,22697.71780383488,26361.582247533246,22715.898738272608,26177.4189764779,22460.274655188787,25513.807555446496,22478.265344734784
2015-07-09,27228.868150556907,22860.820309383056,26538.60229980549,22879.131889376677,26398.71002001706,22657.191987438622,25729.48875395103,22675.34040785145
2015-07-10,27404.07677653239,23015.50121717798,26709.36929674964,23033.936697004512,26600.371912581744,22835.27991487225,25926.038410843703,22853.57098379065
2015-07-13,27814.715135762483,23359.40290933267,27109.597761788835,23378.11385536123,27051.928520346384,23222.27652079027,26366.147819691443,23240.877574154514
2015-07-14,27995.86605645918,23512.9785047118,27286.15641321831,23531.81246521498,27240.271650249422,23384.911637940342,26549.716351602645,23403.642962102553
2015-07-15,28003.007625336017,23537.11638585927,27293.11693964089,23555.969680871687,27261.84905874926,23415.46253878849,26570.746761380815,23434.21833423527
2015-07-16,28780.985245607968,24187.83767997043,28051.37242600139,24207.212204530588,28122.195978963813,24152.31020486704,27409.28343197463,24171.65621560756
2015-07-17,28691.23660833637,24153.837720341584,27963.89896297198,24173.185010840487,28089.500640028844,24151.806906460475,27377.416937180147,24171.15251405875
2015-07-20,28520.538803747517,24083.74039301377,27797.528435765882,24103.03153536054,28039.833938415195,24158.168770463068,27329.00931273012,24177.519473917117
2015-07-21,28695.203365967056,24218.841653081323,27967.765161250896,24238.24101190928,28224.738250287075,24309.18944696836,27509.22620246667,24328.661118048483
2015-07-22,28586.70564659869,24166.98697198014,27862.0179150256,24186.344795065797,28148.714971947393,24270.2899587654,27435.13015445538,24289.73047133893
2015-07-23,28683.1922856659,24213.955405692046,27956.05856803002,24233.350850622388,28230.95840174267,24318.035910442064,27515.288669791902,24337.514667543186
2015-07-24,28663.822141756686,24215.928420214863,27937.179467258946,24235.32544553527,28206.63426360777,24309.352387799,27491.581161428163,24328.824189394796
2015-07-27,28641.81912886427,24148.52107379,27915.734242091286,24167.86410564038,28130.983273705115,24211.482698139895,27417.84796414505,24230.876106072672
2015-07-28,28683.61225659391,24191.166748332642,27956.467892478413,24210.543939485713,28202.989556849723,24278.408535460145,27488.02884991478,24297.855551017066
2015-07-29,28895.1325715342,24381.682724618546,28162.62605834456,24401.212519593028,28458.989029697193,24506.896343187076,27737.53860068108,24526.52637757511
2015-07-30,29170.365003089784,24613.980284834484,28430.881205810638,24633.696150794112,28711.19631376138,24724.117673378147,27983.35229665613,24743.921702143998
2015-07-31,29318.779587875688,24702.49867477522,28575.533404328235,24722.28544420884,28815.628069491086,24789.461655345258,28085.136652125224,24809.318024668442
2015-08-03,29287.93478811466,24725.22464819499,28545.47053614918,24745.029621195874,28850.037473618908,24839.885207549243,28118.67375965304,24859.78196615917
2015-08-04,29425.790920530773,24838.822579262815,28679.831944510024,24858.718544519168,28941.143786241675,24939.950993393315,28207.470479048192,24959.92790474024
2015-08-05,29517.525342879,24846.25480564064,28769.24085194021,24866.15672413078,28840.358638197282,24811.31550931067,28109.240287830242,24831.189383580167
2015-08-06,29303.392017166218,24710.662716970768,28560.535916472305,24730.456025824657,28612.671103147455,24636.139773332518,27887.3247522591,24655.873331763036
2015-08-07,29121.6835315391,24616.022254017724,28383.433834670963,24635.739755600287,28432.570229696656,24543.42168199386,27711.789531238246,24563.080973193806
2015-08-10,29255.115230768566,24775.285190677234,28513.482971508314,24795.130262310442,28687.15982369333,24735.677609868606,27959.925144328565,24755.490898148502
2015-08-11,29142.044000411555,24653.474282453073,28403.278155156695,24673.2217832135,28553.10062052908,24574.4209776696,27829.264412892717,24594.10509931856
2015-08-12,29164.01668815857,24672.062652310713,28424.693823937032,24691.825042406563,28613.94063571241,24626.78335208466,27888.562101501848,24646.50941601778
2015-08-13,29233.938435096185,24694.54417573071,28492.84301852803,24714.324573588696,28701.40011451007,24650.823092560764,27973.80443623883,24670.568412336226
2015-08-14,29282.76329013145,24710.734902245233,28540.43013830701,24730.528268919723,28689.42194879453,24635.426348939465,27962.1299233616,24655.159335916742
2015-08-17,29405.075498863607,24897.545681311785,28659.64166946598,24917.488683934516,28902.468642989377,24891.550095814913,28169.775771139626,24911.488238022306
2015-08-18,29124.638879203074,24912.47377482325,28386.31426274743,24932.428734889967,28676.60952833234,24890.160582406956,27949.642304536934,24910.09761161352
2015-08-19,28970.033504576953,24799.977243454556,28235.628214104934,24819.84209348999,28525.382757565152,24783.92892407057,27802.249212419923,24803.78086167365
2015-08-20,28156.378455486025,24156.6555051698,27442.599740146456,24176.005052722092,27720.14145421652,24058.848978332007,27017.421202149133,24078.12012659034
2015-08-21,27118.94673598432,23443.490854996508,26431.467449783675,23462.269155700986,26776.386181119306,23292.382653988527,26097.590624548015,23311.03986239526
2015-08-24,26008.48565901252,23079.742840145038,25349.157133827135,23098.229777688382,25742.102361897018,22888.541411314258,25089.526447363034,22906.875142713943
2015-08-25,26212.646979190235,23112.836572139866,25548.142859243297,23131.350017853638,25869.53569597329,22912.00054802633,25213.729278997904,22930.353070204495
2015-08-26,27123.174133740966,23552.93462519804,26435.587680826928,23571.8005906637,26889.83627425128,23379.45862931461,26208.164697794793,23398.185585614592
2015-08-27,28056.962446740603,23798.417225885678,27345.70397849598,23817.479823590194,27756.37989979147,23653.89423310572,27052.740983955686,23672.84101244099
2015-08-28,28167.961188751866,23796.35981700487,27453.888845150286,23815.42076671921,27830.835742694948,23654.263369066535,27125.30933184838,23673.210444079865
2015-08-31,28178.147899058862,23721.86671371853,27463.81731709727,23740.867994252087,27734.923294949225,23574.197439118354,27031.828315398474,23593.08038128776
2015-09-01,27511.058305481067,23441.07092682634,26813.638788764358,23459.8472891617,26982.728640845144,23254.521319954034,26298.702193747908,23273.148201416105
2015-09-02,27723.92673372739,23531.75925784576,27021.110892568948,23550.608261783887,27248.373028785936,23368.991453147755,26557.612355906975,23387.710025235174
2015-09-03,27566.371673803453,23464.893770579212,26867.549934672214,23483.689215077986,27127.989936828446,23317.36944540282,26440.281039023026,23336.046668240087
2015-09-04,27323.22448624169,23361.408571397675,26630.566653716927,23380.121123967052,26866.96380741623,23205.189318740624,26185.8720600954,23223.776685248755
2015-09-07,27416.291299760705,23401.194722116277,26721.274175514554,23419.93914350189,26958.476531756136,23244.709416891703,26275.06488845564,23263.328439015255
2015-09-08,27850.64155632974,23586.56470561331,27144.613429065877,23605.457608865952,27449.067243602953,23456.213181321273,26753.218866194864,23475.00161805004
2015-09-09,27594.593617620405,23478.141866198792,26895.0564376581,23496.947922458618,27216.151414239645,23356.695713234567,26526.207576337278,23375.404436429093
2015-09-10,27903.244547143695,23609.445671772046,27195.882906933,23628.356902741558,27499.494499686094,23478.277161847454,26802.36776465619,23497.083271834
2015-09-11,27784.324064289474,23559.135273738153,27079.977119651703,23578.006205940357,27392.391134374953,23432.5562760368,26697.979526322055,23451.325763574383
2015-09-14,27591.825718406075,23477.522804776447,26892.35870611638,23496.328365166366,27184.706296715496,23343.725282381274,26495.559609179385,23362.42361625518
2015-09-15,27925.37267385173,23619.428170750747,27217.450074216533,23638.347397729412,27570.705396285404,23509.455543382755,26871.773427350367,23528.286627266167
2015-09-16,28238.525913317146,23751.861505345365,27522.664717554486,23770.886811789573,27868.326971775543,23636.346043592443,27161.850138435882,23655.27876682046
2015-09-17,28043.08970107303,23669.669292823353,27332.18291408588,23688.62876307909,27697.969765031336,23564.102347483524,26995.811577015418,23582.977203480248
2015-09-18,27816.593490586067,23574.08263572795,27111.428499348902,23592.965540808244,27368.922170697122,23424.13340290272,26675.10551329044,23442.89614371534
2015-09-21,27811.228755864235,23571.809375709716,27106.1997634191,23590.69045990248,27398.07139641002,23436.607320352447,26703.515790709214,23455.380052778244
2015-09-22,27597.024701355916,23481.033502685594,26897.425892167095,23499.8418751542,27196.286065270306,23350.302640353173,26506.845824474694,23369.006242693602
2015-09-23,27820.655844687117,23576.17220741245,27115.38787067835,23595.056786245415,27384.867637132043,23431.25922326301,26690.64675371479,23450.02767186076
2015-09-24,28121.614445674182,23703.69349669808,27408.717015912698,23722.680220434777,27595.293009191184,23521.282142219603,26895.737731260146,23540.122699213705
2015-09-25,28085.426677367515,23688.442171602077,27373.446626196244,23707.416678985395,27583.56131114126,23516.282293518092,26884.303437962808,23535.11884563126
2015-09-28,27203.305646469555,23316.432992805814,26513.68781838048,23335.109519812937,26666.96158126048,23125.560121081777,25990.9399961901,23144.08370456874
2015-09-29,27289.11917650349,23353.20913775149,26597.32593117021,23371.915122551945,26775.28975039712,23172.531156393437,26096.52198892474,23191.09236369965
2015-09-30,27714.020621327934,23535.018089512418,27011.45590522784,23553.869703783672,27294.19852685841,23397.07456753798,26602.276153357907,23415.815634211966
2015-10-01,27688.889355067015,23568.06676199161,27005.495229204964,23588.859451682893,27269.447958186716,23429.92953503419,26596.405756703825,23450.600293317493
2015-10-02,28090.39708045681,23713.609085688815,27389.396009033826,23731.168460502227,27664.873498081957,23574.618805606446,26974.491034507828,23592.075187601105
2015-10-05,28489.667068293318,23894.704019137072,27779.923233701957,23908.083378708714,28058.095198488692,23754.652304861764,27359.102463904666,23767.953196989096
2015-10-06,28498.041921463715,23878.915280436853,27786.377453564768,23890.353737320373,28066.34318632811,23738.95610716642,27365.458922278558,23750.327476780458
2015-10-07,28681.083680725566,23943.04000482978,27963.735182603206,23952.84206230587,28246.612162246885,23802.704983523254,27540.129983330655,23812.449550881665
2015-10-08,28754.130567377935,23935.30153536449,28038.85338913932,23946.770008946187,28318.55250801268,23795.01187079951,27614.1102959069,23806.41309785318
2015-10-09,28782.306938667105,23919.65568536807,28061.75221124665,23930.34784266927,28346.302053350802,23779.457724308246,27636.662223156065,23790.087178828693
2015-10-12,28783.953170212633,23923.90969087643,28062.191155425695,23935.2970802207,28347.92334718033,23783.686796226157,27637.094509785846,23795.0074043323
2015-10-13,28553.306266985117,23847.2578984264,27843.60069137548,23860.087283079138,28120.770367383087,23707.484275502884,27421.815329546793,23720.238424235333
2015-10-14,28575.432995578674,23897.686653466833,27852.08872257904,23907.309202680117,28142.56191222006,23757.61745736582,27430.174761193244,23767.183557989956
2015-10-15,28577.77399473708,23852.271879974505,27850.561795482517,23861.442907652705,28144.86744906922,23712.468869086584,27428.670972192962,23721.58609803342
2015-10-16,28547.29659689705,23823.788130241246,27826.918466012903,23834.571745849786,28114.851733969852,23684.152068396757,27405.385811235574,23694.872436823316
2015-10-19,28808.138901771694,24031.849406425143,28082.848719139536,24043.262938477124,28371.742704454766,23890.993855174944,27657.43914911184,23902.340454120105
2015-10-20,28684.04738319572,23978.292299061202,27957.989552976047,23985.154874092812,28249.53096947087,23837.750656896962,27534.471403810396,23844.5729853517
2015-10-21,28552.943231926973,23818.269545729974,27832.740249761915,23828.389037389305,28120.41283171244,23678.66582943036,27411.11942581254,23688.72598023034
2015-10-22,28905.936926206403,23971.760799457144,28166.49582288286,23977.5217140595,28468.059248738533,23831.25743973891,27739.819183152795,23836.98457676814
2015-10-23,29597.04405143369,24547.777638862182,28838.308135857544,24551.795523997233,29148.697231116425,24403.898127434953,28401.45465281182,24407.892466893736
2015-10-26,29849.963947475702,24752.671084690282,29091.248864610698,24760.010815413978,29397.785804307805,24607.59065115458,28650.563715333683,24614.88734547452
2015-10-27,29857.465703866084,24662.87739363234,29095.835858548457,24670.083160377624,29405.17392135574,24518.323259160807,28655.081229295658,24525.48677817129
2015-10-28,30023.079004148716,24853.20760712101,29250.950276277177,24856.43747578811,29568.27845094982,24707.53790860415,28807.845918494935,24710.748841876743
2015-10-29,29806.26447087271,24775.804611107258,29053.6428593174,24784.795678135273,29354.748303317992,24630.588587273836,28613.527415695648,24639.52695697121
2015-10-30,29936.275031511304,24862.164952529685,29181.5817429916,24872.257782354944,29482.789416556076,24716.44275319177,28739.52822568636,24726.476421639592
2015-11-02,30196.880711371374,25103.47396022361,29435.617555447207,25113.664749770178,29756.369742441606,24966.142430281692,29006.21159090975,24976.27746460147
2015-11-03,30239.23692005194,25209.15336513248,29476.905964397018,25219.387055377836,29832.023034823935,25087.281737553738,29079.957663612324,25097.465948515048
2015-11-04,30208.449682538747,25209.936140300983,29446.894872930683,25220.17014831499,29813.427927685058,25093.301482607098,29061.831339168366,25103.48813729086
2015-11-05,30077.878081160354,25116.639609437476,29319.61498072879,25126.83574359733,29683.379244648517,24996.67607637819,28935.061183738526,25006.823505866825
2015-11-06,30005.05935568729,25107.07674867567,29248.63201482619,25117.269000779135,29636.29050588237,24998.985838411616,28889.159552187964,25009.134205550818
2015-11-09,29792.85090807043,24897.617203699552,29041.773340720403,24907.724425414606,29411.73097016338,24783.435897785457,28670.26116289516,24793.49676217761
2015-11-10,29869.103784865336,24953.428468779824,29116.10388301354,24963.558347154176,29462.069885547604,24819.372614106192,28719.33103410358,24829.44806704979
2015-11-11,29836.999455699523,24945.29986846298,29084.808903766123,24955.42644702093,29429.795600623613,24807.481834832368,28687.8703839788,24817.552460700404
2015-11-12,29513.32720826195,24688.666490395335,28769.296431469716,24698.688888282886,29102.325318973264,24542.87905477297,28368.655628902783,24552.8422648372
2015-11-13,29211.61774528032,24434.934559736103,28475.193061983537,24444.853954799793,28772.627796028046,24263.735643954486,28047.269781290208,24273.58553542908
2015-11-16,29744.38178931569,24657.757798512186,28994.526128117515,24667.767648974044,29317.55116434122,24493.500485885073,28578.45563020036,24503.443650662295
2015-11-17,29421.46343612723,24456.90562574338,28679.748544401366,24466.833939991335,29026.506329471555,24304.97924894074,28294.748036305602,24314.845883304355
2015-11-18,29746.80165092837,24731.38824980376,28996.884985035515,24741.42799064791,29379.246348171175,24603.646632773554,28638.59547830015,24613.634511506167
2015-11-19,29861.36661377234,24794.809043571524,29108.56176595081,24804.874530173536,29493.458286103647,24673.239914887563,28749.928133007426,24683.256045093334
2015-11-20,29785.46277579163,24756.322171565567,29034.57146320575,24766.37203436931,29426.082252286174,24636.967042649474,28684.25064916172,24646.968447840914
2015-11-23,29206.090915255074,24370.28569563204,28469.805563305374,24380.17884640103,28853.624026923528,24235.886158267927,28126.224097013393,24245.724744211682
2015-11-24,29834.187181325422,24797.76268718263,29082.067526809733,24807.829372820295,29468.71094219096,24673.4704991957,28725.80466969326,24683.486723007438
2015-11-25,29665.89149737878,24680.55584299357,28918.014575902776,24690.574948352725,29297.703945687732,24548.856800051424,28559.10875997603,24558.822436788247
2015-11-26,29582.8531765982,24621.83463023928,28837.069650620375,24631.829897641896,29215.696225185166,24488.622672982678,28479.168454301147,24498.56385760613
2015-11-27,29540.108305124664,24625.262809569715,28795.402377063936,24635.259468646414,29191.682320687032,24500.414402042858,28455.759940392167,24510.360373532323
2015-11-30,29762.683228997666,24760.01764483188,29012.36618863045,24770.069007818038,29392.01935837787,24626.978426725906,28651.046480889352,24636.975777027197
2015-12-01,29965.02275269412,24946.470970208567,29209.604734320277,24956.598024176863,29635.897659271122,24843.336915453732,28888.77660924071,24853.422096733106
2015-12-02,29721.514425632584,24781.9703531845,28972.23525051625,24792.0306279026,29392.357592457076,24664.558745314964,28651.37618808662,24674.57135138993
2015-12-03,29570.02686350944,24620.728390238688,28824.566688796738,24630.723208561663,29190.695170009258,24472.157142104046,28454.797675785314,24482.091642526244
2015-12-04,30156.654109233634,25032.17574965771,29396.40506567386,25042.337595598296,29757.63436880694,24896.434467617193,29007.444336041426,24906.541203909113
2015-12-07,29755.894689162116,24735.16039640268,29005.74878783766,24745.201668554877,29368.043441394046,24594.120546935097,28627.67499682935,24604.104558542174
2015-12-08,29772.171687781192,24738.858910030114,29021.615443433027,24748.901683598975,29312.830034080936,24541.36502781714,28573.853519645098,24551.32762326038
2015-12-09,29754.20728951675,24708.24927751304,29004.1039275258,24718.279625059768,29287.30423998971,24509.622842354744,28548.971230883235,24519.572552021174
2015-12-10,29773.60004323233,24737.570634260643,29023.007790053027,24747.6128848522,29354.365747707754,24574.485259809015,28614.342117833217,24584.46130044863
2015-12-11,29346.952934049234,24367.565922226335,28607.11645157045,24377.4579688996,28884.11738689368,24170.529107878854,28155.94871930663,24180.341162052606
2015-12-14,29014.785808313063,24229.662264020964,28283.323256799176,24239.498328515798,28576.77985285496,24041.9374892927,27856.359165227375,24051.697341550545
2015-12-15,29904.69156214759,24601.233434745267,29150.79449267424,24611.22033906444,29542.097548579495,24448.003319967436,28797.341199561306,24457.92801511767
2015-12-16,30216.194333709103,24824.343883194844,29454.444281498076,24834.42135950534,29831.35143790561,24665.41816583149,29079.302997653896,24675.431120789202
2015-12-17,29749.440875109198,24533.722640195203,28999.457674392816,24543.682138415104,29395.761978232233,24366.759769293305,28654.69474928834,24376.651483530422
2015-12-18,29603.524769619034,24342.832351152716,28857.220112922725,24352.714357199013,29106.114427786822,24079.94737503605,28372.3492142742,24089.722657450857
2015-12-21,29816.551331732728,24430.41769661803,29064.87627686449,24440.335258054965,29294.567965711594,24157.902666648857,28556.051838062504,24167.709595104225
2015-12-22,29854.01628955147,24445.76629542671,29101.396743353205,24455.690087648298,29378.168391171563,24192.373407837393,28637.54469659905,24202.19432972991
2015-12-23,30066.60590746413,24644.12881584595,29308.62697845425,24654.133133603675,29648.98130665911,24431.40490613454,28901.53041784713,24441.32286313953
2015-12-24,30006.925265780537,24569.28269634413,29250.450885338767,24579.2566302174,29553.43023899247,24335.532084307597,28808.388192822185,24345.411121629964
2015-12-25,29361.500505352215,24120.087060034555,28621.29727870052,24129.878642325642,28917.759790824653,23864.43818369427,28188.742998154994,23874.125979904245
2015-12-28,29352.07665899756,24135.358777778278,28612.111007447926,24145.15655964405,28938.436720222755,23896.68143764049,28208.898662114105,23906.3823230366
2015-12-29,30370.476588266498,24866.801744567525,29604.83708147471,24876.896456704842,29972.316938726563,24680.49554723455,29216.714757866004,24690.51462287263
2015-12-30,30000.714930494334,24624.07831541908,29244.397112562598,24634.074493648764,29632.556684165156,24440.443017272348,28885.519860125067,24450.364643308974
2015-12-31,29730.744772120153,24407.225882625815,28981.232900032082,24417.134029314177,29334.703607046566,24197.91151491383,28595.175659784567,24207.734685007297
2016-01-04,28941.744031124934,23766.15078663767,28212.12286231372,23775.79868801508,28452.815245048754,23474.84502974914,27735.519705476934,23484.374670168843
2016-01-05,29568.12496103275,24023.33403748209,28822.712733268458,24033.086342751503,29073.084567695925,23730.71999502843,28340.152037034255,23740.35350818546
2016-01-06,29388.17832436056,23950.233051751773,28647.30255007437,23959.95568157617,28798.16765454603,23618.520405874642,28072.165779914594,23628.108371479022
2016-01-07,28966.69050546915,23778.48488520148,28236.440436210567,23788.137793623053,28258.025457537147,23397.024377808524,27545.640568968854,23406.522426844796
2016-01-08,28682.018225793927,23661.642481368446,27958.94474275632,23671.247957456573,27962.931036874696,23274.858528599252,27257.985479348717,23284.306984268107
2016-01-11,28015.850067547053,23386.85999101472,27309.570679216464,23396.353918775527,27332.089982325582,23012.319235431078,26643.047929275686,23021.661112971015
2016-01-12,28824.57023768539,23724.40865267114,28097.9030194043,23734.03960877225,28170.954053762875,23365.46105187343,27460.76423548951,23374.946287741124
2016-01-13,28438.016049251022,23565.329619450575,27721.093859412966,23574.89599720084,27726.092308662628,23180.973161282807,27027.11745603461,23190.383504078494
2016-01-14,28728.085786436306,23685.5136181789,28003.85094051041,23695.128784787623,28086.53912219809,23331.652669552797,27378.477404548976,23341.124180868683
2016-01-15,28209.70953956355,23471.82016596076,27498.542955271114,23481.34858342064,27451.638409276224,23067.94479780158,26759.582540100368,23077.309256602723
2016-01-18,27654.733295708225,23240.93684945791,26957.55765872251,23250.371539520063,26911.57587688155,22841.034248804415,26233.134985423727,22850.306593006433
2016-01-19,28229.348180722835,23482.3889747159,27517.68650642127,23491.921682598135,27438.785614188135,23064.767257254283,26747.05376400683,23074.13042612917
2016-01-20,28143.032663046022,23446.488490091448,27433.54700235394,23456.006624122903,27240.976619186567,22981.62913125895,26554.23153423674,22990.958550115687
2016-01-21,28222.782113228106,23479.708871636194,27511.285969443114,23489.240491526918,27338.26005643789,23022.665322926718,26649.062455805044,23032.011400472795
2016-01-22,28506.506104301065,23597.729779064197,27787.857280644264,23607.309309703513,27667.155708698952,23161.153553570148,26969.66664789531,23170.55585057321
2016-01-25,28217.46317650136,23478.094688046534,27506.10112307482,23487.625652657225,27284.70836929166,23001.073463527107,26596.86080681833,23010.410775832956
2016-01-26,28678.601412835153,23669.93771640813,27955.614067628838,23679.54655995825,27745.477472188315,23195.28818339887,27046.013919541998,23204.704337394287
2016-01-27,28161.28241125045,23456.452610025917,27451.33667453112,23465.97478900547,27238.144624558317,22983.222422096365,26551.470934199762,22992.55248775135
2016-01-28,28628.03500536327,23650.839356064873,27906.322438943007,23660.440446609522,27696.75748900198,23176.70846188411,26998.522167246934,23186.117073420144
2016-01-29,28946.67368707784,23782.459851017593,28216.928241673817,23792.11437308197,28139.495572607488,23361.950569967932,27430.0988227184,23371.43438075143
2016-02-01,28448.460611761617,23577.79501475612,27731.2751145742,23587.366452850634,27659.96865445357,23162.89433369008,26962.66077930443,23172.29733736484
2016-02-02,28379.10085896919,23549.052685673156,27663.663920674644,23558.612455779916,27590.45407600743,23133.788031088763,26894.89866354521,23143.179219026402
2016-02-03,28559.445235711628,23623.8778052317,27839.461816914536,23633.467950697963,27744.007398694197,23198.16301398537,27044.580906604144,23207.580335021576
2016-02-04,28567.85287801193,23627.355133182107,27847.657502610025,23636.946690274402,27749.867423188465,23200.61294491154,27050.29319986706,23210.03126050003
2016-02-05,28016.290087138415,23399.267114214326,27309.999605916943,23408.766078663743,27208.62579098604,22974.357132101642,26522.696270491604,22983.683598881926
2016-02-08,28145.05679039513,23453.04023113219,27435.52010146644,23462.561024851875,27323.316386519164,23022.77822329737,26634.49551584028,23032.12434667548
2016-02-09,28030.457804535585,23396.168573726365,27323.81015525556,23405.666280319034,27210.485796105604,22966.285307087805,26524.50938487771,22975.608497101413
2016-02-10,27995.036408291024,23358.829911580906,27289.281732167732,23368.312460492667,27177.857822644444,22930.37428648257,26492.703962704614,22939.682898375933
2016-02-11,28146.578681779967,23568.867785236904,27437.003625979887,23578.435599310396,27317.34785303235,23133.341346142148,26628.677449096776,23142.73235274752
2016-02-12,28364.68164151069,23629.679905350837,27649.608211589526,23639.27240618756,27538.683752930167,23197.11931623177,26844.433470435077,23206.53621357767
2016-02-15,28192.334634974897,23536.355114275724,27481.606071908143,23545.909729786024,27371.35560277714,23105.50291167601,26681.323663342864,23114.882617236795
2016-02-16,28698.73291831,23715.668180726185,27975.238057988543,23725.295588620764,27868.456044024788,23283.833307138215,27165.892201291834,23293.28540612875
2016-02-17,29091.437937527135,23891.360880154054,28358.04298636073,23901.059610739965,28248.848657238937,23455.929510931375,27536.69511582785,23465.45147257437
2016-02-18,29054.46827421374,23916.08493114358,28322.005328006275,23925.793698491765,28206.783255441555,23477.642828965585,27495.69018290919,23487.17360515508
2016-02-19,29110.461870154293,23947.360731523757,28376.587325776647,23957.08219532583,28262.979829311374,23509.109616284575,27550.470041018943,23518.653166452685
2016-02-22,28805.319917517027,23703.997424438487,28079.137999675542,23713.620094573605,27976.319958788306,23274.192054834602,27271.036866509243,23283.640239947646
2016-02-23,29249.915604049907,24001.83597878792,28512.525431995833,24011.57955689104,28403.08066424347,23564.533784557778,27687.038933571293,23574.099834230932
2016-02-24,29381.808499191815,24104.76683792798,28641.093308154508,24114.552200953975,28526.991835738485,23663.86229854526,27807.82630414007,23673.46867074325
2016-02-25,29571.661565234026,24176.834313575335,28826.16017970204,24186.648932491516,28709.89703832312,23734.02079044206,27986.12046613528,23743.655643560767
2016-02-26,29295.387353601764,24004.799888078338,28556.850839052906,24014.544669384482,28444.050123377838,23566.119478235818,27726.975552544056,23575.68617162315
2016-02-29,28963.441567057205,23870.75502632731,28233.27340351374,23880.44539193872,28121.164111900296,23434.281194498148,27412.22949817896,23443.794367982115
2016-03-01,29505.36139930768,24034.378685389343,28762.096327271167,24018.0587095683,28647.324530472317,23594.913014995793,27925.67387080819,23578.89144292581
2016-03-02,29754.915074928995,24122.593347746406,29009.79927088038,24095.488975863645,28889.621007934333,23681.514683056696,28166.173434586904,23654.9059062699
2016-03-03,29888.09482007517,24170.509152560287,29200.508427593573,24151.159022166707,29018.92779148648,23728.554353248557,28351.33663180142,23709.558032583496
2016-03-04,29867.55818403792,24159.889658336822,29172.412427491665,24127.894977295513,28998.988375413537,23718.12903517623,28324.05768359846,23686.719367928108
2016-03-07,29724.30710460961,24155.687753110768,29194.936438602283,24238.63554038994,28859.903139134425,23714.003961272552,28345.926680259225,23795.435053367404
2016-03-08,29874.4154250004,24226.07691993528,29283.472173265058,24266.418558056812,29005.646202937736,23783.106070803347,28431.88773205366,23822.71006195347
2016-03-09,29942.50052452753,24194.785212292143,29365.72724679509,24228.79505340882,29071.751339405888,23752.386528201678,28511.75076886023,23785.774498487466
2016-03-10,29943.77846407556,24193.40734762471,29338.137462207887,24204.332640380075,29072.992115564066,23751.033857620918,28484.963315060577,23761.759377689752
2016-03-11,29938.906883860112,24216.30743619846,29376.903218839903,24262.490674430315,29068.262204361843,23773.515220880035,28522.601735596505,23818.853999198785
2016-03-14,29114.819260428838,23549.738034690476,28652.113743469625,23663.88442393149,28268.139634416457,23119.13395923337,27818.88965967965,23231.19319079441
2016-03-15,29354.145503650452,23743.318845970178,28753.256578119002,23747.418657073264,28500.506100478087,23309.175169089714,27917.09118792186,23313.20001069752
2016-03-16,29421.067288860868,23797.44902951767,28822.202294908857,23804.36117406338,28565.48175263622,23362.31558886122,27984.03191365877,23369.101340727244
2016-03-17,29700.90880412689,24023.80091983157,29098.67668167134,24032.702370566407,28837.185277850895,23584.52866258561,28252.466226321867,23593.267346373144
2016-03-18,29514.410680088156,23872.950525543096,28920.79862774949,23885.792242146304,28656.110651739476,23436.43654927968,28079.76099419712,23449.043451687437
2016-03-21,29573.69270108463,23920.901229002604,28985.040514222062,23938.84984865566,28713.668709453967,23483.510479999706,28142.134680386942,23501.13090634951
2016-03-22,29534.93059018819,23889.548207398122,28926.41397804405,23890.42998027481,28676.033828277334,23452.730744554967,28085.213046064688,23453.596389341357
2016-03-23,29392.522151269925,23774.36008273707,28839.91574459831,23818.99077626143,28537.766727923663,23339.648820644437,28001.23024348585,23383.463442437976
2016-03-24,29312.681056935082,23709.780019946018,28742.06530608005,23738.175744998516,28460.24746932777,23276.249596391386,27906.22536612628,23304.126104139865
2016-03-25,29323.466481674393,23718.50389093871,28721.648563435167,23721.313483366186,28470.719246254157,23284.81395247153,27886.402357048024,23287.572166899612
2016-03-28,29190.93914206899,23611.308166925286,28609.7321206673,23628.88128829297,28342.045895826217,23179.57828914174,27777.740524963374,23196.830083210953
2016-03-29,29283.542991718074,23686.211479246504,28722.40267846911,23721.936309701625,28431.9567597457,23253.112003571754,27887.13454187417,23288.183604931666
2016-03-30,29342.038774534314,23733.526228108054,28861.85554315454,23837.11093528241,28488.75144364475,23299.56160804575,28022.532016913665,23401.25227656694
2016-03-31,29166.65511162017,23591.665848338973,28764.532123123212,23756.731170494968,28318.46806223318,23160.295127944875,27928.03883196422,23322.342245950018
2016-04-01,29020.53990349509,23473.47947584424,28626.483573676138,23642.716373951327,28176.601988154354,23044.26977879506,27794.004833665498,23210.412196019763
2016-04-04,28936.839105199644,23405.7774628068,28537.673274964247,23569.367626867985,28095.3352685308,22977.805688773482,27707.777202342055,23138.404621807953
2016-04-05,28736.12278489475,23243.426574752633,28275.96915415053,23353.225246461097,27900.455921400637,22818.423366821717,27453.683625666246,22926.21437839751
2016-04-06,28868.51251898889,23350.510995525143,28374.168139472105,23434.328143790153,28028.99566798333,22923.549762076716,27549.0269138373,23005.834319165944
2016-04-07,28770.5527790761,23271.275531541756,28284.200312117006,23360.02338961164,27933.884666893606,22845.76310884705,27461.67541563647,22932.888218331806
2016-04-08,29036.401796841736,23390.642509635232,28565.72495221935,23466.524950825933,28192.002606374874,22962.94747636684,27735.01311663848,23037.44241152201
2016-04-11,28990.157119319294,23353.389521903864,28531.008242499487,23438.005438850854,28147.10275692502,22926.375654953183,27701.305993817077,23009.444375336105
2016-04-12,29328.732641640527,23626.133337082447,28906.400256504716,23746.38711226293,28475.832262547618,23194.132382878455,28065.78133794824,23312.187327557902
2016-04-13,29310.128884773752,23611.14684429138,28876.741556447138,23722.022716607848,28457.76951614584,23179.419916272436,28036.985134228737,23288.26843189816
2016-04-14,29215.078764821454,23534.578012111084,28775.81166168554,23639.109578654272,28365.483521201284,23104.251135809965,27938.99035342916,23206.871350533675
2016-04-15,29212.431521863324,23532.445491900657,28782.070803866656,23644.251416167925,28362.913261948863,23102.15760847038,27945.067475251988,23211.919170177116
2016-04-18,29348.351318585905,23641.937411642102,28912.341370482212,23751.26769203544,28494.880414431158,23209.647481870557,28071.549680056447,23316.97866652605
2016-04-19,29733.94808399514,23952.559786813257,29306.602307361183,24075.150041525318,28869.263751990886,23514.590164958525,28454.34522520738,23634.938866858945
2016-04-20,29703.595093133543,23928.10854924914,29280.906295332694,24054.040963831267,28839.793447665008,23490.586015278335,28429.396471697797,23614.21576606937
2016-04-21,29727.980131220724,23947.752226605302,29321.176599117498,24087.12271092938,28863.469351522526,23509.870510400113,28468.495686072747,23646.692617466935
2016-04-22,29619.189671843003,23860.114689366095,29150.90065087758,23947.242319495894,28757.842595983588,23423.835414794976,28303.171484926737,23509.369921886624
2016-04-25,29584.44509370003,23832.12575285197,29101.58130290764,23906.726851688552,28724.10841485407,23396.358252556765,28255.286379082645,23469.59527445402
2016-04-26,29770.054722030145,23981.645947984696,29317.848771909914,24084.38892628609,28904.320383343224,23543.144489235583,28465.264634474835,23644.00881974157
2016-04-27,29813.186452555346,24016.391261698,29295.524491770862,24066.049700596264,28946.19781250582,23577.254489143448,28443.58956046528,23626.004924551016
2016-04-28,29678.113725874195,23907.581709994385,29143.80174637942,23941.41062365033,28815.05309666643,23470.43450676511,28296.279021679282,23503.644857886513
2016-04-29,29835.68165584031,24034.512558610124,29358.399825109514,24117.70130688495,28968.038839299632,23595.04444036113,28504.636433869586,23676.712087534528
2016-05-02,29939.6597758553,24118.273454712584,29460.714605635592,24201.752117920536,29078.03988681472,23684.64248388086,28612.87779201457,23766.62024962276
2016-05-03,29586.908772786617,23834.11040085264,29113.606565462105,23916.605513064962,28681.7231826001,23361.834636919706,28222.900975531527,23442.695093583545
2016-05-04,29266.857559026703,23576.2890778729,28798.67521559513,23657.891813629285,28359.77348778519,23099.60019989552,27906.101517632287,23179.55300539838
2016-05-05,29324.007114290467,23622.326628465853,28854.910548597225,23704.08871033746,28399.144023051525,23131.66828480812,27944.842241510745,23211.73208501797
2016-05-06,29618.611195491674,23859.64869038905,29144.801844052883,23942.232196253393,28649.590036436082,23335.661549540386,28191.281864069995,23416.43141538245
2016-05-09,29299.319237651594,23602.438995665405,28830.617604277817,23684.132242054082,28368.459260254378,23106.674934521026,27914.64834359296,23186.6522272391
2016-05-10,29752.97703183772,23967.888797598906,29277.01822817261,24050.846946344394,28870.01423419424,23515.20144765661,28408.17993070058,23596.592740641565
2016-05-11,29760.922881264214,23974.2896775933,29284.836967730967,24057.269981196026,28828.906421937452,23481.718316042985,28367.729721092954,23562.993716532554
2016-05-12,29858.83310140749,24053.16249983328,29381.180916667294,24136.415799667535,28912.912853653856,23550.143227395132,28450.39229992567,23631.65546157799
2016-05-13,29689.462868660314,23916.724156209253,29214.520101981667,23999.505212847598,28689.65004110762,23368.29122101209,28230.701027895204,23449.174025335953
2016-05-16,30013.09517377705,24177.43027284586,29532.97525643526,24261.113690847167,29006.216086842855,23626.14056866274,28542.20295907698,23707.915846387157
2016-05-17,29915.111134662922,24098.497984795697,29436.558669411228,24181.908200741193,28928.235809108177,23562.624079720274,28465.4701336976,23644.17951288276
2016-05-18,29930.690867788944,24111.048436828147,29451.889173321226,24194.50209265587,29063.50969163036,23672.807350580882,28598.580036707728,23754.744152318952
2016-05-19,30002.371166461235,24168.79141245434,29522.422801219494,24252.444929454712,29129.001354264416,23726.15161385311,28663.024027658914,23808.273051838954
2016-05-20,30094.655013160816,24243.13183805758,29613.23038188944,24327.042663665194,29215.33082962829,23796.468690512098,28747.972488354688,23878.83351139224
2016-05-23,30023.666941742842,24185.94649489406,29543.377907676087,24269.65938941795,29160.027239747844,23751.42281536054,28693.553591315263,23833.631722542454
2016-05-24,30100.46770901783,24247.814329082463,29618.950091966803,24331.74136182414,29329.847015877338,23889.744404435172,28860.656756452052,23972.432073111333
2016-05-25,30344.70099878056,24444.55955976782,29859.276378262748,24529.167571140948,29639.783987193074,24142.194238974356,29165.635658675288,24225.755692146584
2016-05-26,30225.5811651635,24348.601063827493,29742.062106345966,24432.876941684528,29488.53922449647,24019.002368202735,29016.81036204027,24102.137427169087
2016-05-27,30148.52238073805,24286.525380644223,29666.236032408873,24370.586400872267,29453.036466137666,23990.084664595717,28981.875542150276,24073.11963301885
2016-05-30,30281.650296814074,24393.76826544704,29797.23429928703,24478.200476949565,29583.093300012653,24096.018545452363,29109.851853764343,24179.420174376064
2016-05-31,30141.49126573322,24280.861376589146,29659.31739425241,24364.90279245008,29430.469853524275,23971.70370928027,28959.669928174913,24054.675057167435
2016-06-01,30097.335101010118,24245.29081688753,29584.24009053557,24303.22736065695,29387.35530968142,23936.586054832154,28886.363650354728,23993.784905553537
2016-06-02,30107.058752441942,24253.123827882533,29611.27665947448,24325.437695617846,29396.849586914846,23944.319332686915,28912.762441121515,24015.71244600452
2016-06-03,30196.77329286739,24325.394516161687,29769.403566439454,24455.337742401087,29484.44780464997,24015.66982527023,29067.159244189035,24143.95855298246
2016-06-06,30309.835681729535,24416.473360491753,29862.202613454723,24531.57145100954,29594.843112586215,24105.589001753422,29157.76920820906,24219.221608357377
2016-06-07,29984.13740147348,24154.10297132387,29539.40954389546,24266.399408870362,29276.827874590806,23846.55925815083,28842.590662000144,23957.425892700063
2016-06-08,30225.649668594277,24348.656247636798,29778.566740678398,24462.86522007815,29512.642998340238,24038.635371947967,29076.106269374664,24151.390190984635
2016-06-09,29875.535300874217,24066.617168892622,29443.982154772435,24188.006537287605,29170.787636696652,23760.187372934197,28749.41436369199,23880.031171545055
2016-06-10,29565.918885147035,23817.20173009067,29157.98596139899,23953.062847993355,28868.474901302165,23513.947630365124,28470.164682073915,23648.07893010721
2016-06-13,30342.24419524265,24442.580450452755,29905.71451218846,24567.31614360883,29626.487114612188,24131.36367149257,29200.254728121556,24254.511215547813
2016-06-14,30188.950848733974,24319.09304686957,29789.080027399712,24471.50180485146,29476.80987054231,24009.448575854534,29086.371610763428,24159.9168576238
2016-06-15,30376.595206476857,24470.252344141427,30002.95136436529,24647.19547527516,29660.02780036582,24158.68322789428,29295.197830879584,24333.373491652063
2016-06-16,30390.253771132677,24481.255174495353,29937.774918868243,24593.65352291719,29673.36416532509,24169.545962704615,29231.558867821263,24280.51326979388
2016-06-17,30537.590471996973,24599.94412647289,30111.95075591973,24736.73764323398,29817.22527572431,24286.723701658222,29401.6259834957,24421.775556815955
2016-06-20,30653.938663110308,24693.669890567766,30202.228338560824,24810.89998811026,29930.828876652566,24379.256096666297,29489.773959506525,24494.993619216053
2016-06-21,30730.10278490965,24755.024866901727,30301.517262045698,24892.465080688715,30005.196327836595,24439.829866445387,29586.72070920524,24575.520177966035
2016-06-22,30190.15380106556,24320.062100409374,29724.993734156018,24418.855404246377,29477.98444737166,24010.405292069983,29023.797064673476,24107.940768919183
2016-06-23,30621.708547969458,24667.706511682918,30157.154287487618,24773.87199929102,29899.359057787195,24353.623302579763,29445.763160840022,24458.437074768044
2016-06-24,29643.99052539075,23880.09333215137,29283.450715851985,24056.131185861377,28944.704861253398,23576.038450621003,28592.669828923437,23749.83497593248
2016-06-27,29345.766609831113,23639.855266653954,29059.023865707888,23871.766241952166,28653.51587956736,23338.859226941408,28373.537112479455,23567.81749087385
2016-06-28,29861.980131277334,23866.654900278012,29515.119257744263,24095.563491118286,29157.552208423025,23562.77112092765,28818.873436381327,23788.76521807002
2016-06-29,30148.38792201631,24095.56121768456,29724.871511754227,24266.80111037934,29437.203798762075,23788.762876671088,29023.677728961713,23957.822528467765
2016-06-30,30475.339998004616,24356.871831791133,30022.64802878415,24509.90000859491,29756.443251303805,24046.74633492716,29314.429863817742,24197.826159699616
2016-07-01,30395.741598006833,24293.254230580165,29944.232012853096,24445.882713794665,29678.722534403394,23983.93874907125,29237.863639645675,24134.62396914612
2016-07-04,29739.194851845998,23768.520956107557,29297.437854831533,23917.852670473603,29037.663370002203,23465.886676051385,28606.327008917036,23613.317101680273
2016-07-05,30191.894300609994,24130.33291464811,29743.412738588566,24281.937803695353,29479.683884225324,23823.091839672266,29041.78158435574,23972.766497962657
2016-07-06,30496.670484466013,24373.919842572435,30043.661664312258,24527.055127794156,29777.270563155053,24063.577280772926,29334.947798953974,24214.762850260857
2016-07-07,30238.531601573162,24167.60694546171,29789.357271838115,24319.446017987728,29525.221036545703,23859.89127639981,29086.642310707342,24009.797136549078
2016-07-08,30579.665643106076,24440.252242532133,30125.4239821767,24593.804277749456,29858.307911003107,24129.06509902123,29414.78138759154,24280.66211245122
2016-07-11,30371.863876739197,24274.170387821097,29920.708980086452,24426.678971990925,29655.408075633866,23965.0978926143,29214.8955026059,24115.664740197015
2016-07-12,30463.128414641,24347.11194163502,30010.617840795305,24500.07879947276,29744.519732570567,24037.110713224105,29302.68346151141,24188.12999974253
2016-07-13,30560.371877729205,24424.832044743758,30106.416813525007,24578.28719868791,29839.46927509032,24113.84123993078,29396.222587854234,24265.34260557825
2016-07-14,30501.63338049162,24377.886348685846,30048.55083964517,24531.04655448041,29782.11638715432,24067.493283082407,29339.721641262993,24218.7034558549
2016-07-15,30330.102549757088,24240.793392227435,29879.567991297456,24393.092277022966,29614.631875712104,23932.14587184556,29174.72500767731,24082.505689942693
2016-07-18,30419.360679736375,24312.13136030238,29967.500248008982,24464.878443834878,29701.784454801298,24002.57552447888,29260.58298961368,24153.377834854615
2016-07-19,30675.34501760912,24516.722275741577,30219.682099871443,24670.754753186582,29951.73026093937,24204.56147242707,29506.816006843273,24356.632811102827
2016-07-20,30766.956752770755,24589.94132077162,30309.933000443638,24744.433815292945,30041.18092494079,24276.84825107756,29594.937937075196,24429.373749900384
2016-07-21,30797.20962213553,24614.12038691855,30339.736482500244,24768.764792507714,30070.720145520478,24300.71945565038,29624.038370974573,24453.394931412022
2016-07-22,30604.78436211393,24460.327930596413,30150.16957844424,24614.00609637615,29882.834093049034,24148.885172046816,29438.943248514923,24300.606710147138
2016-07-25,30664.89789685242,24508.372600847084,30209.3901645095,24662.352619358335,29941.529582096846,24196.318110325665,29496.76685271665,24348.33765797388
2016-07-26,30840.961469596383,24649.08827049516,30382.83842384076,24803.95237061273,30113.439910622157,24335.242108314604,29666.12356063571,24488.13448145782
2016-07-27,30715.5280860931,24548.837876385773,30259.268274197635,24703.072128173873,29990.96543262523,24236.268159041763,29545.468364548346,24388.538703073253
2016-07-28,30557.570738812356,24422.593284435072,30103.657283761408,24576.034372804203,29836.734213521726,24111.630984787203,29393.528153917738,24263.1184639423
2016-07-29,30718.1810219757,24550.958188063167,30261.881802389653,24705.205761242967,29993.55578718879,24238.361473709156,29548.02024101203,24390.64516952462
2016-08-01,30436.52223043107,24325.847423543433,29919.966633284137,24426.07293464608,29718.5411873704,24016.116957979117,29214.17066736651,24115.06641926091
2016-08-02,29616.252668904923,23909.81651674444,29086.26911795696,23986.00056552419,28917.621341628474,23605.383193864298,28400.139629289308,23680.597299355715
2016-08-03,29754.345188755837,23937.662413937072,29269.801556353308,24053.44508102841,29052.45634228977,23632.87454819015,28579.342635897752,23747.183073309257
2016-08-04,29760.896876033483,23875.676764521097,29211.74857717432,23938.156235187915,29058.853478505174,23571.678134886486,28522.659095362073,23633.36214997532
2016-08-05,29851.268187205304,23969.112942592143,29341.345695481876,24065.347794518846,29147.09297545307,23663.92462735921,28649.19908715551,23758.93423474889
2016-08-08,30052.9548480677,24054.63975004234,29668.118374940277,24256.637463228755,29344.0219282689,23748.36243537006,28968.263374363327,23947.788295677972
2016-08-09,30078.45355684815,24093.00369038104,29747.51687474942,24339.658963828246,29368.919142158422,23786.23790898407,29045.78890614573,24029.75271978086
2016-08-10,29827.45756144057,23881.54622326239,29443.802294822624,24080.64236126512,29123.844012500787,23577.472843296127,28749.23879026831,23774.03406245869
2016-08-11,29696.676962649082,23795.621323361145,29261.95317450165,23950.858921763484,28996.148459082826,23492.64198950663,28571.679393164657,23645.90309879228
2016-08-12,29681.054296218772,23792.209426329584,29260.233832560694,23958.61742548315,28980.89432288066,23489.273534681335,28570.000609577957,23653.56281687363
2016-08-15,29645.91002942556,23841.08579746707,29254.783186378045,24031.741132280244,28946.579088029594,23537.527582342507,28564.67854121541,23725.75547145845
2016-08-16,29304.686268550908,23536.37307834128,28952.1142962738,23752.564958616727,28613.40460578974,23236.694634295694,28269.149447898464,23450.13392604738
2016-08-17,29129.765240142173,23411.070082794977,28741.91799456035,23595.44429585036,28442.609873495592,23112.987070670297,28063.91156420795,23295.013812036952
2016-08-18,29158.56332645562,23429.375046633122,28840.43598979579,23671.444188706704,28470.728630004185,23131.058966501547,28160.105572773897,23370.046031460475
2016-08-19,29039.39703957084,23334.03534116228,28699.493575521996,23556.179079166177,28354.373409579366,23036.933178868065,28022.487914461242,23256.24854220257
2016-08-22,29114.32064095338,23340.19814869775,28786.781917464334,23573.269188272618,28427.529600320915,23043.01751519307,28107.717171232478,23273.12105041611
2016-08-23,29158.14801673948,23391.95841263811,28833.5052249197,23628.32154111976,28470.32311016441,23094.11873656601,28153.338300924057,23327.472445705782
2016-08-24,29272.764463337564,23496.535328493792,28944.844356892325,23732.31522543318,28582.23581733593,23197.364120182894,28262.051002487915,23430.14202386972
2016-08-25,29251.596960988805,23489.0115174763,28878.10054306752,23687.15278823466,28561.56765119211,23189.936111704625,28196.88163943456,23385.55462025343
2016-08-26,29338.48455413117,23557.22283837602,29002.872851525823,23787.92429410822,28646.405618174056,23257.27893150736,28318.710636055403,23485.04304656788
2016-08-29,29250.5862891273,23494.315389904245,28848.724955797235,23669.238662392152,28560.580825581394,23195.172456324417,28168.199006512983,23367.86858714894
2016-08-30,29181.94359692287,23439.357192402287,28768.194399416276,23603.344021999386,28493.55738069401,23140.91402052446,28089.568122766133,23302.812954424167
2016-08-31,29199.879756300867,23459.506084361976,28790.692882333762,23627.58576185308,28511.070430708383,23160.806361241048,28111.5358785382,23326.74603479506
2016-09-01,29231.966651755276,23485.28505076264,28784.009410110626,23622.100853456308,28542.40041386263,23186.257095365534,28105.010065840266,23321.33096334065
2016-09-02,29156.68957632143,23424.806616471407,28672.53796531126,23530.61986226381,28468.899078952123,23126.54870282053,27996.168172638292,23231.014759642687
2016-09-05,28946.061839273356,23255.58596487785,28397.808718728793,23305.15850009911,28263.2399417035,22959.482669091234,27727.919641637294,23008.4240985026
2016-09-06,29115.19734234935,23391.47129716716,28573.260476028445,23449.14605398008,28428.385626011263,23093.637829099785,27899.23258608221,23150.578321765457
2016-09-07,28849.751479305698,23178.209157353125,28296.100818297964,23221.69013239053,28169.201496257156,22883.091071280545,27628.610976028678,22926.018497054298
2016-09-08,28603.598647811123,22980.447252293096,27987.74673279478,22968.633957951788,27928.855284122415,22687.847188998425,27327.53079802312,22676.1843763292
2016-09-09,28122.342221665287,22593.800521158173,27521.579563592684,22586.065715683424,27458.95143113588,22306.12345912751,26872.36026232328,22298.487208352773
2016-09-12,28285.76419835818,22725.095543211068,27550.694989811527,22609.959799538577,27618.51837211167,22435.74675863069,26900.78887125308,22322.077059277075
2016-09-13,28416.805995253984,22830.375970981302,27796.210595664426,22811.446476391786,27746.468963441854,22539.686695814275,27140.51289564118,22520.99829429965
2016-09-14,28606.85786317441,22983.06574193358,28006.901692333107,22984.35381058286,27932.037608004284,22690.432331755015,27346.233902339303,22691.70407494443
2016-09-15,28962.812549801412,23269.043670828352,28354.560567144083,23269.66614794262,28279.595508755545,22972.769021223863,27685.691690753207,22973.383654960177
2016-09-16,29024.65998803547,23318.73258618222,28457.13112016606,23353.84246659088,28339.984000351462,23021.825269872952,27785.842659441016,23056.488193318142
2016-09-19,29151.917302564994,23420.97251899704,28615.93349165136,23484.16641074843,28464.23938290268,23122.763425162662,27940.898968153375,23185.152779630815
2016-09-20,28923.502534888732,23237.461570432155,28349.57023404578,23265.57074378745,28241.212798656517,22941.58904436597,27680.81907693623,22969.340395796917
2016-09-21,29086.608451109532,23368.502666008982,28535.40588294848,23418.080019962337,28400.471138648074,23070.961653609866,27862.27096255046,23119.907837986702
2016-09-22,29262.1121711653,23509.50429419507,28739.14743256287,23585.284086791893,28571.83482074879,23210.16796885958,28061.20635828206,23284.982968481625
2016-09-23,28932.083410650303,23244.35554084634,28415.743102636225,23319.876665986638,28249.591259614943,22948.395239606347,27745.43096304709,23022.954864413972
2016-09-26,28376.66426472533,22798.12566106793,27943.29836187095,22932.156624798692,27707.274150967525,22507.847012197723,27284.130940330408,22640.17149312288
2016-09-27,28992.836272488203,23293.16506142736,28474.018987131,23367.70179004237,28308.91099366928,22996.583289128084,27802.332150681712,23070.171052059002
2016-09-28,28968.940573709835,23273.966992957223,28397.145560310066,23304.61426754187,28285.578984872514,22977.629664111657,27727.272126769996,23007.88679542075
2016-09-29,29031.96183605306,23324.598971572344,28523.92235785152,23408.655864205277,28347.113618804782,23027.616974987228,27851.058327651586,23110.603675887654
2016-09-30,29301.90590961412,23541.47502342583,28741.430105967553,23587.15740265323,28610.689854269192,23241.73163497,28063.43518464539,23286.832432230512
2016-10-03,29185.34068552801,23447.82523423165,28628.460066711923,23494.44656370464,28496.874339837803,23149.274247336765,27953.130048026633,23195.302039890637
2016-10-04,29384.195856731294,23607.58767632676,28832.52567739907,23661.91657692249,28691.038627067872,23307.00250484759,28152.381860404083,23360.639730594678
2016-10-05,29669.283948938715,23836.630600117427,29106.298517828796,23886.59304764712,28969.401645793656,23533.12912434815,28419.696546360527,23582.455493974496
2016-10-06,29798.894627162386,23940.76125133117,29236.50218400476,23993.446964003124,29095.95487911634,23635.93392567959,28546.828777883475,23687.948886096005
2016-10-07,29749.434578644123,23901.024501768123,29182.080813274024,23948.785114096514,29047.661565869425,23596.703126563403,28493.691178100486,23643.85569601233
2016-10-10,29444.662246812233,23656.16704233244,28852.698482806547,23678.471742571688,28750.078648619823,23354.963331504434,28172.078800151266,23376.984106552307
2016-10-11,29157.113347006212,23425.147078522645,28563.961569249605,23441.514743462245,28469.31287103096,23126.88484446892,27890.153035527,23143.04417739047
2016-10-12,29021.787397252407,23316.424715002067,28408.10342563454,23313.607031411044,28337.179190667972,23019.546798634306,27737.971501928492,23016.765058356348
2016-10-13,29279.868775171657,23355.426162905926,28671.056315260987,23351.00791727584,28589.172572056123,23058.05165830594,27994.721473918053,23053.68973508117
2016-10-14,29464.30946786545,23238.073770783732,28880.840546823605,23233.800601038376,28769.262408130915,22942.193464273478,28199.557007971584,22937.97476839569
2016-10-17,29075.74122006933,22931.615626325325,28516.39956881006,22940.618378717445,28389.86027337788,22639.637317620145,27843.712997168917,22648.52550722577
2016-10-18,29526.946379314522,23287.47459487619,28941.978788420252,23282.984547469976,28830.42174836737,22990.96528872788,28259.253031239205,22986.532477124907
2016-10-19,29371.234907721366,23164.66721438131,28801.186929406835,23169.721570470956,28678.38342452326,22869.72156026059,28121.78237666908,22874.711628129553
2016-10-20,29280.26496990073,23092.920543097356,28710.28650738932,23096.59481100974,28589.559418372508,22798.888408389223,28033.02624685438,22802.515959748853
2016-10-21,29543.202651552136,23300.295681143543,28952.3087475846,23291.294700737577,28846.2945484287,23003.623133223875,28269.33931220712,22994.7368208415
2016-10-24,29754.266817756357,23466.758929500746,29144.437104483553,23445.856404949693,29052.37982744895,23167.966878793282,28456.935464210932,23147.330558398975
2016-10-25,29779.09105019045,23486.337441776275,29174.819063341376,23470.29781179958,29076.618471046568,23187.29610742762,28486.60072895404,23171.460763493433
2016-10-26,29558.776587251894,23312.57861847446,28958.252449013653,23296.07623656618,28861.50110490307,23015.749678409884,28275.14280490724,22999.45747546335
2016-10-27,29561.43581318847,23314.675911423234,28960.952540443206,23298.24838199862,28864.097601245383,23017.820267518822,28277.779202628113,23001.601963916975
2016-10-28,29334.033453542186,23135.32696673224,28737.672450239817,23118.626009666456,28642.05953686794,22840.75489277566,28059.766170000916,22824.26664477808
2016-10-31,29298.397979257454,23107.221784725898,28708.972480505014,23095.537714400492,28607.264683168873,22813.007561133974,28031.743217159517,22801.4723226889
2016-11-01,29374.84008859518,23141.100162343868,28783.876726630766,23129.39896155811,28672.610120471403,22852.080542965126,28095.774033777758,22840.52554753882
2016-11-02,29332.76345453807,23071.255077956586,28742.646590768967,23059.589194046457,28557.896798349084,22742.534309360908,27983.36851633547,22731.03470522494
2016-11-03,28963.458762263184,22780.783886240693,28380.771574430284,22769.264877877227,28206.88241897401,22462.99843799106,27639.41585056517,22451.640179222275
2016-11-04,28967.173499671386,22783.7056584912,28384.411578709693,22772.185172745783,28191.042151576694,22450.38378967516,27623.894257952572,22439.03190941547
2016-11-07,29544.830423610365,23238.053243586597,28950.447194181856,23226.303018879662,28871.94119791227,22992.62855061964,28291.094965013443,22981.002488071783
2016-11-08,29599.56562550886,23281.104414223853,29004.081232675402,23269.332420872037,28946.565490027715,23052.056789881477,28364.217964276395,23040.40067785819
2016-11-09,29884.799190023004,23505.450692879112,29283.576465143415,23493.56525976714,29232.492219261996,23279.75907816588,28644.392414423433,23267.987830065824
2016-11-10,29969.24909413922,23571.873526929303,29366.327405142598,23559.954507388313,29312.0690028678,23343.13131261867,28722.368270863764,23331.32802078947
2016-11-11,30184.539546586147,23741.207076151484,29577.286641855477,23729.20243380755,29505.74299085355,23497.366666422844,28912.145922071846,23485.485386560813
2016-11-14,29592.84171115634,23275.815817962204,28997.492590107147,23264.04649876703,28999.635078358846,23094.319598726495,28416.219897673887,23082.642116808154
2016-11-15,30334.640419320196,23808.631199244184,29724.367783550406,23796.592464173606,29774.73018387752,23686.45854582385,29175.721625903076,23674.48165296949
2016-11-16,30415.553855231152,23873.170226976614,29803.6534020513,23861.098858015826,29881.934507113947,23772.255720902765,29280.769210634273,23760.23544530416
2016-11-17,30499.843494960398,23952.92762397483,29886.247301864245,23940.815926018884,29993.327388089816,23867.643630163326,29389.921087624884,23855.57512233251
2016-11-18,30576.378881739038,24023.884579829006,29961.242948874307,24011.737002784263,30103.248553358455,23960.52084403523,29497.630856911368,23948.405373487843
2016-11-21,30787.938877330544,24183.24853074732,30168.546778104574,24171.020371985436,30336.40115918487,24142.677017159065,29726.092894415528,24130.46944061094
2016-11-22,30953.80504486276,24314.13629349248,30331.076048220315,24301.841951879236,30496.288081238323,24270.22139933979,29882.763208492128,24257.949330862804
2016-11-23,30756.091584842616,24207.30506181398,30137.340189803675,24195.064738967492,30353.89255463881,24181.089408246462,29743.232397660773,24168.86240874022
2016-11-24,30935.064240335763,24332.67469103677,30312.71227140873,24320.370975560127,30530.524775285947,24314.06238009982,29916.311128112422,24301.76814373614
2016-11-25,30882.295475627947,24318.404286148434,30261.00510930043,24306.10778644251,30511.097242921962,24312.198191994445,29897.274439194356,24299.904898244495
2016-11-28,30048.894897102564,23692.432119867422,29444.37089294972,23680.452140376725,29642.297379886215,23635.053834654358,29045.953107447105,23623.1029342343
2016-11-29,30704.610648660622,24166.38978593809,30086.89494767249,24154.170151730214,30280.864490339205,24122.737586143307,29671.673513273716,24110.54009182965
2016-11-30,30907.71447794718,24352.315211787503,30285.912731846256,24340.001565163457,30545.0265628877,24346.18947966108,29930.52116849008,24333.878998453176
2016-12-01,31099.056929904003,24503.0747157545,30473.405754211162,24490.684838216028,30734.123691686895,24496.911055179324,30115.814037847136,24484.52436265611
2016-12-02,31098.457957438288,24502.602782888076,30472.818831880224,24490.21314398049,30733.531748954883,24496.439241874956,30115.234003829668,24484.052787920853
2016-12-05,31388.358608523147,24731.01669684338,30756.88725841904,24718.51156139282,31020.03054753553,24724.795698582526,30395.969014421662,24712.293777775947
2016-12-06,31454.066248550247,24782.788016359882,30821.272991408005,24770.256702957526,31084.967134484476,24776.55399208954,30459.599205945095,24764.025900062203
2016-12-07,31705.986129091154,24981.276725171567,31068.12474497014,24968.64504678141,31333.9308465006,24974.992768818865,30703.554261519945,24962.364337605646
2016-12-08,31907.05223865324,25139.697538912333,31265.145804287677,25126.985755698413,31532.637538639214,25133.373733645436,30898.263368848122,25120.665218200025
2016-12-09,31839.418833016673,25086.40890076073,31198.87304826335,25073.72406272445,31465.79778169248,25080.098501291344,30832.768295335183,25067.416924096266
2016-12-12,31830.873341366223,25079.675872782882,31190.49947490965,25066.994439274116,31457.352570087518,25073.367169056066,30824.49298464936,25060.688995512264
2016-12-13,31901.35286016863,25135.206975190205,31259.56108596327,25122.497462611103,31527.00504502257,25128.88430370333,30892.744189839483,25116.178058306916
2016-12-14,31664.864261222578,24948.876636541667,31027.8301673,24936.2613411212,31293.291535056684,24942.600838345355,30663.732532475424,24929.98878588626
2016-12-15,31790.503815739303,25047.86855769594,31150.942103851517,25035.203207423398,31417.456762561444,25041.567855099856,30785.399801697477,25028.905760657766
2016-12-16,31771.514581039333,25032.906861664545,31132.334894787964,25020.2490767112,31398.690355859508,25026.609921032355,30767.010937903484,25013.955389965493
2016-12-19,31433.57911099985,24766.64611651896,30801.198014320347,24754.122965200946,31064.72040546229,24760.416153737922,30439.759800981945,24747.896221696203
2016-12-20,32095.173114012894,25287.91874944358,31449.482061769482,25275.132018792727,31718.550903616044,25281.557661435065,31080.436525400724,25268.774217818256
2016-12-21,32350.44817277065,25489.05101695602,31699.621494035517,25476.162584612932,31970.83042757561,25482.639336041328,31327.640685354625,25469.75421687572
2016-12-22,32303.201465573267,25451.82514225698,31653.325296622796,25438.95553302219,31924.138136895337,25445.42282376229,31281.88775101902,25432.55652286701
2016-12-23,32615.465771491417,25697.85947172947,31959.307465736445,25684.86545626208,32232.738162927737,25691.395263555212,31584.27935617093,25678.404588408255
2016-12-26,32492.2837664359,25600.803863891746,31838.603637638542,25587.858924187683,32111.001642494255,25594.364069721865,31464.991933247562,25581.422457722525
2016-12-27,32766.710091797337,25817.02549303817,32107.509051112185,25803.9712217691,32382.20770105077,25810.531309781538,31730.7418634346,25797.480394322258
2016-12-28,32700.44545912732,25764.815316730084,32042.577531064533,25751.787445318918,32316.720654356504,25758.33426735961,31666.572286324914,25745.309744971422
2016-12-29,32666.55309470043,25738.11138356203,32009.36701360485,25725.097014883304,32283.22600273828,25731.637052571674,31633.75148071106,25718.626029444276
2016-12-30,32568.8996219529,25661.169811205706,31913.678134515987,25648.19434771215,32186.718445832463,25654.71483213062,31539.185464572827,25641.74270418844
2017-01-03,33157.55849199165,26107.471220856998,32490.494358813037,26094.27008691698,32769.08199835423,26110.142500429978,32109.8330166587,26096.94008865809
2017-01-04,33804.25978109498,26602.362936322752,33124.18530413773,26588.911562450783,33395.24468817033,26601.910460270774,32723.398554206153,26588.45938945377
2017-01-05,33267.271847595664,26151.173294612126,32598.000499899983,26137.950062900774,32818.888278946746,26128.495290627598,32158.637293601427,26115.283598895123
2017-01-06,32753.255051390446,25773.908339292004,32094.324699358927,25760.875870031898,32365.837388516673,25781.19088321694,31714.700889142834,25768.15480354008
2017-01-09,32725.840169683277,25723.464999126343,32067.46135054905,25710.45803633082,32294.729691126922,25710.11043663306,31645.02373768956,25697.11029828914
2017-01-10,32694.51052420065,25704.16656708629,32036.761995225203,25691.169362462442,32261.20440986979,25686.083082246118,31612.17291864443,25673.09509316666
2017-01-11,32324.82757769219,25394.17312316472,31674.516334375854,25381.332665432943,31895.168998129502,25384.979948644283,31253.501413908503,25372.144210267994
2017-01-12,32170.107145172784,25195.12005322688,31522.908569251074,25182.380245849756,31699.29845317293,25150.708865320383,31061.571396102292,25137.99158448634
2017-01-13,32382.03891700723,25315.9075465,31730.57669532566,25303.106663430648,31924.394116979867,25278.642389291395,31282.1385812916,25265.86041976165
2017-01-16,32466.70488747795,25377.80292275772,31813.53935485401,25364.970742549507,32007.863530889572,25342.591249103665,31363.928756029287,25329.776944278183
2017-01-17,32451.897682247065,25330.77257034146,31799.03004114383,25317.964170834806,31941.07073738826,25272.003786361147,31298.479701150336,25259.225173594758
2017-01-18,32322.113103943928,25241.651298414894,31671.856470440864,25228.887962707708,31815.064724886433,25178.384721617054,31175.00867987693,25165.653446678964
2017-01-19,32470.085958722273,25368.238676530957,31816.852405669164,25355.411332443968,31974.769755926925,25310.275854345942,31331.50076222724,25297.47788957483
2017-01-20,32519.609691431015,25400.466380725094,31865.379819368492,25387.622740833885,32034.812889120796,25354.57948959824,31390.335946586354,25341.75912300242
2017-01-23,32444.207406565765,25324.792711918995,31791.494478514836,25311.98733610282,31937.89672884073,25269.49928500332,31295.369547363913,25256.72193862061
2017-01-24,32555.95097451667,25427.524485429407,31900.98998811393,25414.6671637204,32087.538565763367,25395.63444084652,31442.000887116832,25382.793315100433
2017-01-25,32910.64654437934,25732.581716246328,32248.549788528744,25719.570143620822,32478.8823575349,25719.35809358279,31825.47161743882,25706.353279225517
2017-01-26,32933.1695605397,25770.583773798473,32270.61968639769,25757.552985591054,32546.398666580146,25783.01337100167,31891.629632162967,25769.976369796546
2017-01-27,32989.81730839382,25809.89828880887,32326.127794225897,25796.847621380897,32675.081182256512,25882.446988186504,32017.72331067185,25869.35970906513
2017-01-30,32776.3208803622,25636.340962605875,32116.926489725036,25623.378053716067,32433.623572766108,25687.912256745545,31781.123349716952,25674.923342756738
2017-01-31,32821.58153238044,25642.19172325548,32161.276587438962,25629.225855952947,32415.818087099502,25659.00515983397,31763.6760751316,25646.030862517462
2017-02-01,32861.033197076096,25685.920505099268,32199.934563102324,25672.93252652057,32454.33039968625,25695.94751175743,31801.41359632026,25682.954534797867
2017-02-02,32877.04257473891,25674.046530469415,32215.62186392598,25661.064555916466,32425.550779139845,25660.962406639712,31773.212964698225,25647.987119654983
2017-02-03,33245.07782739079,25960.58036090077,32576.252979242214,25947.45350171147,32803.56235718485,25959.6792943415,32143.619699009498,25946.55296324222
2017-02-06,33172.081316321615,25883.859575543334,32504.72501280045,25870.771509899176,32690.925630453166,25860.68311569518,32033.248999974385,25847.606841324407
2017-02-07,33293.36116142989,25970.3224563623,32623.56494862624,25957.19067112306,32799.43634499169,25942.44060723333,32139.57669400394,25929.322992756166
2017-02-08,33221.270322050135,25905.222560866638,32552.9244335607,25892.12369311805,32722.936374423574,25877.50545716451,32064.615751221198,25864.420676693888
2017-02-09,33217.526657244205,25907.53628817501,32549.256083845274,25894.436250499857,32744.98662022821,25897.556609569314,32086.22238978369,25884.461690373075
2017-02-10,33305.65267180884,25974.779577788155,32635.609178261693,25961.64553882405,32837.37753578534,25969.882923054218,32176.754583238016,25956.75143256112
2017-02-13,33444.15623366935,26103.104954037623,32771.326323913156,26089.90602788221,33026.070166549776,26129.26496671291,32361.651092259064,26116.05288579908
2017-02-14,33703.48914455875,26307.323674074978,33025.441972396184,26294.021485575486,33298.268973165366,26345.526562964813,32628.373798381843,26332.20513088049
2017-02-15,33908.38197758791,26455.09386482886,33226.21276911522,26441.7169569487,33490.27382618245,26491.351952489385,32816.51589430861,26477.95678481211
2017-02-16,33985.78985032098,26498.344485694197,33302.06334939751,26484.945708317977,33549.468741966,26529.593104429892,32874.51992571054,26516.17860038038
2017-02-17,34023.923689391115,26533.43269989718,33339.430011466044,26520.016180311788,33610.582139441634,26580.600161006107,32934.40384275533,26567.159865593556
2017-02-20,34136.67653892602,26621.134919799322,33449.91449791093,26607.674053952203,33721.96520464439,26668.572327259906,33043.54610144673,26655.08754933397
2017-02-21,34449.698765759116,26863.63143246899,33756.63934007807,26850.04794927159,34042.39214881628,26921.171003181167,33357.52669058605,26907.558500493386
2017-02-22,34462.90499929127,26886.02163091065,33769.57989045609,26872.426826202787,34085.4591356773,26961.287927814275,33399.72725502992,26947.65514028286
2017-02-23,34655.513673854635,26997.501398298915,33958.31366154695,26983.850224311605,34230.36285620981,27056.459818706968,33541.715799903555,27042.778908171527
2017-02-24,34582.007725176074,26930.26768750609,33886.28650636733,26916.650509964238,34144.464388367895,26983.567442195766,33457.5454389844,26969.923389183015
2017-02-27,34573.51399380035,26930.292388835896,33877.96365197457,26916.675198803918,34140.31445120755,26983.613953880038,33453.47899033458,26969.96987734898
2017-02-28,34517.88536968222,26897.396060300616,33823.454165139614,26883.795504159967,34106.9094838645,26962.439062746078,33420.74606472604,26948.805693151295
2017-03-01,35222.86144281946,27446.73506091224,34488.62812842219,27412.493747582157,34803.49199073904,27513.106469380058,34078.0003534544,27478.782435251178
2017-03-02,35265.55043889911,27479.99963731006,34596.68584114855,27498.380938092017,34845.67272683278,27546.45148784581,34184.77151612626,27564.877321071603
2017-03-03,35287.483701415505,27497.090708865562,34586.871624618274,27490.58033354863,34867.34484863854,27563.583889238693,34175.074151323985,27557.057854705236
2017-03-06,35175.425669913035,27409.77165027378,34443.219878390315,27376.40204322522,34756.62100055859,27476.053677565284,34033.13275105032,27442.603461365827
2017-03-07,35078.17233114005,27333.988862795693,34366.08906641964,27315.09638928563,34660.525574791514,27400.087631369304,33956.92027569596,27381.149561272123
2017-03-08,34928.67705916519,27217.49755701652,34248.39675300805,27221.55135776044,34512.81022060526,27283.314628592165,33840.62922396579,27287.378316583003
2017-03-09,35111.383888887365,27359.86832826532,34372.12366974408,27319.892855102833,34693.34170944246,27426.029677839957,33962.883028862656,27385.957624987233
2017-03-10,35000.12172978687,27273.169437884313,34249.28886372069,27222.260431465587,34583.40425798996,27339.12113407689,33841.51071596954,27288.08910732008
2017-03-13,35458.80228473267,27630.587408869633,34702.58541890694,27582.55278460222,35036.62368271299,27697.4034090197,34289.41023738684,27649.2527135829
2017-03-14,35569.268243221595,27716.66587528888,34859.78084840862,27707.49596043159,35145.77441834056,27783.69003253815,34444.73406807234,27774.498024520984
2017-03-15,35624.622515117604,27759.799623456547,34883.93106342303,27726.691204023773,35200.46963081788,27826.928084761603,34468.59674723606,27793.739686656696
2017-03-16,35355.44481165363,27550.048092528992,34650.51659513205,27541.167076221525,34934.4967995688,27616.669331816185,34237.96135569687,27607.766927684886
2017-03-17,34901.79590618253,27196.55093729783,34214.783789879555,27194.83486622107,34486.24911261233,27262.317350722784,33807.4164662309,27260.59722219935
2017-03-20,34645.14016577274,26996.5569044358,34020.098250827454,27040.093538090012,34232.64915793904,27061.839693037957,33615.048883043295,27105.481695725353
2017-03-21,34348.671515981834,26765.53943023408,33841.75719883353,26898.34325000906,33939.71031915744,26830.263578130885,33438.831186509815,26963.38862412311
2017-03-22,34217.98336926758,26663.703213880937,33665.28887872131,26758.0814598413,33810.57816916344,26728.18110340822,33264.46392449036,26822.787649677222
2017-03-23,33936.4850695335,26484.38061505748,33384.36029804014,26574.96303794216,33532.431434961945,26548.424867215264,32986.880134660794,26639.226416144196
2017-03-24,33769.35345750128,26611.266133366138,33237.329375713496,26716.118786218904,33367.28972188423,26675.617219710373,32841.599783034064,26780.723501556993
2017-03-27,34068.83705310695,26546.784628521753,33514.36688154684,26637.133606686926,33663.207613859675,26610.979786055217,33115.33883135285,26701.547321167243
2017-03-28,34300.2881502962,26732.72151239297,33725.64677243973,26810.66517740207,33891.90301491369,26797.36630093361,33324.10318498587,26875.49852375122
2017-03-29,34308.89634953001,26752.12385385807,33748.94286476311,26841.915077491616,33900.408725888294,26816.81556287003,33347.1219088758,26906.823991314224
2017-03-30,34396.45324445966,26859.44019391323,33858.94850376235,26968.58257120316,33986.923156495526,26924.39141666787,33455.81780211893,27033.797792259094
2017-03-31,34429.41953914732,26760.289869187913,33879.18920794422,26859.303766807283,34019.49694821741,26825.001327175753,33475.81752477113,26924.254737088017
2017-04-03,34306.96079094384,26669.372307001817,33758.68752199984,26768.049806837822,33888.774475148646,26724.77350655996,33347.184180736156,26823.656070154535
2017-04-04,34405.15127281593,26730.634418986727,33855.30878248845,26829.538590525983,33968.29471476192,26777.41669402859,33425.43357504296,26876.494039192832
2017-04-05,34301.83562888607,26671.771748659077,33753.64426720784,26770.458126503196,33912.755016154864,26747.930766070363,33370.78147895874,26846.899012306385
2017-04-06,34434.789862604586,26746.582141630224,33884.473706113284,26845.54532023497,34033.314284143686,26823.918391924373,33489.41404022962,26923.167794939665
2017-04-07,34471.442324204356,26758.604468756148,33920.54041005709,26857.612130341946,34053.896424309125,26829.14431525556,33509.667248838094,26928.413054363486
2017-04-10,34546.34924598915,26821.666311375397,33994.25021434949,26920.907303723277,34139.87969098259,26900.171002267998,33594.276381939795,26999.702542514115
2017-04-11,34668.07645429025,26853.544725907024,34114.03205142341,26952.90366937158,34226.23667073518,26926.339450950258,33679.25325565984,27025.967815339347
2017-04-12,34475.0139193503,26700.349425316123,33924.05492611177,26799.141541445,34018.478289339146,26760.451943907723,33474.815145494904,26859.466518924164
2017-04-13,34294.17163841809,26543.84167587777,33746.10275803841,26642.05470850811,33798.58940521746,26576.48733787876,33258.440395104335,26674.821237646436
2017-04-17,34607.03542971592,26781.316243959234,34053.96654788947,26880.407939813555,34115.76656741334,26822.76379413357,33570.548620010064,26922.008925098078
2017-04-18,34479.08710724329,26682.168534471763,33928.06301875909,26780.893380743943,34006.06747168555,26736.426877696947,33462.60267016825,26835.35255915787
2017-04-19,34339.500600748186,26599.458042834725,33790.70730008231,26697.876857737625,33899.14529161908,26669.27005244667,33357.389256968636,26767.947251388483
2017-04-20,34572.04996205155,26772.570218251065,34019.5401969839,26871.629553540595,34148.92631747308,26861.085748645502,33603.17843061122,26960.47267213458
2017-04-21,34682.4471740447,26836.95987980373,34128.17310695477,26936.257458826338,34252.7682494054,26928.65199729441,33705.360822375485,27028.288918182996
2017-04-24,34777.89165912861,26957.983180378564,34222.09225552874,27057.72854934483,34400.96687365614,27076.715567497504,33851.191024109256,27176.900328591095
2017-04-25,34923.155498260574,27103.03083186646,34365.034575117614,27203.312881615504,34720.81249981388,27350.18987871611,34165.92506716846,27451.386503987484
2017-04-26,34938.30605862903,27113.507876589727,34379.94300831805,27213.828691727285,34737.1650812677,27362.20934162148,34182.01631136412,27463.450439311102
2017-04-27,35201.51193176087,27307.99661907929,34638.942483064835,27409.03704856076,35008.2418414281,27569.161817566717,34448.76088351779,27671.168646399343
2017-04-28,35424.2879508936,27457.555931029772,34858.158229488,27559.14973457684,35203.485807118916,27707.26117239642,34640.88457594708,27809.778973501005
2017-05-01,35700.23802475625,27671.44631600403,35123.05700491675,27768.58090900909,35477.71586463954,27923.09672534921,34904.132210944634,28021.11475877891
2017-05-02,35890.18910835648,27818.678421539724,35305.22902511161,27912.60762289765,35666.482969447,28071.667793064327,35085.16873996388,28166.451285827377
2017-05-03,35871.91467433952,27804.51380954176,35297.62883656025,27906.59885063496,35648.32243952714,28057.37436347966,35077.61592581531,28160.387869876224
2017-05-04,36254.18575038691,28100.814174588944,35645.627517685076,28181.729501468984,36028.21079217391,28356.369351101224,35423.44549830768,28438.020617747534
2017-05-05,36437.624406742674,28242.998462775166,35810.12210670144,28311.780291283656,36210.50606199766,28499.846695338474,35586.914782530366,28569.254121707934
2017-05-08,36926.88662269007,28622.228235239123,36390.958507625015,28770.99437938783,36696.71867417484,28882.5252716794,36164.13078639021,29032.644409912522
2017-05-09,36957.71550224923,28646.123865433863,36401.267545386945,28779.144790359922,36727.35539395953,28906.638213255435,36174.3755695562,29040.868944561826
2017-05-10,36921.93403958949,28618.38946146685,36360.54805691639,28746.951624201014,36691.796959748724,28878.651586335644,36133.9098837813,29008.383002265986
2017-05-11,36956.832311176055,28645.439299287515,36480.270899067116,28841.605498675934,36726.47770946125,28905.947422753783,36252.88648857971,29103.897684496667
2017-05-12,36587.71192453082,28359.33210425668,36153.49388470393,28583.252874037415,36359.658078904475,28617.23830563154,35928.146300420325,28843.195541145622
2017-05-15,36561.94793265798,28339.362295722043,36088.070310872106,28531.528452582552,36334.05467489007,28597.086886371064,35863.13051317199,28791.000722933044
2017-05-16,36631.595256926434,28393.346310988585,36275.73379000459,28679.89675956754,36403.26788564729,28651.56184710472,36049.62427186476,28940.71832606794
2017-05-17,36319.70174903542,28151.5959771692,36062.3381073705,28511.184358536262,36093.31843303942,28407.612981338963,35837.55870212612,28770.471616305334
2017-05-18,36500.866015344334,28292.017373409446,36299.050960041335,28698.33150807602,36273.353491083195,28549.311402931,36072.796102504726,28959.32072310246
2017-05-19,36957.10579999016,28645.65128193682,36766.632118556314,29068.00505983815,36726.74950122942,28906.16133922633,36537.462796555505,29332.35617575
2017-05-22,37240.64271119667,28865.42226530158,36971.259094115034,29229.784848145664,37008.51910488759,29127.930968568577,36740.81431935262,29495.607229299578
2017-05-23,37551.05323795038,29106.023132473147,37325.52014065855,29509.866577149965,37316.994822700886,29370.719916391095,37092.867229067684,29778.23608609707
2017-05-24,37995.23049221694,29450.307308889674,37705.01667545089,29809.899692991643,37758.403486931486,29718.135090291937,37469.99833338387,30080.997773145555
2017-05-25,37797.073158265455,29296.714494613236,37583.26159013734,29713.63911017451,37561.481285398215,29563.14547084288,37349.00215772536,29983.861774948833
2017-05-26,37526.69877897582,29087.14586046161,37275.05950931049,29469.971982436535,37292.79216701704,29351.67097033581,37042.72112326559,29737.97868113154
2017-05-29,37439.6410915281,29019.666979146183,37187.04505323016,29400.38702163751,37206.27711584621,29283.57842031769,36955.25526823228,29667.76089870535
2017-05-30,37355.169265805875,28954.19241314843,37018.51387323378,29267.144869430624,37122.33180767633,29217.508412637097,36787.7745556134,29533.30701113086
2017-05-31,37519.61362265327,29081.654117726346,37167.92137144594,29385.267679809465,37285.75117317796,29346.129284598166,36936.25078688175,29652.504058923867
2017-06-01,37746.32754629492,29275.011274749442,37392.51017911525,29580.64349281961,37536.4327442121,29552.325915833822,37184.58257808963,29860.853391313012
2017-06-02,38319.65710960924,29687.57958732595,37960.46560486958,29997.519034086643,38103.17905985878,29982.32652697028,37746.01646070176,30295.343226187262
2017-06-05,38539.71891383539,29861.14090146339,38178.46464714644,30172.892334867338,38325.447529975834,30158.77448770918,37966.20148302111,30473.63331075883
2017-06-06,38721.050936308166,29970.120577689926,38358.09694350154,30283.009763009904,38435.78954488354,30229.687401005485,38075.5091999565,30545.286557732445
2017-06-07,38535.30526381215,29842.194827689807,38174.09236872495,30153.748463371434,38273.97305168109,30110.408352205894,37915.209504058745,30424.762230848533
2017-06-08,38560.33897654693,29885.58688873922,38198.89142651695,30197.593539169186,38340.70381712141,30175.01663017657,37981.31476437806,30490.045021849222
2017-06-09,37988.73389464568,29456.997016776106,37632.64431765021,29764.52917283334,37726.52273932782,29698.92367320472,37372.89075241232,30008.981635188477
2017-06-12,37369.22704922818,28983.4040425095,37018.94445519619,29285.99187011442,37072.68094100367,29187.627432625366,36725.177782230305,29492.347441218342
2017-06-13,37710.92494362215,29249.109977684617,37357.43942477008,29554.47178523987,37475.15006189428,29504.840403788814,37123.874332935324,29812.872128605446
2017-06-14,37220.134144262855,28865.655358567023,36871.24908113067,29167.013885485754,36969.510731846785,29105.33424966737,36622.97464566335,29409.195114108392
2017-06-15,36875.11218582655,28646.88992596154,36529.46120581949,28945.964533541115,36641.90596469421,28872.026644557183,36298.440702862434,29173.45176818309
2017-06-16,36951.95198182175,28695.691987140504,36605.58073957779,28995.276090073115,36710.30432217958,28920.43245384213,36366.19792394553,29222.362936070935
2017-06-19,37314.2685094112,29001.996110212272,36964.501072405765,29304.778039702825,37138.170593595765,29270.074213630895,36790.05356335249,29575.654969945634
2017-06-20,37357.724782686804,29037.262998626742,37007.550005810255,29340.413115757925,37177.73020751516,29302.005167691663,36829.24236268691,29607.919284455733
2017-06-21,37491.81521843307,29137.2416355731,37140.3835371628,29441.435533431908,37315.91121396927,29408.771250043046,36966.12812059125,29715.800009016617
2017-06-22,37462.08888975585,29105.932089250913,37110.935849933165,29409.79911426928,37253.169398847516,29355.18233685412,36903.97441990817,29661.651625410814
2017-06-23,37652.988587600186,29235.30879285584,37300.04613850573,29540.526515522735,37473.55955820481,29519.296012027018,37122.29873793446,29827.478653977174
2017-06-26,37107.74257136785,28836.876898866012,36759.91101709335,29137.934977583765,36949.96310911023,29119.42055683386,36603.61025382553,29423.42848289031
2017-06-27,36881.853127343995,28657.704224927915,36536.138960734825,28956.89173419518,36707.659223201066,28926.63299510447,36363.577618972384,29228.628211234347
2017-06-28,37224.65236086776,28921.230073570743,36875.72494597297,29223.168802603006,37097.89518955716,29232.71932285909,36750.155683403565,29537.910092606293
2017-06-29,36713.825091437255,28534.938407111735,36369.68594526428,28832.844236626595,36539.122014557455,28797.764052277053,36196.62020469185,29098.413871441844
2017-06-30,36600.769614188335,28452.496551632477,36257.6902000186,28749.541685077387,36414.54090321595,28702.316203123653,36073.20686240873,29001.96954289041
2017-07-03,36418.08529180219,28366.633001799975,36076.71827961097,28662.781716557274,36264.24853917461,28612.175992263252,35924.32327350634,28910.88826459
2017-07-04,36539.19358593268,28455.69812415163,36196.691358197095,28752.776682133976,36384.84524938913,28704.66890608634,36043.78956270265,29004.346808166996
2017-07-05,36832.77774119016,28677.31749295802,36487.5235855291,28976.70976548073,36708.150388932045,28956.19167890001,36364.0641807298,29258.495488881883
2017-07-06,36723.21079820508,28586.68303890366,36378.98367457116,28885.12908431936,36573.94384770101,28847.636887690653,36231.11563314319,29148.807381270348
2017-07-07,36785.65963051756,28663.1988896008,36440.84713917058,28962.443763373783,36714.247405349684,28972.380145897096,36370.10404637197,29274.852964127887
2017-07-10,36782.07648854606,28648.392875996284,36437.29758398595,28947.483174430723,36701.20652490838,28956.017352688046,36357.185405462085,29258.31934269723
2017-07-11,36764.497967343064,28631.156222581132,36419.88383606013,28930.06656970604,36682.165489813495,28939.202931557145,36338.322852734105,29241.329378330985
2017-07-12,37117.29435811987,28900.680569253243,36769.37326962416,29202.404760688038,37073.37315376662,29245.193633892708,36725.86350649241,29550.514635950643
2017-07-13,36921.30734035707,28760.996809941702,36575.223347418294,29061.262697678983,36919.26339161177,29130.160626818142,36573.1983021032,29434.280679638763
2017-07-14,36968.77548152918,28774.301730517363,36622.246543245354,29074.706522125547,36989.193521774,29173.349281302784,36642.47293769348,29477.920225419588
2017-07-17,36842.84703769577,28696.96908049189,36497.498496906126,28996.566516327097,36867.31777348028,29098.223069391213,36521.73959956365,29402.009692823096
2017-07-18,37044.826548002966,28741.088938179753,36697.58474068366,29041.146986987555,37042.03691666169,29125.493456698663,36694.821001621065,29429.56478407484
2017-07-19,36974.85227635058,28755.76413636142,36628.26637688181,29055.975394789835,36991.18031517531,29152.21869024448,36644.44110775908,29456.569030137674
2017-07-20,37998.20723789169,28849.617377594615,37642.02886196972,29150.80846738917,38020.07186159996,29256.82070096008,37663.68827311005,29562.26309006754
2017-07-21,37828.445725714315,28701.567659726807,37473.85861906783,29001.213104902068,37805.140517892076,29081.713376975018,37450.771602173656,29385.32763855164
2017-07-24,37791.74006756768,28685.66606361446,37437.49702351405,28985.145495528614,37769.58909054318,29060.418503341894,37415.55341841516,29363.810445578187
2017-07-25,37651.2007449349,28584.880094647957,37298.27505428625,28883.30731725785,37675.94652696186,28991.352071380363,37322.788619425286,29294.022957279023
2017-07-26,37940.946027899416,28806.752631373576,37585.30439321501,29107.496211606423,37972.579133837084,29220.570696374445,37616.640721484895,29525.63463397075
2017-07-27,38096.250231713806,28908.034237369862,37739.15284416342,29209.835201376187,38068.3929097431,29285.8648793335,37711.55638080112,29591.610490835585
2017-07-28,38313.57181583701,29057.978842681117,37954.43735194771,29361.345234002867,38254.374171093725,29421.360535264546,37895.79433483887,29728.520726884006
2017-07-31,38326.097325969946,29069.94739780208,37966.845453492686,29373.438741289152,38260.204840132894,29427.094774300953,37901.57034972686,29734.314831607422
2017-08-01,38032.64085152205,28847.363704941585,37697.76320185663,29165.260502080902,37967.252892680466,29201.77646359092,37632.950722037756,29523.57895692052
2017-08-02,37991.07283284405,28815.83479381551,37653.17401083281,29130.76361788055,37925.75633606678,29169.860191595497,37588.43819169081,29488.65825102166
2017-08-03,38049.51357989855,28860.161494452757,37661.55164236733,29137.245058298817,37984.09661531082,29214.73148629052,37596.801419848875,29495.219321097808
2017-08-04,38175.246799403445,28955.528837651753,37862.44372244835,29292.6672730598,38109.61365958403,29311.270487402806,37797.348113021486,29652.55102155795
2017-08-07,39070.49719446479,29634.566978972238,38716.593533553845,29953.489020368892,39003.32488874773,29998.651152282848,38650.029413459706,30321.491490364602
2017-08-08,38936.90617138375,29533.239573242543,38613.63645123165,29873.8352194157,38869.96356085836,29896.078872510036,38547.24934174115,30240.859079023976
2017-08-09,38576.37787446954,29259.782598545204,38322.21907009954,29648.377178575403,38510.05508070956,29619.262242811707,38256.33298458313,30012.63110657894
2017-08-10,38267.0592138763,29025.167601977028,38136.34825483454,29504.576319147473,38201.26821532124,29381.76481197438,38070.78173067775,29867.06353905831
2017-08-11,38255.39839631516,29016.322992774203,38045.54491602575,29434.32538630998,38189.62742781977,29372.811525956058,37980.13450695548,29795.949517557383
2017-08-14,39256.33744601715,29775.524882697035,39025.88151100893,30192.772831037928,39188.84560186416,30141.340811951017,38958.78564263335,30563.715093232684
2017-08-15,39052.70325551558,29621.0704607942,38868.6259064847,30071.11042240103,38985.56151549696,29984.98879813848,38801.800402311914,30440.557965003907
2017-08-16,39372.84485740297,29863.89454610508,39173.196957166925,30306.74493437393,39305.15272505849,30230.796180824942,39105.84781436418,30679.087434634774
2017-08-17,38861.07661616137,29475.72364192387,38669.4041835619,29916.98049655888,38794.264342185874,29837.856286104034,38602.92119450937,30284.534430261258
2017-08-18,38511.786327794136,29210.79058017645,38349.551518124244,29669.52320685649,38445.574559102024,29569.66829974815,38283.618440861246,30034.03693065988
2017-08-21,38326.76834262167,29070.45635697428,38200.603169289025,29554.287791644372,38260.87464800975,29427.609944043368,38134.92617384715,29917.38575658908
2017-08-22,38766.442757049685,29403.944841097113,38642.5206134437,29896.181747266393,38699.793166261305,29765.195612723222,38576.08384439729,30263.480151767915
2017-08-23,38948.1412712363,29541.761279977905,38879.86582006478,30079.806296631778,38881.17929842968,29904.705239615327,38813.02099149155,30449.360674975687
2017-08-24,39335.029021868286,29835.211626984797,39248.425822330166,30364.9465162029,39267.40188174202,30201.760851591196,39180.94734110277,30738.004069252966
2017-08-25,39137.74962558366,29685.57725059922,39166.864666628986,30301.84589296066,39070.4616602866,30050.288098482422,39099.52641071761,30674.12820459576
2017-08-28,39284.00745579033,29796.51229818476,39279.217058889655,30388.768471649706,39216.468019330416,30162.586058809233,39211.685639338386,30762.11869639617
2017-08-29,39932.8050404046,30288.61853838308,40027.934770127875,30968.021595339254,39864.150139804064,30660.73820468604,39959.116105726294,31348.488406074266
2017-08-30,40276.806510720395,30549.54008648108,40330.94699217384,31202.450103576313,40207.56018432409,30924.865382487696,40261.607369183264,31585.797055252835
2017-08-31,40675.06826094145,30851.617494233156,40727.39267931898,31509.164368786216,40605.13722306099,31230.654053716255,40657.37146076636,31896.279549502884
2017-09-01,41017.27916368018,31111.180915391313,41070.043802251894,31774.25991857143,40941.2192280314,31489.145011972374,40993.88579988305,32160.279779897508
2017-09-04,40369.96572650132,30620.200385632834,40421.89766089929,31272.815019712387,40295.106129328924,30992.1996487711,40346.94154464497,31652.742915692423
2017-09-05,40188.636034107214,30482.663694257142,40240.33470594178,31132.34698052107,39983.33733294015,30752.40872351764,40034.771690495196,31407.841276035335
2017-09-06,40402.90345225786,30645.183309070144,40454.877757754795,31298.33040933973,40220.792155682386,30935.042496720052,40272.53197388856,31594.367561242972
2017-09-07,40561.470936198304,30765.455101367323,40613.64922294777,31421.16557910445,40313.55100865832,31006.38617010298,40365.41015137137,31667.231797336022
2017-09-08,40179.05791056085,30475.39878686795,40230.7442610948,31124.92723466519,39902.62794331589,30690.33266125993,39953.95847673116,31344.44217361184
2017-09-11,40489.005631247775,30710.490918994125,40541.09069861013,31365.029933797796,40330.862811595216,31019.70120769535,40382.74422412168,31680.830621123954
2017-09-12,40570.6205796908,30772.395011078803,40622.81063654404,31428.25340054022,40466.758885346586,31124.22303810495,40518.815113876764,31787.58014727977
2017-09-13,40271.570183228316,30545.568386376635,40323.375541573856,31196.59237329283,40201.72884251315,30920.380318990286,40253.44413777224,31579.39288543668
2017-09-14,39503.00913315431,29962.622799518987,39553.82581436537,30601.222347141378,39414.49315609174,30314.8932534915,39465.19575545107,30961.000946813176
2017-09-15,40029.27074211665,29908.39185427392,40080.76440639819,30545.835566596696,39970.01446918704,30283.43622009938,40021.43168827932,30928.873463054835
2017-09-18,40744.76210637379,30442.98056133314,40797.17617893219,31091.81807281616,40740.05196246556,30866.858108344182,40792.45975379123,31524.72994466255
2017-09-19,40607.596001820915,30340.495116856244,40659.83362386678,30987.148334964193,40621.14538133709,30776.768076764893,40673.400211854154,31432.71980529966
2017-09-20,40684.06859102686,30397.632609537966,40736.404587431345,31045.50361078936,40671.25671768767,30814.735124774004,40723.576011167635,31471.496052985196
2017-09-21,40192.322299133164,30030.217952258976,40244.025712980016,30670.258169286368,40235.083344542385,30484.26667981676,40286.84154685971,31133.984264582818
2017-09-22,40221.72769343183,30052.188576230117,40273.46893438555,30692.697057688925,40234.86196053294,30484.098947364833,40286.61987806302,31133.812957213882
2017-09-25,40357.5076011266,29909.153259206236,40409.42350938885,30546.61319950906,40277.824928508,30268.65121829732,40329.638113377034,30913.77334540097
2017-09-26,40271.3416405611,29845.29522947478,40323.14670490929,30481.39415044457,40246.83298270148,30245.360874296395,40298.606299692336,30889.98660940179
2017-09-27,40843.01585175178,30268.965882425626,40895.55631795376,30914.094583235637,40924.73658382223,30754.80317159951,40977.38195248594,31410.286757492588
2017-09-28,40807.022151209596,30242.290768676732,40859.51631510585,30886.850937296258,40882.77719628938,30723.27083168743,40935.36858861483,31378.082362190595
2017-09-29,41027.63887401835,30405.790939183953,41080.416839324134,31053.8358205945,41119.96892172951,30901.519622975356,41172.865436259075,31560.130207442304
2017-10-02,41622.15152075984,30846.38727237851,41729.90618125256,31544.802975829505,41715.81948073077,31349.299332546296,41823.81640839978,32059.10197493385
2017-10-03,41629.91572603101,30852.141364223982,41697.8397775022,31520.563084561716,41723.601158843725,31355.147237717752,41791.67784145675,32034.46688221792
2017-10-04,41357.867490429846,30650.525039129996,41398.62301446379,31294.37676638225,41450.940696283804,31150.243808674728,41491.78771207859,31804.5928758592
2017-10-05,41828.334044581316,30999.19018491947,41842.84822896541,31630.179027894275,41922.46600498668,31504.5935069283,41937.01262426985,32145.869977937673
2017-10-06,41874.68074798302,31033.5379615166,41987.6073527848,31739.606497488923,41968.917008646786,31539.501281392866,42082.097518344766,32257.081527088314
2017-10-09,42552.56213672085,31535.919291595503,42668.131824514014,32254.033975175716,42648.32392560614,32050.07331553928,42764.153462669245,32779.896108574394
2017-10-10,43123.68595371158,31959.18204461749,43233.32473731423,32681.27910245155,43220.733019808016,32480.23684242613,43330.618302480085,33214.106939249876
2017-10-11,43085.64713873183,31930.991286202163,43173.73409572216,32636.232870138912,43182.60860093541,32451.586468683177,43270.89355632848,33168.32628383086
2017-10-12,43520.48433802,32253.25133667047,43717.914972424085,33047.59441176846,43618.4243732163,32779.10056930846,43816.299073927476,33586.39456664031
2017-10-13,43770.9071365641,32438.840940847258,43964.82651927185,33234.24175441859,43869.410732071745,32967.71598164094,44063.76627789436,33776.08496337399
2017-10-16,44122.683724104005,32699.544351318462,44454.16560472208,33604.1468524999,44221.97897006979,33232.66983765363,44554.206586636756,34152.02090659492
2017-10-17,43857.15123739027,32502.756880721605,44181.51463413628,33398.04235969465,43955.848919668744,33032.67399158709,44280.94203416394,33942.5561349367
2017-10-18,43839.49449859701,32489.671382185745,44134.65091837125,33362.61676649771,43938.15244552682,33019.37515023838,44233.97285489335,33906.55297125572
2017-10-19,43824.465386005206,32478.533230734454,44121.428592085525,33352.62164032241,43923.089510889185,33008.05540505154,44220.72077268966,33896.39488690972
2017-10-20,44326.840695885,32850.84611698456,44631.95913491434,33738.54595361294,44426.59538391137,33386.43839082409,44732.40022869922,34288.611218831895
2017-10-23,44290.38321486588,32823.82729317555,44577.889707929484,33697.67336181163,44390.0558576892,33358.97905862668,44678.20912226107,34247.07224997094
2017-10-24,44521.14531246984,32994.84625232109,44924.16669642589,33959.43382035994,44621.33727046865,33532.78626964471,45025.26538283406,34513.10038906047
2017-10-25,44662.99590417052,33099.97244418151,44990.76983861245,34009.780997962516,44763.50708775138,33639.62641358838,45092.01841072093,34564.26841512637
2017-10-26,44760.13222733491,33171.96066519045,45085.05132660152,34081.05101112682,44860.86200992849,33712.78831319428,45186.512072586316,34636.700397711276
2017-10-27,45130.1047844737,33446.1492008783,45501.62220458202,34395.948586364284,45231.66716637813,33991.44715265352,45604.02041411164,34956.73198845959
2017-10-30,45377.72296002671,33629.660284753394,45711.77063275712,34554.805659602614,45479.84259061984,34177.9501569905,45814.641766585664,35118.17902980867
2017-10-31,45940.077729522505,34046.424252269215,46206.134518713574,34928.50914489508,46043.462903152555,34601.508943739325,46310.11818379541,35497.97528824652
2017-11-01,46345.663434310256,34347.00587202963,46497.44818034161,35148.721287724016,46449.96135233656,34906.99117374973,46602.08742638775,35721.77771771425
2017-11-02,46281.10122300211,34299.15849027718,46433.33831408181,35100.25884711396,46385.253847947606,34858.36369982252,46537.83328537026,35672.525156946554
2017-11-03,46622.414997926135,34552.10785733363,46771.831315620635,35356.135172257396,46727.33572744669,35115.43709236634,46877.08804166894,35932.57322911332
2017-11-06,46569.37544874293,34512.79997883432,46734.19586507054,35327.68548278643,46674.176816188534,35075.488347694205,46839.36789517693,35903.659702641016
2017-11-07,46468.818707054124,34438.27686833547,46647.94346014831,35262.4848780296,46573.39377805634,34999.75023037138,46752.92138526671,35837.39608266126
2017-11-08,46561.94831814238,34507.29569473424,46704.27083091475,35305.064312674294,46666.732971310936,35069.894323073386,46809.37551683056,35880.669722327206
2017-11-09,46039.40232778671,34120.03421503634,46167.99911000196,34899.68152306949,46143.01102500106,34676.319025590004,46271.896954021104,35468.677667699965
2017-11-10,45800.59366119422,33943.05190286447,45780.92001573677,34607.07761182121,45903.664934950015,34496.451236475834,45883.94676540193,35171.30321156021
2017-11-13,46604.58686837968,34538.895340242634,46539.378382411014,35180.41749996257,46709.46747684778,35102.009161582595,46644.11198943615,35753.99069749267
2017-11-14,46837.25535900157,34711.327136907996,46873.37732322752,35432.896638938575,46942.659572859346,35277.2522446827,46978.86257144405,36010.58619657306
2017-11-15,46946.36145749979,34792.18621903343,46931.91918762191,35477.150071240525,47052.011207575495,35359.42963378573,47037.53618019845,36055.56112635773
2017-11-16,47245.211989596195,35013.665861790585,47169.55828341008,35656.78810884915,47351.534283465415,35584.5202272335,47275.71006610494,36238.12794000004
2017-11-17,46855.15902390493,34724.59563363452,46833.34110821076,35402.63214447468,46960.6035288026,35290.73706778044,46938.736257733326,35979.82827695691
2017-11-20,47361.82594373572,35100.08905375261,47332.584025233904,35780.02382578281,47468.410669766396,35672.35244207824,47439.10268592698,36363.372862885044
2017-11-21,47564.885803957906,35250.577744486545,47441.08186393238,35862.04037598019,47671.92750307057,35825.29466413889,47547.84469140198,36446.72659149843
2017-11-22,47748.8177684776,35386.89065484904,47672.613133614126,36037.06133704182,47856.27339458011,35963.829987323115,47779.89700596778,36624.60105287088
2017-11-23,47309.949605771515,35061.64323697837,47305.90226501981,35759.85433713488,47416.417587458855,35633.279813977664,47412.36088028284,36342.87453566956
2017-11-24,46932.98359418045,34782.27181678011,46736.985460066266,35329.79421564914,47038.60323824001,35349.353589508704,46842.16376796055,35905.80281578506
2017-11-27,48129.47346992702,35668.99652288644,47876.25147880908,36190.99725651399,48237.78573706569,36250.53524140943,47983.99362497649,36781.046707127934
2017-11-28,48433.45647604821,35894.279868134916,48199.26396573194,36435.171427777575,48542.45283728122,36479.49155199676,48307.733028846786,37029.20183626861
2017-11-29,47400.015609136186,35128.39160817865,47283.8599737905,35743.19195282603,47506.68627853882,35701.11643452712,47390.268984423055,36325.94049179196
2017-11-30,47872.724713138596,35478.71871901924,47630.84884387724,36005.490542574815,47980.45918380604,36057.155194109255,47738.038728625965,36592.51553564565
2017-12-01,47998.72185970795,35572.0958424088,47714.60675862402,36068.80549245458,48106.73987880453,36152.05471560273,47821.98513827377,36656.862760228156
2017-12-04,47905.945235517924,35503.33861638789,47541.3456990143,35937.832612596365,48013.75446682235,36082.17648834806,47648.33416692595,36523.754529641905
2017-12-05,47996.225975892616,35570.24613027376,47671.60235772373,36036.29726328194,48104.238378164104,36150.17484620705,47778.883959120474,36623.82452468736
2017-12-06,49020.957330731726,36329.67972672661,48570.46115014625,36715.7697592637,49131.27582463996,36921.99006489592,48679.76557698323,37314.374984558955
2017-12-07,50783.780591412265,37636.116972398246,50480.150473368965,38159.357319332776,50898.06620505322,38249.72714840266,50593.752514668704,38781.498448730104
2017-12-08,50353.61383808,37317.31821307965,50067.50694465819,37847.42853722877,50466.93138926479,37925.73077098337,50180.18035772329,38464.484051382016
2017-12-11,50532.801076352036,37450.114782792065,50242.255598491654,37979.525931158314,50646.52187682714,38060.69242394743,50355.32227114681,38598.735129946945
2017-12-12,50224.478447423884,37221.61532110489,49786.112864761984,37634.71488361221,50337.50538776419,37828.46756213448,49898.15302863519,38248.30237119613
2017-12-13,49897.682765437494,36979.42538624615,49479.20948366153,37402.718035898724,50009.97427323191,37582.32902097653,49590.55898543427,38012.52310367142
2017-12-14,50175.79485911997,37185.53566727242,49802.562816644604,37647.1498622303,50288.712240193556,37791.79967432574,49914.640006989874,38260.94009213412
2017-12-15,50826.48735162843,37667.76716866739,50418.46503733545,38112.72757332511,50940.86907407109,38281.89336184004,50531.9282720076,38734.108471673935
2017-12-18,51953.8090793609,38503.23101000339,51591.17009926017,38999.20812198717,52070.727766439195,39130.97840419162,51707.27241664049,39635.04198334791
2017-12-19,52087.00385932518,38601.94233595173,51779.55634471538,39141.61455277159,52204.22229264105,39231.29909579619,51896.08261160117,39779.77017445903
2017-12-20,52065.9496002291,38586.33891791394,51752.276666718804,39120.99308135231,52183.12065229661,39215.441283393135,51868.74153953039,39758.81249309724
2017-12-21,51606.09971080435,38245.5418361177,51268.763988071034,38755.49232709679,51722.23590043779,38869.08792815094,51384.14075007923,39387.35270151716
2017-12-22,51028.90749435016,37817.78176152212,50636.791953984015,38277.76699469561,51143.74475023195,38434.353756444005,50750.74650953212,38901.83865015102
2017-12-25,51296.944396363244,38016.42526698003,50886.77315702662,38466.73477630022,51412.384851956995,38636.23589771643,51001.290280241534,39093.88731964414
2017-12-26,52039.808243736516,38566.96542623384,51599.28652051983,39005.34355177684,52156.92046637202,39195.75193097618,51715.40711009835,39641.27744891504
2017-12-27,52175.61353751158,38667.61141718736,51718.482676364765,39095.44725906228,52293.03138117715,39298.038829897676,51834.87151510322,39732.85019074777
2017-12-28,51592.37456279844,38235.37005942446,51138.05691482353,38656.68719546695,51708.47986487399,38858.750313263205,51253.139544551195,39286.93668577502
2017-12-29,51368.36619316834,38069.35632228217,51004.63509535733,38555.829911257926,51483.9673788964,38690.029928181066,51119.417465997365,39184.43504625949
2018-01-02,51606.21859884557,38245.6299446471,51240.80330659651,38734.35606610562,51754.45380497313,38893.29957605139,51387.98862003725,39390.30219933835
2018-01-03,51533.87315365647,38192.014368850105,51168.97012781085,38680.05535759027,51688.300179865626,38843.585347223016,51322.3034183924,39339.952691363906
2018-01-04,51663.123514377134,38287.80246572193,51297.30528761933,38777.06749352574,51855.12097491659,38968.95061881648,51487.94298151036,39466.91995789044
2018-01-05,52562.01512456619,38953.97559014473,52189.831991613835,39451.75338680056,52785.0244181727,39667.76995775976,52411.26192406651,40174.669242311335
2018-01-08,51900.088701251734,38463.41856573924,51532.59256230882,38954.927723801884,52097.254472254856,39150.91313521868,51728.36196946137,39651.207703804605
2018-01-09,51755.802570653635,38356.48738366803,51389.32809847902,38846.63010948856,51991.9865901722,39071.80467261167,51623.83947277145,39571.0883443627
2018-01-10,51945.985273086975,38497.43274755294,51578.164147937634,38989.37655969702,52199.45172739802,39227.71403191274,51829.83558184043,39728.99000982993
2018-01-11,51609.79852135751,38248.28304334993,51244.357880255804,38737.04306773123,51863.072650826114,38974.92627676558,51495.838352847655,39472.97197649058
2018-01-12,52262.934728548746,38732.325594071626,51892.869335537114,39227.27101110504,52493.35058255854,39448.57804222364,52121.65338521911,39952.67635698833
2018-01-15,52054.377293045174,38577.76262245617,51685.78866152304,39070.73293902064,52283.8736629146,39291.1568351391,51913.65973884836,39793.24352441213
2018-01-16,51050.2062703073,37833.56639224391,50688.72801148257,38317.026912846806,51251.22793023808,38515.127008058604,50888.3260089383,39007.29710851011
2018-01-17,51503.074537585635,38270.67148821209,51138.38959176211,38759.71760587617,51781.405031422255,39016.863633459405,51414.74900907126,39515.44523465118
2018-01-18,51661.87536297949,38278.92545755212,51296.06597417998,38768.07704949988,51994.236968377314,39065.343901136366,51626.0739164008,39564.54501315586
2018-01-19,51736.93449535541,38300.02643447494,51370.593624972134,38789.44766765034,52043.51943001324,39067.1485335086,51675.00741664134,39566.372706236056
2018-01-22,51796.93188345467,38574.39312446265,51430.16618126427,39067.320383514714,52118.53794842312,39358.019512663275,51749.49474066694,39860.96061455985
2018-01-23,51992.21734412491,38741.93765716181,51624.06885715352,39237.00590303397,52288.067035228516,39508.60173082572,51917.823418549415,40013.467065386096
2018-01-24,52261.04461151343,38777.65848667127,51890.99260211501,39273.183195216065,52490.0732930464,39493.38398612714,52118.39930168093,39998.05485893914
2018-01-25,52076.057281154775,38700.19314920837,51707.315137141195,39194.72795814945,52246.6891344448,39371.1612079976,51876.7385082032,39874.270242600505
2018-01-26,52631.94185750583,39152.064622288824,52259.26358466051,39652.373722116376,52864.96540670621,39876.510560635375,52490.63686297543,40386.077261640334
2018-01-29,52483.10011695732,39015.898950844305,52111.475768417986,39514.468042190434,52666.29391916886,39700.73542190587,52293.37213713817,40208.0559595354
2018-01-30,51509.068439311755,38695.38099915296,51144.34105163897,39189.8543154886,51712.58875859334,39392.476858090624,51346.42001349666,39895.858277246356
2018-01-31,51781.55083783697,38856.12415257326,51414.894046344394,39352.651543532214,51998.551251864454,39565.56423910724,51630.357651121994,40071.15747580895
2018-02-01,50754.36158228047,38493.26260556967,50474.68117922197,39046.15734819863,50967.057364829496,39196.077519549246,50686.204648415005,39759.06726879844
2018-02-02,49864.071729488525,37963.0401403762,49655.65110973942,38559.64904085184,50073.036583482215,38656.17418474274,49863.74228223195,39263.67622823749
2018-02-05,47213.21769206162,36735.840805963155,47183.63868431315,37443.43742129612,47411.073639227674,37406.56848785818,47381.37043239926,38127.08466885893
2018-02-06,48637.64092256977,37403.027385792935,48508.4648295705,38045.14627799582,48841.46618555911,38085.936645630994,48711.74850618345,38739.77960568499
2018-02-07,48412.621513366525,37305.742179405235,48194.891690460674,37876.269591400036,48615.5037898255,37986.875193497144,48396.86128094806,38567.8195461427
2018-02-08,47606.69790656459,36350.975716898196,47536.08030048998,37019.66828969061,47806.202807230045,37014.67648275245,47735.28902023,37695.578304232724
2018-02-09,48353.97750210028,36685.36944971206,48190.8491774328,37289.032034434626,48556.61401970269,37355.1756191267,48392.80182702309,37969.860127961205
2018-02-12,49169.54754737268,37245.445355258395,49020.35804290994,37871.23861557959,49375.601865999364,37925.477462219875,49225.786902529755,38562.69671409834
2018-02-13,49010.400310182245,37274.30217680233,48888.65474113745,37921.409356033975,49215.78769211424,37954.86115530387,49093.53167375853,38613.78347858743
2018-02-14,49622.915053974546,37371.38036568703,49494.545246755086,38016.21487864169,49830.86929516144,38053.71181018266,49701.96127538837,38710.31997300351
2018-02-15,50860.76784039574,38058.79922318328,50688.63957499555,38684.3441808307,51073.909538559325,38753.68164913637,50901.05967634315,39390.648068623756
2018-02-16,50738.56479992049,37946.24871007189,50548.3488128734,38555.82401622671,50951.19438305566,38639.07617435542,50760.180999884426,39259.78136580535
2018-02-19,51234.5330427976,37948.77271924673,51076.28949721909,38584.193823057576,51449.241074961574,38641.64626721272,51290.33411712661,39288.669152332775
2018-02-20,51187.44879319013,37842.859802042345,51196.09830037413,38602.47244139208,51401.95950987216,38533.79957841415,51410.645001188175,39307.28150410562
2018-02-21,50641.24926319202,37659.015251635545,50685.59833602604,38441.925106322706,50853.47102710549,38346.598370682565,50898.00569250033,39143.80287449486
2018-02-22,50340.6457022411,37672.10797130817,50357.00642058372,38434.26222363421,50551.60772989465,38359.930138906224,50568.03675197772,39136.000081877704
2018-02-23,51226.63409703357,38233.96960420725,51269.9327234468,39027.83122660148,51441.309027166535,38932.050313390646,51484.788841040696,39740.40654644209
2018-02-26,52158.045356577575,38910.66797771014,52377.574605747985,39852.13150996471,52376.62354232342,39621.10393238251,52597.07250112223,40579.75701372797
2018-02-27,51478.075189238414,38286.37612492612,51973.819231478206,39425.07361458705,51693.80383097772,38985.41367907037,52191.62511542264,40144.90183864439
2018-02-28,51321.14806895274,38263.37771027678,51855.843192911794,39432.08414344922,51536.219077818496,38961.99535642364,52073.15467648804,40152.04036667252
2018-03-01,50655.17666898567,37766.85110906074,51245.40195694616,38967.89402138949,50867.45679833575,38456.403108990555,51460.15527383461,39679.37499978627
2018-03-02,50749.64097709891,37837.28062276961,51237.78808662844,38962.1043021112,50962.31697315811,38528.11853082539,51452.509496187784,39673.479571045355
2018-03-05,51487.90908956285,38387.70929986598,51936.07332575794,39493.09253043967,51703.67894412727,39088.597009596095,52153.7210285165,40214.16265288582
2018-03-06,51783.9949813267,38608.46130440069,52244.70048771192,39727.777986692876,52001.00563574041,39313.379529254344,52463.64154956574,40453.1330273319
2018-03-07,51220.352548898176,38188.22785099908,51466.66944320381,39136.14966239532,51435.00115814163,38885.4734037658,51682.35002233978,39850.70267460583
2018-03-08,51361.165095108365,38293.21310259063,51608.09430745874,39243.69158638892,51576.40379881035,38992.37548404455,51824.367553595635,39960.20811331387
2018-03-09,52112.2743702454,38853.215732649616,52278.09332186721,39753.170477974934,52330.660736375,39562.6027111248,52497.17432255694,40478.989138088284
2018-03-12,52674.50958834771,39272.40001284859,52928.22299158852,40247.54037463699,52895.252108917244,39989.44051236226,53150.02848067426,40982.3853059051
2018-03-13,52432.523886615025,39091.98334926491,52875.39216234244,40207.36689415862,52652.252325736416,39805.72978244613,53096.976254085566,40941.47833269088
2018-03-14,52357.46836680757,39036.0243964415,52829.4757814169,40172.45128031965,52576.882271150964,39748.74912361398,53050.86745208951,40905.92522494263
2018-03-15,52218.99267365878,38932.78142643768,52704.471425578784,40077.39579622755,52437.8262630008,39643.62112546479,52925.33924242224,40809.13420521223
2018-03-16,52347.368361674075,39028.49416132713,52808.019182306525,40156.13530955421,52566.73992618007,39741.08139003302,53029.32093513964,40889.31135501854
2018-03-19,51517.227013078285,38409.5677894626,51927.603311713654,39486.65178459647,51733.11971473803,39110.854582781554,52145.21551931479,40207.604311050614
2018-03-20,51937.936465921215,38723.23506515926,52338.9320431655,39799.433298704505,52155.59223291569,39430.248837656945,52558.26799974778,40526.09663153582
2018-03-21,51807.79475645217,38626.20564215054,52223.00503589818,39711.28038818181,52024.905141666815,39331.44784034872,52441.85517895618,40436.334213478716
2018-03-22,50642.0267964633,37757.04699208172,51247.41501703585,38969.424787257994,50854.251808286295,38446.41997925783,51462.176770024234,39680.93371458108
2018-03-23,49704.26485125666,37057.88220598698,50444.18769709621,38358.636777344655,49912.55999430854,37734.48975348821,50655.58337772326,39058.993856157584
2018-03-26,51194.359205512825,38168.84806014618,51697.62383113349,39311.77139173954,51408.898871004385,38865.7397638436,51914.27226726667,40029.53092878184
2018-03-27,49527.56768134347,36926.142546857736,50219.09484371219,38187.472260711336,49735.122345099866,37600.34477762019,50429.547231184624,38884.70419507346
2018-03-28,48805.07565102803,36387.476003165415,49453.07338572364,37604.97623466618,49009.60257578356,37051.843191960375,49660.31561886752,38291.572879312735
2018-03-29,49411.332789866734,36839.48159473499,49843.96182502476,37902.21459547891,49618.400349168194,37512.10155867905,50052.842148332194,38594.23825754786
2018-03-30,49499.33497105814,36905.09315692629,49992.1984247589,38014.93628148274,49706.7713231994,37578.9110674373,50201.699960902246,38709.01803104804
2018-04-02,48119.3986060117,35876.25751433745,48813.39927934764,37118.55693003414,48321.05195180238,36531.29072043139,49017.96083876976,37796.2724654921
2018-04-03,48740.740656377224,36339.509924990285,49317.57815974316,37501.943310642135,48944.9978724192,37003.00126685359,49524.252573032514,38186.6587648766
2018-04-04,48828.07212332922,36404.62142447364,49225.521670368944,37431.94195666838,49032.695412648696,37069.30165163797,49431.81030460005,38115.379317400315
2018-04-05,49062.352034977426,36579.29290176174,49507.813345812254,37646.60145140777,49267.95696646423,37247.16218800105,49715.28497483484,38333.95809321886
2018-04-06,48176.5630420869,35918.87745741045,48733.40871994595,37057.73071885337,48378.45590968682,36574.68879620324,48937.63506367144,37734.33568089994
2018-04-09,48474.66536339696,36141.132846188426,49114.79566678736,37347.74397971418,48677.8074278805,36801.0021088696,49320.62028392376,38029.644043125074
2018-04-10,49443.02483410094,36863.110151471774,49879.7904293387,37929.459288710364,49650.22509841379,37536.16144810273,50088.820897966325,38621.980387185045
2018-04-11,49292.146166569975,36750.619927433836,49834.60607896322,37895.100323620456,49498.71410708213,37421.61733434464,50043.447195198896,38586.99409230005
2018-04-12,50201.108398992954,37428.31258498795,50689.2465384828,38544.98377815811,50411.48554723254,38111.68341309436,50901.669182882484,39248.74320481534
2018-04-13,49978.17893287279,37262.10363047576,50514.8674204986,38412.3828670586,50187.621853426244,37942.4397946329,50726.559297811444,39113.7212493057
2018-04-16,50033.35821867757,37303.24351011553,50525.18544636396,38420.228873199194,50243.03237836419,37984.33081135783,50736.92056324088,39121.7105088456
2018-04-17,51055.73575036665,38065.49492360614,51424.322392084454,39103.948228956986,51269.69440728374,38760.4995315152,51639.825509034454,39817.91330385586
2018-04-18,51510.668239797684,38404.67778156536,51922.576775072754,39482.82951880018,51726.53332832622,39105.87519621839,52140.16791842411,40203.712258111314
2018-04-19,51739.64967970366,38575.39889076569,52408.86222672719,39852.60942530056,51956.47438032315,39279.71336984591,52628.49123901105,40580.243655181584
2018-04-20,51732.364589714176,38569.967364768905,52521.346784225454,39938.14463720733,51949.15887292823,39274.18275913657,52741.44718357509,40667.340580151234
2018-04-23,51239.921271349485,38202.817653578226,51846.40678931719,39424.90853820124,51454.652035193605,38900.32970083512,52063.678728178435,40144.73374848503
2018-04-24,50687.5793692507,37791.009507805196,51362.542137029304,39056.96944959985,50899.995591824394,38481.00282436538,51577.78635260176,39770.07677985658
2018-04-25,50519.98252031933,37666.0547518224,51111.18839415222,38865.835696321,50731.69638659765,38353.76662097544,51325.37926338357,39575.453279550406
2018-04-26,51507.407479791174,38402.24666502869,52000.57360055388,39542.13966006724,51723.25932588726,39103.40001138516,52218.49160322659,40264.10529120858
2018-04-27,51764.11026322814,38593.635905751275,52260.975609925015,39740.153872399045,51981.0378599743,39298.2836529833,52479.98487612396,40465.734873941146
2018-04-30,51283.26212733645,38235.13118523749,51903.5159576743,39468.33534207449,51498.17464226686,38933.23331008373,52121.027223809404,40188.95344529136
2018-05-01,51733.09729852923,38570.51364861479,52277.966656172786,39753.074159180134,51949.89492705098,39274.73922481887,52497.04712709166,40478.89106149801
2018-05-02,51818.74119639318,38634.36695150945,52313.33915016274,39779.972018196466,52035.897681181734,39339.758331129764,52532.56785604821,40506.28002519299
2018-05-03,52040.33264084187,38799.57832061044,52503.70879831038,39924.73240626287,52258.4177558411,39507.98615751529,52723.73528335278,40653.68346763108
2018-05-04,52469.02048639038,39119.19402624487,52843.17196206046,40182.86609404802,52688.90209663639,39833.43744570064,53064.621030162816,40916.53019453623
2018-05-07,53056.052486526125,39556.86598009583,53429.534728975144,40628.74652988531,53278.394156105285,40279.1004627915,53653.44105850754,41370.55157452912
2018-05-08,52705.14651223615,39295.241906195326,52919.06222949982,40240.57437197931,52926.01759819727,40012.699588637464,53140.82932977887,40975.29211786255
2018-05-09,53171.616758969896,39643.026940493444,53338.21692604954,40559.30688592154,53394.44272204996,40366.834560642725,53561.74057146953,41299.844092332816
2018-05-10,53452.670511928365,39852.57147156847,53454.04944949813,40647.38794930683,53676.674279357816,40580.20497900153,53678.058512492826,41389.53335145973
2018-05-11,53243.82575420428,39696.8636172377,53312.03027392067,40539.3941006576,53466.95433726111,40421.654205267376,53535.44417934029,41279.56773679356
2018-05-14,53408.270658819085,39819.46838612076,53466.27972185037,40656.68806090075,53632.088368951925,40546.4974997708,53690.34003805932,41399.00326572504
2018-05-15,53176.45703052351,39646.63568943311,53293.68662704526,40525.44527285823,53399.30332246284,40370.50923243869,53517.02366002601,41265.364229445535
2018-05-16,53512.96310458134,39897.52366637738,53458.33703029887,40650.648300243134,53737.21958388178,40625.97795024248,53682.364061192486,41392.853230315995
2018-05-17,52969.793009700006,39492.553721561504,52909.52091795059,40233.31899289989,53191.77323852929,40213.61401755443,53131.24803360206,40967.90426910926
2018-05-18,52963.05669489849,39487.53134448453,52951.98517181989,40265.609549345645,53185.0087275879,40208.49996672565,53173.89024176702,41000.78439081883
2018-05-21,53689.66790005909,40029.26901087939,53651.422225280294,40797.47363730375,53914.664949246064,40760.128759616025,53876.25841533119,41542.35932386103
2018-05-22,53782.87768228237,40098.7631909143,53730.89146911571,40857.90343107023,54008.26533053706,40830.891762538544,53956.06068970465,41603.89245281974
2018-05-23,53848.737559473455,40147.86617188286,53746.797823112174,40869.99889901722,54074.401204617905,40880.891270941356,53972.0337022142,41616.208761425296
2018-05-24,53624.93710232515,39981.00783480723,53391.11385643525,40599.53063085496,53849.66282451536,40710.98637922348,53614.85917620794,41340.80224773801
2018-05-25,53830.83098266576,40014.67671436033,53638.33328829106,40622.61726581017,54056.41955420158,40745.269988048654,53863.11462673501,41364.310401537296
2018-05-28,53381.85090572647,39680.931306720246,53098.747225986604,40213.96552838296,53605.55789255221,40405.43097757286,53321.26732941718,40948.19744646944
2018-05-29,53342.79390522265,39651.89862749045,53080.766570823056,40200.34800471809,53566.33721617846,40375.868215903814,53303.21132299855,40934.33129225077
2018-05-30,53754.90506918846,39913.124193256364,53475.7652996656,40435.764781116304,53980.17545033787,40641.863282969694,53699.86536693964,41174.04633938685
2018-05-31,53333.27544585337,39518.61351504928,53147.19378535424,40075.442990554795,53556.77892640617,40240.149578745666,53369.916913036126,40807.145745766844
2018-06-01,54079.65609653462,40071.662774124496,53890.97028788067,40636.28488458018,54410.570859364234,40881.65035194506,54220.7299274933,41457.685463486894
2018-06-04,54365.70788185324,40283.61994073004,54176.024028531,40851.22859315702,54746.34201089261,41133.933660101,54555.32955835401,41713.52352156859
2018-06-05,54523.80671650392,40400.76719432564,54333.571250826564,40970.026487753785,54909.33413347586,41256.398594034385,54717.75299408192,41837.714024339606
2018-06-06,54896.873513304985,40677.20029232741,54705.336404545604,41250.354613523006,55328.4438879235,41571.29877188226,55135.400455723524,42157.05124319512
2018-06-07,54392.12366220716,40303.19336849681,54202.3476433048,40871.07781656913,54779.09171836043,41158.540314078025,54587.96500061774,41738.476890919046
2018-06-08,54803.09581045974,40607.71337699942,54611.88589538043,41179.88860608689,55205.81625957096,41479.16189945807,55013.2006806883,42063.61613371036
2018-06-11,54922.08396919152,40695.880605028804,54730.458900271165,41269.29813760249,55327.98266358884,41570.95222870718,55134.940840621326,42156.699817119406
2018-06-12,54913.285709091644,40689.36131594361,54721.691337608034,41262.68698971965,55348.91555209552,41586.680257567576,55155.80069333739,42172.64945877627
2018-06-13,55308.02212272524,40981.85105410979,55115.05050210974,41559.29799867464,55710.28571330578,41858.19750770649,55515.91001778246,42447.992471038866
2018-06-14,55708.49866769011,41278.59408498508,55514.12977042406,41860.22223054726,56112.518965678595,42160.41744261462,55916.73986022492,42754.47077840545
2018-06-15,55285.28122972403,40965.00062529235,55092.388952878355,41542.21014210846,55779.30825657551,41910.057935483455,55584.691738290596,42500.583628300614
2018-06-18,56249.5579249638,41679.50536407288,56053.30125305462,42266.78247343724,56751.28673407444,42640.35875091569,56553.27893911272,43241.17460834351
2018-06-19,56175.209110262156,41624.41476540001,55979.21184396382,42210.91563120632,56636.209309141865,42553.894761010946,56438.603024497745,43153.49231404937
2018-06-20,56398.73568144415,41790.042323487156,56201.95852313312,42378.876932765095,56908.181380648704,42758.242316223615,56709.62617320003,43360.71918958661
2018-06-21,55961.196980701825,41465.83716886343,55765.94641019712,42050.10362733475,56453.024366782025,42416.257852501876,56256.057222650736,43013.91605888325
2018-06-22,55883.72034266774,41408.42893189844,55688.740090858715,41991.88649057203,56371.40918019314,42354.93588015647,56174.726795123046,42951.73004096052
2018-06-25,54333.81406553581,40259.98742631887,54144.24149085247,40827.26308931546,54722.25550459706,41115.836144985406,54531.32709096355,41695.171006861565
2018-06-26,54788.24506351886,40596.70934764138,54597.08696321423,41168.72952655499,55248.32369188628,41511.100068049695,55055.55980265814,42096.0043209864
2018-06-27,54121.189868208,40102.438252601314,53932.35914677426,40667.49399905821,54547.59756038077,40984.60603852144,54357.2785361796,41562.09182756506
2018-06-28,54640.927337990324,40507.01775323204,54450.2832343746,41077.77414986612,55105.50997593312,41417.05985536156,54913.244370190936,42000.639052584054
2018-06-29,54720.30953011228,40522.98103871149,54529.38845925611,41093.96236297056,55168.984549075234,41435.53461849917,54976.49747768905,42019.374130854565
2018-07-02,55004.696484321146,40542.4756021077,54812.78317745057,41113.73161078875,55422.41395742955,41495.8150177503,55229.042659425526,42080.503899595606
2018-07-03,54859.91957046147,40417.659606347705,54668.51139529915,40987.15691908091,55231.809319333675,41340.701660789964,55039.103049495025,41923.20494740834
2018-07-04,54900.45932219454,40407.91029975608,54708.909702422716,40977.270241746905,55253.42345705012,41329.898224958226,55060.64177451168,41912.24928782069
2018-07-05,55432.03794841348,40757.73970635155,55238.63363225136,41332.02885277707,55844.429525614236,41743.74077463124,55649.58579628919,42331.92300715562
2018-07-06,56136.86476399717,41247.37004053199,55941.00128246199,41828.55822965974,56574.19115694135,42269.72687922435,56376.80125642298,42865.32041882221
2018-07-09,56602.628559266996,41554.92045781037,56405.140011585034,42140.442127349306,57079.05070752301,42623.26954386772,56879.89932929852,43223.84460907693
2018-07-10,56200.0473275314,41540.988290146146,56003.963399825625,42126.31365113772,56834.74832474915,42633.216657742174,56636.44932853924,43233.93188086578
2018-07-11,56307.87447938396,41577.934150400964,56111.41433897991,42163.78008997964,56941.703210101296,42684.248557686165,56743.03104348014,43285.68283608086
2018-07-12,56863.238294932045,42058.84879295886,56664.84047078151,42651.4709684517,57601.63368423788,43227.33600055505,57400.65899047538,43836.42254917457
2018-07-13,56497.60853191079,41830.64738622246,56300.48640277171,42420.05413338115,57297.688925536684,43028.18565354452,57097.774708724115,43634.466112112226
2018-07-16,57145.16366668794,41953.03725167173,56945.78219507014,42544.16850985254,57768.67790442462,43137.30180107272,57567.12038585578,43745.11973994447
2018-07-17,57498.729091499685,41909.04099716151,57298.11401776774,42499.55233452161,57893.450117556145,43022.68239338384,57691.45726311712,43628.88530931193
2018-07-18,57550.204293684554,41936.9427824915,57349.40962117461,42527.847264628435,58022.49606829251,43111.995584193486,57820.05296672034,43719.4569506339
2018-07-19,57255.98899205369,41740.65315663881,57056.22084700552,42328.79185729485,57659.05299635305,42854.36517795616,57457.877964024956,43458.196452203236
2018-07-20,57419.36287128556,41819.11099359817,57219.02470906752,42408.3551894201,57824.177346921475,42949.256199589596,57622.42618829859,43554.42451771237
2018-07-23,57596.46530892494,41980.26256856061,57395.50923011732,42571.777439868885,57946.981629277485,43062.50614938413,57744.8020009835,43669.2701943648
2018-07-24,58408.05478828732,42559.163748079794,58204.26704544444,43158.83551588542,58644.04638193619,43571.87066466776,58439.43466333091,44185.81181338204
2018-07-25,58628.67027394071,42702.937201509405,58424.11279596419,43304.63478169921,58932.98544664538,43774.95407733699,58727.36560663223,44391.75673421598
2018-07-26,58649.262198111464,42755.91657130288,58444.632874192415,43358.360647183465,59071.86901410247,43904.087052574345,58865.76460306844,44522.70923305756
2018-07-27,58744.991972322045,42807.627368315196,58540.02864387776,43410.80006530411,59076.297884588006,43894.99645599832,58870.178021025415,44513.490547161084
2018-07-30,58125.822304492496,42364.0600485514,57923.0192806415,42960.982744944486,58397.261482148264,43395.671645100585,58193.510807171224,44007.13009507311
2018-07-31,57442.06721596462,41874.04511858235,57241.649837495126,42464.063353199694,57784.00766924574,42945.64680929056,57582.396664437125,43550.76426998647
2018-08-01,57171.23918267013,41703.85696086404,56971.766732666474,42291.47719175175,57566.98558041607,42802.263618753466,57366.131775448026,43405.36076589933
2018-08-02,57325.652659933374,41847.86004271452,57125.641455915225,42437.50932152182,57769.565279780865,42973.52324717953,57568.00466511945,43579.03349551661
2018-08-03,57569.19482330781,41995.34869286287,57368.33389217683,42587.07613232412,58059.37018340575,43169.15705065641,57856.79842638549,43777.42383985808
2018-08-06,57424.681541880804,41915.57658119494,57224.32482263532,42506.180006953546,58038.175608831334,43170.29944365181,57835.677800636164,43778.5823295245
2018-08-07,57677.56590961148,42191.61793563515,57476.326867975935,42786.11086937339,58342.17100425516,43465.30612700009,58138.61254243625,44077.74574838334
2018-08-08,57038.34119574807,42032.478591386476,56839.33243146176,42624.72920259089,57810.615166256735,43296.613339448864,57608.9113266929,43906.6760272236
2018-08-09,57104.93818171975,41908.79511042213,56905.69705822373,42499.3029831621,57826.32555913816,43180.454509742165,57624.566905306114,43788.880483640365
2018-08-10,56539.3336082071,41727.447153638015,56342.06589881972,42315.39977763117,57319.84787911547,42975.475831422,57119.85634871603,43581.01359227563
2018-08-13,56655.98688034102,41789.5287779226,56458.31216361349,42378.35615118488,57452.166900863085,43052.16204953749,57251.71370343836,43658.78034294853
2018-08-14,56931.42512816383,42034.22203930107,56732.78939777097,42626.49721622533,57762.217514717755,43316.379939248756,57560.682536739514,43926.721144534946
2018-08-15,56143.54643604348,41453.54588994562,55947.65964192119,42037.63916049907,56984.47822729893,42728.80876389996,56785.6568167166,43330.870909397294
2018-08-16,56251.84114253961,41513.37687423141,56055.57650440456,42098.31318184096,57157.18440676017,42843.34921352542,56957.76041654062,43447.025269422855
2018-08-17,56309.410825316074,41429.22481992703,56112.94532454741,42012.97539908881,57177.86774125298,42763.736909625004,56978.371585948,43366.291203510315
2018-08-20,56249.81200948531,41522.3741922771,56053.55445106635,42107.437274878044,57195.87651485967,42881.5101547666,56996.31752613263,43485.723910141794
2018-08-21,56316.55762008985,41498.1410703592,56120.06718390465,42082.86270078439,57185.0122259347,42817.9204806281,56985.49114320095,43421.23823780558
2018-08-22,55993.27273983374,41384.553269437376,55797.91025588528,41967.67441264944,56853.338950337464,42660.272647398,56654.97509059773,43261.36909779316
2018-08-23,56345.4125836831,41559.513014186894,56148.821471522264,42145.09939426427,57209.59424341833,42862.49900553733,57009.98739291863,43466.44488793351
2018-08-24,57641.64563383346,42291.35015823129,57440.53191929448,42887.24834980272,58450.52404445093,43633.09155696622,58246.587533995575,44247.89532700868
2018-08-27,57892.35125852107,42436.7876260398,57690.36282330258,43034.735076472185,58684.4769819473,43777.04834439174,58479.72419915797,44393.880510142
2018-08-28,57929.29230568622,42477.67914879913,57727.17498186415,43076.2027734225,58677.866810809,43781.252036443875,58473.13709120442,44398.14343351673
2018-08-29,58359.67553270036,42790.56409819471,58156.056586769686,43393.49636843513,59147.81151721909,44130.106548459844,58941.44213937194,44751.91341362195
2018-08-30,58256.19754726915,42732.325574852104,58052.93963964323,43334.43724630318,59057.036474393244,44074.037967350356,58850.983814758176,44695.05480884425
2018-08-31,58538.95150836845,42916.031905405966,58334.707062298105,43520.732055819004,59326.00773818913,44259.0991548099,59119.01662570273,44882.72356573513
2018-09-03,58611.943363161976,42934.36691273165,58406.732179541716,43538.794170399226,59399.98096850376,44278.00796047535,59192.01011994015,44901.35093842446
2018-09-04,58583.234609472995,43120.900771220986,58355.29374165228,43731.54553959349,59370.8862537441,44470.37946063838,59139.880116827335,45100.13452515188
2018-09-05,58632.25885141177,43235.9261099073,58400.620064775816,43850.87244664464,59420.56973590962,44589.00462606973,59185.81595401256,45223.195873618024
2018-09-06,58048.69084201217,42975.01266793812,57807.155013325064,43582.433277350974,58829.15560566967,44319.92580082091,58584.37177266513,44946.355839440825
2018-09-07,58006.30117877831,42897.86385297369,57798.0453649412,43507.76150242576,58786.19601405699,44240.362596088205,58575.13964490418,44869.34719347838
2018-09-10,58592.2191968887,43241.83104262576,58405.34559190853,43869.087525629024,59379.99173166879,44595.09434288674,59190.6049284361,45241.98093085485
2018-09-11,58966.32611956412,43409.65066776206,58817.78252696229,44037.69288015491,59759.12838481321,44768.16581909214,59608.58699451636,45415.862768594896
2018-09-12,59324.264349114426,43635.20325993003,59172.84300387856,44265.029217924544,60121.879016412444,45000.777074218415,59968.42123201271,45650.31363204202
2018-09-13,59863.134169310346,43607.47715751228,59784.07273663317,44231.006543827265,60667.993908233926,44972.18325266429,60587.86892980785,45615.22620125561
2018-09-14,59989.943051425915,43619.48958089169,59906.68677406351,44244.967090674734,60796.50774375213,44984.57161368924,60712.131502990065,45629.62364018177
2018-09-17,59652.57384490277,43456.290985035455,59575.1941334308,44083.4227425108,60454.602639109704,44816.26570241649,60376.18197216785,45463.02374253059
2018-09-18,59962.901202234825,43603.71411263109,59868.57658826905,44230.26426092194,60769.10236353846,44968.3024829553,60673.508928091826,45614.460683324905
2018-09-19,59656.72038222198,43381.06609735938,59591.42393192681,44025.506841768,60458.80497130043,44738.68666749767,60392.63001978752,45403.295379949974
2018-09-20,59522.800318060654,43283.68234716455,59435.69608978962,43910.456777059095,60323.08432021344,44638.25524669516,60234.808375528206,45284.64476431514
2018-09-21,59414.449393568175,43204.89191773761,59319.81423635174,43824.844502762804,60213.276746130636,44556.99914755557,60117.368527177045,45196.3532604956
2018-09-24,59542.28024724802,43297.84772686083,59436.4915855726,43911.044480838005,60342.82622841272,44652.863988061545,60235.61457844101,45285.250869215255
2018-09-25,59512.28253634315,43276.03404566623,59402.45746993476,43885.90044010189,60312.425263069075,44630.36769056535,60201.122867958606,45259.31993494928
2018-09-26,59589.2247800725,43331.984767387374,59501.696034774475,43959.21683073402,60390.40201820423,44688.06942014791,60301.69570715327,45334.930788850805
2018-09-27,59882.51449393806,43545.25865139172,59776.95308862322,44162.57379903379,60687.63494952822,44908.01771366907,60580.65357270328,45544.65184858902
2018-09-28,60328.963119438486,43869.90635592227,60288.03961555801,44540.15906053058,61140.0861293194,45242.82538270297,61098.611685536474,45934.05375381655
2018-10-01,60384.25099629799,43996.98494866584,60343.289988480334,44669.17918398528,61237.475870252114,45387.16973369918,61195.935362032724,46080.60342487787
2018-10-02,59793.63266286981,43546.26879735918,59753.072294652266,44211.576906299124,60593.95714594415,44914.81002158404,60552.85316934982,45601.02691249388
2018-10-03,59731.40922761417,43533.6280469512,59690.891067995326,44198.74302812195,60508.39495382749,44882.01106069274,60467.34901843905,45567.726842926924
2018-10-04,59550.47690274584,43303.08114881224,59510.081476625404,43964.67379098452,60299.297016289005,44636.71105796933,60258.392922713436,45318.67910075792
2018-10-05,59561.53439388279,43210.82813894115,59521.13146703205,43871.01132222668,60246.62862634362,44516.11934438912,60205.76026042753,45196.24496436166
2018-10-08,59081.57960783165,42888.410982919966,59041.50225315279,43543.668216077356,59847.36667878205,44220.42472324758,59806.76915264141,44896.03266534325
2018-10-09,59540.16845355823,43193.27304182285,59499.78002006353,43853.18801502313,60315.492838908096,44548.85576946591,60274.57775887867,45229.481542680216
2018-10-10,57245.126968526936,41560.4544990244,57206.29535176275,42195.4229625247,57815.09354549282,42738.45091711957,57775.87461403784,43391.416985473305
2018-10-11,56729.48294782325,41251.87297390931,56691.001112639766,41882.12687066031,57010.94467556882,42279.11711840509,56972.271239372516,42925.065398837825
2018-10-12,57547.7318804674,41920.52665384106,57508.694994912774,42560.99636764405,57941.267225114454,43017.95345733604,57901.962703606965,43675.189817917606
2018-10-15,57295.91256957842,41482.86597702258,57257.046502947465,42116.649028447995,57642.87429564802,42552.841674900235,57603.77218930809,43202.97197044188
2018-10-16,58500.03127889772,42364.93442478648,58460.34841127889,43012.193884343855,58988.075058632705,43551.158396978324,58948.06043389522,44216.54116262591
2018-10-17,58017.53278865129,42043.2204802715,57978.17721869874,42685.56473349878,58594.35325411583,43274.712187908444,58554.605710991746,43935.87135652866
2018-10-18,57252.27593106698,41519.71708516132,57213.43946488087,42154.063154768206,57764.191242965906,42699.24336108429,57725.00684114309,43351.61040904389
2018-10-19,56842.64992324316,41203.61278373443,56804.091322457905,41833.12935219648,57408.509079226955,42422.45805857825,57369.56595478595,43070.59632877736
2018-10-22,57189.08022934314,41466.524293903094,57150.28663128224,42100.05767401123,57764.04428120531,42687.184354663215,57724.85997907416,43339.367162861134
2018-10-23,57299.125062300234,41455.974090988195,57260.25681650936,42089.346283106075,57800.75404440918,42657.18677697419,57761.544840170325,43308.91127655438
2018-10-24,55204.05321558269,39953.7187457899,55166.60613926691,40564.13919736924,55528.9385713645,40982.87593283339,55491.27045561745,41609.0199973337
2018-10-25,56100.117371122076,40274.27103122337,56062.06245931484,40889.58894108623,56542.81730642472,41353.215453389894,56504.46142493735,41985.01763453937
2018-10-26,54651.17931859787,39236.87118026151,54614.107278349315,39836.33949951375,55000.72079228004,40230.63742668435,54963.410993636724,40845.288650211616
2018-10-29,53636.42271569428,38906.675629932484,53600.039024683465,39501.09915928109,53994.70123597319,39897.64794666625,53958.073871787754,40507.21169446839
2018-10-30,54687.78915315431,39275.476978338,54650.692279017865,39875.53512425558,55132.85437356575,40305.31230407414,55095.45494196416,40921.10442438283
2018-10-31,55792.47760750987,39675.849634832804,55754.63137983061,40282.02474971971,56324.44038674396,40744.660430275064,56286.23264147707,41367.16499365195
2018-11-01,55916.486788743445,39766.7858841882,55844.08992831125,40347.47225438282,56449.63198252481,40838.04637247643,56376.544146493536,41434.37556066399
2018-11-02,55628.12728549987,39247.986261008526,55754.55123662472,39862.55926759108,56158.523036195584,40305.271027465235,56286.15173413324,40936.39971022419
2018-11-05,55980.21116039803,39463.279923267575,55971.51983722094,39968.41830764918,56513.963963272974,40526.36439389019,56505.18905581972,41045.11044170706
2018-11-06,56236.3893778776,39794.25556903095,56071.734969856705,40245.8748466416,56772.58472643516,40866.256051446035,56606.35970532693,41330.041263789106
2018-11-07,57050.419108722075,40250.78340407373,56870.553317751575,40654.8988463796,57594.37597289264,41335.08209517254,57412.79451182009,41750.0837861959
2018-11-08,56962.08112212018,40304.208083599355,56725.71376675132,40709.78540397197,57505.19568302995,41389.94595935951,57266.57396544524,41806.448909298924
2018-11-09,56775.145963832896,40317.61543174891,56488.48899984489,40733.9641703763,57316.478180520484,41403.71448234394,57027.08734185964,41831.27901715487
2018-11-12,55537.70448796881,39717.96182675011,55255.054080921276,40221.280520936496,56067.23810334731,40787.907064573694,55781.89204459917,41304.78440205805
2018-11-13,55849.56682169389,39669.41666331172,55698.887573590895,40176.83290681933,56382.073950587524,40738.05416367721,56229.957337189706,41259.13943266579
2018-11-14,55243.97592006355,39294.46176324986,55164.4453344528,39867.785542534475,55770.70892128032,40352.99851344419,55690.41937485209,40941.76677355402
2018-11-15,55455.36093771869,39643.077300214136,55293.71199996105,40226.45443874092,55984.10945994238,40711.00525570831,55820.918553620184,41310.097697822326
2018-11-16,55507.65831971832,39645.37538747095,55383.040573896775,40245.688188250155,56036.90545652864,40713.365250157825,55911.09884482907,41329.84957708705
2018-11-19,54850.37427688487,39121.0695766506,54890.113152784485,39813.081134443775,55373.35443355736,40174.935388664955,55413.471530049144,40885.58870680022
2018-11-20,53376.46491338352,38815.61561658294,53331.449000274035,39544.33934320412,53885.39188004462,39861.25293461327,53839.94605015742,40609.60739533504
2018-11-21,53888.62157091234,38848.71282846743,53966.248638014746,39573.62707319239,54402.43174318891,39895.241738176,54480.798284426244,40639.68409496079
2018-11-22,53100.688534075816,38823.13729431085,52943.190333468025,39551.29612591613,53606.985990452406,39868.97723561024,53447.9854703083,40616.751583842466
2018-11-23,53291.56490855263,38760.373519481065,53336.755568489665,39517.939503529626,53799.682303569294,39804.52269421292,53845.30321467849,40582.49638166564
2018-11-26,54093.6011823026,38963.31447406353,54119.141542877056,39688.27178830555,54609.36570490942,40012.93058863641,54635.14897062636,40757.4171750431
2018-11-27,54408.60386483162,39038.62573932865,54436.667804318764,39753.38349337537,54927.3718166348,40090.27063196361,54955.70273591862,40824.28289650016
2018-11-28,55345.63133837803,39349.51806928646,55204.141309068604,39998.52225846877,55873.333546394904,40409.537957832974,55730.49383695253,41076.025349988166
2018-11-29,55278.542368443326,39315.702707149576,55074.43050021354,39925.92793652342,55805.60489165359,40374.811658074424,55599.546280083356,41001.475440638416
2018-11-30,55485.62702785318,39434.42753850878,55260.70170939773,40021.168472502264,56014.664038793686,40496.734767041096,55787.5935212735,41099.281620700116
2018-12-03,55962.07486081731,39719.35480248994,55735.21813802713,40310.33514096889,56497.384345623934,40790.58808208125,56268.356991411594,41397.50714973317
2018-12-04,54642.84801506311,38767.05770507036,54421.33911898572,39343.86890953985,55168.70220983159,39814.891765506,54945.061026283154,40407.29354555284
2018-12-06,54592.09798031912,38749.055078954385,54370.794812613894,39325.59842413642,55088.29052225789,39785.875470857165,54864.97530912855,40377.84552036707
2018-12-07,54156.99760086571,38594.63961232044,53937.45822491433,39168.885425098146,54660.894243708106,39631.53836079365,54439.31159643133,40221.21204392718
2018-12-10,54430.11114067699,38691.95592516283,54209.46462845975,39267.64969770195,54939.027961634565,39732.367914206065,54716.31782447005,40323.54183014883
2018-12-11,54579.34542204686,38744.997946539224,54358.09395012997,39321.480926050666,55085.41235146137,39785.30112625303,54862.10880577203,40377.262630147176
2018-12-12,54767.75672473,38811.87302060905,54545.741478940006,39389.3510277111,55280.75868432895,39855.84532611722,55056.663249700156,40448.85645008362
2018-12-13,54809.086712022785,38826.517533317616,54586.903924455735,39404.213434670986,55321.13703227512,39870.40114290201,55096.877913144745,40463.62884140601
2018-12-14,53793.28372133373,38466.722333339094,53575.218753523026,39039.064877616955,54305.572090951384,39504.43811530172,54085.42983765889,40092.22068663424
2018-12-17,53454.619108008985,38345.63549178861,53237.92700466936,38916.176396967334,53971.13627043952,39382.79590929729,53752.34974276181,39968.76857845074
2018-12-18,53246.11721574163,38270.85114486363,53030.27032866842,38840.27934116581,53763.18101480923,39306.92332297897,53545.237489733205,39891.7670915327
2018-12-19,52624.46460184795,38047.443543575595,52411.137744188454,38613.54768034851,53150.46132607767,39082.93987028094,52935.0016251788,39664.45101151371
2018-12-20,52258.426928301276,37915.12107887731,52046.583898881625,38479.25640282925,52785.367052140704,38948.708132688655,52571.38735914957,39528.22205336493
2018-12-21,51560.636033898416,37661.98653384669,51351.62168007542,38222.355494023424,52066.12684485143,38683.35545565477,51855.06278563036,39258.921220471646
2018-12-24,50664.44696876732,37334.68005453409,50459.06554876284,37890.179054086024,51164.460303725406,38348.4017206018,50957.05139252026,38918.983742399934
2018-12-25,50416.015969108455,37243.145532370945,50211.641628319,37797.28259885122,50913.57750956214,38254.38182751344,50707.18561929045,38823.5649367551
2018-12-26,52274.46629984235,37929.57954348574,52062.55825068796,38493.92999349778,52786.23965674523,38957.902738009456,52572.25642641647,39537.55346429582
2018-12-27,52944.851125473426,38172.790200316456,52730.22549829982,38740.759357556,53462.387834180074,39207.412033464854,53245.663655222845,39790.775183525635
2018-12-28,52877.76943897725,38148.60753580359,52663.41574474386,38716.21688157766,53394.61859656559,39182.562260288,53178.169138453726,39765.5556730668
2018-12-31,53202.81214743034,38265.85838477767,52987.14080863517,38835.212294298006,53720.327121766066,39302.06957116329,53502.557316479986,39886.84112123072
2019-01-02,52882.276339889584,38150.5864910231,52667.90437576944,38718.225281475505,53396.38255651107,39183.56981024417,53179.92594771277,39766.57821425768
2019-01-03,51643.82773352305,37703.862711885835,51434.47614066117,38264.854743559954,52145.630446144474,38724.65358516102,51934.24409767647,39300.833820703476
2019-01-04,52358.892512527185,37964.88813777789,52146.64221991639,38529.76394086049,52867.52820456088,38992.70327963591,52653.21544922401,39572.87179968968
2019-01-07,52204.13635849832,37908.78209929615,51992.51340992404,38472.82310619997,52711.458790154844,38935.14840073734,52497.77870419673,39514.46056752232
2019-01-08,52451.363372585016,37998.54581975799,52238.738225462155,38563.922412150685,52960.86251535619,39027.259027869375,52746.17140426876,39607.94169943422
2019-01-09,52961.882751878955,38183.46945928453,52747.18808260926,38751.59751215849,53476.5571414987,39217.268657602166,53259.77552344047,39800.778463384595
2019-01-10,52883.854048485584,38155.341620373234,52669.47568871619,38723.05116192335,53397.74697771062,39188.37076727942,53181.28483786376,39771.450604251
2019-01-11,53000.17078096083,38197.3024867247,52785.32090127727,38765.6363598412,53515.45249357129,39231.562546502115,53298.5132027344,39815.28502962342
2019-01-14,52968.3456633665,38185.83428175937,52753.62479501602,38753.99752059226,53483.61839728333,39219.89394162783,53266.80815452418,39803.442808747895
2019-01-15,53294.067149079834,38303.243524201134,53078.025884568655,38873.153683500976,53813.13814699219,39340.71345629916,53594.99210723445,39926.059984856496
2019-01-16,53195.339048863105,38267.76484273079,52979.698004202924,38837.14711824983,53714.10486761761,39304.5137474486,53496.36028591349,39889.321664169765
2019-01-17,52891.20283364409,38110.54473061967,52676.79468367622,38677.58774369265,53406.66291508716,39142.90992172929,53190.16463208833,39725.313351340905
2019-01-18,53364.46859229871,38246.34678497671,53148.1419373561,38815.41038333989,53884.765675848175,39282.473025399,53666.329274623036,39866.95300042808
2019-01-21,53473.94370723216,38297.346357507595,53257.17326663895,38867.168773449426,53995.308159848035,39334.85421996157,53776.42364491052,39920.113569529276
2019-01-22,53086.22215757244,38172.57860752265,52871.02344641081,38740.54461649402,53604.16321302012,39206.836381800225,53386.86430940468,39790.19096679764
2019-01-23,53336.19224884157,38257.02297984736,53119.9802193596,38826.245428254544,53856.688660903565,39293.61131616879,53638.36607741568,39878.257016708754
2019-01-24,53320.4241126355,38219.78593430936,53104.2760033658,38788.45433641128,53841.009792805155,39255.45401809166,53622.75076782922,39839.53198002176
2019-01-25,53452.21986770459,38345.18760505508,53235.53749030514,38915.721846171546,53974.040099432634,39384.23474973575,53755.24180030251,39970.22882725172
2019-01-28,53069.952458207044,38205.06916186196,52854.81970047348,38773.51859456708,53587.79081431076,39240.22826347213,53370.55828062026,39824.07968292681
2019-01-29,53154.154813780035,38256.5151137049,52938.6807200527,38825.73000562216,53672.62267962516,39292.997797095864,53455.04625713537,39877.63436914709
2019-01-30,53292.398615100494,38305.329102758355,53076.3641144227,38875.27029317459,53812.244800170156,39343.145240777296,53594.102381834215,39928.52795161189
2019-01-31,53071.66553368948,38229.7791935433,52856.52583156204,38798.59628435766,53589.08975330183,39265.45017536479,53371.851954012505,39849.67686911607
2019-02-01,53148.49373148708,38228.09701911959,52977.612099887294,38802.73410337298,53666.66699053299,39263.72242968031,53494.11875617263,39853.92678448658
2019-02-04,53468.20544619161,38437.47770228176,53310.51683609215,39016.23337734224,53989.49574674769,39478.775379391736,53830.26915607095,40073.20990022384
2019-02-05,53669.20443736692,38594.007906668696,53472.64309619613,39153.29301733033,54192.45438522455,39639.54609455017,53993.97607051519,40213.982579866504
2019-02-06,53769.56799666094,38476.308621314136,53703.64131273491,39063.42045657849,54293.79644285328,39518.65825469715,54227.22641038877,40121.675309801554
2019-02-07,53129.96056057634,38096.901362971075,53058.03390647353,38697.90124113588,53647.95312976829,39128.97259307665,53575.3246373286,39746.253928108075
2019-02-08,53300.877665740474,38234.850221582616,53209.94913326779,38831.94531723987,53820.536597743325,39270.65858103744,53728.72096571881,39883.929350172686
2019-02-11,52552.70777068578,37815.5082342862,52497.47919982667,38472.671450857844,53065.072391869595,38839.956331221496,53009.30478746899,39514.922508329444
2019-02-12,53637.85857224827,38540.93964937859,53504.766449162635,39131.652116609206,54160.80291240291,39585.04018171273,54026.41261097679,40191.755412301645
2019-02-13,53719.31439618646,38524.399052799134,53610.4087425393,39107.41857419173,54243.05289299156,39568.05148900871,54133.084866738536,40166.865366598635
2019-02-14,53818.66125313681,38592.24845662508,53717.01232095521,39182.91919229163,54343.36833589849,39637.73897979615,54240.72777961391,40244.41134822767
2019-02-15,53773.441507794116,38749.49785699588,53555.92192358495,39325.935834372984,54297.707718930425,39799.248374451716,54078.06682707502,40391.30240923613
2019-02-18,53604.34362838734,38716.55635779286,53344.35617063282,39297.28023095123,54126.96121332339,39765.41446740482,53864.43840811529,40361.8705058632
2019-02-19,53909.77281181532,38937.157253039,53577.2018045788,39468.811031669116,54435.368190180176,39991.99159245374,54099.554176841855,40538.048193623115
2019-02-20,54165.59009001144,38933.654930264005,53928.14968025144,39467.64738189975,54693.67956865002,39988.394389348716,54453.92362828224,40536.85301978336
2019-02-21,53738.11940249506,38634.04018842815,53577.45122626135,39221.23814573083,54262.04123942367,39680.662878324256,54099.80603026782,40283.76838839798
2019-02-22,54333.35834255682,38929.1110826469,54182.743087968745,39485.74546355326,54863.08348414805,39983.72744577809,54710.99920128636,40555.44139088209
2019-02-25,54955.15651932475,39286.73037918586,54796.34788969272,39813.39526208513,55490.94390586599,40351.0348947411,55330.5863595541,40891.9674471866
2019-02-26,54758.16039318782,39145.900397370344,54558.432388220266,39640.53294070984,55292.0271585123,40206.38973196944,55090.35129449104,40714.42216696141
2019-02-27,54590.805349590344,39057.02245806371,54396.36232521288,39559.94204409951,55123.040480558506,40115.10402822875,54926.701125038504,40631.64800768573
2019-02-28,54474.056556155374,38973.494467993936,54254.77156827465,39456.96967795177,55005.153440326,40029.31320752511,54783.72992520132,40525.886049511755
2019-03-01,54500.328529001636,39060.603495404976,54210.36265637712,39503.82236980868,55031.68155276975,40118.78207833173,54738.88804733604,40574.00801286386
2019-03-04,54451.913189765815,39086.0611116847,54138.995492791386,39544.39432445928,54982.79418634447,40144.9293589256,54666.82508728128,40615.67908930805
2019-03-05,54311.99687245189,39066.59249431434,53991.035643258365,39491.1725906045,54841.513749578684,40124.93332333593,54517.4226991565,40561.01554213926
2019-03-06,53369.17924977616,38509.91837870462,53190.550746779896,39015.03142771845,53889.504090667724,39553.178523504896,53709.13344938595,40071.97538542361
2019-03-07,53395.38618924692,38453.50727528436,53228.07420881606,38962.89636779673,53915.966535690604,39495.239204539124,53747.022745685565,40018.427949678575
2019-03-08,53490.38224121991,38465.74797589546,53318.00554479459,38965.149406726,54011.88875528173,39507.811514139015,53837.83086901922,40020.74202451838
2019-03-11,53751.761438941794,38709.61405986997,53520.568720749165,39166.51196705672,54275.816279423074,39758.28409786191,54042.368944181784,40227.5596377365
2019-03-12,53507.834395218066,38508.39109441693,53187.86730718176,38928.561498001385,54029.5110597184,39551.60986403663,53706.423851098996,39983.16292866556
2019-03-13,54056.55659650112,38782.958615627904,53849.5095038656,39203.287861646546,54583.583048951914,39833.61560802229,54374.51674531738,40265.33181727838
2019-03-14,53821.51901785482,38594.75431579468,53700.17733735263,39060.11141608101,54346.253962502204,39640.31272441215,54223.728658653476,40118.27662199359
2019-03-15,54402.33907714734,39179.079773969934,54136.576061800704,39599.15680352721,54932.73674903143,40240.46796067501,54664.38206627516,40671.92512021116
2019-03-18,54304.140074163064,39180.738251249546,53963.491000836875,39592.292407464614,54833.58035113642,40242.171367243485,54489.60950679207,40664.874762161344
2019-03-19,55033.30732563056,39602.98918391651,54454.56983075174,39808.88372118252,55569.85664642727,40675.86136775847,54985.476132830154,40887.333690478656
2019-03-20,55055.71197847163,39649.30059783602,54556.00874555509,39931.77239961529,55592.4797342825,40723.427389696524,55087.904030413316,41013.55150850576
2019-03-21,55827.34238086522,40173.55439795975,55067.99864184373,40263.01420066036,56371.63317660281,41261.88358542261,55604.88559150891,41353.76688123941
2019-03-22,54878.048600155395,39407.91045351702,54365.88505306568,39629.64555470381,55413.08422010893,40475.49782053535,54895.92672429337,40703.23984191688
2019-03-25,54691.43858423663,39375.84383911894,54188.314549018185,39629.21953130941,55224.6548427496,40442.56249952379,54716.62499044835,40702.80227625473
2019-03-26,54743.268324817655,39403.35642109097,54263.9779556431,39671.39930487252,55276.98989935573,40470.8204162423,54793.02607757571,40746.12472738472
2019-03-27,54522.20799939378,39284.96469645647,54105.14033274157,39607.98822446825,55053.77433788981,40349.221378453534,54632.63986089764,40680.995795769864
2019-03-28,54960.066606247274,39590.715492797855,54480.67536866064,39858.07161494929,55495.90186386753,40663.2551739155,55011.83618576627,40937.854116826005
2019-03-29,55339.97995835767,39800.50771715542,54805.937748962,40026.51703805738,55879.51919563939,40878.73081375603,55340.269721231,41110.86284258775
2019-04-01,55989.5804048602,40267.70028938886,55449.26941730567,40496.36258840685,56716.27161375139,41490.85807165178,56168.94729710792,41726.46609740048
2019-04-02,57193.51246124716,41133.568096663395,56641.58328127842,41367.14727253391,57949.50047652127,42393.02815898602,57390.2752339993,42633.759205155235
2019-04-03,58062.14680599613,41758.28982528676,57501.83512561854,41995.41651704934,58884.15107206047,43076.77294866819,58315.906248667816,43321.38667568567
2019-04-04,57714.38252855395,41508.17779383131,57157.426845110465,41743.88421098885,58592.59913351362,42863.48777038384,58027.16784953375,43106.890346267974
2019-04-05,58069.03773680716,41763.245781995254,57508.65955752737,42000.40061642422,58934.885296548724,43113.887632827136,58366.150876891035,43358.71211753601
2019-04-08,58413.19793356381,42010.765759003894,57849.49853747114,42249.32614891749,59309.64381681431,43388.04268803552,58737.29289619183,43634.42397668408
2019-04-09,57783.13187382057,41557.62231565609,57225.51274502947,41793.60950618666,58574.73111305034,42850.41639809562,58009.47225934155,43093.74474750285
2019-04-10,58071.67418846608,41765.14191774876,57511.27056688454,42002.30751948644,58871.62395984091,43067.60872435723,58303.50002579693,43312.17041184366
2019-04-11,57476.496830404016,41337.09042495006,56921.83679296401,41571.82531329368,58378.602440627066,42706.938227197614,57815.23627112608,42949.45182824449
2019-04-12,57593.99859869909,41421.59768424662,57038.2046449838,41656.81245160134,58595.74778545886,42865.79117057676,58030.286116305106,43109.20682644038
2019-04-15,57101.086786278,41067.095561027476,56550.04953311702,41300.297269033894,58110.80398856375,42511.02994108818,57550.02213218143,42752.431066600366
2019-04-16,57757.96133901917,41539.51966969631,57200.58511107529,41775.404063379414,58976.80197507992,43144.55183042491,58407.66305038726,43389.55044339705
2019-04-17,57781.98202570115,41556.79534501055,57224.37399318133,41792.77783954387,59097.07206392985,43232.53556145577,58526.77250680632,43478.03379468474
2019-04-18,57959.41272838365,41684.40348756299,57400.09245302337,41921.11061178809,59238.51923821738,43336.01141531596,58666.85468519751,43582.09724163831
2019-04-19,57983.58908246687,41701.79111885569,57424.03550030814,41938.596979679045,59263.229140354924,43354.08797453578,58691.32613142255,43600.27644955299
2019-04-22,58523.78749391362,42090.30175907927,57959.020885776605,42329.313798441464,59772.28048814165,43726.48511245133,59195.465023345445,43974.78826425607
2019-04-23,58907.43334399251,42366.21981376975,58338.96447435205,42606.798668626056,60208.77628325053,44045.804146803086,59627.74853940322,44295.92056858499
2019-04-24,59082.46030776953,42492.09918755628,58512.30239186433,42733.39285519807,60330.507951253276,44134.857097856075,59748.30547041942,44385.4792115171
2019-04-25,58562.96413531454,42118.477595420074,57997.81946451566,42357.64963278235,59780.61068626846,43732.57907910947,59203.714833254424,43980.91683582527
2019-04-26,58780.09369498303,42274.6371517067,58212.853679193824,42514.695949497254,60008.183695520594,43899.06039318671,59429.09171363152,44148.34352282457
2019-04-29,58616.665034610945,42157.09927649898,58051.00213906879,42396.49062915177,59977.033837393996,43876.27267626335,59398.24245838884,44125.42640464886
2019-04-30,59004.79772093534,42436.244263341374,58435.38926499546,42677.220755795846,60309.143087467935,44119.227605546104,59727.146782201315,44369.76096631076
2019-05-01,58910.42870310767,42368.3740757277,58341.930927634545,42608.96516367625,60186.01417255036,44029.1524967986,59605.20608800592,44279.174361307756
2019-05-02,58673.24593493176,42197.792254009204,58107.03702204302,42437.41468392055,59925.15891748313,43838.323514968724,59346.86814270113,44087.26174704042
2019-05-03,59510.481260291876,42799.93181121802,58936.19285400116,43042.97352294809,60747.038864425245,44439.57079833641,60160.816769979174,44691.92324481593
2019-05-06,59231.80178325611,42599.50556088831,58660.202691340666,42841.40914139026,60414.49315636123,44196.296577675625,59831.48020009086,44447.267578663064
2019-05-07,58354.376566924315,41968.46143835486,57791.244809139855,42206.78160091133,59394.97336380815,43450.46562281075,58821.798994558514,43697.20138338657
2019-05-08,58562.196555377246,42117.925552010565,57997.05929188293,42357.09445456468,59618.26320827273,43613.813582433584,59042.9340436168,43861.47692301294
2019-05-09,58387.40984198188,41992.21896627304,57823.959306286604,42230.67403722788,59380.130697105466,43439.60745177722,58807.09956280726,43686.281553656176
2019-05-10,58689.857211746166,42209.73908253248,58123.48799661342,42449.429353151296,59721.08907184706,43689.035969065626,59144.767615315934,43937.126463934634
2019-05-13,58401.54132680475,42002.38232865899,57837.95441936915,42240.89511281304,59147.980810203524,43269.777917240914,58577.18997264191,43515.48763315135
2019-05-14,59346.76565008316,42682.18756171823,58774.05713316454,42924.560656403024,60219.96392048951,44053.98847654889,59638.82821351746,44304.15137347889
2019-05-15,59584.668916569775,42853.28756574537,59009.66458410962,43096.63226099344,60488.185008281136,44250.20594234382,59904.46090966401,44501.48307050165
2019-05-16,59656.912006753635,42905.24478854411,59081.210513587524,43148.884525672656,60940.12336069513,44580.82199843518,60352.03795900109,44833.97654730391
2019-05-17,58994.154558585935,42428.58970210841,58424.84881135575,42669.52272772575,60345.88025104102,44146.102722622665,59763.52942418163,44396.78869515701
2019-05-20,59088.66288865813,42496.56008307356,58518.44511656931,42737.879082150146,60366.91095192294,44161.48775765074,59784.35717424078,44412.261094917885
2019-05-21,59497.70163005443,42790.74070250655,58923.53654982874,43033.73022203211,60861.89539364809,44523.594233181386,60274.56490879517,44776.423811166984
2019-05-22,59081.93372732307,42491.72047095502,58511.78089302768,42733.01198803425,60348.37050409661,44147.92447030022,59765.99564575538,44398.62078772483
2019-05-23,58642.18353049797,42175.45217603463,58076.27437621243,42414.94774661324,59691.10215425154,43667.09900271433,59115.070077976095,43915.06492736297
2019-05-24,58502.80803296915,42075.213332992906,57938.243880953065,42314.1396919171,59565.79904953335,43575.43336275115,58990.97617538301,43822.87875922891
2019-05-27,58990.971647517705,42426.30055280567,58421.69661603516,42667.22057936574,60062.83255519185,43939.03883351578,59483.21319995957,44188.54898283548
2019-05-28,58869.81198697206,42339.16253779043,58301.706171178725,42579.58774645174,59924.97298731264,43838.18749752442,59346.6840067971,44087.12495721389
2019-05-29,58640.871089834,42174.50826884829,58074.97460087129,42413.99847939923,59595.00736227784,43596.80073976859,59019.90262157742,43844.36747202362
2019-05-30,58515.253072007465,42084.163803749434,57950.56882280036,42323.14098840259,59472.70566746505,43507.330784903475,58898.781164633474,43754.38945730125
2019-05-31,58207.09403287949,41862.53585548937,57645.38358189611,42100.25451393388,58914.781037911016,43099.18033775926,58346.2406287076,43343.921306317454
2019-06-03,56907.91764350247,40928.1683340292,56358.74451237175,41160.58113631482,57523.28123211926,42081.22694790987,56968.16909770622,42320.18741445791
2019-06-04,57261.681463781395,41182.59523605658,56709.09443889198,41416.45281517155,58021.536785512566,42445.72640919394,57461.61637699201,42686.756705156244
2019-06-05,57861.23517006213,41613.79419803003,57302.86232836912,41850.10036361183,58695.60087430507,42938.8388202098,58129.175601196715,43182.66928100433
2019-06-06,58700.761967090184,42217.581781419416,58134.28751882144,42457.31658722512,59525.312298344325,43545.81523025461,58950.88013012012,43793.092438604945
2019-06-07,59590.07013102011,42857.17211860523,59015.01367572758,43100.53887249538,60424.992978830924,44203.97773568322,59841.878696997446,44454.99235453151
2019-06-10,59755.312441265734,42976.014370609664,59178.661363631174,43220.055976611264,60701.79533394424,44406.47283811376,60116.00984937569,44658.63733608061
2019-06-11,59500.490913817914,42792.74675509343,58926.29891642917,43035.74766609636,60438.90367310142,44214.15412114073,59855.65515005252,44465.226527130544
2019-06-12,59608.54298895039,42870.457796069604,59033.308266772496,43113.899993392864,60556.145950054735,44299.92285266447,59971.76601361618,44551.4823009196
2019-06-13,59892.517349395974,43074.69212598613,59314.542216126894,43319.29407892199,60892.61607366486,44546.06798433201,60304.98912758981,44799.02518069878
2019-06-14,60034.0672831074,43176.49482329978,59454.726163811654,43421.67486832053,61119.28722854227,44711.88954573514,60529.47285668241,44965.788368583606
2019-06-17,60395.64818643958,43436.54377063005,59812.817736922974,43683.20051756639,61523.57440538369,45007.64632588373,60929.85857462153,45263.2246192062
2019-06-18,60844.90635144677,43759.650195258655,60257.740468068245,44008.14171938246,61962.25695157997,45328.565080675915,61364.30773914464,45585.96572807243
2019-06-19,60913.91966647964,43809.284564111316,60326.087790390855,44058.0579396647,62052.312811842174,45394.44555572029,61453.494540832035,45652.22030886882
2019-06-20,61843.56855968906,44477.88794951675,61246.765380226745,44730.45802530728,62863.54100417806,45987.90053493951,62256.894205245,46249.0452534858
2019-06-21,61267.50935344321,44063.58622947676,60676.26526401811,44313.80367069638,62228.547875915065,45523.37053302651,61628.02889833046,45781.87739345807
2019-06-24,61863.55774619591,44492.264170332586,61266.56166696503,44744.915882265224,62662.46589519472,45840.8037923083,62057.7595146546,46101.11321424382
2019-06-25,61323.663603157496,44103.97235991602,60731.877613652076,44354.41913594663,62088.68215647648,45421.05159440099,61489.51291340608,45678.97743134336
2019-06-26,62334.034981979894,44830.63134841355,61732.49870048191,45085.204496541846,63160.785759810555,46205.35030054611,62551.27048454568,46467.7298190545
2019-06-27,61535.61668775164,44256.408995878155,60941.78530730697,44507.721391534,62380.10547526795,45634.242680745505,61778.12393399329,45893.37913451518
2019-06-28,62362.708223305046,44851.25314053375,61760.89523912015,45105.94339061628,63240.11293029889,46263.382189425756,62629.8321306414,46526.091245075695
2019-07-01,61582.36595161191,44290.03106148862,61049.239247521575,44586.198416934196,62448.79172581473,45684.49019158893,61908.16358752818,45989.98224807969
2019-07-02,61877.48290687072,44502.27914441312,61253.39049528961,44735.29655725902,62748.06079397939,45903.42084551162,62115.18711475313,46143.774701130715
2019-07-03,62695.647748656665,45090.70321185785,62020.88401186163,45295.82144889361,63577.73670870831,46510.371278676874,62893.47878164293,46721.94756024782
2019-07-04,62218.02927276611,44747.20005464958,61492.001793016934,44909.56196656016,63093.39843647098,46156.053021494474,62357.15552313317,46323.52680749486
2019-07-05,62168.855781564824,44711.83448499255,61505.77482664705,44919.62085046772,63043.5331046831,46119.57397685633,62371.122334670545,46333.90239251375
2019-07-08,63050.71105489984,45346.06470405289,62332.780079662545,45523.60905338857,63937.795535913516,46773.77275539514,63209.763030647875,46956.90699296494
2019-07-09,63384.42679453588,45586.073028608036,62584.4695070494,45707.425836156595,64276.206449461926,47021.33767432275,63464.993569733575,47146.5111950848
2019-07-10,63954.43830818234,45996.025248771926,63252.69990436723,46195.455719088335,64854.237672312214,47444.19712445716,64142.62554780922,47649.906560679345
2019-07-11,63391.37526431741,45591.07036733803,62718.3712837319,45805.21855654317,64283.252679912715,47026.49235285249,63600.77926006644,47247.38289157961
2019-07-12,63673.52933268601,45793.99554338583,62907.581060856435,45943.40446629864,64569.37648139165,47235.80657080622,63792.651099567884,47389.91954557196
2019-07-15,63722.60653363616,45829.29186110445,62934.61121887981,45963.1454492122,64619.14416818416,47272.21418312822,63820.06155488777,47410.282067742264
2019-07-16,62572.96944346602,45002.47298777498,61824.270165979964,45152.228112563,63453.33239569204,46419.36315088576,62694.098702800926,46573.833228385905
2019-07-17,62607.29596080051,45027.16061540157,61835.1219866583,45160.153541870764,63488.14186587997,46444.82806150175,62705.10320176041,46582.00818759109
2019-07-18,63535.85519729659,45694.98031981431,62863.340303086276,45911.094035761445,64429.76535612697,47133.67388086091,63747.78790220409,47356.59183027905
2019-07-19,63430.75329126127,45619.39104013995,62920.70001006356,45952.98565157761,64323.184731323716,47055.70469404597,63805.95462412645,47399.80239175623
2019-07-22,63370.38523035538,45575.974337138556,62762.356919826234,45837.34266361756,64261.96732916405,47010.921028402016,63645.38374635314,47280.51841706827
2019-07-23,63135.997967103634,45407.40304226505,62487.70779254803,45636.75768279224,64024.282382186,46837.04231387728,63366.87047886142,47073.61807492374
2019-07-24,63621.99703430825,45756.933519857615,62948.58790748861,45973.35306881901,64517.11915547024,47197.57765992548,63834.23488670109,47420.811071361786
2019-07-25,63767.45544057542,45861.54719021886,63330.597457122494,46252.346775981896,64664.62407148604,47305.485062177904,64221.619070062436,47708.58881638869
2019-07-26,64071.19472569234,46079.996451862906,63539.27463605416,46404.75034758431,64972.63678035336,47530.81213718225,64433.232205451495,47865.79077128505
2019-07-29,63587.66029603256,45732.238541331215,63095.06378116241,46080.3290516062,64482.2993205388,47172.10516696866,63982.771583649235,47531.155162673356
2019-07-30,63517.73992429361,45642.082656585626,63007.50317055896,45976.20813210173,64411.3952124448,47079.110749632266,63893.97905041087,47423.75602550346
2019-07-31,62924.748741791074,45002.3056337993,62594.97232958932,45459.95255697756,63810.061011020276,46419.19052781738,63475.644160370684,46891.246289790826
2019-08-01,62692.02947330369,44835.87026684505,62367.27612359334,45294.586900012684,63574.06752646056,46247.51499029973,63244.744412187,46720.674141945005
2019-08-02,63206.679560503224,45203.935948182174,62816.61189670605,45620.919545713055,64095.95842185827,46627.16911575206,63700.4020565813,47057.28127858369
2019-08-05,62852.8513432066,44950.8862992756,62599.72262301918,45463.40248443845,63737.15206053667,46366.15227005584,63480.46128743679,46894.80483724086
2019-08-06,63770.32318599806,45607.04065992519,63542.34575960022,46147.98786683069,64667.532164311866,47042.96546559522,64436.34653777129,47600.94419653543
2019-08-07,64895.991433663025,46412.09221017537,64768.431561377365,47038.43961247712,65809.03786751963,47873.36383673358,65679.68259444209,48519.43156323357
2019-08-08,65332.73626833298,46724.44188064369,64764.06789483839,47035.27047498168,66251.927431702,48195.547748437,65675.25753386367,48516.162646341516
2019-08-09,64565.91681160486,46176.03057590845,63872.2512925843,46387.58362539693,65474.31929981984,47629.86986852423,64770.89363378999,47848.083559710896
2019-08-12,64074.56818780108,45824.62955511297,63565.94165943676,46165.12452249468,64976.05770498606,47267.40508574821,64460.27441705498,47618.620394950194
2019-08-13,63774.43155360246,45609.97886815464,63062.63676991907,45799.59650087187,64671.6983341057,47045.99618248166,63949.88834478415,47241.58382707757
2019-08-14,62818.632147094926,44982.66952070379,62285.08562868041,45309.49822003289,63702.45142151474,46398.93617724202,63161.39754878417,46736.05494065342
2019-08-15,63388.29140776414,45388.54528392191,62656.12580366977,45619.453172780646,64280.125435406415,46817.59082433404,63537.65802530958,47055.76873731476
2019-08-16,64241.172519831416,45494.033521541925,63602.117565327026,45641.50467370411,65145.00605685283,46926.400329348595,64496.959295153145,47078.514523500206
2019-08-19,64539.50591210774,45535.2628359078,63825.728633622115,45655.84313733397,65447.53681531311,46968.92773704308,64723.716430321816,47093.30442959705
2019-08-20,64188.26077573061,45363.21077681157,63567.443551646254,45571.258326997966,65091.349877260815,46791.45866741627,64461.79743994178,47006.05649046052
2019-08-21,64179.23102633669,45157.640397363706,63607.7602504929,45332.98467569049,65082.19308488164,46579.41596257986,64502.681369344864,46760.280860716455
2019-08-22,63939.16509322816,45008.18909668594,63416.358229665515,45220.511061040794,64838.74957267658,46425.25922987278,64308.58644265262,46644.26604616003
2019-08-23,64154.23387198605,44905.793936852024,63877.59884977062,45249.858156676026,65056.84423604059,46319.64018732561,64776.31642773738,46674.53712679077
2019-08-26,64252.068047635425,45022.66580149741,63901.46330444969,45322.83077621597,65156.05487798955,46440.19172965016,64800.51664026106,46749.80726859239
2019-08-27,64028.56361042879,45050.98573312281,63717.43398383528,45409.7492697827,64929.40587168343,46469.40330633141,64613.89814302957,46839.46236631531
2019-08-28,63793.34064313865,45107.57007285277,63388.24831964772,45409.5133062357,64690.87346282839,46527.76918803065,64280.08104390789,46839.21897352285
2019-08-29,64086.37747283761,45213.972285733085,63671.67404259337,45441.71527611412,64988.03313935402,46637.52144455865,64567.49438823954,46872.43481330387
2019-08-30,64199.304071009174,45177.33957117435,63783.65180284104,45380.22294766857,65102.548544869,46599.73535931915,64681.04760503674,46809.006416310745
2019-09-02,64666.21508107263,45156.1008635851,64247.53984212352,45358.888860830586,65576.02870386213,46577.82795701464,65151.462256819046,46787.0006317901
2019-09-03,64705.43842971314,45060.57614849002,64286.50924293604,45262.93516127291,65615.80390074178,46479.29567322019,65190.979932553346,46688.025857174216
2019-09-04,65376.912607613194,45546.37647113509,64953.63602534483,45750.91712654448,66296.72530473415,46980.391281939395,65867.49276855338,47191.37179643462
2019-09-05,65954.6652017553,45966.39595263487,65527.6480154466,46172.82284064248,66882.60652029153,47413.63495829206,66449.58074577358,47626.561092464864
2019-09-06,65925.12247723715,46019.84458241122,65498.29656247931,46226.51149868479,66852.64814792408,47468.76640309465,66419.81633635215,47681.94012270197
2019-09-09,65821.30476370938,45959.86256494353,65395.151006831264,46166.26011267197,66747.36978342214,47406.895868732856,66315.2195877097,47619.791738862645
2019-09-10,65496.173776164,45833.31065482045,65072.125048840026,46039.139880485855,66417.664404113,47276.35950743029,65987.6488579704,47488.66916216432
2019-09-11,65965.98340847465,46135.914197202306,65538.89294351655,46343.10236141966,66894.08396717433,47588.49043695462,66460.98388289807,47802.201815733606
2019-09-12,66255.8242746176,46241.899882136786,65826.85726262891,46449.56400916699,67188.00271491476,47697.81305127196,66752.99967858553,47912.01537831224
2019-09-13,65859.6953718838,45999.80137487755,65433.293058676376,46206.378280679965,66786.30052369274,47448.09214082762,66353.89827419778,47661.173016029636
2019-09-16,65753.07397464999,45963.564854849305,65327.3619715049,46169.979028901565,66678.17902939027,47410.714724191595,66246.47680335803,47623.6277441166
2019-09-17,66027.91535118602,46164.05943261337,65600.42391377452,46371.373992064415,66956.88725398853,47617.52181716051,66523.3805551479,47831.36357066318
2019-09-18,65941.8569487047,46126.7488530158,65514.922688208186,46333.89585730668,66869.61806304783,47579.036524492694,66436.67638119688,47792.70544744573
2019-09-19,65781.37130521725,45977.566159651884,65355.47609370559,46184.04321106747,66706.87448588475,47425.15685612496,66274.98647354842,47638.134733075254
2019-09-20,65238.85512838885,45638.13427605248,64816.47238609598,45843.08699940253,66156.72544222408,47075.038055452154,65728.39932330258,47286.44361163873
2019-09-23,65224.34853689729,45837.58969096753,64802.05971614678,46043.438133021285,66142.01475196869,47280.77326782298,65713.78387616604,47493.10274396364
2019-09-24,64083.403618377655,45563.99982911424,63668.501736630606,45768.61962788191,64985.01744460242,46998.569506371496,64564.2774499302,47209.63165601361
2019-09-25,64461.435863721585,45888.05699627092,64044.086448274735,46094.13207799403,65368.36836966553,47332.82952199285,64945.14640187842,47545.39277343822
2019-09-26,64162.92863712107,45868.79618149014,63747.51187822862,46074.78476632844,65065.661331139694,47312.962285893766,64644.39921445034,47525.436317143656
2019-09-27,63231.060931298925,45119.92962712542,62821.67746094695,45322.55518579761,64120.6828234509,46540.51787938189,63705.53889012019,46749.52300128774
2019-09-30,63061.57712529482,44980.60288812608,62653.2909616723,45182.602755256616,63948.814485193725,46396.80447732072,63534.783298870956,46605.164208103175
2019-10-01,62808.284799507644,44799.93437268116,62401.63855287872,45001.12288972362,63557.569493612995,46112.9443694636,63146.07138987059,46320.02933539276
2019-10-02,62246.634433475214,44399.32003304482,61843.62453854725,44598.709462521074,62828.69636581502,45584.12480851543,62421.91728944177,45788.834940604356
2019-10-03,62922.1352502833,44881.14169651321,62514.75188977469,45082.69490116702,63484.34493061736,46059.817728108384,63073.320913109834,46266.66411181589
2019-10-04,63476.272036157716,45276.39674479079,63065.30096990592,45479.72496938895,64149.47294041939,46542.3882725603,63734.14260791336,46751.40179406658
2019-10-07,63083.74561993551,44996.415246451324,62675.3159285098,45198.48612406362,63772.35253019732,46268.77597687761,63359.463831865236,46476.560754617814
2019-10-08,62365.35292305803,44483.99963477429,61961.574396597636,44683.76934524279,62964.686050115044,45682.78944904386,62557.02652004189,45887.94266634457
2019-10-09,62747.35350754699,44756.47326098555,62341.10175475366,44957.466601924905,63352.88370265234,45964.43861999914,62942.710819737506,46170.8566732319
2019-10-10,62822.991284885604,44810.424224169496,62416.249822520425,45011.65984926458,63508.12734820191,46077.07259338699,63096.94935344485,46283.99646560096
2019-10-11,63669.443506654454,45414.18221733718,63257.22177014977,45618.129211924184,64557.15310251814,46838.172595107164,64139.18327931141,47048.51443097711
2019-10-14,63648.25188490917,45399.0666435483,63236.16735153733,45602.945756788664,64463.773327725896,46770.4227362857,64046.408083966766,46980.460319686026
2019-10-15,64337.91187536058,45890.987771633765,63921.36220418944,46097.07601494646,65312.408830174645,47386.133532437256,64889.549167689176,47598.93616263706
2019-10-16,64281.89502303747,45851.032034650176,63865.70802763145,46056.94084387255,65198.43823332013,47303.44440768974,64776.31646381675,47515.87569585499
2019-10-17,64229.70304904496,45813.80450937848,63813.85396559428,46019.54613642286,65171.636487243326,47283.99892801374,64749.688243376244,47496.342890016
2019-10-18,63396.22925096063,45219.303774726664,62985.77641408373,45422.37560497648,64305.3530456015,46655.48401671539,63889.01348054921,46865.0054309326
2019-10-21,63756.3982017605,45476.20531901208,63343.61348537977,45680.43084828945,64785.28472279857,47003.689004855405,64365.83788072695,47214.774145247364
2019-10-22,63716.19933084669,45447.532242131485,63303.67487821983,45651.62900573325,64725.76130642078,46960.502960927384,64306.69984367003,47171.394160538555
2019-10-23,63990.52119862689,45643.20072301381,63576.22067524348,45848.1761988738,64966.376279060794,47135.07642143273,64545.75697503697,47346.751599157105
2019-10-24,64535.843548601915,46032.168604700484,64118.01238769946,46238.89086596071,65379.96266482251,47435.145888382904,64956.665630752825,47648.16862428621
2019-10-25,65322.96764666193,46593.6089950695,64900.0403258957,46802.85258501308,66279.57957440494,48087.84524167665,65850.45804680385,48303.799133358174
2019-10-28,65406.926380163946,46653.49513529624,64983.45547658919,46863.007663217344,66387.39935672889,48166.07176392797,65957.57975907372,48382.37695689629
2019-10-29,65180.75807002188,46492.17365543275,64758.75147158966,46700.96171735283,66159.86134143051,48000.98603259825,65731.51491939505,48216.54985514413
2019-10-30,65268.68953904753,46554.893471046526,64846.11363670972,46763.96319647503,66137.15770491306,47984.51385570328,65708.95827565044,48200.003704655894
2019-10-31,65208.519179979216,46511.975118061,64786.3328448896,46720.85210481896,66002.52411067378,47886.83309964416,65575.19635522076,48101.884281833736
2019-11-01,65718.33262805534,46875.615187026866,65292.84555444369,47086.12521649431,66639.93098783481,48349.29112158273,66208.47639551006,48566.41911983831
2019-11-04,66362.51749272952,47335.09978771928,65932.85970568107,47547.673280598254,67414.2174462065,48911.05943124899,66977.74980174788,49130.71023026818
2019-11-05,66015.59968320199,47087.650026128766,65588.18798240766,47299.11226625092,67254.9259387334,48795.48861126393,66819.4896136564,49014.62040245036
2019-11-06,66071.37849563477,47127.435973864034,65643.60566024188,47339.07688558328,67262.97500123501,48801.328450237015,66827.48656318418,49020.486467093295
2019-11-07,65759.84739180797,46905.22686481034,65334.09153481983,47115.869875042685,67154.6122351675,48722.707976811034,66719.825382673,48941.512923216425
2019-11-08,65995.1366276282,47073.0541244942,65567.85741293457,47284.45081702469,67403.22478369488,48903.08392118923,66966.8283102992,49122.69890362261
2019-11-11,65749.13915241075,46897.588884824516,65323.452624896774,47108.19759425066,67155.84392294456,48723.60160365039,66721.04909599181,48942.4105631737
2019-11-12,65779.47749563334,46919.228638078195,65353.59454541113,47129.934527777645,67197.07769107868,48753.51795305237,66762.01589958444,48972.46126153737
2019-11-13,65829.73229589562,46955.07441480732,65403.52397576453,47165.94128149843,67134.24012226712,48707.927391015364,66699.58516729315,48926.66596045983
2019-11-14,65991.34556060022,47070.3500297303,65564.09089080831,47281.73457865338,67246.36919542591,48789.28043446821,66810.98827025914,49008.38434584567
2019-11-15,65943.2998773289,47036.07997341024,65516.3562747287,47247.31062162103,67269.79827034731,48806.2789389278,66834.26565561816,49025.45918754126
2019-11-18,66581.19511662683,47491.07830600945,66150.12152216915,47704.35227060172,67913.26683250404,49273.134897181735,67473.56813503675,49494.41171220472
2019-11-19,66200.79028584943,47219.74290004703,65772.17958616957,47431.798345712625,67499.35670353152,48972.83054471298,67062.33783215811,49192.75874672828
2019-11-20,65843.22248722689,46964.69670728426,65416.92682613929,47175.60678597515,67075.73466814891,48665.47990958147,66641.45850178535,48884.027854996915
2019-11-21,65515.92660533925,46731.242887046676,65091.74999020764,46941.10456625777,66813.50185347607,48475.2220490119,66380.92349127395,48692.915580485394
2019-11-22,65610.49072478086,46798.69364387784,65185.70186328143,47008.85823241079,66980.36984068491,48596.28983483997,66546.71110582443,48814.527060034314
2019-11-25,66325.04539232451,47308.37166348681,65895.63021481448,47520.82512512572,67801.7822018273,49192.24941629556,67362.80530216452,49413.16298912523
2019-11-26,66028.4820652826,47096.83878002672,65600.98695873475,47308.3422852042,67449.89535850125,48936.94483873031,67013.1967204195,49156.71188447372
2019-11-27,66347.56316219062,47324.43315307279,65918.00219552827,47536.95874399752,67839.6746867708,49219.74156340159,67400.45245542174,49440.77859853505
2019-11-28,66461.45311378108,47405.668652071814,66031.1547774948,47618.55905713754,67956.12594583366,49304.23048381979,67516.14976066501,49525.64694354748
2019-11-29,66337.01325549133,47316.90810873708,65907.5205931932,47529.39990602949,67751.3142286279,49155.633371045165,67312.66407958565,49376.38250778021
2019-12-02,65419.7209606413,46935.7330624671,64996.167219776115,47146.513070593595,66875.64359548697,48707.5443774657,66442.66290183629,48926.281226865
2019-12-03,65123.99180734224,46711.84163575079,64702.352736660956,46921.61618740171,66407.25578029276,48358.37788778811,65977.30762390402,48575.54669308163
2019-12-04,65368.89439767728,46934.65438845772,64945.669728544024,47145.42955245156,66772.78119364221,48656.76912173861,66340.46647390528,48875.277948567535
2019-12-05,65765.40761393611,47086.40512917639,65339.61575782036,47297.861778688304,67128.66422930511,48825.14591152568,66694.04537497814,49044.41088833057
2019-12-06,66506.5412411285,47542.04460482889,66075.9509860641,47755.54744998141,68029.90603186998,49429.33451938252,67589.45216377954,49651.312798904975
2019-12-09,65927.23262892835,47225.28491379851,65500.39305219473,47437.365247659676,67431.83897615156,49061.58860466583,66995.25724258891,49281.915403215615
2019-12-10,66009.69979363868,47365.91378989532,65582.32629111635,47578.62566296366,67550.03152906496,49203.495521554156,67112.68456782309,49424.459598626294
2019-12-11,66160.36032177416,47514.31937051301,65732.01138203878,47727.69770658188,67659.76544045404,49311.05082517618,67221.70801629151,49532.49791383412
2019-12-12,67330.14695153393,48348.39307766121,66894.22433988778,48565.51709002615,68998.59736204855,50282.67332781463,68551.87178393747,50508.48379893721
2019-12-13,67035.73539088177,48132.10140018326,66601.71891879167,48348.25408519137,68595.22568676728,49985.36672828132,68151.1117044237,50209.842048767205
2019-12-16,67205.2404840659,48471.28275939974,66770.12656742452,48688.958647413056,68929.67257225922,50378.12141672692,68483.39324186537,50604.360528104655
2019-12-17,67118.35207831018,48609.367022766484,66683.8007123608,48827.66302258492,68985.54704980055,50556.650536262336,68538.90596483146,50783.691389908796
2019-12-18,67677.49451342021,48546.38852990071,67239.32303312932,48764.40170453732,69307.16389214223,50471.18317396976,68858.44052615123,50697.840209014954
2019-12-19,67953.08133939188,48794.88620412267,67513.12559849332,49014.015337504876,69605.86961721959,50723.57082641103,69155.21230629606,50951.3612891547
2019-12-20,68202.33201853244,48965.14876099295,67760.76252789584,49185.04251315873,69861.25902269695,50903.70021000005,69408.94821468553,51132.29960151141
2019-12-23,68810.07884206132,49310.49234871115,68364.57455260833,49531.93697735156,70456.87453023407,51275.27133664183,70000.70746003605,51505.53938746682
2019-12-24,69015.64540165945,49486.33334579954,68568.81019113197,49708.56764500386,70619.1614655965,51412.953028886855,70161.94368237254,51643.83938350783
2019-12-25,68970.99257942701,49486.33334579954,68524.4464693362,49708.56764500386,70589.00938525477,51412.953028886855,70131.98681912271,51643.83938350783
2019-12-26,69404.73574486967,49821.34117474336,68955.38140604293,50045.079934372596,71090.63683827118,51794.62665386772,70630.36652765573,52027.22703631117
2019-12-27,69366.8833342006,49758.15367258296,68917.77406719477,49981.60866840689,70998.600687947,51702.86281620812,70538.92625759625,51935.05110370826
2019-12-30,68979.42328771461,49481.37313797532,68532.82259380746,49703.585161770745,70570.77194873884,51392.097568088044,70113.86745934575,51622.89026457359
2019-12-31,68813.45877298978,49457.449018024825,68367.93260049651,49679.55360286344,70448.08683374316,51367.955354572994,69991.97665874223,51598.63963270591
2020-01-02,70421.77289792402,50613.3728046973,69965.83384909776,50840.6684371504,72192.89976242337,52640.20385202398,71725.49294380851,52876.60157006734
2020-01-03,70398.59225420973,50596.71246636892,69942.80328624924,50823.93328021327,71951.18500366085,52463.95502122241,71485.34314679123,52699.561237364935
2020-01-06,70715.45539483227,50824.44760572194,70257.61492670361,51052.69113746994,72280.74478963,52704.25696742397,71812.7692258223,52940.942336525004
2020-01-07,71090.06941381576,51093.689322032624,70629.80354296768,51323.14197032038,72568.02026399142,52913.7268679521,72098.1847594419,53151.35292882216
2020-01-08,71455.15883026847,51356.08553816815,70992.52922283122,51586.716561075,73123.16803391316,53318.518639343005,72649.73827211876,53557.962547486386
2020-01-09,71811.22327151446,51611.99534511665,71346.28835882881,51843.77561333553,73522.36931326847,53609.60040489622,73046.354956582,53850.3515090629
2020-01-10,71377.83516207131,51300.5116512289,70915.7061793454,51530.89310171883,72960.95862207649,53200.24195931077,72488.57907138852,53439.154708089045
2020-01-13,71801.02998654613,51604.669251055435,71336.16106931135,51836.4166190922,73599.09513015798,53665.54583242534,73122.58401866464,53906.54817747704
2020-01-14,71550.2900372524,51424.458017960955,71087.04451189317,51655.39608948315,73411.41774026424,53528.69891126088,72936.12173014547,53769.08670132385
2020-01-15,71566.63548973738,51436.20578354878,71103.28413730575,51667.1966121915,73353.29043619898,53486.3147828295,72878.3707663901,53726.51223337041
2020-01-16,72116.0534216119,51831.08216151015,71649.14491520701,52063.84630955634,73928.84292583953,53905.984867864485,73450.19689015514,54148.066981517884
2020-01-17,72669.2916257499,52228.70423666617,72198.80123138354,52463.254034552345,74481.28469914598,54308.80353367407,73999.06192596274,54552.694633737374
2020-01-20,72765.06426342847,52297.53772403578,72293.9537982583,52532.39664084012,74579.44540683614,54380.37843480803,74096.58710045995,54624.59096492021
2020-01-21,72499.99623789582,52107.028649316286,72030.60193036357,52341.03202383551,74261.16260644588,54148.29921995071,73780.3649951192,54391.46952391666
2020-01-22,72630.12256650798,52200.552741521424,72159.8857684781,52434.97611606256,74303.45566805739,54179.13764578043,73822.38423388328,54422.446439588
2020-01-23,73010.40429741296,52473.867942560275,72537.70540160364,52709.51872693476,74853.99328223201,54580.56787415095,74369.35743887618,54825.6794191448
2020-01-24,72620.50807770285,52193.642638492245,72150.33352776329,52428.03498099282,74398.06957363928,54248.126359261354,73916.38556974224,54491.7449690127
2020-01-27,71708.69652193812,51538.30755815503,71244.42540890929,51769.75690766185,73266.14674451543,53422.77305352182,72791.79127916192,53662.68514954832
2020-01-28,72840.40594785438,52351.687124209355,72368.80769013766,52586.789216314544,74558.5437135329,54365.13774770506,74075.82073340075,54609.28183462385
2020-01-29,73068.14150295543,52515.36469262164,72595.06879311825,52751.20183150141,74701.27574829163,54469.21229562652,74217.62866168223,54713.823762681306
2020-01-30,73922.94584691354,53129.727682297256,73444.3387879187,53368.32381581729,75608.71127588746,55130.8783502165,75119.18907476614,55378.46124089746
2020-01-31,72705.15700986661,52254.4813221098,72234.43440849314,52489.14688029042,74218.0898809486,54116.892294088175,73737.57114033718,54359.92155518079
2020-02-03,73555.1421356335,52865.38065449732,73078.91638667071,53102.78965265092,75187.91995443914,54824.05398087969,74701.12213110992,55070.25897832612
2020-02-04,74190.85075639862,53322.275675651974,73710.50917263141,53561.73650787715,76173.92598105819,55543.01053216601,75680.74434517186,55792.444234588096
2020-02-05,74273.07237125613,53381.36980342151,73792.1984514893,53621.096016837495,76345.18212463104,55667.88373075276,75850.89170533944,55917.87821632215
2020-02-06,74566.41251071742,53592.19854609824,74083.6393882088,53832.87155380495,76706.62023584936,55931.430089425616,76209.98971610123,56182.60811444262
2020-02-07,74797.18614593489,53758.05963638473,74312.91890154599,53999.47749667342,76847.92128987834,56034.46122286214,76350.37592841659,56286.101942227746
2020-02-10,76185.28451019799,54755.71046380533,75692.0301554051,55001.60859606997,78533.49787762956,57263.51692611576,78025.03939322906,57520.67711429676
2020-02-11,75893.39577153274,54545.924868532515,75402.03122252565,54790.880891095425,78387.84830997928,57157.31502873662,77880.33282137575,57413.99828323662
2020-02-12,76195.02554499607,54762.71151767616,75701.70812280287,55008.64109042539,78836.65927684799,57484.570214007486,78326.23799962988,57742.723112873486
2020-02-13,76222.04544811911,54782.13119959607,75728.55308814145,55028.147982674105,78758.80119433756,57427.79918322241,78248.88400268424,57685.69713356719
2020-02-14,76537.71726826015,55009.01011586384,76042.1811212051,55256.045771700316,79475.42369464459,57950.3319340227,78960.86679127281,58210.57648527046
2020-02-17,76532.80582846681,55005.48017728038,76037.30148006002,55252.49998079209,79470.32374167422,57946.61325026185,78955.79985751626,58206.84110156753
2020-02-18,77066.26386820938,55388.88589869399,76567.30569662803,55637.62750893593,80076.27785975253,58388.450998926695,79557.83077694914,58650.663064347944
2020-02-19,77580.54316459452,55758.50751829462,77078.25534078239,56008.909033323376,80947.03332818636,59023.371406812556,80422.94861280924,59288.43478595564
2020-02-20,77368.73857640862,55606.27981736557,76867.82206119184,55855.997704933,80546.24796897582,58731.13459295443,80024.75810448172,58994.88558895936
2020-02-21,77200.76947946973,55485.5574587371,76700.94046414309,55734.73320371779,79886.48586136123,58250.06218897892,79369.26757078615,58511.65277506535
2020-02-24,75952.50969691419,54588.41109147408,75460.762420438,54833.55791208854,77952.77823428229,56840.07915720394,77448.0795700566,57095.33776227965
2020-02-25,73907.08590821743,53118.32886405038,73428.5815328823,53356.873807510165,75645.30280661184,55157.5594454894,75155.5436967222,55405.26215618578
2020-02-26,74176.01038345328,53311.60963732982,73695.7648822646,53551.02257027872,76032.40128481852,55439.8163276851,75540.13593859838,55688.78660343576
2020-02-27,71950.31061843717,51711.959879557144,71484.4751979959,51944.18907067561,73333.19537782321,53471.66226197493,72858.40581176881,53711.79391067165
2020-02-28,70983.89741672824,51017.38163125921,70524.31894634415,51246.49159531402,73157.64880209716,53343.66065015225,72683.99579748783,53583.217466558686
2020-03-02,72854.44679813266,52274.613127035635,72382.75763427063,52509.36909356247,75085.47272936782,54658.21356820266,74599.33819192548,54903.673806088016
2020-03-03,71814.7400253127,51528.60143243973,71349.78234374017,51760.007193466634,74016.47015515926,53880.03679336035,73537.256784396,54122.002378863195
2020-03-04,73938.78713808322,53075.32388016679,73460.07751616034,53313.67569591212,76205.33019075624,55497.11818511994,75711.94523097247,55746.34579323915
2020-03-05,72930.66385402407,52169.56289108674,72458.48123010647,52403.847095735306,75167.46199010627,54550.871504894145,74680.79662013541,54795.849688817725
2020-03-06,72575.26168822739,51915.33271326647,72105.38008171898,52148.475215517945,74803.97828795243,54287.08246366076,74319.66626244344,54530.87601829285
2020-03-09,67668.09784239909,48405.08641434043,67229.98719995806,48622.46502637145,69749.55109810448,50618.96063455695,69297.96353359513,50846.28131168381
2020-03-10,70056.70722754789,49207.5455077784,69603.13176156911,49428.52782051247,72209.57283098222,51457.373578862804,71742.05806399629,51688.459418209946
2020-03-11,67975.52708174371,48397.211465404354,67535.42601802813,48614.55471244387,70065.01736382148,50610.196758128135,69611.38733967795,50837.47807825716
2020-03-12,60572.92071268749,46441.49394603442,60180.747117535284,46650.05441441621,62436.28488883765,48565.566561165455,62032.04644735572,48783.6658136459
2020-03-13,64870.5736673072,47517.6724740748,64450.57532819186,47731.065868333855,66867.67586865998,49691.56166430796,66434.7467613822,49914.717558925644
2020-03-16,58070.535670619,45269.32584615704,57694.563528638544,45472.622316610235,59870.937685491044,47345.05389575511,59483.30836732879,47557.6720446715
2020-03-17,62806.96053285679,46978.90447861567,62400.32286006592,47189.87836187422,64752.099513105335,49132.18740810323,64332.86752586485,49352.8312532222
2020-03-18,60654.36007905232,46165.889733715,60261.65921249371,46373.21251272195,62537.01223636251,48283.4936833581,62132.121644195286,48500.326197114984
2020-03-19,63765.08179135739,46904.72451805399,63352.24085390441,47115.36527233662,65741.23959209667,49055.04171700081,65315.60350114229,49275.339114651884
2020-03-20,63321.81842919185,46733.111724092276,62911.84735808004,46942.9817959173,65282.13030806056,48874.77472425572,64859.466681303544,49094.26257516106
2020-03-23,66523.10846327538,47815.12248164555,66092.41094531206,48029.85167085064,68585.17572226394,50007.363383710894,68141.12680756485,50231.93748723276
2020-03-24,71158.73754730113,49363.891756768986,70698.02709117527,49585.576192629385,73355.3740215667,51623.81445097326,72880.44086176073,51855.64774643716
2020-03-25,69621.69608305026,48721.30094991972,69170.93705521681,48940.09962504619,71772.84965448167,50952.496644736806,71308.16241473479,51181.31517228828
2020-03-26,72202.86540604314,49693.208578285325,71735.39484372886,49916.37191727103,74431.79922634289,51968.21285830282,73949.89684266453,52201.59278526951
2020-03-27,69857.36009615212,48834.66917495148,69405.07528415341,49053.976966562004,72017.64168955723,51071.67937970156,71551.36956450011,51301.03313554842
2020-03-30,71245.53666724495,49312.43967553022,70784.26423849959,49533.89304926813,73449.68374651148,51571.66784253368,72974.13998637436,51803.26695692805
2020-03-31,70159.05789376928,48776.47503474259,69704.81976816857,48995.52148684596,72333.84064393476,51012.639700380256,71865.52131551276,51241.72831961205
2020-04-01,68735.25730747198,48196.030881524515,68290.23744290505,48412.47066243413,70865.9052438627,50405.58499966202,70407.08993893245,50631.94744506705
2020-04-02,71452.88822302822,49362.916974701,70990.27331642088,49584.59703298894,73667.77698325407,51625.967157253304,73190.82119691656,51857.810120135175
2020-04-03,70299.07279561959,48998.52582678829,69843.92815689738,49218.56946940512,72478.19571229316,51244.8704436175,72008.94176920026,51475.00196948232
2020-04-06,74508.26271622398,50471.77881858829,74025.86607901103,50698.438577697234,76817.86163850986,52785.66493532011,76320.51089571643,53022.715893010005
2020-04-07,73085.53151638043,49940.48534612299,72612.34621656072,50164.75916098142,75351.02877361506,52230.01423553641,74863.17491604273,52464.56986555191
2020-04-08,74078.52019723703,50220.94965237412,73598.90588695629,50446.482982422654,76374.79800824572,52523.33646912166,75880.31584342253,52759.20935670071
2020-04-09,74758.18016240594,50781.07385884022,74274.16545853537,51009.12260682488,77075.52599816585,53109.13965214307,76576.5070292863,53347.64327679294
2020-04-10,74181.81155450335,50728.02414211861,73701.52849418626,50955.834653284706,76481.29117962938,53053.657863362736,75986.11953378237,53291.912329246086
2020-04-13,75543.92042659261,51239.000725303595,75054.81852235863,51469.10594119313,77885.62255253033,53588.06024309151,77381.35868208163,53828.71461425333
2020-04-14,78211.29587862267,52201.7464759952,77704.92430655139,52436.175211385,80635.68101507165,54594.94321419841,80113.61212389082,54840.11931626719
2020-04-15,77486.98111470643,51893.89305340271,76985.29904945841,52126.939273964636,79888.91402187034,54272.9762062083,79371.68001037557,54516.706412167194
2020-04-16,79536.88345600558,52373.22252934948,79021.92949365503,52608.42133311918,82002.35901019492,54774.280612416995,81471.44167801958,55020.262086589166
2020-04-17,78694.76061928675,51945.63053536533,78185.25890088532,52178.9090997335,81134.13214252418,54327.0856006343,80608.83607171095,54571.0588021827
2020-04-20,78221.62195754949,51899.73805002109,77715.18353026554,52132.810519420615,80646.32718065586,54279.08916755559,80124.18936177713,54522.846825727946
2020-04-21,76275.35528397381,51153.11130378797,75781.51777455086,51382.83080560032,78639.73034706971,53498.23320842512,78130.58406953806,53738.484182478656
2020-04-22,78404.61891276947,52013.813944573274,77896.99568916092,52247.39870847449,80834.99665534079,54398.394888256895,80311.63731191847,54642.688327031516
2020-04-23,78613.64853154127,51967.398864589675,78104.67196561205,52200.7751866429,81050.50575121542,54349.85190211078,80525.751112394,54593.92734303751
2020-04-24,78978.13358682892,51999.839151761524,78466.79719718921,52233.36115736004,81426.28907410712,54383.7794190151,80899.10145797051,54628.00722233765
2020-04-27,79324.36503816821,52170.730083066825,78810.78700603497,52405.01952936648,81783.2529698455,54562.50487017841,81253.75422118178,54807.53529745982
2020-04-28,78236.03700043456,51829.57386912467,77729.50524433097,52062.33124369869,80661.1890594528,54205.70829947541,80138.9550185978,54449.13641732509
2020-04-29,79706.23366201647,52588.95792422257,79190.18325791688,52825.125557183135,82176.95871524168,54999.90642817024,81644.9109520553,55246.901147430246
2020-04-30,79554.23434200266,52488.671089963005,79039.16804299639,52724.38835263294,82020.24773704534,54895.02192925696,81489.21458582222,55141.54563103627
2020-05-01,78015.42518516179,52034.06980692638,77510.32175920492,52267.74553629362,80433.73874342558,54419.57938359616,79912.97731038876,54663.967958141344
2020-05-04,79572.70398618365,52624.33812721608,79057.51810722855,52860.66464635968,82039.28990122264,55036.90864176906,81508.13346311942,55284.06953133651
2020-05-05,79698.56684112898,52631.58462715495,79182.56607512965,52867.94368903766,82169.05423908464,55044.4873585625,81637.05765276006,55291.68228278834
2020-05-06,79807.76963269302,52567.3316000041,79291.06184364008,52803.40211299875,82281.64208675538,54977.28864193999,81748.91655994125,55224.181788776994
2020-05-07,81618.41915516126,53358.36571857136,81089.98848855127,53597.9886247441,84148.4179237192,55804.587835914885,83603.60611476522,56055.19623511195
2020-05-08,81696.43352497608,53311.639716875936,81167.49776177303,53551.05278490672,84228.85057437803,55755.719673805375,83683.51801103573,56006.108614847595
2020-05-11,81886.8665856552,53265.31800495771,81356.69788177233,53504.52305043984,84425.18665810021,55707.27433619732,83878.58293340307,55957.44571791373
2020-05-12,80751.84025935578,52931.56802512284,80229.02017511582,53169.27425895611,83254.97691073551,55358.22353949258,82715.94960999319,55606.827396659624
2020-05-13,80435.77645446603,52863.30080177017,79915.00269517132,53100.700459676016,82929.11579482903,55286.826595253486,82392.19825429855,55535.10982154416
2020-05-14,81523.6573425359,53314.22990818765,80995.84020223937,53553.65460830576,84050.71869486192,55758.4286128184,83506.53943129526,56008.82971922006
2020-05-15,82762.16637729142,53793.12498244953,82226.33062843065,54034.70031495493,85327.61889628318,56259.27870213313,84775.17245044792,56511.92903649235
2020-05-18,82856.96527670215,53718.56852334885,82320.51576141306,53959.8090360905,85425.35636153791,56181.304191208954,84872.277122757,56433.60435601907
2020-05-19,82966.05775726061,53789.29633570223,82428.90193311598,54030.854474437765,85537.83047879465,56255.27453051308,84984.02303586215,56507.90688285544
2020-05-20,83515.769722958,53970.80061148026,82975.05484114621,54213.173853554494,86104.58235546645,56445.099896486085,85547.10552548217,56698.58472051469
2020-05-21,81880.39158487144,52913.96227175314,81350.2648027633,53151.5894412873,84418.51094595522,55339.8106477725,83871.95044259129,55588.33181594392
2020-05-22,82395.46269789974,53246.819173320335,81862.00113701951,53485.941143848104,84949.5481766218,55687.92742290514,84399.54951765851,55938.0119211025
2020-05-25,82499.00947613144,53313.73470963692,81964.87751151621,53553.15718590666,85056.3046864818,55757.910711817356,84505.61484153202,56008.30949241846
2020-05-26,81297.03360377399,52536.9760164942,80770.68371724915,52772.91020797599,83817.07009840333,54945.54140224334,83274.40357289684,55192.291977918576
2020-05-27,81177.09566636843,52459.46794194803,80651.52230657457,52695.05405848741,83693.41433802251,54864.47995862984,83151.54841126954,55110.86650189469
2020-05-28,81324.18252904036,52554.520598041236,80797.6568693895,52790.53357911039,83845.06058306528,54963.89031770956,83302.21283553515,55210.723295074524
2020-05-29,82823.41278195301,53523.37543011739,82287.18049908952,53763.73936548201,85390.76381025158,55977.16244193481,84837.90853801584,56228.545842747924
2020-06-01,82488.20126257821,52947.887231424815,82223.12150419556,53290.72600364198,85045.16140363275,55375.290902205576,84771.86385016909,55733.84711430474
2020-06-02,83675.659892529,53361.64903360344,83541.12026011967,53632.816117183786,86269.42872488477,55808.021675007105,86130.7177716441,56091.62039902507
2020-06-03,83209.7940800199,53064.55704752536,83103.05946809467,53351.584146225396,85789.12205554708,55497.30946316981,85679.07802432864,55797.49530731627
2020-06-04,82930.80078394544,52823.37706438259,82753.98030711399,53113.71058639088,85501.48055713049,55245.072548258635,85319.17814986236,55548.716399416866
2020-06-05,84679.39533151452,53446.35915674106,84465.31184966966,53629.13927671131,87304.27781970569,55896.61534618808,87083.55733997404,56087.774993264546
2020-06-08,84335.62487956729,53347.71754430551,84308.86543973346,53543.27970954056,86949.85122193319,55793.45149453511,86922.26142320101,55997.97918170686
2020-06-09,84457.23578378838,53960.98436586214,84028.69253285135,54162.413852201316,87075.23183883056,56434.83362364514,86633.40375053888,56645.49761949175
2020-06-10,84896.0994330919,54349.17432959276,84258.21015129444,54415.04247141957,87527.69927936087,56840.82021330724,86870.03592827589,56909.70803462563
2020-06-11,80985.66769068722,51940.95670914534,80839.64866667948,52357.804682665155,83496.05242456403,54322.19750216446,83345.5062894635,54758.15587922109
2020-06-12,80907.41601180272,52155.81726172617,80757.31056329583,52565.6145287591,83415.37512865706,54546.90836835197,83260.61587953953,54975.492798036095
2020-06-15,80592.58749536914,52562.95066353816,80040.82897618314,52942.14716637692,83090.78761859171,54972.70686079801,82521.92488310525,55369.28762937511
2020-06-16,81956.41220322977,53019.23435515692,81409.29803173918,53320.94744227127,84496.8880088263,55449.908945309624,83932.81357643765,55765.45405919837
2020-06-17,83219.60414377184,53467.235947037414,82900.78488789605,53734.97478622837,85799.23622845493,55918.449236003406,85470.53336123073,56198.46254716061
2020-06-18,83610.9014196125,53545.776797828556,83344.60475728798,53791.35136348966,86202.66292569299,56000.590803640596,85928.11070509467,56257.42371683381
2020-06-19,83191.22929363497,53436.69916226902,82849.45007742483,53722.63487926813,85769.98184999169,55886.51248784995,85417.60728053191,56185.556915364956
2020-06-22,83742.35344878475,53982.14013701215,83271.51339756248,54178.63215501293,86338.18969770437,56456.95928423237,85852.75366826706,56662.45945276261
2020-06-23,83935.78818147599,54065.50873438248,83433.57870902593,54255.48074488408,86537.62048294664,56544.149927200095,86019.84266059526,56742.831177451364
2020-06-24,81943.80772593642,53182.32923237452,81350.58355425045,53478.655629294466,84483.89285882516,55620.48093113994,83872.27907469832,55930.39240107093
2020-06-25,82220.08153574745,53619.52887449312,81729.53922676606,53900.13238188003,84768.73057282176,56077.72405509766,84262.98156917981,56371.19181688733
2020-06-26,81122.29650403203,52812.28851650134,80952.21000331154,53189.24485536699,83636.91656187257,55233.475644270315,83461.55678875376,55627.71354797733
2020-06-29,81130.03296506939,52957.402733565665,80826.28719386047,53267.37623330483,83644.89283688144,55385.242643940386,83331.73063933091,55709.42687033889
2020-06-30,82648.28493351018,53921.355111214194,82138.08336440224,54102.694071952115,85210.2074058479,56393.38755999437,84684.18970843432,56583.03997720175
2020-07-01,83514.40633729698,54201.08724702927,83173.71560872924,54452.053517978966,86103.17674592182,56685.94405668232,85751.92435543935,56948.41585801575
2020-07-02,84992.67510224778,54552.5654152631,84668.01068541536,54702.42499180519,87627.26872392694,57053.535793188305,87292.53940964099,57210.26564859771
2020-07-03,84912.66192619201,54636.271574343526,84693.3178017175,54774.37022512952,87544.77530821484,57141.079473432335,87318.63099286427,57285.50922164319
2020-07-06,86330.96190066024,55548.863652145614,86030.06593742075,55638.89577665156,89007.03958974678,58095.50946914604,88696.81548511832,58189.66907324
2020-07-07,85499.64954576977,55077.988131936545,85214.23833340342,55225.539945336604,88149.95830564937,57603.04659151815,87855.69895599899,57757.362883514994
2020-07-08,86384.95347379064,56030.70166010884,85812.35671285902,56087.56508291086,89062.70478773981,58599.4374113901,88472.35773642377,58658.90768932169
2020-07-09,86811.33258959572,56169.476739629215,86324.22135514229,56252.82312525708,89502.30075661566,58744.57465482398,89000.08909679469,58831.742010736336
2020-07-10,86696.75491460672,56341.0405913296,85903.93116957856,56415.69529787886,89384.17141542306,58924.00387651677,88566.77080704387,59002.08108188085
2020-07-13,84737.48569831478,55322.41851325631,83835.53213154126,55430.79265925261,87364.16898683742,57858.6829195884,86434.2557865411,57972.02543805421
2020-07-14,85491.82051844818,55838.87635568408,84487.89814432588,55826.629587192976,88141.88659499749,58398.8178476954,87106.84376185208,58386.009567722795
2020-07-15,86462.7117284227,56001.417246823694,85505.36971859186,55961.518249437846,89142.87338422122,58568.8104498746,88155.85479654859,58527.08222037337
2020-07-16,85221.08371227035,55462.96183984712,84408.0644042502,55466.47015684743,87862.75751899344,58005.669475639545,87024.5353451861,58009.338575732894
2020-07-17,86334.07670917678,55864.615490913915,85401.51984464854,55780.57563991894,89010.25095075609,58425.73699736223,88048.78579681074,58337.84427051507
2020-07-20,87638.67717839737,56907.585538993706,86594.05960663281,56800.28579278346,90355.29128224614,59516.52216055997,89278.29176167105,59404.30318414991
2020-07-21,87894.39189407174,56633.56229806954,87146.91933258984,56520.493605551455,90618.93261463278,59229.93628388811,89848.28896634637,59111.68388326254
2020-07-22,87419.42218816417,56530.19671934553,86484.01410280749,56424.371951990004,90129.23984987136,59121.83189501799,89164.83508066768,59011.155518465974
2020-07-23,86437.54110217343,55630.005941703,85458.68439932245,55625.1047270621,89116.9225216599,58180.37173889203,88107.72233141583,58175.24577096952
2020-07-24,85507.5035521017,55669.37814647235,84461.59770496615,55665.24304280755,88158.05576960818,58221.54896817473,87079.72806466358,58217.22423365795
2020-07-27,86263.20908933105,56161.377743838326,84994.12585145938,56016.21093244219,88937.18658420237,58736.10435938094,87628.76345404131,58584.28229741169
2020-07-28,85292.15549669678,55529.176505313,84175.87922053672,55476.93747779631,87936.032378799,58074.91976217388,86785.15291331409,58020.28577253825
2020-07-29,85502.69009374273,56066.63683308996,84078.64341394113,55958.007543568885,88153.09310419486,58637.0200376572,86684.90300298123,58523.410565681545
2020-07-30,86144.70970551156,56768.14904944304,83614.39199755732,56140.55892948251,88815.01396947907,59370.693184655705,86206.26077751031,58714.33104652317
2020-07-31,87528.06020356169,57307.626582250865,85157.42620682363,56750.448110753496,90241.24541455581,59934.90314423095,87797.12577401137,59352.18068631422
2020-08-03,88200.3362509605,57801.284443788085,85811.49414530915,57239.3063400404,90934.36059676956,60451.19282006807,88471.46842685425,59863.450689587975
2020-08-04,89533.18863467833,58445.76622997511,87108.24718938519,57877.52209502091,92308.52859454161,61125.22096981505,89808.41806646498,60530.92554034688
2020-08-05,90726.8062782174,59051.76675044554,88269.53656518589,58477.630721796566,93539.14586895688,61759.003674570384,91005.70495147156,61158.54623605364
2020-08-06,91608.57068727382,59515.85841145199,89127.41902506669,58937.210210554134,94448.243113573,62244.371685386985,91890.17994690967,61639.19521296146
2020-08-07,89730.5553106044,58676.978307727266,87300.26833211097,58106.486192883545,92512.01322536687,61367.03300210339,90006.391461486,60770.38653351749
2020-08-10,90138.47375849127,58848.929330889834,87697.13860483884,58276.765407004765,92932.57628704543,61546.86714683421,90415.56387319718,60948.47222468724
2020-08-11,88109.06693840683,57730.43861959333,85722.69679585731,57169.14932064165,90840.26214103577,60377.09906725504,88379.91856054592,59790.077319915494
2020-08-12,90183.2253977917,59089.459680507935,87740.67817846242,58514.9571790104,92978.7151369294,61798.42464845251,90460.45308530547,61197.58393599038
2020-08-13,90701.38379657538,59108.36074708795,88244.80263301157,58533.67447829775,93512.93535104945,61818.19223592488,90980.20432671014,61217.15933132503
2020-08-14,90224.1087149749,59075.02685988812,87780.45420066627,58500.66468276645,93020.86574884433,61783.33015181019,90501.46207801992,61182.63619694208
2020-08-17,91273.38426001342,59757.015939632285,88801.3108789639,59176.02306332288,94102.66661937663,62496.585119287774,91553.96314509006,61888.956479186774
2020-08-18,91740.79578508924,59938.02637705472,89256.06290205562,59355.27361074702,94584.56691363906,62685.894005474875,92022.81151427567,62076.424792791324
2020-08-19,90704.37353005522,59533.21276081126,88247.71139172958,58954.39583071579,93516.01775409847,62262.52164877858,90983.20324507543,61657.16871171017
2020-08-20,91573.09415128596,60392.02266800383,89092.90334531285,59804.855882576114,94411.66687998635,63160.70382111408,91854.59435447027,62546.61822751896
2020-08-21,92291.88368877846,60854.887835747686,89792.22498976492,60263.22080276037,95152.7373781503,63644.78911143945,92575.59348780244,63025.99695530028
2020-08-24,94394.70240734844,61766.29991663446,91838.09038923214,61165.77159902557,97320.73904321072,64597.98501475435,94684.87637714155,63969.9253261672
2020-08-25,94118.629376838,61808.92170422839,91569.4945964234,61207.978992517346,97036.10832872639,64642.56080284382,94407.95468214579,64014.06772216899
2020-08-26,95349.40976339554,62549.45819255371,92766.9401893147,61941.31554929323,98305.04028689882,65417.047279424,95642.51852508182,64781.02418469091
2020-08-27,93867.35844121105,61792.85057865657,91325.02915175563,61192.064119886294,96777.0485006837,64625.75287844284,94155.9113044068,63997.42321431673
2020-08-28,94814.80026502002,62466.118066403185,92246.81020126856,61858.78570489528,97753.85902635973,65329.88641583922,95106.26561507907,64694.710750400205
2020-08-31,94668.2290290071,62787.61483642609,92104.20874082508,62177.156694117344,97602.74438904661,65666.12225097201,94959.2438097225,65027.677502544466
2020-09-01,96634.96343878092,64092.02882909292,94017.67557625166,63468.8884062924,99786.94699334948,67135.63129124383,97084.2888474428,66482.89910970212
2020-09-02,96311.49895162729,63877.49472571974,93702.97189001375,63256.44012972675,99765.84625824542,67121.43493375817,97063.75961066927,66468.84077757219
2020-09-03,91851.46439952582,60919.42807034061,89363.73413737577,60327.1335392103,94585.33028328628,63636.03708491492,92023.55420860155,63017.330021136644
2020-09-04,90715.61851923984,59993.653131239276,88258.65181854197,59410.35952889073,93292.44707839981,62586.07073328051,90765.68782135179,61977.572061291605
2020-09-08,87352.22132808896,57991.88156901083,84986.34979969733,57428.05036784423,89353.45750246246,60175.75159611915,86933.3829630535,59590.68746758134
2020-09-09,89933.2276017973,59640.06721850323,87497.45139136408,59060.21138648562,92219.90864910034,62038.41788093593,89722.19832891316,61435.24381279989
2020-09-10,88261.53473520855,58484.20873271699,85871.0351130194,57915.59083712749,90183.21356859579,60619.126948260746,87740.66567912632,60029.752063195
2020-09-11,87328.75344876405,57839.173182060746,84963.5175308547,57276.82670170182,89263.86783737203,59973.227252410434,86846.21977001619,59390.13218492325
2020-09-14,88828.85532922581,58675.15150489416,86422.99024041832,58104.67715130265,90753.64681138583,60810.78127855507,88295.64914519932,60219.54301711663
2020-09-15,89887.09699584125,59314.16701396351,87452.57019939613,58737.47977552856,92014.14175304827,61593.21312572908,89522.00448218797,60994.367600655954
2020-09-16,88214.6330859219,58210.55140067508,85825.40376086997,57644.594162716596,90107.6780231509,60317.04812983973,87667.17595994784,59730.61023311168
2020-09-17,86868.57293980473,57322.3211764714,84515.80067705509,56764.99983548116,88699.5945345386,59374.493162086146,86297.22940632832,58797.21934035809
2020-09-18,86100.79591303252,56815.6850037896,83768.81833392316,56263.28947782845,87771.00150832788,58752.903620731035,85393.78665860732,58181.67325892951
2020-09-21,86436.47599973975,57037.19159808015,84095.40676906487,56482.64245465142,88481.27700718518,59228.35390854129,86084.8248531812,58652.50093878021
2020-09-22,88297.67986945322,58177.58132983404,85906.20128253143,57611.94464630735,90584.61289346727,60545.1605555702,88131.19339014638,59956.504815374814
2020-09-23,85451.67529742313,56454.90584361615,83137.27867915957,55906.0180249708,87534.87587364869,58665.47632815316,85164.05631799465,58095.095986025444
2020-09-24,86977.41000820287,57084.00949119837,84621.68997243221,56529.00515666015,89158.59306344931,59391.04734715078,86743.79628810986,58813.612575877385
2020-09-25,88492.68581568655,58152.36936846386,86095.92563421518,57586.97781046299,90961.79643869949,60650.7236264956,88498.1611886127,60061.041539898906
2020-09-28,90129.057842909,59150.843203219316,87687.97771249755,58575.74389498941,92655.90844405764,61730.13045061098,90146.3893810142,61129.953734597315
2020-09-29,90752.13659501677,59415.028426589284,88294.18082873545,58837.36055414326,93123.58793488787,61926.69219946423,90601.40210706556,61324.60439426187
2020-09-30,91138.55559000737,59737.643645172626,88670.13394564787,59156.839117710646,93688.38414552755,62359.732939224996,91150.90121597546,61753.43485668817
2020-10-01,92020.76056462876,60323.41186485645,89528.445038695,59736.91215403476,94606.19037565471,63017.7000255321,92043.84932027597,62405.00479913341
2020-10-02,90388.1426615244,59318.983776941874,87940.04540680311,58742.24970710255,92879.86290735315,61919.03512390755,90364.2781977219,61317.02176530735
2020-10-05,92212.46624583879,60363.53525738172,89714.9585106388,59776.64544332507,94809.8052830051,63064.321898916896,92241.94946337554,62451.17338718318
2020-10-06,90493.80171111079,59486.00512211421,88042.84275770192,58907.64717246412,92933.77196712507,62028.44025293507,90416.72716913637,61425.36319317992
2020-10-07,91617.69696738453,60242.19811081319,89136.29812650301,59656.488007903085,94358.58726327893,62969.321071794584,91802.95236124768,62357.09621410184
2020-10-08,91692.21915411901,60167.118341663925,89208.80193388608,59582.138208454366,94458.04047429888,62906.2742350785,91899.71195312205,62294.66235589623
2020-10-09,92345.92157782742,60424.62995414034,89844.79930180107,59837.14614148724,95144.71275434573,63233.43869089209,92567.78620519876,62618.64592601829
2020-10-12,93585.9035737944,61006.04597490901,91051.19728518803,60412.909293535355,96406.49248146759,63824.142260852044,93795.39153015084,63203.60632767182
2020-10-13,93424.62119700565,60988.15025148146,90894.28312454162,60395.1875628627,96298.40208082277,63798.21785193691,93690.22868075996,63177.93397114169
2020-10-14,93397.4742481787,60912.734493833705,90867.87143112473,60320.50504159341,96113.09625453137,63645.27554988306,93509.94173034362,63026.478664302595
2020-10-15,93051.34174275432,60686.759621823345,90531.11367344212,60096.72723027623,95657.74139227597,63343.622580278476,93066.91982911002,62727.75854268248
2020-10-16,92802.30826811766,60531.99603282072,90288.8250897573,59943.46834396515,95433.35459179737,63199.0295921978,92848.61038476284,62584.57137286448
2020-10-19,92146.44182853198,60090.25193722262,89650.72231676479,59506.01914443337,94530.96371376762,62594.158596629575,91970.66011876486,61985.58128966566
2020-10-20,92672.19432633309,60418.56524255562,90162.23518967007,59831.14039459766,95067.0164972131,62941.53637392608,92492.19429566442,62329.58165544412
2020-10-21,93229.3342677727,60734.938694071105,90704.28540007891,60144.437877229946,95596.68650275876,63267.80973231059,93007.5185676421,62652.682791911575
2020-10-22,92649.08564015602,60434.935016383584,90139.75238548951,59847.35101185077,95099.98152984111,62979.7086993607,92524.26649394238,62367.38284702961
2020-10-23,93449.91257648305,60934.67962215613,90918.88950535831,60342.23680646346,95838.67365275549,63457.11191874915,93242.95166861889,62840.144470906496
2020-10-26,92497.86307706658,60311.64653525215,89992.62557578817,59725.261213888865,94542.95209228605,62598.015589032984,91982.3238006187,61989.40078211535
2020-10-27,93132.16249512658,60710.14826682717,90609.74545438317,60119.88847710897,95143.88762408309,62988.0751210173,92566.9834229996,62375.66792540315
2020-10-28,90031.87638431182,58802.3896646129,87593.42834318773,58230.678226752236,91473.40462525046,60616.844631484535,88995.91283305518,60027.49193644783
2020-10-29,91041.9257783429,59489.684723858954,88576.12128231386,58911.29099895525,92595.99278731998,61374.979483321,90088.09649702016,60778.255754360514
2020-10-30,89758.37640229227,58618.51767512552,87327.33590971859,58048.59394895637,91097.36748544773,60364.91067328671,88630.06039044654,59778.007428697936
2020-11-02,90203.01530092885,58877.19261391133,87759.93208643343,58304.75389775562,91651.10075880177,60715.51238519026,89168.79619382098,60125.20038409081
2020-11-03,91843.78504969021,59906.27102735346,89356.26277715802,59323.82700524376,93473.38961490919,61901.11713515341,90941.72965857162,61299.27798580189
2020-11-04,93241.8380071168,60880.92205900046,90716.45048471609,60289.0019059734,95457.00419613259,63247.15266664634,92871.619456466,62632.22656641634
2020-11-05,96761.64573728887,63016.21087645099,94140.92677663028,62403.53018891104,98866.68800660028,65421.688550762956,96188.95441768048,64785.62033085402
2020-11-06,96118.12940831837,62633.910766949986,93514.83962046864,62024.9470260604,98074.06543194379,64916.295138334855,95417.79945900555,64285.140651093454
2020-11-09,95870.18656172215,62472.342598441006,93273.6121259552,61864.949718369455,98041.223009214,64894.55638000363,95385.84654982433,64263.61324978497
2020-11-10,95485.37297595019,62141.78142932049,92899.22093691769,61537.602459472255,97693.6620546278,64623.05326143005,95047.69903530634,63994.74984457184
2020-11-11,95476.15618445585,62240.94525187933,92890.25377553288,61635.8021529897,97784.28304716844,64737.67840812494,95135.86562302691,64108.260538023016
2020-11-12,95177.82324768911,62016.78566268816,92600.00096987613,61413.821975243845,97414.53231862497,64477.45314528865,94776.12932872123,63850.5653385858
2020-11-13,95687.29099594612,62313.828711262504,93095.67015386185,61707.97699648841,97901.40127170672,64781.55263716349,95249.8117841529,64151.70819594452
2020-11-16,96585.8843291479,62922.628383749434,93969.92573868927,62310.857560277356,98875.7571368002,65438.56065440849,96197.77791697026,64802.3283939624
2020-11-17,97244.08799711255,63341.95754954485,94610.3024379261,62726.10976114531,99360.67645391166,65754.56883251037,96669.56354092858,65115.2641542809
2020-11-18,96613.39394078012,62970.20313955457,93996.6902724525,62357.96976630854,98630.85590515983,65291.865215467544,95959.50966016855,64657.05921455072
2020-11-19,97202.03409797508,63358.196454396835,94569.38753813077,62742.190781807636,99235.24176559693,65694.2038893115,96547.52616150411,65055.48611464285
2020-11-20,97080.70203568118,63231.5522358407,94451.34166670068,62616.77787287515,98998.2022415171,65512.62707402383,96316.9066835321,64875.67469618666
2020-11-23,96611.70404471319,63069.74270774052,93995.04614599429,62456.54155223299,98742.24342814318,65417.66759332879,96067.88033169575,64781.638467538265
2020-11-24,98022.24491162646,64083.7462476323,95367.38353707231,63460.68635296308,100414.83893062586,66574.10168097186,97695.17478032522,65926.82902130343
2020-11-25,97193.3602396255,63542.87974508437,94560.9486049405,62925.07847285593,99541.36291385397,65995.5308951905,96845.35623723213,65353.883441748876
2020-11-26,96277.43342462332,62950.3539210337,93669.82900308937,62338.31353357151,98603.30908723577,65376.86972659893,95932.70892812144,64741.23726171767
2020-11-27,95966.74601632054,62831.21005435227,93367.55633779321,62220.3280536788,98515.10015764661,65362.00203443715,95846.88907435111,64726.51412202309
2020-11-30,97003.75231895376,63540.08222783822,94376.47607721302,62922.30815471881,99625.62702690411,66114.37054593604,96927.33811700022,65471.567663358
2020-12-01,98080.56841298439,64245.42590293641,95349.36415259198,63570.94821655967,100731.5479422902,66848.29079694324,97926.52197458677,66146.48698757535
2020-12-02,99489.00240442126,65167.98827283451,96484.51625498162,64327.77230406429,102178.04991946669,67808.23022787551,99092.35562525758,66933.97334825492
2020-12-03,101033.99375154893,66179.99940530087,98360.02951506323,65578.20703318647,103764.80020519413,68861.24238433725,101018.56134366266,68235.06868911609
2020-12-04,102385.86885687435,67065.51417458223,99678.54607013954,66457.28313810201,105153.21458928175,69782.63325333613,102372.71552761614,69149.76003423806
2020-12-07,102549.6519618771,67172.79653954877,99916.75546614455,66616.10115763171,105321.42452077656,69894.2620989679,102617.3633851006,69315.01247040476
2020-12-08,102479.93648368267,67127.13101516306,100014.9512841931,66681.56988225011,105249.82473146364,69846.74646325334,102718.21329657515,69383.13362106486
2020-12-09,101738.43181390253,66641.42539487696,99297.85217882926,66203.46842348977,104488.27823553712,69341.36277110304,101981.73202138818,68885.66216896538
2020-12-10,101958.55535128448,66785.61226735527,99337.73865021387,66230.06137279225,104714.35140189205,69491.39128823194,102022.69656741581,68913.33251563074
2020-12-11,101699.81029988952,66616.12725828445,99299.97116760684,66204.88118724598,104448.61283643356,69315.03969568112,101983.90828342135,68887.13216999633
2020-12-14,101441.95134368265,66447.22266553533,98956.55540023964,65975.9203949211,104183.78431606719,69139.2920346711,101631.21047585459,68648.89516873925
2020-12-15,103430.67147814497,67749.88815889071,100973.95930580758,67320.95588994028,106226.25675285896,70494.73423910957,103703.14194226748,70048.4239686878
2020-12-16,104396.84907429066,68382.76062452416,101940.71049937267,67965.5043943862,107218.54876769634,71153.2471530711,104696.02304684519,70719.08596852073
2020-12-17,104988.06480279719,68770.02292217403,102606.57661780281,68409.44800019926,107825.74422408409,71556.199150418,105379.88658026353,71181.01568278417
2020-12-18,104422.39634092803,68399.49477535883,102320.18587077556,68218.50670226007,107244.78654094457,71170.65927798917,105085.75509830419,70982.33851288418
2020-12-21,103356.18214272703,67701.09562886579,100190.62602784016,66798.69504748427,106149.75407569006,70443.964908998,102898.63627890992,69505.00404199498
2020-12-22,104573.81135995792,68498.67570939173,101966.64365448225,67982.79444424878,107400.29409453429,71273.85846807253,104722.6571382865,70737.07651436492
2020-12-23,105202.13851664848,68910.2469965604,101993.7572213214,68000.87149351719,108045.60404870498,71702.10431906728,104750.50354630905,70755.88594442302
2020-12-24,106425.34981852662,69711.48349355486,103620.35956831108,69085.35333026998,109301.87702807708,72535.80243213034,106421.07064334267,71884.30491119162
2020-12-25,107849.42798311282,70644.29322012248,105528.95845637069,70357.84677747168,110764.44601835418,73506.40438524088,108381.25624723546,73208.35266584155
2020-12-28,107942.34062877884,70705.15351680681,105054.65474629568,70041.62089741392,110859.86996188134,73569.73040033944,107894.13278186072,72879.31508425446
2020-12-29,108929.18980216727,71351.56642480855,106326.65094105533,70889.68113302618,111873.39227755977,74242.33233956984,109200.50922626341,73761.7339707639
2020-12-30,109314.46449215894,71603.93177044882,106580.99168163244,71059.25417834523,112269.08039941521,74504.92211581196,109461.7244356412,73938.17716612776
2020-12-31,109893.94834232284,71983.50937037558,107062.99406101604,71380.61288453457,112864.22688132364,74899.87807451704,109956.75465441616,74272.55552721315
2021-01-04,111742.99755070197,73194.68662831731,109476.03990509611,72989.42919664658,114763.2532837526,76160.12545256161,112435.0216987336,75946.55206556893
2021-01-05,114034.89573413743,74695.94194630225,111288.56623169722,74197.86952840498,117117.09824488165,77722.203229254,114296.53803635036,77203.95163128903
2021-01-06,117345.57201959824,76864.52448439064,114491.16819273114,76333.09554939157,120517.25744426646,79978.64458808824,117585.70177750698,79425.68505158638
2021-01-07,121281.70434331655,79442.79764939526,118452.56093180332,78974.21953505339,124559.77787710419,82661.37494384275,121654.16533319368,82173.81258863394
2021-01-08,122551.02791534025,80274.23893091318,119583.6002788842,79728.30158272287,125863.40947629318,83526.50157015644,122815.77506662394,82958.44581738197
2021-01-11,121020.01072216737,79271.38124736118,117824.97577942994,78555.79846242658,124291.01104620672,82483.01370910126,121009.61744594753,81738.43943765384
2021-01-12,121452.60235382922,79554.7404699662,118137.18649853722,78763.95434928978,124735.29501997711,82777.85306064224,121330.26677714215,81955.02863520489
2021-01-13,123255.92517044913,80735.96570416755,120110.26980550437,80079.44059137351,126587.35911072443,84006.93492667079,123356.67972215347,83323.81101198969
2021-01-14,124062.21074923055,81264.10457251193,120318.5816364149,80218.32542540888,127415.43745232023,84556.47102447164,123570.62192584325,83468.32268162842
2021-01-15,121012.37186679979,79266.37759042441,117765.72243941222,78516.29331162247,124283.16572334478,82477.80733200505,120948.76257234788,81697.33375940118
2021-01-18,120495.75857507683,78927.98190725394,117032.89071055017,78027.70266079876,123752.58910246208,82125.70175071145,120196.12344320554,81188.94815192425
2021-01-19,122726.96504349855,80389.4825098765,119181.99496873762,79460.54489025069,126044.10193705955,83646.41417359469,122403.3149356236,82679.84112339326
2021-01-20,121282.80674420192,79443.51975180086,117592.46071025416,78400.77694179547,124560.91007433175,82662.12630179417,120770.81782485488,81577.13731325751
2021-01-21,118782.9011606357,77806.01395904203,115604.0193380899,77075.05123166673,121993.43556621234,80958.27794406979,118728.63170796793,80197.70062253214
2021-01-22,118094.27586253725,77354.94575787106,114908.2996942589,76611.2038023284,121286.1976968558,80488.93498529344,118014.1077507789,79715.06069329233
2021-01-25,118237.25886295024,77448.60349157966,115265.4507077049,76849.3221032007,121433.0453262495,80586.38720590435,118380.91204860825,79962.82621405342
2021-01-26,118430.3086644476,77575.05633456742,115759.10300902805,77178.4479989348,121631.31299179667,80717.96320997532,118887.9070701583,80305.28644770115
2021-01-27,114424.658474845,74951.24708658666,111904.92932662228,74608.80867559608,117517.39572313837,77987.8519041569,114929.56054988186,77631.53973111983
2021-01-28,115815.11420226989,75862.03320715082,112735.55025446927,75162.596951596,118945.43350916522,78935.5379780772,115782.63198109968,78207.76440638365
2021-01-29,114598.4780089967,75065.10358418366,111799.14292822337,74538.27918948571,117695.91335431668,78106.3212294593,114820.91489545627,77558.15278525664
2021-02-01,116560.68831439715,76350.40442227398,114032.5231377021,76027.30954544536,119711.15943873003,79443.69526004049,117114.66019837321,79107.51031141877
2021-02-02,118784.47100319384,77807.04224839008,115755.74832862,77176.21137977747,121995.04783940231,80959.34789394397,118884.46171750581,80302.95921326248
2021-02-03,120343.53553767211,78828.27169932441,117027.13317348942,78023.86401862641,123596.25169089969,82021.95184351697,120190.21028809946,81184.95398947065
2021-02-04,121706.55019373505,79721.08317572196,118253.00814495784,78841.17449598292,124996.10671208115,82950.93504134406,121449.21891808345,82035.37730974432
2021-02-05,123055.45774612049,80604.65411753982,119765.09574939159,79849.30751978082,126381.47333445528,83870.30332987568,123002.17610179484,83084.35423727457
2021-02-08,128386.41999795075,84096.57862290363,124946.80264948015,83304.03450140764,131856.52398248648,87503.70106200688,128323.93717620886,86679.04740682332
2021-02-09,128318.6373635809,84052.17916351654,124925.69758681355,83289.96341810455,131786.90927904256,87457.50278515492,128302.26167368857,86664.40624203469
2021-02-10,126875.41290321786,83106.82809520765,123579.3789488062,82392.35121921473,130304.67649559859,86473.85138536514,126919.55395600907,85730.4278242283
2021-02-11,127856.30750724139,83749.34059917314,124582.29485313085,83061.01131554588,131312.08329829457,87142.39489802934,127949.57725208829,86426.17828260447
2021-02-12,128302.3064604005,84041.48198009704,124943.06356559882,83301.54159429796,131770.13697456598,87446.37221176567,128320.09703020343,86676.45350107994
2021-02-15,128248.40531355263,84006.17527060371,124898.7998500252,83272.03026618781,131714.7789556872,87409.6350721153,128274.63692929642,86645.746539243
2021-02-16,129908.11575119756,85093.33051111037,126266.08196006154,84183.61914763485,133419.34902726332,88540.83575508079,129678.87473186484,87594.26789650267
2021-02-17,131081.49097869228,85861.92303105719,127346.34589924899,84903.84841763189,134624.43893340044,89340.567339947,130788.33667027797,88343.67682263097
2021-02-18,130322.20298709649,85364.56885384998,126827.28964289156,84557.78529820121,133844.62845753343,88823.0631565791,130255.25106088797,87983.59316384514
2021-02-19,132219.2389685228,86607.17874643084,128023.11771796184,85355.0630284915,135792.9386478524,90116.01664360093,131483.40066956068,88813.17212234167
2021-02-22,129529.48679390522,84845.31830019002,125198.18403219432,83471.63449544176,133030.48626289557,88282.77547820061,128582.11304048588,86853.43761391491
2021-02-23,129664.29674944542,84933.62246838333,125605.723137129,83743.34734393611,133168.93994153268,88374.65723680063,129000.66734831558,87136.15874521004
2021-02-24,132716.97901294185,86933.2119419972,127705.89064175436,85143.56265600657,136304.13190415656,90455.25887852059,131157.59939626168,88593.10293934344
2021-02-25,129630.47279004313,84911.4668598598,125417.21822132032,83617.668097431,133134.20176817928,88351.60400708742,128807.06741249729,87005.38767954591
2021-02-26,129068.1279313216,84543.11576302716,125067.55864975521,83384.54446084528,132556.65752049617,87968.3293865153,128447.95703957758,86762.81917889394
2021-03-01,132755.22299468162,86958.26278473654,128107.20351994493,85411.12437941004,136343.40956857536,90481.32464229099,131569.75919128585,88871.5047652088
2021-03-02,130882.75524900266,85731.74575126947,127145.40059141832,84769.87496251774,134420.33166384662,89205.11601027304,130581.96009631912,88204.27551347952
2021-03-03,132352.67402148014,86694.58231623411,128871.03126272412,85920.38056915115,135929.9803210526,90206.96135564524,132354.23211255632,89401.39316349571
2021-03-04,130506.2574649118,85485.12951645545,127469.50119643452,84985.95802674738,134033.65776539047,88948.50832642813,130914.82068014325,88429.11305322501
2021-03-05,133345.46441555422,87344.88688452606,130265.36159469715,86850.00293337357,136949.6044847183,90883.61265296637,133786.2492120649,90368.6786192501
2021-03-08,134368.73745411512,88015.15840967186,131330.51402430452,87560.15711790434,138000.5352112447,91581.03986667827,134880.1911982674,91107.60427387801
2021-03-09,135952.39150218936,89052.49465728652,132583.3263549519,88395.42716406005,139626.99313519988,92660.40312963376,136166.86526597108,91976.71478408996
2021-03-10,137285.68491599624,89925.8379158913,134321.86811774765,89554.54080217665,140996.32361919983,93569.12938532469,137952.3973421546,93182.78921481283
2021-03-11,139020.7906747064,91062.37913153351,135599.8641332523,90406.60121437401,142778.32680261476,94751.71686104032,139264.93577393133,94069.37034265827
2021-03-12,138649.3736337717,90819.09092094743,135365.85356846437,90250.58262286612,142396.87091141206,94498.57199369515,139024.6002361052,93907.03075165766
2021-03-15,138137.15368396667,90483.5729955961,134818.74959902174,89885.81964390328,141870.8063693921,94149.46075494941,138462.70882380105,93527.4896197664
2021-03-16,138555.40527418224,90757.53910308068,135392.62689754105,90268.43283016898,142300.3627040408,94434.52643058774,139052.09721022207,93925.6041493843
2021-03-17,140551.25681571383,92064.87586100829,137220.20919760378,91486.91122057397,144350.1592975962,95794.82915162879,140929.0764628687,95193.44845966583
2021-03-18,138847.6355815752,90948.9578607815,135588.22893477778,90398.84384119922,142600.49162287294,94633.70042972214,139252.98609257568,94061.29868417027
2021-03-19,138935.1902020279,91006.30850598852,135451.18387742114,90307.47370651626,142690.41270394728,94693.37459039199,139112.2369020591,93966.22674337948
2021-03-22,137353.57474400065,89970.30759000916,134430.18936258307,89626.7603110049,141066.04838749085,93615.40070430751,138063.64635631396,93257.9346536489
2021-03-23,135036.694871978,88452.68859011425,132575.46616402632,88390.18664887943,138686.54650726647,92036.29627386389,136158.79262525414,91971.26195258556
2021-03-24,134443.53874203083,88064.15527702276,132106.23462264222,88077.34246492486,138077.35822255985,91632.0217795467,135676.87842208252,91645.7430744874
2021-03-25,135536.64612486647,88780.17018705282,132923.22200250867,88622.04103612828,139200.0107752303,92377.04561604964,136515.94780989105,92212.50978102633
2021-03-26,138941.68583386214,91010.56332058077,136054.6784888391,90709.83322964876,142697.08390385355,94697.80178644336,139732.04311526034,94384.88762083791
2021-03-29,138421.88106533804,90670.0771337594,135585.80493443983,90397.22772135057,142163.22954645302,94343.52100692857,139250.49657495302,94059.61708819696
2021-03-30,138933.30063046,91005.07078548874,136503.03654969556,91008.76072982141,142688.4720736958,94692.08673352857,140192.5196573869,94695.92598907242
2021-03-31,139301.12417656218,91246.00515973667,136449.9913031402,90973.39461435883,143066.23735013764,94942.78240502803,140138.04067319422,94659.12703669126
2021-04-01,140991.4753117462,92299.71835773515,138105.74533282607,92023.95969284156,144892.11939265375,96126.64884861717,141926.55162223353,95839.45650713076
2021-04-02,140857.08218283695,92225.03579497413,137974.1028828511,91949.50025496287,144754.00816829485,96041.94534373422,141791.2671782227,95755.00606628563
2021-04-05,142285.7592009945,93131.15999873423,139373.5385862953,92852.91728252456,146440.12888582487,97145.40780981458,143442.87735592554,96855.17177779094
2021-04-06,142112.2048206468,92923.7567296051,139203.53641417317,92646.13366044969,146045.13227658047,96834.45058506791,143055.96530793066,96545.14358297037
2021-04-07,141894.81758380638,92804.19623657221,138990.598530494,92526.93037156129,145789.8211892117,96676.93504099557,142805.87977965584,96388.09863949072
2021-04-08,143303.81216821165,93612.70014342967,140370.75464857806,93333.0187568778,147170.21726489905,97533.43838461394,144158.02270997106,97242.04305482344
2021-04-09,143706.30188822089,93937.48995233493,140765.00644747424,93656.8382095819,147737.95893665135,97941.923152368,144714.14417483614,97649.3074149349
2021-04-12,143541.66499727464,93873.67854432887,140603.73924686413,93593.21744732201,147562.23810389393,97848.2678639529,144542.01989405407,97555.93193531263
2021-04-13,143963.2687726646,94061.74328093311,141016.71388598057,93780.72031351535,147782.05121691266,97948.34159252004,144757.33399990652,97655.70667906367
2021-04-14,144200.8000936762,94285.52548942015,141249.38355665156,94003.83394051444,148007.6915080514,98133.60330137971,144978.35601658068,97840.41489162868
2021-04-15,144014.41960632373,94043.64663467274,141066.81779468336,93762.67773358479,147606.36901993037,97805.05811347906,144585.247564125,97512.85128025158
2021-04-16,143510.11581009932,93691.51646742773,140572.83578975894,93411.59960578817,147252.9309875427,97559.00530440992,144239.04349616604,97267.53358972877
2021-04-19,141483.02239029176,92406.40825009214,138587.2317170107,92130.3308338221,145190.51703041064,96212.53772307858,142218.84183040066,95925.08877609037
2021-04-20,139566.17033550574,91109.92832058351,136709.61265434296,90837.72432430633,142894.98442148586,94668.18778077111,139970.29285005078,94385.3528038039
2021-04-21,140687.19364143128,91744.23300462545,137807.6915194516,91470.13393200439,144018.6564059533,95361.96423217256,141070.96616878244,95077.05649717273
2021-04-22,138516.7496995872,90727.60345134955,135681.67093821635,90456.54170552961,141636.55643856103,94175.66140746004,138737.62164039424,93894.29792465274
2021-04-23,139650.52244431953,91562.79530927753,136792.23829417233,91289.23830782984,142964.03504886958,95155.312326963,140037.93018928636,94871.02199457985
2021-04-26,141093.67292089452,91971.73668887567,138205.85122186266,91696.95791632331,144424.39726412072,95575.15748480319,141468.4025586519,95289.61280396009
2021-04-27,142123.55670285024,92460.52924437453,139214.6559527777,92184.29013386113,145481.19843821024,96085.86152545473,142503.57373992496,95798.79104202727
2021-04-28,141705.25275915224,92295.88968925063,138804.9136063533,92020.14246305407,144922.159888454,95803.02071798593,141955.97726660827,95516.79526259948
2021-04-29,142943.30375870664,93351.26001623202,140017.62491159677,93072.35971960885,146377.6944650317,97007.62162180984,143381.72080660562,96717.79724605875
2021-04-30,141624.25928764723,91858.18829593429,138725.57786123425,91583.74876551394,144843.1735911043,95308.24180668253,141878.60761493057,95023.4945752408
2021-05-03,142902.5024700931,92564.98694914192,139977.65871958373,92288.43575623303,145928.6002702455,95959.02898383616,142941.81841103887,95672.33743106987
2021-05-04,141897.13165701114,92006.14553290688,138992.8652406195,91731.26395899108,145150.543607333,95495.28534957362,142179.68656013662,95209.97929834899
2021-05-05,143940.5338150383,92557.82141103045,140994.44425399645,92281.29162619582,147226.4886793447,96086.95155527574,144213.14239377892,95799.87781522569
2021-05-06,145422.84576236893,93357.15697948521,142446.41711866224,93078.23906483737,148727.97554727318,96987.0435720003,145683.89770030917,96697.28067616532
2021-05-07,146964.21935871927,94245.58390749786,143956.24279350974,93964.01168980464,150290.5853523967,97953.52762777598,147214.52491524597,97660.87722028515
2021-05-10,145742.66791634538,93480.51317231594,142759.6933422864,93201.22671332532,148922.00818105065,97071.04672929189,145873.95898680043,96781.03286180936
2021-05-11,144233.32539763756,92345.80267477516,141281.24315196273,92069.9063263657,147160.7259143773,95754.36294223688,144148.7256229008,95468.28285903095
2021-05-12,140858.22263724584,90229.66321465629,137975.21999511487,89960.08913680882,143620.14989362008,93473.80156386954,140680.61605635716,93194.53498940442
2021-05-13,142709.96299368714,91236.13095967653,139789.0600271008,90963.54991488958,145807.2719303311,94732.1930357823,142822.97334913848,94449.16683380851
2021-05-14,144629.96628660135,92327.7224716183,141669.76583022182,92051.88014041251,147912.6143566043,96004.73046277823,144885.22484906437,95717.90237019799
2021-05-17,143687.6619032357,92762.69388127116,140746.74797465748,92485.55201050744,146744.3034667195,96398.41061557423,143740.82626811255,96110.40634629136
2021-05-18,143079.35458041896,92414.09725221223,140150.8911257007,92137.99686394408,145961.73976477163,95954.04240968419,142974.27962563295,95667.36575503326
2021-05-19,140141.87690213014,91771.59841578986,137273.53600006909,91497.41758507268,142734.97861064054,95156.51872996349,139813.561945237,94872.22479327592
2021-05-20,142007.90555034415,92022.81010384741,139101.37187953756,91747.87874213257,144665.09579368535,95445.55090832444,141704.17461047115,95160.39344597503
2021-05-21,141151.33389984144,92316.66021221776,138262.33203005674,92040.85093110072,144041.80074529714,95891.28017829817,141093.63680322695,95604.79103493995
2021-05-24,142554.89008902197,92848.98938425048,139637.16106276723,92571.58969327765,145515.06793590862,96491.67868450315,142536.75001641022,96203.39576330197
2021-05-25,142053.19136726507,92552.25642351207,139145.7308131897,92275.74326487693,144830.21276458434,96097.12249091417,141865.91206308233,95810.0183637149
2021-05-26,142942.78867238498,92889.31336793692,140017.12036775675,92611.79320327142,145708.61489005215,96439.29598402583,142726.3355638763,96151.16956375944
2021-05-27,142819.82442155053,93086.24660677818,139896.6728763518,92808.13807577764,145899.1742202308,96826.36507325142,142912.9946363301,96537.08222779616
2021-05-28,141804.24112395963,93042.83265737811,138901.87593596065,92764.85383178659,144761.87546928515,96735.4369506952,141798.97345586435,96446.4257662282
2021-05-31,142317.19595305217,92971.44266234255,139404.3319095382,92693.67712461442,145285.5290814895,96656.57473689716,142311.90922998526,96367.79916476145
2021-06-01,141960.22803458935,92771.0227562824,139054.6701989262,92493.85600180838,144906.5000712066,96427.12859819092,141940.63796540763,96139.03852975903
2021-06-02,142187.87867689977,92887.94342904688,139277.6614227733,92610.42735727056,145111.50350643144,96541.4773817336,142141.44550935228,96253.04567968307
2021-06-03,141166.54537165872,92510.44082255322,138277.2321624817,92234.05259403161,144317.03258765503,96213.65922507054,141363.23536004446,95926.20692743204
2021-06-04,143217.1508344668,93671.27739363609,140285.8670476653,93391.42099913632,146393.05656217382,97470.83620732842,143396.7684812632,97179.62791064572
2021-06-07,142864.58228999135,93420.26506704658,139940.5146672605,93141.15860792347,145989.8189917896,97188.19239234873,143001.7841433361,96897.82853516332
2021-06-08,142716.95518986863,93344.24721054596,139795.9091111537,93065.36786568699,145850.98331511422,97109.99628565741,142865.79007467817,96819.86605071145
2021-06-09,142347.74760702008,93080.08562504548,139434.25825035461,92801.9955008627,145448.10659860572,96826.02377851742,142471.1592048792,96536.7419527298
2021-06-10,142278.7062744718,93051.74028147831,139366.63001489377,92773.73484308046,145463.01778041106,96847.60118418797,142485.76519327328,96558.25489276327
2021-06-11,142183.2568470326,93126.43142659702,139273.1341897814,92848.2028376758,145541.39329073584,96994.92231688234,142562.53655916022,96705.13588215133
2021-06-14,141562.0856853223,92846.02497613762,138664.67679136372,92568.63414175976,145034.25702049615,96744.74363440552,142065.7800596392,96455.70464486761
2021-06-15,141166.70935679192,92636.27669299202,138277.39279126437,92359.51251173459,144514.39385082183,96432.40199060157,141556.55714747144,96144.29616714302
2021-06-16,141268.81615838103,92642.52679153101,138377.40973133701,92365.74393720654,144327.1195799058,96265.27388670454,141373.1158975947,95977.66738275895
2021-06-17,139254.54205808826,91902.90667532045,136404.3625998672,91628.3335423191,142755.73677166647,95619.87202970652,139833.89524027595,95334.19375765846
2021-06-18,138282.7024747731,91263.04454255357,135452.41405332624,90990.38308957235,141793.5707819756,94976.45109697858,138891.42230539565,94692.69513852872
2021-06-21,140391.5310618692,92516.42706978481,137518.08038638727,92240.02095648977,143966.2399158278,96335.73842230787,141019.622508942,96047.92139531572
2021-06-22,141521.29808514114,93240.02309598443,138624.7240076163,92961.45513563658,145294.46416747425,97210.01257154763,142320.66143781808,96919.58352340391
2021-06-23,141867.76528107093,93387.75654411304,138964.0999182624,93108.74720887108,145623.11486269292,97373.92316435305,142642.58550143283,97083.00440947863
2021-06-24,143169.1192031471,94239.81446202297,140238.81849931658,93958.25948137674,147207.93561296735,98430.4568854538,144194.96906079166,98136.38158245398
2021-06-25,144248.73044544747,94907.38226695782,141296.33289838157,94623.83283161669,148373.8488909133,99180.04888145496,145337.01910273364,98883.73406336678
2021-06-28,144220.81891207155,94911.91777655912,141268.99264173317,94628.35479073165,148387.8884367133,99205.38732315449,145350.77129526203,98908.99680278718
2021-06-29,143887.53616698098,94779.96686188043,140942.53133039837,94496.79809836166,148041.98302475543,99035.02124405275,145011.94567443163,98739.1397171202
2021-06-30,145335.265804608,95568.79445045836,142360.62969558543,95283.26895122547,149527.63517624704,99914.06956399552,146467.19036030685,99615.5617523822
2021-07-01,144958.62771314642,95343.39048967719,141991.70040942097,95058.53841715016,149136.6086021949,99668.30371317817,146084.16709112903,99370.53016278168
2021-07-02,146705.7891876873,96395.50253818167,143703.102018098,96107.50712980297,151034.55088029278,100869.0707229613,147943.26338868885,100567.7097065161
2021-07-05,146971.05817743688,96543.65706608987,143962.94163933786,96255.21902478073,151307.64700656795,101033.22029723668,148210.76994202036,100731.36886006888
2021-07-06,146947.54061855943,96460.51516831516,143939.9054239213,96172.32552536667,151158.08711634492,100886.12650013615,148064.27115679084,100584.7145270765
2021-07-07,147786.0099135393,96856.24197544591,144761.21342616642,96566.8700418259,151943.5581961256,101302.52376497324,148833.6656705819,100999.8677445354
2021-07-08,146862.71774829546,96243.53355599192,143856.81865790815,95955.99217677364,150889.76594950294,100594.6492940019,147801.44183179535,100294.10815148012
2021-07-09,149080.48048927294,97528.16477411696,146029.18954513263,97236.7853746328,153240.25206454122,102044.08731012433,150103.81956180348,101739.21576076248
2021-07-12,149195.49008268688,97648.74697207629,146141.845190332,97357.00731595745,153330.68676704876,102135.93707415,150192.40329932954,101830.791110262
2021-07-13,149779.9429757622,97931.90433562621,146714.3358478815,97639.31870621606,153937.5765981321,102470.90613827751,150786.87166173122,102164.75940560161
2021-07-14,150397.75573090021,98214.88688557076,147319.50357760277,97921.45580515004,154440.14365210134,102721.0649848642,151279.15246504743,102414.1708662578
2021-07-15,148821.60746610694,97178.26741582542,145775.61498162197,96887.93338495225,152625.0517457171,101508.69467490968,149501.21080589874,101205.42268889851
2021-07-16,147792.55408673736,96574.97568634481,144767.6236571049,96286.44407615962,151470.30061654942,100788.5028393795,148370.09445235494,100487.38253120214
2021-07-19,147439.42948177125,96341.07115185059,144421.72659732614,96053.2383650561,150802.99115804533,100342.27900250352,147716.4430963849,100042.49185292551
2021-07-20,148931.09507027466,97284.96022512708,145882.86165837923,96994.30743416265,152561.53531742113,101490.9994905209,149438.99439497732,101187.7803714462
2021-07-21,150413.66325391192,98326.71968700505,147335.0855148587,98032.95449002835,154324.0681476015,102714.50734340154,151165.45272657627,102407.63281670256
2021-07-22,151516.7784566421,99017.15951011806,148415.6228092176,98721.33152500723,155539.2183356901,103501.91962917693,152355.73192617274,103192.69259377434
2021-07-23,152404.94131822482,99614.11501019818,149285.60727958792,99316.50353479473,156545.80000765473,104183.26168504298,153341.71146893126,103871.99904117259
2021-07-26,152664.3368396068,99778.3770945713,149539.69364713065,99480.27486259908,156980.92948338515,104469.16269387439,153767.93496720344,104157.04587916643
2021-07-27,151322.40121642582,98921.93039872812,148225.2239671851,98626.3869242646,155374.6007784768,103414.55775054697,152194.4836655379,103105.59172146034
2021-07-28,152788.35649381275,99859.0402295464,149661.17494053624,99560.69700487342,156852.18250169203,104383.22816865059,153641.82310397676,104071.36809583273
2021-07-29,153436.51152406045,100072.95332164451,150296.06391765812,99773.9710008862,157337.57672299512,104560.1138821662,154117.28255819462,104247.72533755774
2021-07-30,152505.9170351679,99604.89421747031,149384.51628538492,99307.31029050946,156388.2021491254,104025.9398159479,153187.33923186362,103715.14719403806
2021-08-02,153076.41968350447,99895.66090492671,149943.34222353942,99597.2082707265,156705.14223663468,104179.778994173,153497.792373688,103868.52675534801
2021-08-03,155089.32745452723,101269.75365001387,151915.05099095718,100967.19571638733,158954.4178641421,105717.18900271707,155701.0311336578,105401.34352793236
2021-08-04,157632.5873171857,102891.10023862372,154406.25691763387,102583.69829920215,161690.92424491412,107509.80011072864,158381.52829073713,107188.59894959004
2021-08-05,158056.40746748153,103153.17183752819,154821.4025682078,102844.98692156555,162502.7321438333,108039.43118896117,159176.7205769446,107716.6476779612
2021-08-06,156804.39808840124,102670.3024963958,153595.0185752802,102363.56022194063,161570.78884378067,107653.21057251697,158263.85175123936,107331.58095177007
2021-08-09,158420.97663646666,103974.22354419522,155178.50995145016,103663.58561833759,163493.1169614224,109105.60848771577,160146.83477313851,108779.63961699988
2021-08-10,157094.81393943966,103036.24776023845,153879.4903667516,102728.41217174965,161817.3802611026,107940.0346110897,158505.39607861097,107617.54806181966
2021-08-11,155785.2399297642,101988.88951069655,152596.7199419807,101684.18305540227,160347.7892920955,106828.14946485964,157065.8838442628,106508.98483414637
2021-08-12,155176.02038614976,101763.14278020764,151999.96954302103,101459.11077569297,159729.86624793592,106537.3439520367,156460.60809018387,106219.04814507984
2021-08-13,156788.86491003688,102605.27832377906,153579.80332080717,102298.7303183785,161206.58407875837,107371.84706279075,157907.10131787782,107051.05805644303
2021-08-16,157376.81388712343,102776.17062360198,154155.71850659177,102469.11205291175,161832.85327480582,107639.76983680038,158520.55239965382,107318.18037220588
2021-08-17,157619.13820038093,102913.82978085366,154393.08306938322,102606.35993366023,161735.67269319267,107560.75409361249,158425.3608537588,107239.40070004066
2021-08-18,155783.36649196406,101767.68050891969,152594.88484859542,101463.63494728878,159830.3301749739,106330.18808781488,156559.01577989606,106012.51118912551
2021-08-19,155850.0981595013,101839.28217958122,152660.25069190018,101535.02269767561,160017.5268478627,106474.2335600907,156742.38101997692,106156.12630460683
2021-08-20,158119.1614711682,103293.09629456521,154882.87216012887,102984.49333419093,162491.57867463445,108100.30810450966,159165.79539047723,107777.3427148722
2021-08-23,161516.43057796938,105344.19805214128,158210.60797574153,105029.46713068224,166027.32607828116,110335.17133131086,162629.17516924167,110005.52896280546
2021-08-24,160558.50494591222,104726.89655835595,157272.28859794827,104414.00991376786,165130.7505880854,109744.5633081975,161750.9502655969,109416.68546704315
2021-08-25,158661.6780281246,103810.94342084616,155414.28480963976,103500.7933178077,163267.19127801785,108730.5077489674,159925.5332054417,108405.65954625298
2021-08-26,157728.18943109826,103232.74359422647,154499.90230412333,102924.32094621244,162166.1343278465,108019.98533110086,158847.0120496152,107697.25991742892
2021-08-27,159263.10703075843,104024.12544072657,156003.4041197957,103713.33842578603,163731.51197044662,108913.95696433466,160380.35045153828,108588.56068041346
2021-08-30,158444.6374046179,103659.22651975762,155201.686445018,103349.5296927511,163413.07542826678,108820.57912205339,160068.43148360864,108495.46181801433
2021-08-31,158177.09381105655,103457.08476409293,154939.61877520944,103147.99186461352,163095.31766237415,108590.00587251682,159757.17739916733,108265.57743958908
2021-09-01,157948.8869091568,103413.82723900992,154716.0826769647,103104.86357759945,163098.7002913995,108647.88924972653,159760.49079450584,108323.28788179239
2021-09-02,158680.35011471203,103882.55931928003,155432.57472702215,103572.19525345936,163726.69359437542,109060.8789091155,160375.6306951908,108735.04367451991
2021-09-03,161231.31200188832,105372.63070725846,157931.3250377423,105057.8148391587,166313.90247347113,110689.79575635973,162909.88608517093,110359.09389581754
2021-09-06,162166.8275868873,105977.8658394123,158847.69304404256,105661.24174442995,167278.9088722537,111328.81236313937,163855.1412932989,110996.20134756318
2021-09-07,160955.6940456069,105385.76342072837,157661.34826648582,105070.90831676096,166347.43750974775,110813.61921418601,162942.73474579662,110482.54741305803
2021-09-08,160472.0037974967,105038.09381585673,157187.55790378636,104724.277424767,165761.63158360097,110407.09580216934,162368.91875520733,110077.2385488485
2021-09-09,161689.60013407047,105766.72585625647,158380.23319997167,105450.7325722982,166815.29422618647,111072.97360939867,163401.01564261687,110741.12694930154
2021-09-10,159538.88843918458,104421.84750587643,156273.54099775528,104109.87223914449,164494.3598010713,109560.13589977424,161127.58475570122,109232.80906232067
2021-09-13,158524.83865126365,103740.92771037406,155280.24618006678,103430.98678932646,163216.76511250282,108700.18057973098,159876.1391334033,108375.4229838446
2021-09-14,160467.9546483595,104891.09854199052,157183.5916302346,104577.72132039328,165050.44694064703,109857.76957518328,161672.2902265873,109529.55351384466
2021-09-15,162066.24423008732,105997.81064607555,158749.1683677937,105681.12696311879,166929.1971499855,111140.72423621562,163512.5872675075,110808.67516126909
2021-09-16,161338.71180142343,105758.13445362581,158036.52664181511,105442.16683771684,166770.89908510074,111159.13875905394,163357.52915550154,110827.0346680427
2021-09-17,160736.51106495503,105308.70678122215,157446.6513932155,104994.08189503233,166223.3728090694,110765.45398138984,162821.20932937556,110434.52608089872
2021-09-20,157693.5675797253,103179.27246795595,154465.98907229071,102871.00957261134,162760.49734339767,108386.49176553263,159429.20998807155,108062.67136059309
2021-09-21,158193.65349669222,103922.32350994166,154955.83952701115,103611.84064289041,163119.76065153323,109111.32887227535,159781.12010341673,108785.34291107877
2021-09-22,160977.5419633226,104979.07261249375,157682.74901396662,104665.43255572587,166144.5134332556,110334.30607373687,162743.9640014775,110004.66629031432
2021-09-23,162440.84955639936,106093.25491865125,159116.1064942413,105776.28608222227,168900.5573838777,112248.59011839889,165443.5988447714,111913.23113303138
2021-09-24,160831.07065022917,105041.49273055617,157539.27558892503,104727.66618472067,167579.93914162045,111370.72509726345,164150.0102499007,111037.98886129944
2021-09-27,159493.85286243403,104308.1859180204,156229.42718250598,103996.55023160658,165905.79242123172,110409.23104126212,162510.12899251815,110079.367408604
2021-09-28,155360.6817449419,101876.03093091855,152180.85136253363,101571.66165684044,161339.2571093915,107641.71105149853,158037.05887395446,107320.11578724283
2021-09-29,156311.61453009176,102293.85833041558,153112.32101886685,101988.24073697212,162460.4136819258,108169.32928819822,159135.26826474388,107846.1576877379
2021-09-30,158562.74971275878,102958.07333981947,155317.38130041762,102650.47130863932,164576.26660318303,108844.4961147469,161207.81513694522,108519.30735521432
2021-10-01,159288.86958421755,102497.78867949566,156045.90735495836,102202.974354087,165329.9247065513,108357.89561102333,161963.97065412757,108046.22565991248
2021-10-04,158893.95581943126,102243.67307358203,155723.55260820768,101991.84665151844,164920.03380590337,108089.25147111247,161629.3905696089,107823.02715985588
2021-10-05,162702.40291384605,104694.2988235123,159484.53823234438,104455.12123401275,168872.91687686293,110679.98688653024,165533.01212082827,110427.13456294392
2021-10-06,164059.15652666215,105567.33060193823,160833.20215801842,105338.4347854179,170281.12555638727,111602.93250188252,166932.8243088811,111360.94979938827
2021-10-07,164331.6639471041,105742.68125931286,161027.04028749076,105465.38994695406,170563.96783801555,111788.30846743418,167134.01376723216,111495.1633626246
2021-10-08,163183.32832002887,105003.76043738524,159939.86039911475,104753.33655104395,169372.08141889132,111007.14132898123,166005.602431931,110742.39973699389
2021-10-11,164294.0805137776,105718.49740505483,161080.5777501732,105500.45455081495,170524.95903201404,111762.74193955894,167189.5816400687,111532.23271146615
2021-10-12,163712.67650959315,105344.38071432896,160540.69793023556,105146.85781555511,169921.5051880899,111367.23587045464,166629.2268003816,111158.41978743166
2021-10-13,163974.4338559956,105512.81400942919,160831.6401772612,105337.41175904073,170193.1896955718,111545.29898608908,166931.20306304627,111359.8682656829
2021-10-14,165614.7862892895,106568.33344092823,162522.56363212358,106444.88974049727,171895.75281426383,112661.16568120709,168686.25505562584,112530.66410916143
2021-10-15,167182.4348146539,107577.07000674061,163990.98808079807,107406.64098929746,173522.8547106047,113727.57478860332,170210.36973307867,113547.40158297474
2021-10-18,170019.62573481933,109402.7204500991,166815.68904259094,109256.6916881562,176467.64655558474,115657.60317215764,173142.19788820297,115503.22524650488
2021-10-19,169508.0463851588,109073.53390862154,166200.89091418183,108854.02686716984,175936.66550706048,115309.59606376788,172504.08346304097,115077.5388737922
2021-10-20,169450.3447412418,109036.40456669011,166183.52434681714,108842.65255515439,175876.77554556375,115270.34394284949,172486.0582767012,115065.51426521435
2021-10-21,170068.8674465606,109434.40606992583,166818.74168281123,109258.69102870562,176518.7558205195,115691.1003893395,173145.36632046057,115505.33890885404
2021-10-22,170151.77598659263,109487.75532174809,166888.9504117367,109304.67455396068,176604.808708707,115747.49979732202,173218.2377378931,115553.95145879508
2021-10-25,172783.61653245924,111181.26872800488,169364.8359427497,110926.2670053037,179336.4622154854,117537.83645935313,175788.021580587,117268.25522551262
2021-10-26,171054.75199970376,110068.7943159735,167646.01576731986,109800.51794025996,177542.03021781618,116361.7585325674,174004.0149015775,116078.14369984079
2021-10-27,169843.4972747153,109289.38687110324,166390.8692588253,108978.45404513652,176284.83841624286,115537.78998458851,172701.26676039677,115209.07992552378
2021-10-28,171562.52439245104,110395.53119058968,167992.6009651817,110027.51548661667,178069.05993083862,116707.17591982475,174363.74438062272,116318.11937043263
2021-10-29,172884.5024534703,111246.18590545439,169251.1843914641,110851.8304066243,179441.17420594572,117606.46511778662,175670.0597589204,117189.56284997027
2021-11-01,173806.6567640054,111778.2435906846,170153.9588277775,111382.00200585384,180266.135591225,118114.73414153868,176477.6838535136,117696.03011470806
2021-11-02,175008.72127844117,112540.09203913102,171330.76091180448,112141.14978530677,181499.43301436913,118916.89177514453,177685.062444202,118495.34418579153
2021-11-03,175111.46118720894,112777.41046469673,171431.34165210475,112377.62694314423,182046.51009071546,119365.80934691323,178220.6422135597,118942.67039305875
2021-11-04,176815.812028914,113690.50878647543,173099.87407972824,113287.4884317566,183280.41618141663,120077.19731282728,179428.61668011994,119651.53656515824
2021-11-05,176829.96621775033,113523.52320257381,173113.7308059857,113121.0947933918,183007.84067972522,119805.62872835006,179161.7695928623,119380.93066210012
2021-11-08,178308.73168370684,114470.26558818328,174561.4187305739,114064.48108132742,184617.2073681481,120857.81728671794,180737.31402172783,120429.3893252134
2021-11-09,175245.94364120893,112566.05834156061,171562.99784046377,112167.02404004893,181263.612149743,118695.16786074283,177454.1975629138,118274.40625881536
2021-11-10,173169.49053637046,111179.48442106473,169530.18320213706,110785.3653716638,178950.0930603947,117152.38919938171,175189.2991165139,116737.09658185077
2021-11-11,174808.84731980396,112108.33802368309,171135.08747810576,111710.92629037735,180491.5065457506,118096.3484132125,176698.31843877322,117677.709561811
2021-11-12,174998.4496697073,112229.93372469563,171320.70516985454,111832.09094799784,180705.7221480141,118236.51057864961,176908.03211133165,117817.374867449
2021-11-15,173694.8948275551,111393.93846978125,170044.54566554693,110999.05920435433,179269.95516369084,117297.08222954972,175502.43903576207,116881.27669079158
2021-11-16,174561.0680784803,111949.43234260648,170892.51553286775,111552.58391247038,180133.60402845862,117862.17129768511,176347.93755836066,117444.36257896753
2021-11-17,174777.27634309893,112088.09093789506,171104.17999291254,111690.75097828254,180089.42046769,117833.26180888685,176304.68255406784,117415.55557119723
2021-11-18,174006.65512778473,111593.87645722512,170349.75405213615,111198.28843361352,179364.87280669183,117359.18724076566,175595.36190082884,116943.16154642342
2021-11-19,174023.29393410814,111604.54724964904,170366.04317948493,111208.92139925141,179123.1840927715,117201.04930334732,175358.75248827165,116785.58419098218
2021-11-22,173551.07886264424,111301.7064743495,169903.75211812,110907.15416120653,179358.57970748402,117355.0696396061,175589.20105664802,116939.05854171704
2021-11-23,174527.45693704434,111927.87685921285,170859.61075877838,111531.1048408956,180988.84833877193,118421.76123065285,177185.20815562492,118001.96882581842
2021-11-24,175369.49289569835,112427.50536590866,171683.95060000126,112028.96221946341,181859.2895895113,118969.93020469177,178037.35631621664,118548.19459981138
2021-11-25,176962.64208513623,113366.72778391064,173243.6183747183,112964.85519725,183511.39552320182,120007.2620826976,179654.74178743735,119581.84924789636
2021-11-26,172983.3011392763,110796.23758452498,169347.9067370282,110403.4771030261,178663.36356857503,116825.65831696453,174908.5954977068,116411.523925265
2021-11-29,177621.9603566022,112803.55404145841,173889.08049973776,112403.67784380047,183767.7813587022,119164.23172365276,179905.7394486096,118741.80734078884
2021-11-30,175109.75361353793,111229.39444445517,171429.66996457838,110835.09846950835,180863.83417751594,117292.40911554014,177062.8212771633,116876.62014246846
2021-12-01,172887.69265951356,109720.67258539508,169254.30755255496,109331.72486357245,178146.15534851776,115454.7135097459,174402.25686429488,115045.43896991429
2021-12-02,173174.76925535797,110137.1315142462,169535.35098425762,109746.70749130553,179056.11576810898,116233.4089384296,175293.09366357027,115821.37400706823
2021-12-03,170356.87935632974,108694.52767343695,166776.68149030674,108309.21752251468,175514.84651548642,114395.25618332758,171826.24730579593,113989.73730575142
2021-12-06,168895.88235424028,108446.85434459941,165346.38860987592,108062.42216839912,174204.6970524901,114234.99509502266,170543.6317886152,113830.04432576509
2021-12-07,173430.98705912184,111270.32541837866,169786.18414821278,110875.88434762914,179082.7297038362,117365.4290871404,175319.14828397895,116949.38126612417
2021-12-08,172128.0977706418,110616.75492257622,168510.6762103885,110224.63068738196,177568.52771873854,116529.85004666023,173836.76858831395,116116.76426345858
2021-12-09,167524.9419934489,108442.06290185345,164004.25975216384,108057.64771079094,172916.58971272863,114244.29818202005,169282.59516002017,113839.31443431981
2021-12-10,169152.10370466067,109451.57371636877,165597.22524595153,109063.5799204526,174528.02075578677,115313.57460404598,170860.1605592886,114904.80038645263
2021-12-13,163801.86741351063,106359.85013642209,160359.42882001074,105982.81616069832,168643.77975640795,111754.18597694255,165099.58207126334,111358.02940914588
2021-12-14,163962.03833861396,106423.65301416644,160516.23361392863,106046.39286425544,169094.60114548542,112003.71088676169,165540.9290514661,111606.66978000129
2021-12-15,168319.94127264756,108773.74977924002,164782.55143062669,108388.15879466223,173645.0594242502,114490.54087433414,169995.75543843367,114084.68422277819
2021-12-16,163976.3783533006,106046.46399630747,160530.27226074462,105670.5409399973,169084.05307005547,111673.38777269851,165530.6026531391,111277.51762584435
2021-12-17,162516.45711257996,105382.85212539698,159101.0325336226,105009.28150021288,167149.40482214614,110714.10873429397,163636.612743484,110321.63912844048
2021-12-20,160963.5440070928,104357.54302693138,157580.75524658547,103987.6070097807,165466.65695860537,109529.15088135267,161989.22930957863,109140.88182362096
2021-12-21,167580.1895318975,108010.85299693764,164058.34621557978,107627.9663975816,172704.44247053025,113688.8860994319,169074.9063791169,113285.87122781831
2021-12-22,169709.77001275672,109357.09946913445,166143.17171195053,108969.44057403838,174848.13283661893,115118.95038864978,171173.54520257452,114710.86609296413
2021-12-23,172219.13935648216,110477.61259892878,168599.804478184,110085.98160797478,177383.78132221047,116284.40643518635,173655.90480015636,115872.19072318482
2021-12-24,171995.83265217283,110356.46813489226,168381.1907583274,109965.26658774487,177153.77792216445,116148.92502409205,173430.7351243022,115737.18957911899
2021-12-27,173913.11033264175,111733.67561534185,170258.17518215693,111337.59201908397,179223.08756028113,117627.10624917234,175456.55639635018,117210.13081076556
2021-12-28,172743.86581345153,111555.72957196862,169113.5033526537,111160.27677487143,178002.44846849403,117459.94441217945,174261.5701110274,117043.56154450307
2021-12-29,172239.26738077015,111532.12954518117,168619.5094945496,111136.7604075844,177509.34389983217,117435.57044414521,173778.82856953033,117019.27397956359
2021-12-30,170884.2893875335,110473.33261204752,167293.00754136615,110081.71679317649,176015.54561549303,116270.13027780633,172316.42377286725,115857.965173247
2021-12-31,169758.24307015116,109988.38514919695,166190.62606591897,109598.48841576747,174644.5897083173,115620.2926450173,170974.2797125303,115210.43114496263
2022-01-03,170760.55666306452,110637.79604968603,167171.87516763015,110245.59722600937,175964.53739008668,116494.14014007668,172266.4875302798,116081.18094465253
2022-01-04,169721.23065874347,109964.40436754192,166154.39150250214,109574.59264334699,174463.00770673683,115500.07956428653,170796.51381677118,115090.64420667163
2022-01-05,167182.63802568876,108319.62000118892,163669.1495997608,107935.63885674809,171122.99243705792,113288.88285006784,167526.6919120906,112887.28594694454
2022-01-06,165413.07009829555,107173.09589004244,161936.7706801809,106793.17904752883,169483.13905223305,112203.24756892322,165921.30149162095,111805.4991260889
2022-01-07,164778.30205841226,106761.82212572673,161315.3428422924,106383.36320349293,168763.74281531156,111726.98429858945,165217.02400074087,111330.9241578164
2022-01-10,165424.01016171073,107180.18408727342,161947.4808286561,106800.2421178799,169422.197352715,112162.90221872185,165861.64053563628,111765.29679581399
2022-01-11,167777.77650159286,108705.21729956457,164251.7807233967,108319.86925509284,171729.9478821858,113690.70672737992,168120.89165352925,113287.68540183608
2022-01-12,167506.89853050618,108529.71223970126,163986.59548827526,108144.98634137206,171523.13746474322,113553.79163011473,167918.42753930535,113151.25565386264
2022-01-13,164217.9525252225,106398.76499718908,160766.7695415068,106021.59307256209,167566.54326078075,110934.39998160303,164044.98465013783,110541.14946697475
2022-01-14,164678.53855655927,106697.18416607783,161217.67595712896,106318.9543783048,168333.92969182905,111442.43429218662,164796.2437789135,111047.38285057699
2022-01-17,164494.99855848285,106578.2664179107,161037.99321161507,106200.45818048132,168146.31563232472,111318.22779658067,164612.57259424488,110923.61665363699
2022-01-18,160696.1262467265,104116.93185529145,157318.95750284905,103747.84877829188,163911.88254358934,108514.89793836398,160467.1298493732,108130.22429821113
2022-01-19,158958.5488766602,102991.13480680055,155617.8968312329,102626.04255656978,161821.4081829583,107130.93718843897,158420.58865011047,106751.16954027078
2022-01-20,155520.42430839027,100763.5329986838,152252.02743862098,100406.33735196429,158219.8826443937,104746.61232940493,154894.75234535697,104375.2968563782
2022-01-21,152843.27415735583,99028.9755681352,149631.13992455177,98677.92873681287,155313.97227935566,102822.80691769978,152049.91224809803,102458.31112791217
2022-01-24,153521.43463211847,99468.36380721076,150295.04826759105,99115.75939288647,155918.25756350538,103222.86306321883,152641.49794434512,102856.94911742974
2022-01-25,151952.89677898234,98452.08947265288,148759.47460055526,98103.08763911724,153864.14629275835,101862.97583942418,150630.5556325797,101501.88254755923
2022-01-26,152273.5328286817,98659.8333835773,149073.37220502575,98310.09512071642,154727.3044334301,102434.41407859366,151475.5737440817,102071.29509964096
2022-01-27,148376.9229919466,96135.17351582722,145258.6530103059,95794.38489464097,151200.1910937814,100099.3524703101,148022.58580029212,99744.51103357422
2022-01-28,151804.02479856802,98355.63354554382,148613.73129418454,98006.9736376656,155317.37222858967,102825.05779261132,152053.24074440193,102460.5540237143
2022-01-31,156975.95652890773,101706.58963953968,153676.97038461358,101346.05096070631,160712.26494185507,106396.64896149888,157334.75503188977,106019.48428610722
2022-02-01,157810.46289838033,102247.27624370699,154861.79030697345,102127.40954638262,161566.63405488318,106962.2685838425,158547.77577126827,106836.87414501788
2022-02-02,160157.27272561818,103767.8022487004,157279.01440394518,103721.50732109821,163969.30215172475,108552.91155165291,161022.53409193523,108504.48153943426
2022-02-03,158042.0174605924,102397.30319916454,155250.45636466652,102383.72492005947,161803.70002965792,107119.21382575012,158945.69277095457,107105.00914854505
2022-02-04,157582.39893237138,102099.51088705403,154920.32388201982,102166.01094947322,161333.14175874187,106807.68923125387,158607.70254928843,106877.25559855839
2022-02-07,157137.58316217735,101811.30945796454,154679.76529953768,102007.36868643112,160877.73857795872,106506.19779014162,158361.4182455901,106711.29776641527
2022-02-08,158171.7986237524,102481.3899586679,155513.27661789407,102557.04818840892,161936.57021652884,107207.17813037285,159214.76861267307,107286.32498030172
2022-02-09,160031.3810299135,103686.23552143092,157718.36087863674,104011.24513999232,163840.4140085884,108467.58348708022,161472.33779249436,108807.5802181311
2022-02-10,157781.81218337725,102228.71310462423,155644.2359753018,102643.41255176414,161537.3014016402,106942.84943116405,159348.84503521898,107376.67191712675
2022-02-11,157250.445475063,101884.43429310652,155102.90887477272,102286.42110548998,160993.28721567054,106582.69467635656,158794.63338892785,107003.21830280469
2022-02-14,156313.87279926921,101277.61771488091,154345.14941940963,101786.69802930631,160034.42243575276,105947.89558726795,158018.8379136249,106480.45118636913
2022-02-15,158383.5149819751,102618.56350576314,156597.3186199515,103271.9463003973,162153.32580259175,107350.67724669182,160324.61273838094,108034.18963246756
2022-02-16,158168.573916952,102479.30063277046,156440.8674228349,103168.77071750966,161933.2687559413,107204.99245808877,160164.43772509703,107926.25624991367
2022-02-17,156204.26895391595,101206.60407961629,154641.19249230486,101981.9309017212,159922.20982292618,105873.60725600534,158321.92733708426,106684.68695335666
2022-02-18,154097.79268048445,99841.79304317026,152689.17037285725,100694.62199200722,157765.59564814894,104445.85983808312,156323.44362666568,105338.01556921263
2022-02-21,152404.54976524616,98744.72081537031,150758.26748943198,99421.24068097517,156032.0505242842,103298.1976352669,154346.5818275702,104005.91403574959
2022-02-22,152259.8274351099,98650.95349604114,150694.69975579027,99379.31937840795,155883.88354395065,103200.10636513305,154281.5010690452,103962.05959014811
2022-02-23,151310.28725188418,98035.73511548738,149722.0906294211,98737.9084120207,154911.74260674024,102556.51803617198,153285.74211924223,103291.07084192154
2022-02-24,151037.6720100252,97815.9930484109,149434.69098020735,98415.69074401374,154632.63863473322,102326.64286627718,152991.50184828872,102953.99455067846
2022-02-25,154093.665510946,99795.13530519977,151922.97117348804,100054.43883108812,157761.37024459682,104397.05054277813,155539.00752647014,104668.3112450096
2022-02-28,154227.5269919565,99881.82754245236,152619.59140661458,100513.223608436,157898.41786817796,104487.74047316848,156252.20855753496,105148.25224943605
2022-03-01,152242.26725208314,98596.12080233621,150317.84457907127,98997.32390359089,155865.9053971731,103142.74513726754,153895.67607026247,103562.44892100195
2022-03-02,153914.80494534565,99679.30047003205,152213.54255115872,100245.80525782825,157578.25247776147,104275.87414370177,155836.49501864726,104868.50227051416
2022-03-03,152443.30406437028,98726.31756167085,150738.57850183474,99274.41364330663,156071.7272450139,103278.94574086607,154326.42420712335,103852.31627179812
2022-03-04,151335.14861661298,98008.64677045794,149194.46000311163,98257.47783244748,154937.1957163977,102528.18054941464,152745.55294756647,102788.48586896215
2022-03-07,148190.13970363044,95971.85577735346,145414.60789637236,95768.1177410599,151717.32996852015,100397.46574451045,148875.73365205195,100184.33237122349
2022-03-08,149805.73273858379,96693.00228951829,146497.67088700994,96156.94453485441,153371.3770061238,101151.86693499913,149984.5754641308,100591.08937619741
2022-03-09,151971.53541827874,97186.73974164484,148986.10250104973,96851.22952438395,155588.72966169953,101668.37240980887,152532.23616715413,101317.3903601997
2022-03-10,151615.68966206833,97065.07290587031,148641.07021830115,96732.46792012895,155224.41414029678,101541.09507544899,152178.99150369884,101193.15222840523
2022-03-11,151618.34369082042,97117.76200165383,148767.18825529033,96865.35812488521,155227.13133967813,101596.21385632687,152308.11137380777,101332.1704816216
2022-03-14,152780.66333347803,97592.2252814914,150171.08974101773,97510.1188539591,156417.11626787006,102092.55635693485,153745.4282065968,102006.6634622198
2022-03-15,152925.4097662049,97379.52426157033,150314.39952264636,97298.26928763135,156565.30792447898,101870.04692238886,153892.14901538022,101785.04474540359
2022-03-16,155653.7603443487,98458.38190042492,153370.6529055918,98618.63088484432,159358.5981242311,102998.65459557368,157021.14665320225,103166.29299613192
2022-03-17,156788.23636811788,99175.99176322577,154362.52226073353,99256.41129437891,160520.0767056252,103749.35604898325,158036.62425940635,103833.48376938517
2022-03-18,156614.26045065426,99065.94374841897,154335.5269324483,99239.05306928603,160341.95985028517,103634.23332151979,158008.98639439553,103815.32509368916
2022-03-21,156753.1192104959,99153.77849636506,154352.36587392952,99249.88065150575,160484.12369686802,103726.11844791095,158026.22613257042,103826.65197492547
2022-03-22,158963.111931226,100551.70365290115,156586.59169399345,100686.50680708393,162746.71819546018,105188.50699797,160313.63049254654,105329.52616373214
2022-03-23,157506.32136020207,99630.21456022841,155054.4575946754,99701.33158389608,161255.25340434053,104224.52470476337,158745.0288823709,104298.92094425177
2022-03-24,159341.1984322263,100790.86128728485,156574.2724741846,100678.58544424102,163133.80383114162,105438.69305732139,160301.01805344154,105321.23951816985
2022-03-25,159534.1457810998,100912.9096317645,156803.20227166507,100825.78924606722,163331.3436718769,105566.369493135,160535.39678641595,105475.23142023833
2022-03-28,159664.69363425428,100995.48733726756,157084.91542171608,101006.93319136546,163464.99879733485,105652.7551558103,160823.81520943413,105664.72856867204
2022-03-29,161092.1348335525,101898.41156107034,158696.7859844886,102043.37963697105,164926.4156492098,106597.31648678459,162474.05115241391,106748.96931225935
2022-03-30,160438.68727488228,101485.07500472169,158087.72332622763,101651.74718093818,164257.41487038494,106164.91948434213,161850.49172189718,106339.27726580352
2022-03-31,158249.75378858496,100100.47081223894,155805.82274577988,100184.46575000098,162016.38085365557,104716.46617624954,159514.27785762504,104804.33417590597
2022-04-01,158030.94287873883,99962.06253942916,155668.6025208885,100096.23198133582,161792.36185295667,104571.67539653998,159373.79154783723,104712.03162872406
2022-04-04,158674.18968285917,100368.94663497685,156244.64117172454,100466.62972044677,162450.91908103606,104997.32239183727,159963.5409409399,105099.50974858202
2022-04-05,158736.1358117221,100408.13049792591,156169.61973740603,100418.39030176176,162514.33963851558,105038.31316466647,159886.73386333356,105049.04583565431
2022-04-06,160093.25235993756,101266.57104630703,157042.8674663666,100979.89599937653,163903.7579868829,105936.33951678508,160780.76643811888,105636.4445938744
2022-04-07,160736.60158661794,101673.51992897912,157395.55619752614,101206.67784542422,164562.4200753624,106362.05428677579,161141.8497870463,105873.6841718896
2022-04-08,161587.89681877446,102212.00451741599,158067.64107855796,101638.83412532584,165433.9776560221,106925.37035046595,161829.9314810902,106325.76874244615
2022-04-11,160651.38601842258,101619.61704260696,157345.00271769357,101174.17152903903,164475.17622429237,106305.66574302778,161090.09304466934,105839.67887156927
2022-04-12,161525.5479747675,102172.56591804835,158230.7704421106,101743.72768994136,165370.14479805817,106884.11309439903,161996.943613024,106435.4993290852
2022-04-13,161986.68267998507,102464.25547834813,158561.5126075133,101956.39770803129,165842.25533369396,107189.25351708884,162335.55802897786,106657.97633166476
2022-04-14,161391.6014140723,102087.83836891621,158076.66653299326,101644.63756909201,165233.01006974367,106795.47845101626,161839.1717573598,106331.83980401531
2022-04-18,162364.21164043283,102703.06044190314,159099.00633633396,102302.01073530395,166228.77015836097,107439.07064268197,162885.84506251017,107019.5268268904
2022-04-19,162919.2439651881,103054.14469760594,159585.55256368223,102614.86408693445,166797.0132447532,107806.34466536136,163383.9719536113,107346.80697922612
2022-04-20,163689.99119960316,103541.6788592404,160102.72663217745,102947.41140024309,167586.10564131846,108316.36079348053,163913.45568283825,107694.68925311348
2022-04-21,162667.35586203515,102894.81353206556,159208.1087319053,102372.16450118853,166539.12975441015,107639.66616253568,162997.54428873543,107092.91563690624
2022-04-22,161166.10939937807,101945.2039805844,158089.5415138673,101652.91629101445,165002.15094195656,106646.26667428708,161852.35318562968,106340.50028777806
2022-04-25,159666.59817975893,100957.43069824766,156260.6002783697,100472.09103592367,163466.94867442752,105612.94358728944,159979.87990264813,105105.22290508781
2022-04-26,160212.93765228157,101461.15081814391,157271.19153118576,101205.18605268252,164026.29200316264,106139.89206684608,161014.52502091957,105872.12358718368
2022-04-27,160387.0661462657,101449.06151791771,157349.82055497417,101152.87406622658,164204.56506661707,106127.24528518802,161095.0255550281,105817.39930564072
2022-04-28,162159.77463824296,102192.27829248973,158856.4336807975,101858.07430158743,166019.46719001877,106904.73447784204,162637.49874724413,106555.11887697743
2022-04-29,161274.70802253103,102055.46184293002,158316.2868359195,101799.25771401962,165113.3344064973,106761.60892611965,162084.4954487835,106493.59004361593
2022-05-02,158144.31642382147,100624.81390027696,155243.3191007628,100372.20132740191,161908.43389110581,105264.98862372409,158938.38562750226,105000.72692046312
2022-05-03,159441.84553786172,101099.95719246054,156517.04635728747,100846.15180078793,163236.8465178319,105762.04249451098,160242.429853395,105496.53296607829
2022-05-04,161667.62283616027,101567.15456358193,158701.99402521987,101312.17630087103,165515.6012951589,106250.78402902817,162479.38315375798,105984.04754306616
2022-05-05,156894.73319311644,100503.81664258,154016.6582089011,100251.5078260787,160629.10834545776,105138.41174411272,157682.5280292867,104874.46780483233
2022-05-06,157737.5076475764,100810.79085005607,154843.97281951958,100557.71139317939,161491.94233867797,105459.54164443503,158529.53419598946,105194.79152699855
2022-05-09,152183.27888734223,99831.7167365599,149391.6307608088,99581.0951866473,155805.51300388973,104435.3188764695,152947.41671924345,104173.14001141924
2022-05-10,153098.82222467376,99978.34501729424,150290.37938283975,99727.3553658586,156742.8479094928,104588.70871844934,153867.55715361427,104326.1447770177
2022-05-11,152831.04968940996,100219.31404710683,150027.5188635469,99967.7194573439,156468.70190915585,104840.78970323538,153598.44008742674,104577.59292698116
2022-05-12,151773.7481012443,99856.4081214356,148989.61240222675,99605.72458527905,155386.23465290805,104461.14887055643,152535.8296102087,104198.90516079072
2022-05-13,153251.25161917674,100286.88449896849,150440.0126144745,100035.12027763028,156898.90539610398,104911.47607343395,154020.75192173704,104648.10184311043
2022-05-16,153678.88184047633,100339.59192928995,150859.79839244977,100087.69538910246,157336.713981204,104966.61403432173,154450.52934628096,104703.10138331675
2022-05-17,154215.8521938896,100413.08732604266,151386.91856855006,100161.00628006033,157886.46518904445,105043.49857008581,154990.1959181267,104779.79290487316
2022-05-18,149769.5834947551,99277.0513910192,147022.2121657122,99027.82229525968,153334.367345663,103855.07590234402,150521.6017562433,103594.35370392767
2022-05-19,151097.9160930807,99427.35859908783,148326.17784779944,99177.75216607838,154694.31663467208,104012.31432032597,151856.6041358954,103751.19738389942
2022-05-20,150658.90150442577,99492.6868858036,147895.21653715835,99242.91645004027,154244.85271392023,104080.65513102063,151415.38518117345,103819.36662891708
2022-05-23,152764.73003805638,100213.43745827736,149962.41577903173,99961.85762133893,156400.80373153125,104834.6421236046,153531.7874339525,104571.46078049566
2022-05-24,152601.92513638927,100091.85562883229,149802.59736840392,99840.58101579997,156234.12378213572,104707.45371552395,153368.16506149957,104444.59167160267
2022-05-25,152203.30057234567,99982.85037661047,149411.28516827797,99731.84941473986,155826.0112407918,104593.42183620612,152967.53893649383,104330.84606276324
2022-05-26,153776.2044027817,100528.18834264236,150955.33567091374,100275.81834244667,157436.35299448922,105163.90731156136,154548.3405815358,104899.89936712437
2022-05-27,154811.70810875925,100979.81625460161,151971.84411011857,100726.31246956298,158496.5035399818,105636.3614227477,155589.04372573417,105371.16740942144
2022-05-30,155847.20977710487,100793.89402690789,152988.35054906976,100540.8569884944,159556.6519993431,105441.86564755577,156629.74482206925,105177.15990469344
2022-05-31,154901.0981736426,100475.84435212208,152059.59440479203,100223.60575838177,158588.02124822428,105109.1495500007,155678.8826331636,104845.2790717766
2022-06-01,154553.24509427615,100303.07990080149,151655.2573643555,100007.97540067563,158231.88863750163,104928.41829983558,155264.92165353088,104619.70521760345
2022-06-02,154896.14313939735,100240.4299695227,151730.6988754903,99848.03999196115,158582.94827454133,104862.87935684205,155342.15880652738,104452.39460815927
2022-06-03,153736.88103361428,99865.32401279629,150830.29170810906,99551.77861728868,157396.09365807363,104470.47590547822,154420.32035048326,104142.47154890909
2022-06-06,154699.3519044295,100122.33548455883,151784.2064552485,99795.3013001119,158381.47306425305,104739.33910733156,155396.93996165122,104397.22394429246
2022-06-07,156507.77216682784,100810.55179855268,153363.00396706574,100445.02971234404,160232.93696909572,105459.29156890509,157013.3156563636,105076.9136859045
2022-06-08,156404.5230667688,100739.09912371566,153481.64724432467,100401.59185316716,160127.23036165882,105384.54395236517,157134.7828541942,105031.47274977753
2022-06-09,153504.67213590836,99702.88332497489,150722.98237219002,99413.55756159434,157158.35781051824,104300.54448903441,154310.4568619124,103997.87661991792
2022-06-10,151015.20940032788,98908.77296529201,148157.1471736449,98635.89321624862,154609.64140914398,103469.81482368118,151683.5502316935,103184.3513561342
2022-06-13,146769.43450291944,97801.46461459616,144007.48831992285,97634.78813120638,150262.80949140523,102311.44447326323,147435.12213226996,102137.08169119652
2022-06-14,146872.719508423,97846.38197135719,144271.84374071515,97730.63506637928,150368.55286810527,102358.43313207576,147705.76968126584,102237.34847555672
2022-06-15,148160.70076472306,98439.91606419798,145419.69694979052,98278.66279611198,151687.1903671103,102979.33723225431,148880.94383397367,102810.64774799974
2022-06-16,143838.62772563312,97302.64174774688,141090.30388582608,97194.03506908249,147262.24426460275,101789.6190768363,144448.5035311044,101676.00390966545
2022-06-17,143916.04406201578,97361.74117958818,140981.84916055712,97248.87794218735,147341.5032325564,101851.44379759136,144337.46739088418,101733.37578620357
2022-06-20,144593.06110219192,97571.03318995387,141762.02480602113,97428.0631386111,148034.63446925487,102070.38702079981,145136.21260139762,101920.8238607607
2022-06-21,148738.83124447812,98667.08350065725,145916.68897834228,98482.12465419619,152279.08136231266,103216.98018221444,149389.76515488655,103023.49196897825
2022-06-22,148300.34065866985,98812.8599704639,145473.19685305498,98648.71393468497,151830.1539028516,103369.47893317799,148935.7171298896,103197.76328431407
2022-06-23,149174.16729470878,99236.93840819845,146263.43957093428,99093.5340417159,152724.77915877252,103813.11316407181,149744.76902700926,103663.09565691726
2022-06-24,152009.24371816675,100134.26513828721,148823.97643157394,99889.45886188713,155627.33546557472,104751.8188806133,152366.25120947685,104495.72345213132
2022-06-27,152844.50146912583,100262.9894657729,149833.86290209388,100030.97241966164,156482.47385291592,104886.4791531952,153400.17477038267,104643.76271239381
2022-06-28,151888.70054243362,99704.84156255028,149395.36802028771,99525.08539082762,155503.92317523865,104302.59302803889,152951.242932131,104114.54740113506
2022-06-29,151330.72194518443,99528.60714876167,148831.91502832397,99386.05680392007,154932.66369481466,104118.23180695018,152374.37875891928,103969.10770274285
2022-06-30,149950.85633612753,99286.42467711554,147491.17512488348,99174.96349186102,153519.95480403563,103864.88142413269,151001.72686617734,103748.28011381761
2022-07-01,151204.20915279514,99797.39966137297,148067.98533492588,99556.6360808268,154803.13965852562,104399.41931612736,151592.26618296493,104147.55300767694
2022-07-04,151982.82154873863,100050.53817339447,148589.93518132242,99773.08848887589,155600.2844215216,104664.23096203464,152126.63936208346,104373.98681991053
2022-07-05,151221.99986643178,99654.71116273825,147714.48429425206,99366.6464226214,154821.35382295362,104250.15093387394,151230.35119011506,103948.80223848873
2022-07-06,150576.12483436297,99652.95077976474,146980.2898978345,99368.06157448504,154160.1058104048,104248.30937326384,150478.68166398478,103950.28264812822
2022-07-07,152509.82522511872,100097.33046103493,148663.56851918285,99706.85834371902,156139.83172759417,104713.18101158219,152202.02530407242,104304.70256297932
2022-07-08,152576.7575414642,100061.3689122079,149139.96238721084,99692.70883083805,156208.3571527325,104675.56114545351,152689.7581916826,104289.90056483218
2022-07-11,151751.23848772698,99679.32136506638,148544.44107858933,99394.84808872969,155363.189269626,104275.89600179184,152080.06241896053,103978.30438552322
2022-07-12,151678.45752334164,99829.81901535115,148121.3649023054,99503.03263128389,155288.67598816808,104433.33364396975,151646.9162787883,104091.47770900842
2022-07-13,151492.44501557574,99768.60532921512,148094.72273208693,99494.08396700995,155098.236050158,104369.29717299469,151619.63997763302,104082.11638942688
2022-07-14,149891.48829678775,99394.27772987403,146420.09974644126,99226.93657505215,153459.17369921942,103977.70797189514,149905.15799274016,103802.64986403927
2022-07-15,153298.79897089204,100576.44549896897,148022.7592969635,99826.72791448965,156947.5844590703,105214.38977970305,151545.96368503,104430.09975363674
2022-07-18,153831.08406850565,100586.77057166552,148737.62477022057,99823.49392106128,157492.53889364403,105225.19097890837,152277.8442253229,104426.71662906298
2022-07-19,155198.61580995435,101130.9437411542,149434.63908816635,100157.74971328542,158892.62033545776,105794.45794472918,152991.44872112505,104776.38616601404
2022-07-20,154635.9186651683,100898.81749702724,148983.17172417845,99911.08674138879,158316.5299926172,105551.62751851448,152529.23563259165,104518.3486714589
2022-07-21,154976.95562743573,101122.3910547846,149129.48417591414,100100.26581094554,158665.68424430376,105785.51086300552,152679.03058035992,104716.25147282123
2022-07-22,155870.16376939788,101282.97873073834,150384.63978999676,100294.01993445825,159580.15233695172,105953.50381849115,153964.0611257588,104918.94030044104
2022-07-25,155884.07131550164,101321.52650515159,150452.17214657663,100329.7832980647,159594.3909075171,105993.82917043749,154033.20087228442,104956.35284222191
2022-07-26,155633.16308309592,101190.98875743634,149945.96679852027,100282.82807451443,159337.5106105981,105857.27185424938,153514.94693851055,104907.23234331595
2022-07-27,156985.34842700607,101428.30747825839,150976.8028970454,100435.58933429485,160721.88038317507,106105.53420107141,154570.3187657503,105067.03797784526
2022-07-28,158037.71592039228,101768.27504455943,152034.366870999,100787.35549619715,161799.29610436133,106461.17890352436,155653.05463929145,105435.02535101528
2022-07-29,158338.55971347063,101865.13911811663,152373.11673123532,100899.638341486,162107.30051757346,106562.50973044249,155999.8673474284,105552.48596481183
2022-08-01,158571.1118530054,101939.94387852619,152596.9074134769,100973.7340854951,162207.4151347347,106595.41529617377,156096.21012129996,105585.079644088
2022-08-02,156960.36786783396,101422.19777227684,151046.84859191888,100460.89529368137,160345.2611570881,105983.55338952855,154304.21326140614,104979.01710411084
2022-08-03,160196.87526130193,102467.85565843871,154161.41979781346,101496.64219842291,164199.46076425244,107257.310302867,158013.20493253059,106240.70105898236
2022-08-04,162226.67142174704,103117.02206585235,156114.74290404737,102139.65566012867,166156.79864796432,107896.5901025195,159896.79962097612,106873.92161892504
2022-08-05,159059.81180899177,102110.53796029187,153067.19548212434,101142.71123805558,163097.04364674707,106903.13953694883,156952.32165618654,105889.88720434162
2022-08-08,158935.6225362334,102070.67549187187,152947.6850698216,101103.22659510709,162742.7557593606,106787.02925495146,156611.38165373984,105774.8774420725
2022-08-09,156372.45825973953,101247.62555214322,150481.08861845633,100287.9777084462,159840.1629895536,105834.73107867221,153818.14479390814,104831.60536505126
2022-08-10,158455.73936032748,101922.06421973079,152485.88160696332,100956.02389414074,162295.7880094291,106647.7007627233,156181.25352579448,105636.86953706341
2022-08-11,157966.41422475924,101764.69211035485,152014.99191252384,100800.14339313189,161766.46742738236,106473.78736751433,155671.87522932104,105464.60453267001
2022-08-12,159341.78919718106,102207.7122652773,153338.5493049953,101238.96450304892,163303.40881968508,106979.59049718281,157150.91196952018,105965.61354494217
2022-08-15,159550.2860979759,102274.58107399348,153539.19103535084,101305.19951410571,163885.7672371966,107170.3411541295,157711.32988771633,106154.5562236673
2022-08-16,159620.2719522111,102297.0121648366,153606.54015584438,101327.41799800775,164022.29672313397,107214.98173467585,157842.71559105752,106198.77369061227
2022-08-17,156595.15327546903,101327.6471891667,150695.3935463818,100367.24088233539,160991.65880406214,106224.47679836779,154926.25771504693,105217.65698594568
2022-08-18,157166.95439559396,101512.64417327025,151245.65192299904,100550.48442327506,161629.70831788846,106434.97365355001,155540.26855354838,105426.15870393696
2022-08-19,155331.81919908617,100919.99597018793,149479.65588248248,99963.45347360542,159568.8932953307,105756.43876379021,153557.0952533937,104754.05512258195
2022-08-22,152654.78202653254,100050.35257690518,146903.47672356176,99102.05275665801,156549.3570269512,104755.819545761,150651.3207706036,103762.92000166263
2022-08-23,154706.504670476,100722.70483207685,148877.9002278013,99768.03230542435,158454.28151660616,105393.16462937012,152484.47675274784,104394.22418324176
2022-08-24,155123.193826017,100858.34896323242,149278.8905200762,99902.39077089379,158952.4113659448,105558.8259189095,152963.8394351842,104558.31529730474
2022-08-25,157208.9066573554,101536.39570592699,151286.02362329795,100574.0108335452,161083.5048018408,106266.445636923,155014.64339184322,105259.22803427934
2022-08-26,151339.26678275972,99640.88580884079,145637.52383019295,98696.46700702634,154651.60532846287,104144.89043308422,148825.06734292136,103157.78141442
2022-08-29,153030.03617708958,100197.48213618832,147264.5930845428,99247.7877887753,156172.15954075297,104656.87332359538,150288.3342942214,103664.91161435246
2022-08-30,151187.46969255575,99594.26551600413,145491.4457315481,98650.28859184607,154272.57229497135,104020.38067876836,148460.3144739501,103034.4517919463
2022-08-31,150179.91228030517,99262.40289325385,144521.8482849874,98321.57143792618,153122.14749964155,103632.53589413712,147353.23222107408,102650.28308862023
2022-09-01,150804.01486644236,99468.65525221195,145122.43765741718,98525.86889048076,153913.57335240563,103900.3530239038,148114.84090650856,102915.56178656324
2022-09-02,150291.1757706672,99299.52376303147,144628.91989682688,98358.34046772291,153142.88158019134,103640.2227915222,147373.18513994332,102657.89712783911
2022-09-05,150135.84050228112,99248.20764917697,144479.4369217063,98307.51073957613,152984.59889666256,103586.66348659174,147220.8657961812,102604.84547021339
2022-09-06,148652.20856710285,98757.82570611493,143051.70117335673,97821.77674723571,151385.76847633324,103045.37531145115,145682.27171259536,102068.68774782143
2022-09-07,152384.6461411715,99997.65733375079,146643.5182720772,99049.85697091001,155397.68563580423,104410.79266070738,149543.03888772023,103421.16336009864
2022-09-08,152030.33382339423,99881.40414604644,146302.55475533378,98934.70565715377,155484.6731843078,104440.01587228129,149626.74915853533,103450.10958740978
2022-09-09,153323.97796094161,100306.35550172007,147547.46054161785,99355.62922797889,156839.3713992005,104894.99545376659,150930.4087787025,103900.77676867723
2022-09-12,155229.6470607592,100929.71110707632,149381.33310382298,99973.07652823391,158768.31585584072,105540.03954634603,152786.67976955653,104539.70698626408
2022-09-13,148856.5197254204,98857.81983828865,143248.3148600806,97920.82311245883,151692.9653722578,103188.39663253058,145977.89488848424,102210.3534802079
2022-09-14,151463.7012884842,99723.55378706862,145757.27023625135,98778.35143950071,154463.4139765912,104130.68867861343,148643.9661473911,103143.71426741633
2022-09-15,150893.62426359416,99535.88470737897,145208.67099917002,98592.46112969994,154363.63908864136,104097.05732369392,148547.95030334775,103110.40167814738
2022-09-16,151147.88404919757,99619.74501900264,145453.35148673996,98675.52659436516,154437.60070234694,104121.99579491396,148619.12539472265,103135.10377685074
2022-09-19,151661.11502710512,99788.87718872048,145947.2463652099,98843.05569121007,155145.2149124788,104360.5329240739,149300.0800621638,103371.3799967092
2022-09-20,151224.4103202987,99645.20729565839,145526.99461233485,98700.74753381664,154458.03138072893,104129.41126289176,148638.78634217678,103142.44895933216
2022-09-21,149790.71947079606,99172.861522929,144147.31840735304,98232.8787609162,152534.13970899838,103480.90595267882,146787.37777129473,102500.09033032173
2022-09-22,149159.16481256598,98963.79288741508,143539.5577214229,98025.79172511052,151547.53929529025,103146.24544710747,145837.94777540938,102168.60181333155
2022-09-23,146123.9004605175,97956.87764666491,140618.6476773896,97028.42025424437,148291.1933132647,102038.07878374698,142704.28544427795,101070.93860629079
2022-09-26,145584.41055521803,97776.04909473576,140099.4831828769,96849.30563613825,147783.6467586876,101863.45925926535,142215.86083333276,100897.97416547895
2022-09-27,147406.03520479627,98387.7604053427,141852.4776895401,97455.2190088974,149538.45002270106,102468.22959317021,143904.55144463104,101497.0123482592
2022-09-28,151864.57392781487,99875.71047139271,146143.0399033345,98929.0659484333,154095.58449057388,104029.57218054509,148289.9947294354,103043.55617457328
2022-09-29,148112.3121102431,98641.84859955554,142532.14544421068,97706.898897865,150151.94567151336,102698.40146420781,144494.9334911359,101725.00259781929
2022-09-30,145794.03736239296,97869.87055319504,140301.2122501203,96942.23783364143,147587.5148758459,101821.41334992526,142027.11826832662,100856.3267768549
2022-10-03,146527.24199096014,98430.23470489294,140484.01204050827,97370.27419537154,148329.7388747471,102404.40246115315,142212.16675816127,101301.64531019753
2022-10-04,150485.3600932541,99581.01682933199,143838.33750598555,98362.5603786329,152336.54753136626,103601.6479430065,145607.75523494856,102333.99551988537
2022-10-05,149582.87556027577,99252.67687351878,143235.37733343523,98087.93298913245,151422.96111315925,103260.0511002723,144997.37778799376,102048.27991896366
2022-10-06,149698.12228964453,99333.58369561001,143340.82535133668,98171.58496721469,151539.62574495075,103344.22460967855,145104.1229676644,102135.30938543288
2022-10-07,146177.4064228555,98066.51736280328,140398.86816889403,97094.54266741304,147975.60016912065,102025.99993451728,142125.97549488107,101014.78099070261
2022-10-10,145499.59101938453,97867.10096191763,139397.54875775363,96894.18614347556,147289.44644041554,101818.53196377272,141112.33841969405,100806.33497685271
2022-10-11,144444.25653180637,97587.71927028605,138343.11361877294,96590.98454807125,146221.12995171093,101527.87015210239,140044.93221707825,100490.89147287836
2022-10-12,145639.25433989312,97903.22666377867,139498.0670888002,96901.63363140728,147430.82795144484,101856.1162920012,141214.09327029527,100814.08316065057
2022-10-13,147778.83905082528,98622.3742859983,141544.20773824197,97612.30430845803,149596.73234773942,102604.29973888177,143285.40438265988,101553.4475041719
2022-10-14,145416.28853417403,97834.03292799568,139719.95414130134,96983.27963805375,147205.11916280517,101784.12876243277,141438.7098515947,100899.02566363353
2022-10-17,150553.84986385115,99342.76544173216,144343.41445868206,98264.45923346045,152405.87979386176,103353.77702380712,146119.04535813973,102231.93349433492
2022-10-18,151003.28611847002,99373.07739712484,144698.5424766666,98237.82259969402,152860.84468355216,103385.31285604517,146478.54195978542,102204.22139381594
2022-10-19,152070.49981249223,99886.72169031059,146022.47967881788,98855.08328507042,153941.18612762855,103919.69563831974,147818.7654872526,102846.40427283775
2022-10-20,151994.63551898368,99765.92288058109,146087.25011618272,98761.00263997036,153864.3884536401,103794.01943983292,147884.33269383886,102748.52507696165
2022-10-21,154901.97857604083,100679.41768630278,148413.830706934,99540.39346540002,156807.4960745158,104744.39701344795,150239.53356077324,103559.38417752531
2022-10-24,154560.0803421299,100568.30834020353,147885.42799662962,99363.19497439232,156461.39216838672,104628.80163102355,149704.63073972054,103375.03121319509
2022-10-25,157372.40575934647,101458.28203951765,150307.79295609813,100136.63542493162,159308.31343460685,105554.70846481963,152156.79426040448,104179.69968965315
2022-10-26,156886.74210948733,101306.60891342597,150161.3115322056,100110.70830713786,158816.67572182225,105396.91154626863,152008.51090503187,104152.72575215156
2022-10-27,156190.38060560066,100856.50659476021,150053.64123033307,99782.74697502056,158111.7483515275,104928.63627519888,151899.51610411188,103811.52282532254
2022-10-28,156952.65727646605,101055.51615157818,150874.57764048918,100007.25571659965,158883.40152012056,105135.68072607789,152730.55120884185,104045.09621408439
2022-10-31,156273.16294184534,100888.91619766457,150271.48809482536,99878.82022740049,158195.5484555878,104962.35424963005,152120.04279729875,103911.47508094485
2022-11-01,157669.5480215622,101154.64597705578,151598.09246167162,100136.52160114545,159609.11108772838,105238.81299544997,153462.96629940977,104179.58127017751
2022-11-02,155049.0505269118,100277.00837480286,149505.90161626396,99391.90173993343,156956.37769071522,104325.74035692558,151345.03850766065,103404.89702804344
2022-11-03,155258.50552409212,100295.0227196582,149739.0746612757,99447.73938938323,157168.40928674833,104344.48203953593,151581.07991535592,103462.98914913752
2022-11-04,156920.3683111129,100765.80460479941,151237.82952942958,99843.89394400262,158850.71538525942,104834.27196755625,153098.2716167009,103875.13863224925
2022-11-07,155764.24383116653,100475.78982736582,150083.25726508664,99587.46318461598,157680.3689051277,104532.54770532934,151929.49645854448,103608.3543590337
2022-11-08,156406.74372962007,100559.54839137229,150617.5668682268,99653.4790809268,158330.772479901,104619.68806125768,152470.37883568183,103677.03567854497
2022-11-09,152605.4826946647,99332.27078250641,147138.36277038636,98449.34883089905,154482.750446384,103342.85853429523,148948.37554035246,102424.28809717491
2022-11-10,156125.68313035116,100466.4712988808,149859.25532248217,99408.42886140409,158046.25442949752,104522.8529368177,151702.73897096197,103422.09143990118
2022-11-11,154925.98122928521,100039.41853384722,149153.57642205994,99075.7079971399,156831.79446305425,104078.55771296065,150988.37920854552,103075.93681255194
2022-11-14,153870.94524356397,99530.69905571759,147797.21007616862,98349.44180395786,155763.78001156676,103549.29844356267,149615.32761238643,102320.34727652068
2022-11-15,153219.04569509058,99300.3712146936,147160.12345599628,98151.88204485324,155103.86115750813,103309.67100623599,148970.403913587,102114.81094821348
2022-11-16,151711.96220703787,98613.81132269687,145674.82382134662,97429.24418091385,153578.2383667953,102595.39093154312,147466.8329644051,101362.99623694315
2022-11-17,151686.00345292958,98734.73631605286,145239.6804437625,97509.96402510158,153551.96028253515,102721.19832911095,147026.33669954288,101446.97518321774
2022-11-18,152058.6590662745,98875.55582068443,145643.39829373572,97597.27702201459,153929.20009792235,102867.70348832424,147435.02085775926,101537.81348389362
2022-11-21,151459.57720504768,98623.92777142729,144999.85660588148,97346.32886987072,153322.74866491568,102605.91583671022,146783.56268469282,101276.73318079495
2022-11-22,154467.10137215993,99593.31536420633,147504.3250246062,98177.35179754873,156367.26972120738,103614.4429153352,149318.83965486882,102141.30905428347
2022-11-23,154994.54856807162,99544.51231826644,148273.72637529808,98150.3019468059,156901.20527909754,103563.66942316717,150097.70574503287,102113.1670529562
2022-11-24,154512.62429541964,99438.31988343541,147832.9721997468,98060.55470595228,156413.35264214405,103453.18941819292,149651.52966134596,102019.79622458325
2022-11-25,153373.8670192571,98903.18651211212,146732.99270445766,97512.74916848987,155260.58700747543,102896.44978208079,148538.01884155598,101449.8727780945
2022-11-28,151930.1549568215,98504.4181121587,145218.66026620084,97133.13531555903,153799.11520240334,102481.58091801782,147005.0579436669,101054.93183536617
2022-11-29,152528.3728179113,98508.56396405438,145923.97019267996,97156.75628081751,154404.69200682399,102485.89416065876,147719.04419323185,101079.50650832741
2022-11-30,154223.75825908373,99151.25095365482,147586.57380727786,97820.47769788232,156120.933136529,103154.52994362131,149402.1002154626,101770.02599316905
2022-12-01,154289.0966690291,99172.25415431123,147649.10030884095,97841.19900095851,155728.053504784,103024.73532568356,149026.1285828613,101641.97343310683
2022-12-02,153020.86985427237,98764.66568981926,146435.45299202466,97439.08104564005,154487.6328596785,102614.42386998112,147839.0907794982,101237.16903396939
2022-12-05,149395.1269380579,97594.57925867368,142965.7478016534,96284.69910349016,150637.02239685878,101335.58954882591,144154.19549544423,99975.49877890591
2022-12-06,148592.44490465138,97332.39729553212,142197.61004840196,96026.03605454625,149581.37820856948,100980.51639193537,143143.98209457542,99625.19128949197
2022-12-07,149298.25056624203,97563.55897105156,142873.04060815365,96254.09515927025,150233.13408016585,101200.51250797433,143767.68894853778,99842.23469475897
2022-12-08,150400.7985043598,97923.80599461345,143928.13921605895,96609.50707384644,151435.6760072136,101605.54253039476,144918.47818537234,100241.82854616102
2022-12-09,149168.5560197771,97522.65827731893,142748.92760526543,96213.74342027937,149975.89357254974,101115.82309914494,143521.51906390913,99758.68195749553
2022-12-12,149352.78880667646,97582.88166353271,142925.23173705657,96273.1585093615,150620.8378215852,101333.23826847925,144138.70744084203,99973.17905662008
2022-12-13,154163.5003625247,99154.47299511266,147528.9091737715,97823.6564942317,155371.69307758307,102931.3556159785,148685.10451140677,101549.84703314057
2022-12-14,152823.17482290746,98723.43947482375,146246.2659778627,97398.40815441834,154051.03232396365,102493.8969033062,147421.27981923477,101118.2597380026
2022-12-15,148856.32578104205,97442.15153618429,142450.13452893196,96134.31721234004,150046.4040600187,101161.70863352013,143588.9950564198,99803.9516323089
2022-12-16,150184.04440309538,97876.71741200014,143720.7133594633,96563.0504976455,151109.5399736401,101520.09324861752,144606.37776813222,100157.52613469814
2022-12-19,148832.32706148183,97436.25232533985,142427.168619946,96128.497178631,149579.82051804248,101006.23667211154,143142.49144094207,99650.56636108126
2022-12-20,150908.658324689,98115.90956401646,144414.1427456244,96799.03229663215,151348.67552254093,101603.46090531441,144835.22186049185,100239.774859923
2022-12-21,152667.83735393904,98687.79010571953,146097.6136230781,97363.23725862165,153331.75385548963,102269.10142439486,146732.9562762554,100896.48138522974
2022-12-22,149592.2930874861,97693.7409585999,143154.42869487868,96382.52988991821,150335.17311502583,101269.772805348,143865.33662336116,99910.56540469351
2022-12-23,150814.5434453649,98092.84644520187,144324.07820083233,96776.27872289561,151595.51208500317,101694.27173830787,145071.43554497944,100329.36686174062
2022-12-26,149857.60650582705,97781.64082098489,143408.32406638336,96469.24999123187,150633.6198028119,101371.64036953328,144150.93933570595,100011.06573813173
2022-12-27,148477.14427348896,97331.26707848095,142087.27150327008,96024.92100687131,149123.87356148817,100863.63474228661,142706.1666539483,99509.87838438366
2022-12-28,147133.52918897118,96890.87687808421,140801.48033154523,95590.44156902326,147710.565304151,100385.6716756032,141353.68164341245,99038.33037047937
2022-12-29,149596.79395709682,97701.93566489566,143158.7358647499,96390.6146097451,150297.49356490443,101264.72365979134,143829.2786533618,99905.58402699906
2022-12-30,149663.42005768212,97723.69247806258,143222.49463980843,96412.07941060945,150190.822823644,101228.78831955342,143727.19860262377,99870.13099830427
2023-01-03,149477.04879218832,97838.37512965077,143258.23214734776,96653.69056886357,150003.79479773933,101347.58433964095,143763.06204611834,100120.40812304842
2023-01-04,150701.6340208863,98202.87797758752,144149.5525721309,96906.17581870544,151232.69537967813,101725.16096504599,144657.52340872455,100381.94936488238
2023-01-05,148857.06784298446,97596.44101795244,142859.84742131355,96465.05144608617,149381.62908111283,101096.97267732967,143363.2734459898,99925.00300349956
2023-01-06,153260.63815199138,99468.65817545899,147094.50397471586,98459.76617638393,153800.71726365265,103036.3414300548,147612.85257108058,101991.26298499687
2023-01-09,153246.73031036736,99853.43264288617,147457.75227480195,99098.26717607304,153786.76040089544,103434.91675416337,147977.38092746647,102652.66536187043
2023-01-10,153473.92851652997,99867.19293777965,147667.84012280733,99089.95360427262,154014.75923814048,103449.17059620917,148188.20910728702,102644.05360378113
2023-01-11,153535.23543465746,99718.93314007415,147433.66867683447,98789.2821532563,154076.28219557117,103295.59310224248,147953.2124609358,102332.59784653557
2023-01-12,154720.83877308219,100230.93123238884,148647.95638938024,99363.8211152664,155266.063518952,103825.95524519891,149171.77922072247,102927.74403309594
2023-01-13,154192.33910422225,99995.26705298161,148222.85148029818,99138.42267549245,154735.7014547113,103581.83840059291,148745.17627787997,102694.261135054
2023-01-16,153182.16059736733,99579.10512580165,147264.93212252445,98700.77942322365,153721.96315284006,103150.74982184097,147783.88129327373,102240.92075279274
2023-01-17,152947.0112633594,99440.96425809815,146918.8846506705,98504.36163845907,153485.98516903757,103007.65419817527,147436.61437938444,102037.45797079742
2023-01-18,151631.14043073385,98930.92594755224,145775.29620140235,98012.39098330321,152165.47730994938,102479.32213698121,146288.99602110215,101527.84160241182
2023-01-19,150917.7007071363,98741.9249401402,145073.50230330357,97834.22426375614,151449.52347823916,102283.54215307556,145584.72906063744,101343.28450407436
2023-01-20,152363.94896797865,98988.98773662496,145902.88808010332,97813.38936035344,152900.86821739643,102539.46645705983,146417.03752279683,101321.70230664758
2023-01-23,153659.7572282865,99558.47972568672,147230.7913852841,98454.75186069946,154201.24281147125,103129.38465051328,147749.62024696165,101986.06881879552
2023-01-24,154620.46428329975,100031.83155945134,148382.3583057292,99053.41657440894,155165.33532939325,103619.7143908054,148905.2451918788,102606.20608528466
2023-01-25,154242.7747634917,99776.50780325042,147870.83156950897,98706.28032697801,154786.31487425882,103355.23284216157,148391.91587868554,102246.6189597178
2023-01-26,154355.69739145454,99512.47662848813,147583.34824614835,98214.8292479583,154899.63541306584,103081.7315392283,148103.41948839778,101737.5408033187
2023-01-27,154180.59199520282,99632.95659841556,147227.04887865778,98329.7099568446,154723.91295636652,103206.5328124197,147745.86455205837,101856.5419856995
2023-01-30,151999.66586469818,98891.34576318756,145320.98216784841,97644.90417695181,152535.3014053873,102438.32231736206,145833.08102330257,101147.17399608257
2023-01-31,152258.81668147937,98910.2217395428,145353.4105562158,97569.3542729094,152795.36545244206,102457.8753274848,145865.623686569,101068.91431265131
2023-02-01,157560.00991653305,100829.21533252517,150276.9610220931,99433.66053848874,158115.2396984185,104445.69825219069,150806.52432804197,103000.08841554986
2023-02-02,162635.6219233457,104077.31093908403,155238.2368909717,102716.3847646683,163208.73776908114,107810.2946285504,155785.283313647,106400.55545768881
2023-02-03,162261.1676516903,103837.68204842246,155068.9980224951,102604.4045909706,162832.96396099325,107562.07087829403,155615.44806170568,106284.55884518164
2023-02-06,162305.63866080297,103866.14090010856,155065.64807412517,102602.18803277847,162877.59168974656,107591.55048000693,155612.0863084009,106282.26278478792
2023-02-07,166048.67346538915,106261.4648310266,158260.12393149434,104715.87482707923,166633.81667410396,110072.78848104863,158817.81922862455,108471.76205009442
2023-02-08,162211.85691796386,103806.12605530121,154971.4900870788,102539.8865778031,162783.47947152914,107529.38306107547,155517.59651656848,106217.72673797912
2023-02-09,160775.63216601833,102887.02599395611,153637.57041862363,101657.2728052283,161342.1935749759,106577.31726315705,154178.9762279737,105303.45589529203
2023-02-10,159081.10786403404,101802.62928808207,151720.80727069403,100389.0093609343,159641.69788767816,105454.0260499039,152255.45856875752,103989.70312596772
2023-02-13,160468.5102431124,102690.48587876812,153066.14152505892,101279.17581525628,161033.98937691364,106373.72776266192,153605.53366729774,104911.79754553532
2023-02-14,163573.4192725369,104677.4465376408,155288.49996769236,102749.64230244572,164149.83986687553,108431.95555078798,155835.72351320073,106435.00585721152
2023-02-15,163267.77153576206,104481.84981558236,154827.23571663033,102444.43788091166,163843.11505462055,108229.34328363178,155372.83380591407,106118.85454353585
2023-02-16,162332.08857946852,103883.06730514036,155096.84947859193,102622.83304608575,162904.13485077064,107609.08401435989,155643.39766397918,106303.64828125332
2023-02-17,160239.8148611575,102544.13417490051,153331.74834534284,101454.91970989719,160804.48811237875,106222.12681723862,153872.07646356145,105093.8449185122
2023-02-20,161023.87880127114,103045.88935944298,153807.5094853835,101769.71627867562,161591.31503374432,106741.87866002365,154349.51414563786,105419.9324249109
2023-02-21,158316.06620258832,101313.04725225252,151823.840492065,100457.18328652019,158873.9603050416,104946.88399297203,152358.85487049,104060.3222736985
2023-02-22,158040.35870951402,100945.41619776897,151428.93783876658,100012.5422466306,158597.28125327648,104566.0669735558,151962.56061362714,103599.73311129831
2023-02-23,160562.6119332753,101987.85853343603,154189.9917422435,101107.99251962951,161128.42270487535,105645.89901335062,154733.3442376353,104734.47434844758
2023-02-24,157106.00163456218,100783.00906358386,151315.89875682906,100013.62880147617,157659.63156560273,104397.83471092525,151849.12319152142,103600.85863805209
2023-02-27,157953.81305578043,100896.16082888967,152193.97168941674,100162.90609741579,158510.43060834034,104515.0449350085,152730.29037888962,103755.49012397896
2023-02-28,158478.11840896442,101001.92846291057,152679.664250899,100275.92651930547,159036.58355768403,104624.60616898072,153217.69447989715,103872.56429568656
2023-03-01,159381.81890387466,101431.39851081431,153550.29982842528,100702.30953615699,159943.4686261894,105069.4801957158,154091.3981035935,104314.2405670494
2023-03-02,157452.60651808785,100706.0407358727,151691.6741563909,99982.1656334892,158007.4578388772,104318.10571515092,152226.22279182257,103568.26696771696
2023-03-03,160600.07852449478,101492.16459417115,154723.9853297051,100762.63883285744,161166.0213034601,105132.425801175,155269.21957335426,104376.73371937373
2023-03-06,158392.159014771,100220.70213056148,152596.8499698082,99500.31564246611,158950.3212489536,103815.35927048343,153134.58836828105,103069.13426547473
2023-03-07,155423.1901186791,98661.45401811069,149736.5107710748,97952.27540671064,155970.88992642242,102200.18496472949,150264.16957602973,101465.5698357822
2023-03-08,158118.21656286463,99492.42328259694,152332.93062244946,98777.27166345064,158675.41344414122,103060.95894556814,152869.73899145445,102320.15657156697
2023-03-09,154314.35855998853,97983.8301811223,148668.24953860106,97279.52233041142,154858.15092746468,101498.25651490134,149192.14388128553,100768.68684902109
2023-03-10,154333.7997984991,98038.25275745617,148686.97945411378,97333.5537172225,154877.66067545945,101554.63108816229,149210.93979943704,100824.65620173945
2023-03-13,156867.54148277326,97938.8952714868,151128.0156901397,97234.91041294277,157420.3310777215,101451.70990638208,151660.57804078897,100722.47481761468
2023-03-14,160141.30849288893,98992.67157830871,154282.00094033216,98281.11217481768,160705.63460024993,102543.28244137515,154825.67766835933,101806.20112709628
2023-03-15,159744.60904464548,98967.61464825332,153899.8160735859,98256.23535399581,160307.5372125396,102517.32678410457,154442.1460144533,101780.43203914081
2023-03-16,162700.8820902783,99972.56790276484,156747.92394218405,99253.96500369988,163274.22794537529,103558.32511029113,157300.29037439605,102813.94766732748
2023-03-17,163033.90379443287,100866.46952646533,157068.76092894946,100141.44126180513,163608.42319334403,104484.28867115342,157622.25796357865,103733.25540030749
2023-03-20,162880.35929455873,100734.88080439146,156920.83437023137,100010.79839957212,163454.33761402738,104347.98020226797,157473.81012417364,103597.92671696235
2023-03-21,163898.59680798155,100796.46301060269,157901.81624481344,100071.93795283521,164476.1633210133,104411.77120279557,158458.2488959477,103661.25918765368
2023-03-22,163371.2069009869,100769.95330036382,157393.72266862987,100045.61879441502,163946.9149310571,104384.31065787721,157948.36484095684,103633.9960291858
2023-03-23,166366.7861254004,102125.9843061377,160279.69856746125,101391.90264822097,166953.05035473555,105788.97898541433,160844.51067486996,105028.56759804368
2023-03-24,164630.29015787132,101245.39958801451,158606.73813634863,100517.64757376495,165210.43510406194,104876.80997305835,159165.65487263325,104122.95525832841
2023-03-27,164620.51533807316,101043.593285238,158597.3209611583,100317.29185485627,165200.625838523,104667.76540062563,159156.2045121137,103915.41329869024
2023-03-28,166038.25400089903,101789.0175309552,159963.1868940007,101057.35799049144,166623.36050736616,105439.92608432594,160526.8836410306,104682.02368988942
2023-03-29,167322.35387169928,102228.19664278778,161200.30365880523,101493.38028251243,167911.98545098098,105894.85741397872,161768.35990072615,105133.68497225695
2023-03-30,168250.878645177,102795.49330658896,162094.8552353035,102056.59921743472,168843.7822769724,106482.501540526,162666.06380135295,105717.10511167595
2023-03-31,170060.90571645036,103901.35752072012,163838.65638780018,103154.51447869891,170660.18774955248,107628.03024122134,164416.00996168685,106854.39974983543
2023-04-03,169690.12872535238,103674.82554648284,163481.44551805276,102929.61081647594,169896.62017757935,107146.48105970898,163680.38008118892,106376.31194477942
2023-04-04,170027.60882771254,103881.01426824537,163806.57777755335,103134.31745353942,169553.38685245079,106930.01858428419,163349.70510334152,106161.40540205035
2023-04-05,166813.74279928603,101917.4527910414,160710.30183047743,101184.87005782411,166275.02451357918,104862.49665311439,160191.29269284452,104108.74482255611
2023-04-06,166877.07174531894,101956.14459640051,160771.31367435053,101223.28374645497,166643.35780394118,105094.78859558022,160546.1492691554,104339.36705008625
2023-04-07,167691.34523780883,102453.63766164325,161555.79423665084,101717.20083114177,167456.49089370645,105607.59661442424,161329.53114603006,104848.48900389018
2023-04-10,168679.61201426026,103057.4346321071,162507.90195432038,102316.65770849283,169268.37098184176,106750.27135005429,163075.11749835152,105982.95019129085
2023-04-11,169031.3793137738,103272.35233936543,162846.79866588768,102530.03058709728,169408.1718348352,106838.4377269471,163209.8032662598,106070.48282809451
2023-04-12,167343.1614233163,102240.90934033917,161220.3498962711,101506.00160118351,167242.85864494208,105472.86795606688,161123.71535264465,104714.728775392
2023-04-13,169533.6242606379,103579.20670761226,163330.6672947481,102834.67928589658,169498.2101510086,106895.22101509276,163296.5472273682,106126.85795785421
2023-04-14,168191.3860589178,102759.14538495049,162037.53938509867,102020.51256468637,168390.2768898503,106196.49522491495,162229.1514363193,105433.1546100196
2023-04-17,169413.68332971085,103505.92692885819,163215.11480556073,102761.92624225153,169637.23977227244,106982.90100934994,163430.4899816574,106213.90770814157
2023-04-18,170972.13301534695,104458.08602317302,164716.5433759127,103707.24121622516,170945.33421596582,107807.85983660036,164690.72338419379,107032.936729732
2023-04-19,168647.72211956597,103037.9510045446,162477.17885851508,102297.31412926098,168653.96202015408,106362.79007992908,162483.1887579845,105598.2541372914
2023-04-20,166893.1009493345,101965.93788810492,160786.7563961084,101233.00664397064,166878.16987923742,105242.87445833617,160772.36995378096,104486.38847137177
2023-04-21,165206.30372482864,100935.36286705593,159161.67631260876,100209.83939700773,165440.76787370248,104336.36692098634,159387.56014208778,103586.39691196928
2023-04-24,164586.1068340747,100556.44392264605,158564.1714078281,99833.6441222772,164510.45589837365,103749.65922580085,158491.28676386081,103003.90647284161
2023-04-25,162039.45405194504,99000.52676412892,156110.6964698194,98288.91089755582,161477.49296710684,101836.90013188768,155569.2949970851,101104.8962950278
2023-04-26,163608.01806372925,99958.86536344381,157621.86929973174,99240.36095824254,163524.5211946932,103127.87267146216,157541.4258021479,102386.58932146878
2023-04-27,168036.93096107148,102664.77863866853,161888.73554569317,101926.82412665311,168151.830447589,106046.11732344286,161999.4293602854,105283.85762519672
2023-04-28,169259.85355956363,103411.94223626786,163066.9134141405,102668.61711170767,169681.47211077943,107010.79644020142,163473.1039310764,106241.60262658169
2023-05-01,169088.4717917039,103307.23387746012,162901.8022237866,102564.66139666786,169204.47583601726,106709.97543348605,163013.56017164915,105942.94392184958
2023-05-02,168550.09734088177,102978.3056263772,162383.1260101994,102238.09748212017,168167.64515705436,106056.09097957812,162014.66543533775,105293.75959067224
2023-05-03,167023.36327592292,102045.52368420149,160912.25263803586,101312.02037730037,166315.74164753567,104888.17519585238,160230.52005331145,104134.23878787883
2023-05-04,166716.27937023374,101857.90599194322,160616.4044282755,101125.75128116603,165748.7373388105,104530.5899986772,159684.26150700953,103779.22391379869
2023-05-05,168825.0237418476,103146.27619056005,162647.993305537,102404.86067375158,168358.0507281289,106176.17157266746,162198.1043772689,105412.97704422414
2023-05-08,169427.77498741832,103514.53644648576,163228.69087264882,102770.47387465942,168799.63268513826,106454.6582944372,162623.52957104112,105689.4620028944
2023-05-09,168575.149796984,102993.61181440017,162407.26183806482,102253.29364925121,167824.57558615474,105839.73177689273,161684.1482202192,105078.95557835793
2023-05-10,169394.07588969354,103493.94745816963,163196.22476958152,102750.03288000796,168522.30578085803,106279.7601601144,162356.34960564875,105515.82103670239
2023-05-11,168480.4646432057,102935.7624458273,162316.0410586061,102195.8601019865,168115.53614517293,106023.22807007021,161964.46300717,105261.13289982201
2023-05-12,168615.9336173144,103046.98679714823,162446.5534453695,102306.28497258005,168119.80685040055,106055.23244910409,161968.57745426227,105292.90723131696
2023-05-15,170807.4372357981,104206.91869277171,164557.87354453467,103457.87927679822,171145.44784194187,107779.29382923078,164883.51517913915,107004.57605487919
2023-05-16,170604.06898006413,104179.34341001535,164361.9461993814,103430.50220519667,171008.49963702867,107792.85486470834,164751.5776855728,107018.03961360727
2023-05-17,174045.58846613843,106041.6015332219,167677.54613785862,105279.37441550511,174869.17323396573,109978.77181372463,168470.9955354133,109188.2441873287
2023-05-18,177250.42463057095,108161.4072918707,170765.1226088386,107383.94300864366,178987.03434683554,112741.96502544162,172438.1908296551,111931.57556084813
2023-05-19,177947.13404139713,108512.56728006387,171436.34056620277,107732.57885855726,179637.34343169373,113074.46970549758,173064.70616626737,112261.69019661505
2023-05-22,178024.83063370094,108617.19130892452,171511.19436775896,107836.4508498137,179323.2938428525,112936.43918864676,172762.1471394183,112124.6518433887
2023-05-23,177620.5720680579,108160.59897146616,171121.72695930794,107383.14049844684,178933.29956354992,112472.53061030565,172386.42211440593,111664.0778408139
2023-05-24,177309.51672504412,108279.57781616307,170822.05262059427,107501.26412311169,178784.1768299584,112699.48405463253,172242.75553829927,111889.39994334012
2023-05-25,183532.76183264446,112007.39424003958,176817.59940723336,111202.28499951375,186161.48535256766,117274.32368451617,179350.1403802976,116431.35561703739
2023-05-26,189010.11594484144,115223.49720567148,182094.5461253628,114395.27061442357,193063.57057695664,121489.76007798783,185999.6895690921,120616.49144548729
2023-05-29,189741.78044643567,115226.48157557762,182799.44022411422,114398.23353267642,193810.92613745696,121492.9067485253,186719.7006091624,120619.61549775081
2023-05-30,190762.88593755238,115871.28412722476,183783.18514179514,115038.40124306,194201.16839017943,121763.5838534221,187095.66453465182,120888.34697508946
2023-05-31,189720.6971871528,115443.42430722908,182779.12836667337,114613.61687979703,192347.918750017,120817.21124776882,185310.22227470545,119948.77689757224
2023-06-01,191519.7337990109,116730.5827318691,184512.34118262026,115891.5232086381,194316.7856638279,122255.31105973003,187207.05156092084,121376.53964527894
2023-06-02,191682.65705620634,116660.0220308826,184669.30334532761,115821.46969802745,194838.67037099862,122405.75604854632,187709.84135826337,121525.90323522207
2023-06-05,192261.65386791877,117567.1625536367,185227.11561431523,116722.08969396919,195033.33840265265,123110.13462787861,187897.38680429684,122225.21873995167
2023-06-06,193451.43229470684,117648.39200753073,186373.362001884,116802.73527048282,196101.3420748975,123107.4995744734,188926.31396493386,122222.60262731549
2023-06-07,188467.8208844556,115012.03052522165,181572.09275087886,114185.32395664409,191033.4540829102,120338.75478623701,184043.85172483546,119473.75958201953
2023-06-08,191831.83995292673,116970.77743516084,184813.02788479032,116129.991392208,194029.53406589504,122127.59443377955,186930.31003022153,121249.74104668501
2023-06-09,192085.48105540907,117204.87081290092,185057.38867576903,116362.40210655925,194457.38854492345,122479.83389821017,187342.5100120317,121599.44861315799
2023-06-12,195070.37750807524,119286.24698782168,187933.07266793202,118428.81734784873,198204.24529021795,125111.59401352402,190952.2753831059,124212.29163162767
2023-06-13,195642.41259385995,119621.67333743254,188484.17792911365,118761.83265258689,199029.22461926853,125617.2648834232,191747.070064701,124714.32773832731
2023-06-14,197772.2133215084,121270.27223814219,190536.0527449134,120398.58142306283,201384.4430450977,127467.49585049422,194016.11489155513,126551.25924159671
2023-06-15,199135.84809587308,121899.78855512303,191849.7943617439,121023.57277624728,202772.89379117268,128129.12493912013,195353.76449049375,127208.13253904256
2023-06-16,197501.05894991156,120562.10588256308,190274.81946658326,119695.50536782124,200864.2880809637,126568.93014730174,193514.99154877424,125659.15243043215
2023-06-19,198466.09291894443,120875.88330847488,191204.5444271133,120007.02736134145,201845.75553331242,126898.34105806268,194460.54870859202,125986.19553492377
2023-06-20,199558.28776693364,120855.46502940959,192256.77765881552,119986.7558488826,202935.17552037816,126863.46800943179,195510.1085960376,125951.57315383448
2023-06-21,198286.07547956312,120084.99435977814,191031.11353028048,119221.8233230486,201326.83124243154,125858.02313113396,193960.61101073807,124953.35541528375
2023-06-22,198635.61853867213,120296.68283149804,191367.86738274782,119431.99017786227,202006.80683734288,126283.104992428,194615.7074082102,125375.38178732936
2023-06-23,200434.9612820897,121386.39153984794,193101.37512940308,120513.86605913388,203590.5374992946,127273.16284539929,196141.49194955974,126358.32310252162
2023-06-26,197741.92985388412,119755.45168144067,190506.87729964912,118894.64939774992,200804.8198505574,125531.69145726929,193457.69916387871,124629.36941412758
2023-06-27,200631.26250473666,121505.27447783216,193290.4940126071,120631.89446646358,204251.09445431374,127686.10528338027,196777.88020348616,126768.2973094526
2023-06-28,200702.5532465642,121548.44921064969,193359.17634323862,120674.75885926663,204353.24546522915,127749.96425446385,196876.29367560137,126831.69726212743
2023-06-29,202455.22097031752,122609.89083337813,195047.71683256654,121728.57083875111,205508.74454067793,128472.31620560898,197989.51492541336,127548.85694603821
2023-06-30,205583.5438428564,124504.44966004226,198061.57950738125,123609.51157503454,208288.38072928798,130209.98581260217,200667.44876166963,129274.03618050567
2023-07-03,205459.38217867288,124429.25551084585,197941.96071463753,123534.85792144347,208096.80830756656,130090.2256885516,200482.8856622527,129155.13689246048
2023-07-04,203639.95265986107,123327.3819527752,196189.10113472064,122440.90463140079,206254.02326757237,128938.2218510203,198707.52511983042,128011.41366076122
2023-07-05,202754.54786310106,122791.16764842783,195336.09184578774,121908.54463590741,205217.03692095436,128289.95728144507,197708.48041148938,127367.80881817703
2023-07-06,201362.24016871586,121947.96541537665,193994.72640400412,121071.40334119041,203949.0718967102,127497.2980498565,196486.9081584274,126580.8472226918
2023-07-07,203256.8287165023,123095.35639845394,195819.99506742402,122210.54687695192,205571.9248315223,128511.81291082932,198050.38355251282,127588.06974886435
2023-07-10,203333.554999416,123141.82297573957,195893.9140616176,122256.6794524424,205498.90819324262,128466.16708362958,197980.03847387983,127542.75202395959
2023-07-11,203710.3663127829,123370.0255075156,196256.93846768947,122483.24166423517,205685.0030892901,128582.50297183084,198159.32446134905,127658.25168956944
2023-07-12,204903.14806032713,124092.39186168282,197406.07828943885,123200.4156484635,206892.4567515696,129337.33395992675,199322.5993644387,128407.65695105006
2023-07-13,207817.45586951543,125857.33998515861,200213.7563606941,124952.67732339811,209918.62617558407,131229.1220490549,202238.04618730687,130285.84686370213
2023-07-14,206055.33327772233,124790.17235382121,198516.10694142466,123893.18049385918,208142.9767636807,130119.0875674263,200527.36488989493,129183.79131209347
2023-07-17,208304.32243041022,126152.19361054615,200682.80927347907,125245.41154068752,210871.18714082715,131824.6086975931,203155.75450121282,130877.0531530487
2023-07-18,210654.386271881,127575.42720103206,202946.88813740152,126658.41492697217,212946.19761447294,133121.786597716,205154.84372761296,132164.90693589437
2023-07-19,207215.2836817098,125492.65555837088,199633.61666457445,124590.61424856554,209531.76538124384,130987.27880092879,201865.33999815528,130045.74198531544
2023-07-20,200076.31887915128,121169.19237026491,192755.8548631574,120298.22811735775,202019.26268504787,126290.89167619435,194627.70751677302,125383.11250039755
2023-07-21,200012.17298297252,121130.34466216338,192694.055960003,120259.65964661351,201921.43214824653,126229.73361848445,194533.45643967416,125322.39404692581
2023-07-24,201300.28456189096,121910.44417906128,193935.03765111222,121034.15180755204,203319.34561419208,127103.62918544163,195880.22253300445,126190.0080508425
2023-07-25,203461.66051297812,123219.40557873562,196017.3324047663,122333.70439162526,205645.63586333764,128557.89283316245,198121.39761795508,127633.81844862583
2023-07-26,200816.3774262726,121617.38282560595,193468.83588309173,120743.19697934274,202870.02247315575,126822.73804972507,195447.33939249685,125911.13596115756
2023-07-27,199041.27814688082,120542.3563193913,191758.68457191726,119675.89776452558,201248.50274446054,125809.05663298452,193885.14842469204,124904.74088841851
2023-07-28,204573.38382601342,123892.68174022401,197088.37958704107,123002.1410435195,206972.51565965544,129387.38221153598,199399.72904771715,128457.34545572904
2023-07-31,204393.60087699507,123783.80251425398,196915.17460095382,122894.04444151392,206789.19061794967,129272.77787789037,199223.1115701391,128343.56489825732
2023-08-01,204372.21561662175,123770.85128273103,196894.57179214654,122881.18630345367,206756.3778851693,129252.26523357077,199191.4994017076,128323.19969886511
2023-08-02,199341.94669153713,120724.44565875563,192048.35214817198,119856.67824557105,201258.92601517873,125815.57266584042,193895.19032494325,124911.21008401754
2023-08-03,200915.07086166154,121677.15303691992,193563.91828771785,120802.53756232937,202879.05543410272,126828.38494040917,195456.0418521427,125916.74226198041
2023-08-04,202986.65447752466,122931.73486383379,195559.70606026976,122048.10145405514,204939.06584781545,128116.1856607574,197440.6798463257,127195.28626823793
2023-08-07,205252.18689280993,124303.77496626381,197742.3463641044,123410.2793311175,207838.13580065852,129928.51842798966,200233.67756027274,128994.59198400297
2023-08-08,204585.62171733464,123900.09318909522,197100.1697140114,123009.49921889018,207058.04480270608,129440.8501412601,199482.1288189893,128510.42905786999
2023-08-09,201676.02706147853,122137.99942132719,194297.03234954615,121260.0713825522,204159.05288166774,127628.56615505034,196689.2062817906,126711.17177248938
2023-08-10,202067.07421876607,122374.82339176336,194673.77173338243,121495.19306209707,204624.21174374133,127919.35687808125,197137.34574014333,126999.87229123573
2023-08-11,200197.9852537829,121242.8753350222,192873.06966489708,120371.38144890465,202573.6634589199,126637.47133967633,195161.82367099568,125727.20094858216
2023-08-14,203337.88017757563,123144.44236791656,195898.08098860964,122259.28001642627,205883.25637016,128706.43958701295,198350.32397817998,127781.2974481198
2023-08-15,202158.03869834903,122429.91283256872,194761.4079720059,121549.88651995728,204445.3684007389,127807.55424620381,196965.04598322624,126888.87329689437
2023-08-16,199978.7838752177,121245.23681657971,192661.88850488162,120373.7259561308,202205.15680678876,126496.98058018349,194806.8000759399,125587.72003694269
2023-08-17,196534.01381700503,119998.52556737894,189343.15692736369,119135.97606839915,198986.40104615458,125043.02785450337,191705.81333624816,124144.21832629183
2023-08-18,195514.54083955273,119640.08994887945,188360.98479235254,118780.11688541579,198185.145405782,124714.24918414572,190933.87433227446,123817.80291765825
2023-08-21,199925.4528574159,122326.31944331623,192610.50878146058,121447.03776007063,202652.76724447182,127516.50317701131,195238.03317811518,126599.91430335515
2023-08-22,198098.8646827471,121356.36758650451,190850.7524691512,120484.05791799135,201032.20343080946,126596.82088489168,193676.763149972,125686.84268934582
2023-08-23,201322.63788290418,123122.21044785687,193956.57310081,122237.20789942594,204048.5778112384,128353.58301001575,196582.77331391597,127430.97720488657
2023-08-24,196045.16409528264,120103.88154188887,188872.19341434978,119240.57474407894,197889.49257207054,124620.25800441988,190649.0389533046,123724.48734671569
2023-08-25,197390.11471671192,120965.32249358954,190167.93450072454,120095.823657521,199779.15159839456,125835.71530178565,192469.5584393855,124931.2079346563
2023-08-28,199106.89621733592,121893.81158907618,191821.9017849083,121017.63877263719,201750.3986786266,126992.21933032598,194368.6808056166,126079.39900998284
2023-08-29,206365.30105429044,125344.84471066434,198814.7335059633,124443.86586535197,208650.65053486874,130668.5760987918,201016.46370621308,129729.33011882335
2023-08-30,205470.70826873768,125108.15460393259,197952.87240166246,124208.87708729913,207970.4199016532,130447.75883897312,200361.12160187215,129510.1000938991
2023-08-31,205643.47839774835,125882.05070127791,198119.3211553122,124977.21041886987,208226.69113255455,131054.6873747645,200608.0162866161,130112.66602619093
2023-09-01,204781.76466134182,125369.94515312671,197374.53124219264,124415.24309565601,207354.15288610285,130521.53882704102,199853.87058010587,129527.60682701459
2023-09-04,204441.07063065752,125615.65514149242,196826.39778827943,124624.24785624364,207009.1791906045,130777.34531836155,199298.85168816184,129745.19983073969
2023-09-05,204486.04598568016,126190.38301827636,196916.21129012818,125209.33434610585,207054.71950840033,131375.6894174438,199389.79340281713,130354.32818939588
2023-09-06,204079.4237035485,126053.9417017646,196778.0502281216,125053.52856641986,206642.98939661297,131233.6415720136,199249.8967744364,130192.12017315604
2023-09-07,204679.23720278137,126548.30034007723,197164.5268612153,125411.57003857307,207250.337517813,131748.3139691834,199641.2281629159,130564.87397629872
2023-09-08,204906.13975946594,126512.56404651277,197385.47959435094,125305.57938589483,207480.09033543727,131711.10923066083,199864.95642607156,130454.52804724812
2023-09-11,206419.90798947655,127801.2092833486,198373.97030773025,126403.53323763298,209012.87392834574,133052.70636631016,200865.86418607555,131597.59807053139
2023-09-12,205876.53967109308,126835.80491032974,197881.60569079246,125467.86659871042,208462.68003022263,132047.63242930817,200367.31466732765,130623.48382607072
2023-09-13,206915.70096535466,127870.41450544179,198448.10778289524,126329.72206080858,209514.89486116706,133124.75530971074,200940.93287295313,131520.75390856803
2023-09-14,209354.28929004856,128708.7194457698,200844.60831522272,127074.47043826792,211984.1157761302,133997.5071537375,203367.53730940772,132296.10484323162
2023-09-15,206487.5722480154,126910.78969670329,198604.43602607958,125471.27945887575,209081.38815876655,132125.69842586055,201099.22490565013,130627.03692453881
2023-09-18,203844.5475760004,126454.81417563165,195723.8473518073,125007.1592573916,206405.16284725472,131650.98635188586,198182.4513961572,130143.84549652308
2023-09-19,202977.86911313795,125674.63559354228,195318.57265918638,124334.49209014894,205527.59750940022,130838.74934428545,197772.08583573712,129443.53767092119
2023-09-20,200730.1646320849,124892.47985932817,192891.80921983524,123600.53662861676,203251.65824606872,130024.45394113018,195314.83838597516,128679.42314536593
2023-09-21,198383.35730686525,123359.5840123811,190972.62210584214,122298.78532643522,200875.37124750434,128428.56965992754,193371.54321694697,127324.18140279353
2023-09-22,198458.35741784578,122783.09562622767,191460.98198696587,121835.1355424171,200951.31348046855,127828.39271014296,193866.03769888423,126841.47972223214
2023-09-25,198537.11884387737,122943.10143495305,191310.85922863547,121932.36072751548,201031.0642766485,127994.97333958003,193714.02913769404,126942.70000067844
2023-09-26,197076.20215310107,121979.87906911591,190308.02519577247,121162.11432071621,199551.7961232851,126992.17107091723,192698.59789181128,126140.80329367197
2023-09-27,198314.4274023288,122670.12899414159,191513.2851350757,121796.33007365561,200805.57547253722,127710.78415062753,193918.99779370424,126801.07969265849
2023-09-28,201441.08185132133,124226.71948361112,194335.07894082926,123265.2949191201,203971.50572863495,129331.33671417017,196776.23783925205,128330.40597303832
2023-09-29,201082.13517594713,124236.81688945477,194483.56447403302,123405.40696505268,203608.05010588164,129341.84903390729,196926.58862794837,128476.27538216957
2023-10-02,202366.43892445334,125149.1758421027,195299.61967585539,124082.73229273652,204908.48676439602,130291.697853868,197752.8947014988,129181.43277732446
2023-10-03,201376.07786930745,125282.22504464065,194045.37514869252,124280.13365112635,203905.68514645591,130430.21419950215,196482.89474962922,129386.9455744334
2023-10-04,202605.61402408194,125655.03531581642,195110.12403904193,124456.86920899927,205150.6662763214,130818.3436688495,197561.0186464884,129570.94340381838
2023-10-05,201821.60772393105,125192.25232760128,194431.1086452994,124100.16312967704,204356.8115404828,130336.54440116185,196873.47372580488,129199.57986516843
2023-10-06,202075.28107620805,125959.40740168549,194346.10467480347,124847.90686621782,204613.67145227312,131135.22274999693,196787.40191829586,129978.04922752756
2023-10-09,201824.360984483,126749.22846559477,193648.38362030243,125566.27572489087,204359.59949487203,131957.49845996505,196080.9164672676,130725.93667483688
2023-10-10,201466.47788757348,126820.8247848954,193025.7553009979,125553.56930182461,203997.22081186573,132032.03675347756,195450.46679880732,130712.70812620917
2023-10-11,202248.40609986015,126323.06666982328,194220.25721974127,125031.56737189375,204788.97127267605,131513.82519118077,196659.9733797828,130169.25655664934
2023-10-12,200247.0434013538,125875.81197894842,192119.1157096487,124696.81286999202,202762.46823478618,131048.19229623696,194532.43811448666,129820.74663887387
2023-10-13,199970.03142011093,125701.68152750922,192016.01710239137,124629.89569889828,202481.97653766366,130866.90662644796,194428.04443809373,129751.07977433925
2023-10-16,197643.3213157545,125843.60380710155,188937.06781399532,124682.75799370208,200126.0392637618,131014.66065396713,191310.41860665075,129806.11422515703
2023-10-17,198296.57966519104,126523.98838300965,189234.52772059132,125241.85500865601,200787.5035273502,131723.00300614128,191611.61520941288,130388.18517950598
2023-10-18,197349.14854459304,126419.62030634526,188285.81108768212,125208.60424654238,199828.1711556997,131614.34632647203,190650.98109334643,130353.56812251818
2023-10-19,196075.94499902334,125739.09720842769,187261.49782072564,124722.29221623021,198538.9741133009,130905.85976026146,189613.80082519277,129847.2729868341
2023-10-20,192673.28778911408,124413.48457407537,184008.68944456804,123642.39290061453,195093.57406661997,129525.77619467559,186320.13200629654,128722.99936823736
2023-10-23,192185.76597184964,124098.6807484504,183356.9414049626,123204.45876050222,194599.92819148613,129198.03672171799,185660.19694716734,128267.06999933538
2023-10-24,191157.77031950004,123730.03224892128,182422.03246050337,122946.44055069986,193559.01926133072,128814.24003594893,184713.54402577545,127998.44953087301
2023-10-25,187813.44365848895,121040.61072897322,179854.20290726877,120541.51354465522,190172.6824680656,126014.30712611604,182113.45846882625,125494.70134769505
2023-10-26,183411.0277051459,119841.67503556813,175170.0172571606,119523.36537939965,185714.96509503073,124766.1058010954,177370.43202685082,124434.71633900804
2023-10-27,185140.4453987868,120104.97264997607,177113.22867797,119733.61184526487,187466.10708991424,125040.22261402081,179338.05326998088,124653.60203427741
2023-10-30,186494.96882702553,121051.26060112446,178064.64218864308,120454.5773742699,188837.64549583083,126025.39461362982,180301.41798089255,125404.19287155756
2023-10-31,185256.23513824854,121003.12749903607,176714.5323688845,120513.69799019609,187583.3512894835,125975.28366761781,178934.34860356626,125465.74283368578
2023-11-01,187862.27854671006,122705.30719942114,179200.41761812117,122208.9927695718,190222.51105086657,127747.66323808045,181451.82325959296,127230.95353944667
2023-11-02,189430.78412675593,123729.80216739673,180696.60331944964,123229.34389367038,191809.46337117837,128813.41223629378,182965.6051477398,128292.39182989651
2023-11-03,189176.83727056257,123563.93264189863,180454.3653191725,123064.14527182638,191553.1510835866,128641.28068562623,182721.11078347958,128120.9565114685
2023-11-06,187692.00498095743,122594.09024647428,179037.9949416358,122098.22566333371,190050.96621157284,127632.45893213757,181288.18792700977,127116.21520822846
2023-11-07,188702.92926352253,123254.39190792071,180002.30802788914,122755.85655812701,191075.3026341158,128320.37217451152,182265.29473984079,127801.34600092667
2023-11-08,188344.85710780715,123020.51124701045,179660.7456858479,122522.92189009613,190712.94236930812,128077.02202197813,181919.642007349,127558.980143376
2023-11-09,188268.7479531068,122970.79931292532,179588.14573437083,122473.41102922277,190635.58259463529,128025.06954596209,181845.84909985456,127507.23780308805
2023-11-10,191081.68914508744,124808.11767063955,182271.38922655926,124303.29786148816,193484.5496453425,129938.34932215435,184563.4573519036,129412.778805893
2023-11-13,192666.69385880444,125843.3893165161,183783.31332767225,125334.38207433195,195089.1438455112,131015.94607126949,186094.06769661998,130486.0169258374
2023-11-14,193654.96498742653,126488.89470148215,184726.017740389,125977.27654014203,196090.5515519105,131688.46108400056,187049.30297949232,131155.8117711639
2023-11-15,191552.45869501174,125115.60847023202,182720.45276715374,124609.54493230992,193962.2403850852,130259.15192020375,185019.12295741838,129732.28383176334
2023-11-16,192471.2779945819,125715.75026179706,183596.90760136687,125207.25928990402,194891.86932588753,130883.46249317392,185905.88901539752,130354.06921311877
2023-11-17,191481.53763795138,125069.28522662602,182652.80170307925,124563.4090554508,193888.62159646893,130209.71177684644,184948.89854839977,129683.04366233062
2023-11-20,192430.50291910727,125689.11735709211,183558.01256288448,125180.73410910452,194849.9389216123,130855.303306676,185865.89191797873,130326.02392400573
2023-11-21,191675.01710584707,125195.65949254352,182837.36031546094,124689.27216685373,194085.20967518425,130341.73436206838,185136.4224388002,129814.532246785
2023-11-22,193026.7924302282,126078.59356385331,184126.8086524497,125568.63497519048,195454.477096916,131261.29279134117,186442.5563386768,130730.3712752733
2023-11-23,193612.5219252382,126461.17232408641,184685.53162189852,125949.66629331539,196047.5732714214,131659.59817565107,187008.30632083068,131127.06560659112
2023-11-24,194796.42814987167,127234.4599585853,185814.85088447874,126719.8261591775,197246.30875413245,132464.63253205255,188151.77108607985,131928.84378554762
2023-11-27,195182.23179041134,127486.45389050871,186182.86608177185,126970.8008342529,197637.44183930583,132727.30563719643,188524.86999561364,132190.45443884263
2023-11-28,194334.86784854138,126932.98432971547,185374.57197700362,126419.56992911176,196779.38149274967,132151.05835928887,187706.37268165624,131616.53794765758
2023-11-29,192112.7758628996,125481.58875508046,183254.93510847774,124974.04491202273,194529.52422936112,130640.12252719772,185560.2507518152,130111.71350092303
2023-11-30,192929.38220740535,126014.96849016474,184033.88977195293,125505.26725012758,195356.57853950618,131195.54709239947,186349.17164073352,130664.89150245054
2023-12-01,196506.8248673591,128351.63343415345,187446.38547693394,127832.48092785983,198687.18825905913,133432.28346224557,189526.21521375942,132892.58079193297
2023-12-04,192522.1203488492,125748.9587736249,183645.40574153568,125240.33348102483,194858.75690835534,130861.22519885721,185874.3033292421,130331.92186350521
2023-12-05,196027.94695827062,128038.8465277011,186989.5874333852,127520.95917169869,198413.0682052045,133248.19275640236,189264.73415513412,132709.23469034105
2023-12-06,195532.73082750852,127715.38804563992,186517.20448279867,127198.80900397018,197657.74696488297,132740.94194306745,188544.23890225426,132204.03558901593
2023-12-07,198016.6654963385,129337.81043378472,188886.6111217147,128814.66907088434,200442.216271773,134610.90699267318,191200.32324134948,134066.43706326734
2023-12-08,198322.7941913495,129537.76337726264,189178.62498642047,129013.81325120927,201204.2202141747,135122.64570583732,191927.19307350522,134576.1059119067
2023-12-11,199898.7512992791,130567.1254320486,190681.9186442743,130039.01177588402,203592.2483868376,136726.37292570778,194205.11519497843,136173.3464267568
2023-12-12,202320.8091588192,132149.13197433454,192992.3014591879,131614.61946963624,206257.39002463885,138516.20113555924,196747.373767597,137955.93519620303
2023-12-13,204189.32430915302,133369.58307980475,194774.66403807228,132830.13413422712,208208.48412593905,139826.49669848583,198608.5077631276,139260.9309171734
2023-12-14,201613.2491337526,131686.9776189766,192317.365261444,131154.33442116174,204641.25804388625,137430.85596329274,195205.757620719,136874.9799936836
2023-12-15,201327.70578477252,131500.4703295601,192044.98760382616,130968.58151035465,204556.9490108474,137374.2365763386,195125.3358679115,136818.58961903097
2023-12-18,202663.92655478735,132373.24469032756,193319.59856814027,131837.8257018153,206243.5694666246,138506.91966839106,196734.19044120572,137946.69127041902
2023-12-19,203728.8745958638,133068.83284960358,194335.4445121947,132530.60036876114,207322.3980838153,139231.42821429932,197763.2769488564,138668.2693471279
2023-12-20,201072.35456217956,131333.6835192733,191801.40998898007,130802.46931392557,204119.40542225906,137080.39558613097,194707.96632806945,136525.9371475457
2023-12-21,204314.64374061528,133451.43750771112,194894.20530323434,132911.65748000963,208068.52271465337,139732.50286391558,198474.99962508716,139167.31726588556
2023-12-22,203478.9171601692,132905.56907908534,194097.0119901911,132367.9969622241,207138.39463964215,139107.8570875645,197587.7574467385,138545.19803696926
2023-12-25,201595.319469071,131675.26656644518,192300.26228886456,131142.67073711412,205220.9212850248,137820.14019737925,195758.69402871872,137262.68966324048
2023-12-26,203380.41591856326,132841.2313887077,194003.05239506517,132303.91950284093,207085.21399829982,139072.14258341116,197537.0288327571,138509.62798971013
2023-12-27,204744.61183909918,133732.27817470703,195304.34864551062,133191.36221182309,208213.95205234515,139830.16879185304,198613.72357702022,139264.58815777375
2023-12-28,202771.4563893058,132443.47955322693,193422.17047028674,131907.77648102888,206200.31497479233,138477.87126488928,196692.93030662034,137917.76036097886
2023-12-29,202186.0933016848,132061.14011794815,192863.79701409643,131526.9835198445,205672.1908145439,138123.1991127944,196189.15664042742,137564.52277556158
2024-01-02,199200.40997007184,130110.99241804855,190015.7760913252,129584.723713842,202252.41377666232,135826.58067909177,192927.05703277912,135277.19363129625
2024-01-03,194815.4065703684,127246.85602305994,185832.95425735944,126732.17208445429,197934.15590611074,132926.5697961795,188807.90331333768,132388.91262047214
2024-01-04,196972.75202035642,128655.96134331846,187890.82989144148,128135.57790141027,199649.7511835239,134078.71149876283,190444.39675116705,133536.39417682003
2024-01-05,198254.87004054838,129493.39761179453,189113.83264873526,128969.62693494426,201058.2171047755,135024.5944502409,191787.9218050539,134478.45125092068
2024-01-08,201920.51540765463,131887.6735906365,192610.46425411655,131354.21862429247,205433.80310274346,137963.10516303554,195961.76039426334,137405.07636873572
2024-01-09,202962.1728372047,132568.0491076284,193604.09345862968,132031.8421805542,206668.9917189501,138792.6203371701,197139.997529511,138231.23634618978
2024-01-10,202604.39241077052,132334.35899444993,193262.80939496038,131799.09728953382,206563.07077032587,138721.4870438498,197038.96033289807,138160.39077055937
2024-01-11,203658.53914477007,133022.8921040732,194268.35205325688,132484.84544286193,207920.73730750257,139633.25467126,198334.02823620933,139068.47050917346
2024-01-12,201881.47215835613,131862.171856407,192573.2211916264,131328.82003864695,205662.47826698475,138116.67646072802,196179.89191432655,137558.02650611155
2024-01-15,201490.1041262561,131606.5434515012,192199.89816298406,131074.22559118707,205263.78036501468,137848.92305429245,195799.5769829203,137291.35610016648
2024-01-16,201192.33249717244,131412.04906175652,191915.8560407474,130880.51788601505,205123.65333311344,137754.81799394506,195665.91086061977,137197.63167298405
2024-01-17,202364.14436256193,132177.43706851805,193033.63858481174,131642.81007629674,206335.64210579245,138568.75285751713,196822.01783953537,138008.2743586219
2024-01-18,206075.51305211135,134601.57798017128,196573.88532432262,134057.1459017487,210226.63238519747,141181.8237981229,200533.60421584288,140610.7760327221
2024-01-19,210761.2192746822,137563.05261981982,201043.54532427705,137006.64206523483,215259.07359172232,144457.5445711456,205334.01205046798,143873.2472742032
2024-01-22,209699.42589879473,136870.02408951783,200030.70859167093,136316.41667415918,214268.81828458127,143792.99720605073,204389.41495740792,143211.38784922435
2024-01-23,210272.6450832287,137107.9637005073,200577.49806974994,136553.3938747602,214868.38705441094,144052.27256435747,204961.33909958272,143469.6144987809
2024-01-24,214307.43234290942,139634.3661808117,204426.25135608506,139069.57764460126,219216.46630130606,146857.55008078952,209108.93920573074,146263.54531764248
2024-01-25,214807.19419071762,139983.75434208376,204902.97043204668,139417.55261201877,219849.37801521563,147306.54251773038,209712.66893160183,146710.72168420756
2024-01-26,213303.05962117083,138335.25490363972,203468.18775453532,137775.72097040905,218407.13855793278,145636.9357515068,208336.92755559337,145047.86809050507
2024-01-29,214516.7668255048,139122.3908021501,204625.9339479985,138559.67308727544,219843.82024449907,146594.935200899,209707.36741589682,146001.99265409316
2024-01-30,211370.97705809816,137082.2248986683,201625.1886977064,136527.75918038853,216163.61795680583,144140.92482530331,206196.8501202467,143557.90818187196
2024-01-31,210704.61178335216,136650.0613361548,200989.54786313087,136097.3436189764,214869.8197919179,143278.20210726716,204962.70577711973,142698.6749773372
2024-02-01,212978.6169562967,138124.84133138863,203158.70433142158,137566.1584721215,216957.6114216236,144670.3707765038,206954.23451734814,144085.21264687262
2024-02-02,216748.87737862105,140570.00052179894,206755.12745284993,140001.42756228123,221014.0272494458,147375.2456043073,210823.61908067454,146779.14688271776
2024-02-05,218449.06725757587,141672.63918393306,208376.92581863014,141099.60630746945,222690.47119929976,148493.12188540294,212422.76636147228,147892.5016132686
2024-02-06,218304.93594844852,141579.1644751167,208239.44004454464,141006.5096821107,222502.250525157,148367.613706466,212243.22407539017,147767.5010858352
2024-02-07,220274.86417941502,142856.7388542963,210118.5397999495,142278.91657005405,224569.53839205712,149746.11017979324,214215.19443041904,149140.4218603258
2024-02-08,220774.13166540794,143180.53306082383,210594.78730788565,142601.40110432153,225050.6002134515,150066.88893289398,214674.07568537866,149459.90313769475
2024-02-09,225037.35069032558,145945.39490373147,214661.43994072278,145355.07972410298,229493.14467852798,153029.23973839177,218911.78545299068,152410.2719205617
2024-02-12,226285.5471206813,146754.8983945381,215852.0851480499,146161.30896155685,231062.94918388117,154076.00734588873,220409.21016936027,153452.80559562263
2024-02-13,223712.7404290815,145086.3340985906,213397.9041535894,144499.49362012575,228330.6291066955,152254.05809019585,217802.8705884389,151638.22570252296
2024-02-14,229778.78846531286,149020.40003669824,219184.26185026753,148417.6471764658,234801.2005788784,156568.7256784069,223975.1000720731,155935.4414600492
2024-02-15,231282.8284819259,149995.82795345178,220618.954334445,149389.12971415295,236786.21638600054,157892.3619911957,225868.59172777474,157253.72397063964
2024-02-16,229625.59437785175,148921.04776685126,219038.13115994466,148318.69676344385,234928.64044022805,156653.7043609816,224096.66399776255,156020.07642354246
2024-02-19,228852.99096247405,148419.9846757005,218301.1505603271,147819.66035596377,234138.19427735175,156126.62380034642,223342.6633453156,155495.12778165037
2024-02-20,228015.07085538673,147876.56119265867,217501.864858683,147278.43489452594,233097.04559286096,155432.37129068893,222349.5194422017,154803.683362536
2024-02-21,225729.89465533008,146394.53635580916,215322.05243146748,145802.40450346458,230811.04740826992,153908.03571752252,220168.92295932147,153285.5133735741
2024-02-22,233054.6582770134,151144.9278622135,222309.0894785738,150533.58178103177,238441.41321733256,158996.07039638987,227447.47154194344,158352.9681310643
2024-02-23,233124.49289711332,151190.21830478744,222375.70419858527,150578.6890342988,238458.2976023293,159007.3291405372,227463.57742986042,158364.18133620018
2024-02-26,235755.21982435323,152896.34610580414,224885.13487113733,152277.91594515726,241119.1591045878,160781.62881868298,230001.75321336146,160131.30438325356
2024-02-27,237773.90809391742,154205.54324923526,226810.74646142134,153581.8176906253,243359.10799961112,162275.2580812844,232138.4236251068,161618.892261562
2024-02-28,238821.24614842495,154884.78234218544,227809.79437144886,154258.30941941624,244516.42938613705,163046.9761740454,233242.38379534293,162387.48893344507
2024-02-29,242690.10901615545,157393.88901859807,231500.2736255486,156757.26734286977,248596.74786605322,165767.78962469008,237134.56891880927,165097.297324095
2024-03-01,249156.72110525417,161587.73618280276,237668.7263660638,160934.15137066512,254901.93627044116,169972.17746940066,243149.04073737076,169284.6793941314
2024-03-04,253934.81197590928,164686.51226092715,242226.51138848826,164020.39362024088,259420.34859987698,172985.1180283298,247459.12029044484,172285.43330659874
2024-03-05,249263.73730139923,161657.1403104268,237770.80831242076,161003.27477473434,254014.73054055584,169380.57627570888,242302.74186136125,168695.47109019398
2024-03-06,253411.9103508963,164347.39040438106,241727.7194527127,163682.6434327344,257843.42970083893,171933.60644358542,245954.90920742296,171238.17484257917
2024-03-07,256693.12197292107,166475.38259976602,244857.64259379756,165802.02839459962,261487.18967606057,174363.31657535618,249430.66445516807,173658.05735983135
2024-03-08,251076.43978956674,162832.7477358921,239499.93161173307,162174.12714157652,255349.84270129356,170270.84774420684,243576.29531454394,169582.14161687798
2024-03-11,248667.98347787015,161270.77099540582,237202.52321122913,160618.46823373408,252552.7993029323,168405.7400724021,240908.21664412232,167724.5778734598
2024-03-12,252169.9967609334,163541.961577711,240543.0673996842,162880.47237834832,256774.85698071597,171221.06720327534,244935.60572288468,170528.51765840064
2024-03-13,253279.77547938118,164261.69584770114,241601.6769904334,163597.2954906061,257865.10003695052,171948.05652689692,245975.58037812918,171252.56647865177
2024-03-14,250027.87752208766,162152.71469364848,238499.7159341396,161496.8446748324,254935.78060007386,169994.74534191986,243181.32458897657,169307.1559848353
2024-03-15,249146.19802037964,161580.9115567,237658.6884743767,160927.35434858772,253603.14673000565,169106.12643231434,241910.1351586325,168422.13133282596
2024-03-18,251212.868876169,162921.22725655587,239630.07029355637,162262.24878315706,255760.08923699107,170544.40587401952,243967.62640084393,169854.5932674391
2024-03-19,248830.9229337914,161376.44351228751,237357.9499353881,160723.71332986138,253583.7657362995,169093.2029145492,241891.6477744363,168409.2600876958
2024-03-20,254090.13099065374,164787.24262801255,242374.66903099936,164120.7165564184,259271.20172170803,172885.6648032344,247316.85020459787,172186.3823467556
2024-03-21,254413.93204086777,164997.2400884286,242683.54042270407,164329.86462594653,259318.97076639137,172917.51787057184,247362.41673720896,172218.10657581603
2024-03-22,256498.641553898,166349.25455271837,244672.12918164747,165676.4105061684,261783.06288099475,174560.60896800456,249712.8956810749,173854.55175046425
2024-03-25,259564.2237857458,168337.40277817703,247596.36506571947,167656.51713444197,264965.3480437551,176682.60123827535,252748.4535744328,175967.9610536679
2024-03-26,258501.6575834338,167648.28764448,246582.79113978698,166970.1893111921,263729.9133646694,175858.79610914283,251569.98172165465,175147.48802540687
2024-03-27,257842.34307497097,167220.69677563893,245953.87597825367,166544.32794796998,263102.6196809598,175440.50790430233,250971.61099255676,174730.8916994375
2024-03-28,259478.21753532198,168281.6244100804,247514.32434890853,167600.96437687177,264573.8972076902,176421.5763439506,252375.05156471237,175707.9919445612
2024-03-29,258880.87132229956,167894.22236910198,246944.5202793299,167215.1292870504,263964.82020283496,176015.43527544197,251794.05758862649,175303.4936225717
2024-04-01,261510.32107435836,169599.52187279117,249452.73266406177,168913.53125085143,266562.97049671283,177747.91824243934,254272.41362189598,177028.96909738428
2024-04-02,261148.6642633885,169364.97349255692,249107.75094627574,168679.93156426592,265846.43226247886,177270.12052267778,253588.9131869648,176553.10395869327
2024-04-03,264280.0691332589,171395.81023558986,252094.77455076517,170702.5540449883,268933.17047365895,179328.40074882578,256533.32956150165,178603.05891823053
2024-04-04,260214.5560857467,168759.16833865453,248216.71216601157,168076.576751318,264449.0169490261,176338.30444025836,252255.92922478236,175625.05685642525
2024-04-05,264979.5410161697,171849.4447094331,252761.9955304074,171154.35367288737,269516.8271113101,179717.59116082318,257090.07524041363,178990.67514518692
2024-04-08,265269.75076770474,172037.65691804097,253038.82443440155,171341.80460688422,269822.1274049585,179921.16966812176,257381.29889537513,179193.43022459265
2024-04-09,263722.8415127648,171034.42664804406,251563.23930551336,170342.63217000655,268228.66408341227,178858.62603097392,255861.3062120984,178135.18433026545
2024-04-10,260786.79071028926,169130.2845466985,248762.56247979918,168446.19188061153,265289.5216050813,176898.7647045197,253057.68029754894,176183.2501887764
2024-04-11,267922.1036843356,173757.8100066473,255568.88397593272,173055.0000763059,272749.6102032573,181873.25615679854,260173.80272879568,181137.62097572166
2024-04-12,259927.84327119536,168573.22402845317,247943.218963962,167891.38454260599,264142.4248471875,176133.86453718462,251963.4733236996,175421.44386539067
2024-04-15,257198.59446929116,166803.2009946654,245339.8090145645,166128.52084033279,260929.1084900964,173991.18023237283,248898.3150073522,173287.42622213138
2024-04-16,260263.83485811358,168791.12752174746,248263.7188171401,168108.40666694805,263688.9268988995,175831.46576032072,251530.8850400798,175120.26822151334
2024-04-17,253682.4502639422,164522.8459646496,241985.78544539225,163857.38931606748,256863.9781892311,171280.49447201888,245020.61777370257,170587.70455761155
2024-04-18,254427.28472880393,164357.16710796775,242696.27745151578,163692.38059182873,257178.55454682157,170814.87948145543,245320.68979632398,170123.97287180182
2024-04-19,246562.63601320272,159276.69240741298,235194.2480651047,158632.45522986347,248406.15936581485,164988.36090471092,236952.7679812151,164321.02121269444
2024-04-22,249021.5466165642,160865.12102807377,237539.78443577344,160214.4590261771,251947.476411206,167340.4607731468,240330.80368832796,166663.60738214463
2024-04-23,254583.50790479226,164458.08552428236,242845.29756665177,163792.8908166201,257924.78719432908,171310.51816320218,246032.5155088437,170617.60680992051
2024-04-24,250699.00375125877,161948.73948863833,239139.8982074108,161293.6945020876,253759.74420915332,168544.1470837724,242059.51231674184,167862.42506053817
2024-04-25,251310.96318468504,162224.62857425574,239723.64171826185,161568.46768051764,253973.71100642404,168561.96759226714,242263.61363612465,167880.17348920504
2024-04-26,254388.44817984742,164408.65596968745,242659.23155893057,163743.66119307766,257798.14850723863,171305.42432065756,245911.71581725715,170612.5335707887
2024-04-29,254439.45196198532,164430.61558494507,242707.88368393364,163765.53198679874,257996.73514579455,171425.91883068776,246101.14611886497,170732.54070844446
2024-04-30,251022.8757696877,163040.78273112435,239448.83729516307,162381.32068363606,254344.37057015792,169852.02788704654,242617.18300747068,169165.01578899936
2024-05-01,249356.92045157883,162524.50446926148,237859.69502004684,161867.13064727077,252645.81048477095,169307.12866967786,240996.93931125,168622.3205627116
2024-05-02,251551.4158882068,163806.3220126978,239953.0077475778,163143.76353685826,254866.00071059485,170640.26262292248,243114.76207698538,169950.06229800286
2024-05-03,252810.8371208468,163660.23188318138,241154.36020956287,162998.2643079393,256171.89501526207,170508.0820106163,244360.44483691288,169818.41632564715
2024-05-06,256781.6115373075,166195.68042217012,244942.05212516044,165523.45754726123,260202.08124884553,173154.02562844974,248204.80918748063,172453.65771461226
2024-05-07,254454.01003480793,164893.4373585735,242721.77052034222,164226.48175399206,257859.1986810722,171807.7233329866,245969.95111912137,171112.80089999575
2024-05-08,255237.46167710025,165620.83566400784,243469.09916219878,164950.93790245312,258628.03976806975,172548.90239017748,246703.34285210763,171850.9820596316
2024-05-09,256479.05196007813,165932.6505164108,244653.44281512065,165261.49153629743,259902.68396091048,172884.80947708478,247919.21636529217,172185.53048020214
2024-05-10,255564.5592063636,166029.51887126025,243781.11504052888,165357.96808118033,258956.80574941984,172972.97916400872,247016.95025016027,172273.3435411714
2024-05-13,256883.1090282355,166268.103363957,245038.86982002814,165595.5875550921,260299.0454466253,173225.6747872178,248297.30260679702,172525.01706913425
2024-05-14,258347.4874146397,167578.609483451,246435.72937280597,166900.79298211928,261776.98011969042,174587.08234867812,249707.09338079498,173880.9180524469
2024-05-15,262244.7743713357,168930.4579624785,250153.32215204998,168247.1735484507,265726.15011728177,175995.56628611655,253474.17695290394,175283.70499870452
2024-05-16,259212.7785937507,166977.33444848057,247261.1241346363,166301.94996482582,262678.7623566993,173977.22245966073,250567.29667736814,173273.52490537596
2024-05-17,260121.48268862162,167129.87788330842,248127.93015100044,166453.8763969371,263571.6108642013,174117.61175190544,251418.9781565256,173413.34635546178
2024-05-20,262839.98055756645,168876.53183963182,250721.08486613267,168193.4655442293,266320.19047748396,175933.34644505233,254040.8275866959,175221.7368224811
2024-05-21,263473.5201958032,169283.5855027062,251325.4135723952,168598.87276990566,267007.81929854286,176387.59979844643,254696.75154973104,175674.1528263113
2024-05-22,263216.71150267706,169118.5841153624,251080.4456873457,168434.53877479906,266783.1061163755,176239.152389866,254482.3993345832,175526.3058531033
2024-05-23,262852.19845787383,168884.38192631153,250732.73942954178,168201.2838791341,266419.9820517261,175999.26959407065,254136.0180191644,175287.393327636
2024-05-24,266849.88403920736,171452.9229638233,254546.10170334592,170759.4357655189,270491.5999746284,178689.0144659767,258019.90374670326,177966.25880474973
2024-05-27,267246.41792002576,171707.6987647021,254924.35239631156,171013.18105753677,270893.545376452,178954.5429619734,258403.31644380616,178230.71329950314
2024-05-28,269435.7171238261,173114.33886531682,257012.70847634543,172414.13162608907,273076.4289148517,180396.57409420534,260485.5526408673,179666.91174992415
2024-05-29,267563.041234979,171911.13146628518,255226.3770002192,171215.79092115464,271155.3948393873,179127.52290839222,258653.09267799987,178402.9935821182
2024-05-30,267434.4749498817,171828.52672596872,255103.738585742,171133.52029780127,271011.4332092217,179032.4206508078,258515.76876124225,178308.27599113047
2024-05-31,267452.1086281064,171839.85648796248,255120.55921906148,171144.80423354276,271121.1476126124,179104.89890379773,258620.42450583898,178380.4610863803
2024-06-03,268799.98274886305,172705.87506849546,256316.48496106637,171947.07778460352,272487.5125305462,180007.53100257413,259832.75658626397,179216.65318493257
2024-06-04,267356.45299405645,171615.4353133707,254996.7768394709,171033.82472026112,271024.1797200898,178870.98965475254,258494.94409283763,178264.78964384258
2024-06-05,271244.6762293412,173968.59601539132,258468.5277031225,173276.2176450286,274965.743509607,181323.63724334797,262014.32209200456,180601.98642739846
2024-06-06,269247.00236180105,173490.31962589145,256605.99459050642,172708.50145811075,272940.66455059993,180825.14029310498,260126.2378908758,180010.2683360499
2024-06-07,267546.3228792724,172481.22633588442,255492.80321072796,172045.62373258552,271216.654314359,179773.3845748158,258997.77522955765,179319.36548380856
2024-06-10,270143.41598715686,174768.59811278107,257499.60400837316,174127.39477449824,273849.37562201236,182157.46181527353,261032.10621242633,181489.14957668658
2024-06-11,270343.5094596925,174691.14702716324,257854.9242419603,174124.04314534646,274052.21407202136,182076.7362540267,261392.3009222072,181485.65625790984
2024-06-12,273647.3026505171,176705.23894887723,261098.86015731792,176037.01984888932,277401.3302927275,184175.97991841377,264680.7387749798,183479.50977735355
2024-06-13,273347.7946213467,176704.2110440576,261440.53100499025,176249.44302531012,277097.713472989,184174.9085558523,265027.09687957424,183700.91379411472
2024-06-14,273427.8098972286,177057.5524788942,261459.15260245127,176416.5560490198,277178.8264342255,184543.18855362668,265045.9739611009,183875.0920165699
2024-06-17,274319.30788273667,178109.5811757995,262382.4711163358,177565.61554563243,278082.55442935723,185639.69490118822,265981.9589813286,185072.73142650342
2024-06-18,277338.17135609203,179972.0703057987,265075.5493951894,179290.8431652883,281142.8321495934,187580.92631371148,268711.9821825077,186870.89818143065
2024-06-19,276520.7249035409,179397.08788295757,264383.0061888077,178778.0719949625,280314.17156646086,186981.6347941586,268009.93834830326,186336.44808790213
2024-06-20,274237.4715182301,177894.446277214,262370.60438025,177112.26447725832,277999.5953323647,185415.4645331622,265969.9295086886,184600.2135558414
2024-06-21,271727.11978344596,176410.38041766066,260026.88255859085,175806.66776114466,275454.8053777175,183868.65536342512,263594.0553737127,183239.41885680685
2024-06-24,271088.365616564,175903.79998905718,259333.88421290027,175163.6552864691,274807.28846256796,183340.65773641344,262891.5501067926,182569.22107138613
2024-06-25,272516.5757344691,176727.0638010295,260891.51877317845,176112.7013373081,276255.09146570915,184198.72748127958,264470.5530618519,183558.39088828635
2024-06-26,272666.2237756908,176824.11059114643,261139.17981599114,176279.88291327827,276406.7924519848,184299.87721387405,264721.61166379537,183732.6405824692
2024-06-27,272508.7412454155,176541.97799159866,260568.84565317884,175804.49106888656,276247.14951334597,184005.8166172685,264143.4533391705,183237.15011836914
2024-06-28,271352.69983537175,176077.971844668,259405.73323997264,175365.9110662428,275075.24896233855,183522.19322665787,262964.3847891569,182780.0278420785
2024-07-01,272647.8275721615,176918.36689255983,260643.83980904383,176202.9075495912,276408.4758618854,184411.68337743153,264238.9130963973,183665.92088675717
2024-07-02,275892.39173143264,179023.73115475793,263745.55409193283,178299.75770125238,280097.0756080013,186872.60967994732,267765.11316939484,186116.89518137887
2024-07-03,281559.66235239425,182701.16468476964,269163.3092563068,181962.31965957026,285408.2814497879,190416.0915033387,272842.4801151399,189646.0471327043
2024-07-04,280221.06419088156,181832.5621260438,267883.6461543308,181097.2297367956,284051.38608474436,189510.81044184283,271545.32540479087,188744.42703588706
2024-07-05,283096.8878578097,183698.65448098557,270632.85464733996,182955.77559877775,286925.6835168867,191428.45796092128,274293.0748253425,190654.31957131225
2024-07-08,282244.49851412105,183145.54781593394,269817.9938302571,182404.9057016667,286359.6832850815,191050.8390937221,273751.99414538813,190278.22779817658
2024-07-09,283403.4243370303,183897.56284486147,270925.8951079849,183153.87957558047,287136.1016597475,191568.84281640413,274494.228792101,190794.13670918866
2024-07-10,286126.24713455245,185664.37451163685,273528.83896924846,184913.54624132256,289790.786982179,193339.97153313557,277032.03506604023,192558.10296560902
2024-07-11,280119.76749984553,181766.83174664082,267786.8092979851,181031.76517159207,282941.9423368859,188770.62189112205,270484.7276457619,188007.23181426045
2024-07-12,279752.0759534421,181528.24048959996,267435.3062716331,180794.13877957343,282719.1489532074,188621.98063545368,270271.7432885902,187859.19166515433
2024-07-15,283189.3087630163,183758.62545438917,270721.2064960459,183015.50404906756,286401.3675485111,191078.649620029,273791.84315662953,190305.92585846726
2024-07-16,284561.1182331164,184648.77848916306,272032.6186974825,183902.0572975864,287727.8880528863,191963.66545929993,275059.960334235,191187.36268579875
2024-07-17,276125.3715266089,179174.9093440308,263968.27638153767,178450.32452467404,279402.05981126096,186408.91538601826,267100.6971519668,185655.07607130587
2024-07-18,273777.7642078696,177651.57113651675,261724.02821947203,176933.14670950483,276726.80697281647,184624.0646217301,264543.2288974772,183877.44325941143
2024-07-19,271709.17069076985,176309.28211089462,259746.50959369726,175596.28591183445,275051.6494421332,183506.4483142257,262941.8242958536,182764.3466022125
2024-07-22,277053.17033128004,179776.948431556,264855.22657356045,179049.9289611363,280588.45014279004,187200.4404559271,268234.85373212886,186443.40020677962
2024-07-23,277668.37444952276,180176.14804695096,265443.3448251269,179447.51420997587,280668.48279538925,187253.83591040786,268311.36275041813,186496.57972956667
2024-07-24,266816.13133823645,173134.2392759682,255068.89827165756,172434.08297646433,269035.86687915673,179492.89342662002,257190.9013514376,178767.0225663328
2024-07-25,261480.5655229611,169672.04557762874,249968.24379723606,168985.8904181543,264383.87473144516,176389.21977716679,252743.724596053,175675.90020077143
2024-07-26,264142.66232431296,171399.45277099955,252513.13527290383,170706.31196250906,267264.0693920061,178310.8017552611,255497.11160504233,177589.7112842252
2024-07-29,263124.9238075364,170739.05273071642,251540.20518467863,170048.58258546583,266008.4659610309,177473.09972156404,254296.78920231413,176755.3969250163
2024-07-30,258906.28887253173,168001.62397559683,247507.30597545538,167322.22401493453,261607.01299830034,174536.57851817916,250089.12102828178,173830.75103954208
2024-07-31,267796.8486279737,173770.61662336407,256006.4370829528,173067.88680858962,270856.9281047217,180707.85242920727,258931.78587903705,179977.06826388836
2024-08-01,259939.84966127487,168672.29092518115,248495.36172140765,167990.17878181263,262939.2785704851,175425.42729934008,251362.73033296084,174716.00530831242
2024-08-02,257314.3202371405,166968.61192622315,245985.427654697,166293.3894748557,259907.12761490862,173402.46450766455,248464.0772784645,172701.22339619085
2024-08-05,248220.6243621367,161067.80634288336,237292.10399236443,160416.44679823268,250074.29423340448,166842.28450378132,239064.15856292954,166167.5728186941
2024-08-06,251772.82936059427,163372.79557676372,240687.91447371445,162712.11463653503,254324.601883886,169677.96595766308,243127.33596871115,168991.78675151066
2024-08-07,247852.32686139547,160828.82188831439,236940.02169029706,160178.42879877996,250261.47961630867,166967.1691385863,239243.10264911182,166291.95241892323
2024-08-08,256566.6786367112,166483.47499281453,245270.70280516456,165810.21443922917,259829.05555042648,173350.37710046396,248389.44252857982,172649.3466309291
2024-08-09,256357.67097561233,166347.8520744186,245070.8972177758,165675.13998104,260074.32247374457,173514.0120471307,248623.91097255205,172812.31983641352
2024-08-12,257978.07192913172,167399.31356215745,246619.9560542844,166722.34934980227,261264.0076951282,174307.73537157115,249761.21737694155,173602.8333366579
2024-08-13,261541.94512511592,169711.87416922415,250026.92101221354,169025.557942595,265176.2341040107,176917.85886928966,253501.19839903826,176202.4014716956
2024-08-14,260644.4649501679,169129.50852822806,249168.95459805225,168445.5473930809,265054.4098089154,176836.58124831677,253384.7377180684,176121.4525381461
2024-08-15,266889.30542616744,173181.72118789426,255138.85069131444,172481.3728711448,271356.0513748916,181040.85293571444,259408.934020025,180308.72211338015
2024-08-16,268683.0914644988,174345.69047120813,256853.66091001235,173640.63505302364,272704.8488162511,181940.73129841912,260698.34733769085,181204.96135996818
2024-08-19,267683.6846709633,173697.18569730956,255898.2554460558,172994.75283780904,271808.5545717153,181342.74988731748,259841.51465102233,180609.398191021
2024-08-20,265559.14078373584,172318.5910528304,253867.24980210568,171621.73324150537,269859.1615775638,180042.17166700528,257977.94847648244,179314.07952061982
2024-08-21,264563.4146400264,171672.47461469125,252915.36293836017,170978.22970360055,268836.8361494164,179360.10592145842,257000.63343893833,178634.7720550251
2024-08-22,262131.50348802286,170094.43251814676,250590.52262557656,169406.56922238186,266796.8866128654,177999.11101394927,255050.49769643278,177279.2810230483
2024-08-23,267748.4880348852,173739.23593264897,255960.2056833107,173036.63302164804,272335.98091610405,181694.63338048113,260345.71975379682,180959.85866420306
2024-08-26,262399.60284326307,170268.39942819483,250846.81825067793,169579.83260880294,266811.24574651994,178008.69100964518,255064.22463392286,177288.8222771563
2024-08-27,263642.3556068535,171074.8088954679,252034.85578290353,170382.9809495025,268355.02325914084,179038.65439616918,256540.0335458082,178314.62048256828
2024-08-28,260764.17676260218,169207.18829022069,249283.3958050159,168522.91301747182,265663.16683469474,177242.7262029596,253966.69271901457,176525.95503897363
2024-08-29,261832.83523383614,169900.62976444836,250305.00397210522,169213.55020862672,266522.9337388774,177816.337636611,254788.60627130014,177097.24678287646
2024-08-30,262296.0632857839,170201.21367585965,250747.8372755724,169512.9185562074,267809.21497920674,178674.50701107134,256018.25581739703,177951.94571274027
2024-09-02,262458.5889068598,170306.67487727464,250881.01158950105,169602.9483123004,267975.1566957887,178785.21849052946,256154.229295542,178046.45750809633
2024-09-03,261167.95538272595,169469.19607768243,249798.36770935985,168871.04918258605,266657.39557030785,177906.04665369802,255048.82954152164,177278.12152990498
2024-09-04,262576.57591368613,170383.23543067471,251166.51118866264,169795.95444478132,268095.62362747616,178865.59051817626,256445.72975439165,178249.0722539192
2024-09-05,264289.84099456563,171494.95549410718,253928.56927910796,171663.18701284772,269844.89961875137,180032.6565035333,259265.8429912956,180209.26308497952
2024-09-06,255914.1605738614,166060.06274311768,246570.0494783048,166688.61103548075,261293.17242624136,174327.19323060772,251752.65593748484,174987.03293400546
2024-09-09,258430.06553143964,167692.60755491827,248610.18911660585,168067.8054808173,263861.95871211664,176041.0126123687,253835.67685716774,176434.88915986108
2024-09-10,259617.07742310513,168462.8473445602,251464.15788742382,169997.1723741315,265073.9200906944,176849.59793998953,256749.6326370023,178460.30761717726
2024-09-11,260649.86760495338,169133.01425526815,252705.2309321005,170836.174282305,266128.4183822051,177553.1284827841,258016.79154962677,179341.07837826546
2024-09-12,263715.2326747812,171122.0980741733,256315.64117540652,173276.91787625846,269258.21375307033,179641.23678398007,261703.08827505814,181903.33188894048
2024-09-13,260399.24324933861,168970.38669247515,252756.4468637016,170870.7977595665,265872.5262199772,177382.40468622753,258069.08399296895,179377.4255598721
2024-09-16,257929.11781909043,167367.5477444053,250394.05561832397,169273.7517426332,263350.48167002003,175699.7700290947,255657.03811049205,177700.87223532595
2024-09-17,257833.75593531728,167305.66840030352,250067.25635422586,169052.8258210333,263253.1154154584,175634.81010030862,255323.36992123106,177468.94774497324
2024-09-18,258414.34610331483,167682.40737992668,250547.59753680526,169377.5505989076,263845.9089103358,176030.30465214772,255813.8073040484,177809.83861716505
2024-09-19,263821.38433792285,171190.97879496682,255501.75213845243,172726.70493111803,269366.596605957,179713.54666625764,260872.09229177254,181325.72717230415
2024-09-20,261365.73561478336,169597.53363302196,253454.17752935083,171342.48422667803,266859.3330694485,178040.77347073008,258781.48011613687,179872.5944525404
2024-09-23,261977.98020646832,169994.8128421183,254080.87367227598,171766.14926558486,267484.4463551901,178457.8308455655,259421.3486622534,180317.3512235694
2024-09-24,264652.94861401385,171730.57228816373,256323.67828675642,173282.3512000968,270215.63943055924,180280.00330640303,261711.29434797,181909.03572688234
2024-09-25,262085.85850083994,170064.81395613163,254198.66926296367,171845.78255210677,267594.59214371775,178531.31690714875,259541.62018585825,180400.94897940513
2024-09-26,262538.3137760891,170358.40752370856,254231.6902583428,171868.1057169291,268056.5574611133,178839.52670996782,259575.33524180236,180424.38347936262
2024-09-27,259810.10528652213,168588.10113684082,251991.13870982145,170353.42692132265,265271.00525924837,176981.0874234016,257287.6899845318,178834.29794685994
2024-09-30,260120.572128336,168789.5598725187,251806.35560783933,170228.50810544295,265587.9977920218,177192.57560734582,257099.0229608309,178703.1601736874
2024-10-01,261681.51860844085,169802.4419648719,253085.13315739253,171092.9993687143,267181.753514299,178255.88299949837,258404.6788795655,179610.689249801
2024-10-02,261451.67445928438,169653.2984640024,252740.51582406752,170860.0279078567,266947.0783139516,178099.31454186316,258052.81810353644,179366.11954318202
2024-10-03,262894.7260871107,170589.67980109234,253388.48193724654,171298.07207271937,268420.4611740963,179082.31266683564,258714.40368666407,179825.97128850844
2024-10-04,264431.9703901345,171587.18179488275,254826.56165074863,172270.25628774936,269990.01652766456,180129.47427793694,260182.71010962423,180846.5546997736
2024-10-07,264849.20003514766,171857.91781384242,255277.0925257323,172574.82842024686,270416.0158445654,180413.6886129075,260642.7106028301,181166.28964419564
2024-10-08,265680.36621120444,172397.2529840278,256311.00043356817,173273.7805981793,271264.6521470508,180979.87403333842,261698.35001389432,181900.0384410155
2024-10-09,266460.75840360095,172903.64143921528,257114.2164709607,173816.7782814651,272061.44725700794,181511.47252023697,262518.4486882967,182470.06870827285
2024-10-10,267790.0825301089,173766.22617215407,258752.51229355385,174924.31447943836,273418.71219875076,182417.000152541,264191.1795226427,183632.74246243617
2024-10-11,268848.30007031217,174452.8926337831,259400.99232483152,175362.70606806246,274499.1722155476,183137.85160218712,264853.2898258105,184092.95892766042
2024-10-14,268060.53261368396,173941.71844560484,258868.75829409112,175002.90019740767,273694.846822059,182601.22912947193,264309.86887458176,183715.24048995183
2024-10-15,267128.5603198153,173336.9712239285,257984.23754748068,174404.9381375528,272743.28557682195,181966.37518541786,263406.7565635633,183087.50950088716
2024-10-16,268854.6207227029,174456.99404001335,259606.7010394623,175501.77121402096,274505.62572054897,183142.15719273489,265063.3222907117,184238.94728959454
2024-10-17,271013.9217153613,175858.1422121898,262504.6655359786,177460.88051288552,276710.31265698833,184613.06009468558,268022.1985225328,186295.58883999745
2024-10-18,272247.92815804546,176658.8762819186,263714.7116866298,178278.90732744648,277970.2564503352,185453.65789172327,269257.67839085846,187154.34028237226
2024-10-21,271249.8519704114,176011.2349244835,262625.4436480479,177542.53007164953,276951.201885951,184773.77437119957,268145.51524554845,186381.3032384863
2024-10-22,274067.05652477214,177839.28994108865,264770.6112521789,178992.7265132995,279827.6207360298,186692.83723852885,270335.7716978845,187903.69622588746
2024-10-23,272446.0045330387,176787.4060013587,263492.067828092,178128.3935257347,278172.49615561473,185588.58633188796,269030.3548256525,186996.33330507443
2024-10-24,273682.0535414118,177589.46547092358,264080.36771985685,178526.1015686948,279434.5254469568,186430.57551243796,269631.02007500886,187413.84083594842
2024-10-25,273291.2231987403,177335.85968732642,263859.7581070517,178376.96297697464,279035.48031439696,186164.34422409028,269405.7735129391,187257.27753206433
2024-10-28,274297.42858898727,177988.7760006019,264645.665928093,178908.25979655376,280062.8349475837,186849.76530873982,270208.20017305756,187815.0244200897
2024-10-29,273967.30981060467,177774.5653257101,263839.9911265524,178363.59991633217,279725.7774643297,186624.89037432248,269385.59105423593,187243.2492051232
2024-10-30,273919.074181472,177743.26572281882,263784.1341423043,178325.8389508757,279676.5279795282,186592.03255268952,269328.56002322375,187203.60834864515
2024-10-31,273910.92415913084,177737.9772572712,264762.51416394033,178987.25264331902,279668.2066533914,186586.48080628947,270327.5044185701,187897.94984489182
2024-11-01,275077.64779871417,178495.05220911693,264602.9193777921,178879.36187034057,280859.45343898085,187381.24596087995,270164.55514157785,187784.68784019345
2024-11-04,273162.3960561229,177252.26508147074,262741.5479358962,177621.01998766986,278903.9453781592,186076.587946216,268264.0599061679,186463.700694651
2024-11-05,278293.4743440972,180581.76892967592,267847.1804008787,181072.57781412223,284142.87284116994,189571.84774074133,273477.0066372998,190087.09079525154
2024-11-06,284031.2480856649,184304.95120842886,271190.1156337347,183332.50042810276,290001.24777606264,193480.38484413878,276890.20635624224,192459.52134381834
2024-11-07,293663.2842090256,190555.08023373384,279834.12687027804,189176.10645342126,299835.73786553426,200041.67015531837,285715.9043336151,198594.04531490064
2024-11-08,293517.64145687653,190460.57415206285,280017.24989889865,189299.90301084565,299687.0338756126,199942.45918495685,285902.8763884957,198724.00495724598
2024-11-11,301993.3389519194,195960.36695236113,287387.5999346846,194282.4765752743,308340.88047137007,205716.05354901357,293428.14233544027,203954.63084753306
2024-11-12,301381.7697616565,195563.5260042906,286195.0777176838,193476.29645566372,307716.45682265895,205299.45627991593,292210.5547328164,203108.3158756931
2024-11-13,304083.83794633066,197316.8702165725,287752.6916658413,194529.2893317134,310475.3192732269,207140.08894188338,293800.90785656817,204213.73092446916
2024-11-14,300492.18040667096,194986.28063508842,284305.91793177044,192199.16883451003,306808.16935537185,204693.47333995454,290281.68707575207,201767.60776290213
2024-11-15,297288.6196508578,192907.52305903714,281345.06017527805,190197.54184068984,303537.27355508995,202511.22694247589,287258.59564312064,199666.3318176118
2024-11-18,297966.5857119659,193347.4482526757,282442.1749586081,190939.22372689913,304229.48965805856,202973.05336227492,288378.77046233503,200444.9375775065
2024-11-19,302040.16979844536,195990.75500628888,286927.92495471187,193971.722758655,308388.6956467019,205747.9544411495,292958.8055391341,203628.40647017132
2024-11-20,301741.22786430013,195796.77466448452,286891.63705746416,193947.19107201087,308083.4703079443,205544.31698627686,292921.75491384236,203602.65349861275
2024-11-21,302254.41235961154,196129.77479741623,286685.97700691817,193808.15882440607,308607.4413321984,205893.89519049946,292711.7721358866,203456.69967284324
2024-11-22,303978.49779276,197248.51607598062,288308.8173834011,194905.24668589042,310367.7649946667,207068.33186026028,294368.7226691962,204608.40493077808
2024-11-25,298181.78232389275,193487.08711751443,282511.0636035448,190985.79447855742,304449.2094473302,203119.64400528825,288449.1070639016,200493.82680637666
2024-11-26,299719.8585086363,194485.12891078403,282693.877739464,191109.38221542365,306019.61416778463,204167.37228923413,288635.763733527,200623.56723224607
2024-11-27,298706.8934643725,193827.82632764507,281950.96351708216,190607.1503340198,304985.3578006773,203477.34656875874,287877.2343459068,200096.3322505986
2024-11-28,298155.4439982221,193469.99644928568,281940.1329858543,190599.82857612194,304422.3175213176,203101.70249560845,287866.1761699124,200088.64598647674
2024-11-29,302586.1104897427,196345.0102973896,286954.04234543163,193989.37888352567,308946.1113633001,206119.84596986757,292985.47188605816,203646.94158714978
2024-12-02,302274.0726719243,196142.53217156432,286658.12488562916,193789.32997061027,308480.1324928906,205808.95844139153,292543.5662131451,203339.78390393962
2024-12-03,302413.3347713508,196232.89791340777,286790.1924888356,193878.61155767992,308334.3263772124,205711.68084831088,292405.292669525,203243.67339006544
2024-12-04,306239.7495127672,198715.8190249866,290418.92870532104,196331.74404891272,311928.5121393159,208109.61689095193,295813.797171845,205612.84040990123
2024-12-05,303463.58495574264,196914.39443991886,287786.1851184956,194551.93189156018,309716.3713388092,206633.74098802492,293715.93902611575,204154.6711958742
2024-12-06,306035.7225310977,198583.42801816866,290225.4420742167,196200.94139116514,312390.8858034581,208418.09913082529,296252.283889087,205917.62166174315
2024-12-09,302821.73394257127,196497.90392888203,287177.4931249506,194140.43818757177,308328.0925195823,205707.52180009097,292399.38086273335,203239.56423965388
2024-12-10,299182.9905821912,194136.76084334176,283726.7328946523,191807.62270157936,304131.6967084418,202907.8087549776,288419.7774247024,200473.4405009318
2024-12-11,304689.30499875237,197709.75155025334,288948.58256151166,195337.746777259,309432.3740690908,206444.2662824464,293446.61349968135,203967.46969609798
2024-12-12,303652.0906057376,197036.7138144912,287964.9522740119,194672.78375055455,308700.6325587104,205956.06966218853,292752.67490057944,203485.13017104694
2024-12-13,303533.45277952135,196959.73095109282,287852.44346204854,194596.72448206227,308724.86554651294,205972.23720574882,292775.6559743182,203501.10374595207
2024-12-16,308260.65342759556,200027.1627589233,292335.42958704726,197627.35505559877,313522.23596187844,209172.90300054412,297325.18672826,206663.369839669
2024-12-17,307044.5977270124,199238.07674084156,291182.1972115269,196847.73602529336,312182.70468509506,208279.20675292338,296054.85773301014,205780.3956326997
2024-12-18,297875.5906195557,193288.4024745092,282486.8752434425,190969.44243516357,301897.67665276065,201417.33565033608,286301.17034035246,199000.84921380988
2024-12-19,299380.39751915145,194264.85617133786,283913.9414828326,191934.18121752128,304193.86889941,202949.2882297295,288478.7377030132,200514.42232940215
2024-12-20,302620.0435207907,196367.0290917083,286986.22234342457,194011.13350936086,307652.7725718116,205256.96800285875,291758.94900004193,202794.4159212322
2024-12-23,300509.54051238636,194997.5454288689,284984.75119637285,192658.08010228435,305739.74333741225,203980.65062378495,289944.7498489375,201533.4110455498
2024-12-24,306016.0478808292,198570.66134026894,290206.78384692024,196188.32788032305,311722.69044602854,207972.298652731,295618.6085492529,205477.16963493894
2024-12-25,304288.77633105527,197449.85262344504,288568.7458264914,195080.96596420102,309963.20842423575,206798.423501112,293950.0241215182,204317.37794526678
2024-12-26,303599.9171271086,197002.85898162375,287915.474158273,194639.33508796708,309147.40127063874,206254.14073251357,293176.3628418539,203779.62516041432
2024-12-27,298757.5630172617,193860.7052785914,283323.28357807884,191534.8790883744,304240.05021164904,202980.09905600396,288522.53321640857,200544.86350554915
2024-12-30,294441.0612692434,191059.77175658796,279229.77901046927,188767.54951170465,299728.10283150716,199969.85919600012,284243.6800971297,197570.73872853408
2024-12-31,295025.6548230253,191439.10849200955,279784.1715538523,189142.33518912358,300101.089096509,200218.70476700214,284597.3973081228,197816.59879709576
2025-01-02,295488.11434781377,191739.19371406335,280222.7397017571,189438.82016600267,300223.7815962892,200300.5616288502,284713.75132140476,197897.47358857855
2025-01-03,300331.16819243657,194881.80146778416,284815.5938673425,192543.7247688519,305627.383821461,203905.68762775007,289838.1950013733,201459.34741134284
2025-01-06,301216.9338061424,195456.5656506565,285655.5994545524,193111.5932706846,307181.2169743661,204942.3598445531,291311.7547025367,202483.5822461155
2025-01-07,297402.80380054825,192981.6159776134,282038.51332536817,190666.33658137824,302894.29591296066,202082.25098944348,287246.30269030156,199657.78729071585
2025-01-08,295972.3260029137,192053.39366941768,280681.9362311576,189749.25053595245,301204.35302244656,200954.7703205542,285643.66489352565,198543.83347012402
2025-01-09,295971.84178963053,192053.07946840595,280681.4770330843,189748.9401045388,300985.4143298768,200808.70080250723,285436.03691635636,198399.51640803128
2025-01-10,293029.8714234592,189734.7446700635,277891.4934225776,187458.4193172097,297350.5305283521,197955.63092627647,281988.9368990062,195580.67598199216
2025-01-13,293106.73261147534,189784.51173924466,277964.3838423164,187507.58931050202,297689.8288768822,198181.5125432898,282310.7065639992,195803.84760454547
2025-01-14,293951.3542620633,190331.39821344143,278765.37102740695,188047.914563935,298391.4306804184,198648.5910026127,282976.0625206678,196265.32233190507
2025-01-15,301051.57811983785,194928.74234839607,285498.7862996686,192590.10248051546,306089.15908655943,203773.21170071323,290276.1142338024,201328.4608523702
2025-01-16,300077.3098961057,194297.9106459078,284574.85028464085,191966.83912403707,304418.33748588694,202660.89303917025,288691.6098911185,200229.4871343001
2025-01-17,306167.7318917105,198241.4153017833,290350.63162635436,195863.03194125657,311058.9660444076,207081.7690124306,294989.1731886553,204597.32404420254
2025-01-20,304867.33588038833,197399.41819077331,289117.41609146143,195031.13661405092,309737.7953376488,206202.22398403243,293736.25622765615,203728.3312784712
2025-01-21,305613.36610130745,197882.4674198319,289824.9052331743,195508.39050389166,310711.0793633051,206850.16987142307,294659.2588777875,204368.50349313687
2025-01-22,308223.62973065494,199572.5944394083,292300.318591759,197178.24037817825,313271.51304060646,208554.7313636607,297087.4165453716,206052.61466160812
2025-01-23,309785.332731537,200583.78595610743,293781.34159152856,198177.30021657006,314943.13276795414,209667.5813633158,298672.6777822579,207152.11334310894
2025-01-24,310852.29701715213,201274.6376952829,294793.1848459989,198859.86352480113,316197.6340165352,210502.74242968214,299862.36953359685,207977.25463941589
2025-01-27,301479.9047943527,195206.08080481234,285904.9849533262,192864.11359401018,306186.1137957862,203837.75751000477,290368.0601110593,201392.23227909842
2025-01-28,307503.8027489369,199106.51162020827,291617.6789892374,196717.74934523596,312392.8956331453,207969.80803116233,296254.1898878281,205474.70889437952
2025-01-29,306054.3230707387,198167.98390181756,290243.081681108,195790.48152783728,310934.4730038214,206998.89006699395,294871.1116533223,204515.43943148747
2025-01-30,309257.2189736381,200241.83607732912,293280.5110101048,197839.45285038013,314402.9251019361,209307.94807405342,298160.3780894528,206796.79472200965
2025-01-31,308334.5731843658,199644.42953171616,292405.5305344439,197249.2136354957,313926.1089266819,208990.51650048073,297708.194983819,206483.17150529756
2025-02-03,309823.039985625,200544.31505224874,293817.1008303408,198138.3028612926,315597.1800232306,210103.00125930118,299292.9359330317,207582.30932790795
2025-02-04,316870.177604932,204842.96267664144,300500.172381615,202385.37785154599,322746.0751180597,214747.44827116802,306072.50792239857,212171.03500291414
2025-02-05,313301.3920764763,202868.30483652896,297115.75585305475,200434.4107893797,319306.8219994252,212804.4124600389,302810.93200078484,210251.31058982393
2025-02-06,315741.20088572794,204473.93767307993,299429.52035213105,202020.7801919214,320288.31029864575,213554.35301238432,303741.715078872,210992.2537975908
2025-02-07,313880.5208210766,203119.42089660268,297664.96590778104,200682.51410734837,318290.78775717324,212027.52674440396,301847.3876771325,209483.74549094975
2025-02-10,317491.1678324408,205153.74368804618,301089.081290065,202692.43029601543,322167.8744039667,214327.7701820263,305524.17796182435,211756.3919640418
2025-02-11,313936.48432694114,203682.73013979476,297718.03825206566,201239.0650990984,318774.8169765365,212686.70306821613,302306.41118973144,210135.01340588223
2025-02-12,317265.37431810424,205331.1729559379,300874.95261915744,202867.73087239344,322391.0310191734,214565.48925472822,305735.8059571479,211991.25902346976
2025-02-13,319471.79598282586,207024.299018395,302967.38711585547,204540.5438088163,325030.8034229465,216560.58527781654,308239.2035884642,213962.41906079103
2025-02-14,316329.7131756308,205713.83697680652,299987.62918364437,203245.8039164547,321912.26923687157,214779.14260156843,305281.77775757055,212202.3490834256
2025-02-17,317296.5356392247,205979.07821613984,300904.50409806,203507.86294812878,322423.47952978715,215095.63376954268,305766.57812693575,212515.04317697114
2025-02-18,317510.2411994077,205409.34802801785,301107.16929728864,202944.968046152,322159.8283232444,214636.7229403465,305516.5475542207,212061.63808932767
2025-02-19,316020.7655927926,203750.74814846905,299694.64231248636,201306.26706789626,319862.7230330438,212629.13370452178,303338.1143172671,210078.1347254704
2025-02-20,312613.26465507725,201159.26993200567,296463.17816236167,198745.87987577723,315872.6696731479,209604.1357629933,299554.1933566147,207089.4289256914
2025-02-21,303851.0582091393,196604.55782029676,288153.64090218284,194245.81250861872,306531.32806879334,204264.94007062534,290695.440074615,201814.28975522562
2025-02-24,296004.56383409124,192787.0278090488,280712.5086059367,190474.08296667857,298735.2056002647,200232.54599168792,283302.0774902989,197830.2739629288
2025-02-25,289386.6026424302,189657.20056727997,274436.4415618855,187381.80554275084,292375.3381723589,196872.28488503458,277270.77076410234,194510.32728780736
2025-02-26,290498.49558524153,191519.838485691,275490.8923893827,189222.09663204398,293951.38038792775,199003.1334370918,278765.3921730049,196615.6111752953
2025-02-27,285175.13860703394,187742.34961942787,270442.5482956236,185489.92784509136,287608.5307024277,194483.00283386512,272750.22402601613,192149.71043395594
2025-02-28,289782.5196387566,191185.56731415642,274811.90487163636,188891.83584850564,293251.6910575858,198462.5118422793,278101.8498881732,196081.47563962432
2025-03-03,289528.9745982768,191018.2896175436,274571.4583615022,188726.5650508529,292245.0731989265,197781.26800025965,277147.23548300465,195408.4049595567
2025-03-04,284203.6106557802,187504.85227228978,269521.21098634455,185255.27985078772,286008.186003289,193560.3603749389,271232.5556378676,191238.13729525762
2025-03-05,285795.18233688636,188554.90020186384,271030.55960395536,186292.72992577296,287762.417984237,194747.56336782675,272896.16125008155,192411.09692661726
2025-03-06,276010.6775804139,182099.52085363324,261751.5375507833,179914.7984044979,277537.25995628355,187827.53320911442,263199.2508837084,185574.0892096669
2025-03-07,277276.9068906091,182934.92241381455,262952.3514893633,180740.17731039645,278102.7776116918,188210.25582523545,263735.5530122529,185952.22014549476
2025-03-10,268810.4098178378,177349.10568463686,254923.24679713108,175221.37590969293,269199.679387949,182184.9496103241,255292.4027721652,179999.20200200108
2025-03-11,272449.39509689575,179749.94568662127,258374.23644821288,177593.41205198274,272503.20919594576,184420.66331167202,258425.26706171574,182208.0929285475
2025-03-12,275290.16642559104,181624.15976538436,261068.24912060142,179445.1404176964,275025.01851984934,186127.33586658287,260816.79577042867,183894.2898324067
2025-03-13,272772.18697938195,179962.9093576338,258680.35240100988,177803.82071071008,271772.0204880533,183925.82030812206,257731.8527064604,181719.1867595924
2025-03-14,277663.438374687,183189.9386279062,263318.9141569967,180992.13399063976,277111.7201284711,187539.54270235213,262795.6951091826,185289.55384320416
2025-03-17,279140.8386390974,184164.66135463762,264719.9896305159,181955.16257005662,278907.249815341,188754.69454157414,264498.46492321795,186490.12700711843
2025-03-18,276740.8880433603,182581.28111229613,262444.02420777583,180390.77878824805,275985.68504527415,186777.48144968605,261727.83276013122,184536.63535213267
2025-03-19,282038.92975671694,186076.69247073436,267468.3608625607,183844.25426663592,281478.17766264634,190494.60879919142,266936.57461556484,188209.1667993344
2025-03-20,281336.01799505303,185612.94267625728,266801.7626135692,183386.06826816467,280703.0669365641,189970.0409063367,266201.50732229796,187690.89236277042
2025-03-21,284288.68449059274,187560.98018984846,269601.8897747984,185310.73437875733,283942.0935772694,192162.10111482226,269273.2007790983,189856.65352532358
2025-03-24,290476.27748121845,191643.27776147766,275469.82210710057,189344.0549563396,290618.7730342306,196680.64479658418,275604.9525292583,194320.9863841463
2025-03-25,292168.2901668883,192759.5921810493,277074.42279107403,190446.9764951321,292401.2808684957,197886.98390034516,277295.3732199678,195512.85254260353
2025-03-26,286393.9267781842,188949.92504956145,271598.37197804014,186683.01549876688,286736.216107214,194053.06574553947,271922.9745675783,191724.9314773231
2025-03-27,288023.92573644203,190025.32558077533,273144.1626600179,187745.51400985825,288066.0107078066,194953.02432963537,273184.0698985631,192614.0928889468
2025-03-28,281381.4737459224,185642.9323510262,266844.87004979193,183415.69814453647,280767.90682433324,190013.9222798689,266262.99748001917,187734.24727345564
2025-03-31,284110.4376620934,187443.3808913433,269432.85145413544,185194.54596714652,283546.16317501856,191894.1492340947,268897.72476088395,189591.91637327528
2025-04-01,283257.9043180783,186880.91745761738,268624.36130598077,184638.8306373405,282695.3230557205,191318.33033039764,268090.8403733378,189023.00580527927
2025-04-02,286801.4303756817,189218.77772765697,271984.8233071609,186948.64264129486,286231.81128196145,193711.70216040904,271444.628084769,191387.66337121747
2025-04-03,279114.72086443304,184147.4300131047,264695.221140631,181938.13795997744,278560.36841878964,188519.93731639787,264169.50396232854,186258.1862607158
2025-04-04,259660.1377503265,176885.63026635733,246245.69198774782,174763.46099561563,259144.42424029665,181085.70903005352,245756.61783747384,178913.14946209508
2025-04-07,263002.9572120237,177770.5381343351,249415.81620730454,175637.75226188288,262480.60449594195,181991.62868253025,248920.44580146388,179808.20042471593
2025-04-08,260468.7411365755,177146.08388878257,247012.52166794296,175020.7898493803,259951.42165154245,181352.34701989646,246521.92449986015,179176.5884865469
2025-04-09,283707.3033165649,185978.9791564702,269050.5436546451,183747.71325897778,283143.82949851133,190394.97586390623,268516.1762715796,188110.7292012627
2025-04-10,271005.5389045972,182097.4016330921,257004.97210797286,179912.70460911255,270467.2921836454,186421.23182987928,256494.52870758178,184184.65980521787
2025-04-11,272139.52799314243,182805.03781674724,258080.3775600175,180611.85099197633,271599.0290454982,187145.67055257005,257567.7982724829,184900.4071392463
2025-04-14,271792.1416838597,182282.2401770145,257750.93776668792,180095.3255694055,271252.3326835229,186610.4592913292,257239.01278699393,184371.61702715472
2025-04-15,273788.53756215086,183111.27478408776,259644.19673508604,180914.4139091372,273244.7635006587,187459.17899459877,259128.51151084222,185210.15429183355
2025-04-16,271721.0523784069,183272.97689959517,257683.5210451002,181074.17601821208,271181.38456922706,187624.72066236584,257171.72996328506,185373.7098882749
2025-04-17,271645.76334959257,182781.05313819565,257612.12156437858,180588.15406742552,271106.2450726807,187121.11636738933,257100.47229069044,184876.14754070205
2025-04-18,271645.76334959257,182781.05313819565,257612.12156437858,180588.15406742552,271106.2450726807,187121.11636738933,257100.47229069044,184876.14754070205
2025-04-21,268706.02596653055,182599.9516853673,254824.25557760778,180409.2253628159,268172.3463304572,186935.71473277142,254318.1433477459,184692.97024558263
2025-04-22,273787.36510807223,184258.2466630158,259643.08485180503,182047.62509720415,273243.5933752025,188633.3852634769,259127.40183589782,186370.2731262152
2025-04-23,279496.33379680954,185578.3663873493,265057.1193565785,183351.90680513988,278941.2234260316,189984.85070431296,264530.68340402655,187705.52448152247
2025-04-24,288207.80389218073,188935.27387555988,273318.54138481413,186668.5401008936,287635.39158642216,193421.46662238127,272775.697234718,191100.90990805067
2025-04-25,285761.0042503703,187578.2554083783,270998.14721044025,185327.80233942304,285193.4515570364,192032.22629276023,270459.911647808,189728.33686480182
2025-04-28,290545.62263259344,189740.61798694398,275535.5847803175,187464.22216950473,289968.567162432,194245.93330858726,274988.33731008193,191915.485129065
2025-04-29,288143.4754744647,188636.67402644266,273257.5362730084,186373.52267632433,287571.1909319985,193115.77663890304,272714.81328654755,190798.88741275796
2025-04-30,285924.3833521371,187868.70436052716,271153.08589421154,185614.76665666944,285356.50616998965,192329.57183947146,270614.5426043476,190022.11503495992
2025-05-01,280789.5879921974,185363.5639590661,266283.5620328339,183139.6814494651,280231.9090767585,189764.9478780151,265754.69021468394,187488.2599196788
2025-05-02,286619.2263112583,189358.69794811463,271812.32446920226,187086.88418162585,286049.9691210952,193854.9447307132,271272.47185066214,191529.18740161954
2025-05-05,283426.5321878932,187249.40329287585,268784.5666242047,185002.89559728466,282863.61603810306,191695.56571489348,268250.72750414786,189395.7153420516
2025-05-06,280300.1963338605,185987.90527183577,265820.11382215336,183756.53228408555,279743.4894633855,190404.11392632214,265292.1624689991,188119.75763059355
2025-05-07,278653.62382754777,184335.79758906123,264258.12595039036,182124.24561306342,278100.1871874631,188712.77760534047,263733.2768967523,186448.71296557118
2025-05-08,277107.8230008405,184016.69080699407,262792.50399504736,181808.96728560826,276557.45651955676,188386.0937599658,262270.5658463947,186125.94848035902
2025-05-09,279075.54243840015,184902.70698617285,264658.11216383404,182684.35356621357,278521.26780949585,189293.1480400511,264132.46868851135,187022.1204579953
2025-05-12,278832.9105464629,184741.95017735907,264428.01497255114,182525.52542260126,278279.1178111015,189128.5741249082,263902.8284984755,186859.5210036528
2025-05-13,289073.40952978417,191057.91452775494,274139.2856038261,188765.71456480562,288499.2780234409,195594.50853053364,273594.81135503354,193247.88094062477
2025-05-14,289472.42804985394,190841.53023170558,274517.84796452796,188551.9263196794,288897.50406316726,195372.98627565027,273972.62184445024,193029.01637914492
2025-05-15,290662.2775551039,192804.94287189026,275646.3103314157,190491.78309518175,290084.99040422065,197383.01936613375,275098.8429466533,195014.93427773373
2025-05-16,291113.7978751446,193074.41245592627,276073.9439502076,190758.01974237728,290535.6139049508,197658.88739800107,275525.62723262224,195287.4926076078
2025-05-19,290149.82225393644,193120.69147134904,275160.1556414398,190803.7435295191,289573.5528798564,197706.26529019288,274613.6538195264,195334.30208778332
2025-05-20,291084.048374104,192550.87665927506,276046.1179440623,190240.76501885848,290505.9235244723,197122.9204526,275497.8564923384,194757.955877609
2025-05-21,286481.26442035474,189907.12770637224,271680.8284442944,187628.73420370923,285912.2811781102,194416.39673491323,271141.23699298984,192083.903435708
2025-05-22,285504.65077588434,188488.68472376282,270754.4777953043,186227.30886185143,284937.6071783081,192964.27338923645,270216.72619002045,190649.20180975393
2025-05-23,287451.50682719296,189957.92685246034,272600.515865524,187678.9238916596,286880.5965383586,194468.40208647083,272059.0978021865,192135.28485772017
2025-05-26,285536.45205454703,188649.91907504643,270784.43754759553,186386.60881866116,284969.34527826915,193129.3361859047,270246.6264385686,190812.2842803095
2025-05-27,286118.3942226448,189184.81812865665,271335.8700580482,186915.0904694964,285550.13160529744,193676.93620427055,270796.96373641345,191353.3145165225
2025-05-28,285934.32978406106,189354.64415649336,271160.98989093164,187082.87902500082,285366.4327096463,193850.79468342604,270622.43090276065,191525.08714415287
2025-05-29,285070.6363488937,188909.57849188978,270341.7954927231,186643.15299525321,284504.4546534981,193395.16111207087,269804.8635251143,191074.91999574314
2025-05-30,283628.33915405866,188485.38819045975,268974.15601292,186224.0518784069,283065.02203224145,192960.89858106448,268439.94034508104,190645.86749054052
2025-06-02,287055.6671041056,190763.0210992422,271767.5722414359,188158.07147481802,286485.5429314764,195292.6129751393,271227.80850630975,192625.8096085557
2025-06-03,287888.01420156565,191316.15787761172,271777.74335381214,188165.11343671838,287316.236895922,195858.88376576718,271237.95941760915,192633.0187790242
2025-06-04,284030.1595727546,191174.49972572082,266888.29124948225,187990.83056196122,283466.0443913273,195713.86199754087,266358.21836492827,192454.5976271285
2025-06-05,278677.4945628689,186528.6416392997,263173.66358275095,183939.17491009415,278124.0103637208,190957.68986323162,262650.9684044018,188306.73703268982
2025-06-06,279866.769742673,188364.5485617283,263344.9082829953,185394.44201464136,279310.92351202504,192837.1896635294,262821.8729916655,189796.55887244878
2025-06-09,285642.7631711427,191651.05661480618,268680.1187898548,188318.8825976861,285075.4451813487,196201.7345399471,268146.48711600923,192790.4391272031
2025-06-10,286765.429699614,191854.5229138802,269984.273313008,188521.33852770206,286195.8819704383,196410.03206516756,269448.05142830394,192997.70229228394
2025-06-11,288373.67775809346,192302.58883703523,272033.90116074885,189192.2017371463,287800.9358711331,196868.73713501726,271493.6084637194,193684.4948802548
2025-06-12,286477.79296332365,190567.9201243429,270674.8116525156,187646.5190451318,285908.81651238806,195092.8794053807,270137.2182739637,192102.1105710753
2025-06-13,284623.7481802254,189260.64002313677,269350.64100684185,186649.11735806544,284058.45406644285,193754.55845940375,268815.677593623,191081.02597996427
2025-06-16,287411.18813941017,191660.63521521856,270558.1200056553,188197.21597024478,286840.357862846,196211.54058040713,270020.75839102815,192665.88357436642
2025-06-17,284286.2324469088,190034.59760493258,267720.52747442113,186815.65691902945,283721.60867654823,194546.8933553907,267188.80166663724,191251.51995617853
2025-06-18,286430.34176337614,192412.70251022687,267275.1317319451,187758.8180843617,285861.45955575013,196981.46541347477,266744.2905347407,192217.07610606597
2025-06-19,284676.8690064911,192690.2758056417,264973.27572421613,187985.8814183456,284111.4693888966,197265.62957611654,264447.0062954027,192449.53096807766
2025-06-20,284040.5533600377,192557.04482373648,263902.2190863891,187624.5036773092,283476.4175354041,197129.23507766722,263378.0769074407,192079.57245715105
2025-06-23,286797.99224367173,196886.119856728,264877.4632161789,191653.77757760836,286228.37984169694,201561.10227124937,264351.3840827593,196204.51985428474
2025-06-24,295133.948929861,198383.40853429527,273032.14105624874,192030.9963904083,294547.7803997431,203093.94347147385,272489.8657323367,196590.69557688665
2025-06-25,295305.461967676,198180.77183064044,272381.84352925397,191194.12899365608,294718.95279377373,202886.49524008506,271840.85977599997,195733.95709859085
2025-06-26,295764.2745714766,199331.10259714304,271841.5756235994,191901.63834565738,295176.8541452072,204064.14015198397,271301.66490867856,196458.2659771133
2025-06-27,293298.80157413485,198725.78272755467,269455.03726607305,191544.996373061,292716.2778487978,203444.44720344245,268919.8665090775,196093.15568355375
2025-06-30,295149.4287914562,199772.40107621215,271180.2659469549,192537.77815038324,294563.22951662814,204515.9170874862,270641.66867417214,197109.51066701196
2025-07-01,286686.47950505425,194044.23922255897,263404.5950009554,187017.0578194131,285079.8302815139,197931.57152996756,261928.41889786292,190763.61275653375
2025-07-02,291616.4347533604,197381.08795435267,267934.1872851636,190233.06482229425,289695.1807225404,201136.01978943162,266168.9554608455,193852.01407695774
2025-07-03,292142.53368145163,197737.17892325192,268417.56158074795,190576.2601966399,290626.3441500929,201782.52866515494,267024.498850476,194475.1100684604
2025-07-04,292730.32790166046,198135.02845726814,268957.62087752856,190959.70187779795,291203.21067598526,202183.04839999607,267554.517887224,194861.1252504144
2025-07-07,291180.28986013477,197085.8825294478,267533.4618335826,189948.5500629835,289629.4672745202,201090.39479370866,266108.5786200031,193808.04135977654
2025-07-08,295181.29908681114,199793.97254071452,271209.54804723046,192558.5684188305,293892.31400194636,204050.0989268199,270025.23839286773,196660.56179781724
2025-07-09,299225.8990891103,202531.5670438131,274925.68501813256,195197.0227812137,298354.8679146454,207148.46021076446,274125.387075591,199646.71801120712
2025-07-10,302056.91738671076,204447.7466722749,277526.7955741907,197043.80925528886,300920.80467004335,208929.99590882106,276482.9434017247,201363.7365918662
2025-07-11,302805.6332572234,204954.5163034703,278214.70803167264,197532.22656568215,301017.1531335447,208996.89086514432,276571.4673800196,201428.2089923265
2025-07-14,302267.31716538814,204590.15612617214,277720.10873142944,197181.06144674914,300632.2191899238,208729.6303566724,276217.7940277758,201170.62714346248
2025-07-15,306786.1138386227,207648.71146569512,281871.9327367329,200128.85326508488,305003.0581513179,211764.31374230105,280233.6759556015,204095.41151080685
2025-07-16,309388.36407264613,209410.04903487372,284262.8535439069,201826.40518074247,307121.3370181941,213235.0395549462,282179.9288133983,205512.8759770656
2025-07-17,310219.64462363534,209972.70271277192,285026.62558241916,202368.6827347342,308081.1381707641,213901.43166797946,283061.78425052535,206155.1351478085
2025-07-18,308173.1674535771,208587.54110265392,283146.343362314,201033.68381919537,306010.76449118974,212463.966535326,281159.54618660075,204769.72684838015
2025-07-21,307819.96535087575,208348.47564889127,282821.8248953945,200803.27595979135,305516.3393593302,212120.68604699319,280705.27345561364,204438.8780321099
2025-07-22,302085.32130081486,204466.97191063553,277552.89279894973,197062.33826459356,299156.0445757493,207704.71898027768,274861.4999598087,200182.83224341174
2025-07-23,303580.04602017615,205478.67892073366,278926.2305301919,198037.4069868699,301332.8236562689,209216.06162368855,276861.50221281766,201639.44262922087
2025-07-24,305201.2369077979,206575.9847754298,280415.76407886326,199094.97464925185,303247.7127507533,210545.573456927,278620.8826375491,202920.80708538456
2025-07-25,307537.4086484512,208157.22665642443,282562.2146971897,200618.9529207494,305864.6107965023,212362.49169424083,281025.26167363557,204671.926850433
2025-07-28,311240.67670755845,210663.79004374315,285964.7393819016,203034.74280357375,309932.66806811315,215186.95306721382,284762.95089593786,207394.10225395637
2025-07-29,311858.44369106815,211081.92669441082,286532.3373459816,203437.7369171204,309803.09918224794,215096.99309643873,284643.9043349113,207307.40012303367
2025-07-30,314541.7683005525,212898.13959476622,288997.7484572331,205188.17689080368,312564.3195953694,217014.11468013714,287180.8852792427,209155.09443765422
2025-07-31,313771.73736763286,212376.94282673515,288290.2519391758,204685.85491261625,314913.8319348828,218645.3864163021,289339.59307579935,210727.29076476386
2025-08-01,303626.6118755181,205510.1971004161,278969.0147601576,198067.7837569077,303244.99477123463,210543.68635759427,278618.38538589433,202918.98832608527
2025-08-04,306652.6550795387,207558.37967391068,281749.31219862256,200041.7927782867,306469.213455328,212782.2686889668,281580.7643843369,205076.5019035537
2025-08-05,305029.1387987456,206459.49987282683,280257.6421025718,198982.70816892516,304478.90435162454,211400.39257259126,279752.0888300675,203744.66950155687
2025-08-06,302654.61462450714,204852.2990808636,278075.95366189233,197433.71107093222,302240.0661487626,209845.96214004818,277695.0672931012,202246.53172192667
2025-08-07,306702.9190443108,207592.40092535355,281795.4942135777,200074.58197302744,305934.74770167907,212411.18790628138,281089.70274146274,204718.8595618979
2025-08-08,308344.9611960954,208703.81999424196,283304.18568975764,201145.75174905724,307268.435294786,213337.1702213859,282315.0811985119,205611.30805009298
2025-08-11,309092.1331852837,209209.5446466942,283990.67964492424,201633.1619239086,308731.9876583439,214353.31794060318,283659.77807230473,206590.65666291828
2025-08-12,314412.29700512055,212810.50672464748,288878.79155980144,205103.71758604137,314443.82618930883,218319.06036314814,288907.7566260248,210412.78239020266
2025-08-13,314941.89084751596,213168.96323233482,289365.37694677885,205449.19283278147,314558.09083287657,218398.39456385025,289012.74180647783,210489.24355617078
2025-08-14,311530.42489057966,210859.906602283,286230.9570386698,203223.75713306246,311640.4778780304,216372.68928438995,286332.06900172646,208536.8978313185
2025-08-15,310264.92165358685,210003.3485487609,285068.2256528438,202398.21875241774,310257.4256355778,215412.4329814928,285061.3348120751,207611.41656475278
2025-08-18,309671.20913142315,209601.4932018361,284522.72868096875,202010.91632616697,309569.67036982835,214934.92294353826,284429.4323405163,207151.1992317442
2025-08-19,299795.22243100335,202916.91453191216,275448.77346148994,195568.4151696253,299422.15358398174,207889.47906711264,275105.9981823311,200360.90136793497
2025-08-20,299000.5721538624,202075.18919705728,274718.6569426395,194757.17235073354,298055.5444025841,206629.32795960538,273850.3717082262,199146.38578545835
2025-08-21,296634.5827325307,200476.16964833278,272544.8101453355,193216.06021776682,295674.7529484286,204978.82573804745,271662.92498252593,197555.65539205368
2025-08-22,305026.3796744229,205289.1660857466,280255.107047462,197854.75723153423,304030.9279930468,209894.05043338612,279340.4927547155,202292.87853005604
2025-08-25,298541.0946149997,200924.43290070732,274296.49369571864,193648.0899184347,297407.3600303426,205321.3330549601,273254.82656703587,197885.75903678683
2025-08-26,302434.394204673,203162.85150881522,277873.6174003515,195805.44570458835,301069.957703007,207459.6731373977,276619.98367588024,199946.66057096247
2025-08-27,302039.52759842057,203034.2116566912,277510.81801518734,195681.46445804913,300770.8484813714,207393.06903492173,276345.1651963567,199882.46849127294
2025-08-28,304234.1869472703,204287.0252852161,279527.24850031815,196888.90828499044,302918.8461921913,208646.96024121586,278318.7234226111,201090.95087064969
2025-08-29,296939.0457412527,200223.9013015225,272824.54763293394,192972.92759919263,295079.6145358643,204100.6326056819,271116.1179240454,196709.26543347817
2025-09-01,297229.17352931376,200484.5831604248,273008.8391603493,193188.2774057587,295367.92558335693,204366.36178169405,271299.25536901713,196928.78483854642
2025-09-02,296278.90867124114,199843.61830593046,272385.6155056751,192747.26785949155,294423.6113520871,203712.9866278342,270679.934347585,196479.23647539405
2025-09-03,300078.6271582151,202406.57324047628,275901.8932234381,195235.4790004353,298199.53606255417,206325.5654781467,274174.19306518,199015.62428166173
2025-09-04,301237.7828420095,203188.43742064445,276258.40189478116,195487.7539681938,299351.4332067393,207122.5681589182,274528.46922542277,199272.78375539114
2025-09-05,304047.23093509715,205083.44329495166,278633.7116209678,197168.5859724558,302143.2886174941,209054.26514934,276888.90470077685,200986.15996506417
2025-09-08,303994.9750063901,205048.19605471575,278426.30332257895,197021.81837325048,302091.359991182,209018.3355052841,276682.79530853825,200836.55073704713
2025-09-09,307165.00417298474,207186.4181159107,282499.4771588479,199904.10394108456,305241.538418189,211197.95776054118,280730.4627074876,203774.64292318854
2025-09-10,314511.0755859108,212141.4299258196,288878.96323958854,204418.39706969803,312541.6086640327,216248.90834682225,287070.000386893,208376.34170022857
2025-09-11,317125.81246261735,213905.100788192,291808.7723462102,206491.60750558248,315139.9719443675,218046.72728447575,289981.46302536695,210489.69361016148
2025-09-12,318972.58227470884,215150.76880783512,293368.43454662856,207595.26574155898,316975.1773237006,219316.51392686678,291531.3586264839,211614.72086812215
2025-09-15,322277.56752104237,217380.02033652863,296195.0857271625,209595.47889976215,320259.4667137253,221588.92814500487,294340.30929638015,213653.66211527627
2025-09-16,323340.2240865165,218096.79472324863,297331.182270727,210399.4108709499,321315.4689444441,222319.58071501268,295469.29155510874,214473.1597729948
2025-09-17,317735.3710374645,214316.25523625308,292152.9692557297,206735.17034495051,315745.71332518174,218465.84239974472,290323.5047412258,210737.9724319244
2025-09-18,329235.5604758694,222073.26864932952,302364.61218450184,213961.19904409276,327173.888531821,226373.0468945182,300471.2023607627,218103.9114147139
2025-09-19,329903.85480185837,222524.0410542838,302675.51452364546,214181.20176461016,327837.99808558787,226832.54720437663,300780.1577592001,218328.17377437584
2025-09-22,328512.03517622617,221585.2423012339,301024.24528321635,213012.71996353468,326454.8940506745,225875.57146294307,299139.22877872695,217137.06785080305
2025-09-23,327231.8495881124,220721.7420231373,300063.91746120795,212333.16658991782,325182.72490395646,224995.3520566815,298184.91451914486,216444.35696503977
2025-09-24,328271.1010024206,221422.7293593482,301021.54579643573,213010.8097352701,326215.46858945326,225709.9119373495,299136.54613314493,217135.12059099987
2025-09-25,332268.2624524107,224118.86190115323,305102.86628811894,215898.860092006,330187.5999123405,228458.247002419,303192.3093576021,220079.08931770662
2025-09-26,332527.78236533166,224293.91114327832,304669.3906772883,215592.12128160216,330445.49478268356,228636.6855931024,302761.5481723807,219766.41143495357
2025-09-29,334398.14452391054,225555.49247888275,306571.4885023042,216938.09602513866,332304.14449722477,229922.69347373865,304651.735299641,221138.44709934387
2025-09-30,334609.74793949345,225698.22147841105,306420.77819173277,216831.4494221344,332514.42288612935,230068.18601229665,304501.96877999464,221029.7356372231
2025-10-01,344524.6561338595,232385.9439950748,315500.4117150412,223256.43831713975,342344.3621398586,236869.5640490353,313503.791407019,227563.91498416165
2025-10-02,345047.29935587273,232738.47301254226,315979.02521567035,223595.11789254856,342973.01382616925,237304.5309050522,314079.4827544707,227981.79374811746
2025-10-03,343665.21846136753,231806.2431484992,314713.37678245496,222699.51157677444,341479.51415101,236271.17193646551,312711.8019558126,226989.03128232886
2025-10-06,354198.4799016112,238911.05222256118,324359.2708046461,229525.20138197194,351751.2283755483,243378.2160110184,322118.1825181033,233816.86828225444
2025-10-07,355132.7919859206,239541.25674300012,325214.87240534957,230130.64771072037,352609.9120512416,243972.3430083089,322904.5269645737,234387.65442797146
2025-10-08,364036.7254644114,245547.06489005045,333368.7000874407,235900.5118990421,361487.4416511547,250114.74463286015,331034.1750490478,240288.74588604746
2025-10-09,361141.13189749717,243593.95287762024,330717.0438234957,234024.12977354298,358918.5055061725,248337.28645908373,328681.65720327286,238581.11686933928
2025-10-10,352028.8122250286,237447.58578495923,322372.3853000549,228119.2286331958,349454.91640620027,241789.38769878855,320015.3218074898,232290.45862122322
2025-10-13,362784.898016105,244702.6925117188,332222.3319877846,235089.31150301604,360096.1530157385,249152.10593048012,329760.09458977537,239363.9253726635
2025-10-14,359562.45110665064,242529.11406473353,329271.3579179702,233001.12417922885,356528.1316669744,246683.37632699937,326492.65880182525,236992.18219045762
2025-10-15,367135.3233397377,247637.10570280158,336206.2587004445,237908.44344503168,363963.3390948657,251827.82892160432,333301.4921764181,241934.5300078259
2025-10-16,369540.3917387137,249259.3527040485,338408.7137542998,239466.95891004932,366247.96424443775,253408.57107202857,335393.65061553393,243453.17117970967
2025-10-17,368094.86268303194,248284.32630696415,337084.9623069245,238530.23736426228,365026.4633346002,252563.40924085316,334275.0542289963,242641.21234544742
2025-10-20,379878.4889789111,256232.52122335098,347875.88505122176,246166.17978649642,376431.34729481186,260454.49842017933,344719.14140406926,250222.2924827203
2025-10-21,368181.42961713637,248342.71672501537,337164.2364687722,238586.33385849016,365208.71230936924,252689.50810496788,334441.94976135733,242762.35729417994
2025-10-22,366368.6873843577,247120.0007089507,335504.20746767585,237411.65341901535,363452.9222010339,251474.66923651565,332834.0750108066,241595.2445412612
2025-10-23,372812.08481270185,251466.14826983656,341404.7852791414,241587.05838612755,369775.25071133877,255849.11603227997,338623.78320436965,245797.83697955345
2025-10-24,379193.64388310927,255770.58512895284,347248.734262912,245722.39129657106,376284.1194092895,260352.63080114935,344584.31663282553,250124.42683126082
2025-10-27,381692.9411516542,257456.39061408906,349537.47993955767,247341.9682892096,379186.88666774426,262361.06818492344,347242.5422142533,252053.9608171366
2025-10-28,384088.02905710845,259071.90565474244,351730.7952997534,248894.01626519082,382010.9047168686,264315.01864574454,349828.65276057104,253931.14845132967
2025-10-29,386683.11246739875,260985.89453288633,354107.2576800346,250732.81224642313,384784.98417300836,266390.17565408535,352369.03175711154,255924.78091703172
2025-10-30,383180.3875422281,258375.87395554272,350899.6174245677,248225.32884181358,381110.8479167716,263612.26917669276,349004.4206407595,253256.00717232027
2025-10-31,382789.86124690226,258416.59750867868,350541.99075034505,248264.45253093372,380743.72237248323,263647.8643065048,348668.22334124113,253290.2039131591
2025-11-03,385284.87783303217,259846.40392733266,352826.8163677429,249638.08762703245,383206.42430616723,265110.7870663311,350923.4566054592,254695.6543427322
2025-11-04,376643.2213218938,254382.19241754734,344913.17030896916,244388.5429303358,374709.677873131,259579.11832023217,343142.512865855,249381.30253349253
2025-11-05,384754.7475630185,259462.66842304985,352341.34656036017,249269.42754170552,382564.6420645792,264641.57562914415,350335.7408775357,254244.87632897473
2025-11-06,379325.8440422633,255889.2164929016,347369.79730992275,245836.36211310403,377289.6824363468,261075.95693664072,345505.1666784074,250819.3364025416
2025-11-07,376454.25001549505,253906.47014793142,344740.1187612507,243931.50986836693,374383.970919363,259021.8480725228,342844.24487553193,248845.92518443518
2025-11-10,386206.5301120714,259413.6988152811,353670.8246798274,249222.38175215267,383903.14806023415,264588.65609266504,351561.4853350636,254194.03578747815
2025-11-11,383566.63168579555,257711.81834110632,351253.32269398303,247587.36129190575,381318.4899538496,262875.19578493136,349194.5700139594,252547.89041897847
2025-11-12,389969.91981701006,261083.1442537694,357117.1701886694,250826.24141833623,387571.2252592403,266299.45766692556,354920.54783538973,255837.62687341092
2025-11-13,379894.8156553781,254337.90637891632,347890.8362979775,244345.99671139524,377412.76781795436,259319.6007244048,345617.88281475496,249131.98033648144
2025-11-14,377008.6362296515,252405.62196143402,345247.8010873236,242489.6239487123,374687.3453600837,257446.96809550218,343122.0617403619,247332.9158848242
2025-11-17,374906.02947356354,250997.9359961517,343322.3270017683,241137.2402826649,372471.99435702094,255924.80460087516,341093.3414938349,245870.55204979982
2025-11-18,371070.04071727354,248429.7584139314,339809.49849908624,238669.95603080592,368696.98048607085,253330.9996922504,337636.3511296312,243378.64726633174
2025-11-19,371956.8436308561,249023.46905992218,340621.59330671205,239240.34218212013,369602.52241474524,253953.19584300785,338465.6062870492,243976.39984177507
2025-11-20,363284.14921951946,243217.13833798765,332679.5241144499,233662.11875610275,360877.98062350356,247958.57963834502,330476.057656113,238217.287910965
2025-11-21,366845.242279737,245601.27446207165,335940.6153212798,235952.59179580392,364458.7986164891,250418.95292559869,333755.2120435914,240581.0030628787
2025-11-24,379155.59124182886,253842.9988888998,347213.8873404144,243870.53213889123,376714.1406769244,258839.5753338634,344978.1110477431,248670.8132059471
2025-11-25,381312.873333321,255287.28975049604,349189.43067507434,245258.08264263766,378850.2403120494,260307.2853630995,346934.2564045674,250080.86283243835
2025-11-26,385813.7679707505,258300.61889251403,353311.1505169289,248153.03024643267,383348.04968842893,263397.7216998475,351053.1508525646,253049.88839983498
2025-11-27,384857.6236929249,257660.48450847715,352435.55596094514,247538.04415834366,382398.0160852917,262744.9554035065,350183.1521919005,252422.766656434
2025-11-28,391990.834879575,262436.13798993203,358967.8346416444,252126.0814921725,389483.3966113768,267613.3069953931,356671.62959694583,257099.8603650193
2025-12-01,391348.00600575213,262005.76688932627,358379.1604473811,251712.61793485034,388844.6797054233,267174.4458143435,356086.72096751624,256678.24026834223
2025-12-02,391570.3691890712,262154.6380614784,358582.7907961483,251855.64055958996,389065.62050355977,267326.25381990656,356289.04875658604,256824.08435012857
2025-12-03,393819.5447619749,263660.45120426646,360642.486108622,253302.29638244445,391300.4088296159,268861.7726624911,358335.56884189276,258299.27885539705
2025-12-04,391665.0152769275,262218.0032005651,358669.46348895633,251916.5163381451,389159.6611710809,267390.8689851392,356375.16703126725,256886.1610463335
2025-12-05,396304.4826890879,265324.1062051202,362918.08213675034,254900.59309391413,393769.4514145471,270558.2471643944,360596.6085934547,259929.1057218154
2025-12-08,392422.5782631926,262725.18828426895,359363.20609869814,252403.7761672408,389912.3782725617,267908.05948545784,357064.47198636015,257383.03321949617
2025-12-09,396298.61901855643,265320.1805035175,362912.7124471391,254896.82161728066,393763.6252520147,270554.2440191103,360591.2732520696,259925.2598439511
2025-12-10,398503.7750355478,266796.52274744335,364932.0966011323,256315.16433392535,395954.67560098437,272059.71058015665,362597.7400367776,261371.58270051924
2025-12-11,394371.7888081812,264030.176161634,361148.20673222106,253657.49633868865,391849.120349723,269238.7913127337,358838.05452872295,258661.48596467974
2025-12-12,384036.08414019115,257110.46739521573,351683.2264468944,247009.63499723346,381579.52983315504,262182.5750438552,349433.6187640518,251882.4799511063
2025-12-15,385031.1362200799,257776.6503814202,352594.45104372216,247649.6463430601,382568.2168875331,262861.9000536185,350339.01454193215,252535.11702328146
2025-12-16,383059.1594571957,256456.42062141522,350788.6021167858,246381.2830810151,380608.8542205902,261515.62566178065,348544.7170661728,251241.7323181612
2025-12-17,374581.6407697795,250780.75918727362,343025.26620284596,240928.59547393996,372185.5634713928,255727.99847975312,340831.0407856847,245681.4776467831
2025-12-18,380914.76654251094,255020.75900693962,348824.86211903364,245002.0228161032,378478.178292064,260051.64225111602,346593.5384994297,249835.26290644
2025-12-19,386493.71318360296,258755.83921867443,353933.8142095827,248590.3668035451,384021.43822045927,263860.4056897616,351669.8102202316,253494.39540337533
2025-12-22,391757.34096208273,262279.8148402604,358754.0112598045,251975.89964802898,389251.3962787647,267453.90000455733,356459.1739764503,256946.71583141884
2025-12-23,390071.50107917725,261151.1524615213,357210.19380676374,250891.57785813112,387576.3401669587,266302.972110369,354925.23184114456,255841.0032485572
2025-12-24,391282.40894253115,261961.8499443282,358319.0895639623,251670.4263093437,388779.502245346,267129.66250449116,356027.0343387639,256635.2163139694
2025-12-25,390398.15457485395,261369.8455385996,357509.32860173215,251101.67936699928,387900.90416614054,266525.9794218703,355222.4531643226,256055.2495029423
2025-12-26,389094.343356197,260496.949668477,356315.3560689647,250263.07605203526,386605.43300509016,265635.86363120476,354036.11810067744,255200.10276880488
2025-12-29,385994.4148191615,258421.56116212503,353476.57889493887,248269.22118247274,383525.3337057583,263519.5332136829,351215.4996969891,253166.914430975
2025-12-30,393058.6076108732,263151.00713206123,359945.6535882564,252812.86631138678,390544.3391467369,268342.2786098189,357643.1937413686,257800.19362715472
2025-12-31,387982.72522481816,259752.7262240481,355297.3854480648,249548.09014256552,385500.9255344571,264876.95863194455,353024.6591196781,254471.0120837012
2026-01-02,393345.4626401646,263343.05531112995,360208.3427114662,252997.36969273188,390829.35925741825,268538.1153901368,357904.20252435934,257988.3367708547
2026-01-05,395746.0482980517,264950.23683914565,362406.69266969484,254541.4115461475,393214.58914723864,270177.00234735414,360088.4903249878,259562.83847476984
2026-01-06,397688.45617533725,266250.6703604361,364185.46372161055,255790.75628378653,395144.5720711563,271503.08997318835,361855.88313442975,260836.82947044045
2026-01-07,394719.8294475512,264263.187837246,361466.92692556523,253881.35392615342,392194.93468597444,269476.3996907438,359154.73596860433,258889.7596686066
2026-01-08,394900.7137865363,264384.28910575056,361632.5727869181,253997.69761466238,392374.66196649446,269599.88996610785,359319.3222451538,259008.39850951097
2026-01-09,398928.53577202134,267080.8981902624,365321.07365938305,256588.36781352133,396376.71928075433,272349.6959962807,362984.22893035895,261650.17576014865
2026-01-12,403553.87548635906,270177.5427633304,369556.7547876112,259563.35772139597,400972.47219669994,275507.42915427993,367192.8157302496,264683.8543283283
2026-01-13,401405.7706567922,268739.3960381851,367589.61558271176,258181.709975781,398838.1080972077,274040.9116083028,365238.2597000251,263274.9503372421
2026-01-14,405498.12505407626,271479.20928825584,371337.2123780056,260813.88702293436,402904.285030353,276834.774107641,368961.8842899111,265959.05325620226
2026-01-15,402483.9665452261,269461.2434381228,368576.97959470336,258875.19890522328,399909.4071161469,274776.9991430567,366219.30785302736,263982.1199639188
2026-01-16,403095.7632586138,269870.8386439539,369137.235911699,259268.70276881134,400517.2903643333,275194.6745760267,366775.9803854682,264383.3866150436
2026-01-19,403031.56636265817,269827.85910477483,369078.44723941025,259227.4117222331,400453.5041151053,275150.847164524,366717.5677659421,264341.2810056328
2026-01-20,402687.82487010385,269597.7256890266,368763.66401419375,259006.31931942067,400111.96142542106,274916.1738268112,366404.79811063333,264115.827036117
2026-01-21,409121.08998740965,273904.7683589649,374654.963104246,263144.1556688977,406504.0750317494,279308.18302608037,372258.41240170103,268335.29192196974
2026-01-22,417411.3328597448,279455.04945949774,382246.8001262767,268476.38862955465,414741.28790853074,284967.9564530335,379801.6868150903,273772.7156962379
2026-01-23,415991.8643306198,278504.7215292637,380946.9137541923,267563.3952475546,413330.8992593257,283998.88107306516,378510.1154098555,272841.7113763469
2026-01-26,419866.81541257503,281098.9842169632,384495.42222801695,270055.73982639494,417181.0635356577,286644.32168344577,382035.9251840408,275383.22330327256
2026-01-27,421816.30392760615,282404.15819404775,386280.67741418595,271309.63878645556,419118.0818047773,287975.2432816952,383809.76065075595,276661.85836409405
2026-01-28,424709.96838477836,284341.4538071258,388930.56708492205,273170.8258750877,421993.23642868403,289950.7565993899,386442.6998054774,278559.7617375511
2026-01-29,427996.8728075389,286542.02184570325,391940.5684888448,275284.9424783611,425259.11558962666,292194.7360093242,389433.44717117934,280715.5842541273
2026-01-30,412300.0215380732,276033.04903508525,377566.08773695916,265188.82478838594,409662.67198804795,281478.449035607,375150.9154799954,270420.2969401015
2026-02-02,416192.16262527974,279253.1243256106,381039.86123829766,268218.8486603271,413529.91631074145,284762.04787177296,378602.4683379555,273510.09514649183
2026-02-03,423829.5747277651,281680.733422031,388398.22058185394,270808.17780578963,421118.47436442826,287237.5472574944,385913.7585566074,276150.5048883066
2026-02-04,430120.9883412702,285489.22012982104,393468.5718316668,273984.9988368013,427369.6438450305,291121.16530768375,390951.6763541867,279389.9961723652
2026-02-05,425122.429452457,282591.3830672749,389654.37886193424,271732.045505207,422403.0591166528,288166.161605139,387161.8815847757,277092.5980470555
2026-02-06,434968.5170371122,288203.6448091067,398484.73931335675,276993.16622237355,432186.1644716102,293889.13838706736,395935.75698027306,282457.5067218807
2026-02-09,438265.57405388,289961.0803746518,402066.8336199509,279072.6075309076,435462.13128370827,295681.2434954915,399494.9377491526,284577.96989212185
2026-02-10,432179.18226500484,286804.7826377431,396996.5945047505,276391.21275015845,429414.67216960184,292462.6803749329,394457.13136889564,281843.67830422235
2026-02-11,437368.56179091084,289581.7295384608,401786.2511294926,279083.1572054854,434570.8569173303,295294.40907336463,399216.15005719115,284588.7276837981
2026-02-12,434427.39310608525,287634.38172011595,399220.4582339284,277300.94196039817,431648.5019349113,293308.6452470522,396666.7697368549,282771.3540589018
2026-02-13,436102.59495735494,288743.5328841373,400673.73238783074,278310.39496685617,433312.9880631205,294439.6770220013,398110.7477502079,283800.72089580103
2026-02-16,434629.2602572515,287768.03796310787,399282.8809517907,277344.30115731776,431849.07780736673,293444.9381732536,396728.7931561009,282815.5686177749
2026-02-17,429639.4474174097,284464.28282735264,394785.30566683447,274220.2581947565,426891.18318232096,290076.00871043553,392259.98745454906,279629.89657347364
2026-02-18,435950.1449826903,287457.14421072,400644.95756313344,277147.6463075171,433161.5132615121,293127.91131164087,398082.1569890707,282615.034289376
2026-02-19,436684.60832026426,288115.5475381924,401493.72976791556,277902.6555285052,433891.2784752644,293799.3031906374,398925.49986333813,283384.93783978035
2026-02-20,437582.2889015769,288110.01538412547,402420.22986870917,277967.3398850256,434783.2168849701,293793.6619018423,399846.0734325597,283450.8982470922
2026-02-23,441180.99768592155,290479.4532464831,405197.1408539248,279885.46055184625,438358.90589609806,296209.84248932666,402605.22138611175,285406.85834723036
2026-02-24,440767.84990956006,290207.4312400573,405120.36231876264,279832.42662463477,437948.4008920993,295932.4542101334,402528.93397924234,285352.77820129704
2026-02-25,445791.22565008485,293514.88882824214,409952.44551008265,283170.13484877785,442939.6437268351,299305.1591649484,407330.10784462956,288756.330556086
2026-02-26,440888.76998297137,290287.0466291952,405381.5472678955,280012.83725049254,438068.54747900914,296013.64019975404,402788.4482098875,285536.74785029923
2026-02-27,447152.6092397094,294411.2419414703,411003.94813427003,283896.4487008992,444292.3189870637,300219.19494791597,408374.88433517166,289496.9726541046
2026-03-02,444824.92671619623,292878.6647218983,407471.4668637762,281456.4261844536,441979.52589390543,298656.3840442926,404864.9992433068,287008.81496509083
2026-03-03,436077.97300440236,287119.5537332084,400881.7725663449,276904.6674542573,433288.5236088173,292783.661069319,398317.45716072194,282367.2621077953
2026-03-04,433474.65737741365,285405.4960019775,393586.87910254137,271865.80016982765,430701.8605477727,291035.7895248394,391069.22685042594,277228.9913364512
2026-03-05,433939.5496364088,285711.5872659252,395052.99997092783,272878.507005834,431163.7790417278,291347.9191576516,392525.96940184565,278261.67619232566
2026-03-06,435356.7720756605,286644.7054225136,397921.5087830149,274859.89786233427,432571.9359685682,292299.4452607816,395376.1292595991,280282.15463517397
2026-03-09,433564.5242444964,285464.66554588825,394272.42631177383,272339.3343511935,430791.152565646,291096.1263269301,391750.3888284251,277711.8670912589
2026-03-10,440643.7144045466,290125.6987678657,400205.950383874,276437.8507279759,437825.05944166065,295849.10937302513,397645.95800152764,281891.23632564413
2026-03-11,439153.58531364624,289144.5778994199,398284.3555158884,275110.5302451937,436344.4622233823,294848.6335918389,395736.6549753283,280537.731330194
2026-03-12,442667.15022309835,291457.95589891897,404189.71957487846,279189.5954031894,439835.5519973776,297207.6484040447,401604.24426612334,284697.2656248365
2026-03-13,445319.1110876593,293204.0423033863,405369.7621798284,280004.6968307592,442470.5491281829,298988.1804625416,402776.7385073455,285528.44684167544
2026-03-16,447427.7724697696,294592.4130822054,407183.6626063491,281257.62856468506,444565.72208716255,300403.94011478045,404579.03597976273,286806.09559555596
2026-03-17,454721.8361889017,299394.9219214162,417050.4273590513,288072.9876048476,451813.1280457742,305301.18971683463,414382.68612214725,293755.9035931774
2026-03-18,451283.4291723008,297131.02888100897,413715.478560309,285769.40846683655,448396.7154039594,302992.63607072626,411069.0699485498,291406.8809485654
2026-03-19,447690.23299759266,296778.39325578033,409437.43232971133,284750.58864811703,444826.5037400916,302633.04387982364,406818.3890426085,290367.9625170423
2026-03-20,439210.4020372328,291854.6983837159,403814.24357675633,281509.2372933811,436400.9155088109,297612.2175658806,401231.17007060815,287062.6678971264
2026-03-23,437781.5557970989,292001.0210932879,401736.8669268733,281117.9911754735,434981.2091347736,297761.4268344555,399167.08174988127,286663.7035310161
2026-03-24,432519.8433172343,289168.53927796654,397073.18902517017,278506.4058056758,429753.1541235391,294873.0676648371,394533.2359381074,284000.5985085903
2026-03-25,441627.2973079571,293690.5667519282,403743.5513533181,281675.84389654826,438802.3506841635,299484.30274815985,401160.9300432288,287232.56120668264
2026-03-26,434824.31170288834,290462.68490036065,399668.62238363374,280076.13274936663,432042.881572151,296192.74334820575,397112.0671205659,285601.2920014873
2026-03-27,440412.6274386456,292776.2831018364,405299.2632828224,282653.2803746664,437595.4506641508,298551.9827063893,402706.69056974957,288229.2799140555
2026-03-30,440633.8575858246,292590.9478031483,408206.32665298675,284359.7380766865,437815.26567381195,298362.9912337789,405595.1583641223,289969.401500492
2026-03-31,449278.5290985153,297302.4596359247,414067.17510441184,287442.64453885116,446404.64002585964,303167.44869979145,411418.5167997809,293113.1255303503
2026-04-01,452957.3002826188,298910.72572021425,416229.0262162159,288410.91934362496,450059.8793035353,304807.4416087016,413566.5392256979,294100.5018288632
2026-04-02,451336.44275337545,298954.926573512,415363.5939329212,288527.7123619235,448449.3898743455,304852.5144276115,412706.6428422331,294219.59886364214
2026-04-03,448914.06379373145,297350.39820971375,412394.7421239729,286465.4323901363,446042.50608745305,303216.3329745052,409756.7818504077,292116.6355778049
2026-04-06,452368.42856048053,299464.3948720113,415407.12459621165,288446.1354925958,449474.77440286265,305372.0331844983,412749.8950534758,294136.4126990493
2026-04-07,455993.5333587517,302012.44698641985,420253.83885300125,291906.7510796516,453076.69058117486,307970.3516095303,417565.6063939797,297665.29705303337
2026-04-08,458702.5622859557,303631.0835179936,421933.5531651436,292960.3246255052,455768.39072873065,309620.9195471465,419234.5760986531,298739.6548105494
2026-04-09,465232.0492947463,307543.7091764124,428149.4493993085,297012.8112396963,462256.1107263038,313610.7309332774,425410.71118735365,302872.08623721235
2026-04-10,464037.00543508003,307073.9904118216,427994.48918122257,297111.5157303149,461068.7111747165,313131.74586318486,425256.7422013508,302972.73790563655
2026-04-13,467131.9160569837,308924.2053685989,430665.19581987156,298837.90125954663,464143.82465689257,315018.46065417345,427910.36516434763,304733.1804424609
2026-04-14,468117.5871951622,309221.1580127782,431244.08793044975,299010.7233531006,465123.1907764028,315321.2713864854,428485.55428302416,304909.41185754404
2026-04-15,467225.89223087474,308915.7082833612,430686.2795338898,298806.7620271189,464237.19969567086,315009.7959439789,427931.3140124369,304701.42691556807
2026-04-16,468198.35318145424,309685.16821396834,431201.898840487,299246.06697751937,465203.4401288688,315794.43527836085,428443.6350634839,305149.39818746975
2026-04-17,471728.5303628404,311245.6058564332,434086.58578913123,300749.01681594836,468711.03591148107,317385.6562171332,431309.86957131134,306681.99723993125
2026-04-20,466867.9580361582,308399.00881517073,429156.73773013015,297565.62451356894,463881.5550899383,314482.9033656003,426411.5562095457,303435.80505074974
2026-04-21,463367.3153552559,307310.89154765994,426947.1231380334,296821.0681117591,460403.30488518684,313373.3204301567,424216.0758313912,302676.56052592205
2026-04-22,470193.24241506384,311242.1936061529,433017.90474577656,300657.98007656744,467185.5687028913,317382.1766522043,430248.0245465804,306589.1645871394
2026-04-23,472539.98571844894,312964.9438505665,435565.7675838434,302536.0923257792,469517.3006502931,319138.91219009866,432779.5895023932,308504.3270097037
2026-04-24,485911.36157338176,321313.2229555056,447859.58940717665,310748.0143600425,482803.14414953336,327651.88070161897,444994.7715898918,316878.24848519
2026-04-27,490484.442318935,324904.0372444255,454063.1914215572,315417.84973876027,487346.9723803729,331313.5322333948,451158.69110108947,321640.20733010717
2026-04-28,487364.1676085641,323815.0199888714,452556.2043035126,315003.90937666444,484246.6570555791,330203.0315555306,449661.3437086381,321218.10102256277
2026-04-29,496253.15274711075,330002.7526443729,461585.5691952949,321471.53425491625,493078.7822384366,336512.8317660704,458632.9505752881,327813.31498555565
