Total Return,CAGR,Annual Vol,Sharpe,Sortino,Max Drawdown,Hit Rate,Strategy,Equity Weight,Gold Weight,BTC Weight,DD Window,Warn Drawdown,Crash Drawdown,Warn Exposure,Crash Exposure,Recovery Drawdown,Panic Drawdown,Panic MA Period,Panic Momentum Period,Start,End,Average Gold Weight,Average Cash / Reduced Exposure Weight,Gold Reduced Days,Gold Zero Days
23.044688039127305,0.17311307016236532,0.14191468938205948,0.9852442870068894,1.4115392159380316,-0.19060755932603235,0.5426464726982861,Gold25 crash DD252 warn-8%/exp50% crash-15%/exp50% recover-5% no panic,0.65,0.25,0.1,252,-0.08,-0.15,0.5,0.5,-0.05,,,,2006-12-29,2026-04-29,0.18945507073122136,0.16626768280533974,2431,0
23.044688039127305,0.17311307016236532,0.14191468938205948,0.9852442870068894,1.4115392159380316,-0.19060755932603235,0.5426464726982861,Gold25 crash DD252 warn-8%/exp50% crash-18%/exp50% recover-5% no panic,0.65,0.25,0.1,252,-0.08,-0.18,0.5,0.5,-0.05,,,,2006-12-29,2026-04-29,0.18945507073122136,0.16626768280533974,2431,0
23.044688039127305,0.17311307016236532,0.14191468938205948,0.9852442870068894,1.4115392159380316,-0.19060755932603235,0.5426464726982861,Gold25 crash DD252 warn-8%/exp50% crash-20%/exp50% recover-5% no panic,0.65,0.25,0.1,252,-0.08,-0.2,0.5,0.5,-0.05,,,,2006-12-29,2026-04-29,0.18945507073122136,0.16626768280533974,2431,0
23.044688039127305,0.17311307016236532,0.14191468938205948,0.9852442870068894,1.4115392159380316,-0.19060755932603235,0.5426464726982861,Gold25 crash DD252 warn-8%/exp50% crash-25%/exp50% recover-5% no panic,0.65,0.25,0.1,252,-0.08,-0.25,0.5,0.5,-0.05,,,,2006-12-29,2026-04-29,0.18945507073122136,0.16626768280533974,2431,0
23.805263208402934,0.1749487878616367,0.14384280094705254,0.9848277366384915,1.4154357456377917,-0.19183945737169206,0.5416500597847748,Gold25 crash DD252 warn-8%/exp75% crash-20%/exp50% recover-5% no panic,0.65,0.25,0.1,252,-0.08,-0.2,0.75,0.5,-0.05,,,,2006-12-29,2026-04-29,0.20790994221956566,0.14781281131699545,2431,0
23.845603125663587,0.175044652461273,0.14409019676889417,0.9839506010560433,1.4152429028720037,-0.19183945737169217,0.5420486249501794,Gold25 crash DD252 warn-8%/exp75% crash-25%/exp50% recover-5% no panic,0.65,0.25,0.1,252,-0.08,-0.25,0.75,0.5,-0.05,,,,2006-12-29,2026-04-29,0.20981520223152023,0.14590755130504088,2431,0
22.92021429454113,0.17280740088314483,0.14188552759479386,0.9835802315708518,1.4089750150835811,-0.19060755932603246,0.5426464726982861,Gold25 crash DD252 warn-8%/exp50% crash-15%/exp50% recover-5% panic-30%/MA200/mom63->0,0.65,0.25,0.1,252,-0.08,-0.15,0.5,0.5,-0.05,-0.3,200.0,63.0,2006-12-29,2026-04-29,0.18920601713488744,0.16651673640167367,2431,10
22.92021429454113,0.17280740088314483,0.14188552759479386,0.9835802315708518,1.4089750150835811,-0.19060755932603246,0.5426464726982861,Gold25 crash DD252 warn-8%/exp50% crash-18%/exp50% recover-5% panic-30%/MA200/mom63->0,0.65,0.25,0.1,252,-0.08,-0.18,0.5,0.5,-0.05,-0.3,200.0,63.0,2006-12-29,2026-04-29,0.18920601713488744,0.16651673640167367,2431,10
22.92021429454113,0.17280740088314483,0.14188552759479386,0.9835802315708518,1.4089750150835811,-0.19060755932603246,0.5426464726982861,Gold25 crash DD252 warn-8%/exp50% crash-20%/exp50% recover-5% panic-30%/MA200/mom63->0,0.65,0.25,0.1,252,-0.08,-0.2,0.5,0.5,-0.05,-0.3,200.0,63.0,2006-12-29,2026-04-29,0.18920601713488744,0.16651673640167367,2431,10
22.92021429454113,0.17280740088314483,0.14188552759479386,0.9835802315708518,1.4089750150835811,-0.19060755932603246,0.5426464726982861,Gold25 crash DD252 warn-8%/exp50% crash-25%/exp50% recover-5% panic-30%/MA200/mom63->0,0.65,0.25,0.1,252,-0.08,-0.25,0.5,0.5,-0.05,-0.3,200.0,63.0,2006-12-29,2026-04-29,0.18920601713488744,0.16651673640167367,2431,10
23.67685214347379,0.17464264026321552,0.14381404357592856,0.9831831419577852,1.4128995552750465,-0.19183945737169228,0.5416500597847748,Gold25 crash DD252 warn-8%/exp75% crash-20%/exp50% recover-5% panic-30%/MA200/mom63->0,0.65,0.25,0.1,252,-0.08,-0.2,0.75,0.5,-0.05,-0.3,200.0,63.0,2006-12-29,2026-04-29,0.20766088862323173,0.14806186491332937,2431,10
23.42312928612085,0.17403325975554296,0.14325795760127988,0.9828175899622225,1.4114068105047268,-0.19183945737169217,0.5418493423674771,Gold25 crash DD252 warn-8%/exp75% crash-18%/exp50% recover-5% no panic,0.65,0.25,0.1,252,-0.08,-0.18,0.75,0.5,-0.05,,,,2006-12-29,2026-04-29,0.20332735604702132,0.15239539748953979,2431,0
23.71698323038697,0.17473847988413183,0.14406148963800705,0.9823083129629879,1.4127098719639442,-0.19183945737169206,0.5420486249501794,Gold25 crash DD252 warn-8%/exp75% crash-25%/exp50% recover-5% panic-30%/MA200/mom63->0,0.65,0.25,0.1,252,-0.08,-0.25,0.75,0.5,-0.05,-0.3,200.0,63.0,2006-12-29,2026-04-29,0.2095661486351863,0.1461566049013748,2431,10
23.856739740125914,0.17507109169892,0.14454207009588763,0.9814799501139647,1.4150623194976972,-0.19183945737169195,0.538860103626943,Gold25 crash DD126 warn-8%/exp75% crash-20%/exp50% recover-5% no panic,0.65,0.25,0.1,126,-0.08,-0.2,0.75,0.5,-0.05,,,,2006-12-29,2026-04-29,0.2214584578601315,0.1342642956764296,1953,0
23.856739740125914,0.17507109169892,0.14454207009588763,0.9814799501139647,1.4150623194976972,-0.19183945737169195,0.538860103626943,Gold25 crash DD126 warn-8%/exp75% crash-20%/exp50% recover-5% panic-30%/MA200/mom63->0,0.65,0.25,0.1,126,-0.08,-0.2,0.75,0.5,-0.05,-0.3,200.0,63.0,2006-12-29,2026-04-29,0.2214584578601315,0.1342642956764296,1953,0
23.296696439422558,0.17372735070941703,0.14322907646689215,0.9811667241832198,1.4088615470811763,-0.19183945737169206,0.5418493423674771,Gold25 crash DD252 warn-8%/exp75% crash-18%/exp50% recover-5% panic-30%/MA200/mom63->0,0.65,0.25,0.1,252,-0.08,-0.18,0.75,0.5,-0.05,-0.3,200.0,63.0,2006-12-29,2026-04-29,0.2030783024506874,0.1526444510858737,2431,10
23.704563085255817,0.17470883434138273,0.14432102377928183,0.9806254738123896,1.408559468379581,-0.19307135541735165,0.5418493423674771,Gold25 crash DD252 warn-10%/exp75% crash-20%/exp50% recover-5% no panic,0.65,0.25,0.1,252,-0.1,-0.2,0.75,0.5,-0.05,,,,2006-12-29,2026-04-29,0.21116009165172345,0.14456266188483766,2170,0
23.862504051885345,0.175084772230083,0.14472467781714113,0.9805031498863512,1.4099686876753474,-0.19307135541735188,0.5426464726982861,Gold25 crash DD252 warn-12%/exp75% crash-20%/exp50% recover-5% no panic,0.65,0.25,0.1,252,-0.12,-0.2,0.75,0.5,-0.05,,,,2006-12-29,2026-04-29,0.21366308029487946,0.14205967324168164,1969,0
23.115259568849932,0.1732857052239607,0.14294094977112343,0.9802197236919963,1.4067478777100815,-0.19183945737169228,0.5414507772020726,Gold25 crash DD252 warn-8%/exp75% crash-15%/exp50% recover-5% no panic,0.65,0.25,0.1,252,-0.08,-0.15,0.75,0.5,-0.05,,,,2006-12-29,2026-04-29,0.1990062761506276,0.1567164773859335,2431,0
23.6934534209203,0.1746823047778232,0.1444022629500853,0.9799968527965697,1.4119470153372702,-0.19183945737169217,0.5386608210442407,Gold25 crash DD126 warn-8%/exp75% crash-18%/exp50% recover-5% no panic,0.65,0.25,0.1,126,-0.08,-0.18,0.75,0.5,-0.05,,,,2006-12-29,2026-04-29,0.22032526399681213,0.13539748953974898,1953,0
23.6934534209203,0.1746823047778232,0.1444022629500853,0.9799968527965697,1.4119470153372702,-0.19183945737169217,0.5386608210442407,Gold25 crash DD126 warn-8%/exp75% crash-18%/exp50% recover-5% panic-30%/MA200/mom63->0,0.65,0.25,0.1,126,-0.08,-0.18,0.75,0.5,-0.05,-0.3,200.0,63.0,2006-12-29,2026-04-29,0.22032526399681213,0.13539748953974898,1953,0
22.395104799533005,0.17150103755599533,0.1411724726522576,0.979933254771769,1.4010594956504405,-0.19060755932603246,0.5442407333599043,Gold25 crash DD252 warn-8%/exp50% crash-20%/exp25% recover-5% no panic,0.65,0.25,0.1,252,-0.08,-0.2,0.5,0.25,-0.05,,,,2006-12-29,2026-04-29,0.17763747758517634,0.17808527595138476,2431,0
23.744739237487973,0.1748046793631035,0.14456760166582575,0.9797639742317218,1.4083907099631128,-0.19307135541735165,0.5422479075328817,Gold25 crash DD252 warn-10%/exp75% crash-25%/exp50% recover-5% no panic,0.65,0.25,0.1,252,-0.1,-0.25,0.75,0.5,-0.05,,,,2006-12-29,2026-04-29,0.21306535166367802,0.1426574018728831,2170,0
23.902937057893904,0.17518064792474553,0.14497056792361732,0.9796489047999941,1.4098192515820065,-0.19307135541735176,0.5430450378636907,Gold25 crash DD252 warn-12%/exp75% crash-25%/exp50% recover-5% no panic,0.65,0.25,0.1,252,-0.12,-0.25,0.75,0.5,-0.05,,,,2006-12-29,2026-04-29,0.21556834030683403,0.14015441322972708,1969,0
23.135132524749036,0.17333423270491521,0.14311065991550886,0.9795171360782011,1.4049257631389334,-0.19183945737169217,0.543244320446393,Gold25 crash DD252 warn-8%/exp75% crash-20%/exp25% recover-5% no panic,0.65,0.25,0.1,252,-0.08,-0.2,0.75,0.25,-0.05,,,,2006-12-29,2026-04-29,0.19609234907352063,0.15963040446304047,2431,0
22.435931662851196,0.17160359976910633,0.14138248711205265,0.9793069783047614,1.4010669428418134,-0.19060755932603224,0.5442407333599043,Gold25 crash DD252 warn-8%/exp50% crash-25%/exp25% recover-5% no panic,0.65,0.25,0.1,252,-0.08,-0.25,0.5,0.25,-0.05,,,,2006-12-29,2026-04-29,0.1795427375971309,0.1761800159394302,2431,0
22.334335866918618,0.17134806309486694,0.14115992194088453,0.9790823080384595,1.3997666958688224,-0.1906075593260319,0.5442407333599043,Gold25 crash DD252 warn-8%/exp50% crash-20%/exp25% recover-5% panic-30%/MA200/mom63->0,0.65,0.25,0.1,252,-0.08,-0.2,0.5,0.25,-0.05,-0.3,200.0,63.0,2006-12-29,2026-04-29,0.17751295078700938,0.17820980274955173,2431,10
23.576673321388387,0.1744027492658513,0.14429236073072157,0.9789848522921824,1.4060330441433406,-0.19307135541735176,0.5418493423674771,Gold25 crash DD252 warn-10%/exp75% crash-20%/exp50% recover-5% panic-30%/MA200/mom63->0,0.65,0.25,0.1,252,-0.1,-0.2,0.75,0.5,-0.05,-0.3,200.0,63.0,2006-12-29,2026-04-29,0.21091103805538952,0.14481171548117158,2170,10
23.73379666445347,0.17477858919923372,0.1446960974753781,0.9788665214160603,1.4074476257565556,-0.1930713554173522,0.5426464726982861,Gold25 crash DD252 warn-12%/exp75% crash-20%/exp50% recover-5% panic-30%/MA200/mom63->0,0.65,0.25,0.1,252,-0.12,-0.2,0.75,0.5,-0.05,-0.3,200.0,63.0,2006-12-29,2026-04-29,0.21341402669854553,0.14230872683801557,1969,10
23.86541316297179,0.17509167532509395,0.14503277504682152,0.9787669123444012,1.409575014547812,-0.19307135541735165,0.5424471901155838,Gold25 crash DD252 warn-15%/exp75% crash-20%/exp50% recover-5% no panic,0.65,0.25,0.1,252,-0.15,-0.2,0.75,0.5,-0.05,,,,2006-12-29,2026-04-29,0.2174611476389719,0.1382616058975892,1664,0
23.7260712326019,0.17476016299948283,0.14470806771559622,0.9786902872313771,1.410224953989967,-0.19183945737169195,0.538860103626943,Gold25 crash DD126 warn-8%/exp75% crash-25%/exp50% recover-5% no panic,0.65,0.25,0.1,126,-0.08,-0.25,0.75,0.5,-0.05,,,,2006-12-29,2026-04-29,0.22271617852161785,0.13300657501494326,1953,0
23.7260712326019,0.17476016299948283,0.14470806771559622,0.9786902872313771,1.410224953989967,-0.19183945737169195,0.538860103626943,Gold25 crash DD126 warn-8%/exp75% crash-25%/exp50% recover-5% panic-30%/MA200/mom63->0,0.65,0.25,0.1,126,-0.08,-0.25,0.75,0.5,-0.05,-0.3,200.0,63.0,2006-12-29,2026-04-29,0.22271617852161785,0.13300657501494326,1953,0
23.072441365439918,0.17318101886538972,0.1430982859524047,0.9786764696495737,1.4036473209394036,-0.19183945737169217,0.543244320446393,Gold25 crash DD252 warn-8%/exp75% crash-20%/exp25% recover-5% panic-30%/MA200/mom63->0,0.65,0.25,0.1,252,-0.08,-0.2,0.75,0.25,-0.05,-0.3,200.0,63.0,2006-12-29,2026-04-29,0.19596782227535364,0.15975493126120743,2431,10
23.323980484268397,0.17379349320870818,0.14373812301322766,0.9785916910566352,1.4044859087972834,-0.19307135541735188,0.5420486249501794,Gold25 crash DD252 warn-10%/exp75% crash-18%/exp50% recover-5% no panic,0.65,0.25,0.1,252,-0.1,-0.18,0.75,0.5,-0.05,,,,2006-12-29,2026-04-29,0.2065775054791791,0.149145248057382,2170,0
22.99042049190639,0.17297999096251626,0.1429119995506355,0.9785651440107448,1.4041975398056725,-0.19183945737169228,0.5414507772020726,Gold25 crash DD252 warn-8%/exp75% crash-15%/exp50% recover-5% panic-30%/MA200/mom63->0,0.65,0.25,0.1,252,-0.08,-0.15,0.75,0.5,-0.05,-0.3,200.0,63.0,2006-12-29,2026-04-29,0.19875722255429368,0.15696553098226743,2431,10
23.47948831400425,0.17416913816404223,0.14414341838825578,0.978463426129341,1.405879557166128,-0.19307135541735176,0.5428457552809884,Gold25 crash DD252 warn-12%/exp75% crash-18%/exp50% recover-5% no panic,0.65,0.25,0.1,252,-0.12,-0.18,0.75,0.5,-0.05,,,,2006-12-29,2026-04-29,0.20908049412233512,0.14664225941422598,1969,0
22.375056682201166,0.17145061191541666,0.14136995548143363,0.9784571080464629,1.399775428031946,-0.19060755932603235,0.5442407333599043,Gold25 crash DD252 warn-8%/exp50% crash-25%/exp25% recover-5% panic-30%/MA200/mom63->0,0.65,0.25,0.1,252,-0.08,-0.25,0.5,0.25,-0.05,-0.3,200.0,63.0,2006-12-29,2026-04-29,0.17941821079896395,0.17630454273759716,2431,10
23.61664149104658,0.17449856931395313,0.14453898836788215,0.9781256440347532,1.405867391957072,-0.193071355417352,0.5422479075328817,Gold25 crash DD252 warn-10%/exp75% crash-25%/exp50% recover-5% panic-30%/MA200/mom63->0,0.65,0.25,0.1,252,-0.1,-0.25,0.75,0.5,-0.05,-0.3,200.0,63.0,2006-12-29,2026-04-29,0.2128162980673441,0.14290645546921701,2170,10
23.21656941557535,0.17353269665858018,0.14356613314554476,0.9780430239600711,1.4047919134809839,-0.19183945737169172,0.5436428856117975,Gold25 crash DD252 warn-8%/exp75% crash-25%/exp25% recover-5% no panic,0.65,0.25,0.1,252,-0.08,-0.25,0.75,0.25,-0.05,,,,2006-12-29,2026-04-29,0.19990286909742977,0.15581988443913133,2431,0
23.774020358215903,0.17487443991228524,0.14494203691780447,0.9780145514803404,1.4073012554938094,-0.193071355417352,0.5430450378636907,Gold25 crash DD252 warn-12%/exp75% crash-25%/exp50% recover-5% panic-30%/MA200/mom63->0,0.65,0.25,0.1,252,-0.12,-0.25,0.75,0.5,-0.05,-0.3,200.0,63.0,2006-12-29,2026-04-29,0.2153192867105001,0.140403466826061,1969,10
22.75596645914542,0.17240173841003004,0.14241689790469417,0.9780085373965329,1.4041296078011203,-0.19060755932603235,0.5400557991231566,Gold25 crash DD126 warn-8%/exp50% crash-15%/exp50% recover-5% no panic,0.65,0.25,0.1,126,-0.08,-0.15,0.5,0.5,-0.05,,,,2006-12-29,2026-04-29,0.20135983263598325,0.15436292090057785,1953,0
22.75596645914542,0.17240173841003004,0.14241689790469417,0.9780085373965329,1.4041296078011203,-0.19060755932603235,0.5400557991231566,Gold25 crash DD126 warn-8%/exp50% crash-15%/exp50% recover-5% panic-30%/MA200/mom63->0,0.65,0.25,0.1,126,-0.08,-0.15,0.5,0.5,-0.05,-0.3,200.0,63.0,2006-12-29,2026-04-29,0.20135983263598325,0.15436292090057785,1953,0
22.75596645914542,0.17240173841003004,0.14241689790469417,0.9780085373965329,1.4041296078011203,-0.19060755932603235,0.5400557991231566,Gold25 crash DD126 warn-8%/exp50% crash-18%/exp50% recover-5% no panic,0.65,0.25,0.1,126,-0.08,-0.18,0.5,0.5,-0.05,,,,2006-12-29,2026-04-29,0.20135983263598325,0.15436292090057785,1953,0
22.75596645914542,0.17240173841003004,0.14241689790469417,0.9780085373965329,1.4041296078011203,-0.19060755932603235,0.5400557991231566,Gold25 crash DD126 warn-8%/exp50% crash-18%/exp50% recover-5% panic-30%/MA200/mom63->0,0.65,0.25,0.1,126,-0.08,-0.18,0.5,0.5,-0.05,-0.3,200.0,63.0,2006-12-29,2026-04-29,0.20135983263598325,0.15436292090057785,1953,0
22.75596645914542,0.17240173841003004,0.14241689790469417,0.9780085373965329,1.4041296078011203,-0.19060755932603235,0.5400557991231566,Gold25 crash DD126 warn-8%/exp50% crash-20%/exp50% recover-5% no panic,0.65,0.25,0.1,126,-0.08,-0.2,0.5,0.5,-0.05,,,,2006-12-29,2026-04-29,0.20135983263598325,0.15436292090057785,1953,0
22.75596645914542,0.17240173841003004,0.14241689790469417,0.9780085373965329,1.4041296078011203,-0.19060755932603235,0.5400557991231566,Gold25 crash DD126 warn-8%/exp50% crash-20%/exp50% recover-5% panic-30%/MA200/mom63->0,0.65,0.25,0.1,126,-0.08,-0.2,0.5,0.5,-0.05,-0.3,200.0,63.0,2006-12-29,2026-04-29,0.20135983263598325,0.15436292090057785,1953,0
22.75596645914542,0.17240173841003004,0.14241689790469417,0.9780085373965329,1.4041296078011203,-0.19060755932603235,0.5400557991231566,Gold25 crash DD126 warn-8%/exp50% crash-25%/exp50% recover-5% no panic,0.65,0.25,0.1,126,-0.08,-0.25,0.5,0.5,-0.05,,,,2006-12-29,2026-04-29,0.20135983263598325,0.15436292090057785,1953,0
22.75596645914542,0.17240173841003004,0.14241689790469417,0.9780085373965329,1.4041296078011203,-0.19060755932603235,0.5400557991231566,Gold25 crash DD126 warn-8%/exp50% crash-25%/exp50% recover-5% panic-30%/MA200/mom63->0,0.65,0.25,0.1,126,-0.08,-0.25,0.5,0.5,-0.05,-0.3,200.0,63.0,2006-12-29,2026-04-29,0.20135983263598325,0.15436292090057785,1953,0
23.905850899964026,0.17518755158298238,0.14527814352411433,0.9779209288033489,1.4094373426368976,-0.193071355417352,0.5428457552809884,Gold25 crash DD252 warn-15%/exp75% crash-25%/exp50% recover-5% no panic,0.65,0.25,0.1,252,-0.15,-0.25,0.75,0.5,-0.05,,,,2006-12-29,2026-04-29,0.2193664076509265,0.1363563458856346,1664,0
22.029347257984476,0.17057454972637887,0.1406595084094506,0.9773648629163143,1.3959762125325923,-0.19060755932603235,0.5448385811080112,Gold25 crash DD252 warn-8%/exp50% crash-18%/exp25% recover-5% no panic,0.65,0.25,0.1,252,-0.08,-0.18,0.5,0.25,-0.05,,,,2006-12-29,2026-04-29,0.173054891412632,0.1826678621239291,2431,0
23.391994604346653,0.17395806805141545,0.14412626190115943,0.9773147285569832,1.4091149912443195,-0.19183945737169195,0.5390593862096453,Gold25 crash DD126 warn-8%/exp75% crash-20%/exp25% recover-5% no panic,0.65,0.25,0.1,126,-0.08,-0.2,0.75,0.25,-0.05,,,,2006-12-29,2026-04-29,0.21723699940227137,0.13848575413428973,1953,0
23.391994604346653,0.17395806805141545,0.14412626190115943,0.9773147285569832,1.4091149912443195,-0.19183945737169195,0.5390593862096453,Gold25 crash DD126 warn-8%/exp75% crash-20%/exp25% recover-5% panic-30%/MA200/mom63->0,0.65,0.25,0.1,126,-0.08,-0.2,0.75,0.25,-0.05,-0.3,200.0,63.0,2006-12-29,2026-04-29,0.21723699940227137,0.13848575413428973,1953,0
23.164260393187543,0.17340529108745617,0.14357329415230027,0.9772421991121264,1.4013106700253517,-0.19307135541735165,0.5426464726982861,Gold25 crash DD252 warn-12%/exp50% crash-15%/exp50% recover-5% no panic,0.65,0.25,0.1,252,-0.12,-0.15,0.5,0.5,-0.05,,,,2006-12-29,2026-04-29,0.20096134688184897,0.15476140665471214,1969,0
23.164260393187543,0.17340529108745617,0.14357329415230027,0.9772421991121264,1.4013106700253517,-0.19307135541735165,0.5426464726982861,Gold25 crash DD252 warn-12%/exp50% crash-18%/exp50% recover-5% no panic,0.65,0.25,0.1,252,-0.12,-0.18,0.5,0.5,-0.05,,,,2006-12-29,2026-04-29,0.20096134688184897,0.15476140665471214,1969,0
23.164260393187543,0.17340529108745617,0.14357329415230027,0.9772421991121264,1.4013106700253517,-0.19307135541735165,0.5426464726982861,Gold25 crash DD252 warn-12%/exp50% crash-20%/exp50% recover-5% no panic,0.65,0.25,0.1,252,-0.12,-0.2,0.5,0.5,-0.05,,,,2006-12-29,2026-04-29,0.20096134688184897,0.15476140665471214,1969,0
23.164260393187543,0.17340529108745617,0.14357329415230027,0.9772421991121264,1.4013106700253517,-0.19307135541735165,0.5426464726982861,Gold25 crash DD252 warn-12%/exp50% crash-25%/exp50% recover-5% no panic,0.65,0.25,0.1,252,-0.12,-0.25,0.5,0.5,-0.05,,,,2006-12-29,2026-04-29,0.20096134688184897,0.15476140665471214,1969,0
23.153666723427502,0.17337945690365597,0.14355379930146495,0.9772046246678147,1.4035162845030922,-0.19183945737169206,0.5436428856117975,Gold25 crash DD252 warn-8%/exp75% crash-25%/exp25% recover-5% panic-30%/MA200/mom63->0,0.65,0.25,0.1,252,-0.08,-0.25,0.75,0.25,-0.05,-0.3,200.0,63.0,2006-12-29,2026-04-29,0.1997783422992628,0.1559444112372983,2431,10
23.79678588148089,0.1749286233425047,0.14513985854983052,0.9771981535206771,1.4085257139530478,-0.19307135541735154,0.538860103626943,Gold25 crash DD126 warn-10%/exp75% crash-20%/exp50% recover-5% no panic,0.65,0.25,0.1,126,-0.1,-0.2,0.75,0.5,-0.05,,,,2006-12-29,2026-04-29,0.22597878063359234,0.12974397290296874,1590,0
23.79678588148089,0.1749286233425047,0.14513985854983052,0.9771981535206771,1.4085257139530478,-0.19307135541735154,0.538860103626943,Gold25 crash DD126 warn-10%/exp75% crash-20%/exp50% recover-5% panic-30%/MA200/mom63->0,0.65,0.25,0.1,126,-0.1,-0.2,0.75,0.5,-0.05,-0.3,200.0,63.0,2006-12-29,2026-04-29,0.22597878063359234,0.12974397290296874,1590,0
23.736690715749965,0.1747854904955568,0.14500425579544576,0.9771330074160224,1.4070558901251558,-0.193071355417352,0.5424471901155838,Gold25 crash DD252 warn-15%/exp75% crash-20%/exp50% recover-5% panic-30%/MA200/mom63->0,0.65,0.25,0.1,252,-0.15,-0.2,0.75,0.5,-0.05,-0.3,200.0,63.0,2006-12-29,2026-04-29,0.21721209404263797,0.13851065949392313,1664,10
22.854247165955723,0.17264479285397116,0.1428176170946951,0.9771176992537542,1.398255564108597,-0.19307135541735176,0.5430450378636907,Gold25 crash DD252 warn-10%/exp50% crash-15%/exp50% recover-5% no panic,0.65,0.25,0.1,252,-0.1,-0.15,0.5,0.5,-0.05,,,,2006-12-29,2026-04-29,0.19595536959553697,0.15976738394102413,2170,0
22.854247165955723,0.17264479285397116,0.1428176170946951,0.9771176992537542,1.398255564108597,-0.19307135541735176,0.5430450378636907,Gold25 crash DD252 warn-10%/exp50% crash-18%/exp50% recover-5% no panic,0.65,0.25,0.1,252,-0.1,-0.18,0.5,0.5,-0.05,,,,2006-12-29,2026-04-29,0.19595536959553697,0.15976738394102413,2170,0
22.854247165955723,0.17264479285397116,0.1428176170946951,0.9771176992537542,1.398255564108597,-0.19307135541735176,0.5430450378636907,Gold25 crash DD252 warn-10%/exp50% crash-20%/exp50% recover-5% no panic,0.65,0.25,0.1,252,-0.1,-0.2,0.5,0.5,-0.05,,,,2006-12-29,2026-04-29,0.19595536959553697,0.15976738394102413,2170,0
22.854247165955723,0.17264479285397116,0.1428176170946951,0.9771176992537542,1.398255564108597,-0.19307135541735176,0.5430450378636907,Gold25 crash DD252 warn-10%/exp50% crash-25%/exp50% recover-5% no panic,0.65,0.25,0.1,252,-0.1,-0.25,0.5,0.5,-0.05,,,,2006-12-29,2026-04-29,0.19595536959553697,0.15976738394102413,2170,0
23.198060907803423,0.17348764663675453,0.14370933738631408,0.9769448426557173,1.4019505451926533,-0.1930713554173521,0.5420486249501794,Gold25 crash DD252 warn-10%/exp75% crash-18%/exp50% recover-5% panic-30%/MA200/mom63->0,0.65,0.25,0.1,252,-0.1,-0.18,0.75,0.5,-0.05,-0.3,200.0,63.0,2006-12-29,2026-04-29,0.20632845188284518,0.14939430165371592,2170,10
23.35276370975747,0.17386319371309855,0.14411471647296664,0.9768206161567365,1.4033496319902887,-0.193071355417352,0.5428457552809884,Gold25 crash DD252 warn-12%/exp75% crash-18%/exp50% recover-5% panic-30%/MA200/mom63->0,0.65,0.25,0.1,252,-0.12,-0.18,0.75,0.5,-0.05,-0.3,200.0,63.0,2006-12-29,2026-04-29,0.2088314405260012,0.1468913130105599,1969,10
23.482352609197306,0.17417603588011432,0.14445275656042084,0.9767161619133056,1.4054695520237495,-0.19307135541735176,0.5426464726982861,Gold25 crash DD252 warn-15%/exp75% crash-18%/exp50% recover-5% no panic,0.65,0.25,0.1,252,-0.15,-0.18,0.75,0.5,-0.05,,,,2006-12-29,2026-04-29,0.21287856146642758,0.14284419207013352,1664,0
21.969528382896435,0.17042169624591708,0.1406469086956553,0.9765109236618861,1.3946797271935112,-0.19060755932603224,0.5448385811080112,Gold25 crash DD252 warn-8%/exp50% crash-18%/exp25% recover-5% panic-30%/MA200/mom63->0,0.65,0.25,0.1,252,-0.08,-0.18,0.5,0.25,-0.05,-0.3,200.0,63.0,2006-12-29,2026-04-29,0.17293036461446504,0.18279238892209607,2431,10
23.77691911600505,0.17488134177168813,0.14524967329835736,0.9762892883817612,1.4069212610257704,-0.19307135541735176,0.5428457552809884,Gold25 crash DD252 warn-15%/exp75% crash-25%/exp50% recover-5% panic-30%/MA200/mom63->0,0.65,0.25,0.1,252,-0.15,-0.25,0.75,0.5,-0.05,-0.3,200.0,63.0,2006-12-29,2026-04-29,0.21911735405459254,0.13660539948196856,1664,10
23.810462598728815,0.1749611521076564,0.14535265887361798,0.9761671401323143,1.4075162890775388,-0.19307135541735188,0.5408529294539657,Gold25 crash DD252 warn-12%/exp75% crash-20%/exp50% recover-8% no panic,0.65,0.25,0.1,252,-0.12,-0.2,0.75,0.5,-0.08,,,,2006-12-29,2026-04-29,0.2250821876867902,0.1306405658497709,1531,0
23.017360603299423,0.17304609134619775,0.1434221739422235,0.9759859767676649,1.3998131697530058,-0.19307135541735188,0.5416500597847748,Gold25 crash DD252 warn-10%/exp75% crash-15%/exp50% recover-5% no panic,0.65,0.25,0.1,252,-0.1,-0.15,0.75,0.5,-0.05,,,,2006-12-29,2026-04-29,0.20225642558278542,0.15346632795377568,2170,0
23.17090815386693,0.17342149711317378,0.14382836676056557,0.9758586837055898,1.4011941193803752,-0.19307135541735188,0.5424471901155838,Gold25 crash DD252 warn-12%/exp75% crash-15%/exp50% recover-5% no panic,0.65,0.25,0.1,252,-0.12,-0.15,0.75,0.5,-0.05,,,,2006-12-29,2026-04-29,0.20475941422594143,0.15096333931061967,1969,0
23.633893404951642,0.17453988355884031,0.14500062744857267,0.97571316584841,1.4054119905823272,-0.19307135541735188,0.5386608210442407,Gold25 crash DD126 warn-10%/exp75% crash-18%/exp50% recover-5% no panic,0.65,0.25,0.1,126,-0.1,-0.18,0.75,0.5,-0.05,,,,2006-12-29,2026-04-29,0.22484558677027297,0.13087716676628813,1590,0
23.633893404951642,0.17453988355884031,0.14500062744857267,0.97571316584841,1.4054119905823272,-0.19307135541735188,0.5386608210442407,Gold25 crash DD126 warn-10%/exp75% crash-18%/exp50% recover-5% panic-30%/MA200/mom63->0,0.65,0.25,0.1,126,-0.1,-0.18,0.75,0.5,-0.05,-0.3,200.0,63.0,2006-12-29,2026-04-29,0.22484558677027297,0.13087716676628813,1590,0
23.039167650399683,0.17309954566641972,0.1435444728720536,0.9755934313695166,1.3987744006226726,-0.193071355417352,0.5426464726982861,Gold25 crash DD252 warn-12%/exp50% crash-15%/exp50% recover-5% panic-30%/MA200/mom63->0,0.65,0.25,0.1,252,-0.12,-0.15,0.5,0.5,-0.05,-0.3,200.0,63.0,2006-12-29,2026-04-29,0.20071229328551504,0.15501046025104606,1969,10
23.039167650399683,0.17309954566641972,0.1435444728720536,0.9755934313695166,1.3987744006226726,-0.193071355417352,0.5426464726982861,Gold25 crash DD252 warn-12%/exp50% crash-18%/exp50% recover-5% panic-30%/MA200/mom63->0,0.65,0.25,0.1,252,-0.12,-0.18,0.5,0.5,-0.05,-0.3,200.0,63.0,2006-12-29,2026-04-29,0.20071229328551504,0.15501046025104606,1969,10
23.039167650399683,0.17309954566641972,0.1435444728720536,0.9755934313695166,1.3987744006226726,-0.193071355417352,0.5426464726982861,Gold25 crash DD252 warn-12%/exp50% crash-20%/exp50% recover-5% panic-30%/MA200/mom63->0,0.65,0.25,0.1,252,-0.12,-0.2,0.5,0.5,-0.05,-0.3,200.0,63.0,2006-12-29,2026-04-29,0.20071229328551504,0.15501046025104606,1969,10
23.039167650399683,0.17309954566641972,0.1435444728720536,0.9755934313695166,1.3987744006226726,-0.193071355417352,0.5426464726982861,Gold25 crash DD252 warn-12%/exp50% crash-25%/exp50% recover-5% panic-30%/MA200/mom63->0,0.65,0.25,0.1,252,-0.12,-0.25,0.5,0.5,-0.05,-0.3,200.0,63.0,2006-12-29,2026-04-29,0.20071229328551504,0.15501046025104606,1969,10
22.730759289373584,0.1723392455902586,0.14278863771817224,0.975461260689333,1.3957102957565835,-0.193071355417352,0.5430450378636907,Gold25 crash DD252 warn-10%/exp50% crash-15%/exp50% recover-5% panic-30%/MA200/mom63->0,0.65,0.25,0.1,252,-0.1,-0.15,0.5,0.5,-0.05,-0.3,200.0,63.0,2006-12-29,2026-04-29,0.19570631599920302,0.16001643753735809,2170,10
22.730759289373584,0.1723392455902586,0.14278863771817224,0.975461260689333,1.3957102957565835,-0.193071355417352,0.5430450378636907,Gold25 crash DD252 warn-10%/exp50% crash-18%/exp50% recover-5% panic-30%/MA200/mom63->0,0.65,0.25,0.1,252,-0.1,-0.18,0.5,0.5,-0.05,-0.3,200.0,63.0,2006-12-29,2026-04-29,0.19570631599920302,0.16001643753735809,2170,10
22.730759289373584,0.1723392455902586,0.14278863771817224,0.975461260689333,1.3957102957565835,-0.193071355417352,0.5430450378636907,Gold25 crash DD252 warn-10%/exp50% crash-20%/exp50% recover-5% panic-30%/MA200/mom63->0,0.65,0.25,0.1,252,-0.1,-0.2,0.5,0.5,-0.05,-0.3,200.0,63.0,2006-12-29,2026-04-29,0.19570631599920302,0.16001643753735809,2170,10
22.730759289373584,0.1723392455902586,0.14278863771817224,0.975461260689333,1.3957102957565835,-0.193071355417352,0.5430450378636907,Gold25 crash DD252 warn-10%/exp50% crash-25%/exp50% recover-5% panic-30%/MA200/mom63->0,0.65,0.25,0.1,252,-0.1,-0.25,0.5,0.5,-0.05,-0.3,200.0,63.0,2006-12-29,2026-04-29,0.19570631599920302,0.16001643753735809,2170,10
23.037152882404815,0.17309460891664408,0.14359131557676474,0.9752946089838781,1.3980232650501045,-0.19307135541735188,0.5434436030290952,Gold25 crash DD252 warn-10%/exp75% crash-20%/exp25% recover-5% no panic,0.65,0.25,0.1,252,-0.1,-0.2,0.75,0.25,-0.05,,,,2006-12-29,2026-04-29,0.19934249850567842,0.15638025503088268,2170,0
23.84146696139805,0.17503483000086728,0.14559726718078017,0.9752024600220826,1.4071958344676547,-0.19307135541735176,0.5412514946193703,Gold25 crash DD252 warn-12%/exp75% crash-25%/exp50% recover-8% no panic,0.65,0.25,0.1,252,-0.12,-0.25,0.75,0.5,-0.08,,,,2006-12-29,2026-04-29,0.2268753735803945,0.1288473799561666,1531,0
23.932307585308756,0.17525019934843145,0.14582125464541207,0.9751846853257948,1.4089589652354033,-0.193071355417352,0.5408529294539657,Gold25 crash DD252 warn-15%/exp75% crash-20%/exp50% recover-8% no panic,0.65,0.25,0.1,252,-0.15,-0.2,0.75,0.5,-0.08,,,,2006-12-29,2026-04-29,0.23143305439330544,0.12428969914325566,1021,0
23.190826968773596,0.17347003021052476,0.14399703058841204,0.9751726514530535,1.3994299890549446,-0.19307135541735165,0.5442407333599043,Gold25 crash DD252 warn-12%/exp75% crash-20%/exp25% recover-5% no panic,0.65,0.25,0.1,252,-0.12,-0.2,0.75,0.25,-0.05,,,,2006-12-29,2026-04-29,0.20184548714883443,0.15387726638772667,1969,0
23.355613177161825,0.17387008963188388,0.14442411648688164,0.9750761058696961,1.4029416069527503,-0.19307135541735165,0.5426464726982861,Gold25 crash DD252 warn-15%/exp75% crash-18%/exp50% recover-5% panic-30%/MA200/mom63->0,0.65,0.25,0.1,252,-0.15,-0.18,0.75,0.5,-0.05,-0.3,200.0,63.0,2006-12-29,2026-04-29,0.21262950787009363,0.14309324566646744,1664,10
22.39180797611006,0.17149274810477455,0.14201471339363125,0.9749093000476242,1.3957712481239648,-0.19183945737169195,0.5440414507772021,Gold25 crash DD252 warn-8%/exp75% crash-18%/exp25% recover-5% no panic,0.65,0.25,0.1,252,-0.08,-0.18,0.75,0.25,-0.05,,,,2006-12-29,2026-04-29,0.18692717672843195,0.16879557680812915,2431,0
23.682024617767926,0.17465500128757605,0.1453242019295281,0.9745359036905181,1.4049990233845404,-0.19307135541735176,0.5408529294539657,Gold25 crash DD252 warn-12%/exp75% crash-20%/exp50% recover-8% panic-30%/MA200/mom63->0,0.65,0.25,0.1,252,-0.12,-0.2,0.75,0.5,-0.08,-0.3,200.0,63.0,2006-12-29,2026-04-29,0.22483313409045627,0.13088961944610483,1531,10
22.974716225836072,0.17294142636716314,0.14357898254173299,0.9744561151515223,1.3967498536233833,-0.1930713554173522,0.5434436030290952,Gold25 crash DD252 warn-10%/exp75% crash-20%/exp25% recover-5% panic-30%/MA200/mom63->0,0.65,0.25,0.1,252,-0.1,-0.2,0.75,0.25,-0.05,-0.3,200.0,63.0,2006-12-29,2026-04-29,0.19921797170751146,0.15650478182904964,2170,10
23.666432543255297,0.17461773234078715,0.14530517302510676,0.9744294400508012,1.4037387696434809,-0.193071355417352,0.538860103626943,Gold25 crash DD126 warn-10%/exp75% crash-25%/exp50% recover-5% no panic,0.65,0.25,0.1,126,-0.1,-0.25,0.75,0.5,-0.05,,,,2006-12-29,2026-04-29,0.2272365012950787,0.1284862522414824,1590,0
23.666432543255297,0.17461773234078715,0.14530517302510676,0.9744294400508012,1.4037387696434809,-0.193071355417352,0.538860103626943,Gold25 crash DD126 warn-10%/exp75% crash-25%/exp50% recover-5% panic-30%/MA200/mom63->0,0.65,0.25,0.1,126,-0.1,-0.25,0.75,0.5,-0.05,-0.3,200.0,63.0,2006-12-29,2026-04-29,0.2272365012950787,0.1284862522414824,1590,0
23.127991142794205,0.17331679863857818,0.14398473368494788,0.9743362653525423,1.3981592997234724,-0.19307135541735154,0.5442407333599043,Gold25 crash DD252 warn-12%/exp75% crash-20%/exp25% recover-5% panic-30%/MA200/mom63->0,0.65,0.25,0.1,252,-0.12,-0.2,0.75,0.25,-0.05,-0.3,200.0,63.0,2006-12-29,2026-04-29,0.20172096035066747,0.15400179318589363,1969,10
22.893028326477932,0.1727404395191452,0.14339331988479234,0.9743354416342561,1.3972728070874203,-0.19307135541735188,0.5416500597847748,Gold25 crash DD252 warn-10%/exp75% crash-15%/exp50% recover-5% panic-30%/MA200/mom63->0,0.65,0.25,0.1,252,-0.1,-0.15,0.75,0.5,-0.05,-0.3,200.0,63.0,2006-12-29,2026-04-29,0.2020073719864515,0.1537153815501096,2170,10
21.734440208204404,0.16981729653456412,0.14040871993526122,0.9742468906053162,1.3907320782801311,-0.19060755932603268,0.5448385811080112,Gold25 crash DD252 warn-8%/exp50% crash-15%/exp25% recover-5% no panic,0.65,0.25,0.1,252,-0.08,-0.15,0.5,0.25,-0.05,,,,2006-12-29,2026-04-29,0.16873381151623829,0.18698894202032282,2431,0
23.96346421140869,0.17532389536683013,0.14606507738020527,0.9742299848901823,1.4086579972574145,-0.19307135541735232,0.5412514946193703,Gold25 crash DD252 warn-15%/exp75% crash-25%/exp50% recover-8% no panic,0.65,0.25,0.1,252,-0.15,-0.25,0.75,0.5,-0.08,,,,2006-12-29,2026-04-29,0.23322624028690975,0.12249651324965136,1021,0
23.04578099717162,0.17311574746945424,0.14379959697114902,0.9742122144250898,1.3986592440050238,-0.19307135541735188,0.5424471901155838,Gold25 crash DD252 warn-12%/exp75% crash-15%/exp50% recover-5% panic-30%/MA200/mom63->0,0.65,0.25,0.1,252,-0.12,-0.15,0.75,0.5,-0.05,-0.3,200.0,63.0,2006-12-29,2026-04-29,0.20451036062960748,0.15121239290695362,1969,10
23.071040965912335,0.17317759203831584,0.1438681078581836,0.9741836434481471,1.4027415997388017,-0.19183945737169206,0.5386608210442407,Gold25 crash DD126 warn-8%/exp75% crash-18%/exp25% recover-5% no panic,0.65,0.25,0.1,126,-0.08,-0.18,0.75,0.25,-0.05,,,,2006-12-29,2026-04-29,0.21497061167563258,0.1407521418609285,1953,0
23.071040965912335,0.17317759203831584,0.1438681078581836,0.9741836434481471,1.4027415997388017,-0.19183945737169206,0.5386608210442407,Gold25 crash DD126 warn-8%/exp75% crash-18%/exp25% recover-5% panic-30%/MA200/mom63->0,0.65,0.25,0.1,126,-0.08,-0.18,0.75,0.25,-0.05,-0.3,200.0,63.0,2006-12-29,2026-04-29,0.21497061167563258,0.1407521418609285,1953,0
23.173736342722236,0.17342839043719027,0.14413838201800766,0.9741086146247409,1.4007731585199694,-0.19307135541735176,0.5422479075328817,Gold25 crash DD252 warn-15%/exp50% crash-15%/exp50% recover-5% no panic,0.65,0.25,0.1,252,-0.15,-0.15,0.5,0.5,-0.05,,,,2006-12-29,2026-04-29,0.20855748157003387,0.14716527196652723,1664,0
23.173736342722236,0.17342839043719027,0.14413838201800766,0.9741086146247409,1.4007731585199694,-0.19307135541735176,0.5422479075328817,Gold25 crash DD252 warn-15%/exp75% crash-15%/exp50% recover-5% no panic,0.65,0.25,0.1,252,-0.15,-0.15,0.75,0.5,-0.05,,,,2006-12-29,2026-04-29,0.20855748157003387,0.14716527196652723,1664,0
23.173736342722236,0.17342839043719027,0.14413838201800766,0.9741086146247409,1.4007731585199694,-0.19307135541735176,0.5422479075328817,Gold25 crash DD252 warn-15%/exp50% crash-18%/exp50% recover-5% no panic,0.65,0.25,0.1,252,-0.15,-0.18,0.5,0.5,-0.05,,,,2006-12-29,2026-04-29,0.20855748157003387,0.14716527196652723,1664,0
23.173736342722236,0.17342839043719027,0.14413838201800766,0.9741086146247409,1.4007731585199694,-0.19307135541735176,0.5422479075328817,Gold25 crash DD252 warn-15%/exp50% crash-20%/exp50% recover-5% no panic,0.65,0.25,0.1,252,-0.15,-0.2,0.5,0.5,-0.05,,,,2006-12-29,2026-04-29,0.20855748157003387,0.14716527196652723,1664,0
23.173736342722236,0.17342839043719027,0.14413838201800766,0.9741086146247409,1.4007731585199694,-0.19307135541735176,0.5422479075328817,Gold25 crash DD252 warn-15%/exp50% crash-25%/exp50% recover-5% no panic,0.65,0.25,0.1,252,-0.15,-0.25,0.5,0.5,-0.05,,,,2006-12-29,2026-04-29,0.20855748157003387,0.14716527196652723,1664,0
22.331047607015137,0.1713397747260812,0.14200223753674446,0.9740624429341254,1.3944846104832775,-0.19183945737169217,0.5440414507772021,Gold25 crash DD252 warn-8%/exp75% crash-18%/exp25% recover-5% panic-30%/MA200/mom63->0,0.65,0.25,0.1,252,-0.08,-0.18,0.75,0.25,-0.05,-0.3,200.0,63.0,2006-12-29,2026-04-29,0.186802649930265,0.1689201036062961,2431,10
24.000533499270155,0.17541146312419897,0.14620980413402254,0.9739223517792988,1.4070147713977474,-0.19307135541735188,0.5404543642885612,Gold25 crash DD126 warn-12%/exp75% crash-25%/exp50% recover-8% no panic,0.65,0.25,0.1,126,-0.12,-0.25,0.75,0.5,-0.08,,,,2006-12-29,2026-04-29,0.23604054592548315,0.11968220761107794,964,0
24.000533499270155,0.17541146312419897,0.14620980413402254,0.9739223517792988,1.4070147713977474,-0.19307135541735188,0.5404543642885612,Gold25 crash DD126 warn-12%/exp75% crash-25%/exp50% recover-8% panic-30%/MA200/mom63->0,0.65,0.25,0.1,126,-0.12,-0.25,0.75,0.5,-0.08,-0.3,200.0,63.0,2006-12-29,2026-04-29,0.23604054592548315,0.11968220761107794,964,0
23.118259169807345,0.173293032339074,0.14404526985008914,0.9738490363628967,1.3979332885421982,-0.1930713554173521,0.5438421681944998,Gold25 crash DD252 warn-10%/exp75% crash-25%/exp25% recover-5% no panic,0.65,0.25,0.1,252,-0.1,-0.25,0.75,0.25,-0.05,,,,2006-12-29,2026-04-29,0.20315301852958756,0.15256973500697354,2170,0
22.31180242262845,0.17129124316557687,0.14199479392031183,0.9738139898192765,1.3981913874150906,-0.19060755932603235,0.5402550817058589,Gold25 crash DD126 warn-8%/exp50% crash-20%/exp25% recover-5% no panic,0.65,0.25,0.1,126,-0.08,-0.2,0.5,0.25,-0.05,,,,2006-12-29,2026-04-29,0.19713837417812313,0.15858437935843797,1953,0
22.31180242262845,0.17129124316557687,0.14199479392031183,0.9738139898192765,1.3981913874150906,-0.19060755932603235,0.5402550817058589,Gold25 crash DD126 warn-8%/exp50% crash-20%/exp25% recover-5% panic-30%/MA200/mom63->0,0.65,0.25,0.1,126,-0.08,-0.2,0.5,0.25,-0.05,-0.3,200.0,63.0,2006-12-29,2026-04-29,0.19713837417812313,0.15858437935843797,1953,0
23.30982330142198,0.17375918189819606,0.14453548849694325,0.9737833078769548,1.4045499832904773,-0.19183945737169183,0.5386608210442407,Gold25 crash DD126 warn-8%/exp75% crash-20%/exp50% recover-5% panic-25%/MA200/mom63->0,0.65,0.25,0.1,126,-0.08,-0.2,0.75,0.5,-0.05,-0.25,200.0,63.0,2006-12-29,2026-04-29,0.22093544530783024,0.13478730822873086,1953,21
23.272451784085312,0.1736685171336978,0.14444970741272914,0.9737401334818867,1.3993721520983942,-0.193071355417352,0.5446392985253089,Gold25 crash DD252 warn-12%/exp75% crash-25%/exp25% recover-5% no panic,0.65,0.25,0.1,252,-0.12,-0.25,0.75,0.25,-0.05,,,,2006-12-29,2026-04-29,0.20565600717274357,0.15006674636381753,1969,0
21.954660104777716,0.17038364509077542,0.14107805740043344,0.9737254471650368,1.3916356420718499,-0.19060755932603235,0.5440414507772021,Gold25 crash DD252 warn-8%/exp50% crash-20%/exp25% recover-5% panic-25%/MA200/mom63->0,0.65,0.25,0.1,252,-0.08,-0.2,0.5,0.25,-0.05,-0.25,200.0,63.0,2006-12-29,2026-04-29,0.17609334528790596,0.17962940824865514,2431,124
23.71286847807937,0.1747286599830904,0.14556885876450446,0.9735734515077147,1.404681578668505,-0.193071355417352,0.5412514946193703,Gold25 crash DD252 warn-12%/exp75% crash-25%/exp50% recover-8% panic-30%/MA200/mom63->0,0.65,0.25,0.1,252,-0.12,-0.25,0.75,0.5,-0.08,-0.3,200.0,63.0,2006-12-29,2026-04-29,0.22662631998406058,0.12909643355250053,1531,10
23.803238841257407,0.17494397321347832,0.14579289143001162,0.9735578742228702,1.4064456034617312,-0.19307135541735176,0.5408529294539657,Gold25 crash DD252 warn-15%/exp75% crash-20%/exp50% recover-8% panic-30%/MA200/mom63->0,0.65,0.25,0.1,252,-0.15,-0.2,0.75,0.5,-0.08,-0.3,200.0,63.0,2006-12-29,2026-04-29,0.23118400079697152,0.1245387527395896,1021,10
23.900640876746774,0.17517520712715173,0.14603113134278173,0.9735573174639074,1.4069311160754796,-0.19374179884259302,0.5404543642885612,Gold25 crash DD126 warn-12%/exp75% crash-20%/exp50% recover-8% no panic,0.65,0.25,0.1,126,-0.12,-0.2,0.75,0.5,-0.08,,,,2006-12-29,2026-04-29,0.23504433154014745,0.12067842199641367,964,0
23.900640876746774,0.17517520712715173,0.14603113134278173,0.9735573174639074,1.4069311160754796,-0.19374179884259302,0.5404543642885612,Gold25 crash DD126 warn-12%/exp75% crash-20%/exp50% recover-8% panic-30%/MA200/mom63->0,0.65,0.25,0.1,126,-0.12,-0.2,0.75,0.5,-0.08,-0.3,200.0,63.0,2006-12-29,2026-04-29,0.23504433154014745,0.12067842199641367,964,0
24.102881129541615,0.1756525973611549,0.14652223341515533,0.9735564589094058,1.4059409451921792,-0.193071355417352,0.5400557991231566,Gold25 crash DD126 warn-15%/exp75% crash-20%/exp50% recover-5% no panic,0.65,0.25,0.1,126,-0.15,-0.2,0.75,0.5,-0.05,,,,2006-12-29,2026-04-29,0.23656355847778443,0.11915919505877669,740,0
24.102881129541615,0.1756525973611549,0.14652223341515533,0.9735564589094058,1.4059409451921792,-0.193071355417352,0.5400557991231566,Gold25 crash DD126 warn-15%/exp75% crash-20%/exp50% recover-5% panic-30%/MA200/mom63->0,0.65,0.25,0.1,126,-0.15,-0.2,0.75,0.5,-0.05,-0.3,200.0,63.0,2006-12-29,2026-04-29,0.23656355847778443,0.11915919505877669,740,0
23.760398171884205,0.1748419956011269,0.1456949234670117,0.973518903069739,1.4055829490058287,-0.19307135541735232,0.5400557991231566,Gold25 crash DD126 warn-12%/exp75% crash-20%/exp50% recover-5% no panic,0.65,0.25,0.1,126,-0.12,-0.2,0.75,0.5,-0.05,,,,2006-12-29,2026-04-29,0.230424387328153,0.1252983662084081,1233,0
23.760398171884205,0.1748419956011269,0.1456949234670117,0.973518903069739,1.4055829490058287,-0.19307135541735232,0.5400557991231566,Gold25 crash DD126 warn-12%/exp75% crash-20%/exp50% recover-5% panic-30%/MA200/mom63->0,0.65,0.25,0.1,126,-0.12,-0.2,0.75,0.5,-0.05,-0.3,200.0,63.0,2006-12-29,2026-04-29,0.230424387328153,0.1252983662084081,1233,0
23.19365748828918,0.17347692381965185,0.1443066834134111,0.9734285464323604,1.3990264425634775,-0.19307135541735188,0.5440414507772021,Gold25 crash DD252 warn-15%/exp75% crash-20%/exp25% recover-5% no panic,0.65,0.25,0.1,252,-0.15,-0.2,0.75,0.25,-0.05,,,,2006-12-29,2026-04-29,0.20564355449292687,0.15007919904363423,1664,0
23.121691870185483,0.17330141632275398,0.14412969106836343,0.9734099106259897,1.403701117617375,-0.19183945737169206,0.538860103626943,Gold25 crash DD126 warn-8%/exp75% crash-20%/exp25% recover-5% panic-25%/MA200/mom63->0,0.65,0.25,0.1,126,-0.08,-0.2,0.75,0.25,-0.05,-0.25,200.0,63.0,2006-12-29,2026-04-29,0.21697549312612074,0.13874726041044036,1953,21
21.67538735604244,0.16966454193613068,0.14039609515875065,0.9733913199108492,1.3894336536991116,-0.19060755932603224,0.5448385811080112,Gold25 crash DD252 warn-8%/exp50% crash-15%/exp25% recover-5% panic-30%/MA200/mom63->0,0.65,0.25,0.1,252,-0.08,-0.15,0.5,0.25,-0.05,-0.3,200.0,63.0,2006-12-29,2026-04-29,0.16860928471807132,0.18711346881848978,2431,10
22.68075580069394,0.17221509171504135,0.14301757362278517,0.9733841382806726,1.395589573133829,-0.19183945737169183,0.5430450378636907,Gold25 crash DD252 warn-8%/exp75% crash-20%/exp25% recover-5% panic-25%/MA200/mom63->0,0.65,0.25,0.1,252,-0.08,-0.2,0.75,0.25,-0.05,-0.25,200.0,63.0,2006-12-29,2026-04-29,0.19454821677625025,0.16117453676031085,2431,124
22.150961383507095,0.17088414764908877,0.14167918011781294,0.973213034375182,1.3933663795096194,-0.19060755932603224,0.5424471901155838,Gold25 crash DD252 warn-8%/exp50% crash-15%/exp50% recover-5% panic-25%/MA200/mom63->0,0.65,0.25,0.1,252,-0.08,-0.15,0.5,0.5,-0.05,-0.25,200.0,63.0,2006-12-29,2026-04-29,0.1863668061366806,0.1693559473998805,2431,124
22.150961383507095,0.17088414764908877,0.14167918011781294,0.973213034375182,1.3933663795096194,-0.19060755932603224,0.5424471901155838,Gold25 crash DD252 warn-8%/exp50% crash-18%/exp50% recover-5% panic-25%/MA200/mom63->0,0.65,0.25,0.1,252,-0.08,-0.18,0.5,0.5,-0.05,-0.25,200.0,63.0,2006-12-29,2026-04-29,0.1863668061366806,0.1693559473998805,2431,124
22.150961383507095,0.17088414764908877,0.14167918011781294,0.973213034375182,1.3933663795096194,-0.19060755932603224,0.5424471901155838,Gold25 crash DD252 warn-8%/exp50% crash-20%/exp50% recover-5% panic-25%/MA200/mom63->0,0.65,0.25,0.1,252,-0.08,-0.2,0.5,0.5,-0.05,-0.25,200.0,63.0,2006-12-29,2026-04-29,0.1863668061366806,0.1693559473998805,2431,124
23.33316169979588,0.17381573464058042,0.1447257668965997,0.9730262936422482,1.4025513441821282,-0.19307135541735176,0.5390593862096453,Gold25 crash DD126 warn-10%/exp75% crash-20%/exp25% recover-5% no panic,0.65,0.25,0.1,126,-0.1,-0.2,0.75,0.25,-0.05,,,,2006-12-29,2026-04-29,0.2217573221757322,0.1339654313608289,1590,0
23.33316169979588,0.17381573464058042,0.1447257668965997,0.9730262936422482,1.4025513441821282,-0.19307135541735176,0.5390593862096453,Gold25 crash DD126 warn-10%/exp75% crash-20%/exp25% recover-5% panic-30%/MA200/mom63->0,0.65,0.25,0.1,126,-0.1,-0.2,0.75,0.25,-0.05,-0.3,200.0,63.0,2006-12-29,2026-04-29,0.2217573221757322,0.1339654313608289,1590,0
23.05561183914467,0.1731398238794879,0.14403297654112224,0.9730127930962731,1.3966626405540268,-0.19307135541735176,0.5438421681944998,Gold25 crash DD252 warn-10%/exp75% crash-25%/exp25% recover-5% panic-30%/MA200/mom63->0,0.65,0.25,0.1,252,-0.1,-0.25,0.75,0.25,-0.05,-0.3,200.0,63.0,2006-12-29,2026-04-29,0.2030284917314206,0.1526942618051405,2170,10
22.883266429199463,0.1727163774727134,0.14361055211049148,0.9729352465349408,1.3974214223166967,-0.19183945737169206,0.5414507772020726,Gold25 crash DD252 warn-8%/exp75% crash-20%/exp50% recover-5% panic-25%/MA200/mom63->0,0.65,0.25,0.1,252,-0.08,-0.2,0.75,0.5,-0.05,-0.25,200.0,63.0,2006-12-29,2026-04-29,0.2048216776250249,0.1509010759115362,2431,124
23.81120112306789,0.1749629081325348,0.1459248289326072,0.9729208162476155,1.4054487328696483,-0.19307135541735188,0.5402550817058589,Gold25 crash DD126 warn-12%/exp75% crash-18%/exp50% recover-8% no panic,0.65,0.25,0.1,126,-0.12,-0.18,0.75,0.5,-0.08,,,,2006-12-29,2026-04-29,0.23427226539151225,0.12145048814504884,964,0
23.81120112306789,0.1749629081325348,0.1459248289326072,0.9729208162476155,1.4054487328696483,-0.19307135541735188,0.5402550817058589,Gold25 crash DD126 warn-12%/exp75% crash-18%/exp50% recover-8% panic-30%/MA200/mom63->0,0.65,0.25,0.1,126,-0.12,-0.18,0.75,0.5,-0.08,-0.3,200.0,63.0,2006-12-29,2026-04-29,0.23427226539151225,0.12145048814504884,964,0
23.209403937131857,0.17351525964335224,0.14443744990176743,0.9729059813723202,1.398104189822674,-0.1930713554173521,0.5446392985253089,Gold25 crash DD252 warn-12%/exp75% crash-25%/exp25% recover-5% panic-30%/MA200/mom63->0,0.65,0.25,0.1,252,-0.12,-0.25,0.75,0.25,-0.05,-0.3,200.0,63.0,2006-12-29,2026-04-29,0.2055314803745766,0.1501912731619845,1969,10
23.83423417676739,0.17501765002945802,0.14603676222756792,0.9726053843892791,1.4061476055540916,-0.19307135541735176,0.5412514946193703,Gold25 crash DD252 warn-15%/exp75% crash-25%/exp50% recover-8% panic-30%/MA200/mom63->0,0.65,0.25,0.1,252,-0.15,-0.25,0.75,0.5,-0.08,-0.3,200.0,63.0,2006-12-29,2026-04-29,0.23297718669057582,0.1227455668459853,1021,10
23.130814310017335,0.17332369134753822,0.14429441308194824,0.972593627460777,1.3977567536529043,-0.19307135541735188,0.5440414507772021,Gold25 crash DD252 warn-15%/exp75% crash-20%/exp25% recover-5% panic-30%/MA200/mom63->0,0.65,0.25,0.1,252,-0.15,-0.2,0.75,0.25,-0.05,-0.3,200.0,63.0,2006-12-29,2026-04-29,0.2055190276947599,0.1502037258418012,1664,10
23.04859454515265,0.17312263899732927,0.14410967448614462,0.9724649178046361,1.398240291700619,-0.19307135541735143,0.5422479075328817,Gold25 crash DD252 warn-15%/exp50% crash-15%/exp50% recover-5% panic-30%/MA200/mom63->0,0.65,0.25,0.1,252,-0.15,-0.15,0.5,0.5,-0.05,-0.3,200.0,63.0,2006-12-29,2026-04-29,0.20830842797369994,0.14741432556286116,1664,10
23.04859454515265,0.17312263899732927,0.14410967448614462,0.9724649178046361,1.398240291700619,-0.19307135541735143,0.5422479075328817,Gold25 crash DD252 warn-15%/exp75% crash-15%/exp50% recover-5% panic-30%/MA200/mom63->0,0.65,0.25,0.1,252,-0.15,-0.15,0.75,0.5,-0.05,-0.3,200.0,63.0,2006-12-29,2026-04-29,0.20830842797369994,0.14741432556286116,1664,10
23.04859454515265,0.17312263899732927,0.14410967448614462,0.9724649178046361,1.398240291700619,-0.19307135541735143,0.5422479075328817,Gold25 crash DD252 warn-15%/exp50% crash-18%/exp50% recover-5% panic-30%/MA200/mom63->0,0.65,0.25,0.1,252,-0.15,-0.18,0.5,0.5,-0.05,-0.3,200.0,63.0,2006-12-29,2026-04-29,0.20830842797369994,0.14741432556286116,1664,10
23.04859454515265,0.17312263899732927,0.14410967448614462,0.9724649178046361,1.398240291700619,-0.19307135541735143,0.5422479075328817,Gold25 crash DD252 warn-15%/exp50% crash-20%/exp50% recover-5% panic-30%/MA200/mom63->0,0.65,0.25,0.1,252,-0.15,-0.2,0.5,0.5,-0.05,-0.3,200.0,63.0,2006-12-29,2026-04-29,0.20830842797369994,0.14741432556286116,1664,10
23.04859454515265,0.17312263899732927,0.14410967448614462,0.9724649178046361,1.398240291700619,-0.19307135541735143,0.5422479075328817,Gold25 crash DD252 warn-15%/exp50% crash-25%/exp50% recover-5% panic-30%/MA200/mom63->0,0.65,0.25,0.1,252,-0.15,-0.25,0.5,0.5,-0.05,-0.3,200.0,63.0,2006-12-29,2026-04-29,0.20830842797369994,0.14741432556286116,1664,10
23.150129729017515,0.1733708290388134,0.1443956641739732,0.9722928065604338,1.401428385937792,-0.19183945737169206,0.5384615384615384,Gold25 crash DD126 warn-8%/exp75% crash-18%/exp50% recover-5% panic-25%/MA200/mom63->0,0.65,0.25,0.1,126,-0.08,-0.18,0.75,0.5,-0.05,-0.25,200.0,63.0,2006-12-29,2026-04-29,0.21980225144451085,0.13592050209205025,1953,21
23.14082745226317,0.1733481320692476,0.14439291315447517,0.9721750789671706,1.4005752126936777,-0.1918394573716926,0.5390593862096453,Gold25 crash DD126 warn-8%/exp75% crash-25%/exp25% recover-5% no panic,0.65,0.25,0.1,126,-0.08,-0.25,0.75,0.25,-0.05,,,,2006-12-29,2026-04-29,0.21975244072524408,0.13597031281131702,1953,0
23.14082745226317,0.1733481320692476,0.14439291315447517,0.9721750789671706,1.4005752126936777,-0.1918394573716926,0.5390593862096453,Gold25 crash DD126 warn-8%/exp75% crash-25%/exp25% recover-5% panic-30%/MA200/mom63->0,0.65,0.25,0.1,126,-0.08,-0.25,0.75,0.25,-0.05,-0.3,200.0,63.0,2006-12-29,2026-04-29,0.21975244072524408,0.13597031281131702,1953,0
22.15718389305831,0.1708999469686916,0.1418751834138126,0.9721582940937525,1.3949287112076436,-0.19060755932603224,0.5400557991231566,Gold25 crash DD126 warn-8%/exp50% crash-18%/exp25% recover-5% no panic,0.65,0.25,0.1,126,-0.08,-0.18,0.5,0.25,-0.05,,,,2006-12-29,2026-04-29,0.19600518031480374,0.15971757322175736,1953,0
22.15718389305831,0.1708999469686916,0.1418751834138126,0.9721582940937525,1.3949287112076436,-0.19060755932603224,0.5400557991231566,Gold25 crash DD126 warn-8%/exp50% crash-18%/exp25% recover-5% panic-30%/MA200/mom63->0,0.65,0.25,0.1,126,-0.08,-0.18,0.5,0.25,-0.05,-0.3,200.0,63.0,2006-12-29,2026-04-29,0.19600518031480374,0.15971757322175736,1953,0
23.937977883824473,0.17526361804166046,0.14638432492830292,0.9720732480445339,1.40282124446697,-0.19307135541735188,0.5398565165404544,Gold25 crash DD126 warn-15%/exp75% crash-18%/exp50% recover-5% no panic,0.65,0.25,0.1,126,-0.15,-0.18,0.75,0.5,-0.05,,,,2006-12-29,2026-04-29,0.23543036461446504,0.12029238892209607,740,0
23.937977883824473,0.17526361804166046,0.14638432492830292,0.9720732480445339,1.40282124446697,-0.19307135541735188,0.5398565165404544,Gold25 crash DD126 warn-15%/exp75% crash-18%/exp50% recover-5% panic-30%/MA200/mom63->0,0.65,0.25,0.1,126,-0.15,-0.18,0.75,0.5,-0.05,-0.3,200.0,63.0,2006-12-29,2026-04-29,0.23543036461446504,0.12029238892209607,740,0
23.597744729726546,0.17445328447933073,0.14555622337231258,0.9720325127922612,1.4024581495916597,-0.19307135541735176,0.5398565165404544,Gold25 crash DD126 warn-12%/exp75% crash-18%/exp50% recover-5% no panic,0.65,0.25,0.1,126,-0.12,-0.18,0.75,0.5,-0.05,,,,2006-12-29,2026-04-29,0.22929119346483362,0.12643156007172748,1233,0
23.597744729726546,0.17445328447933073,0.14555622337231258,0.9720325127922612,1.4024581495916597,-0.19307135541735176,0.5398565165404544,Gold25 crash DD126 warn-12%/exp75% crash-18%/exp50% recover-5% panic-30%/MA200/mom63->0,0.65,0.25,0.1,126,-0.12,-0.18,0.75,0.5,-0.05,-0.3,200.0,63.0,2006-12-29,2026-04-29,0.22929119346483362,0.12643156007172748,1233,0
23.27529185435444,0.17367541190884572,0.14475839159628093,0.9720110508358818,1.3989885058163538,-0.193071355417352,0.5444400159426066,Gold25 crash DD252 warn-15%/exp75% crash-25%/exp25% recover-5% no panic,0.65,0.25,0.1,252,-0.15,-0.25,0.75,0.25,-0.05,,,,2006-12-29,2026-04-29,0.20945407451683604,0.14626867901972507,1664,0
22.51144682692048,0.17179285692588175,0.14283971600987017,0.9718924767103857,1.3907712636276641,-0.19307135541735188,0.5442407333599043,Gold25 crash DD252 warn-12%/exp50% crash-20%/exp25% recover-5% no panic,0.65,0.25,0.1,252,-0.12,-0.2,0.5,0.25,-0.05,,,,2006-12-29,2026-04-29,0.18914375373580394,0.16657899980075716,1969,0
23.69510270794508,0.1746862439449619,0.14583982911025825,0.9717883710971843,1.4031878024572522,-0.19307135541735188,0.5398565165404544,Gold25 crash DD126 warn-10%/exp75% crash-25%/exp50% recover-8% no panic,0.65,0.25,0.1,126,-0.1,-0.25,0.75,0.5,-0.08,,,,2006-12-29,2026-04-29,0.23289001793185893,0.12283273560470216,1217,0
23.69510270794508,0.1746862439449619,0.14583982911025825,0.9717883710971843,1.4031878024572522,-0.19307135541735188,0.5398565165404544,Gold25 crash DD126 warn-10%/exp75% crash-25%/exp50% recover-8% panic-30%/MA200/mom63->0,0.65,0.25,0.1,126,-0.1,-0.25,0.75,0.5,-0.08,-0.3,200.0,63.0,2006-12-29,2026-04-29,0.23289001793185893,0.12283273560470216,1217,0
23.364419224345017,0.173891396065601,0.14502222831408432,0.9717760683233901,1.3998642357672508,-0.193071355417352,0.5408529294539657,Gold25 crash DD252 warn-10%/exp75% crash-20%/exp50% recover-8% no panic,0.65,0.25,0.1,252,-0.1,-0.2,0.75,0.5,-0.08,,,,2006-12-29,2026-04-29,0.22203128113169954,0.13369147240486157,1776,0
22.20980881321309,0.1710334037305774,0.1420801060647368,0.9717657799314778,1.387722579795458,-0.1930713554173521,0.5446392985253089,Gold25 crash DD252 warn-10%/exp50% crash-20%/exp25% recover-5% no panic,0.65,0.25,0.1,252,-0.1,-0.2,0.5,0.25,-0.05,,,,2006-12-29,2026-04-29,0.18413777644949192,0.17158497708706918,2170,0
23.01087410595815,0.17303018248490543,0.1441403010835523,0.9717439462486299,1.3977441561439439,-0.19183945737169206,0.5378636907134317,Gold25 crash DD126 warn-8%/exp75% crash-15%/exp50% recover-5% no panic,0.65,0.25,0.1,126,-0.08,-0.15,0.75,0.5,-0.05,,,,2006-12-29,2026-04-29,0.2164649332536362,0.1392578202829249,1953,0
23.01087410595815,0.17303018248490543,0.1441403010835523,0.9717439462486299,1.3977441561439439,-0.19183945737169206,0.5378636907134317,Gold25 crash DD126 warn-8%/exp75% crash-15%/exp50% recover-5% panic-30%/MA200/mom63->0,0.65,0.25,0.1,126,-0.08,-0.15,0.75,0.5,-0.05,-0.3,200.0,63.0,2006-12-29,2026-04-29,0.2164649332536362,0.1392578202829249,1953,0
23.596430470688603,0.174450133715917,0.14566069833588985,0.9714228463106729,1.4031052331893348,-0.19307135541735176,0.5398565165404544,Gold25 crash DD126 warn-10%/exp75% crash-20%/exp50% recover-8% no panic,0.65,0.25,0.1,126,-0.1,-0.2,0.75,0.5,-0.08,,,,2006-12-29,2026-04-29,0.23189380354652323,0.12382894999003789,1217,0
23.596430470688603,0.174450133715917,0.14566069833588985,0.9714228463106729,1.4031052331893348,-0.19307135541735176,0.5398565165404544,Gold25 crash DD126 warn-10%/exp75% crash-20%/exp50% recover-8% panic-30%/MA200/mom63->0,0.65,0.25,0.1,126,-0.1,-0.2,0.75,0.5,-0.08,-0.3,200.0,63.0,2006-12-29,2026-04-29,0.23189380354652323,0.12382894999003789,1217,0
22.193684182864313,0.17099254224434568,0.14209658026286812,0.9714220648796932,1.394426465355909,-0.19060755932603224,0.5402550817058589,Gold25 crash DD126 warn-8%/exp50% crash-25%/exp25% recover-5% no panic,0.65,0.25,0.1,126,-0.08,-0.25,0.5,0.25,-0.05,,,,2006-12-29,2026-04-29,0.1983960948396095,0.15732665869695162,1953,0
22.193684182864313,0.17099254224434568,0.14209658026286812,0.9714220648796932,1.394426465355909,-0.19060755932603224,0.5402550817058589,Gold25 crash DD126 warn-8%/exp50% crash-25%/exp25% recover-5% panic-30%/MA200/mom63->0,0.65,0.25,0.1,126,-0.08,-0.25,0.5,0.25,-0.05,-0.3,200.0,63.0,2006-12-29,2026-04-29,0.1983960948396095,0.15732665869695162,1953,0
22.55247671903854,0.17189544468710527,0.14304728115364082,0.9713019350910945,1.3908334241051785,-0.19307135541735165,0.5442407333599043,Gold25 crash DD252 warn-12%/exp50% crash-25%/exp25% recover-5% no panic,0.65,0.25,0.1,252,-0.12,-0.25,0.5,0.25,-0.05,,,,2006-12-29,2026-04-29,0.1910490137477585,0.1646737397888026,1969,0
23.252178783445064,0.1736192785550894,0.144838932515074,0.9712191410840977,1.3992320059327514,-0.1930713554173522,0.5414507772020726,Gold25 crash DD252 warn-12%/exp75% crash-20%/exp25% recover-8% no panic,0.65,0.25,0.1,252,-0.12,-0.2,0.75,0.25,-0.08,,,,2006-12-29,2026-04-29,0.21922942817294283,0.13649332536361827,1531,0
23.212236630300936,0.17352215351818256,0.14474616040809135,0.9711783545939187,1.397721523526848,-0.19307135541735154,0.5444400159426066,Gold25 crash DD252 warn-15%/exp75% crash-25%/exp25% recover-5% panic-30%/MA200/mom63->0,0.65,0.25,0.1,252,-0.15,-0.25,0.75,0.25,-0.05,-0.3,200.0,63.0,2006-12-29,2026-04-29,0.20932954771866905,0.14639320581789206,1664,10
22.250312315983674,0.17113592500342656,0.1422887817742891,0.971164690485296,1.3877688630250353,-0.1930713554173521,0.5446392985253089,Gold25 crash DD252 warn-10%/exp50% crash-25%/exp25% recover-5% no panic,0.65,0.25,0.1,252,-0.1,-0.25,0.5,0.25,-0.05,,,,2006-12-29,2026-04-29,0.18604303646144651,0.1696797170751146,2170,0
21.595788446841638,0.16945804095693706,0.14056472499090236,0.9711352195966739,1.3865288085575798,-0.19060755932603235,0.5446392985253089,Gold25 crash DD252 warn-8%/exp50% crash-18%/exp25% recover-5% panic-25%/MA200/mom63->0,0.65,0.25,0.1,252,-0.08,-0.18,0.5,0.25,-0.05,-0.25,200.0,63.0,2006-12-29,2026-04-29,0.17151075911536162,0.18421199442119948,2431,124
22.450375695154335,0.17163984435901547,0.14282731359004006,0.9710497484370277,1.3894928262917137,-0.19307135541735188,0.5442407333599043,Gold25 crash DD252 warn-12%/exp50% crash-20%/exp25% recover-5% panic-30%/MA200/mom63->0,0.65,0.25,0.1,252,-0.12,-0.2,0.5,0.25,-0.05,-0.3,200.0,63.0,2006-12-29,2026-04-29,0.18901922693763698,0.16670352659892412,1969,10
22.14952118809448,0.1708804903330161,0.14206763453422458,0.9709190070002979,1.3864395373988778,-0.1930713554173521,0.5446392985253089,Gold25 crash DD252 warn-10%/exp50% crash-20%/exp25% recover-5% panic-30%/MA200/mom63->0,0.65,0.25,0.1,252,-0.1,-0.2,0.5,0.25,-0.05,-0.3,200.0,63.0,2006-12-29,2026-04-29,0.18401324965132496,0.17170950388523615,2170,10
23.514541916864083,0.17425350061205425,0.14554779152264272,0.970910877457423,1.4011268775890344,-0.19307135541735188,0.5404543642885612,Gold25 crash DD252 warn-12%/exp75% crash-20%/exp50% recover-10% no panic,0.65,0.25,0.1,252,-0.12,-0.2,0.75,0.5,-0.1,,,,2006-12-29,2026-04-29,0.22873082287308227,0.1269919306634788,1282,0
23.967900230535623,0.17533438095559628,0.14666421714350908,0.9709099238749243,1.402943339506853,-0.19307135541735165,0.5402550817058589,Gold25 crash DD126 warn-12%/exp75% crash-25%/exp50% recover-10% no panic,0.65,0.25,0.1,126,-0.12,-0.25,0.75,0.5,-0.1,,,,2006-12-29,2026-04-29,0.2388174935246065,0.1169052600119546,765,0
23.967900230535623,0.17533438095559628,0.14666421714350908,0.9709099238749243,1.402943339506853,-0.19307135541735165,0.5402550817058589,Gold25 crash DD126 warn-12%/exp75% crash-25%/exp50% recover-10% panic-30%/MA200/mom63->0,0.65,0.25,0.1,126,-0.12,-0.25,0.75,0.5,-0.1,-0.3,200.0,63.0,2006-12-29,2026-04-29,0.2388174935246065,0.1169052600119546,765,0
22.51533619597364,0.17180258887601507,0.14302471265687336,0.9708799681349414,1.3933392975083043,-0.19183945737169206,0.5416500597847748,Gold25 crash DD252 warn-8%/exp75% crash-18%/exp50% recover-5% panic-25%/MA200/mom63->0,0.65,0.25,0.1,252,-0.08,-0.18,0.75,0.5,-0.05,-0.25,200.0,63.0,2006-12-29,2026-04-29,0.20023909145248056,0.15548366208408052,2431,124
23.97091869013724,0.17534151479290094,0.14668599529131374,0.9708282173941277,1.4012273937825375,-0.19307135541735176,0.5400557991231566,Gold25 crash DD126 warn-15%/exp75% crash-25%/exp50% recover-5% no panic,0.65,0.25,0.1,126,-0.15,-0.25,0.75,0.5,-0.05,,,,2006-12-29,2026-04-29,0.23782127913927076,0.11790147439729033,740,0
23.97091869013724,0.17534151479290094,0.14668599529131374,0.9708282173941277,1.4012273937825375,-0.19307135541735176,0.5400557991231566,Gold25 crash DD126 warn-15%/exp75% crash-25%/exp50% recover-5% panic-30%/MA200/mom63->0,0.65,0.25,0.1,126,-0.15,-0.25,0.75,0.5,-0.05,-0.3,200.0,63.0,2006-12-29,2026-04-29,0.23782127913927076,0.11790147439729033,740,0
23.394866189484937,0.173965006877979,0.1452673955941135,0.9708128522417999,1.3995407597656853,-0.19307135541735165,0.5412514946193703,Gold25 crash DD252 warn-10%/exp75% crash-25%/exp50% recover-8% no panic,0.65,0.25,0.1,252,-0.1,-0.25,0.75,0.5,-0.08,,,,2006-12-29,2026-04-29,0.22382446702530384,0.13189828651125726,1776,0
23.5080833998816,0.17423796570802863,0.14555412179269386,0.9707849946970781,1.4016264586446892,-0.19307135541735176,0.5396572339577521,Gold25 crash DD126 warn-10%/exp75% crash-18%/exp50% recover-8% no panic,0.65,0.25,0.1,126,-0.1,-0.18,0.75,0.5,-0.08,,,,2006-12-29,2026-04-29,0.23112173739788802,0.12460101613867308,1217,0
23.5080833998816,0.17423796570802863,0.14555412179269386,0.9707849946970781,1.4016264586446892,-0.19307135541735176,0.5396572339577521,Gold25 crash DD126 warn-10%/exp75% crash-18%/exp50% recover-8% panic-30%/MA200/mom63->0,0.65,0.25,0.1,126,-0.1,-0.18,0.75,0.5,-0.08,-0.3,200.0,63.0,2006-12-29,2026-04-29,0.23112173739788802,0.12460101613867308,1217,0
23.63023611891,0.1745311275214707,0.14585960888540464,0.970769082466647,1.400822460143619,-0.1930713554173522,0.5400557991231566,Gold25 crash DD126 warn-12%/exp75% crash-25%/exp50% recover-5% no panic,0.65,0.25,0.1,126,-0.12,-0.25,0.75,0.5,-0.05,,,,2006-12-29,2026-04-29,0.23168210798963937,0.12404064554692174,1233,0
23.63023611891,0.1745311275214707,0.14585960888540464,0.970769082466647,1.400822460143619,-0.1930713554173522,0.5400557991231566,Gold25 crash DD126 warn-12%/exp75% crash-25%/exp50% recover-5% panic-30%/MA200/mom63->0,0.65,0.25,0.1,126,-0.12,-0.25,0.75,0.5,-0.05,-0.3,200.0,63.0,2006-12-29,2026-04-29,0.23168210798963937,0.12404064554692174,1233,0
23.24469643649321,0.17360109573254157,0.14490402407959393,0.970742199583503,1.3996116957192941,-0.1930713554173521,0.5412514946193703,Gold25 crash DD252 warn-12%/exp75% crash-18%/exp50% recover-8% no panic,0.65,0.25,0.1,252,-0.12,-0.18,0.75,0.5,-0.08,,,,2006-12-29,2026-04-29,0.22242976688583382,0.13329298665072728,1531,0
22.29684595437939,0.17125350039307508,0.14249905925874343,0.9706447031072778,1.388793304687616,-0.193071355417352,0.5442407333599043,Gold25 crash DD252 warn-10%/exp75% crash-18%/exp25% recover-5% no panic,0.65,0.25,0.1,252,-0.1,-0.18,0.75,0.25,-0.05,,,,2006-12-29,2026-04-29,0.19017732616058977,0.16554542737597133,2170,0
21.765039348223194,0.16989630050198312,0.14110177624379147,0.9706327612378224,1.3856976315487948,-0.19060755932603235,0.5434436030290952,Gold25 crash DD252 warn-8%/exp50% crash-25%/exp25% recover-5% panic-25%/MA200/mom63->0,0.65,0.25,0.1,252,-0.08,-0.25,0.5,0.25,-0.05,-0.25,200.0,63.0,2006-12-29,2026-04-29,0.16987945805937438,0.18584329547718673,2431,776
23.865213702854756,0.17509120204619832,0.14647960350482686,0.9705348223872774,1.4028437940523129,-0.193071355417352,0.5400557991231566,Gold25 crash DD126 warn-12%/exp75% crash-20%/exp50% recover-10% no panic,0.65,0.25,0.1,126,-0.12,-0.2,0.75,0.5,-0.1,,,,2006-12-29,2026-04-29,0.23784618449890416,0.11787656903765693,765,0
23.865213702854756,0.17509120204619832,0.14647960350482686,0.9705348223872774,1.4028437940523129,-0.193071355417352,0.5400557991231566,Gold25 crash DD126 warn-12%/exp75% crash-20%/exp50% recover-10% panic-30%/MA200/mom63->0,0.65,0.25,0.1,126,-0.12,-0.2,0.75,0.5,-0.1,-0.3,200.0,63.0,2006-12-29,2026-04-29,0.23784618449890416,0.11787656903765693,765,0
22.445787117870367,0.1716283324835457,0.14290789335884252,0.9705138320131461,1.3901763159013887,-0.19307135541735188,0.5450378636907134,Gold25 crash DD252 warn-12%/exp75% crash-18%/exp25% recover-5% no panic,0.65,0.25,0.1,252,-0.12,-0.18,0.75,0.25,-0.05,,,,2006-12-29,2026-04-29,0.19268031480374576,0.16304243873281535,1969,0
22.491299011868364,0.17174241872434215,0.14303489716235224,0.9704602535044233,1.3895562028336799,-0.193071355417352,0.5442407333599043,Gold25 crash DD252 warn-12%/exp50% crash-25%/exp25% recover-5% panic-30%/MA200/mom63->0,0.65,0.25,0.1,252,-0.12,-0.25,0.5,0.25,-0.05,-0.3,200.0,63.0,2006-12-29,2026-04-29,0.19092448694959155,0.16479826658696956,1969,10
23.189183595738957,0.1734660274943114,0.1448267079967687,0.9703867963502099,1.397963559091025,-0.1930713554173521,0.5414507772020726,Gold25 crash DD252 warn-12%/exp75% crash-20%/exp25% recover-8% panic-30%/MA200/mom63->0,0.65,0.25,0.1,252,-0.12,-0.2,0.75,0.25,-0.08,-0.3,200.0,63.0,2006-12-29,2026-04-29,0.21910490137477584,0.13661785216178526,1531,10
22.189919482760416,0.1709829982186497,0.1422763289687467,0.9703189791169499,1.3864870611318816,-0.19307135541735165,0.5446392985253089,Gold25 crash DD252 warn-10%/exp50% crash-25%/exp25% recover-5% panic-30%/MA200/mom63->0,0.65,0.25,0.1,252,-0.1,-0.25,0.5,0.25,-0.05,-0.3,200.0,63.0,2006-12-29,2026-04-29,0.18591850966327952,0.16980424387328155,2170,10
22.804294916942723,0.17252137686777047,0.1438715323343919,0.9702719252226149,1.397323366986739,-0.19183945737169195,0.5384615384615384,Gold25 crash DD126 warn-8%/exp75% crash-18%/exp25% recover-5% panic-25%/MA200/mom63->0,0.65,0.25,0.1,126,-0.08,-0.18,0.75,0.25,-0.05,-0.25,200.0,63.0,2006-12-29,2026-04-29,0.21470910539948196,0.14101364813707915,1953,21
23.371282020099382,0.17390799568720694,0.14530919542179552,0.9702380377614552,1.400665808390941,-0.19307135541735176,0.5414507772020726,Gold25 crash DD252 warn-15%/exp75% crash-20%/exp25% recover-8% no panic,0.65,0.25,0.1,252,-0.15,-0.2,0.75,0.25,-0.08,,,,2006-12-29,2026-04-29,0.22558029487945805,0.13014245865710306,1021,0
22.233270051263716,0.17109280881260203,0.14241013764366914,0.970198095820373,1.3934898158748366,-0.1906075593260319,0.5398565165404544,Gold25 crash DD126 warn-8%/exp50% crash-15%/exp50% recover-5% panic-25%/MA200/mom63->0,0.65,0.25,0.1,126,-0.08,-0.15,0.5,0.5,-0.05,-0.25,200.0,63.0,2006-12-29,2026-04-29,0.200836820083682,0.1548859334528791,1953,21
22.233270051263716,0.17109280881260203,0.14241013764366914,0.970198095820373,1.3934898158748366,-0.1906075593260319,0.5398565165404544,Gold25 crash DD126 warn-8%/exp50% crash-18%/exp50% recover-5% panic-25%/MA200/mom63->0,0.65,0.25,0.1,126,-0.08,-0.18,0.5,0.5,-0.05,-0.25,200.0,63.0,2006-12-29,2026-04-29,0.200836820083682,0.1548859334528791,1953,21
22.233270051263716,0.17109280881260203,0.14241013764366914,0.970198095820373,1.3934898158748366,-0.1906075593260319,0.5398565165404544,Gold25 crash DD126 warn-8%/exp50% crash-20%/exp50% recover-5% panic-25%/MA200/mom63->0,0.65,0.25,0.1,126,-0.08,-0.2,0.5,0.5,-0.05,-0.25,200.0,63.0,2006-12-29,2026-04-29,0.200836820083682,0.1548859334528791,1953,21
23.23829030594999,0.17358552398383398,0.14499369956501573,0.9701407330440057,1.3973427200915687,-0.19307135541735176,0.5408529294539657,Gold25 crash DD252 warn-10%/exp75% crash-20%/exp50% recover-8% panic-30%/MA200/mom63->0,0.65,0.25,0.1,252,-0.1,-0.2,0.75,0.5,-0.08,-0.3,200.0,63.0,2006-12-29,2026-04-29,0.2217822275353656,0.1339405260011955,1776,10
24.03751430083414,0.17549869905913873,0.1469893301786038,0.9700386003934525,1.4017433632307446,-0.19307135541735165,0.5406536468712635,Gold25 crash DD126 warn-15%/exp75% crash-25%/exp50% recover-8% no panic,0.65,0.25,0.1,126,-0.15,-0.25,0.75,0.5,-0.08,,,,2006-12-29,2026-04-29,0.24124576608886233,0.11447698744769878,546,0
24.03751430083414,0.17549869905913873,0.1469893301786038,0.9700386003934525,1.4017433632307446,-0.19307135541735165,0.5406536468712635,Gold25 crash DD126 warn-15%/exp75% crash-25%/exp50% recover-8% panic-30%/MA200/mom63->0,0.65,0.25,0.1,126,-0.15,-0.25,0.75,0.5,-0.08,-0.3,200.0,63.0,2006-12-29,2026-04-29,0.24124576608886233,0.11447698744769878,546,0
23.01298219382081,0.17303535325421016,0.1444686834546817,0.9698933510617603,1.3961839929789903,-0.19307135541735176,0.5386608210442407,Gold25 crash DD126 warn-10%/exp75% crash-18%/exp25% recover-5% no panic,0.65,0.25,0.1,126,-0.1,-0.18,0.75,0.25,-0.05,,,,2006-12-29,2026-04-29,0.21949093444909346,0.13623181908746765,1590,0
23.01298219382081,0.17303535325421016,0.1444686834546817,0.9698933510617603,1.3961839929789903,-0.19307135541735176,0.5386608210442407,Gold25 crash DD126 warn-10%/exp75% crash-18%/exp25% recover-5% panic-30%/MA200/mom63->0,0.65,0.25,0.1,126,-0.1,-0.18,0.75,0.25,-0.05,-0.3,200.0,63.0,2006-12-29,2026-04-29,0.21949093444909346,0.13623181908746765,1590,0
22.053469964161085,0.17063608312151546,0.1419982342216117,0.969850567012802,1.3927112133406476,-0.19060755932603268,0.5400557991231566,Gold25 crash DD126 warn-8%/exp50% crash-20%/exp25% recover-5% panic-25%/MA200/mom63->0,0.65,0.25,0.1,126,-0.08,-0.2,0.5,0.25,-0.05,-0.25,200.0,63.0,2006-12-29,2026-04-29,0.1968768679019725,0.1588458856345886,1953,21
23.58557446796453,0.1744241017581578,0.14591597995596925,0.9698243628321669,1.4011192212544323,-0.19307135541735165,0.5406536468712635,Gold25 crash DD252 warn-15%/exp75% crash-20%/exp50% recover-10% no panic,0.65,0.25,0.1,252,-0.15,-0.2,0.75,0.5,-0.1,,,,2006-12-29,2026-04-29,0.23327605100617652,0.12244670253038457,917,0
22.64693774632606,0.17213098349934763,0.14354717975657066,0.9698237075541039,1.3917404227556576,-0.193071355417352,0.5402550817058589,Gold25 crash DD126 warn-10%/exp50% crash-15%/exp50% recover-5% no panic,0.65,0.25,0.1,126,-0.1,-0.15,0.5,0.5,-0.05,,,,2006-12-29,2026-04-29,0.21040047818290497,0.14532227535365613,1590,0
22.64693774632606,0.17213098349934763,0.14354717975657066,0.9698237075541039,1.3917404227556576,-0.193071355417352,0.5402550817058589,Gold25 crash DD126 warn-10%/exp50% crash-15%/exp50% recover-5% panic-30%/MA200/mom63->0,0.65,0.25,0.1,126,-0.1,-0.15,0.5,0.5,-0.05,-0.3,200.0,63.0,2006-12-29,2026-04-29,0.21040047818290497,0.14532227535365613,1590,0
22.64693774632606,0.17213098349934763,0.14354717975657066,0.9698237075541039,1.3917404227556576,-0.193071355417352,0.5402550817058589,Gold25 crash DD126 warn-10%/exp50% crash-18%/exp50% recover-5% no panic,0.65,0.25,0.1,126,-0.1,-0.18,0.5,0.5,-0.05,,,,2006-12-29,2026-04-29,0.21040047818290497,0.14532227535365613,1590,0
22.64693774632606,0.17213098349934763,0.14354717975657066,0.9698237075541039,1.3917404227556576,-0.193071355417352,0.5402550817058589,Gold25 crash DD126 warn-10%/exp50% crash-18%/exp50% recover-5% panic-30%/MA200/mom63->0,0.65,0.25,0.1,126,-0.1,-0.18,0.5,0.5,-0.05,-0.3,200.0,63.0,2006-12-29,2026-04-29,0.21040047818290497,0.14532227535365613,1590,0
22.64693774632606,0.17213098349934763,0.14354717975657066,0.9698237075541039,1.3917404227556576,-0.193071355417352,0.5402550817058589,Gold25 crash DD126 warn-10%/exp50% crash-20%/exp50% recover-5% no panic,0.65,0.25,0.1,126,-0.1,-0.2,0.5,0.5,-0.05,,,,2006-12-29,2026-04-29,0.21040047818290497,0.14532227535365613,1590,0
22.64693774632606,0.17213098349934763,0.14354717975657066,0.9698237075541039,1.3917404227556576,-0.193071355417352,0.5402550817058589,Gold25 crash DD126 warn-10%/exp50% crash-20%/exp50% recover-5% panic-30%/MA200/mom63->0,0.65,0.25,0.1,126,-0.1,-0.2,0.5,0.5,-0.05,-0.3,200.0,63.0,2006-12-29,2026-04-29,0.21040047818290497,0.14532227535365613,1590,0
22.64693774632606,0.17213098349934763,0.14354717975657066,0.9698237075541039,1.3917404227556576,-0.193071355417352,0.5402550817058589,Gold25 crash DD126 warn-10%/exp50% crash-25%/exp50% recover-5% no panic,0.65,0.25,0.1,126,-0.1,-0.25,0.5,0.5,-0.05,,,,2006-12-29,2026-04-29,0.21040047818290497,0.14532227535365613,1590,0
22.64693774632606,0.17213098349934763,0.14354717975657066,0.9698237075541039,1.3917404227556576,-0.193071355417352,0.5402550817058589,Gold25 crash DD126 warn-10%/exp50% crash-25%/exp50% recover-5% panic-30%/MA200/mom63->0,0.65,0.25,0.1,126,-0.1,-0.25,0.5,0.5,-0.05,-0.3,200.0,63.0,2006-12-29,2026-04-29,0.21040047818290497,0.14532227535365613,1590,0
22.236332249736176,0.171100558255318,0.1424866253105291,0.9698000660217916,1.387511824436382,-0.193071355417352,0.5442407333599043,Gold25 crash DD252 warn-10%/exp75% crash-18%/exp25% recover-5% panic-30%/MA200/mom63->0,0.65,0.25,0.1,252,-0.1,-0.18,0.75,0.25,-0.05,-0.3,200.0,63.0,2006-12-29,2026-04-29,0.19005279936242278,0.1656699541741383,2170,10
23.36376292709898,0.17388980839157964,0.14537407647574355,0.9697644826583655,1.4010526230763936,-0.19307135541735176,0.5412514946193703,Gold25 crash DD252 warn-15%/exp75% crash-18%/exp50% recover-8% no panic,0.65,0.25,0.1,252,-0.15,-0.18,0.75,0.5,-0.08,,,,2006-12-29,2026-04-29,0.22878063359234907,0.12694211994421203,1021,0
22.384886537613607,0.17147534140026122,0.14289549637553525,0.9696713492675422,1.3888976278976692,-0.19307135541735154,0.5450378636907134,Gold25 crash DD252 warn-12%/exp75% crash-18%/exp25% recover-5% panic-30%/MA200/mom63->0,0.65,0.25,0.1,252,-0.12,-0.18,0.75,0.25,-0.05,-0.3,200.0,63.0,2006-12-29,2026-04-29,0.1925557880055788,0.1631669655309823,1969,10
23.937473917094007,0.1752624255277957,0.1468116072470605,0.9696645039827008,1.4016334724057653,-0.19767687093885822,0.5406536468712635,Gold25 crash DD126 warn-15%/exp75% crash-20%/exp50% recover-8% no panic,0.65,0.25,0.1,126,-0.15,-0.2,0.75,0.5,-0.08,,,,2006-12-29,2026-04-29,0.2402495517035266,0.1154732018330345,546,0
23.937473917094007,0.1752624255277957,0.1468116072470605,0.9696645039827008,1.4016334724057653,-0.19767687093885822,0.5406536468712635,Gold25 crash DD126 warn-15%/exp75% crash-20%/exp50% recover-8% panic-30%/MA200/mom63->0,0.65,0.25,0.1,126,-0.15,-0.2,0.75,0.5,-0.08,-0.3,200.0,63.0,2006-12-29,2026-04-29,0.2402495517035266,0.1154732018330345,546,0
23.768736738573402,0.17486185779159413,0.1464023439615727,0.9696353790556829,1.4007130772940353,-0.19307135541735176,0.5398565165404544,Gold25 crash DD126 warn-12%/exp75% crash-18%/exp50% recover-10% no panic,0.65,0.25,0.1,126,-0.12,-0.18,0.75,0.5,-0.1,,,,2006-12-29,2026-04-29,0.23713638174935245,0.11858637178720864,765,0
23.768736738573402,0.17486185779159413,0.1464023439615727,0.9696353790556829,1.4007130772940353,-0.19307135541735176,0.5398565165404544,Gold25 crash DD126 warn-12%/exp75% crash-18%/exp50% recover-10% panic-30%/MA200/mom63->0,0.65,0.25,0.1,126,-0.12,-0.18,0.75,0.5,-0.1,-0.3,200.0,63.0,2006-12-29,2026-04-29,0.23713638174935245,0.11858637178720864,765,0
23.31569341311189,0.17377341098776378,0.14528884333121603,0.9695650953700236,1.3988274876559144,-0.19307135541735188,0.5418493423674771,Gold25 crash DD252 warn-12%/exp75% crash-25%/exp25% recover-8% no panic,0.65,0.25,0.1,252,-0.12,-0.25,0.75,0.25,-0.08,,,,2006-12-29,2026-04-29,0.2228157999601514,0.13290695357640966,1531,0
24.063327805249585,0.17555951938032144,0.14713722937579385,0.9695633706829516,1.401671452945379,-0.19307135541735232,0.5408529294539657,Gold25 crash DD126 warn-15%/exp75% crash-25%/exp50% recover-10% no panic,0.65,0.25,0.1,126,-0.15,-0.25,0.75,0.5,-0.1,,,,2006-12-29,2026-04-29,0.2424536760310819,0.11326907750547921,473,0
24.063327805249585,0.17555951938032144,0.14713722937579385,0.9695633706829516,1.401671452945379,-0.19307135541735232,0.5408529294539657,Gold25 crash DD126 warn-15%/exp75% crash-25%/exp50% recover-10% panic-30%/MA200/mom63->0,0.65,0.25,0.1,126,-0.15,-0.25,0.75,0.5,-0.1,-0.3,200.0,63.0,2006-12-29,2026-04-29,0.2424536760310819,0.11326907750547921,473,0
23.251188592078027,0.17361687260078096,0.14513330299692345,0.969532844761438,1.398060080751715,-0.19307135541735188,0.5386608210442407,Gold25 crash DD126 warn-10%/exp75% crash-20%/exp50% recover-5% panic-25%/MA200/mom63->0,0.65,0.25,0.1,126,-0.1,-0.2,0.75,0.5,-0.05,-0.25,200.0,63.0,2006-12-29,2026-04-29,0.22545576808129109,0.13026698545527002,1590,21
22.523330053842443,0.17182258624807445,0.14328978143351095,0.9694690302569698,1.389536575880144,-0.19183945737169217,0.5428457552809884,Gold25 crash DD252 warn-8%/exp75% crash-25%/exp25% recover-5% panic-25%/MA200/mom63->0,0.65,0.25,0.1,252,-0.08,-0.25,0.75,0.25,-0.05,-0.25,200.0,63.0,2006-12-29,2026-04-29,0.19023958955967324,0.16548316397688786,2431,776
21.7017193729253,0.16973270273801644,0.14113617735407052,0.9694391645388999,1.3837449814210983,-0.19060755932603213,0.543244320446393,Gold25 crash DD252 warn-8%/exp50% crash-25%/exp50% recover-5% panic-25%/MA200/mom63->0,0.65,0.25,0.1,252,-0.08,-0.25,0.5,0.5,-0.05,-0.25,200.0,63.0,2006-12-29,2026-04-29,0.1701285116557083,0.1855942418808528,2431,776
23.307977460983395,0.17375470692578232,0.14529701160510236,0.9694080328620933,1.3993993510367957,-0.19307135541735165,0.5414507772020726,Gold25 crash DD252 warn-15%/exp75% crash-20%/exp25% recover-8% panic-30%/MA200/mom63->0,0.65,0.25,0.1,252,-0.15,-0.2,0.75,0.25,-0.08,-0.3,200.0,63.0,2006-12-29,2026-04-29,0.22545576808129109,0.13026698545527002,1021,10
23.63353390134653,0.1745390229133139,0.14611208194323608,0.9693876071861472,1.3999420094750339,-0.193071355417352,0.5402550817058589,Gold25 crash DD126 warn-15%/exp75% crash-20%/exp25% recover-5% no panic,0.65,0.25,0.1,126,-0.15,-0.2,0.75,0.25,-0.05,,,,2006-12-29,2026-04-29,0.23234210001992428,0.12338065351663681,740,0
23.63353390134653,0.1745390229133139,0.14611208194323608,0.9693876071861472,1.3999420094750339,-0.193071355417352,0.5402550817058589,Gold25 crash DD126 warn-15%/exp75% crash-20%/exp25% recover-5% panic-30%/MA200/mom63->0,0.65,0.25,0.1,126,-0.15,-0.2,0.75,0.25,-0.05,-0.3,200.0,63.0,2006-12-29,2026-04-29,0.23234210001992428,0.12338065351663681,740,0
23.29745432926271,0.17372918895272726,0.14528241407309547,0.969341938291057,1.399591367592789,-0.193071355417352,0.5402550817058589,Gold25 crash DD126 warn-12%/exp75% crash-20%/exp25% recover-5% no panic,0.65,0.25,0.1,126,-0.12,-0.2,0.75,0.25,-0.05,,,,2006-12-29,2026-04-29,0.2262029288702929,0.1295198246662682,1233,0
23.29745432926271,0.17372918895272726,0.14528241407309547,0.969341938291057,1.399591367592789,-0.193071355417352,0.5402550817058589,Gold25 crash DD126 warn-12%/exp75% crash-20%/exp25% recover-5% panic-30%/MA200/mom63->0,0.65,0.25,0.1,126,-0.12,-0.2,0.75,0.25,-0.05,-0.3,200.0,63.0,2006-12-29,2026-04-29,0.2262029288702929,0.1295198246662682,1233,0
22.14387040170911,0.17086613830936437,0.14233277229147076,0.9692841900605783,1.3856155372931958,-0.1930713554173521,0.5448385811080112,Gold25 crash DD252 warn-12%/exp50% crash-18%/exp25% recover-5% no panic,0.65,0.25,0.1,252,-0.12,-0.18,0.5,0.25,-0.05,,,,2006-12-29,2026-04-29,0.1845611675632596,0.1711615859733015,1969,0
23.38763584828695,0.17394753417941966,0.14551936858815828,0.9692805739876283,1.3986105631272912,-0.19307135541735154,0.5404543642885612,Gold25 crash DD252 warn-12%/exp75% crash-20%/exp50% recover-10% panic-30%/MA200/mom63->0,0.65,0.25,0.1,252,-0.12,-0.2,0.75,0.5,-0.1,-0.3,200.0,63.0,2006-12-29,2026-04-29,0.22848176927674835,0.12724098425981276,1282,10
22.85686864387798,0.17265126290416344,0.14419009696213317,0.9692140934749714,1.3944474774899005,-0.19307135541735165,0.5416500597847748,Gold25 crash DD252 warn-12%/exp50% crash-15%/exp50% recover-8% no panic,0.65,0.25,0.1,252,-0.12,-0.15,0.5,0.5,-0.08,,,,2006-12-29,2026-04-29,0.21186989440127516,0.14385285913528595,1531,0
22.85686864387798,0.17265126290416344,0.14419009696213317,0.9692140934749714,1.3944474774899005,-0.19307135541735165,0.5416500597847748,Gold25 crash DD252 warn-12%/exp50% crash-18%/exp50% recover-8% no panic,0.65,0.25,0.1,252,-0.12,-0.18,0.5,0.5,-0.08,,,,2006-12-29,2026-04-29,0.21186989440127516,0.14385285913528595,1531,0
22.85686864387798,0.17265126290416344,0.14419009696213317,0.9692140934749714,1.3944474774899005,-0.19307135541735165,0.5416500597847748,Gold25 crash DD252 warn-12%/exp50% crash-20%/exp50% recover-8% no panic,0.65,0.25,0.1,252,-0.12,-0.2,0.5,0.5,-0.08,,,,2006-12-29,2026-04-29,0.21186989440127516,0.14385285913528595,1531,0
22.85686864387798,0.17265126290416344,0.14419009696213317,0.9692140934749714,1.3944474774899005,-0.19307135541735165,0.5416500597847748,Gold25 crash DD252 warn-12%/exp50% crash-25%/exp50% recover-8% no panic,0.65,0.25,0.1,252,-0.12,-0.25,0.5,0.5,-0.08,,,,2006-12-29,2026-04-29,0.21186989440127516,0.14385285913528595,1531,0
23.96024880859042,0.17531629388935688,0.14695321162306133,0.969183854932036,1.4015576119704491,-0.19715011592224974,0.5406536468712635,Gold25 crash DD126 warn-15%/exp75% crash-20%/exp50% recover-10% no panic,0.65,0.25,0.1,126,-0.15,-0.2,0.75,0.5,-0.1,,,,2006-12-29,2026-04-29,0.24148236700537956,0.11424038653118154,473,0
23.96024880859042,0.17531629388935688,0.14695321162306133,0.969183854932036,1.4015576119704491,-0.19715011592224974,0.5406536468712635,Gold25 crash DD126 warn-15%/exp75% crash-20%/exp50% recover-10% panic-30%/MA200/mom63->0,0.65,0.25,0.1,126,-0.15,-0.2,0.75,0.5,-0.1,-0.3,200.0,63.0,2006-12-29,2026-04-29,0.24148236700537956,0.11424038653118154,473,0
23.2685796542493,0.17365911561599456,0.14523891571383044,0.9691797621514716,1.397022274876065,-0.19307135541735176,0.5412514946193703,Gold25 crash DD252 warn-10%/exp75% crash-25%/exp50% recover-8% panic-30%/MA200/mom63->0,0.65,0.25,0.1,252,-0.1,-0.25,0.75,0.5,-0.08,-0.3,200.0,63.0,2006-12-29,2026-04-29,0.22357541342896992,0.1321473401075912,1776,10
22.584620758492836,0.1719756964829613,0.14349853745313726,0.9691773335421379,1.3887195912023313,-0.193071355417352,0.543244320446393,Gold25 crash DD252 warn-10%/exp75% crash-20%/exp25% recover-5% panic-25%/MA200/mom63->0,0.65,0.25,0.1,252,-0.1,-0.2,0.75,0.25,-0.05,-0.25,200.0,63.0,2006-12-29,2026-04-29,0.19779836620840804,0.15792438732815306,2170,124
21.80116614036318,0.16998944659083648,0.14144593218459914,0.9691735776804333,1.3858556897372978,-0.19260357611759582,0.5436428856117975,Gold25 crash DD252 warn-8%/exp75% crash-15%/exp25% recover-5% no panic,0.65,0.25,0.1,252,-0.08,-0.15,0.75,0.25,-0.05,,,,2006-12-29,2026-04-29,0.17828501693564455,0.17743773660091655,2431,0
21.84694817702161,0.17010728573166123,0.141570424002829,0.9691617906306386,1.3825800775997668,-0.1930713554173521,0.5452371462734157,Gold25 crash DD252 warn-10%/exp50% crash-18%/exp25% recover-5% no panic,0.65,0.25,0.1,252,-0.1,-0.18,0.5,0.25,-0.05,,,,2006-12-29,2026-04-29,0.1795551902769476,0.1761675632596135,2170,0
23.06351092933043,0.17315916252590324,0.14472918132640844,0.9691378507499281,1.3971631308422545,-0.193071355417352,0.538860103626943,Gold25 crash DD126 warn-10%/exp75% crash-20%/exp25% recover-5% panic-25%/MA200/mom63->0,0.65,0.25,0.1,126,-0.1,-0.2,0.75,0.25,-0.05,-0.25,200.0,63.0,2006-12-29,2026-04-29,0.2214958158995816,0.13422693763697952,1590,21
23.119187295060414,0.1732952992921557,0.14487547013384308,0.9691054949883943,1.3970862713264187,-0.193071355417352,0.5412514946193703,Gold25 crash DD252 warn-12%/exp75% crash-18%/exp50% recover-8% panic-30%/MA200/mom63->0,0.65,0.25,0.1,252,-0.12,-0.18,0.75,0.5,-0.08,-0.3,200.0,63.0,2006-12-29,2026-04-29,0.2221807132894999,0.1335420402470612,1531,10
23.56223340198248,0.17436809447482782,0.14598987943340216,0.969081698465476,1.4001889220958732,-0.1930713554173521,0.5406536468712635,Gold25 crash DD126 warn-12%/exp75% crash-25%/exp25% recover-8% no panic,0.65,0.25,0.1,126,-0.12,-0.25,0.75,0.25,-0.08,,,,2006-12-29,2026-04-29,0.23408547519426182,0.1216372783422993,964,0
23.56223340198248,0.17436809447482782,0.14598987943340216,0.969081698465476,1.4001889220958732,-0.1930713554173521,0.5406536468712635,Gold25 crash DD126 warn-12%/exp75% crash-25%/exp25% recover-8% panic-30%/MA200/mom63->0,0.65,0.25,0.1,126,-0.12,-0.25,0.75,0.25,-0.08,-0.3,200.0,63.0,2006-12-29,2026-04-29,0.23408547519426182,0.1216372783422993,964,0
22.735401720995068,0.1723507596952778,0.14390452413430876,0.9690707146025554,1.3901385419668995,-0.19307135541735176,0.5440414507772021,Gold25 crash DD252 warn-12%/exp75% crash-20%/exp25% recover-5% panic-25%/MA200/mom63->0,0.65,0.25,0.1,252,-0.12,-0.2,0.75,0.25,-0.05,-0.25,200.0,63.0,2006-12-29,2026-04-29,0.20030135485156406,0.15542139868499705,1969,124
23.847901864086985,0.17505011077690735,0.1467058713676269,0.9690248261672648,1.4001444309874655,-0.19323593695889085,0.5404543642885612,Gold25 crash DD126 warn-15%/exp75% crash-18%/exp50% recover-8% no panic,0.65,0.25,0.1,126,-0.15,-0.18,0.75,0.5,-0.08,,,,2006-12-29,2026-04-29,0.2394774855548914,0.11624526798166969,546,0
23.847901864086985,0.17505011077690735,0.1467058713676269,0.9690248261672648,1.4001444309874655,-0.19323593695889085,0.5404543642885612,Gold25 crash DD126 warn-15%/exp75% crash-18%/exp50% recover-8% panic-30%/MA200/mom63->0,0.65,0.25,0.1,126,-0.15,-0.18,0.75,0.5,-0.08,-0.3,200.0,63.0,2006-12-29,2026-04-29,0.2394774855548914,0.11624526798166969,546,0
22.98002953218042,0.1729544768129594,0.1445753009016778,0.9688047560239151,1.395891125855186,-0.19307135541735165,0.541052212036668,Gold25 crash DD252 warn-12%/exp75% crash-15%/exp50% recover-8% no panic,0.65,0.25,0.1,252,-0.12,-0.15,0.75,0.5,-0.08,,,,2006-12-29,2026-04-29,0.2182207611077904,0.1375019924287707,1531,0
22.786309269326875,0.17247687986571858,0.14408953853469347,0.9687605469376321,1.3906007821772166,-0.193071355417352,0.5416500597847748,Gold25 crash DD252 warn-10%/exp75% crash-20%/exp50% recover-5% panic-25%/MA200/mom63->0,0.65,0.25,0.1,252,-0.1,-0.2,0.75,0.5,-0.05,-0.25,200.0,63.0,2006-12-29,2026-04-29,0.20807182705718272,0.14765092647937839,2170,124
22.448530461786653,0.17163521527352632,0.14321990341168483,0.9687505916347375,1.389745312239622,-0.193071355417352,0.5448385811080112,Gold25 crash DD252 warn-15%/exp75% crash-18%/exp25% recover-5% no panic,0.65,0.25,0.1,252,-0.15,-0.18,0.75,0.25,-0.05,,,,2006-12-29,2026-04-29,0.19647838214783822,0.15924437138872288,1664,0
22.520666777375887,0.17181592453365813,0.1434076986384972,0.9687443881676884,1.3902159389701267,-0.19393408959483793,0.5438421681944998,Gold25 crash DD252 warn-15%/exp50% crash-20%/exp25% recover-5% no panic,0.65,0.25,0.1,252,-0.15,-0.2,0.5,0.25,-0.05,,,,2006-12-29,2026-04-29,0.19673988842398885,0.15898286511257226,1664,0
23.25253324575381,0.17362013980039204,0.1452766573826043,0.9687349319725386,1.3975617114107397,-0.193071355417352,0.5418493423674771,Gold25 crash DD252 warn-12%/exp75% crash-25%/exp25% recover-8% panic-30%/MA200/mom63->0,0.65,0.25,0.1,252,-0.12,-0.25,0.75,0.25,-0.08,-0.3,200.0,63.0,2006-12-29,2026-04-29,0.22269127316198445,0.13303148037457665,1531,10
21.951425348543506,0.17037536354613758,0.1419208614865195,0.9687311457111922,1.3863837633671103,-0.19183945737169217,0.5438421681944998,Gold25 crash DD252 warn-8%/exp75% crash-18%/exp25% recover-5% panic-25%/MA200/mom63->0,0.65,0.25,0.1,252,-0.08,-0.18,0.75,0.25,-0.05,-0.25,200.0,63.0,2006-12-29,2026-04-29,0.18538304443116158,0.17033970910539953,2431,124
22.93837966480748,0.1728521034699697,0.14449385935586664,0.9686667026831319,1.3920343982018422,-0.19307135541735188,0.5424471901155838,Gold25 crash DD252 warn-12%/exp75% crash-20%/exp50% recover-5% panic-25%/MA200/mom63->0,0.65,0.25,0.1,252,-0.12,-0.2,0.75,0.5,-0.05,-0.25,200.0,63.0,2006-12-29,2026-04-29,0.2105748157003387,0.1451479378362224,1969,124
23.43510857217284,0.17406216603735203,0.14575765300055502,0.9686020139333925,1.4002936954278244,-0.19307135541735188,0.5418493423674771,Gold25 crash DD252 warn-15%/exp75% crash-25%/exp25% recover-8% no panic,0.65,0.25,0.1,252,-0.15,-0.25,0.75,0.25,-0.08,,,,2006-12-29,2026-04-29,0.22916666666666666,0.12655608686989445,1021,0
22.0837540520311,0.1707132467533008,0.14232032250453364,0.9684385550161223,1.3843335833756982,-0.19307135541735188,0.5448385811080112,Gold25 crash DD252 warn-12%/exp50% crash-18%/exp25% recover-5% panic-30%/MA200/mom63->0,0.65,0.25,0.1,252,-0.12,-0.18,0.5,0.25,-0.05,-0.3,200.0,63.0,2006-12-29,2026-04-29,0.18443664076509264,0.17128611277146846,1969,10
21.741939967170524,0.16983666951306953,0.14143340108106806,0.9683231871889738,1.3845645628086933,-0.19260357611759582,0.5436428856117975,Gold25 crash DD252 warn-8%/exp75% crash-15%/exp25% recover-5% panic-30%/MA200/mom63->0,0.65,0.25,0.1,252,-0.08,-0.15,0.75,0.25,-0.05,-0.3,200.0,63.0,2006-12-29,2026-04-29,0.1781604901374776,0.17756226339908351,2431,10
21.787603084699445,0.16995449326647405,0.14155790436134405,0.9683120685591042,1.3812934604062543,-0.19307135541735154,0.5452371462734157,Gold25 crash DD252 warn-10%/exp50% crash-18%/exp25% recover-5% panic-30%/MA200/mom63->0,0.65,0.25,0.1,252,-0.1,-0.18,0.5,0.25,-0.05,-0.3,200.0,63.0,2006-12-29,2026-04-29,0.17943066347878064,0.17629209005778046,2170,10
22.457900925645227,0.17165871911318997,0.14332366468969265,0.9682974330988574,1.3876164752840425,-0.19183945737169206,0.5426464726982861,Gold25 crash DD252 warn-8%/exp75% crash-25%/exp50% recover-5% panic-25%/MA200/mom63->0,0.65,0.25,0.1,252,-0.08,-0.25,0.75,0.5,-0.05,-0.25,200.0,63.0,2006-12-29,2026-04-29,0.19048864315600716,0.16523411038055394,2431,776
23.863403108346642,0.17508690570325047,0.1468762026644763,0.9682849492730129,1.3994247365466899,-0.193071355417352,0.5404543642885612,Gold25 crash DD126 warn-15%/exp75% crash-18%/exp50% recover-10% no panic,0.65,0.25,0.1,126,-0.15,-0.18,0.75,0.5,-0.1,,,,2006-12-29,2026-04-29,0.24077256425582785,0.11495018928073325,473,0
23.863403108346642,0.17508690570325047,0.1468762026644763,0.9682849492730129,1.3994247365466899,-0.193071355417352,0.5404543642885612,Gold25 crash DD126 warn-15%/exp75% crash-18%/exp50% recover-10% panic-30%/MA200/mom63->0,0.65,0.25,0.1,126,-0.15,-0.18,0.75,0.5,-0.1,-0.3,200.0,63.0,2006-12-29,2026-04-29,0.24077256425582785,0.11495018928073325,473,0
22.218909811730533,0.17105645470293673,0.14270714992527653,0.9682551028136123,1.388654035321672,-0.19570064854852132,0.5412514946193703,Gold25 crash DD252 warn-8%/exp75% crash-15%/exp50% recover-5% panic-25%/MA200/mom63->0,0.65,0.25,0.1,252,-0.08,-0.15,0.75,0.5,-0.05,-0.25,200.0,63.0,2006-12-29,2026-04-29,0.19591801155608687,0.15980474198047423,2431,124
23.458300680429844,0.17411809087326158,0.1458876301878705,0.9681974766341869,1.3986071594131269,-0.19307135541735188,0.5406536468712635,Gold25 crash DD252 warn-15%/exp75% crash-20%/exp50% recover-10% panic-30%/MA200/mom63->0,0.65,0.25,0.1,252,-0.15,-0.2,0.75,0.5,-0.1,-0.3,200.0,63.0,2006-12-29,2026-04-29,0.2330269974098426,0.1226957561267185,917,10
21.90056485786643,0.17024500579558532,0.14187862111725186,0.9681915878068078,1.389446493866506,-0.19060755932603224,0.5398565165404544,Gold25 crash DD126 warn-8%/exp50% crash-18%/exp25% recover-5% panic-25%/MA200/mom63->0,0.65,0.25,0.1,126,-0.08,-0.18,0.5,0.25,-0.05,-0.25,200.0,63.0,2006-12-29,2026-04-29,0.19574367403865311,0.159979079497908,1953,21
22.561712759255673,0.17191851431439797,0.14361444255672634,0.9681662681646935,1.3902925258089727,-0.19522517173128295,0.5438421681944998,Gold25 crash DD252 warn-15%/exp50% crash-25%/exp25% recover-5% no panic,0.65,0.25,0.1,252,-0.15,-0.25,0.5,0.25,-0.05,,,,2006-12-29,2026-04-29,0.1986451484359434,0.1570776051006177,1664,0
23.237637406201667,0.1735839367235008,0.14534561714601146,0.9681322489159536,1.3985311502564515,-0.19307135541735154,0.5412514946193703,Gold25 crash DD252 warn-15%/exp75% crash-18%/exp50% recover-8% panic-30%/MA200/mom63->0,0.65,0.25,0.1,252,-0.15,-0.18,0.75,0.5,-0.08,-0.3,200.0,63.0,2006-12-29,2026-04-29,0.22853157999601514,0.12719117354054596,1021,10
23.41929812170108,0.1740240122290817,0.1458096311816792,0.9680877313979369,1.397643924931747,-0.19362241432610494,0.541052212036668,Gold25 crash DD252 warn-12%/exp75% crash-25%/exp50% recover-10% no panic,0.65,0.25,0.1,252,-0.12,-0.25,0.75,0.5,-0.1,,,,2006-12-29,2026-04-29,0.2304866507272365,0.1252361028093246,1282,0
23.091880196730877,0.1732285668262037,0.14499405484054678,0.968040543174639,1.3949401913368027,-0.19307135541735254,0.5384615384615384,Gold25 crash DD126 warn-10%/exp75% crash-18%/exp50% recover-5% panic-25%/MA200/mom63->0,0.65,0.25,0.1,126,-0.1,-0.18,0.75,0.5,-0.05,-0.25,200.0,63.0,2006-12-29,2026-04-29,0.22432257421797172,0.13140017931858938,1590,21
21.30643342371962,0.1687015100427669,0.14031374840533284,0.9680053043379847,1.3812736741756257,-0.19060755932603213,0.5446392985253089,Gold25 crash DD252 warn-8%/exp50% crash-15%/exp25% recover-5% panic-25%/MA200/mom63->0,0.65,0.25,0.1,252,-0.08,-0.15,0.5,0.25,-0.05,-0.25,200.0,63.0,2006-12-29,2026-04-29,0.16718967921896793,0.18853307431759317,2431,124
23.36253994454727,0.17388684971886703,0.14568533760876898,0.9679867791541122,1.3991705171025415,-0.2024832065918427,0.5406536468712635,Gold25 crash DD126 warn-12%/exp75% crash-20%/exp25% recover-8% no panic,0.65,0.25,0.1,126,-0.12,-0.2,0.75,0.25,-0.08,,,,2006-12-29,2026-04-29,0.23209304642359035,0.12362970711297075,964,0
23.36253994454727,0.17388684971886703,0.14568533760876898,0.9679867791541122,1.3991705171025415,-0.2024832065918427,0.5406536468712635,Gold25 crash DD126 warn-12%/exp75% crash-20%/exp25% recover-8% panic-30%/MA200/mom63->0,0.65,0.25,0.1,126,-0.12,-0.2,0.75,0.25,-0.08,-0.3,200.0,63.0,2006-12-29,2026-04-29,0.23209304642359035,0.12362970711297075,964,0
23.082600356844345,0.1732058726084711,0.14499131515601815,0.9679231451021996,1.394095398958842,-0.19307135541735165,0.5390593862096453,Gold25 crash DD126 warn-10%/exp75% crash-25%/exp25% recover-5% no panic,0.65,0.25,0.1,126,-0.1,-0.25,0.75,0.25,-0.05,,,,2006-12-29,2026-04-29,0.22427276349870492,0.13144999003785618,1590,0
23.082600356844345,0.1732058726084711,0.14499131515601815,0.9679231451021996,1.394095398958842,-0.19307135541735165,0.5390593862096453,Gold25 crash DD126 warn-10%/exp75% crash-25%/exp25% recover-5% panic-30%/MA200/mom63->0,0.65,0.25,0.1,126,-0.1,-0.25,0.75,0.25,-0.05,-0.3,200.0,63.0,2006-12-29,2026-04-29,0.22427276349870492,0.13144999003785618,1590,0
22.387622755676585,0.17148222329148743,0.14320753362250468,0.9679096079918891,1.3884676637711264,-0.19307135541735154,0.5448385811080112,Gold25 crash DD252 warn-15%/exp75% crash-18%/exp25% recover-5% panic-30%/MA200/mom63->0,0.65,0.25,0.1,252,-0.15,-0.18,0.75,0.25,-0.05,-0.3,200.0,63.0,2006-12-29,2026-04-29,0.19635385534967126,0.15936889818688985,1664,10
22.45957169673012,0.17166290895462666,0.14339534571260545,0.9679043915439339,1.3889392597170767,-0.19393408959483793,0.5438421681944998,Gold25 crash DD252 warn-15%/exp50% crash-20%/exp25% recover-5% panic-30%/MA200/mom63->0,0.65,0.25,0.1,252,-0.15,-0.2,0.5,0.25,-0.05,-0.3,200.0,63.0,2006-12-29,2026-04-29,0.19661536162582188,0.15910739191073922,1664,10
23.09779623503453,0.17324303040000322,0.14504642374627982,0.9678239593456083,1.3973156472112875,-0.1930713554173521,0.541052212036668,Gold25 crash DD252 warn-15%/exp50% crash-15%/exp50% recover-8% no panic,0.65,0.25,0.1,252,-0.15,-0.15,0.5,0.5,-0.08,,,,2006-12-29,2026-04-29,0.22457162781430565,0.13115112572225546,1021,0
23.09779623503453,0.17324303040000322,0.14504642374627982,0.9678239593456083,1.3973156472112875,-0.1930713554173521,0.541052212036668,Gold25 crash DD252 warn-15%/exp75% crash-15%/exp50% recover-8% no panic,0.65,0.25,0.1,252,-0.15,-0.15,0.75,0.5,-0.08,,,,2006-12-29,2026-04-29,0.22457162781430565,0.13115112572225546,1021,0
23.09779623503453,0.17324303040000322,0.14504642374627982,0.9678239593456083,1.3973156472112875,-0.1930713554173521,0.541052212036668,Gold25 crash DD252 warn-15%/exp50% crash-18%/exp50% recover-8% no panic,0.65,0.25,0.1,252,-0.15,-0.18,0.5,0.5,-0.08,,,,2006-12-29,2026-04-29,0.22457162781430565,0.13115112572225546,1021,0
23.09779623503453,0.17324303040000322,0.14504642374627982,0.9678239593456083,1.3973156472112875,-0.1930713554173521,0.541052212036668,Gold25 crash DD252 warn-15%/exp50% crash-20%/exp50% recover-8% no panic,0.65,0.25,0.1,252,-0.15,-0.2,0.5,0.5,-0.08,,,,2006-12-29,2026-04-29,0.22457162781430565,0.13115112572225546,1021,0
23.09779623503453,0.17324303040000322,0.14504642374627982,0.9678239593456083,1.3973156472112875,-0.1930713554173521,0.541052212036668,Gold25 crash DD252 warn-15%/exp50% crash-25%/exp50% recover-8% no panic,0.65,0.25,0.1,252,-0.15,-0.25,0.5,0.5,-0.08,,,,2006-12-29,2026-04-29,0.22457162781430565,0.13115112572225546,1021,0
23.371638223184387,0.1739088571443821,0.1457455073823503,0.9677741725418547,1.399029873395262,-0.19307135541735154,0.5418493423674771,Gold25 crash DD252 warn-15%/exp75% crash-25%/exp25% recover-8% panic-30%/MA200/mom63->0,0.65,0.25,0.1,252,-0.15,-0.25,0.75,0.25,-0.08,-0.3,200.0,63.0,2006-12-29,2026-04-29,0.2290421398684997,0.1266806136680614,1021,10
22.733367196515893,0.17234571395459852,0.14416139495087862,0.967569974575782,1.3919137603812235,-0.19307135541735188,0.5416500597847748,Gold25 crash DD252 warn-12%/exp50% crash-15%/exp50% recover-8% panic-30%/MA200/mom63->0,0.65,0.25,0.1,252,-0.12,-0.15,0.5,0.5,-0.08,-0.3,200.0,63.0,2006-12-29,2026-04-29,0.21162084080494123,0.14410191273161987,1531,10
22.733367196515893,0.17234571395459852,0.14416139495087862,0.967569974575782,1.3919137603812235,-0.19307135541735188,0.5416500597847748,Gold25 crash DD252 warn-12%/exp50% crash-18%/exp50% recover-8% panic-30%/MA200/mom63->0,0.65,0.25,0.1,252,-0.12,-0.18,0.5,0.5,-0.08,-0.3,200.0,63.0,2006-12-29,2026-04-29,0.21162084080494123,0.14410191273161987,1531,10
22.733367196515893,0.17234571395459852,0.14416139495087862,0.967569974575782,1.3919137603812235,-0.19307135541735188,0.5416500597847748,Gold25 crash DD252 warn-12%/exp50% crash-20%/exp50% recover-8% panic-30%/MA200/mom63->0,0.65,0.25,0.1,252,-0.12,-0.2,0.5,0.5,-0.08,-0.3,200.0,63.0,2006-12-29,2026-04-29,0.21162084080494123,0.14410191273161987,1531,10
22.733367196515893,0.17234571395459852,0.14416139495087862,0.967569974575782,1.3919137603812235,-0.19307135541735188,0.5416500597847748,Gold25 crash DD252 warn-12%/exp50% crash-25%/exp50% recover-8% panic-30%/MA200/mom63->0,0.65,0.25,0.1,252,-0.12,-0.25,0.5,0.5,-0.08,-0.3,200.0,63.0,2006-12-29,2026-04-29,0.21162084080494123,0.14410191273161987,1531,10
22.95296045488637,0.17288796157307762,0.14473974717762778,0.9674793949074064,1.3912546987056245,-0.19307135541735176,0.5378636907134317,Gold25 crash DD126 warn-10%/exp75% crash-15%/exp50% recover-5% no panic,0.65,0.25,0.1,126,-0.1,-0.15,0.75,0.5,-0.05,,,,2006-12-29,2026-04-29,0.22098525602709704,0.13473749750946407,1590,0
22.95296045488637,0.17288796157307762,0.14473974717762778,0.9674793949074064,1.3912546987056245,-0.19307135541735176,0.5378636907134317,Gold25 crash DD126 warn-10%/exp75% crash-15%/exp50% recover-5% panic-30%/MA200/mom63->0,0.65,0.25,0.1,126,-0.1,-0.15,0.75,0.5,-0.05,-0.3,200.0,63.0,2006-12-29,2026-04-29,0.22098525602709704,0.13473749750946407,1590,0
22.73817895212759,0.17235764672919318,0.1442143769262012,0.9673372514315033,1.3897385657080978,-0.193071355417352,0.5438421681944998,Gold25 crash DD252 warn-15%/exp75% crash-20%/exp25% recover-5% panic-25%/MA200/mom63->0,0.65,0.25,0.1,252,-0.15,-0.2,0.75,0.25,-0.05,-0.25,200.0,63.0,2006-12-29,2026-04-29,0.2040994221956565,0.1516233313409046,1664,124
22.500511061412453,0.17176548533920544,0.14360210784440272,0.9673273084634403,1.3890170470042649,-0.19522517173128295,0.5438421681944998,Gold25 crash DD252 warn-15%/exp50% crash-25%/exp25% recover-5% panic-30%/MA200/mom63->0,0.65,0.25,0.1,252,-0.15,-0.25,0.5,0.25,-0.05,-0.3,200.0,63.0,2006-12-29,2026-04-29,0.19852062163777645,0.15720213189878465,1664,10
22.85589050961119,0.17264884885721887,0.14454667766289764,0.9671644102078644,1.3933607191052766,-0.193071355417352,0.541052212036668,Gold25 crash DD252 warn-12%/exp75% crash-15%/exp50% recover-8% panic-30%/MA200/mom63->0,0.65,0.25,0.1,252,-0.12,-0.15,0.75,0.5,-0.08,-0.3,200.0,63.0,2006-12-29,2026-04-29,0.21797170751145648,0.13775104602510463,1531,10
23.490054697432985,0.17419458003401966,0.14617716094956257,0.9670146311297277,1.3976617577610428,-0.1977074327225169,0.5412514946193703,Gold25 crash DD252 warn-15%/exp75% crash-25%/exp50% recover-10% no panic,0.65,0.25,0.1,252,-0.15,-0.25,0.75,0.5,-0.1,,,,2006-12-29,2026-04-29,0.23503187886033075,0.12069087467623035,917,0
22.94118064597684,0.17285899344905453,0.14480245036892167,0.966949584753589,1.3916469050622342,-0.19706514435501332,0.5422479075328817,Gold25 crash DD252 warn-15%/exp75% crash-20%/exp50% recover-5% panic-25%/MA200/mom63->0,0.65,0.25,0.1,252,-0.15,-0.2,0.75,0.5,-0.05,-0.25,200.0,63.0,2006-12-29,2026-04-29,0.21437288304443117,0.14134987049212994,1664,124
23.26215731021046,0.17364351904544328,0.1456193287958594,0.9669360184610848,1.3963479217307564,-0.19307135541735188,0.5400557991231566,Gold25 crash DD126 warn-10%/exp75% crash-25%/exp25% recover-8% no panic,0.65,0.25,0.1,126,-0.1,-0.25,0.75,0.25,-0.08,,,,2006-12-29,2026-04-29,0.23093494720063756,0.12478780633592353,1217,0
23.26215731021046,0.17364351904544328,0.1456193287958594,0.9669360184610848,1.3963479217307564,-0.19307135541735188,0.5400557991231566,Gold25 crash DD126 warn-10%/exp75% crash-25%/exp25% recover-8% panic-30%/MA200/mom63->0,0.65,0.25,0.1,126,-0.1,-0.25,0.75,0.25,-0.08,-0.3,200.0,63.0,2006-12-29,2026-04-29,0.23093494720063756,0.12478780633592353,1217,0
22.81617225524418,0.17255074423626904,0.14450729518176708,0.9668092187620264,1.3915630207183562,-0.19307135541735165,0.5414507772020726,Gold25 crash DD252 warn-10%/exp75% crash-20%/exp25% recover-8% no panic,0.65,0.25,0.1,252,-0.1,-0.2,0.75,0.25,-0.08,,,,2006-12-29,2026-04-29,0.21617852161785217,0.13954423191870893,1776,0
22.41987269571218,0.17156327788718873,0.14350565124451006,0.9666819355195418,1.3864747629407548,-0.19307135541735188,0.5418493423674771,Gold25 crash DD252 warn-10%/exp75% crash-18%/exp50% recover-5% panic-25%/MA200/mom63->0,0.65,0.25,0.1,252,-0.1,-0.18,0.75,0.5,-0.05,-0.25,200.0,63.0,2006-12-29,2026-04-29,0.20348924088463838,0.15223351265192273,2170,124
23.186712907314995,0.1734600092238303,0.14548821789514443,0.966598787968253,1.3961044373433131,-0.1936390781669226,0.5402550817058589,Gold25 crash DD126 warn-12%/exp75% crash-18%/exp25% recover-8% no panic,0.65,0.25,0.1,126,-0.12,-0.18,0.75,0.25,-0.08,,,,2006-12-29,2026-04-29,0.23054891412631998,0.12517383941024113,964,0
23.186712907314995,0.1734600092238303,0.14548821789514443,0.966598787968253,1.3961044373433131,-0.1936390781669226,0.5402550817058589,Gold25 crash DD126 warn-12%/exp75% crash-18%/exp25% recover-8% panic-30%/MA200/mom63->0,0.65,0.25,0.1,126,-0.12,-0.18,0.75,0.25,-0.08,-0.3,200.0,63.0,2006-12-29,2026-04-29,0.23054891412631998,0.12517383941024113,964,0
22.56960039254034,0.17193820911464863,0.14391162151902015,0.9665824717706848,1.3878933063285106,-0.19307135541735176,0.5426464726982861,Gold25 crash DD252 warn-12%/exp75% crash-18%/exp50% recover-5% panic-25%/MA200/mom63->0,0.65,0.25,0.1,252,-0.12,-0.18,0.75,0.5,-0.05,-0.25,200.0,63.0,2006-12-29,2026-04-29,0.2059922295277944,0.1497305240087667,1969,124
23.0006599522171,0.1730051228521099,0.14502321591231537,0.9665593729067964,1.3938676107859693,-0.1944199734650327,0.5406536468712635,Gold25 crash DD126 warn-12%/exp50% crash-15%/exp50% recover-8% no panic,0.65,0.25,0.1,126,-0.12,-0.15,0.5,0.5,-0.08,,,,2006-12-29,2026-04-29,0.22599123331340903,0.12973152022315207,964,0
23.0006599522171,0.1730051228521099,0.14502321591231537,0.9665593729067964,1.3938676107859693,-0.1944199734650327,0.5406536468712635,Gold25 crash DD126 warn-12%/exp50% crash-15%/exp50% recover-8% panic-30%/MA200/mom63->0,0.65,0.25,0.1,126,-0.12,-0.15,0.5,0.5,-0.08,-0.3,200.0,63.0,2006-12-29,2026-04-29,0.22599123331340903,0.12973152022315207,964,0
23.0006599522171,0.1730051228521099,0.14502321591231537,0.9665593729067964,1.3938676107859693,-0.1944199734650327,0.5406536468712635,Gold25 crash DD126 warn-12%/exp50% crash-18%/exp50% recover-8% no panic,0.65,0.25,0.1,126,-0.12,-0.18,0.5,0.5,-0.08,,,,2006-12-29,2026-04-29,0.22599123331340903,0.12973152022315207,964,0
23.0006599522171,0.1730051228521099,0.14502321591231537,0.9665593729067964,1.3938676107859693,-0.1944199734650327,0.5406536468712635,Gold25 crash DD126 warn-12%/exp50% crash-18%/exp50% recover-8% panic-30%/MA200/mom63->0,0.65,0.25,0.1,126,-0.12,-0.18,0.5,0.5,-0.08,-0.3,200.0,63.0,2006-12-29,2026-04-29,0.22599123331340903,0.12973152022315207,964,0
23.0006599522171,0.1730051228521099,0.14502321591231537,0.9665593729067964,1.3938676107859693,-0.1944199734650327,0.5406536468712635,Gold25 crash DD126 warn-12%/exp50% crash-20%/exp50% recover-8% no panic,0.65,0.25,0.1,126,-0.12,-0.2,0.5,0.5,-0.08,,,,2006-12-29,2026-04-29,0.22599123331340903,0.12973152022315207,964,0
23.0006599522171,0.1730051228521099,0.14502321591231537,0.9665593729067964,1.3938676107859693,-0.1944199734650327,0.5406536468712635,Gold25 crash DD126 warn-12%/exp50% crash-20%/exp50% recover-8% panic-30%/MA200/mom63->0,0.65,0.25,0.1,126,-0.12,-0.2,0.5,0.5,-0.08,-0.3,200.0,63.0,2006-12-29,2026-04-29,0.22599123331340903,0.12973152022315207,964,0
23.0006599522171,0.1730051228521099,0.14502321591231537,0.9665593729067964,1.3938676107859693,-0.1944199734650327,0.5406536468712635,Gold25 crash DD126 warn-12%/exp50% crash-25%/exp50% recover-8% no panic,0.65,0.25,0.1,126,-0.12,-0.25,0.5,0.5,-0.08,,,,2006-12-29,2026-04-29,0.22599123331340903,0.12973152022315207,964,0
23.0006599522171,0.1730051228521099,0.14502321591231537,0.9665593729067964,1.3938676107859693,-0.1944199734650327,0.5406536468712635,Gold25 crash DD126 warn-12%/exp50% crash-25%/exp50% recover-8% panic-30%/MA200/mom63->0,0.65,0.25,0.1,126,-0.12,-0.25,0.5,0.5,-0.08,-0.3,200.0,63.0,2006-12-29,2026-04-29,0.22599123331340903,0.12973152022315207,964,0
23.292885108047955,0.17371810559251477,0.14578125816317838,0.9664594747916427,1.3951316547466104,-0.19362241432610494,0.541052212036668,Gold25 crash DD252 warn-12%/exp75% crash-25%/exp50% recover-10% panic-30%/MA200/mom63->0,0.65,0.25,0.1,252,-0.12,-0.25,0.75,0.5,-0.1,-0.3,200.0,63.0,2006-12-29,2026-04-29,0.23023759713090258,0.12548515640565852,1282,10
22.808824426190423,0.17253257796846788,0.1445725359058144,0.966332171705216,1.391937330596604,-0.19307135541735188,0.5412514946193703,Gold25 crash DD252 warn-10%/exp75% crash-18%/exp50% recover-8% no panic,0.65,0.25,0.1,252,-0.1,-0.18,0.75,0.5,-0.08,,,,2006-12-29,2026-04-29,0.21937886033074316,0.13634389320581794,1776,0
23.0239357981468,0.17306221358365437,0.1451275077704343,0.9663038404417497,1.3941557002415912,-0.19307135541735188,0.5408529294539657,Gold25 crash DD252 warn-12%/exp75% crash-18%/exp50% recover-10% no panic,0.65,0.25,0.1,252,-0.12,-0.18,0.75,0.5,-0.1,,,,2006-12-29,2026-04-29,0.22631500298864315,0.12940775054791795,1282,0
23.30940205147623,0.17375816066722471,0.14585745762002203,0.966261737706342,1.393567716176995,-0.19307135541735188,0.5398565165404544,Gold25 crash DD126 warn-15%/exp75% crash-18%/exp25% recover-5% no panic,0.65,0.25,0.1,126,-0.15,-0.18,0.75,0.25,-0.05,,,,2006-12-29,2026-04-29,0.23007571229328552,0.12564704124327558,740,0
23.30940205147623,0.17375816066722471,0.14585745762002203,0.966261737706342,1.393567716176995,-0.19307135541735188,0.5398565165404544,Gold25 crash DD126 warn-15%/exp75% crash-18%/exp25% recover-5% panic-30%/MA200/mom63->0,0.65,0.25,0.1,126,-0.15,-0.18,0.75,0.25,-0.05,-0.3,200.0,63.0,2006-12-29,2026-04-29,0.23007571229328552,0.12564704124327558,740,0
22.977744666393107,0.1729488651040454,0.1450263175072057,0.966207914723255,1.393204100179039,-0.19307135541735188,0.5398565165404544,Gold25 crash DD126 warn-12%/exp75% crash-18%/exp25% recover-5% no panic,0.65,0.25,0.1,126,-0.12,-0.18,0.75,0.25,-0.05,,,,2006-12-29,2026-04-29,0.2239365411436541,0.131786212392907,1233,0
22.977744666393107,0.1729488651040454,0.1450263175072057,0.966207914723255,1.393204100179039,-0.19307135541735188,0.5398565165404544,Gold25 crash DD126 warn-12%/exp75% crash-18%/exp25% recover-5% panic-30%/MA200/mom63->0,0.65,0.25,0.1,126,-0.12,-0.18,0.75,0.25,-0.05,-0.3,200.0,63.0,2006-12-29,2026-04-29,0.2239365411436541,0.131786212392907,1233,0
22.9730475616989,0.17293732725801747,0.1450178957732232,0.9661881142611749,1.3947892416440157,-0.19307135541735188,0.541052212036668,Gold25 crash DD252 warn-15%/exp50% crash-15%/exp50% recover-8% panic-30%/MA200/mom63->0,0.65,0.25,0.1,252,-0.15,-0.15,0.5,0.5,-0.08,-0.3,200.0,63.0,2006-12-29,2026-04-29,0.22432257421797172,0.13140017931858938,1021,10
22.9730475616989,0.17293732725801747,0.1450178957732232,0.9661881142611749,1.3947892416440157,-0.19307135541735188,0.541052212036668,Gold25 crash DD252 warn-15%/exp75% crash-15%/exp50% recover-8% panic-30%/MA200/mom63->0,0.65,0.25,0.1,252,-0.15,-0.15,0.75,0.5,-0.08,-0.3,200.0,63.0,2006-12-29,2026-04-29,0.22432257421797172,0.13140017931858938,1021,10
22.9730475616989,0.17293732725801747,0.1450178957732232,0.9661881142611749,1.3947892416440157,-0.19307135541735188,0.541052212036668,Gold25 crash DD252 warn-15%/exp50% crash-18%/exp50% recover-8% panic-30%/MA200/mom63->0,0.65,0.25,0.1,252,-0.15,-0.18,0.5,0.5,-0.08,-0.3,200.0,63.0,2006-12-29,2026-04-29,0.22432257421797172,0.13140017931858938,1021,10
22.9730475616989,0.17293732725801747,0.1450178957732232,0.9661881142611749,1.3947892416440157,-0.19307135541735188,0.541052212036668,Gold25 crash DD252 warn-15%/exp50% crash-20%/exp50% recover-8% panic-30%/MA200/mom63->0,0.65,0.25,0.1,252,-0.15,-0.2,0.5,0.5,-0.08,-0.3,200.0,63.0,2006-12-29,2026-04-29,0.22432257421797172,0.13140017931858938,1021,10
22.9730475616989,0.17293732725801747,0.1450178957732232,0.9661881142611749,1.3947892416440157,-0.19307135541735188,0.541052212036668,Gold25 crash DD252 warn-15%/exp50% crash-25%/exp50% recover-8% panic-30%/MA200/mom63->0,0.65,0.25,0.1,252,-0.15,-0.25,0.5,0.5,-0.08,-0.3,200.0,63.0,2006-12-29,2026-04-29,0.22432257421797172,0.13140017931858938,1021,10
21.847496802222835,0.1701086964867733,0.14208494651441642,0.9661685275857685,1.3803641730990182,-0.19307135541735188,0.5448385811080112,Gold25 crash DD252 warn-12%/exp50% crash-15%/exp25% recover-5% no panic,0.65,0.25,0.1,252,-0.12,-0.15,0.5,0.25,-0.05,,,,2006-12-29,2026-04-29,0.18024008766686592,0.1754826658696952,1969,0
22.15294620806079,0.1708891876740004,0.14290277224979572,0.96612166192919,1.3850408823005347,-0.19307135541735188,0.5444400159426066,Gold25 crash DD252 warn-15%/exp50% crash-18%/exp25% recover-5% no panic,0.65,0.25,0.1,252,-0.15,-0.18,0.5,0.25,-0.05,,,,2006-12-29,2026-04-29,0.1921573022514445,0.1635654512851166,1664,0
21.554376876242255,0.16935033481632322,0.141321246850376,0.9660383440275272,1.3773285185342405,-0.19307135541735165,0.5452371462734157,Gold25 crash DD252 warn-10%/exp50% crash-15%/exp25% recover-5% no panic,0.65,0.25,0.1,252,-0.1,-0.15,0.5,0.25,-0.05,,,,2006-12-29,2026-04-29,0.1752341103805539,0.1804886431560072,2170,0
22.746879529908174,0.17237921764472075,0.14447209316135862,0.9659980944348332,1.3907915343896062,-0.1930713554173522,0.5384615384615384,Gold25 crash DD126 warn-10%/exp75% crash-18%/exp25% recover-5% panic-25%/MA200/mom63->0,0.65,0.25,0.1,126,-0.1,-0.18,0.75,0.25,-0.05,-0.25,200.0,63.0,2006-12-29,2026-04-29,0.21922942817294283,0.13649332536361827,1590,21
22.754309597251478,0.1723976327045711,0.14449503911760211,0.9659748014781422,1.3902924414135194,-0.19307135541735176,0.5414507772020726,Gold25 crash DD252 warn-10%/exp75% crash-20%/exp25% recover-8% panic-30%/MA200/mom63->0,0.65,0.25,0.1,252,-0.1,-0.2,0.75,0.25,-0.08,-0.3,200.0,63.0,2006-12-29,2026-04-29,0.2160539948196852,0.1396687587168759,1776,10
23.550548905279047,0.1743400383376028,0.14651576448056497,0.9659627383032459,1.3955653677049047,-0.1987974356254817,0.5398565165404544,Gold25 crash DD126 warn-15%/exp75% crash-20%/exp50% recover-5% panic-25%/MA200/mom63->0,0.65,0.25,0.1,126,-0.15,-0.2,0.75,0.5,-0.05,-0.25,200.0,63.0,2006-12-29,2026-04-29,0.23604054592548315,0.11968220761107794,740,21
23.35275849264727,0.17386318108660892,0.14602462611830838,0.9659382981683056,1.396513694549583,-0.2070968936506875,0.5402550817058589,Gold25 crash DD126 warn-12%/exp75% crash-20%/exp50% recover-8% panic-25%/MA200/mom63->0,0.65,0.25,0.1,126,-0.12,-0.2,0.75,0.5,-0.08,-0.25,200.0,63.0,2006-12-29,2026-04-29,0.23452131898784617,0.12120143454871492,964,21
23.21560151187824,0.17353034157506908,0.14568839308424922,0.9658824663001387,1.395146194293449,-0.19414798926314736,0.5398565165404544,Gold25 crash DD126 warn-12%/exp75% crash-20%/exp50% recover-5% panic-25%/MA200/mom63->0,0.65,0.25,0.1,126,-0.12,-0.2,0.75,0.5,-0.05,-0.25,200.0,63.0,2006-12-29,2026-04-29,0.22990137477585176,0.12582137876070934,1233,21
23.06490350194222,0.17316257121352785,0.14531400205434689,0.9658390273096586,1.3953297612866908,-0.201223575917861,0.5400557991231566,Gold25 crash DD126 warn-10%/exp75% crash-20%/exp25% recover-8% no panic,0.65,0.25,0.1,126,-0.1,-0.2,0.75,0.25,-0.08,,,,2006-12-29,2026-04-29,0.22894251842996613,0.12678023510659497,1217,0
23.06490350194222,0.17316257121352785,0.14531400205434689,0.9658390273096586,1.3953297612866908,-0.201223575917861,0.5400557991231566,Gold25 crash DD126 warn-10%/exp75% crash-20%/exp25% recover-8% panic-30%/MA200/mom63->0,0.65,0.25,0.1,126,-0.1,-0.2,0.75,0.25,-0.08,-0.3,200.0,63.0,2006-12-29,2026-04-29,0.22894251842996613,0.12678023510659497,1217,0
22.068811835127644,0.17067518611966648,0.142746416571481,0.9657443079386532,1.3814372723467816,-0.19307135541735165,0.5440414507772021,Gold25 crash DD252 warn-12%/exp50% crash-20%/exp25% recover-5% panic-25%/MA200/mom63->0,0.65,0.25,0.1,252,-0.12,-0.2,0.5,0.25,-0.05,-0.25,200.0,63.0,2006-12-29,2026-04-29,0.18759962143853356,0.16812313209802754,1969,124
22.20481221383157,0.1710207447130958,0.14312840721406406,0.9656156702319241,1.385749397042124,-0.19307135541735188,0.5404543642885612,Gold25 crash DD126 warn-10%/exp50% crash-20%/exp25% recover-5% no panic,0.65,0.25,0.1,126,-0.1,-0.2,0.5,0.25,-0.05,,,,2006-12-29,2026-04-29,0.20617901972504482,0.14954373381151628,1590,0
22.20481221383157,0.1710207447130958,0.14312840721406406,0.9656156702319241,1.385749397042124,-0.19307135541735188,0.5404543642885612,Gold25 crash DD126 warn-10%/exp50% crash-20%/exp25% recover-5% panic-30%/MA200/mom63->0,0.65,0.25,0.1,126,-0.1,-0.2,0.5,0.25,-0.05,-0.3,200.0,63.0,2006-12-29,2026-04-29,0.20617901972504482,0.14954373381151628,1590,0
21.772852567637283,0.16991645730039884,0.14198628702007995,0.9655881696551742,1.3783615967012934,-0.1930713554173522,0.5444400159426066,Gold25 crash DD252 warn-10%/exp50% crash-20%/exp25% recover-5% panic-25%/MA200/mom63->0,0.65,0.25,0.1,252,-0.1,-0.2,0.5,0.25,-0.05,-0.25,200.0,63.0,2006-12-29,2026-04-29,0.18259364415222157,0.17312910938433954,2170,124
23.36055452128362,0.17388204622839942,0.1461154763948844,0.9655362741192912,1.3946002551719676,-0.19343042426659518,0.5400557991231566,Gold25 crash DD126 warn-15%/exp75% crash-20%/exp25% recover-5% panic-25%/MA200/mom63->0,0.65,0.25,0.1,126,-0.15,-0.2,0.75,0.25,-0.05,-0.25,200.0,63.0,2006-12-29,2026-04-29,0.23208059374377366,0.12364215979278745,740,21
23.028199254190305,0.17307266524725473,0.14528581551806782,0.9654685664294393,1.3942169786927834,-0.19307135541735176,0.5400557991231566,Gold25 crash DD126 warn-12%/exp75% crash-20%/exp25% recover-5% panic-25%/MA200/mom63->0,0.65,0.25,0.1,126,-0.12,-0.2,0.75,0.25,-0.05,-0.25,200.0,63.0,2006-12-29,2026-04-29,0.22594142259414227,0.12978133094241884,1233,21
23.363275393482407,0.17388862895387858,0.14614886071304392,0.9653897801123821,1.3951536944585397,-0.1977074327225169,0.5412514946193703,Gold25 crash DD252 warn-15%/exp75% crash-25%/exp50% recover-10% panic-30%/MA200/mom63->0,0.65,0.25,0.1,252,-0.15,-0.25,0.75,0.5,-0.1,-0.3,200.0,63.0,2006-12-29,2026-04-29,0.23478282526399682,0.12093992827256429,917,10
23.49032369755423,0.17419522759977113,0.1464752710595643,0.9653479735385347,1.3954408729742447,-0.19307135541735188,0.5404543642885612,Gold25 crash DD126 warn-12%/exp75% crash-25%/exp25% recover-10% no panic,0.65,0.25,0.1,126,-0.12,-0.25,0.75,0.25,-0.1,,,,2006-12-29,2026-04-29,0.23716128710898585,0.11856146642757524,765,0
23.49032369755423,0.17419522759977113,0.1464752710595643,0.9653479735385347,1.3954408729742447,-0.19307135541735188,0.5404543642885612,Gold25 crash DD126 warn-12%/exp75% crash-25%/exp25% recover-10% panic-30%/MA200/mom63->0,0.65,0.25,0.1,126,-0.12,-0.25,0.75,0.25,-0.1,-0.3,200.0,63.0,2006-12-29,2026-04-29,0.23716128710898585,0.11856146642757524,765,0
21.788150284843077,0.16995590383736947,0.14207247248476393,0.9653213091420532,1.3790803663406488,-0.19307135541735176,0.5448385811080112,Gold25 crash DD252 warn-12%/exp50% crash-15%/exp25% recover-5% panic-30%/MA200/mom63->0,0.65,0.25,0.1,252,-0.12,-0.15,0.5,0.25,-0.05,-0.3,200.0,63.0,2006-12-29,2026-04-29,0.18011556086869895,0.17560719266786215,1969,10
22.266089304771103,0.1711758133525092,0.14334053602653332,0.9653184882730385,1.383294893122394,-0.19499614822441946,0.5424471901155838,Gold25 crash DD252 warn-12%/exp50% crash-15%/exp50% recover-5% panic-25%/MA200/mom63->0,0.65,0.25,0.1,252,-0.12,-0.15,0.5,0.5,-0.05,-0.25,200.0,63.0,2006-12-29,2026-04-29,0.19787308228730824,0.15784967124925287,1969,124
22.266089304771103,0.1711758133525092,0.14334053602653332,0.9653184882730385,1.383294893122394,-0.19499614822441946,0.5424471901155838,Gold25 crash DD252 warn-12%/exp50% crash-18%/exp50% recover-5% panic-25%/MA200/mom63->0,0.65,0.25,0.1,252,-0.12,-0.18,0.5,0.5,-0.05,-0.25,200.0,63.0,2006-12-29,2026-04-29,0.19787308228730824,0.15784967124925287,1969,124
22.266089304771103,0.1711758133525092,0.14334053602653332,0.9653184882730385,1.383294893122394,-0.19499614822441946,0.5424471901155838,Gold25 crash DD252 warn-12%/exp50% crash-20%/exp50% recover-5% panic-25%/MA200/mom63->0,0.65,0.25,0.1,252,-0.12,-0.2,0.5,0.5,-0.05,-0.25,200.0,63.0,2006-12-29,2026-04-29,0.19787308228730824,0.15784967124925287,1969,124
23.265286658819285,0.17365111911350817,0.14591831299371408,0.965296288952144,1.39502547480957,-0.2027081003824085,0.5400557991231566,Gold25 crash DD126 warn-12%/exp75% crash-18%/exp50% recover-8% panic-25%/MA200/mom63->0,0.65,0.25,0.1,126,-0.12,-0.18,0.75,0.5,-0.08,-0.25,200.0,63.0,2006-12-29,2026-04-29,0.233749252839211,0.1219735006973501,964,21
22.427834101497538,0.1715832711752916,0.14376983352266098,0.9652894093838195,1.3827295092010414,-0.19307135541735176,0.5430450378636907,Gold25 crash DD252 warn-10%/exp75% crash-25%/exp25% recover-5% panic-25%/MA200/mom63->0,0.65,0.25,0.1,252,-0.1,-0.25,0.75,0.25,-0.05,-0.25,200.0,63.0,2006-12-29,2026-04-29,0.19348973899183103,0.16223301454473005,2170,776
22.092806283918637,0.1707362931081542,0.14289037249575673,0.9652787866478701,1.3837607165888084,-0.193071355417352,0.5444400159426066,Gold25 crash DD252 warn-15%/exp50% crash-18%/exp25% recover-5% panic-30%/MA200/mom63->0,0.65,0.25,0.1,252,-0.15,-0.18,0.5,0.25,-0.05,-0.3,200.0,63.0,2006-12-29,2026-04-29,0.19203277545327754,0.16368997808328356,1664,10
23.093546784679305,0.17323264165390073,0.14549676560312583,0.9652187513499205,1.3941453641973696,-0.193071355417352,0.541052212036668,Gold25 crash DD252 warn-15%/exp75% crash-18%/exp50% recover-10% no panic,0.65,0.25,0.1,252,-0.15,-0.18,0.75,0.5,-0.1,,,,2006-12-29,2026-04-29,0.2308602311217374,0.1248625224148237,917,0
23.59856586982508,0.1744552529737018,0.1467705782329211,0.9652101248732544,1.3949253319892185,-0.1964564138329462,0.5408529294539657,Gold25 crash DD126 warn-15%/exp75% crash-25%/exp25% recover-8% no panic,0.65,0.25,0.1,126,-0.15,-0.25,0.75,0.25,-0.08,,,,2006-12-29,2026-04-29,0.23929069535764097,0.11643205817892013,546,0
23.59856586982508,0.1744552529737018,0.1467705782329211,0.9652101248732544,1.3949253319892185,-0.1964564138329462,0.5408529294539657,Gold25 crash DD126 warn-15%/exp75% crash-25%/exp25% recover-8% panic-30%/MA200/mom63->0,0.65,0.25,0.1,126,-0.15,-0.25,0.75,0.25,-0.08,-0.3,200.0,63.0,2006-12-29,2026-04-29,0.23929069535764097,0.11643205817892013,546,0
22.57761269710596,0.17195820880113266,0.14417505933644853,0.9651990328292976,1.384170735896102,-0.19307135541735143,0.5438421681944998,Gold25 crash DD252 warn-12%/exp75% crash-25%/exp25% recover-5% panic-25%/MA200/mom63->0,0.65,0.25,0.1,252,-0.12,-0.25,0.75,0.25,-0.05,-0.25,200.0,63.0,2006-12-29,2026-04-29,0.19599272763498704,0.15973002590157406,1969,776
21.495791739723266,0.16919764119369307,0.1413087025929054,0.9651870150012561,1.3760400184281365,-0.1930713554173522,0.5452371462734157,Gold25 crash DD252 warn-10%/exp50% crash-15%/exp25% recover-5% panic-30%/MA200/mom63->0,0.65,0.25,0.1,252,-0.1,-0.15,0.5,0.25,-0.05,-0.3,200.0,63.0,2006-12-29,2026-04-29,0.17510958358238693,0.18061316995417417,2170,10
22.87854501665169,0.17270473633740924,0.14495824047784625,0.9651581883631006,1.3911538960062013,-0.19307135541735188,0.5418493423674771,Gold25 crash DD252 warn-10%/exp75% crash-25%/exp25% recover-8% no panic,0.65,0.25,0.1,252,-0.1,-0.25,0.75,0.25,-0.08,,,,2006-12-29,2026-04-29,0.21976489340506078,0.13595786013150032,1776,0
22.795598504239152,0.17249986568488818,0.14474697070723586,0.9651465372114401,1.389954466071348,-0.19307135541735176,0.5412514946193703,Gold25 crash DD252 warn-12%/exp75% crash-20%/exp25% recover-8% panic-25%/MA200/mom63->0,0.65,0.25,0.1,252,-0.12,-0.2,0.75,0.25,-0.08,-0.25,200.0,63.0,2006-12-29,2026-04-29,0.21768529587567245,0.13803745766088865,1531,124
21.967599083548734,0.17041676007064632,0.14258358462166806,0.9651392173077213,1.3801900523758788,-0.19307135541735176,0.5428457552809884,Gold25 crash DD252 warn-10%/exp50% crash-15%/exp50% recover-5% panic-25%/MA200/mom63->0,0.65,0.25,0.1,252,-0.1,-0.15,0.5,0.5,-0.05,-0.25,200.0,63.0,2006-12-29,2026-04-29,0.19286710500099621,0.1628556485355649,2170,124
21.967599083548734,0.17041676007064632,0.14258358462166806,0.9651392173077213,1.3801900523758788,-0.19307135541735176,0.5428457552809884,Gold25 crash DD252 warn-10%/exp50% crash-18%/exp50% recover-5% panic-25%/MA200/mom63->0,0.65,0.25,0.1,252,-0.1,-0.18,0.5,0.5,-0.05,-0.25,200.0,63.0,2006-12-29,2026-04-29,0.19286710500099621,0.1628556485355649,2170,124
21.967599083548734,0.17041676007064632,0.14258358462166806,0.9651392173077213,1.3801900523758788,-0.19307135541735176,0.5428457552809884,Gold25 crash DD252 warn-10%/exp50% crash-20%/exp50% recover-5% panic-25%/MA200/mom63->0,0.65,0.25,0.1,252,-0.1,-0.2,0.5,0.5,-0.05,-0.25,200.0,63.0,2006-12-29,2026-04-29,0.19286710500099621,0.1628556485355649,2170,124
22.563302506048206,0.17192248429098478,0.14416786661574083,0.9650278276646056,1.3897182498890495,-0.19183945737169206,0.5386608210442407,Gold25 crash DD126 warn-8%/exp75% crash-25%/exp25% recover-5% panic-25%/MA200/mom63->0,0.65,0.25,0.1,126,-0.08,-0.25,0.75,0.25,-0.05,-0.25,200.0,63.0,2006-12-29,2026-04-29,0.21678870292887029,0.13893405060769082,1953,238
22.563302506048206,0.17192248429098478,0.14416786661574083,0.9650278276646056,1.3897182498890495,-0.19183945737169206,0.5386608210442407,Gold25 crash DD126 warn-8%/exp75% crash-25%/exp50% recover-5% panic-25%/MA200/mom63->0,0.65,0.25,0.1,126,-0.08,-0.25,0.75,0.5,-0.05,-0.25,200.0,63.0,2006-12-29,2026-04-29,0.21678870292887029,0.13893405060769082,1953,238
21.708601904340178,0.16975050589038188,0.14193221386301164,0.9648983035809785,1.3788601153830906,-0.19506863894545967,0.5438421681944998,Gold25 crash DD252 warn-10%/exp75% crash-15%/exp25% recover-5% no panic,0.65,0.25,0.1,252,-0.1,-0.15,0.75,0.25,-0.05,,,,2006-12-29,2026-04-29,0.18153516636780234,0.17418758716875876,2170,0
22.572358223596403,0.17194509372501532,0.14422145954839927,0.9648545385370129,1.3874897216790163,-0.19487353303986132,0.5424471901155838,Gold25 crash DD252 warn-15%/exp75% crash-18%/exp50% recover-5% panic-25%/MA200/mom63->0,0.65,0.25,0.1,252,-0.15,-0.18,0.75,0.5,-0.05,-0.25,200.0,63.0,2006-12-29,2026-04-29,0.20979029687188683,0.14593245666467428,1664,124
21.853782311830333,0.1701248569828704,0.14234269045341205,0.964772283591247,1.3802272055108618,-0.19655115383242383,0.5446392985253089,Gold25 crash DD252 warn-12%/exp75% crash-15%/exp25% recover-5% no panic,0.65,0.25,0.1,252,-0.12,-0.15,0.75,0.25,-0.05,,,,2006-12-29,2026-04-29,0.18403815501095835,0.17168459852560275,1969,0
22.685571692542972,0.17222705994374676,0.14454390950096865,0.9646913260089311,1.3894076101361335,-0.193071355417352,0.5412514946193703,Gold25 crash DD252 warn-10%/exp75% crash-18%/exp50% recover-8% panic-30%/MA200/mom63->0,0.65,0.25,0.1,252,-0.1,-0.18,0.75,0.5,-0.08,-0.3,200.0,63.0,2006-12-29,2026-04-29,0.21912980673440924,0.13659294680215187,1776,10
22.89956948307437,0.17275655755575148,0.1450989947098625,0.9646685114835281,1.391632227823013,-0.1930713554173522,0.5408529294539657,Gold25 crash DD252 warn-12%/exp75% crash-18%/exp50% recover-10% panic-30%/MA200/mom63->0,0.65,0.25,0.1,252,-0.12,-0.18,0.75,0.5,-0.1,-0.3,200.0,63.0,2006-12-29,2026-04-29,0.22606594939230923,0.12965680414425187,1282,10
21.858251116140423,0.17013634403192324,0.1424055229022194,0.9644826140534177,1.3794391479871526,-0.19307135541735188,0.5440414507772021,Gold25 crash DD252 warn-10%/exp75% crash-18%/exp25% recover-5% panic-25%/MA200/mom63->0,0.65,0.25,0.1,252,-0.1,-0.18,0.75,0.25,-0.05,-0.25,200.0,63.0,2006-12-29,2026-04-29,0.1886331938633194,0.1670895596732417,2170,124
23.38927398318038,0.17395149329462578,0.14637783924066455,0.9644724179240786,1.3924397657187715,-0.19661055260070404,0.5396572339577521,Gold25 crash DD126 warn-15%/exp75% crash-18%/exp50% recover-5% panic-25%/MA200/mom63->0,0.65,0.25,0.1,126,-0.15,-0.18,0.75,0.5,-0.05,-0.25,200.0,63.0,2006-12-29,2026-04-29,0.2349073520621638,0.12081540147439733,740,21
22.891224538515097,0.1727359940755573,0.14511637072344902,0.9644479672426436,1.392269956932169,-0.19307135541735188,0.5396572339577521,Gold25 crash DD126 warn-10%/exp75% crash-18%/exp25% recover-8% no panic,0.65,0.25,0.1,126,-0.1,-0.18,0.75,0.25,-0.08,,,,2006-12-29,2026-04-29,0.22739838613269575,0.12832436740386535,1217,0
22.891224538515097,0.1727359940755573,0.14511637072344902,0.9644479672426436,1.392269956932169,-0.19307135541735188,0.5396572339577521,Gold25 crash DD126 warn-10%/exp75% crash-18%/exp25% recover-8% panic-30%/MA200/mom63->0,0.65,0.25,0.1,126,-0.1,-0.18,0.75,0.25,-0.08,-0.3,200.0,63.0,2006-12-29,2026-04-29,0.22739838613269575,0.12832436740386535,1217,0
23.056526891491103,0.17314206443036073,0.14554967604743962,0.9643888445239434,1.392015353860667,-0.19307135541735176,0.5396572339577521,Gold25 crash DD126 warn-12%/exp75% crash-18%/exp50% recover-5% panic-25%/MA200/mom63->0,0.65,0.25,0.1,126,-0.12,-0.18,0.75,0.5,-0.05,-0.25,200.0,63.0,2006-12-29,2026-04-29,0.22876818091253237,0.12695457262402873,1233,21
22.548915712847254,0.1718865477700493,0.1442430414689584,0.9643853819758811,1.3882115481487245,-0.1930713554173521,0.541052212036668,Gold25 crash DD252 warn-10%/exp75% crash-15%/exp50% recover-8% no panic,0.65,0.25,0.1,252,-0.1,-0.15,0.75,0.5,-0.08,,,,2006-12-29,2026-04-29,0.21516985455269974,0.14055289898386136,1776,0
22.88827256130059,0.1727287182265851,0.14512283845364213,0.9643683837000412,1.3895991806933015,-0.19307135541735165,0.5406536468712635,Gold25 crash DD252 warn-12%/exp75% crash-20%/exp50% recover-8% panic-25%/MA200/mom63->0,0.65,0.25,0.1,252,-0.12,-0.2,0.75,0.5,-0.08,-0.25,200.0,63.0,2006-12-29,2026-04-29,0.22199392309224944,0.13372883044431166,1531,124
22.004388259480695,0.17051081860281925,0.1428146349419707,0.9643674206196343,1.3808348811931042,-0.19307135541735188,0.5448385811080112,Gold25 crash DD252 warn-12%/exp75% crash-18%/exp25% recover-5% panic-25%/MA200/mom63->0,0.65,0.25,0.1,252,-0.12,-0.18,0.75,0.25,-0.05,-0.25,200.0,63.0,2006-12-29,2026-04-29,0.1911361825064754,0.1645865710300857,1969,124
23.379879591557092,0.17392878509304466,0.1463751258921511,0.9643558894038573,1.391610987047645,-0.193071355417352,0.5402550817058589,Gold25 crash DD126 warn-15%/exp75% crash-25%/exp25% recover-5% no panic,0.65,0.25,0.1,126,-0.15,-0.25,0.75,0.25,-0.05,,,,2006-12-29,2026-04-29,0.234857541342897,0.12086521219366411,740,0
23.379879591557092,0.17392878509304466,0.1463751258921511,0.9643558894038573,1.391610987047645,-0.193071355417352,0.5402550817058589,Gold25 crash DD126 warn-15%/exp75% crash-25%/exp25% recover-5% panic-30%/MA200/mom63->0,0.65,0.25,0.1,126,-0.15,-0.25,0.75,0.25,-0.05,-0.3,200.0,63.0,2006-12-29,2026-04-29,0.234857541342897,0.12086521219366411,740,0
22.81652034501709,0.17255160469744224,0.14494602325674524,0.9643259690293065,1.389886006872064,-0.19307135541735154,0.5418493423674771,Gold25 crash DD252 warn-10%/exp75% crash-25%/exp25% recover-8% panic-30%/MA200/mom63->0,0.65,0.25,0.1,252,-0.1,-0.25,0.75,0.25,-0.08,-0.3,200.0,63.0,2006-12-29,2026-04-29,0.21964036660689382,0.1360823869296673,1776,10
23.04726066918076,0.17311937188587811,0.1455469468249884,0.9642717565650096,1.391180573202185,-0.19307135541735176,0.5402550817058589,Gold25 crash DD126 warn-12%/exp75% crash-25%/exp25% recover-5% no panic,0.65,0.25,0.1,126,-0.12,-0.25,0.75,0.25,-0.05,,,,2006-12-29,2026-04-29,0.2287183701932656,0.1270043833432955,1233,0
23.04726066918076,0.17311937188587811,0.1455469468249884,0.9642717565650096,1.391180573202185,-0.19307135541735176,0.5402550817058589,Gold25 crash DD126 warn-12%/exp75% crash-25%/exp25% recover-5% panic-30%/MA200/mom63->0,0.65,0.25,0.1,126,-0.12,-0.25,0.75,0.25,-0.05,-0.3,200.0,63.0,2006-12-29,2026-04-29,0.2287183701932656,0.1270043833432955,1233,0
23.285849441339995,0.17370103561102468,0.14615383898388748,0.9642663593959243,1.3944359209554649,-0.20116940535924466,0.5402550817058589,Gold25 crash DD126 warn-12%/exp75% crash-20%/exp25% recover-10% no panic,0.65,0.25,0.1,126,-0.12,-0.2,0.75,0.25,-0.1,,,,2006-12-29,2026-04-29,0.23521866905758118,0.12050408447897991,765,0
23.285849441339995,0.17370103561102468,0.14615383898388748,0.9642663593959243,1.3944359209554649,-0.20116940535924466,0.5402550817058589,Gold25 crash DD126 warn-12%/exp75% crash-20%/exp25% recover-10% panic-30%/MA200/mom63->0,0.65,0.25,0.1,126,-0.12,-0.2,0.75,0.25,-0.1,-0.3,200.0,63.0,2006-12-29,2026-04-29,0.23521866905758118,0.12050408447897991,765,0
22.320042553101732,0.17131202737858642,0.1436721417960817,0.9642295764017103,1.3861438396872439,-0.19307135541735188,0.5422479075328817,Gold25 crash DD252 warn-12%/exp50% crash-20%/exp25% recover-8% no panic,0.65,0.25,0.1,252,-0.12,-0.2,0.5,0.25,-0.08,,,,2006-12-29,2026-04-29,0.20601713488742776,0.14970561864913332,1531,0
21.638817899315264,0.1695697565675418,0.14186780932985252,0.9641832452930698,1.3834829259587207,-0.19060755932603213,0.5398565165404544,Gold25 crash DD126 warn-8%/exp50% crash-25%/exp25% recover-5% panic-25%/MA200/mom63->0,0.65,0.25,0.1,126,-0.08,-0.25,0.5,0.25,-0.05,-0.25,200.0,63.0,2006-12-29,2026-04-29,0.1954323570432357,0.1602903964933254,1953,238
21.638817899315264,0.1695697565675418,0.14186780932985252,0.9641832452930698,1.3834829259587207,-0.19060755932603213,0.5398565165404544,Gold25 crash DD126 warn-8%/exp50% crash-25%/exp50% recover-5% panic-25%/MA200/mom63->0,0.65,0.25,0.1,126,-0.08,-0.25,0.5,0.5,-0.05,-0.25,200.0,63.0,2006-12-29,2026-04-29,0.1954323570432357,0.1602903964933254,1953,238
22.912459460332677,0.1727883074349641,0.1452175397302029,0.9641824452609469,1.391395677987368,-0.1930713554173521,0.5412514946193703,Gold25 crash DD252 warn-15%/exp75% crash-20%/exp25% recover-8% panic-25%/MA200/mom63->0,0.65,0.25,0.1,252,-0.15,-0.2,0.75,0.25,-0.08,-0.25,200.0,63.0,2006-12-29,2026-04-29,0.2240361625821877,0.1316865909543734,1021,124
22.83043991253531,0.1725860034134139,0.1450127259210326,0.9641502896336623,1.3901650219926838,-0.19454320719682128,0.5408529294539657,Gold25 crash DD252 warn-12%/exp75% crash-20%/exp25% recover-10% no panic,0.65,0.25,0.1,252,-0.12,-0.2,0.75,0.25,-0.1,,,,2006-12-29,2026-04-29,0.22342598127116955,0.13229677226539155,1282,0
23.092563615634983,0.17323023782607505,0.14568873258971313,0.9641241940857664,1.3938067714547302,-0.20912659373278575,0.5404543642885612,Gold25 crash DD126 warn-12%/exp75% crash-20%/exp25% recover-8% panic-25%/MA200/mom63->0,0.65,0.25,0.1,126,-0.12,-0.2,0.75,0.25,-0.08,-0.25,200.0,63.0,2006-12-29,2026-04-29,0.23183154014743973,0.12389121338912137,964,21
22.362670591173906,0.17141943750611732,0.1438036031631087,0.9641234698432024,1.380823548906948,-0.19307135541735176,0.5428457552809884,Gold25 crash DD252 warn-10%/exp75% crash-25%/exp50% recover-5% panic-25%/MA200/mom63->0,0.65,0.25,0.1,252,-0.1,-0.25,0.75,0.5,-0.05,-0.25,200.0,63.0,2006-12-29,2026-04-29,0.19373879258816498,0.16198396094839612,2170,776
23.398577025728386,0.17397397250102586,0.14646766199937006,0.9641022913735396,1.3938684982420335,-0.20637561484956735,0.5408529294539657,Gold25 crash DD126 warn-15%/exp75% crash-20%/exp25% recover-8% no panic,0.65,0.25,0.1,126,-0.15,-0.2,0.75,0.25,-0.08,,,,2006-12-29,2026-04-29,0.2372982665869695,0.11842448694959158,546,0
23.398577025728386,0.17397397250102586,0.14646766199937006,0.9641022913735396,1.3938684982420335,-0.20637561484956735,0.5408529294539657,Gold25 crash DD126 warn-15%/exp75% crash-20%/exp25% recover-8% panic-30%/MA200/mom63->0,0.65,0.25,0.1,126,-0.15,-0.2,0.75,0.25,-0.08,-0.3,200.0,63.0,2006-12-29,2026-04-29,0.2372982665869695,0.11842448694959158,546,0
21.649616167335974,0.16959776001346283,0.14191972519503132,0.9640501611597494,1.3775742148275003,-0.19506863894545967,0.5438421681944998,Gold25 crash DD252 warn-10%/exp75% crash-15%/exp25% recover-5% panic-30%/MA200/mom63->0,0.65,0.25,0.1,252,-0.1,-0.15,0.75,0.25,-0.05,-0.3,200.0,63.0,2006-12-29,2026-04-29,0.18141063956963538,0.17431211396692572,2170,10
22.124649692104423,0.17081729609311047,0.1431891525706191,0.9640494121318037,1.3817761146082905,-0.19815625570145168,0.5414507772020726,Gold25 crash DD252 warn-10%/exp75% crash-15%/exp50% recover-5% panic-25%/MA200/mom63->0,0.65,0.25,0.1,252,-0.1,-0.15,0.75,0.5,-0.05,-0.25,200.0,63.0,2006-12-29,2026-04-29,0.19916816098824466,0.15655459254831644,2170,124
22.512032584077208,0.17179432270085204,0.14420873548982266,0.9640370156961086,1.3822676746253202,-0.19307135541735176,0.5436428856117975,Gold25 crash DD252 warn-12%/exp75% crash-25%/exp50% recover-5% panic-25%/MA200/mom63->0,0.65,0.25,0.1,252,-0.12,-0.25,0.75,0.5,-0.05,-0.25,200.0,63.0,2006-12-29,2026-04-29,0.19624178123132097,0.1594809723052401,1969,776
22.482569030815934,0.17172055126019248,0.14413364576067378,0.964025898340193,1.3872123936239398,-0.19743588364955955,0.5376644081307294,Gold25 crash DD126 warn-8%/exp75% crash-15%/exp50% recover-5% panic-25%/MA200/mom63->0,0.65,0.25,0.1,126,-0.08,-0.15,0.75,0.5,-0.05,-0.25,200.0,63.0,2006-12-29,2026-04-29,0.21594192070133492,0.1397808328352262,1953,21
23.583925969785387,0.17442014781664317,0.14694889852800602,0.9640135562392489,1.39418221724682,-0.1958342940481802,0.541052212036668,Gold25 crash DD126 warn-15%/exp75% crash-25%/exp25% recover-10% no panic,0.65,0.25,0.1,126,-0.15,-0.25,0.75,0.25,-0.1,,,,2006-12-29,2026-04-29,0.24079746961546125,0.11492528392109985,473,0
23.583925969785387,0.17442014781664317,0.14694889852800602,0.9640135562392489,1.39418221724682,-0.1958342940481802,0.541052212036668,Gold25 crash DD126 warn-15%/exp75% crash-25%/exp25% recover-10% panic-30%/MA200/mom63->0,0.65,0.25,0.1,126,-0.15,-0.25,0.75,0.25,-0.1,-0.3,200.0,63.0,2006-12-29,2026-04-29,0.24079746961546125,0.11492528392109985,473,0
22.050903310589895,0.1706295388823056,0.143009744164843,0.9639598556517959,1.3824937415835972,-0.19307135541735232,0.5402550817058589,Gold25 crash DD126 warn-10%/exp50% crash-18%/exp25% recover-5% no panic,0.65,0.25,0.1,126,-0.1,-0.18,0.5,0.25,-0.05,,,,2006-12-29,2026-04-29,0.20504582586172546,0.15067692767483565,1590,0
22.050903310589895,0.1706295388823056,0.143009744164843,0.9639598556517959,1.3824937415835972,-0.19307135541735232,0.5402550817058589,Gold25 crash DD126 warn-10%/exp50% crash-18%/exp25% recover-5% panic-30%/MA200/mom63->0,0.65,0.25,0.1,126,-0.1,-0.18,0.5,0.25,-0.05,-0.3,200.0,63.0,2006-12-29,2026-04-29,0.20504582586172546,0.15067692767483565,1590,0
22.272489972166586,0.17119198858667084,0.14359602477933422,0.963951117124686,1.3831823575102915,-0.19963308384538747,0.5422479075328817,Gold25 crash DD252 warn-12%/exp75% crash-15%/exp50% recover-5% panic-25%/MA200/mom63->0,0.65,0.25,0.1,252,-0.12,-0.15,0.75,0.5,-0.05,-0.25,200.0,63.0,2006-12-29,2026-04-29,0.20167114963140068,0.15405160390516043,1969,124
21.79441946779953,0.1699720622232308,0.14233023919844115,0.9639263227547956,1.378944139867125,-0.19655115383242383,0.5446392985253089,Gold25 crash DD252 warn-12%/exp75% crash-15%/exp25% recover-5% panic-30%/MA200/mom63->0,0.65,0.25,0.1,252,-0.12,-0.15,0.75,0.25,-0.05,-0.3,200.0,63.0,2006-12-29,2026-04-29,0.1839136282127914,0.1718091253237697,1969,10
23.248639395184263,0.1736106781654705,0.14612594710831256,0.9638944399934006,1.3887171360060646,-0.193071355417352,0.5390593862096453,Gold25 crash DD126 warn-15%/exp50% crash-15%/exp50% recover-5% no panic,0.65,0.25,0.1,126,-0.15,-0.15,0.5,0.5,-0.05,,,,2006-12-29,2026-04-29,0.2315700338712891,0.124152719665272,740,0
23.248639395184263,0.1736106781654705,0.14612594710831256,0.9638944399934006,1.3887171360060646,-0.193071355417352,0.5390593862096453,Gold25 crash DD126 warn-15%/exp50% crash-15%/exp50% recover-5% panic-30%/MA200/mom63->0,0.65,0.25,0.1,126,-0.15,-0.15,0.5,0.5,-0.05,-0.3,200.0,63.0,2006-12-29,2026-04-29,0.2315700338712891,0.124152719665272,740,0
23.248639395184263,0.1736106781654705,0.14612594710831256,0.9638944399934006,1.3887171360060646,-0.193071355417352,0.5390593862096453,Gold25 crash DD126 warn-15%/exp75% crash-15%/exp50% recover-5% no panic,0.65,0.25,0.1,126,-0.15,-0.15,0.75,0.5,-0.05,,,,2006-12-29,2026-04-29,0.2315700338712891,0.124152719665272,740,0
23.248639395184263,0.1736106781654705,0.14612594710831256,0.9638944399934006,1.3887171360060646,-0.193071355417352,0.5390593862096453,Gold25 crash DD126 warn-15%/exp75% crash-15%/exp50% recover-5% panic-30%/MA200/mom63->0,0.65,0.25,0.1,126,-0.15,-0.15,0.75,0.5,-0.05,-0.3,200.0,63.0,2006-12-29,2026-04-29,0.2315700338712891,0.124152719665272,740,0
23.248639395184263,0.1736106781654705,0.14612594710831256,0.9638944399934006,1.3887171360060646,-0.193071355417352,0.5390593862096453,Gold25 crash DD126 warn-15%/exp50% crash-18%/exp50% recover-5% no panic,0.65,0.25,0.1,126,-0.15,-0.18,0.5,0.5,-0.05,,,,2006-12-29,2026-04-29,0.2315700338712891,0.124152719665272,740,0
23.248639395184263,0.1736106781654705,0.14612594710831256,0.9638944399934006,1.3887171360060646,-0.193071355417352,0.5390593862096453,Gold25 crash DD126 warn-15%/exp50% crash-18%/exp50% recover-5% panic-30%/MA200/mom63->0,0.65,0.25,0.1,126,-0.15,-0.18,0.5,0.5,-0.05,-0.3,200.0,63.0,2006-12-29,2026-04-29,0.2315700338712891,0.124152719665272,740,0
23.248639395184263,0.1736106781654705,0.14612594710831256,0.9638944399934006,1.3887171360060646,-0.193071355417352,0.5390593862096453,Gold25 crash DD126 warn-15%/exp50% crash-20%/exp50% recover-5% no panic,0.65,0.25,0.1,126,-0.15,-0.2,0.5,0.5,-0.05,,,,2006-12-29,2026-04-29,0.2315700338712891,0.124152719665272,740,0
23.248639395184263,0.1736106781654705,0.14612594710831256,0.9638944399934006,1.3887171360060646,-0.193071355417352,0.5390593862096453,Gold25 crash DD126 warn-15%/exp50% crash-20%/exp50% recover-5% panic-30%/MA200/mom63->0,0.65,0.25,0.1,126,-0.15,-0.2,0.5,0.5,-0.05,-0.3,200.0,63.0,2006-12-29,2026-04-29,0.2315700338712891,0.124152719665272,740,0
23.248639395184263,0.1736106781654705,0.14612594710831256,0.9638944399934006,1.3887171360060646,-0.193071355417352,0.5390593862096453,Gold25 crash DD126 warn-15%/exp50% crash-25%/exp50% recover-5% no panic,0.65,0.25,0.1,126,-0.15,-0.25,0.5,0.5,-0.05,,,,2006-12-29,2026-04-29,0.2315700338712891,0.124152719665272,740,0
23.248639395184263,0.1736106781654705,0.14612594710831256,0.9638944399934006,1.3887171360060646,-0.193071355417352,0.5390593862096453,Gold25 crash DD126 warn-15%/exp50% crash-25%/exp50% recover-5% panic-30%/MA200/mom63->0,0.65,0.25,0.1,126,-0.15,-0.25,0.5,0.5,-0.05,-0.3,200.0,63.0,2006-12-29,2026-04-29,0.2315700338712891,0.124152719665272,740,0
22.917811005551467,0.17280148429013353,0.1452963409311516,0.9638169992464434,1.3882947725213133,-0.1930713554173521,0.5390593862096453,Gold25 crash DD126 warn-12%/exp75% crash-15%/exp50% recover-5% no panic,0.65,0.25,0.1,126,-0.12,-0.15,0.75,0.5,-0.05,,,,2006-12-29,2026-04-29,0.2254308627216577,0.1302918908149034,1233,0
22.917811005551467,0.17280148429013353,0.1452963409311516,0.9638169992464434,1.3882947725213133,-0.1930713554173521,0.5390593862096453,Gold25 crash DD126 warn-12%/exp75% crash-15%/exp50% recover-5% panic-30%/MA200/mom63->0,0.65,0.25,0.1,126,-0.12,-0.15,0.75,0.5,-0.05,-0.3,200.0,63.0,2006-12-29,2026-04-29,0.2254308627216577,0.1302918908149034,1233,0
23.05524154975598,0.17313891718462093,0.1456541560959132,0.9637845996491443,1.3926608932798843,-0.20584455002293112,0.5396572339577521,Gold25 crash DD126 warn-10%/exp75% crash-20%/exp50% recover-8% panic-25%/MA200/mom63->0,0.65,0.25,0.1,126,-0.1,-0.2,0.75,0.5,-0.08,-0.25,200.0,63.0,2006-12-29,2026-04-29,0.23137079099422195,0.12435196254233914,1217,21
23.126715874654234,0.17331368484456022,0.1458396285816946,0.9637657865128948,1.3922355741719745,-0.19628718883592056,0.5400557991231566,Gold25 crash DD126 warn-12%/exp75% crash-25%/exp25% recover-8% panic-25%/MA200/mom63->0,0.65,0.25,0.1,126,-0.12,-0.25,0.75,0.25,-0.08,-0.25,200.0,63.0,2006-12-29,2026-04-29,0.23213040446304045,0.12359234907352065,964,157
23.126715874654234,0.17331368484456022,0.1458396285816946,0.9637657865128948,1.3922355741719745,-0.19628718883592056,0.5400557991231566,Gold25 crash DD126 warn-12%/exp75% crash-25%/exp50% recover-8% panic-25%/MA200/mom63->0,0.65,0.25,0.1,126,-0.12,-0.25,0.75,0.5,-0.08,-0.25,200.0,63.0,2006-12-29,2026-04-29,0.23213040446304045,0.12359234907352065,964,157
22.968820109757363,0.17292694121883234,0.1454683263575636,0.9635868718841629,1.391626186730215,-0.193071355417352,0.541052212036668,Gold25 crash DD252 warn-15%/exp75% crash-18%/exp50% recover-10% panic-30%/MA200/mom63->0,0.65,0.25,0.1,252,-0.15,-0.18,0.75,0.5,-0.1,-0.3,200.0,63.0,2006-12-29,2026-04-29,0.23061117752540347,0.12511157601115763,917,10
22.351934273561685,0.1713924026891298,0.14387858762819888,0.9635294209789222,1.3860383418702291,-0.19307135541735165,0.5422479075328817,Gold25 crash DD252 warn-12%/exp50% crash-25%/exp25% recover-8% no panic,0.65,0.25,0.1,252,-0.12,-0.25,0.5,0.25,-0.08,,,,2006-12-29,2026-04-29,0.20781032078103207,0.147912432755529,1531,0
22.580371465665554,0.17196509352898848,0.14448433236405786,0.9634809844586294,1.3837859721790833,-0.19307135541735188,0.5436428856117975,Gold25 crash DD252 warn-15%/exp75% crash-25%/exp25% recover-5% panic-25%/MA200/mom63->0,0.65,0.25,0.1,252,-0.15,-0.25,0.75,0.25,-0.05,-0.25,200.0,63.0,2006-12-29,2026-04-29,0.1997907949790795,0.1559319585574816,1664,776
23.044965473565945,0.17311374977596716,0.14568298311776484,0.9634747549032351,1.3897965542142465,-0.19831739924055003,0.5398565165404544,Gold25 crash DD126 warn-12%/exp75% crash-15%/exp50% recover-8% no panic,0.65,0.25,0.1,126,-0.12,-0.15,0.75,0.5,-0.08,,,,2006-12-29,2026-04-29,0.23119645347678822,0.1245263000597729,964,0
23.044965473565945,0.17311374977596716,0.14568298311776484,0.9634747549032351,1.3897965542142465,-0.19831739924055003,0.5398565165404544,Gold25 crash DD126 warn-12%/exp75% crash-15%/exp50% recover-8% panic-30%/MA200/mom63->0,0.65,0.25,0.1,126,-0.12,-0.15,0.75,0.5,-0.08,-0.3,200.0,63.0,2006-12-29,2026-04-29,0.23119645347678822,0.1245263000597729,964,0
23.00558864269443,0.17301721627571043,0.1455921904989077,0.9634173486830323,1.3910563923123254,-0.19307135541735176,0.5406536468712635,Gold25 crash DD252 warn-15%/exp75% crash-20%/exp50% recover-8% panic-25%/MA200/mom63->0,0.65,0.25,0.1,252,-0.15,-0.2,0.75,0.5,-0.08,-0.25,200.0,63.0,2006-12-29,2026-04-29,0.22834478979876469,0.12737796373779642,1021,124
22.259468595146874,0.17115907759838356,0.1436598101733868,0.9633905949327598,1.3848670379163373,-0.193071355417352,0.5422479075328817,Gold25 crash DD252 warn-12%/exp50% crash-20%/exp25% recover-8% panic-30%/MA200/mom63->0,0.65,0.25,0.1,252,-0.12,-0.2,0.5,0.25,-0.08,-0.3,200.0,63.0,2006-12-29,2026-04-29,0.2058926080892608,0.1498301454473003,1531,10
21.513055003547787,0.1692426745876192,0.14167178502711114,0.9633452279598456,1.3804674979298082,-0.19060755932603257,0.5400557991231566,Gold25 crash DD126 warn-8%/exp50% crash-15%/exp25% recover-5% no panic,0.65,0.25,0.1,126,-0.08,-0.15,0.5,0.25,-0.05,,,,2006-12-29,2026-04-29,0.1921448495716278,0.1635779039649333,1953,0
21.513055003547787,0.1692426745876192,0.14167178502711114,0.9633452279598456,1.3804674979298082,-0.19060755932603257,0.5400557991231566,Gold25 crash DD126 warn-8%/exp50% crash-15%/exp25% recover-5% panic-30%/MA200/mom63->0,0.65,0.25,0.1,126,-0.08,-0.15,0.5,0.25,-0.05,-0.3,200.0,63.0,2006-12-29,2026-04-29,0.1921448495716278,0.1635779039649333,1953,0
22.768540194212864,0.17243288727757755,0.145000512951585,0.9633182698469073,1.3888968221906624,-0.19454320719682128,0.5408529294539657,Gold25 crash DD252 warn-12%/exp75% crash-20%/exp25% recover-10% panic-30%/MA200/mom63->0,0.65,0.25,0.1,252,-0.12,-0.2,0.75,0.25,-0.1,-0.3,200.0,63.0,2006-12-29,2026-04-29,0.2233014544730026,0.1324212990635585,1282,10
22.087236081232973,0.17072211277397087,0.14322938749011496,0.9632539235773214,1.382048742029419,-0.1930713554173521,0.5404543642885612,Gold25 crash DD126 warn-10%/exp50% crash-25%/exp25% recover-5% no panic,0.65,0.25,0.1,126,-0.1,-0.25,0.5,0.25,-0.05,,,,2006-12-29,2026-04-29,0.20743674038653118,0.14828601315002993,1590,0
22.087236081232973,0.17072211277397087,0.14322938749011496,0.9632539235773214,1.382048742029419,-0.1930713554173521,0.5404543642885612,Gold25 crash DD126 warn-10%/exp50% crash-25%/exp25% recover-5% panic-30%/MA200/mom63->0,0.65,0.25,0.1,126,-0.1,-0.25,0.5,0.25,-0.05,-0.3,200.0,63.0,2006-12-29,2026-04-29,0.20743674038653118,0.14828601315002993,1590,0
22.9688383567799,0.17292698605200796,0.1455475687716486,0.9631411976360527,1.3911762141757733,-0.2014488249148867,0.5394579513750498,Gold25 crash DD126 warn-10%/exp75% crash-18%/exp50% recover-8% panic-25%/MA200/mom63->0,0.65,0.25,0.1,126,-0.1,-0.18,0.75,0.5,-0.08,-0.25,200.0,63.0,2006-12-29,2026-04-29,0.23059872484558677,0.12512402869097433,1217,21
21.708155536489034,0.16974935141905334,0.14223911699334407,0.9631148078143069,1.3762591044835966,-0.1930713554173521,0.5446392985253089,Gold25 crash DD252 warn-12%/exp50% crash-18%/exp25% recover-5% panic-25%/MA200/mom63->0,0.65,0.25,0.1,252,-0.12,-0.18,0.5,0.25,-0.05,-0.25,200.0,63.0,2006-12-29,2026-04-29,0.18301703526598925,0.17270571827057185,1969,124
22.899490231589933,0.17275636229757607,0.14538227758758018,0.963067867206681,1.3901517390101057,-0.1986235609598368,0.541052212036668,Gold25 crash DD252 warn-15%/exp75% crash-20%/exp25% recover-10% no panic,0.65,0.25,0.1,252,-0.15,-0.2,0.75,0.25,-0.1,,,,2006-12-29,2026-04-29,0.2279712094042638,0.1277515441322973,917,0
21.856456386466974,0.17013173094060763,0.1426559386058487,0.9630062570066099,1.3797796988157287,-0.20118673488870076,0.5444400159426066,Gold25 crash DD252 warn-15%/exp50% crash-15%/exp25% recover-5% no panic,0.65,0.25,0.1,252,-0.15,-0.15,0.5,0.25,-0.05,,,,2006-12-29,2026-04-29,0.18783622235505082,0.16788653118151028,1664,0
21.856456386466974,0.17013173094060763,0.1426559386058487,0.9630062570066099,1.3797796988157287,-0.20118673488870076,0.5444400159426066,Gold25 crash DD252 warn-15%/exp75% crash-15%/exp25% recover-5% no panic,0.65,0.25,0.1,252,-0.15,-0.15,0.75,0.25,-0.05,,,,2006-12-29,2026-04-29,0.18783622235505082,0.16788653118151028,1664,0
21.37190314937401,0.16887349590014455,0.14135166550205297,0.9629695807073602,1.3764444496197537,-0.1984695049504791,0.5434436030290952,Gold25 crash DD252 warn-8%/exp75% crash-15%/exp25% recover-5% panic-25%/MA200/mom63->0,0.65,0.25,0.1,252,-0.08,-0.15,0.75,0.25,-0.05,-0.25,200.0,63.0,2006-12-29,2026-04-29,0.17674088463837417,0.17898186889818693,2431,124
21.416823276870947,0.1689912226445105,0.14147624350177873,0.9629626584078365,1.3731962600330103,-0.19307135541735188,0.5450378636907134,Gold25 crash DD252 warn-10%/exp50% crash-18%/exp25% recover-5% panic-25%/MA200/mom63->0,0.65,0.25,0.1,252,-0.1,-0.18,0.5,0.25,-0.05,-0.25,200.0,63.0,2006-12-29,2026-04-29,0.17801105797967723,0.17771169555688388,2170,124
23.318110813732517,0.17377926979324831,0.1464731180125526,0.9629388670889941,1.3924557506288238,-0.20570864284642343,0.5398565165404544,Gold25 crash DD126 warn-12%/exp75% crash-20%/exp50% recover-10% panic-25%/MA200/mom63->0,0.65,0.25,0.1,126,-0.12,-0.2,0.75,0.5,-0.1,-0.25,200.0,63.0,2006-12-29,2026-04-29,0.2373231719466029,0.1183995815899582,765,21
22.582997433254366,0.17197164613074678,0.1445870127034338,0.9629369614586624,1.3861639726765351,-0.19307135541735132,0.5398565165404544,Gold25 crash DD126 warn-12%/exp50% crash-15%/exp50% recover-5% no panic,0.65,0.25,0.1,126,-0.12,-0.15,0.5,0.5,-0.05,,,,2006-12-29,2026-04-29,0.2192916915720263,0.1364310619645348,1233,0
22.582997433254366,0.17197164613074678,0.1445870127034338,0.9629369614586624,1.3861639726765351,-0.19307135541735132,0.5398565165404544,Gold25 crash DD126 warn-12%/exp50% crash-15%/exp50% recover-5% panic-30%/MA200/mom63->0,0.65,0.25,0.1,126,-0.12,-0.15,0.5,0.5,-0.05,-0.3,200.0,63.0,2006-12-29,2026-04-29,0.2192916915720263,0.1364310619645348,1233,0
22.582997433254366,0.17197164613074678,0.1445870127034338,0.9629369614586624,1.3861639726765351,-0.19307135541735132,0.5398565165404544,Gold25 crash DD126 warn-12%/exp50% crash-18%/exp50% recover-5% no panic,0.65,0.25,0.1,126,-0.12,-0.18,0.5,0.5,-0.05,,,,2006-12-29,2026-04-29,0.2192916915720263,0.1364310619645348,1233,0
22.582997433254366,0.17197164613074678,0.1445870127034338,0.9629369614586624,1.3861639726765351,-0.19307135541735132,0.5398565165404544,Gold25 crash DD126 warn-12%/exp50% crash-18%/exp50% recover-5% panic-30%/MA200/mom63->0,0.65,0.25,0.1,126,-0.12,-0.18,0.5,0.5,-0.05,-0.3,200.0,63.0,2006-12-29,2026-04-29,0.2192916915720263,0.1364310619645348,1233,0
22.582997433254366,0.17197164613074678,0.1445870127034338,0.9629369614586624,1.3861639726765351,-0.19307135541735132,0.5398565165404544,Gold25 crash DD126 warn-12%/exp50% crash-20%/exp50% recover-5% no panic,0.65,0.25,0.1,126,-0.12,-0.2,0.5,0.5,-0.05,,,,2006-12-29,2026-04-29,0.2192916915720263,0.1364310619645348,1233,0
22.582997433254366,0.17197164613074678,0.1445870127034338,0.9629369614586624,1.3861639726765351,-0.19307135541735132,0.5398565165404544,Gold25 crash DD126 warn-12%/exp50% crash-20%/exp50% recover-5% panic-30%/MA200/mom63->0,0.65,0.25,0.1,126,-0.12,-0.2,0.5,0.5,-0.05,-0.3,200.0,63.0,2006-12-29,2026-04-29,0.2192916915720263,0.1364310619645348,1233,0
22.582997433254366,0.17197164613074678,0.1445870127034338,0.9629369614586624,1.3861639726765351,-0.19307135541735132,0.5398565165404544,Gold25 crash DD126 warn-12%/exp50% crash-25%/exp50% recover-5% no panic,0.65,0.25,0.1,126,-0.12,-0.25,0.5,0.5,-0.05,,,,2006-12-29,2026-04-29,0.2192916915720263,0.1364310619645348,1233,0
22.582997433254366,0.17197164613074678,0.1445870127034338,0.9629369614586624,1.3861639726765351,-0.19307135541735132,0.5398565165404544,Gold25 crash DD126 warn-12%/exp50% crash-25%/exp50% recover-5% panic-30%/MA200/mom63->0,0.65,0.25,0.1,126,-0.12,-0.25,0.5,0.5,-0.05,-0.3,200.0,63.0,2006-12-29,2026-04-29,0.2192916915720263,0.1364310619645348,1233,0
23.378670210834336,0.17392586116410746,0.14662850802970814,0.9629256703934438,1.3931560973397483,-0.20593660580614115,0.5408529294539657,Gold25 crash DD126 warn-15%/exp75% crash-20%/exp25% recover-10% no panic,0.65,0.25,0.1,126,-0.15,-0.2,0.75,0.25,-0.1,,,,2006-12-29,2026-04-29,0.2388548515640566,0.11686790197250452,473,0
23.378670210834336,0.17392586116410746,0.14662850802970814,0.9629256703934438,1.3931560973397483,-0.20593660580614115,0.5408529294539657,Gold25 crash DD126 warn-15%/exp75% crash-20%/exp25% recover-10% panic-30%/MA200/mom63->0,0.65,0.25,0.1,126,-0.15,-0.2,0.75,0.25,-0.1,-0.3,200.0,63.0,2006-12-29,2026-04-29,0.2388548515640566,0.11686790197250452,473,0
22.55554880339175,0.17190311904173927,0.14453155843099677,0.962843409005548,1.388998391850202,-0.19307135541735154,0.5416500597847748,Gold25 crash DD252 warn-15%/exp50% crash-20%/exp25% recover-8% no panic,0.65,0.25,0.1,252,-0.15,-0.2,0.5,0.25,-0.08,,,,2006-12-29,2026-04-29,0.21871886830045825,0.13700388523610285,1021,0
22.42700846601773,0.17158119807657424,0.14421434529314453,0.9627408666897189,1.3856768133395516,-0.19307135541735165,0.541052212036668,Gold25 crash DD252 warn-10%/exp75% crash-15%/exp50% recover-8% panic-30%/MA200/mom63->0,0.65,0.25,0.1,252,-0.1,-0.15,0.75,0.5,-0.08,-0.3,200.0,63.0,2006-12-29,2026-04-29,0.21492080095636582,0.1408019525801953,1776,10
22.918685026230623,0.17280363608364535,0.1454916114829403,0.9627310112725896,1.3907361561450677,-0.20035613769888794,0.5400557991231566,Gold25 crash DD126 warn-12%/exp75% crash-18%/exp25% recover-8% panic-25%/MA200/mom63->0,0.65,0.25,0.1,126,-0.12,-0.18,0.75,0.25,-0.08,-0.25,200.0,63.0,2006-12-29,2026-04-29,0.23028740785016935,0.12543534568639175,964,21
23.222489905055568,0.17354710032701548,0.14627159857849723,0.9627095367345965,1.3907917576159157,-0.19757465160787324,0.5404543642885612,Gold25 crash DD126 warn-15%/exp75% crash-18%/exp25% recover-8% no panic,0.65,0.25,0.1,126,-0.15,-0.18,0.75,0.25,-0.08,,,,2006-12-29,2026-04-29,0.23575413428969913,0.11996861924686196,546,0
23.222489905055568,0.17354710032701548,0.14627159857849723,0.9627095367345965,1.3907917576159157,-0.19757465160787324,0.5404543642885612,Gold25 crash DD126 warn-15%/exp75% crash-18%/exp25% recover-8% panic-30%/MA200/mom63->0,0.65,0.25,0.1,126,-0.15,-0.18,0.75,0.25,-0.08,-0.3,200.0,63.0,2006-12-29,2026-04-29,0.23575413428969913,0.11996861924686196,546,0
22.291277476661286,0.17123944241352862,0.14386627406031555,0.9626914626057719,1.3847627275715035,-0.19307135541735154,0.5422479075328817,Gold25 crash DD252 warn-12%/exp50% crash-25%/exp25% recover-8% panic-30%/MA200/mom63->0,0.65,0.25,0.1,252,-0.12,-0.25,0.5,0.25,-0.08,-0.3,200.0,63.0,2006-12-29,2026-04-29,0.2076857939828651,0.148036959553696,1531,10
22.555498588687136,0.17190299360834338,0.14455876649456756,0.9626909525078963,1.387264330273969,-0.193071355417352,0.5404543642885612,Gold25 crash DD252 warn-12%/exp50% crash-15%/exp50% recover-10% no panic,0.65,0.25,0.1,252,-0.12,-0.15,0.5,0.5,-0.1,,,,2006-12-29,2026-04-29,0.21807132894999004,0.13765142458657106,1282,0
22.555498588687136,0.17190299360834338,0.14455876649456756,0.9626909525078963,1.387264330273969,-0.193071355417352,0.5404543642885612,Gold25 crash DD252 warn-12%/exp50% crash-18%/exp50% recover-10% no panic,0.65,0.25,0.1,252,-0.12,-0.18,0.5,0.5,-0.1,,,,2006-12-29,2026-04-29,0.21807132894999004,0.13765142458657106,1282,0
22.555498588687136,0.17190299360834338,0.14455876649456756,0.9626909525078963,1.387264330273969,-0.193071355417352,0.5404543642885612,Gold25 crash DD252 warn-12%/exp50% crash-20%/exp50% recover-10% no panic,0.65,0.25,0.1,252,-0.12,-0.2,0.5,0.5,-0.1,,,,2006-12-29,2026-04-29,0.21807132894999004,0.13765142458657106,1282,0
22.555498588687136,0.17190299360834338,0.14455876649456756,0.9626909525078963,1.387264330273969,-0.193071355417352,0.5404543642885612,Gold25 crash DD252 warn-12%/exp50% crash-25%/exp50% recover-10% no panic,0.65,0.25,0.1,252,-0.12,-0.25,0.5,0.5,-0.1,,,,2006-12-29,2026-04-29,0.21807132894999004,0.13765142458657106,1282,0
21.878248109373082,0.17018772013397676,0.14276986381903137,0.9626909192854978,1.3755955980097305,-0.19307135541735165,0.5434436030290952,Gold25 crash DD252 warn-12%/exp50% crash-25%/exp25% recover-5% panic-25%/MA200/mom63->0,0.65,0.25,0.1,252,-0.12,-0.25,0.5,0.25,-0.05,-0.25,200.0,63.0,2006-12-29,2026-04-29,0.18138573421000198,0.17433701932655912,1969,776
22.077858207464903,0.17069823172526766,0.14331477165942408,0.9626160345915915,1.380888101662281,-0.19979035192792338,0.5436428856117975,Gold25 crash DD252 warn-15%/exp50% crash-20%/exp25% recover-5% panic-25%/MA200/mom63->0,0.65,0.25,0.1,252,-0.15,-0.2,0.5,0.25,-0.05,-0.25,200.0,63.0,2006-12-29,2026-04-29,0.19519575612671847,0.16052699740984264,1664,124
22.00707995621332,0.17051769482790768,0.14312684964391056,0.9626150538758034,1.380407699389531,-0.193071355417352,0.5446392985253089,Gold25 crash DD252 warn-15%/exp75% crash-18%/exp25% recover-5% panic-25%/MA200/mom63->0,0.65,0.25,0.1,252,-0.15,-0.18,0.75,0.25,-0.05,-0.25,200.0,63.0,2006-12-29,2026-04-29,0.19493424985056784,0.16078850368599326,1664,124
21.584733662235372,0.1694293072473405,0.14200985103884076,0.9625176715813132,1.3724993226824407,-0.1930713554173521,0.5438421681944998,Gold25 crash DD252 warn-10%/exp50% crash-25%/exp25% recover-5% panic-25%/MA200/mom63->0,0.65,0.25,0.1,252,-0.1,-0.25,0.5,0.25,-0.05,-0.25,200.0,63.0,2006-12-29,2026-04-29,0.17637975692368998,0.17934299661287115,2170,776
23.021026385424424,0.17305508028275196,0.1458053825479098,0.9624443560430251,1.388440152737956,-0.19307135541735165,0.5400557991231566,Gold25 crash DD126 warn-12%/exp50% crash-15%/exp50% recover-10% no panic,0.65,0.25,0.1,126,-0.12,-0.15,0.5,0.5,-0.1,,,,2006-12-29,2026-04-29,0.23094739988045426,0.12477535365610683,765,0
23.021026385424424,0.17305508028275196,0.1458053825479098,0.9624443560430251,1.388440152737956,-0.19307135541735165,0.5400557991231566,Gold25 crash DD126 warn-12%/exp50% crash-15%/exp50% recover-10% panic-30%/MA200/mom63->0,0.65,0.25,0.1,126,-0.12,-0.15,0.5,0.5,-0.1,-0.3,200.0,63.0,2006-12-29,2026-04-29,0.23094739988045426,0.12477535365610683,765,0
23.021026385424424,0.17305508028275196,0.1458053825479098,0.9624443560430251,1.388440152737956,-0.19307135541735165,0.5400557991231566,Gold25 crash DD126 warn-12%/exp50% crash-18%/exp50% recover-10% no panic,0.65,0.25,0.1,126,-0.12,-0.18,0.5,0.5,-0.1,,,,2006-12-29,2026-04-29,0.23094739988045426,0.12477535365610683,765,0
23.021026385424424,0.17305508028275196,0.1458053825479098,0.9624443560430251,1.388440152737956,-0.19307135541735165,0.5400557991231566,Gold25 crash DD126 warn-12%/exp50% crash-18%/exp50% recover-10% panic-30%/MA200/mom63->0,0.65,0.25,0.1,126,-0.12,-0.18,0.5,0.5,-0.1,-0.3,200.0,63.0,2006-12-29,2026-04-29,0.23094739988045426,0.12477535365610683,765,0
23.021026385424424,0.17305508028275196,0.1458053825479098,0.9624443560430251,1.388440152737956,-0.19307135541735165,0.5400557991231566,Gold25 crash DD126 warn-12%/exp50% crash-20%/exp50% recover-10% no panic,0.65,0.25,0.1,126,-0.12,-0.2,0.5,0.5,-0.1,,,,2006-12-29,2026-04-29,0.23094739988045426,0.12477535365610683,765,0
23.021026385424424,0.17305508028275196,0.1458053825479098,0.9624443560430251,1.388440152737956,-0.19307135541735165,0.5400557991231566,Gold25 crash DD126 warn-12%/exp50% crash-20%/exp50% recover-10% panic-30%/MA200/mom63->0,0.65,0.25,0.1,126,-0.12,-0.2,0.5,0.5,-0.1,-0.3,200.0,63.0,2006-12-29,2026-04-29,0.23094739988045426,0.12477535365610683,765,0
23.021026385424424,0.17305508028275196,0.1458053825479098,0.9624443560430251,1.388440152737956,-0.19307135541735165,0.5400557991231566,Gold25 crash DD126 warn-12%/exp50% crash-25%/exp50% recover-10% no panic,0.65,0.25,0.1,126,-0.12,-0.25,0.5,0.5,-0.1,,,,2006-12-29,2026-04-29,0.23094739988045426,0.12477535365610683,765,0
23.021026385424424,0.17305508028275196,0.1458053825479098,0.9624443560430251,1.388440152737956,-0.19307135541735165,0.5400557991231566,Gold25 crash DD126 warn-12%/exp50% crash-25%/exp50% recover-10% panic-30%/MA200/mom63->0,0.65,0.25,0.1,126,-0.12,-0.25,0.5,0.5,-0.1,-0.3,200.0,63.0,2006-12-29,2026-04-29,0.23094739988045426,0.12477535365610683,765,0
23.040014576325717,0.17310162075646507,0.1458608473010676,0.9624037857201292,1.3882219907153024,-0.19307135541735176,0.5396572339577521,Gold25 crash DD126 warn-15%/exp75% crash-18%/exp25% recover-5% panic-25%/MA200/mom63->0,0.65,0.25,0.1,126,-0.15,-0.18,0.75,0.25,-0.05,-0.25,200.0,63.0,2006-12-29,2026-04-29,0.2298142060171349,0.1259085475194262,740,21
23.09680944410434,0.17324061812067515,0.14601247670402642,0.9623691483254087,1.390140218207807,-0.193071355417352,0.5398565165404544,Gold25 crash DD126 warn-12%/exp75% crash-18%/exp25% recover-10% no panic,0.65,0.25,0.1,126,-0.12,-0.18,0.75,0.25,-0.1,,,,2006-12-29,2026-04-29,0.2337990635584778,0.12192368997808332,765,0
23.09680944410434,0.17324061812067515,0.14601247670402642,0.9623691483254087,1.390140218207807,-0.193071355417352,0.5398565165404544,Gold25 crash DD126 warn-12%/exp75% crash-18%/exp25% recover-10% panic-30%/MA200/mom63->0,0.65,0.25,0.1,126,-0.12,-0.18,0.75,0.25,-0.1,-0.3,200.0,63.0,2006-12-29,2026-04-29,0.2337990635584778,0.12192368997808332,765,0
22.712032491252092,0.1722927778715766,0.14502971420104316,0.9623278082083444,1.387825613315045,-0.19307135541735232,0.5396572339577521,Gold25 crash DD126 warn-12%/exp75% crash-18%/exp25% recover-5% panic-25%/MA200/mom63->0,0.65,0.25,0.1,126,-0.12,-0.18,0.75,0.25,-0.05,-0.25,200.0,63.0,2006-12-29,2026-04-29,0.22367503486750348,0.13204771866905762,1233,21
22.514783679240875,0.17180120646595043,0.14451793663587398,0.962322333072386,1.3818849378575468,-0.19307135541735188,0.5434436030290952,Gold25 crash DD252 warn-15%/exp75% crash-25%/exp50% recover-5% panic-25%/MA200/mom63->0,0.65,0.25,0.1,252,-0.15,-0.25,0.75,0.5,-0.05,-0.25,200.0,63.0,2006-12-29,2026-04-29,0.20003984857541343,0.15568290496114767,1664,776
22.83741115462705,0.17260322391629712,0.14537009638436196,0.9622376613287582,1.3888857089861533,-0.1986235609598368,0.541052212036668,Gold25 crash DD252 warn-15%/exp75% crash-20%/exp25% recover-10% panic-30%/MA200/mom63->0,0.65,0.25,0.1,252,-0.15,-0.2,0.75,0.25,-0.1,-0.3,200.0,63.0,2006-12-29,2026-04-29,0.22784668260609683,0.12787607093046427,917,10
22.275213038935973,0.17119886881332724,0.14390654325279625,0.962220510104123,1.3827680082600036,-0.20425088338831532,0.5420486249501794,Gold25 crash DD252 warn-15%/exp50% crash-15%/exp50% recover-5% panic-25%/MA200/mom63->0,0.65,0.25,0.1,252,-0.15,-0.15,0.5,0.5,-0.05,-0.25,200.0,63.0,2006-12-29,2026-04-29,0.2054692169754931,0.15025353656106796,1664,124
22.275213038935973,0.17119886881332724,0.14390654325279625,0.962220510104123,1.3827680082600036,-0.20425088338831532,0.5420486249501794,Gold25 crash DD252 warn-15%/exp75% crash-15%/exp50% recover-5% panic-25%/MA200/mom63->0,0.65,0.25,0.1,252,-0.15,-0.15,0.75,0.5,-0.05,-0.25,200.0,63.0,2006-12-29,2026-04-29,0.2054692169754931,0.15025353656106796,1664,124
22.275213038935973,0.17119886881332724,0.14390654325279625,0.962220510104123,1.3827680082600036,-0.20425088338831532,0.5420486249501794,Gold25 crash DD252 warn-15%/exp50% crash-18%/exp50% recover-5% panic-25%/MA200/mom63->0,0.65,0.25,0.1,252,-0.15,-0.18,0.5,0.5,-0.05,-0.25,200.0,63.0,2006-12-29,2026-04-29,0.2054692169754931,0.15025353656106796,1664,124
22.275213038935973,0.17119886881332724,0.14390654325279625,0.962220510104123,1.3827680082600036,-0.20425088338831532,0.5420486249501794,Gold25 crash DD252 warn-15%/exp50% crash-20%/exp50% recover-5% panic-25%/MA200/mom63->0,0.65,0.25,0.1,252,-0.15,-0.2,0.5,0.5,-0.05,-0.25,200.0,63.0,2006-12-29,2026-04-29,0.2054692169754931,0.15025353656106796,1664,124
21.79708659651053,0.16997893528336783,0.14264351487931531,0.9621618140776015,1.378497697455001,-0.20118673488870076,0.5444400159426066,Gold25 crash DD252 warn-15%/exp50% crash-15%/exp25% recover-5% panic-30%/MA200/mom63->0,0.65,0.25,0.1,252,-0.15,-0.15,0.5,0.25,-0.05,-0.3,200.0,63.0,2006-12-29,2026-04-29,0.18771169555688383,0.16801105797967725,1664,10
21.79708659651053,0.16997893528336783,0.14264351487931531,0.9621618140776015,1.378497697455001,-0.20118673488870076,0.5444400159426066,Gold25 crash DD252 warn-15%/exp75% crash-15%/exp25% recover-5% panic-30%/MA200/mom63->0,0.65,0.25,0.1,252,-0.15,-0.15,0.75,0.25,-0.05,-0.3,200.0,63.0,2006-12-29,2026-04-29,0.18771169555688383,0.16801105797967725,1664,10
22.587762594426135,0.1719835349129315,0.14473677674243227,0.9621575481144462,1.3889131231306961,-0.19307135541735176,0.5416500597847748,Gold25 crash DD252 warn-15%/exp50% crash-25%/exp25% recover-8% no panic,0.65,0.25,0.1,252,-0.15,-0.25,0.5,0.25,-0.08,,,,2006-12-29,2026-04-29,0.22051205419406256,0.13521069934249855,1021,0
22.628926847497798,0.17208614231165842,0.144853322512209,0.962106719415191,1.3874916871190628,-0.1930713554173522,0.5404543642885612,Gold25 crash DD252 warn-12%/exp75% crash-15%/exp50% recover-10% no panic,0.65,0.25,0.1,252,-0.12,-0.15,0.75,0.5,-0.1,,,,2006-12-29,2026-04-29,0.22261655708308428,0.13310619645347682,1282,0
23.388781105099866,0.17395030211214424,0.14680514230292344,0.9620855540316796,1.3912717565531398,-0.21096678407085045,0.5404543642885612,Gold25 crash DD126 warn-15%/exp75% crash-20%/exp50% recover-8% panic-25%/MA200/mom63->0,0.65,0.25,0.1,126,-0.15,-0.2,0.75,0.5,-0.08,-0.25,200.0,63.0,2006-12-29,2026-04-29,0.23972653915122535,0.11599621438533576,546,21
22.126640269114993,0.17082235618662733,0.1435404705786169,0.9620740399614415,1.3811914438058934,-0.19378024430622687,0.5400557991231566,Gold25 crash DD126 warn-10%/exp50% crash-15%/exp50% recover-5% panic-25%/MA200/mom63->0,0.65,0.25,0.1,126,-0.1,-0.15,0.5,0.5,-0.05,-0.25,200.0,63.0,2006-12-29,2026-04-29,0.2098774656306037,0.1458452879059574,1590,21
22.126640269114993,0.17082235618662733,0.1435404705786169,0.9620740399614415,1.3811914438058934,-0.19378024430622687,0.5400557991231566,Gold25 crash DD126 warn-10%/exp50% crash-18%/exp50% recover-5% panic-25%/MA200/mom63->0,0.65,0.25,0.1,126,-0.1,-0.18,0.5,0.5,-0.05,-0.25,200.0,63.0,2006-12-29,2026-04-29,0.2098774656306037,0.1458452879059574,1590,21
22.126640269114993,0.17082235618662733,0.1435404705786169,0.9620740399614415,1.3811914438058934,-0.19378024430622687,0.5400557991231566,Gold25 crash DD126 warn-10%/exp50% crash-20%/exp50% recover-5% panic-25%/MA200/mom63->0,0.65,0.25,0.1,126,-0.1,-0.2,0.5,0.5,-0.05,-0.25,200.0,63.0,2006-12-29,2026-04-29,0.2098774656306037,0.1458452879059574,1590,21
23.22375660723326,0.17355018159036484,0.1463958487786727,0.962035438872504,1.3903231550272386,-0.20131216547937492,0.5396572339577521,Gold25 crash DD126 warn-12%/exp75% crash-18%/exp50% recover-10% panic-25%/MA200/mom63->0,0.65,0.25,0.1,126,-0.12,-0.18,0.75,0.5,-0.1,-0.25,200.0,63.0,2006-12-29,2026-04-29,0.2366133691970512,0.11910938433950989,765,21
22.494363116462974,0.17175009207685976,0.1445193024256962,0.9620087950962195,1.3877253278430541,-0.1930713554173521,0.5416500597847748,Gold25 crash DD252 warn-15%/exp50% crash-20%/exp25% recover-8% panic-30%/MA200/mom63->0,0.65,0.25,0.1,252,-0.15,-0.2,0.5,0.25,-0.08,-0.3,200.0,63.0,2006-12-29,2026-04-29,0.2185943415022913,0.13712841203426981,1021,10
22.798225465995646,0.17250636444485878,0.14531739545131536,0.9619666326803862,1.389952902973596,-0.20787745589643558,0.5398565165404544,Gold25 crash DD126 warn-10%/exp75% crash-20%/exp25% recover-8% panic-25%/MA200/mom63->0,0.65,0.25,0.1,126,-0.1,-0.2,0.75,0.25,-0.08,-0.25,200.0,63.0,2006-12-29,2026-04-29,0.2286810121538155,0.1270417413827456,1217,21
22.725694438946988,0.17232668136651186,0.1451466355967017,0.9618693533569997,1.3866368164194636,-0.193071355417352,0.5416500597847748,Gold25 crash DD252 warn-12%/exp75% crash-25%/exp25% recover-8% panic-25%/MA200/mom63->0,0.65,0.25,0.1,252,-0.12,-0.25,0.75,0.25,-0.08,-0.25,200.0,63.0,2006-12-29,2026-04-29,0.21900527993624228,0.13671747360031883,1531,306
22.413938150880142,0.17154837040675774,0.14433405167962776,0.9618690417615068,1.3857052753885464,-0.19307135541735176,0.5408529294539657,Gold25 crash DD126 warn-10%/exp50% crash-15%/exp50% recover-8% no panic,0.65,0.25,0.1,126,-0.1,-0.15,0.5,0.5,-0.08,,,,2006-12-29,2026-04-29,0.21969017732616059,0.13603257621040052,1217,0
22.413938150880142,0.17154837040675774,0.14433405167962776,0.9618690417615068,1.3857052753885464,-0.19307135541735176,0.5408529294539657,Gold25 crash DD126 warn-10%/exp50% crash-15%/exp50% recover-8% panic-30%/MA200/mom63->0,0.65,0.25,0.1,126,-0.1,-0.15,0.5,0.5,-0.08,-0.3,200.0,63.0,2006-12-29,2026-04-29,0.21969017732616059,0.13603257621040052,1217,0
22.413938150880142,0.17154837040675774,0.14433405167962776,0.9618690417615068,1.3857052753885464,-0.19307135541735176,0.5408529294539657,Gold25 crash DD126 warn-10%/exp50% crash-18%/exp50% recover-8% no panic,0.65,0.25,0.1,126,-0.1,-0.18,0.5,0.5,-0.08,,,,2006-12-29,2026-04-29,0.21969017732616059,0.13603257621040052,1217,0
22.413938150880142,0.17154837040675774,0.14433405167962776,0.9618690417615068,1.3857052753885464,-0.19307135541735176,0.5408529294539657,Gold25 crash DD126 warn-10%/exp50% crash-18%/exp50% recover-8% panic-30%/MA200/mom63->0,0.65,0.25,0.1,126,-0.1,-0.18,0.5,0.5,-0.08,-0.3,200.0,63.0,2006-12-29,2026-04-29,0.21969017732616059,0.13603257621040052,1217,0
22.413938150880142,0.17154837040675774,0.14433405167962776,0.9618690417615068,1.3857052753885464,-0.19307135541735176,0.5408529294539657,Gold25 crash DD126 warn-10%/exp50% crash-20%/exp50% recover-8% no panic,0.65,0.25,0.1,126,-0.1,-0.2,0.5,0.5,-0.08,,,,2006-12-29,2026-04-29,0.21969017732616059,0.13603257621040052,1217,0
22.413938150880142,0.17154837040675774,0.14433405167962776,0.9618690417615068,1.3857052753885464,-0.19307135541735176,0.5408529294539657,Gold25 crash DD126 warn-10%/exp50% crash-20%/exp50% recover-8% panic-30%/MA200/mom63->0,0.65,0.25,0.1,126,-0.1,-0.2,0.5,0.5,-0.08,-0.3,200.0,63.0,2006-12-29,2026-04-29,0.21969017732616059,0.13603257621040052,1217,0
22.413938150880142,0.17154837040675774,0.14433405167962776,0.9618690417615068,1.3857052753885464,-0.19307135541735176,0.5408529294539657,Gold25 crash DD126 warn-10%/exp50% crash-25%/exp50% recover-8% no panic,0.65,0.25,0.1,126,-0.1,-0.25,0.5,0.5,-0.08,,,,2006-12-29,2026-04-29,0.21969017732616059,0.13603257621040052,1217,0
22.413938150880142,0.17154837040675774,0.14433405167962776,0.9618690417615068,1.3857052753885464,-0.19307135541735176,0.5408529294539657,Gold25 crash DD126 warn-10%/exp50% crash-25%/exp50% recover-8% panic-30%/MA200/mom63->0,0.65,0.25,0.1,126,-0.1,-0.25,0.5,0.5,-0.08,-0.3,200.0,63.0,2006-12-29,2026-04-29,0.21969017732616059,0.13603257621040052,1217,0
23.119480837480893,0.17329601625453317,0.14618669541658855,0.9617201570762207,1.3878336401855385,-0.19618518973876442,0.5394579513750498,Gold25 crash DD126 warn-12%/exp75% crash-15%/exp50% recover-10% no panic,0.65,0.25,0.1,126,-0.12,-0.15,0.75,0.5,-0.1,,,,2006-12-29,2026-04-29,0.23458358238692967,0.12113917114963144,765,0
23.119480837480893,0.17329601625453317,0.14618669541658855,0.9617201570762207,1.3878336401855385,-0.19618518973876442,0.5394579513750498,Gold25 crash DD126 warn-12%/exp75% crash-15%/exp50% recover-10% panic-30%/MA200/mom63->0,0.65,0.25,0.1,126,-0.12,-0.15,0.75,0.5,-0.1,-0.3,200.0,63.0,2006-12-29,2026-04-29,0.23458358238692967,0.12113917114963144,765,0
21.947665379846043,0.17036573597194793,0.14313181919023193,0.9616840253517285,1.3803189024838232,-0.19307135541735243,0.5402550817058589,Gold25 crash DD126 warn-10%/exp50% crash-20%/exp25% recover-5% panic-25%/MA200/mom63->0,0.65,0.25,0.1,126,-0.1,-0.2,0.5,0.25,-0.05,-0.25,200.0,63.0,2006-12-29,2026-04-29,0.2059175134488942,0.1498052400876669,1590,21
22.579889267770294,0.17196389022070235,0.14480143291923958,0.9616802116281135,1.3870025079932031,-0.1981522633190842,0.5408529294539657,Gold25 crash DD126 warn-12%/exp50% crash-25%/exp25% recover-8% no panic,0.65,0.25,0.1,126,-0.12,-0.25,0.5,0.25,-0.08,,,,2006-12-29,2026-04-29,0.2240361625821877,0.1316865909543734,964,0
22.579889267770294,0.17196389022070235,0.14480143291923958,0.9616802116281135,1.3870025079932031,-0.1981522633190842,0.5408529294539657,Gold25 crash DD126 warn-12%/exp50% crash-25%/exp25% recover-8% panic-30%/MA200/mom63->0,0.65,0.25,0.1,126,-0.12,-0.25,0.5,0.25,-0.08,-0.3,200.0,63.0,2006-12-29,2026-04-29,0.2240361625821877,0.1316865909543734,964,0
23.411054886528202,0.1740041103322969,0.14694675492347317,0.9616121332938236,1.3912025367913559,-0.2104487543771938,0.5404543642885612,Gold25 crash DD126 warn-15%/exp75% crash-20%/exp50% recover-10% panic-25%/MA200/mom63->0,0.65,0.25,0.1,126,-0.15,-0.2,0.75,0.5,-0.1,-0.25,200.0,63.0,2006-12-29,2026-04-29,0.2409593544530783,0.1147633990834828,473,21
22.831960487858815,0.17258975997722192,0.14546867834280028,0.9616069906945781,1.3883835468493764,-0.1950177719178292,0.5394579513750498,Gold25 crash DD126 warn-10%/exp75% crash-25%/exp25% recover-8% panic-25%/MA200/mom63->0,0.65,0.25,0.1,126,-0.1,-0.25,0.75,0.25,-0.08,-0.25,200.0,63.0,2006-12-29,2026-04-29,0.22897987646941623,0.12674287706714488,1217,157
22.831960487858815,0.17258975997722192,0.14546867834280028,0.9616069906945781,1.3883835468493764,-0.1950177719178292,0.5394579513750498,Gold25 crash DD126 warn-10%/exp75% crash-25%/exp50% recover-8% panic-25%/MA200/mom63->0,0.65,0.25,0.1,126,-0.1,-0.25,0.75,0.5,-0.08,-0.25,200.0,63.0,2006-12-29,2026-04-29,0.22897987646941623,0.12674287706714488,1217,157
21.814613248787776,0.17002408161802207,0.14280386491282926,0.9615158714317427,1.37367935588408,-0.19307135541735165,0.543244320446393,Gold25 crash DD252 warn-12%/exp50% crash-25%/exp50% recover-5% panic-25%/MA200/mom63->0,0.65,0.25,0.1,252,-0.12,-0.25,0.5,0.5,-0.05,-0.25,200.0,63.0,2006-12-29,2026-04-29,0.18163478780633593,0.17408796573022517,1969,776
23.301179882891997,0.17373822440036424,0.14669939582027253,0.9614404548714937,1.3897770239187874,-0.20659941101002044,0.5402550817058589,Gold25 crash DD126 warn-15%/exp75% crash-18%/exp50% recover-8% panic-25%/MA200/mom63->0,0.65,0.25,0.1,126,-0.15,-0.18,0.75,0.5,-0.08,-0.25,200.0,63.0,2006-12-29,2026-04-29,0.23895447300259015,0.11676828053397094,546,21
21.521915199428133,0.16926577478749705,0.1420440312034215,0.9613351661164071,1.370574436158587,-0.1930713554173521,0.5436428856117975,Gold25 crash DD252 warn-10%/exp50% crash-25%/exp50% recover-5% panic-25%/MA200/mom63->0,0.65,0.25,0.1,252,-0.1,-0.25,0.5,0.5,-0.05,-0.25,200.0,63.0,2006-12-29,2026-04-29,0.1766288105200239,0.17909394301653722,2170,776
22.526493231971617,0.1718304974473579,0.14472453847305336,0.9613239417895671,1.3876412208118385,-0.19307135541735176,0.5416500597847748,Gold25 crash DD252 warn-15%/exp50% crash-25%/exp25% recover-8% panic-30%/MA200/mom63->0,0.65,0.25,0.1,252,-0.15,-0.25,0.5,0.25,-0.08,-0.3,200.0,63.0,2006-12-29,2026-04-29,0.2203875273958956,0.1353352261406655,1021,10
22.751208829045172,0.17238994826691711,0.14531162945011056,0.9613155578691839,1.38595305428872,-0.19705118891988782,0.5392586687923475,Gold25 crash DD126 warn-10%/exp75% crash-15%/exp50% recover-8% no panic,0.65,0.25,0.1,126,-0.1,-0.15,0.75,0.5,-0.08,,,,2006-12-29,2026-04-29,0.22804592548316396,0.1276768280533971,1217,0
22.751208829045172,0.17238994826691711,0.14531162945011056,0.9613155578691839,1.38595305428872,-0.19705118891988782,0.5392586687923475,Gold25 crash DD126 warn-10%/exp75% crash-15%/exp50% recover-8% panic-30%/MA200/mom63->0,0.65,0.25,0.1,126,-0.1,-0.15,0.75,0.5,-0.08,-0.3,200.0,63.0,2006-12-29,2026-04-29,0.22804592548316396,0.1276768280533971,1217,0
22.433557263844186,0.1715976396297001,0.14453013343826618,0.9610492735174803,1.3847324407045742,-0.193071355417352,0.5404543642885612,Gold25 crash DD252 warn-12%/exp50% crash-15%/exp50% recover-10% panic-30%/MA200/mom63->0,0.65,0.25,0.1,252,-0.12,-0.15,0.5,0.5,-0.1,-0.3,200.0,63.0,2006-12-29,2026-04-29,0.21782227535365611,0.137900478182905,1282,10
22.433557263844186,0.1715976396297001,0.14453013343826618,0.9610492735174803,1.3847324407045742,-0.193071355417352,0.5404543642885612,Gold25 crash DD252 warn-12%/exp50% crash-18%/exp50% recover-10% panic-30%/MA200/mom63->0,0.65,0.25,0.1,252,-0.12,-0.18,0.5,0.5,-0.1,-0.3,200.0,63.0,2006-12-29,2026-04-29,0.21782227535365611,0.137900478182905,1282,10
22.433557263844186,0.1715976396297001,0.14453013343826618,0.9610492735174803,1.3847324407045742,-0.193071355417352,0.5404543642885612,Gold25 crash DD252 warn-12%/exp50% crash-20%/exp50% recover-10% panic-30%/MA200/mom63->0,0.65,0.25,0.1,252,-0.12,-0.2,0.5,0.5,-0.1,-0.3,200.0,63.0,2006-12-29,2026-04-29,0.21782227535365611,0.137900478182905,1282,10
22.433557263844186,0.1715976396297001,0.14453013343826618,0.9610492735174803,1.3847324407045742,-0.193071355417352,0.5404543642885612,Gold25 crash DD252 warn-12%/exp50% crash-25%/exp50% recover-10% panic-30%/MA200/mom63->0,0.65,0.25,0.1,252,-0.12,-0.25,0.5,0.5,-0.1,-0.3,200.0,63.0,2006-12-29,2026-04-29,0.21782227535365611,0.137900478182905,1282,10
23.188907700760527,0.1734653554795642,0.14648760673558497,0.9610302888572295,1.3888574156656173,-0.19713077413735947,0.5404543642885612,Gold25 crash DD126 warn-15%/exp75% crash-18%/exp25% recover-10% no panic,0.65,0.25,0.1,126,-0.15,-0.18,0.75,0.25,-0.1,,,,2006-12-29,2026-04-29,0.23743524606495317,0.11828750747160792,473,0
23.188907700760527,0.1734653554795642,0.14648760673558497,0.9610302888572295,1.3888574156656173,-0.19713077413735947,0.5404543642885612,Gold25 crash DD126 warn-15%/exp75% crash-18%/exp25% recover-10% panic-30%/MA200/mom63->0,0.65,0.25,0.1,126,-0.15,-0.18,0.75,0.25,-0.1,-0.3,200.0,63.0,2006-12-29,2026-04-29,0.23743524606495317,0.11828750747160792,473,0
22.6973932687526,0.17225642857361678,0.14522328225997624,0.9610256086717425,1.3874739930512094,-0.1956062966786868,0.5406536468712635,Gold25 crash DD252 warn-15%/exp50% crash-15%/exp50% recover-10% no panic,0.65,0.25,0.1,252,-0.15,-0.15,0.5,0.5,-0.1,,,,2006-12-29,2026-04-29,0.22716178521617852,0.12856096832038258,917,0
22.6973932687526,0.17225642857361678,0.14522328225997624,0.9610256086717425,1.3874739930512094,-0.1956062966786868,0.5406536468712635,Gold25 crash DD252 warn-15%/exp75% crash-15%/exp50% recover-10% no panic,0.65,0.25,0.1,252,-0.15,-0.15,0.75,0.5,-0.1,,,,2006-12-29,2026-04-29,0.22716178521617852,0.12856096832038258,917,0
22.6973932687526,0.17225642857361678,0.14522328225997624,0.9610256086717425,1.3874739930512094,-0.1956062966786868,0.5406536468712635,Gold25 crash DD252 warn-15%/exp50% crash-18%/exp50% recover-10% no panic,0.65,0.25,0.1,252,-0.15,-0.18,0.5,0.5,-0.1,,,,2006-12-29,2026-04-29,0.22716178521617852,0.12856096832038258,917,0
22.6973932687526,0.17225642857361678,0.14522328225997624,0.9610256086717425,1.3874739930512094,-0.1956062966786868,0.5406536468712635,Gold25 crash DD252 warn-15%/exp50% crash-20%/exp50% recover-10% no panic,0.65,0.25,0.1,252,-0.15,-0.2,0.5,0.5,-0.1,,,,2006-12-29,2026-04-29,0.22716178521617852,0.12856096832038258,917,0
22.6973932687526,0.17225642857361678,0.14522328225997624,0.9610256086717425,1.3874739930512094,-0.1956062966786868,0.5406536468712635,Gold25 crash DD252 warn-15%/exp50% crash-25%/exp50% recover-10% no panic,0.65,0.25,0.1,252,-0.15,-0.25,0.5,0.5,-0.1,,,,2006-12-29,2026-04-29,0.22716178521617852,0.12856096832038258,917,0
22.482007538505446,0.1717191445309052,0.14467495027278898,0.9609497193024236,1.3860699301441297,-0.20315402848175734,0.5408529294539657,Gold25 crash DD126 warn-12%/exp50% crash-20%/exp25% recover-8% no panic,0.65,0.25,0.1,126,-0.12,-0.2,0.5,0.25,-0.08,,,,2006-12-29,2026-04-29,0.22303994819685197,0.13268280533970914,964,0
22.482007538505446,0.1717191445309052,0.14467495027278898,0.9609497193024236,1.3860699301441297,-0.20315402848175734,0.5408529294539657,Gold25 crash DD126 warn-12%/exp50% crash-20%/exp25% recover-8% panic-30%/MA200/mom63->0,0.65,0.25,0.1,126,-0.12,-0.2,0.5,0.25,-0.08,-0.3,200.0,63.0,2006-12-29,2026-04-29,0.22303994819685197,0.13268280533970914,964,0
22.842212093908465,0.17261508051224372,0.14561591384755973,0.9609270156539286,1.3881103830477286,-0.19307135541735165,0.5416500597847748,Gold25 crash DD252 warn-15%/exp75% crash-25%/exp25% recover-8% panic-25%/MA200/mom63->0,0.65,0.25,0.1,252,-0.15,-0.25,0.75,0.25,-0.08,-0.25,200.0,63.0,2006-12-29,2026-04-29,0.22535614664275752,0.13036660689380358,1021,306
22.506468386914786,0.17178039767906617,0.14476719767105858,0.9607926616452096,1.383263502056872,-0.19307135541735188,0.5386608210442407,Gold25 crash DD126 warn-10%/exp75% crash-25%/exp25% recover-5% panic-25%/MA200/mom63->0,0.65,0.25,0.1,126,-0.1,-0.25,0.75,0.25,-0.05,-0.25,200.0,63.0,2006-12-29,2026-04-29,0.22130902570233113,0.13441372783422997,1590,238
22.506468386914786,0.17178039767906617,0.14476719767105858,0.9607926616452096,1.383263502056872,-0.19307135541735188,0.5386608210442407,Gold25 crash DD126 warn-10%/exp75% crash-25%/exp50% recover-5% panic-25%/MA200/mom63->0,0.65,0.25,0.1,126,-0.1,-0.25,0.75,0.5,-0.05,-0.25,200.0,63.0,2006-12-29,2026-04-29,0.22130902570233113,0.13441372783422997,1590,238
22.36780039245159,0.17143235054757855,0.14441509666556876,0.960721436197906,1.3822727617144097,-0.19307135541735176,0.5412514946193703,Gold25 crash DD252 warn-10%/exp75% crash-20%/exp25% recover-8% panic-25%/MA200/mom63->0,0.65,0.25,0.1,252,-0.1,-0.2,0.75,0.25,-0.08,-0.25,200.0,63.0,2006-12-29,2026-04-29,0.2146343893205818,0.1410883642159793,1776,124
22.659702442938592,0.17216274373919593,0.14518008806007182,0.9607173652829216,1.3847392730936692,-0.19307135541735176,0.5414507772020726,Gold25 crash DD252 warn-12%/exp75% crash-25%/exp50% recover-8% panic-25%/MA200/mom63->0,0.65,0.25,0.1,252,-0.12,-0.25,0.75,0.5,-0.08,-0.25,200.0,63.0,2006-12-29,2026-04-29,0.2192543335325762,0.1364684200039849,1531,306
23.31634005726894,0.1737749782469591,0.1468697363316924,0.9607092810108203,1.3890678378330643,-0.20607851397328802,0.5402550817058589,Gold25 crash DD126 warn-15%/exp75% crash-18%/exp50% recover-10% panic-25%/MA200/mom63->0,0.65,0.25,0.1,126,-0.15,-0.18,0.75,0.5,-0.1,-0.25,200.0,63.0,2006-12-29,2026-04-29,0.2402495517035266,0.1154732018330345,473,21
22.62647114626565,0.17208002591218619,0.1451197627335111,0.9605703407011716,1.3868884867287845,-0.19909314744521434,0.5394579513750498,Gold25 crash DD126 warn-10%/exp75% crash-18%/exp25% recover-8% panic-25%/MA200/mom63->0,0.65,0.25,0.1,126,-0.1,-0.18,0.75,0.25,-0.08,-0.25,200.0,63.0,2006-12-29,2026-04-29,0.22713687985654513,0.12858587368001598,1217,21
22.50660540167669,0.17178074061132986,0.1448247491357143,0.9604678681022348,1.3849634083179516,-0.193071355417352,0.5404543642885612,Gold25 crash DD252 warn-12%/exp75% crash-15%/exp50% recover-10% panic-30%/MA200/mom63->0,0.65,0.25,0.1,252,-0.12,-0.15,0.75,0.5,-0.1,-0.3,200.0,63.0,2006-12-29,2026-04-29,0.22236750348675036,0.13335525004981075,1282,10
23.016722967186915,0.1730445276530821,0.1461572217115034,0.9604163226320057,1.389087717653304,-0.2078237365834804,0.5400557991231566,Gold25 crash DD126 warn-12%/exp75% crash-20%/exp25% recover-10% panic-25%/MA200/mom63->0,0.65,0.25,0.1,126,-0.12,-0.2,0.75,0.25,-0.1,-0.25,200.0,63.0,2006-12-29,2026-04-29,0.23495716278143056,0.12076559075513053,765,21
23.211665744438683,0.173520764225082,0.14666126052863918,0.9603886897968985,1.3865672496367119,-0.20098213460843684,0.5400557991231566,Gold25 crash DD126 warn-15%/exp50% crash-15%/exp50% recover-10% no panic,0.65,0.25,0.1,126,-0.15,-0.15,0.5,0.5,-0.1,,,,2006-12-29,2026-04-29,0.23821976489340507,0.11750298864315604,473,0
23.211665744438683,0.173520764225082,0.14666126052863918,0.9603886897968985,1.3865672496367119,-0.20098213460843684,0.5400557991231566,Gold25 crash DD126 warn-15%/exp50% crash-15%/exp50% recover-10% panic-30%/MA200/mom63->0,0.65,0.25,0.1,126,-0.15,-0.15,0.5,0.5,-0.1,-0.3,200.0,63.0,2006-12-29,2026-04-29,0.23821976489340507,0.11750298864315604,473,0
23.211665744438683,0.173520764225082,0.14666126052863918,0.9603886897968985,1.3865672496367119,-0.20098213460843684,0.5400557991231566,Gold25 crash DD126 warn-15%/exp75% crash-15%/exp50% recover-10% no panic,0.65,0.25,0.1,126,-0.15,-0.15,0.75,0.5,-0.1,,,,2006-12-29,2026-04-29,0.23821976489340507,0.11750298864315604,473,0
23.211665744438683,0.173520764225082,0.14666126052863918,0.9603886897968985,1.3865672496367119,-0.20098213460843684,0.5400557991231566,Gold25 crash DD126 warn-15%/exp75% crash-15%/exp50% recover-10% panic-30%/MA200/mom63->0,0.65,0.25,0.1,126,-0.15,-0.15,0.75,0.5,-0.1,-0.3,200.0,63.0,2006-12-29,2026-04-29,0.23821976489340507,0.11750298864315604,473,0
23.211665744438683,0.173520764225082,0.14666126052863918,0.9603886897968985,1.3865672496367119,-0.20098213460843684,0.5400557991231566,Gold25 crash DD126 warn-15%/exp50% crash-18%/exp50% recover-10% no panic,0.65,0.25,0.1,126,-0.15,-0.18,0.5,0.5,-0.1,,,,2006-12-29,2026-04-29,0.23821976489340507,0.11750298864315604,473,0
23.211665744438683,0.173520764225082,0.14666126052863918,0.9603886897968985,1.3865672496367119,-0.20098213460843684,0.5400557991231566,Gold25 crash DD126 warn-15%/exp50% crash-18%/exp50% recover-10% panic-30%/MA200/mom63->0,0.65,0.25,0.1,126,-0.15,-0.18,0.5,0.5,-0.1,-0.3,200.0,63.0,2006-12-29,2026-04-29,0.23821976489340507,0.11750298864315604,473,0
23.211665744438683,0.173520764225082,0.14666126052863918,0.9603886897968985,1.3865672496367119,-0.20098213460843684,0.5400557991231566,Gold25 crash DD126 warn-15%/exp50% crash-20%/exp50% recover-10% no panic,0.65,0.25,0.1,126,-0.15,-0.2,0.5,0.5,-0.1,,,,2006-12-29,2026-04-29,0.23821976489340507,0.11750298864315604,473,0
23.211665744438683,0.173520764225082,0.14666126052863918,0.9603886897968985,1.3865672496367119,-0.20098213460843684,0.5400557991231566,Gold25 crash DD126 warn-15%/exp50% crash-20%/exp50% recover-10% panic-30%/MA200/mom63->0,0.65,0.25,0.1,126,-0.15,-0.2,0.5,0.5,-0.1,-0.3,200.0,63.0,2006-12-29,2026-04-29,0.23821976489340507,0.11750298864315604,473,0
23.211665744438683,0.173520764225082,0.14666126052863918,0.9603886897968985,1.3865672496367119,-0.20098213460843684,0.5400557991231566,Gold25 crash DD126 warn-15%/exp50% crash-25%/exp50% recover-10% no panic,0.65,0.25,0.1,126,-0.15,-0.25,0.5,0.5,-0.1,,,,2006-12-29,2026-04-29,0.23821976489340507,0.11750298864315604,473,0
23.211665744438683,0.173520764225082,0.14666126052863918,0.9603886897968985,1.3865672496367119,-0.20098213460843684,0.5400557991231566,Gold25 crash DD126 warn-15%/exp50% crash-25%/exp50% recover-10% panic-30%/MA200/mom63->0,0.65,0.25,0.1,126,-0.15,-0.25,0.5,0.5,-0.1,-0.3,200.0,63.0,2006-12-29,2026-04-29,0.23821976489340507,0.11750298864315604,473,0
23.128201347696304,0.173317311876233,0.1464710417016497,0.9602605271679154,1.3885346708241053,-0.21298657787708708,0.5406536468712635,Gold25 crash DD126 warn-15%/exp75% crash-20%/exp25% recover-8% panic-25%/MA200/mom63->0,0.65,0.25,0.1,126,-0.15,-0.2,0.75,0.25,-0.08,-0.25,200.0,63.0,2006-12-29,2026-04-29,0.23703676031081888,0.11868599322574222,546,21
22.39657274031195,0.1715047281529778,0.1445838158139961,0.960197234059288,1.384489713773719,-0.198752320457386,0.5406536468712635,Gold25 crash DD126 warn-12%/exp50% crash-18%/exp25% recover-8% no panic,0.65,0.25,0.1,126,-0.12,-0.18,0.5,0.25,-0.08,,,,2006-12-29,2026-04-29,0.22226788204821676,0.13345487148834434,964,0
22.39657274031195,0.1715047281529778,0.1445838158139961,0.960197234059288,1.384489713773719,-0.198752320457386,0.5406536468712635,Gold25 crash DD126 warn-12%/exp50% crash-18%/exp25% recover-8% panic-30%/MA200/mom63->0,0.65,0.25,0.1,126,-0.12,-0.18,0.5,0.25,-0.08,-0.3,200.0,63.0,2006-12-29,2026-04-29,0.22226788204821676,0.13345487148834434,964,0
21.79546203607301,0.16997474896156706,0.14301315351746502,0.9600250056629742,1.3770613085892907,-0.1930713554173522,0.5400557991231566,Gold25 crash DD126 warn-10%/exp50% crash-18%/exp25% recover-5% panic-25%/MA200/mom63->0,0.65,0.25,0.1,126,-0.1,-0.18,0.5,0.25,-0.05,-0.25,200.0,63.0,2006-12-29,2026-04-29,0.2047843195855748,0.1509384339509863,1590,21
22.003337384864277,0.17050813382462415,0.14357583558562503,0.9599969006453203,1.3786250398138133,-0.193071355417352,0.5424471901155838,Gold25 crash DD252 warn-10%/exp50% crash-15%/exp50% recover-8% no panic,0.65,0.25,0.1,252,-0.1,-0.15,0.5,0.5,-0.08,,,,2006-12-29,2026-04-29,0.20576808129109384,0.14995467224546727,1776,0
22.003337384864277,0.17050813382462415,0.14357583558562503,0.9599969006453203,1.3786250398138133,-0.193071355417352,0.5424471901155838,Gold25 crash DD252 warn-10%/exp50% crash-18%/exp50% recover-8% no panic,0.65,0.25,0.1,252,-0.1,-0.18,0.5,0.5,-0.08,,,,2006-12-29,2026-04-29,0.20576808129109384,0.14995467224546727,1776,0
22.003337384864277,0.17050813382462415,0.14357583558562503,0.9599969006453203,1.3786250398138133,-0.193071355417352,0.5424471901155838,Gold25 crash DD252 warn-10%/exp50% crash-20%/exp50% recover-8% no panic,0.65,0.25,0.1,252,-0.1,-0.2,0.5,0.5,-0.08,,,,2006-12-29,2026-04-29,0.20576808129109384,0.14995467224546727,1776,0
22.003337384864277,0.17050813382462415,0.14357583558562503,0.9599969006453203,1.3786250398138133,-0.193071355417352,0.5424471901155838,Gold25 crash DD252 warn-10%/exp50% crash-25%/exp50% recover-8% no panic,0.65,0.25,0.1,252,-0.1,-0.25,0.5,0.5,-0.08,,,,2006-12-29,2026-04-29,0.20576808129109384,0.14995467224546727,1776,0
21.41736157345591,0.16899263205402626,0.14199110927375647,0.9599875526026099,1.3709973258758739,-0.1977674299176937,0.5446392985253089,Gold25 crash DD252 warn-12%/exp50% crash-15%/exp25% recover-5% panic-25%/MA200/mom63->0,0.65,0.25,0.1,252,-0.12,-0.15,0.5,0.25,-0.05,-0.25,200.0,63.0,2006-12-29,2026-04-29,0.17869595536959554,0.17702679816696557,1969,124
21.717060478431712,0.16977237879891494,0.14280949346710806,0.959972298823,1.3756907952226987,-0.19761204111508013,0.5442407333599043,Gold25 crash DD252 warn-15%/exp50% crash-18%/exp25% recover-5% panic-25%/MA200/mom63->0,0.65,0.25,0.1,252,-0.15,-0.18,0.5,0.25,-0.05,-0.25,200.0,63.0,2006-12-29,2026-04-29,0.19061316995417413,0.16510958358238698,1664,124
22.458808352036378,0.17166099472801277,0.14479183250140149,0.9599472310251066,1.3819203934746012,-0.19307135541735176,0.5406536468712635,Gold25 crash DD252 warn-10%/exp75% crash-20%/exp50% recover-8% panic-25%/MA200/mom63->0,0.65,0.25,0.1,252,-0.1,-0.2,0.75,0.5,-0.08,-0.25,200.0,63.0,2006-12-29,2026-04-29,0.2189430165371588,0.1367797369994023,1776,124
23.162404124754197,0.1734007650879359,0.1466211321027589,0.9599132822816535,1.3869949498844794,-0.20020983774923695,0.5402550817058589,Gold25 crash DD126 warn-15%/exp75% crash-25%/exp25% recover-8% panic-25%/MA200/mom63->0,0.65,0.25,0.1,126,-0.15,-0.25,0.75,0.25,-0.08,-0.25,200.0,63.0,2006-12-29,2026-04-29,0.2373356246264196,0.1183871289101415,546,157
23.162404124754197,0.1734007650879359,0.1466211321027589,0.9599132822816535,1.3869949498844794,-0.20020983774923695,0.5402550817058589,Gold25 crash DD126 warn-15%/exp75% crash-25%/exp50% recover-8% panic-25%/MA200/mom63->0,0.65,0.25,0.1,126,-0.15,-0.25,0.75,0.5,-0.08,-0.25,200.0,63.0,2006-12-29,2026-04-29,0.2373356246264196,0.1183871289101415,546,157
22.154839096256474,0.17089399386449022,0.14399552868664578,0.9599066608109389,1.3823662315958871,-0.1930713554173521,0.5420486249501794,Gold25 crash DD252 warn-12%/exp75% crash-18%/exp25% recover-8% no panic,0.65,0.25,0.1,252,-0.12,-0.18,0.75,0.25,-0.08,,,,2006-12-29,2026-04-29,0.21392458657103008,0.14179816696553102,1531,0
21.1297600290953,0.16823499371850237,0.14122688159941585,0.9598274469080234,1.36793406470787,-0.1948185737003899,0.5450378636907134,Gold25 crash DD252 warn-10%/exp50% crash-15%/exp25% recover-5% panic-25%/MA200/mom63->0,0.65,0.25,0.1,252,-0.1,-0.15,0.5,0.25,-0.05,-0.25,200.0,63.0,2006-12-29,2026-04-29,0.1736899780832835,0.1820327754532776,2170,124
22.42592963888374,0.17157848913110474,0.14473311835352795,0.9597929412826778,1.3807699695235798,-0.1998861929544713,0.5376644081307294,Gold25 crash DD126 warn-10%/exp75% crash-15%/exp50% recover-5% panic-25%/MA200/mom63->0,0.65,0.25,0.1,126,-0.1,-0.15,0.75,0.5,-0.05,-0.25,200.0,63.0,2006-12-29,2026-04-29,0.2204622434747958,0.13526051006176532,1590,21
22.775896009067427,0.1724511025553237,0.1456492596840966,0.9597796583224976,1.3862152205832519,-0.19307135541735176,0.5414507772020726,Gold25 crash DD252 warn-15%/exp75% crash-25%/exp50% recover-8% panic-25%/MA200/mom63->0,0.65,0.25,0.1,252,-0.15,-0.25,0.75,0.5,-0.08,-0.25,200.0,63.0,2006-12-29,2026-04-29,0.22560520023909145,0.13011755329746966,1021,306
22.79526387908712,0.17249903781707876,0.1457146308221183,0.9596947262486479,1.3826791061636496,-0.19393408959483793,0.5392586687923475,Gold25 crash DD126 warn-15%/exp50% crash-20%/exp25% recover-5% no panic,0.65,0.25,0.1,126,-0.15,-0.2,0.5,0.25,-0.05,,,,2006-12-29,2026-04-29,0.22734857541342898,0.12837417812313212,740,0
22.79526387908712,0.17249903781707876,0.1457146308221183,0.9596947262486479,1.3826791061636496,-0.19393408959483793,0.5392586687923475,Gold25 crash DD126 warn-15%/exp50% crash-20%/exp25% recover-5% panic-30%/MA200/mom63->0,0.65,0.25,0.1,126,-0.15,-0.2,0.5,0.25,-0.05,-0.3,200.0,63.0,2006-12-29,2026-04-29,0.22734857541342898,0.12837417812313212,740,0
23.08053279843199,0.17320081518068986,0.14646532345015756,0.959614200590055,1.3845549423252714,-0.20223013938729284,0.5400557991231566,Gold25 crash DD126 warn-15%/exp50% crash-15%/exp50% recover-8% no panic,0.65,0.25,0.1,126,-0.15,-0.15,0.5,0.5,-0.08,,,,2006-12-29,2026-04-29,0.23640167364016737,0.11932107989639373,546,0
23.08053279843199,0.17320081518068986,0.14646532345015756,0.959614200590055,1.3845549423252714,-0.20223013938729284,0.5400557991231566,Gold25 crash DD126 warn-15%/exp50% crash-15%/exp50% recover-8% panic-30%/MA200/mom63->0,0.65,0.25,0.1,126,-0.15,-0.15,0.5,0.5,-0.08,-0.3,200.0,63.0,2006-12-29,2026-04-29,0.23640167364016737,0.11932107989639373,546,0
23.08053279843199,0.17320081518068986,0.14646532345015756,0.959614200590055,1.3845549423252714,-0.20223013938729284,0.5400557991231566,Gold25 crash DD126 warn-15%/exp75% crash-15%/exp50% recover-8% no panic,0.65,0.25,0.1,126,-0.15,-0.15,0.75,0.5,-0.08,,,,2006-12-29,2026-04-29,0.23640167364016737,0.11932107989639373,546,0
23.08053279843199,0.17320081518068986,0.14646532345015756,0.959614200590055,1.3845549423252714,-0.20223013938729284,0.5400557991231566,Gold25 crash DD126 warn-15%/exp75% crash-15%/exp50% recover-8% panic-30%/MA200/mom63->0,0.65,0.25,0.1,126,-0.15,-0.15,0.75,0.5,-0.08,-0.3,200.0,63.0,2006-12-29,2026-04-29,0.23640167364016737,0.11932107989639373,546,0
23.08053279843199,0.17320081518068986,0.14646532345015756,0.959614200590055,1.3845549423252714,-0.20223013938729284,0.5400557991231566,Gold25 crash DD126 warn-15%/exp50% crash-18%/exp50% recover-8% no panic,0.65,0.25,0.1,126,-0.15,-0.18,0.5,0.5,-0.08,,,,2006-12-29,2026-04-29,0.23640167364016737,0.11932107989639373,546,0
23.08053279843199,0.17320081518068986,0.14646532345015756,0.959614200590055,1.3845549423252714,-0.20223013938729284,0.5400557991231566,Gold25 crash DD126 warn-15%/exp50% crash-18%/exp50% recover-8% panic-30%/MA200/mom63->0,0.65,0.25,0.1,126,-0.15,-0.18,0.5,0.5,-0.08,-0.3,200.0,63.0,2006-12-29,2026-04-29,0.23640167364016737,0.11932107989639373,546,0
23.08053279843199,0.17320081518068986,0.14646532345015756,0.959614200590055,1.3845549423252714,-0.20223013938729284,0.5400557991231566,Gold25 crash DD126 warn-15%/exp50% crash-20%/exp50% recover-8% no panic,0.65,0.25,0.1,126,-0.15,-0.2,0.5,0.5,-0.08,,,,2006-12-29,2026-04-29,0.23640167364016737,0.11932107989639373,546,0
23.08053279843199,0.17320081518068986,0.14646532345015756,0.959614200590055,1.3845549423252714,-0.20223013938729284,0.5400557991231566,Gold25 crash DD126 warn-15%/exp50% crash-20%/exp50% recover-8% panic-30%/MA200/mom63->0,0.65,0.25,0.1,126,-0.15,-0.2,0.5,0.5,-0.08,-0.3,200.0,63.0,2006-12-29,2026-04-29,0.23640167364016737,0.11932107989639373,546,0
23.08053279843199,0.17320081518068986,0.14646532345015756,0.959614200590055,1.3845549423252714,-0.20223013938729284,0.5400557991231566,Gold25 crash DD126 warn-15%/exp50% crash-25%/exp50% recover-8% no panic,0.65,0.25,0.1,126,-0.15,-0.25,0.5,0.5,-0.08,,,,2006-12-29,2026-04-29,0.23640167364016737,0.11932107989639373,546,0
23.08053279843199,0.17320081518068986,0.14646532345015756,0.959614200590055,1.3845549423252714,-0.20223013938729284,0.5400557991231566,Gold25 crash DD126 warn-15%/exp50% crash-25%/exp50% recover-8% panic-30%/MA200/mom63->0,0.65,0.25,0.1,126,-0.15,-0.25,0.5,0.5,-0.08,-0.3,200.0,63.0,2006-12-29,2026-04-29,0.23640167364016737,0.11932107989639373,546,0
21.887219752659355,0.17021075614345027,0.14333812708604457,0.9595758794468469,1.3750525238961695,-0.19796873516941205,0.5430450378636907,Gold25 crash DD252 warn-15%/exp50% crash-25%/exp25% recover-5% panic-25%/MA200/mom63->0,0.65,0.25,0.1,252,-0.15,-0.25,0.5,0.25,-0.05,-0.25,200.0,63.0,2006-12-29,2026-04-29,0.18898186889818688,0.16674088463837422,1664,776
22.574717388229995,0.17195098250307383,0.1451947831290839,0.9593902298512269,1.3849500474843446,-0.1956062966786868,0.5406536468712635,Gold25 crash DD252 warn-15%/exp50% crash-15%/exp50% recover-10% panic-30%/MA200/mom63->0,0.65,0.25,0.1,252,-0.15,-0.15,0.5,0.5,-0.1,-0.3,200.0,63.0,2006-12-29,2026-04-29,0.2269127316198446,0.1288100219167165,917,10
22.574717388229995,0.17195098250307383,0.1451947831290839,0.9593902298512269,1.3849500474843446,-0.1956062966786868,0.5406536468712635,Gold25 crash DD252 warn-15%/exp75% crash-15%/exp50% recover-10% panic-30%/MA200/mom63->0,0.65,0.25,0.1,252,-0.15,-0.15,0.75,0.5,-0.1,-0.3,200.0,63.0,2006-12-29,2026-04-29,0.2269127316198446,0.1288100219167165,917,10
22.574717388229995,0.17195098250307383,0.1451947831290839,0.9593902298512269,1.3849500474843446,-0.1956062966786868,0.5406536468712635,Gold25 crash DD252 warn-15%/exp50% crash-18%/exp50% recover-10% panic-30%/MA200/mom63->0,0.65,0.25,0.1,252,-0.15,-0.18,0.5,0.5,-0.1,-0.3,200.0,63.0,2006-12-29,2026-04-29,0.2269127316198446,0.1288100219167165,917,10
22.574717388229995,0.17195098250307383,0.1451947831290839,0.9593902298512269,1.3849500474843446,-0.1956062966786868,0.5406536468712635,Gold25 crash DD252 warn-15%/exp50% crash-20%/exp50% recover-10% panic-30%/MA200/mom63->0,0.65,0.25,0.1,252,-0.15,-0.2,0.5,0.5,-0.1,-0.3,200.0,63.0,2006-12-29,2026-04-29,0.2269127316198446,0.1288100219167165,917,10
22.574717388229995,0.17195098250307383,0.1451947831290839,0.9593902298512269,1.3849500474843446,-0.1956062966786868,0.5406536468712635,Gold25 crash DD252 warn-15%/exp50% crash-25%/exp50% recover-10% panic-30%/MA200/mom63->0,0.65,0.25,0.1,252,-0.15,-0.25,0.5,0.5,-0.1,-0.3,200.0,63.0,2006-12-29,2026-04-29,0.2269127316198446,0.1288100219167165,917,10
23.017638109626393,0.17304677187051598,0.14634679579090198,0.9593750756274841,1.3870571862986631,-0.19478532506603063,0.5398565165404544,Gold25 crash DD126 warn-12%/exp75% crash-25%/exp25% recover-10% panic-25%/MA200/mom63->0,0.65,0.25,0.1,126,-0.12,-0.25,0.75,0.25,-0.1,-0.25,200.0,63.0,2006-12-29,2026-04-29,0.2355050806933652,0.12021767284319589,765,133
23.017638109626393,0.17304677187051598,0.14634679579090198,0.9593750756274841,1.3870571862986631,-0.19478532506603063,0.5398565165404544,Gold25 crash DD126 warn-12%/exp75% crash-25%/exp50% recover-10% panic-25%/MA200/mom63->0,0.65,0.25,0.1,126,-0.12,-0.25,0.75,0.5,-0.1,-0.25,200.0,63.0,2006-12-29,2026-04-29,0.2355050806933652,0.12021767284319589,765,133
21.263573957799153,0.1685886604073954,0.14167520500261233,0.9593731606984878,1.3749824125163916,-0.19078589379548483,0.5398565165404544,Gold25 crash DD126 warn-8%/exp50% crash-15%/exp25% recover-5% panic-25%/MA200/mom63->0,0.65,0.25,0.1,126,-0.08,-0.15,0.5,0.25,-0.05,-0.25,200.0,63.0,2006-12-29,2026-04-29,0.19188334329547718,0.16383941024108392,1953,21
22.603351073973002,0.17202241127345697,0.145318249320071,0.9591178153162774,1.3832083824731511,-0.19970753568789024,0.5402550817058589,Gold25 crash DD252 warn-12%/exp75% crash-20%/exp50% recover-10% panic-25%/MA200/mom63->0,0.65,0.25,0.1,252,-0.12,-0.2,0.75,0.5,-0.1,-0.25,200.0,63.0,2006-12-29,2026-04-29,0.22564255827854154,0.13008019525801956,1282,124
23.108515132494123,0.1732692274503207,0.146631883760406,0.9590881734604891,1.387824697064743,-0.21255122581876507,0.5406536468712635,Gold25 crash DD126 warn-15%/exp75% crash-20%/exp25% recover-10% panic-25%/MA200/mom63->0,0.65,0.25,0.1,126,-0.15,-0.2,0.75,0.25,-0.1,-0.25,200.0,63.0,2006-12-29,2026-04-29,0.23859334528790596,0.11712940824865514,473,21
22.09469425532504,0.1707410986710518,0.14398322362706134,0.9590690165201609,1.3810902682191506,-0.193071355417352,0.5420486249501794,Gold25 crash DD252 warn-12%/exp75% crash-18%/exp25% recover-8% panic-30%/MA200/mom63->0,0.65,0.25,0.1,252,-0.12,-0.18,0.75,0.25,-0.08,-0.3,200.0,63.0,2006-12-29,2026-04-29,0.21380005977286312,0.14192269376369798,1531,10
22.268553262113727,0.17118204056080866,0.14446855812853535,0.958938290170779,1.3837975035836965,-0.19307135541735188,0.5420486249501794,Gold25 crash DD252 warn-15%/exp75% crash-18%/exp25% recover-8% no panic,0.65,0.25,0.1,252,-0.15,-0.18,0.75,0.25,-0.08,,,,2006-12-29,2026-04-29,0.22027545327754533,0.13544730025901577,1021,0
22.343535588514698,0.17137124596748632,0.14467342596440838,0.958903392056727,1.3816384555113215,-0.19307135541735176,0.541052212036668,Gold25 crash DD252 warn-12%/exp75% crash-18%/exp50% recover-8% panic-25%/MA200/mom63->0,0.65,0.25,0.1,252,-0.12,-0.18,0.75,0.5,-0.08,-0.25,200.0,63.0,2006-12-29,2026-04-29,0.2193415022912931,0.136381251245268,1531,124
22.47257961646714,0.1716955196052592,0.14501660435754904,0.9588877880037024,1.383388186380188,-0.20776383479188498,0.5404543642885612,Gold25 crash DD126 warn-12%/exp50% crash-15%/exp50% recover-8% panic-25%/MA200/mom63->0,0.65,0.25,0.1,126,-0.12,-0.15,0.5,0.5,-0.08,-0.25,200.0,63.0,2006-12-29,2026-04-29,0.22546822076110778,0.13025453277545332,964,21
22.47257961646714,0.1716955196052592,0.14501660435754904,0.9588877880037024,1.383388186380188,-0.20776383479188498,0.5404543642885612,Gold25 crash DD126 warn-12%/exp50% crash-18%/exp50% recover-8% panic-25%/MA200/mom63->0,0.65,0.25,0.1,126,-0.12,-0.18,0.5,0.5,-0.08,-0.25,200.0,63.0,2006-12-29,2026-04-29,0.22546822076110778,0.13025453277545332,964,21
22.47257961646714,0.1716955196052592,0.14501660435754904,0.9588877880037024,1.383388186380188,-0.20776383479188498,0.5404543642885612,Gold25 crash DD126 warn-12%/exp50% crash-20%/exp50% recover-8% panic-25%/MA200/mom63->0,0.65,0.25,0.1,126,-0.12,-0.2,0.5,0.5,-0.08,-0.25,200.0,63.0,2006-12-29,2026-04-29,0.22546822076110778,0.13025453277545332,964,21
22.95406555699633,0.17289067847254902,0.14627497685009402,0.9588626646799265,1.3854535374618986,-0.2042589274565284,0.5402550817058589,Gold25 crash DD126 warn-15%/exp75% crash-18%/exp25% recover-8% panic-25%/MA200/mom63->0,0.65,0.25,0.1,126,-0.15,-0.18,0.75,0.25,-0.08,-0.25,200.0,63.0,2006-12-29,2026-04-29,0.2354926280135485,0.12023012552301258,546,21
22.648546657749623,0.17213498757879586,0.14549543506712428,0.9587876334936463,1.3835280721268874,-0.2056692509523853,0.5414507772020726,Gold25 crash DD252 warn-12%/exp75% crash-25%/exp25% recover-10% no panic,0.65,0.25,0.1,252,-0.12,-0.25,0.75,0.25,-0.1,,,,2006-12-29,2026-04-29,0.226937636979478,0.1287851165570831,1282,0
22.142067389379484,0.17086155826834992,0.1441712609360145,0.9587191827444521,1.3801354022087766,-0.19307135541735154,0.5400557991231566,Gold25 crash DD126 warn-12%/exp50% crash-20%/exp25% recover-5% no panic,0.65,0.25,0.1,126,-0.12,-0.2,0.5,0.25,-0.05,,,,2006-12-29,2026-04-29,0.21507023311416618,0.14065252042239493,1233,0
22.142067389379484,0.17086155826834992,0.1441712609360145,0.9587191827444521,1.3801354022087766,-0.19307135541735154,0.5400557991231566,Gold25 crash DD126 warn-12%/exp50% crash-20%/exp25% recover-5% panic-30%/MA200/mom63->0,0.65,0.25,0.1,126,-0.12,-0.2,0.5,0.25,-0.05,-0.3,200.0,63.0,2006-12-29,2026-04-29,0.21507023311416618,0.14065252042239493,1233,0
21.28108156109853,0.168634783104344,0.1418382666959688,0.958710575535285,1.3694826336264734,-0.20091665850516738,0.5436428856117975,Gold25 crash DD252 warn-10%/exp75% crash-15%/exp25% recover-5% panic-25%/MA200/mom63->0,0.65,0.25,0.1,252,-0.1,-0.15,0.75,0.25,-0.05,-0.25,200.0,63.0,2006-12-29,2026-04-29,0.179991034070532,0.1757317194660291,2170,124
21.423528749788556,0.1690087771360378,0.1422490245966395,0.9586004320593952,1.3708628268167646,-0.20238840256560353,0.5444400159426066,Gold25 crash DD252 warn-12%/exp75% crash-15%/exp25% recover-5% panic-25%/MA200/mom63->0,0.65,0.25,0.1,252,-0.12,-0.15,0.75,0.25,-0.05,-0.25,200.0,63.0,2006-12-29,2026-04-29,0.18249402271368798,0.17322873082287313,1969,124
22.829777838737037,0.1725843676965828,0.14601585642230372,0.9585154479339214,1.3847916807960172,-0.1990388324074952,0.5396572339577521,Gold25 crash DD126 warn-12%/exp75% crash-18%/exp25% recover-10% panic-25%/MA200/mom63->0,0.65,0.25,0.1,126,-0.12,-0.18,0.75,0.25,-0.1,-0.25,200.0,63.0,2006-12-29,2026-04-29,0.23353755728232717,0.12218519625423395,765,21
21.823559937835153,0.1700471144061504,0.14337199379051485,0.9584071260590699,1.373139899876251,-0.19796873516941205,0.5428457552809884,Gold25 crash DD252 warn-15%/exp50% crash-25%/exp50% recover-5% panic-25%/MA200/mom63->0,0.65,0.25,0.1,252,-0.15,-0.25,0.5,0.5,-0.05,-0.25,200.0,63.0,2006-12-29,2026-04-29,0.1892309224945208,0.1664918310420403,1664,776
21.784445094476276,0.16994635198006547,0.14327701297063622,0.9583455665225277,1.3771925676484682,-0.19307135541735176,0.5424471901155838,Gold25 crash DD252 warn-12%/exp50% crash-18%/exp25% recover-8% no panic,0.65,0.25,0.1,252,-0.12,-0.18,0.5,0.25,-0.08,,,,2006-12-29,2026-04-29,0.20336471408647142,0.1523580394500897,1531,0
21.884254469851406,0.17020314329413844,0.14354699670641563,0.9583448170868102,1.376083951605525,-0.19307135541735176,0.5424471901155838,Gold25 crash DD252 warn-10%/exp50% crash-15%/exp50% recover-8% panic-30%/MA200/mom63->0,0.65,0.25,0.1,252,-0.1,-0.15,0.5,0.5,-0.08,-0.3,200.0,63.0,2006-12-29,2026-04-29,0.2055190276947599,0.1502037258418012,1776,10
21.884254469851406,0.17020314329413844,0.14354699670641563,0.9583448170868102,1.376083951605525,-0.19307135541735176,0.5424471901155838,Gold25 crash DD252 warn-10%/exp50% crash-18%/exp50% recover-8% panic-30%/MA200/mom63->0,0.65,0.25,0.1,252,-0.1,-0.18,0.5,0.5,-0.08,-0.3,200.0,63.0,2006-12-29,2026-04-29,0.2055190276947599,0.1502037258418012,1776,10
21.884254469851406,0.17020314329413844,0.14354699670641563,0.9583448170868102,1.376083951605525,-0.19307135541735176,0.5424471901155838,Gold25 crash DD252 warn-10%/exp50% crash-20%/exp50% recover-8% panic-30%/MA200/mom63->0,0.65,0.25,0.1,252,-0.1,-0.2,0.5,0.5,-0.08,-0.3,200.0,63.0,2006-12-29,2026-04-29,0.2055190276947599,0.1502037258418012,1776,10
21.884254469851406,0.17020314329413844,0.14354699670641563,0.9583448170868102,1.376083951605525,-0.19307135541735176,0.5424471901155838,Gold25 crash DD252 warn-10%/exp50% crash-25%/exp50% recover-8% panic-30%/MA200/mom63->0,0.65,0.25,0.1,252,-0.1,-0.25,0.5,0.5,-0.08,-0.3,200.0,63.0,2006-12-29,2026-04-29,0.2055190276947599,0.1502037258418012,1776,10
21.881011007315127,0.17019481519365787,0.14357937546569566,0.958108515904057,1.3768141096182027,-0.19307135541735176,0.5420486249501794,Gold25 crash DD252 warn-12%/exp50% crash-20%/exp25% recover-8% panic-25%/MA200/mom63->0,0.65,0.25,0.1,252,-0.12,-0.2,0.5,0.25,-0.08,-0.25,200.0,63.0,2006-12-29,2026-04-29,0.2044730025901574,0.1512497509464037,1531,124
22.20811304791757,0.17102910775426783,0.14445629450529415,0.9581030314760494,1.3825235752602745,-0.19307135541735188,0.5420486249501794,Gold25 crash DD252 warn-15%/exp75% crash-18%/exp25% recover-8% panic-30%/MA200/mom63->0,0.65,0.25,0.1,252,-0.15,-0.18,0.75,0.25,-0.08,-0.3,200.0,63.0,2006-12-29,2026-04-29,0.22015092647937837,0.13557182705718274,1021,10
22.38179944167217,0.17146757609407537,0.1449208516927902,0.9580799035653557,1.3808871166411323,-0.20039504414431042,0.5406536468712635,Gold25 crash DD252 warn-12%/exp75% crash-20%/exp25% recover-10% panic-25%/MA200/mom63->0,0.65,0.25,0.1,252,-0.12,-0.2,0.75,0.25,-0.1,-0.25,200.0,63.0,2006-12-29,2026-04-29,0.22188184897389918,0.13384090456266193,1282,124
23.109433772617496,0.17327147209764027,0.1468208447511461,0.9580560082099915,1.3858126321487176,-0.19959062394159444,0.5404543642885612,Gold25 crash DD126 warn-15%/exp75% crash-25%/exp25% recover-10% panic-25%/MA200/mom63->0,0.65,0.25,0.1,126,-0.15,-0.25,0.75,0.25,-0.1,-0.25,200.0,63.0,2006-12-29,2026-04-29,0.2391412631998406,0.1165814903367205,473,133
23.109433772617496,0.17327147209764027,0.1468208447511461,0.9580560082099915,1.3858126321487176,-0.19959062394159444,0.5404543642885612,Gold25 crash DD126 warn-15%/exp75% crash-25%/exp50% recover-10% panic-25%/MA200/mom63->0,0.65,0.25,0.1,126,-0.15,-0.25,0.75,0.5,-0.1,-0.25,200.0,63.0,2006-12-29,2026-04-29,0.2391412631998406,0.1165814903367205,473,133
22.67174338768615,0.17219268827626677,0.14568702836049585,0.9580555090784629,1.3832193325875721,-0.203761727542061,0.5404543642885612,Gold25 crash DD252 warn-15%/exp75% crash-20%/exp50% recover-10% panic-25%/MA200/mom63->0,0.65,0.25,0.1,252,-0.15,-0.2,0.75,0.5,-0.1,-0.25,200.0,63.0,2006-12-29,2026-04-29,0.2301877864116358,0.12553496712492532,917,124
22.637438729190194,0.17210733812921153,0.14559809122496975,0.9580495255424024,1.3794364456689518,-0.19307135541735232,0.5390593862096453,Gold25 crash DD126 warn-15%/exp50% crash-18%/exp25% recover-5% no panic,0.65,0.25,0.1,126,-0.15,-0.18,0.5,0.25,-0.05,,,,2006-12-29,2026-04-29,0.2262153815501096,0.1295073719864515,740,0
22.637438729190194,0.17210733812921153,0.14559809122496975,0.9580495255424024,1.3794364456689518,-0.19307135541735232,0.5390593862096453,Gold25 crash DD126 warn-15%/exp50% crash-18%/exp25% recover-5% panic-30%/MA200/mom63->0,0.65,0.25,0.1,126,-0.15,-0.18,0.5,0.25,-0.05,-0.3,200.0,63.0,2006-12-29,2026-04-29,0.2262153815501096,0.1295073719864515,740,0
22.587119408306172,0.1719819303365513,0.14548326148279178,0.9579576648047959,1.38226346921376,-0.2056692509523853,0.5414507772020726,Gold25 crash DD252 warn-12%/exp75% crash-25%/exp25% recover-10% panic-30%/MA200/mom63->0,0.65,0.25,0.1,252,-0.12,-0.25,0.75,0.25,-0.1,-0.3,200.0,63.0,2006-12-29,2026-04-29,0.226813110181311,0.1289096433552501,1282,10
22.458176448965876,0.17165941007058239,0.1451442417930918,0.9579574234702343,1.3830942301453595,-0.19307135541735188,0.541052212036668,Gold25 crash DD252 warn-15%/exp75% crash-18%/exp50% recover-8% panic-25%/MA200/mom63->0,0.65,0.25,0.1,252,-0.15,-0.18,0.75,0.5,-0.08,-0.25,200.0,63.0,2006-12-29,2026-04-29,0.22569236899780834,0.13003038453875276,1021,124
22.717069928737903,0.17230528093722763,0.1458637654798655,0.9577303980954056,1.383558480488092,-0.2096932414257613,0.5416500597847748,Gold25 crash DD252 warn-15%/exp75% crash-25%/exp25% recover-10% no panic,0.65,0.25,0.1,252,-0.15,-0.25,0.75,0.25,-0.1,,,,2006-12-29,2026-04-29,0.23148286511257224,0.12423988842398888,917,0
21.7252623543061,0.16979358052958782,0.14326464284734475,0.9575040219607606,1.3759123398733395,-0.19307135541735165,0.5424471901155838,Gold25 crash DD252 warn-12%/exp50% crash-18%/exp25% recover-8% panic-30%/MA200/mom63->0,0.65,0.25,0.1,252,-0.12,-0.18,0.5,0.25,-0.08,-0.3,200.0,63.0,2006-12-29,2026-04-29,0.20324018728830445,0.15248256624825665,1531,10
22.29915306491823,0.1712593239067306,0.1448156751055262,0.9574429145848927,1.3789486328291576,-0.19307135541735165,0.5416500597847748,Gold25 crash DD252 warn-10%/exp75% crash-25%/exp25% recover-8% panic-25%/MA200/mom63->0,0.65,0.25,0.1,252,-0.1,-0.25,0.75,0.25,-0.08,-0.25,200.0,63.0,2006-12-29,2026-04-29,0.21595437338115162,0.1397683801554095,1776,306
22.674695995353076,0.17220002888588226,0.14581383078459348,0.9573906576371157,1.3790714439815839,-0.19633430890055015,0.5392586687923475,Gold25 crash DD126 warn-15%/exp50% crash-25%/exp25% recover-5% no panic,0.65,0.25,0.1,126,-0.15,-0.25,0.5,0.25,-0.05,,,,2006-12-29,2026-04-29,0.2286062960749153,0.1271164574616458,740,0
22.674695995353076,0.17220002888588226,0.14581383078459348,0.9573906576371157,1.3790714439815839,-0.19633430890055015,0.5392586687923475,Gold25 crash DD126 warn-15%/exp50% crash-25%/exp25% recover-5% panic-30%/MA200/mom63->0,0.65,0.25,0.1,126,-0.15,-0.25,0.5,0.25,-0.05,-0.3,200.0,63.0,2006-12-29,2026-04-29,0.2286062960749153,0.1271164574616458,740,0
21.970123122706426,0.17042321782770076,0.14395830649608968,0.9573220559744443,1.376430737453296,-0.19485643113096407,0.5414507772020726,Gold25 crash DD252 warn-12%/exp50% crash-15%/exp50% recover-8% panic-25%/MA200/mom63->0,0.65,0.25,0.1,252,-0.12,-0.15,0.5,0.5,-0.08,-0.25,200.0,63.0,2006-12-29,2026-04-29,0.2087816298067344,0.1469411237298267,1531,124
21.970123122706426,0.17042321782770076,0.14395830649608968,0.9573220559744443,1.376430737453296,-0.19485643113096407,0.5414507772020726,Gold25 crash DD252 warn-12%/exp50% crash-18%/exp50% recover-8% panic-25%/MA200/mom63->0,0.65,0.25,0.1,252,-0.12,-0.18,0.5,0.5,-0.08,-0.25,200.0,63.0,2006-12-29,2026-04-29,0.2087816298067344,0.1469411237298267,1531,124
21.970123122706426,0.17042321782770076,0.14395830649608968,0.9573220559744443,1.376430737453296,-0.19485643113096407,0.5414507772020726,Gold25 crash DD252 warn-12%/exp50% crash-20%/exp50% recover-8% panic-25%/MA200/mom63->0,0.65,0.25,0.1,252,-0.12,-0.2,0.5,0.5,-0.08,-0.25,200.0,63.0,2006-12-29,2026-04-29,0.2087816298067344,0.1469411237298267,1531,124
22.7966357620866,0.17250243180661196,0.14615315813668506,0.9572733691902809,1.3808220038956014,-0.1953717028332418,0.5398565165404544,Gold25 crash DD126 warn-15%/exp75% crash-25%/exp25% recover-5% panic-25%/MA200/mom63->0,0.65,0.25,0.1,126,-0.15,-0.25,0.75,0.25,-0.05,-0.25,200.0,63.0,2006-12-29,2026-04-29,0.23189380354652323,0.12382894999003789,740,238
22.7966357620866,0.17250243180661196,0.14615315813668506,0.9572733691902809,1.3808220038956014,-0.1953717028332418,0.5398565165404544,Gold25 crash DD126 warn-15%/exp75% crash-25%/exp50% recover-5% panic-25%/MA200/mom63->0,0.65,0.25,0.1,126,-0.15,-0.25,0.75,0.5,-0.05,-0.25,200.0,63.0,2006-12-29,2026-04-29,0.23189380354652323,0.12382894999003789,740,238
22.920855497816255,0.17280897934895822,0.14649097944932962,0.9571891642457483,1.3835257405460823,-0.2038187475255575,0.5402550817058589,Gold25 crash DD126 warn-15%/exp75% crash-18%/exp25% recover-10% panic-25%/MA200/mom63->0,0.65,0.25,0.1,126,-0.15,-0.18,0.75,0.25,-0.1,-0.25,200.0,63.0,2006-12-29,2026-04-29,0.23717373978880255,0.11854901374775856,473,21
21.754625889893095,0.16986942530528126,0.14340420387051786,0.9571641367949812,1.374174980904225,-0.19260357611759582,0.5378636907134317,Gold25 crash DD126 warn-8%/exp75% crash-15%/exp25% recover-5% no panic,0.65,0.25,0.1,126,-0.08,-0.15,0.75,0.25,-0.05,,,,2006-12-29,2026-04-29,0.20724995018928075,0.14847280334728036,1953,0
21.754625889893095,0.16986942530528126,0.14340420387051786,0.9571641367949812,1.374174980904225,-0.19260357611759582,0.5378636907134317,Gold25 crash DD126 warn-8%/exp75% crash-15%/exp25% recover-5% panic-30%/MA200/mom63->0,0.65,0.25,0.1,126,-0.08,-0.15,0.75,0.25,-0.05,-0.3,200.0,63.0,2006-12-29,2026-04-29,0.20724995018928075,0.14847280334728036,1953,0
22.471974136353722,0.1716940020570472,0.14532368645197802,0.9571572595259433,1.380349925445756,-0.1930713554173521,0.5398565165404544,Gold25 crash DD126 warn-12%/exp75% crash-25%/exp25% recover-5% panic-25%/MA200/mom63->0,0.65,0.25,0.1,126,-0.12,-0.25,0.75,0.25,-0.05,-0.25,200.0,63.0,2006-12-29,2026-04-29,0.2257546323968918,0.1299681211396693,1233,238
22.471974136353722,0.1716940020570472,0.14532368645197802,0.9571572595259433,1.380349925445756,-0.1930713554173521,0.5398565165404544,Gold25 crash DD126 warn-12%/exp75% crash-25%/exp50% recover-5% panic-25%/MA200/mom63->0,0.65,0.25,0.1,126,-0.12,-0.25,0.75,0.5,-0.05,-0.25,200.0,63.0,2006-12-29,2026-04-29,0.2257546323968918,0.1299681211396693,1233,238
21.988574649260645,0.1704704056173738,0.14405345705609995,0.9570639660999436,1.3768757619472245,-0.19307135541735165,0.5398565165404544,Gold25 crash DD126 warn-12%/exp50% crash-18%/exp25% recover-5% no panic,0.65,0.25,0.1,126,-0.12,-0.18,0.5,0.25,-0.05,,,,2006-12-29,2026-04-29,0.21393703925084678,0.14178571428571432,1233,0
21.988574649260645,0.1704704056173738,0.14405345705609995,0.9570639660999436,1.3768757619472245,-0.19307135541735165,0.5398565165404544,Gold25 crash DD126 warn-12%/exp50% crash-18%/exp25% recover-5% panic-30%/MA200/mom63->0,0.65,0.25,0.1,126,-0.12,-0.18,0.5,0.25,-0.05,-0.3,200.0,63.0,2006-12-29,2026-04-29,0.21393703925084678,0.14178571428571432,1233,0
22.22178893218751,0.17106374514084033,0.1446783383333606,0.9570603700826611,1.3806752523896026,-0.20979182761558335,0.5406536468712635,Gold25 crash DD126 warn-12%/exp50% crash-20%/exp25% recover-8% panic-25%/MA200/mom63->0,0.65,0.25,0.1,126,-0.12,-0.2,0.5,0.25,-0.08,-0.25,200.0,63.0,2006-12-29,2026-04-29,0.22277844192070134,0.13294431161585976,964,21
22.44954979447508,0.17163777248778556,0.14529064230604158,0.957010663013951,1.380883773867603,-0.20444575315776037,0.5408529294539657,Gold25 crash DD252 warn-15%/exp75% crash-20%/exp25% recover-10% panic-25%/MA200/mom63->0,0.65,0.25,0.1,252,-0.15,-0.2,0.75,0.25,-0.1,-0.25,200.0,63.0,2006-12-29,2026-04-29,0.22642707710699342,0.12929567642956769,917,124
22.014542411705598,0.17053675446789773,0.14413880672454255,0.9569749001213055,1.3800471825601308,-0.193071355417352,0.5418493423674771,Gold25 crash DD252 warn-15%/exp50% crash-18%/exp25% recover-8% no panic,0.65,0.25,0.1,252,-0.15,-0.18,0.5,0.25,-0.08,,,,2006-12-29,2026-04-29,0.21606644749950188,0.1396563060370592,1021,0
22.003453655830626,0.17050843087983236,0.14411117402938195,0.956966598434726,1.3788161356518214,-0.19563104098887407,0.541052212036668,Gold25 crash DD126 warn-10%/exp50% crash-25%/exp25% recover-8% no panic,0.65,0.25,0.1,126,-0.1,-0.25,0.5,0.25,-0.08,,,,2006-12-29,2026-04-29,0.21773510659493922,0.13798764694162188,1217,0
22.003453655830626,0.17050843087983236,0.14411117402938195,0.956966598434726,1.3788161356518214,-0.19563104098887407,0.541052212036668,Gold25 crash DD126 warn-10%/exp50% crash-25%/exp25% recover-8% panic-30%/MA200/mom63->0,0.65,0.25,0.1,126,-0.1,-0.25,0.5,0.25,-0.08,-0.3,200.0,63.0,2006-12-29,2026-04-29,0.21773510659493922,0.13798764694162188,1217,0
22.088706194543697,0.1707258556280853,0.14434414573088836,0.9569395852663912,1.3778918725687415,-0.19490321378749742,0.5408529294539657,Gold25 crash DD252 warn-12%/exp75% crash-15%/exp50% recover-8% panic-25%/MA200/mom63->0,0.65,0.25,0.1,252,-0.12,-0.15,0.75,0.5,-0.08,-0.25,200.0,63.0,2006-12-29,2026-04-29,0.21513249651324964,0.14059025702331146,1531,124
22.655464689664914,0.1721522014580974,0.1458516233551619,0.9569022307484072,1.3822960065174965,-0.2096932414257613,0.5416500597847748,Gold25 crash DD252 warn-15%/exp75% crash-25%/exp25% recover-10% panic-30%/MA200/mom63->0,0.65,0.25,0.1,252,-0.15,-0.25,0.75,0.25,-0.1,-0.3,200.0,63.0,2006-12-29,2026-04-29,0.23135833831440525,0.12436441522215584,917,10
22.56156129649468,0.17191813606251527,0.1456152658139407,0.9568463095128922,1.3808930998016253,-0.19513942694910502,0.5402550817058589,Gold25 crash DD126 warn-12%/exp50% crash-25%/exp25% recover-10% no panic,0.65,0.25,0.1,126,-0.12,-0.25,0.5,0.25,-0.1,,,,2006-12-29,2026-04-29,0.22929119346483362,0.12643156007172748,765,0
22.56156129649468,0.17191813606251527,0.1456152658139407,0.9568463095128922,1.3808930998016253,-0.19513942694910502,0.5402550817058589,Gold25 crash DD126 warn-12%/exp50% crash-25%/exp25% recover-10% panic-30%/MA200/mom63->0,0.65,0.25,0.1,126,-0.12,-0.25,0.5,0.25,-0.1,-0.3,200.0,63.0,2006-12-29,2026-04-29,0.22929119346483362,0.12643156007172748,765,0
21.426152481330224,0.1690156445373081,0.14256247991350102,0.9568454159639755,1.3704193288773345,-0.20699030501274707,0.5442407333599043,Gold25 crash DD252 warn-15%/exp50% crash-15%/exp25% recover-5% panic-25%/MA200/mom63->0,0.65,0.25,0.1,252,-0.15,-0.15,0.5,0.25,-0.05,-0.25,200.0,63.0,2006-12-29,2026-04-29,0.18629209005778044,0.16943066347878066,1664,124
21.426152481330224,0.1690156445373081,0.14256247991350102,0.9568454159639755,1.3704193288773345,-0.20699030501274707,0.5442407333599043,Gold25 crash DD252 warn-15%/exp75% crash-15%/exp25% recover-5% panic-25%/MA200/mom63->0,0.65,0.25,0.1,252,-0.15,-0.15,0.75,0.25,-0.05,-0.25,200.0,63.0,2006-12-29,2026-04-29,0.18629209005778044,0.16943066347878066,1664,124
22.11208353185739,0.17078534306612725,0.1444393607782691,0.9567541119060613,1.379686170867549,-0.1930713554173521,0.5414507772020726,Gold25 crash DD252 warn-15%/exp50% crash-20%/exp25% recover-8% panic-25%/MA200/mom63->0,0.65,0.25,0.1,252,-0.15,-0.2,0.5,0.25,-0.08,-0.25,200.0,63.0,2006-12-29,2026-04-29,0.21717473600318787,0.13854801753337323,1021,124
22.024809177638573,0.17056296692471173,0.14427151137125346,0.9563841728596423,1.3764705810088704,-0.19307135541735188,0.5400557991231566,Gold25 crash DD126 warn-12%/exp50% crash-25%/exp25% recover-5% no panic,0.65,0.25,0.1,126,-0.12,-0.25,0.5,0.25,-0.05,,,,2006-12-29,2026-04-29,0.21632795377565253,0.13939479976090857,1233,0
22.024809177638573,0.17056296692471173,0.14427151137125346,0.9563841728596423,1.3764705810088704,-0.19307135541735188,0.5400557991231566,Gold25 crash DD126 warn-12%/exp50% crash-25%/exp25% recover-5% panic-30%/MA200/mom63->0,0.65,0.25,0.1,126,-0.12,-0.25,0.5,0.25,-0.05,-0.3,200.0,63.0,2006-12-29,2026-04-29,0.21632795377565253,0.13939479976090857,1233,0
22.16178986693395,0.17091163921185082,0.14464989143852583,0.9563214690507505,1.379006514244017,-0.20189776577084018,0.5402550817058589,Gold25 crash DD126 warn-12%/exp50% crash-25%/exp25% recover-8% panic-25%/MA200/mom63->0,0.65,0.25,0.1,126,-0.12,-0.25,0.5,0.25,-0.08,-0.25,200.0,63.0,2006-12-29,2026-04-29,0.22208109185096633,0.13364166168559477,964,157
22.16178986693395,0.17091163921185082,0.14464989143852583,0.9563214690507505,1.379006514244017,-0.20189776577084018,0.5402550817058589,Gold25 crash DD126 warn-12%/exp50% crash-25%/exp50% recover-8% panic-25%/MA200/mom63->0,0.65,0.25,0.1,126,-0.12,-0.25,0.5,0.5,-0.08,-0.25,200.0,63.0,2006-12-29,2026-04-29,0.22208109185096633,0.13364166168559477,964,157
22.137300889678425,0.1708494486964005,0.14458720299492228,0.9563054568026624,1.379092908982202,-0.2054267862178326,0.5404543642885612,Gold25 crash DD126 warn-12%/exp50% crash-18%/exp25% recover-8% panic-25%/MA200/mom63->0,0.65,0.25,0.1,126,-0.12,-0.18,0.5,0.25,-0.08,-0.25,200.0,63.0,2006-12-29,2026-04-29,0.22200637577206614,0.13371637776449496,964,21
22.234347475348976,0.17109553553819445,0.1448492004532633,0.9562888354677479,1.3770504050277412,-0.193071355417352,0.5414507772020726,Gold25 crash DD252 warn-10%/exp75% crash-25%/exp50% recover-8% panic-25%/MA200/mom63->0,0.65,0.25,0.1,252,-0.1,-0.25,0.75,0.5,-0.08,-0.25,200.0,63.0,2006-12-29,2026-04-29,0.21620342697748554,0.13951932655907553,1776,306
22.715102831657205,0.17230039884552428,0.14611940600420334,0.9562801692441595,1.378323147339413,-0.20596767179088415,0.538860103626943,Gold25 crash DD126 warn-15%/exp50% crash-15%/exp50% recover-5% panic-25%/MA200/mom63->0,0.65,0.25,0.1,126,-0.15,-0.15,0.5,0.5,-0.05,-0.25,200.0,63.0,2006-12-29,2026-04-29,0.23104702131898786,0.12467573221757326,740,21
22.715102831657205,0.17230039884552428,0.14611940600420334,0.9562801692441595,1.378323147339413,-0.20596767179088415,0.538860103626943,Gold25 crash DD126 warn-15%/exp75% crash-15%/exp50% recover-5% panic-25%/MA200/mom63->0,0.65,0.25,0.1,126,-0.15,-0.15,0.75,0.5,-0.05,-0.25,200.0,63.0,2006-12-29,2026-04-29,0.23104702131898786,0.12467573221757326,740,21
22.715102831657205,0.17230039884552428,0.14611940600420334,0.9562801692441595,1.378323147339413,-0.20596767179088415,0.538860103626943,Gold25 crash DD126 warn-15%/exp50% crash-18%/exp50% recover-5% panic-25%/MA200/mom63->0,0.65,0.25,0.1,126,-0.15,-0.18,0.5,0.5,-0.05,-0.25,200.0,63.0,2006-12-29,2026-04-29,0.23104702131898786,0.12467573221757326,740,21
22.715102831657205,0.17230039884552428,0.14611940600420334,0.9562801692441595,1.378323147339413,-0.20596767179088415,0.538860103626943,Gold25 crash DD126 warn-15%/exp50% crash-20%/exp50% recover-5% panic-25%/MA200/mom63->0,0.65,0.25,0.1,126,-0.15,-0.2,0.5,0.5,-0.05,-0.25,200.0,63.0,2006-12-29,2026-04-29,0.23104702131898786,0.12467573221757326,740,21
21.907964750122463,0.17026398913916108,0.14398407661261783,0.9562325463159406,1.3778819686462804,-0.2006485330301565,0.541052212036668,Gold25 crash DD126 warn-10%/exp50% crash-20%/exp25% recover-8% no panic,0.65,0.25,0.1,126,-0.1,-0.2,0.5,0.25,-0.08,,,,2006-12-29,2026-04-29,0.21673889220960352,0.1389838613269576,1217,0
21.907964750122463,0.17026398913916108,0.14398407661261783,0.9562325463159406,1.3778819686462804,-0.2006485330301565,0.541052212036668,Gold25 crash DD126 warn-10%/exp50% crash-20%/exp25% recover-8% panic-30%/MA200/mom63->0,0.65,0.25,0.1,126,-0.1,-0.2,0.5,0.25,-0.08,-0.3,200.0,63.0,2006-12-29,2026-04-29,0.21673889220960352,0.1389838613269576,1217,0
22.3915535738241,0.17149210839584672,0.14528973769593817,0.956159656338331,1.3778392567335593,-0.20135983491650944,0.538860103626943,Gold25 crash DD126 warn-12%/exp75% crash-15%/exp50% recover-5% panic-25%/MA200/mom63->0,0.65,0.25,0.1,126,-0.12,-0.15,0.75,0.5,-0.05,-0.25,200.0,63.0,2006-12-29,2026-04-29,0.22490785016935644,0.13081490336720467,1233,21
22.46133185076513,0.17166732263774498,0.14547804662445205,0.9561390532746177,1.3799888360033155,-0.20024260875238675,0.5402550817058589,Gold25 crash DD126 warn-12%/exp50% crash-20%/exp25% recover-10% no panic,0.65,0.25,0.1,126,-0.12,-0.2,0.5,0.25,-0.1,,,,2006-12-29,2026-04-29,0.2283198844391313,0.1274028690974298,765,0
22.46133185076513,0.17166732263774498,0.14547804662445205,0.9561390532746177,1.3799888360033155,-0.20024260875238675,0.5402550817058589,Gold25 crash DD126 warn-12%/exp50% crash-20%/exp25% recover-10% panic-30%/MA200/mom63->0,0.65,0.25,0.1,126,-0.12,-0.2,0.5,0.25,-0.1,-0.3,200.0,63.0,2006-12-29,2026-04-29,0.2283198844391313,0.1274028690974298,765,0
21.954761992299318,0.1703839059227359,0.14412651285832714,0.9561377639823029,1.3787707347000182,-0.19307135541735188,0.5418493423674771,Gold25 crash DD252 warn-15%/exp50% crash-18%/exp25% recover-8% panic-30%/MA200/mom63->0,0.65,0.25,0.1,252,-0.15,-0.18,0.5,0.25,-0.08,-0.3,200.0,63.0,2006-12-29,2026-04-29,0.21594192070133492,0.1397808328352262,1021,10
21.534916372953287,0.16929965567584127,0.14300242639048402,0.9560472805481374,1.371152176578843,-0.19307135541735165,0.5400557991231566,Gold25 crash DD126 warn-10%/exp50% crash-25%/exp25% recover-5% panic-25%/MA200/mom63->0,0.65,0.25,0.1,126,-0.1,-0.25,0.5,0.25,-0.05,-0.25,200.0,63.0,2006-12-29,2026-04-29,0.2044730025901574,0.1512497509464037,1590,238
21.534916372953287,0.16929965567584127,0.14300242639048402,0.9560472805481374,1.371152176578843,-0.19307135541735165,0.5400557991231566,Gold25 crash DD126 warn-10%/exp50% crash-25%/exp50% recover-5% panic-25%/MA200/mom63->0,0.65,0.25,0.1,126,-0.1,-0.25,0.5,0.5,-0.05,-0.25,200.0,63.0,2006-12-29,2026-04-29,0.2044730025901574,0.1512497509464037,1590,238
22.20209557957524,0.1710138609614238,0.14481603725503323,0.9559907492113571,1.3793315902939738,-0.1949786366703118,0.5408529294539657,Gold25 crash DD252 warn-15%/exp50% crash-15%/exp50% recover-8% panic-25%/MA200/mom63->0,0.65,0.25,0.1,252,-0.15,-0.15,0.5,0.5,-0.08,-0.25,200.0,63.0,2006-12-29,2026-04-29,0.2214833632197649,0.13423939031679621,1021,124
22.20209557957524,0.1710138609614238,0.14481603725503323,0.9559907492113571,1.3793315902939738,-0.1949786366703118,0.5408529294539657,Gold25 crash DD252 warn-15%/exp75% crash-15%/exp50% recover-8% panic-25%/MA200/mom63->0,0.65,0.25,0.1,252,-0.15,-0.15,0.75,0.5,-0.08,-0.25,200.0,63.0,2006-12-29,2026-04-29,0.2214833632197649,0.13423939031679621,1021,124
22.20209557957524,0.1710138609614238,0.14481603725503323,0.9559907492113571,1.3793315902939738,-0.1949786366703118,0.5408529294539657,Gold25 crash DD252 warn-15%/exp50% crash-18%/exp50% recover-8% panic-25%/MA200/mom63->0,0.65,0.25,0.1,252,-0.15,-0.18,0.5,0.5,-0.08,-0.25,200.0,63.0,2006-12-29,2026-04-29,0.2214833632197649,0.13423939031679621,1021,124
22.20209557957524,0.1710138609614238,0.14481603725503323,0.9559907492113571,1.3793315902939738,-0.1949786366703118,0.5408529294539657,Gold25 crash DD252 warn-15%/exp50% crash-20%/exp50% recover-8% panic-25%/MA200/mom63->0,0.65,0.25,0.1,252,-0.15,-0.2,0.5,0.5,-0.08,-0.25,200.0,63.0,2006-12-29,2026-04-29,0.2214833632197649,0.13423939031679621,1021,124
21.89815961608355,0.17023883424420183,0.14401993770638444,0.955878377122855,1.37626047371438,-0.1939937868356172,0.5408529294539657,Gold25 crash DD252 warn-12%/exp50% crash-20%/exp25% recover-10% no panic,0.65,0.25,0.1,252,-0.12,-0.2,0.5,0.25,-0.1,,,,2006-12-29,2026-04-29,0.2127664873480773,0.14295626618848378,1282,0
21.530724078888174,0.16928873264081812,0.1430219739504104,0.9558648537881984,1.3724524030505438,-0.19307135541735188,0.5422479075328817,Gold25 crash DD252 warn-12%/exp50% crash-15%/exp25% recover-8% no panic,0.65,0.25,0.1,252,-0.12,-0.15,0.5,0.25,-0.08,,,,2006-12-29,2026-04-29,0.19915570830842796,0.15656704522813314,1531,0
22.515910294847796,0.1718040252524322,0.14567640724672032,0.9558375404208066,1.3793609252005277,-0.2115967024758817,0.5396572339577521,Gold25 crash DD126 warn-12%/exp75% crash-15%/exp50% recover-8% panic-25%/MA200/mom63->0,0.65,0.25,0.1,126,-0.12,-0.15,0.75,0.5,-0.08,-0.25,200.0,63.0,2006-12-29,2026-04-29,0.23067344092448694,0.12504931261207416,964,21
22.53157388608163,0.17184320219484484,0.14571800714435978,0.9558332332449054,1.3773315228556087,-0.2006486916548823,0.5390593862096453,Gold25 crash DD126 warn-15%/exp50% crash-20%/exp25% recover-5% panic-25%/MA200/mom63->0,0.65,0.25,0.1,126,-0.15,-0.2,0.5,0.25,-0.05,-0.25,200.0,63.0,2006-12-29,2026-04-29,0.22708706913727833,0.12863568439928277,740,21
21.78532006963607,0.1699486077699266,0.1437349071717555,0.9557619941773715,1.373777981042813,-0.19307135541735188,0.5420486249501794,Gold25 crash DD252 warn-12%/exp50% crash-25%/exp25% recover-8% panic-25%/MA200/mom63->0,0.65,0.25,0.1,252,-0.12,-0.25,0.5,0.25,-0.08,-0.25,200.0,63.0,2006-12-29,2026-04-29,0.20399980075712293,0.15172295277943817,1531,306
21.82461849694374,0.17004983904445514,0.14389249731539333,0.9554764143573772,1.3763016752085375,-0.19623298486624996,0.5408529294539657,Gold25 crash DD126 warn-10%/exp50% crash-18%/exp25% recover-8% no panic,0.65,0.25,0.1,126,-0.1,-0.18,0.5,0.25,-0.08,,,,2006-12-29,2026-04-29,0.21596682606096831,0.1397559274755928,1217,0
21.82461849694374,0.17004983904445514,0.14389249731539333,0.9554764143573772,1.3763016752085375,-0.19623298486624996,0.5408529294539657,Gold25 crash DD126 warn-10%/exp50% crash-18%/exp25% recover-8% panic-30%/MA200/mom63->0,0.65,0.25,0.1,126,-0.1,-0.18,0.5,0.25,-0.08,-0.3,200.0,63.0,2006-12-29,2026-04-29,0.21596682606096831,0.1397559274755928,1217,0
21.64703875677296,0.1695910770959439,0.14341034197319136,0.9554669582067881,1.373888937268793,-0.19307135541735188,0.5416500597847748,Gold25 crash DD252 warn-12%/exp75% crash-15%/exp25% recover-8% no panic,0.65,0.25,0.1,252,-0.12,-0.15,0.75,0.25,-0.08,,,,2006-12-29,2026-04-29,0.2055065750149432,0.1502161785216179,1531,0
21.73856057977513,0.16982794081048325,0.1436618795326151,0.9554581151739059,1.3746543317653444,-0.19307135541735165,0.5420486249501794,Gold25 crash DD252 warn-10%/exp75% crash-18%/exp25% recover-8% no panic,0.65,0.25,0.1,252,-0.1,-0.18,0.75,0.25,-0.08,,,,2006-12-29,2026-04-29,0.21087368001593942,0.14484907352062168,1776,0
22.064106818273928,0.17066319671045949,0.14458035216905926,0.955242389122284,1.3756615787276372,-0.19673290324921378,0.5396572339577521,Gold25 crash DD126 warn-12%/exp50% crash-15%/exp50% recover-5% panic-25%/MA200/mom63->0,0.65,0.25,0.1,126,-0.12,-0.15,0.5,0.5,-0.05,-0.25,200.0,63.0,2006-12-29,2026-04-29,0.21876867901972505,0.13695407451683606,1233,21
22.064106818273928,0.17066319671045949,0.14458035216905926,0.955242389122284,1.3756615787276372,-0.19673290324921378,0.5396572339577521,Gold25 crash DD126 warn-12%/exp50% crash-18%/exp50% recover-5% panic-25%/MA200/mom63->0,0.65,0.25,0.1,126,-0.12,-0.18,0.5,0.5,-0.05,-0.25,200.0,63.0,2006-12-29,2026-04-29,0.21876867901972505,0.13695407451683606,1233,21
22.064106818273928,0.17066319671045949,0.14458035216905926,0.955242389122284,1.3756615787276372,-0.19673290324921378,0.5396572339577521,Gold25 crash DD126 warn-12%/exp50% crash-20%/exp50% recover-5% panic-25%/MA200/mom63->0,0.65,0.25,0.1,126,-0.12,-0.2,0.5,0.5,-0.05,-0.25,200.0,63.0,2006-12-29,2026-04-29,0.21876867901972505,0.13695407451683606,1233,21
21.409730669726827,0.16897264923235755,0.14280795892590673,0.9551943402070878,1.3681307832595913,-0.1930713554173521,0.5402550817058589,Gold25 crash DD126 warn-10%/exp50% crash-15%/exp25% recover-5% no panic,0.65,0.25,0.1,126,-0.1,-0.15,0.5,0.25,-0.05,,,,2006-12-29,2026-04-29,0.20118549511854952,0.15453725841801158,1590,0
21.409730669726827,0.16897264923235755,0.14280795892590673,0.9551943402070878,1.3681307832595913,-0.1930713554173521,0.5402550817058589,Gold25 crash DD126 warn-10%/exp50% crash-15%/exp25% recover-5% panic-30%/MA200/mom63->0,0.65,0.25,0.1,126,-0.1,-0.15,0.5,0.25,-0.05,-0.3,200.0,63.0,2006-12-29,2026-04-29,0.20118549511854952,0.15453725841801158,1590,0
22.369383007730846,0.17143633385761725,0.14541385089047737,0.955139948719586,1.377828644976885,-0.19582481829798182,0.5400557991231566,Gold25 crash DD126 warn-12%/exp50% crash-18%/exp25% recover-10% no panic,0.65,0.25,0.1,126,-0.12,-0.18,0.5,0.25,-0.1,,,,2006-12-29,2026-04-29,0.2276100816895796,0.1281126718469815,765,0
22.369383007730846,0.17143633385761725,0.14541385089047737,0.955139948719586,1.377828644976885,-0.19582481829798182,0.5400557991231566,Gold25 crash DD126 warn-12%/exp50% crash-18%/exp25% recover-10% panic-30%/MA200/mom63->0,0.65,0.25,0.1,126,-0.12,-0.18,0.5,0.25,-0.1,-0.3,200.0,63.0,2006-12-29,2026-04-29,0.2276100816895796,0.1281126718469815,765,0
21.83868150172462,0.17008602460142597,0.14400763270105638,0.9550405302455147,1.3749843874366452,-0.1939937868356172,0.5408529294539657,Gold25 crash DD252 warn-12%/exp50% crash-20%/exp25% recover-10% panic-30%/MA200/mom63->0,0.65,0.25,0.1,252,-0.12,-0.2,0.5,0.25,-0.1,-0.3,200.0,63.0,2006-12-29,2026-04-29,0.21264196054991033,0.14308079298665077,1282,10
21.472200380660045,0.16913604706219298,0.1430095795648861,0.955021755886956,1.3711705239437386,-0.19307135541735176,0.5422479075328817,Gold25 crash DD252 warn-12%/exp50% crash-15%/exp25% recover-8% panic-30%/MA200/mom63->0,0.65,0.25,0.1,252,-0.12,-0.15,0.5,0.25,-0.08,-0.3,200.0,63.0,2006-12-29,2026-04-29,0.199031181510261,0.1566915720263001,1531,10
21.4857174127101,0.16917134587633553,0.14305559157411069,0.954972888344097,1.3702853148551024,-0.1930713554173522,0.5430450378636907,Gold25 crash DD252 warn-10%/exp50% crash-20%/exp25% recover-8% no panic,0.65,0.25,0.1,252,-0.1,-0.2,0.5,0.25,-0.08,,,,2006-12-29,2026-04-29,0.19991532177724647,0.15580743175931464,1776,0
21.885615869486916,0.1702066385679073,0.1441746484283247,0.9548163018534519,1.3747295643457391,-0.19307135541735176,0.5398565165404544,Gold25 crash DD126 warn-12%/exp50% crash-20%/exp25% recover-5% panic-25%/MA200/mom63->0,0.65,0.25,0.1,126,-0.12,-0.2,0.5,0.25,-0.05,-0.25,200.0,63.0,2006-12-29,2026-04-29,0.21480872683801555,0.14091402669854555,1233,21
22.49249793229304,0.1717454212608558,0.1457988112134518,0.9548134768890976,1.3780133219573016,-0.20478711262511573,0.5398565165404544,Gold25 crash DD126 warn-12%/exp50% crash-15%/exp50% recover-10% panic-25%/MA200/mom63->0,0.65,0.25,0.1,126,-0.12,-0.15,0.5,0.5,-0.1,-0.25,200.0,63.0,2006-12-29,2026-04-29,0.230424387328153,0.1252983662084081,765,21
22.49249793229304,0.1717454212608558,0.1457988112134518,0.9548134768890976,1.3780133219573016,-0.20478711262511573,0.5398565165404544,Gold25 crash DD126 warn-12%/exp50% crash-18%/exp50% recover-10% panic-25%/MA200/mom63->0,0.65,0.25,0.1,126,-0.12,-0.18,0.5,0.5,-0.1,-0.25,200.0,63.0,2006-12-29,2026-04-29,0.230424387328153,0.1252983662084081,765,21
22.49249793229304,0.1717454212608558,0.1457988112134518,0.9548134768890976,1.3780133219573016,-0.20478711262511573,0.5398565165404544,Gold25 crash DD126 warn-12%/exp50% crash-20%/exp50% recover-10% panic-25%/MA200/mom63->0,0.65,0.25,0.1,126,-0.12,-0.2,0.5,0.5,-0.1,-0.25,200.0,63.0,2006-12-29,2026-04-29,0.230424387328153,0.1252983662084081,765,21
22.748554178100537,0.1723833686563323,0.14647226882615433,0.954813352402762,1.3790402157520738,-0.2046840216636977,0.5402550817058589,Gold25 crash DD126 warn-15%/exp50% crash-25%/exp25% recover-10% no panic,0.65,0.25,0.1,126,-0.15,-0.25,0.5,0.25,-0.1,,,,2006-12-29,2026-04-29,0.23656355847778443,0.11915919505877669,473,0
22.748554178100537,0.1723833686563323,0.14647226882615433,0.954813352402762,1.3790402157520738,-0.2046840216636977,0.5402550817058589,Gold25 crash DD126 warn-15%/exp50% crash-25%/exp25% recover-10% panic-30%/MA200/mom63->0,0.65,0.25,0.1,126,-0.15,-0.25,0.5,0.25,-0.1,-0.3,200.0,63.0,2006-12-29,2026-04-29,0.23656355847778443,0.11915919505877669,473,0
22.6583618128171,0.1721594088405458,0.14624573685436773,0.954758280855222,1.377702355178391,-0.20592624437817741,0.5402550817058589,Gold25 crash DD126 warn-15%/exp50% crash-25%/exp25% recover-8% no panic,0.65,0.25,0.1,126,-0.15,-0.25,0.5,0.25,-0.08,,,,2006-12-29,2026-04-29,0.234446602908946,0.1212761506276151,546,0
22.6583618128171,0.1721594088405458,0.14624573685436773,0.954758280855222,1.377702355178391,-0.20592624437817741,0.5402550817058589,Gold25 crash DD126 warn-15%/exp50% crash-25%/exp25% recover-8% panic-30%/MA200/mom63->0,0.65,0.25,0.1,126,-0.15,-0.25,0.5,0.25,-0.08,-0.3,200.0,63.0,2006-12-29,2026-04-29,0.234446602908946,0.1212761506276151,546,0
21.588212930433688,0.1694383520372169,0.14339798230689954,0.954625878163686,1.3726087905598081,-0.19307135541735143,0.5416500597847748,Gold25 crash DD252 warn-12%/exp75% crash-15%/exp25% recover-8% panic-30%/MA200/mom63->0,0.65,0.25,0.1,252,-0.12,-0.15,0.75,0.25,-0.08,-0.3,200.0,63.0,2006-12-29,2026-04-29,0.20538204821677625,0.15034070531978486,1531,10
21.679497024922018,0.16967518482212163,0.14364954238322236,0.9546183575082108,1.3733761936998574,-0.19307135541735188,0.5420486249501794,Gold25 crash DD252 warn-10%/exp75% crash-18%/exp25% recover-8% panic-30%/MA200/mom63->0,0.65,0.25,0.1,252,-0.1,-0.18,0.75,0.25,-0.08,-0.3,200.0,63.0,2006-12-29,2026-04-29,0.21074915321777246,0.14497360031878864,1776,10
21.721943684386268,0.16978500269133567,0.14376867978494368,0.9545979895338851,1.371865744843039,-0.19307135541735165,0.5418493423674771,Gold25 crash DD252 warn-12%/exp50% crash-25%/exp50% recover-8% panic-25%/MA200/mom63->0,0.65,0.25,0.1,252,-0.12,-0.25,0.5,0.5,-0.08,-0.25,200.0,63.0,2006-12-29,2026-04-29,0.20424885435345685,0.15147389918310425,1531,306
21.882550738930863,0.1701987688366764,0.1442227038348774,0.9545011035230836,1.3752479371526998,-0.19307135541735176,0.5414507772020726,Gold25 crash DD252 warn-12%/exp75% crash-18%/exp25% recover-10% no panic,0.65,0.25,0.1,252,-0.12,-0.18,0.75,0.25,-0.1,,,,2006-12-29,2026-04-29,0.2185943415022913,0.13712841203426981,1282,0
21.75825909869181,0.16987880326719917,0.14388530563951582,0.9544964137374282,1.3752921914262186,-0.193071355417352,0.5416500597847748,Gold25 crash DD252 warn-15%/exp50% crash-15%/exp25% recover-8% no panic,0.65,0.25,0.1,252,-0.15,-0.15,0.5,0.25,-0.08,,,,2006-12-29,2026-04-29,0.21185744172145846,0.14386531181510265,1021,0
21.75825909869181,0.16987880326719917,0.14388530563951582,0.9544964137374282,1.3752921914262186,-0.193071355417352,0.5416500597847748,Gold25 crash DD252 warn-15%/exp75% crash-15%/exp25% recover-8% no panic,0.65,0.25,0.1,252,-0.15,-0.15,0.75,0.25,-0.08,,,,2006-12-29,2026-04-29,0.21185744172145846,0.14386531181510265,1021,0
22.130980490896665,0.17083338769821044,0.14489724266424706,0.9544740355549189,1.37618815425714,-0.1975231367819431,0.5406536468712635,Gold25 crash DD252 warn-12%/exp75% crash-18%/exp50% recover-10% panic-25%/MA200/mom63->0,0.65,0.25,0.1,252,-0.12,-0.18,0.75,0.5,-0.1,-0.25,200.0,63.0,2006-12-29,2026-04-29,0.2232267383941024,0.13249601514245868,1282,124
21.923864679819705,0.1703047583941597,0.1443413571322424,0.9544629700189732,1.3739370051689328,-0.1930713554173521,0.541052212036668,Gold25 crash DD252 warn-10%/exp75% crash-18%/exp50% recover-8% panic-25%/MA200/mom63->0,0.65,0.25,0.1,252,-0.1,-0.18,0.75,0.5,-0.08,-0.25,200.0,63.0,2006-12-29,2026-04-29,0.21629059573620243,0.13943215780035867,1776,124
22.01542622313231,0.17053901139612204,0.14459397069517763,0.9544290875456438,1.3766727431258527,-0.19307135541735188,0.5414507772020726,Gold25 crash DD252 warn-15%/exp50% crash-25%/exp25% recover-8% panic-25%/MA200/mom63->0,0.65,0.25,0.1,252,-0.15,-0.25,0.5,0.25,-0.08,-0.25,200.0,63.0,2006-12-29,2026-04-29,0.21670153417015342,0.13902121936640768,1021,306
21.516468137647134,0.16925157429353543,0.14326293110046615,0.9542771059691002,1.3701813251278123,-0.193071355417352,0.5430450378636907,Gold25 crash DD252 warn-10%/exp50% crash-25%/exp25% recover-8% no panic,0.65,0.25,0.1,252,-0.1,-0.25,0.5,0.25,-0.08,,,,2006-12-29,2026-04-29,0.20170850767085077,0.15401424586571033,1776,0
22.03609458785161,0.1705917673145998,0.14468694458417375,0.9542216911282827,1.3764625663174146,-0.20210427562395084,0.541052212036668,Gold25 crash DD252 warn-15%/exp50% crash-20%/exp25% recover-10% no panic,0.65,0.25,0.1,252,-0.15,-0.2,0.5,0.25,-0.1,,,,2006-12-29,2026-04-29,0.22185694361426578,0.13386580992229533,917,0
22.375497693997513,0.17145172160362465,0.14560146489200565,0.9541849973456641,1.374087100694191,-0.1984727173931079,0.538860103626943,Gold25 crash DD126 warn-15%/exp50% crash-18%/exp25% recover-5% panic-25%/MA200/mom63->0,0.65,0.25,0.1,126,-0.15,-0.18,0.5,0.25,-0.05,-0.25,200.0,63.0,2006-12-29,2026-04-29,0.22595387527395897,0.12976887826260214,740,21
21.898767303721588,0.17024039355325749,0.1443273672359143,0.9541610920167494,1.3751792432457544,-0.20527283379612127,0.5406536468712635,Gold25 crash DD126 warn-10%/exp50% crash-15%/exp50% recover-8% panic-25%/MA200/mom63->0,0.65,0.25,0.1,126,-0.1,-0.15,0.5,0.5,-0.08,-0.25,200.0,63.0,2006-12-29,2026-04-29,0.21916716477385934,0.13655558876270177,1217,21
21.898767303721588,0.17024039355325749,0.1443273672359143,0.9541610920167494,1.3751792432457544,-0.20527283379612127,0.5406536468712635,Gold25 crash DD126 warn-10%/exp50% crash-18%/exp50% recover-8% panic-25%/MA200/mom63->0,0.65,0.25,0.1,126,-0.1,-0.18,0.5,0.5,-0.08,-0.25,200.0,63.0,2006-12-29,2026-04-29,0.21916716477385934,0.13655558876270177,1217,21
21.898767303721588,0.17024039355325749,0.1443273672359143,0.9541610920167494,1.3751792432457544,-0.20527283379612127,0.5406536468712635,Gold25 crash DD126 warn-10%/exp50% crash-20%/exp50% recover-8% panic-25%/MA200/mom63->0,0.65,0.25,0.1,126,-0.1,-0.2,0.5,0.5,-0.08,-0.25,200.0,63.0,2006-12-29,2026-04-29,0.21916716477385934,0.13655558876270177,1217,21
21.427310619581966,0.16901867562605988,0.1430431997507836,0.9541298942081211,1.369004810335571,-0.1930713554173522,0.5430450378636907,Gold25 crash DD252 warn-10%/exp50% crash-20%/exp25% recover-8% panic-30%/MA200/mom63->0,0.65,0.25,0.1,252,-0.1,-0.2,0.5,0.25,-0.08,-0.3,200.0,63.0,2006-12-29,2026-04-29,0.1997907949790795,0.1559319585574816,1776,10
22.588786116413825,0.17198608823932782,0.14618014915492125,0.9541089869717375,1.3774306610365026,-0.20949981151101893,0.5392586687923475,Gold25 crash DD126 warn-12%/exp75% crash-15%/exp50% recover-10% panic-25%/MA200/mom63->0,0.65,0.25,0.1,126,-0.12,-0.15,0.75,0.5,-0.1,-0.25,200.0,63.0,2006-12-29,2026-04-29,0.23406056983462842,0.12166218370193269,765,21
22.647529276049458,0.17213245566267865,0.14633585656752596,0.9541030706746103,1.3781239437710329,-0.20972668639893266,0.5402550817058589,Gold25 crash DD126 warn-15%/exp50% crash-20%/exp25% recover-10% no panic,0.65,0.25,0.1,126,-0.15,-0.2,0.5,0.25,-0.1,,,,2006-12-29,2026-04-29,0.2355922494520821,0.12013050408447902,473,0
22.647529276049458,0.17213245566267865,0.14633585656752596,0.9541030706746103,1.3781239437710329,-0.20972668639893266,0.5402550817058589,Gold25 crash DD126 warn-15%/exp50% crash-20%/exp25% recover-10% panic-30%/MA200/mom63->0,0.65,0.25,0.1,126,-0.15,-0.2,0.5,0.25,-0.1,-0.3,200.0,63.0,2006-12-29,2026-04-29,0.2355922494520821,0.12013050408447902,473,0
22.560154338663367,0.17191462231984955,0.1461205067352967,0.9540208394904724,1.3767473655574016,-0.21087951700809304,0.5402550817058589,Gold25 crash DD126 warn-15%/exp50% crash-20%/exp25% recover-8% no panic,0.65,0.25,0.1,126,-0.15,-0.2,0.5,0.25,-0.08,,,,2006-12-29,2026-04-29,0.23345038852361027,0.12227236501295081,546,0
22.560154338663367,0.17191462231984955,0.1461205067352967,0.9540208394904724,1.3767473655574016,-0.21087951700809304,0.5402550817058589,Gold25 crash DD126 warn-15%/exp50% crash-20%/exp25% recover-8% panic-30%/MA200/mom63->0,0.65,0.25,0.1,126,-0.15,-0.2,0.5,0.25,-0.08,-0.3,200.0,63.0,2006-12-29,2026-04-29,0.23345038852361027,0.12227236501295081,546,0
21.71891773043047,0.16977718040519996,0.143902962530901,0.9537952424081405,1.3730362477839932,-0.19307135541735176,0.5418493423674771,Gold25 crash DD252 warn-12%/exp75% crash-18%/exp25% recover-8% panic-25%/MA200/mom63->0,0.65,0.25,0.1,252,-0.12,-0.18,0.75,0.25,-0.08,-0.25,200.0,63.0,2006-12-29,2026-04-29,0.2123804542737597,0.1433422992628014,1531,124
21.8231131687293,0.17004596442563735,0.14421041611338156,0.9536642028787329,1.3739731720266366,-0.19307135541735176,0.5414507772020726,Gold25 crash DD252 warn-12%/exp75% crash-18%/exp25% recover-10% panic-30%/MA200/mom63->0,0.65,0.25,0.1,252,-0.12,-0.18,0.75,0.25,-0.1,-0.3,200.0,63.0,2006-12-29,2026-04-29,0.21846981470412433,0.13725293883243678,1282,10
22.228617102072874,0.17108103183261236,0.14530501625285394,0.9536589723486234,1.3754903702419161,-0.210351466030406,0.5390593862096453,Gold25 crash DD126 warn-10%/exp75% crash-15%/exp50% recover-8% panic-25%/MA200/mom63->0,0.65,0.25,0.1,126,-0.1,-0.15,0.75,0.5,-0.08,-0.25,200.0,63.0,2006-12-29,2026-04-29,0.22752291293086271,0.1281998406056984,1217,21
21.69914437681121,0.16972604063722407,0.1438729879232638,0.9536577488869287,1.3740141247238986,-0.19307135541735188,0.5416500597847748,Gold25 crash DD252 warn-15%/exp50% crash-15%/exp25% recover-8% panic-30%/MA200/mom63->0,0.65,0.25,0.1,252,-0.15,-0.15,0.5,0.25,-0.08,-0.3,200.0,63.0,2006-12-29,2026-04-29,0.2117329149232915,0.1439898386132696,1021,10
21.69914437681121,0.16972604063722407,0.1438729879232638,0.9536577488869287,1.3740141247238986,-0.19307135541735188,0.5416500597847748,Gold25 crash DD252 warn-15%/exp75% crash-15%/exp25% recover-8% panic-30%/MA200/mom63->0,0.65,0.25,0.1,252,-0.15,-0.15,0.75,0.25,-0.08,-0.3,200.0,63.0,2006-12-29,2026-04-29,0.2117329149232915,0.1439898386132696,1021,10
21.457981469316472,0.16909889356704255,0.1432505575736204,0.9534351500106081,1.3689020226852495,-0.19307135541735188,0.5430450378636907,Gold25 crash DD252 warn-10%/exp50% crash-25%/exp25% recover-8% panic-30%/MA200/mom63->0,0.65,0.25,0.1,252,-0.1,-0.25,0.5,0.25,-0.08,-0.3,200.0,63.0,2006-12-29,2026-04-29,0.2015839808726838,0.1541387726638773,1776,10
21.94885448469107,0.17036878089202045,0.14459428639745456,0.9534240370544224,1.3752313994252905,-0.19424876195127938,0.5416500597847748,Gold25 crash DD252 warn-15%/exp75% crash-18%/exp25% recover-10% no panic,0.65,0.25,0.1,252,-0.15,-0.18,0.75,0.25,-0.1,,,,2006-12-29,2026-04-29,0.22313956963538553,0.13258318390117557,917,0
22.198004078745143,0.1710034919540071,0.14526709633872564,0.9534133864159358,1.3761966982659362,-0.20158839455594346,0.5408529294539657,Gold25 crash DD252 warn-15%/exp75% crash-18%/exp50% recover-10% panic-25%/MA200/mom63->0,0.65,0.25,0.1,252,-0.15,-0.18,0.75,0.5,-0.1,-0.25,200.0,63.0,2006-12-29,2026-04-29,0.22777196652719664,0.12795078700936444,917,124
21.97625818653148,0.1704389115858671,0.14467469775485864,0.9533871827754771,1.3751905358289744,-0.20210427562395084,0.541052212036668,Gold25 crash DD252 warn-15%/exp50% crash-20%/exp25% recover-10% panic-30%/MA200/mom63->0,0.65,0.25,0.1,252,-0.15,-0.2,0.5,0.25,-0.1,-0.3,200.0,63.0,2006-12-29,2026-04-29,0.22173241681609882,0.1339903367204623,917,10
21.812011411830007,0.17001738171317737,0.14424175491631702,0.9533170578470325,1.373065793356854,-0.19956910843611142,0.5408529294539657,Gold25 crash DD252 warn-12%/exp50% crash-25%/exp25% recover-10% no panic,0.65,0.25,0.1,252,-0.12,-0.25,0.5,0.25,-0.1,,,,2006-12-29,2026-04-29,0.21452231520223153,0.14120043833432958,1282,0
21.951409807538926,0.17037532375575792,0.14462754503338685,0.9532736150132741,1.3747666967520469,-0.19307135541735188,0.5412514946193703,Gold25 crash DD252 warn-15%/exp50% crash-25%/exp50% recover-8% panic-25%/MA200/mom63->0,0.65,0.25,0.1,252,-0.15,-0.25,0.5,0.5,-0.08,-0.25,200.0,63.0,2006-12-29,2026-04-29,0.21695058776648735,0.13877216577007376,1021,306
22.47443521826739,0.17170017017085892,0.14603027643096736,0.9532655767298722,1.375163741048063,-0.2065204839121958,0.5400557991231566,Gold25 crash DD126 warn-15%/exp50% crash-18%/exp25% recover-8% no panic,0.65,0.25,0.1,126,-0.15,-0.18,0.5,0.25,-0.08,,,,2006-12-29,2026-04-29,0.2326783223749751,0.123044431161586,546,0
22.47443521826739,0.17170017017085892,0.14603027643096736,0.9532655767298722,1.375163741048063,-0.2065204839121958,0.5400557991231566,Gold25 crash DD126 warn-15%/exp50% crash-18%/exp25% recover-8% panic-30%/MA200/mom63->0,0.65,0.25,0.1,126,-0.15,-0.18,0.5,0.25,-0.08,-0.3,200.0,63.0,2006-12-29,2026-04-29,0.2326783223749751,0.123044431161586,546,0
21.502467848182054,0.16921506055296032,0.14340759464532582,0.9532403951278016,1.3687500541558455,-0.19932926147544494,0.5376644081307294,Gold25 crash DD126 warn-8%/exp75% crash-15%/exp25% recover-5% panic-25%/MA200/mom63->0,0.65,0.25,0.1,126,-0.08,-0.15,0.75,0.25,-0.05,-0.25,200.0,63.0,2006-12-29,2026-04-29,0.2069884439131301,0.148734309623431,1953,21
21.733824077076406,0.16981570470759388,0.1440568419035006,0.9531579500128144,1.3714680704306377,-0.1930713554173521,0.5396572339577521,Gold25 crash DD126 warn-12%/exp50% crash-18%/exp25% recover-5% panic-25%/MA200/mom63->0,0.65,0.25,0.1,126,-0.12,-0.18,0.5,0.25,-0.05,-0.25,200.0,63.0,2006-12-29,2026-04-29,0.21367553297469616,0.14204722056186495,1233,21
22.554850694484404,0.17190137518373128,0.1462720402369117,0.9531064596212456,1.3759674259196157,-0.20536128516675234,0.5400557991231566,Gold25 crash DD126 warn-15%/exp50% crash-18%/exp25% recover-10% no panic,0.65,0.25,0.1,126,-0.15,-0.18,0.5,0.25,-0.1,,,,2006-12-29,2026-04-29,0.2348824467025304,0.12084030683403071,473,0
22.554850694484404,0.17190137518373128,0.1462720402369117,0.9531064596212456,1.3759674259196157,-0.20536128516675234,0.5400557991231566,Gold25 crash DD126 warn-15%/exp50% crash-18%/exp25% recover-10% panic-30%/MA200/mom63->0,0.65,0.25,0.1,126,-0.15,-0.18,0.5,0.25,-0.1,-0.3,200.0,63.0,2006-12-29,2026-04-29,0.2348824467025304,0.12084030683403071,473,0
21.699742279315647,0.1697275876110167,0.14400671140817267,0.9529182195655259,1.3677158201581738,-0.19506863894545967,0.5378636907134317,Gold25 crash DD126 warn-10%/exp75% crash-15%/exp25% recover-5% no panic,0.65,0.25,0.1,126,-0.1,-0.15,0.75,0.25,-0.05,,,,2006-12-29,2026-04-29,0.2117702729627416,0.1439524805738195,1590,0
21.699742279315647,0.1697275876110167,0.14400671140817267,0.9529182195655259,1.3677158201581738,-0.19506863894545967,0.5378636907134317,Gold25 crash DD126 warn-10%/exp75% crash-15%/exp25% recover-5% panic-30%/MA200/mom63->0,0.65,0.25,0.1,126,-0.1,-0.15,0.75,0.25,-0.05,-0.3,200.0,63.0,2006-12-29,2026-04-29,0.2117702729627416,0.1439524805738195,1590,0
21.830491072320473,0.17006495235894614,0.1443763036149269,0.952844217422527,1.3744752671034057,-0.1930713554173522,0.5418493423674771,Gold25 crash DD252 warn-15%/exp75% crash-18%/exp25% recover-8% panic-25%/MA200/mom63->0,0.65,0.25,0.1,252,-0.15,-0.18,0.75,0.25,-0.08,-0.25,200.0,63.0,2006-12-29,2026-04-29,0.21873132098027495,0.13699143255628615,1021,124
22.678942702620546,0.17221058528968314,0.14665474335595535,0.9528019005221676,1.3761974064645388,-0.21421729839386805,0.5398565165404544,Gold25 crash DD126 warn-15%/exp50% crash-15%/exp50% recover-10% panic-25%/MA200/mom63->0,0.65,0.25,0.1,126,-0.15,-0.15,0.5,0.5,-0.1,-0.25,200.0,63.0,2006-12-29,2026-04-29,0.2376967523411038,0.1180260011954573,473,21
22.678942702620546,0.17221058528968314,0.14665474335595535,0.9528019005221676,1.3761974064645388,-0.21421729839386805,0.5398565165404544,Gold25 crash DD126 warn-15%/exp75% crash-15%/exp50% recover-10% panic-25%/MA200/mom63->0,0.65,0.25,0.1,126,-0.15,-0.15,0.75,0.5,-0.1,-0.25,200.0,63.0,2006-12-29,2026-04-29,0.2376967523411038,0.1180260011954573,473,21
22.678942702620546,0.17221058528968314,0.14665474335595535,0.9528019005221676,1.3761974064645388,-0.21421729839386805,0.5398565165404544,Gold25 crash DD126 warn-15%/exp50% crash-18%/exp50% recover-10% panic-25%/MA200/mom63->0,0.65,0.25,0.1,126,-0.15,-0.18,0.5,0.5,-0.1,-0.25,200.0,63.0,2006-12-29,2026-04-29,0.2376967523411038,0.1180260011954573,473,21
22.678942702620546,0.17221058528968314,0.14665474335595535,0.9528019005221676,1.3761974064645388,-0.21421729839386805,0.5398565165404544,Gold25 crash DD126 warn-15%/exp50% crash-20%/exp50% recover-10% panic-25%/MA200/mom63->0,0.65,0.25,0.1,126,-0.15,-0.2,0.5,0.5,-0.1,-0.25,200.0,63.0,2006-12-29,2026-04-29,0.2376967523411038,0.1180260011954573,473,21
21.88924469009043,0.17021595428082725,0.14458203097900243,0.9525889829156592,1.3739588443072153,-0.19424876195127938,0.5416500597847748,Gold25 crash DD252 warn-15%/exp75% crash-18%/exp25% recover-10% panic-30%/MA200/mom63->0,0.65,0.25,0.1,252,-0.15,-0.18,0.75,0.25,-0.1,-0.3,200.0,63.0,2006-12-29,2026-04-29,0.22301504283721857,0.13270771069934253,917,10
21.673616617709232,0.1696599556573477,0.14401130178880003,0.9524896086265755,1.370184936221498,-0.1955030913123581,0.5408529294539657,Gold25 crash DD252 warn-10%/exp75% crash-15%/exp50% recover-8% panic-25%/MA200/mom63->0,0.65,0.25,0.1,252,-0.1,-0.15,0.75,0.5,-0.08,-0.25,200.0,63.0,2006-12-29,2026-04-29,0.21208158995815898,0.14364116357840212,1776,124
21.75275706797624,0.16986460098764566,0.1442294682619074,0.9524801598253098,1.37179129442444,-0.19956910843611142,0.5408529294539657,Gold25 crash DD252 warn-12%/exp50% crash-25%/exp25% recover-10% panic-30%/MA200/mom63->0,0.65,0.25,0.1,252,-0.12,-0.25,0.5,0.25,-0.1,-0.3,200.0,63.0,2006-12-29,2026-04-29,0.21439778840406457,0.14132496513249654,1282,10
21.65410746594081,0.1696094036881366,0.14398746022147607,0.9523246758492543,1.3724635284492288,-0.20730720316808238,0.5408529294539657,Gold25 crash DD126 warn-10%/exp50% crash-20%/exp25% recover-8% panic-25%/MA200/mom63->0,0.65,0.25,0.1,126,-0.1,-0.2,0.5,0.25,-0.08,-0.25,200.0,63.0,2006-12-29,2026-04-29,0.2164773859334529,0.1392453676031082,1217,21
22.20134236449334,0.17101195223418042,0.14548141707904302,0.9522714015771241,1.3746223695982274,-0.2069046602763216,0.5400557991231566,Gold25 crash DD126 warn-12%/exp50% crash-20%/exp25% recover-10% panic-25%/MA200/mom63->0,0.65,0.25,0.1,126,-0.12,-0.2,0.5,0.25,-0.1,-0.25,200.0,63.0,2006-12-29,2026-04-29,0.22805837816298066,0.12766437537358044,765,21
21.35549689993768,0.16883044239355693,0.1431839577953399,0.9522057231927148,1.3678394490079584,-0.1930713554173522,0.5422479075328817,Gold25 crash DD252 warn-12%/exp50% crash-18%/exp25% recover-8% panic-25%/MA200/mom63->0,0.65,0.25,0.1,252,-0.12,-0.18,0.5,0.25,-0.08,-0.25,200.0,63.0,2006-12-29,2026-04-29,0.20182058178920104,0.15390217174736007,1531,124
22.550695041030863,0.1718909934528594,0.14645878841489188,0.9520173431237636,1.3741753489097053,-0.2154446308594149,0.5398565165404544,Gold25 crash DD126 warn-15%/exp50% crash-15%/exp50% recover-8% panic-25%/MA200/mom63->0,0.65,0.25,0.1,126,-0.15,-0.15,0.5,0.5,-0.08,-0.25,200.0,63.0,2006-12-29,2026-04-29,0.23587866108786612,0.119844092448695,546,21
22.550695041030863,0.1718909934528594,0.14645878841489188,0.9520173431237636,1.3741753489097053,-0.2154446308594149,0.5398565165404544,Gold25 crash DD126 warn-15%/exp75% crash-15%/exp50% recover-8% panic-25%/MA200/mom63->0,0.65,0.25,0.1,126,-0.15,-0.15,0.75,0.5,-0.08,-0.25,200.0,63.0,2006-12-29,2026-04-29,0.23587866108786612,0.119844092448695,546,21
22.550695041030863,0.1718909934528594,0.14645878841489188,0.9520173431237636,1.3741753489097053,-0.2154446308594149,0.5398565165404544,Gold25 crash DD126 warn-15%/exp50% crash-18%/exp50% recover-8% panic-25%/MA200/mom63->0,0.65,0.25,0.1,126,-0.15,-0.18,0.5,0.5,-0.08,-0.25,200.0,63.0,2006-12-29,2026-04-29,0.23587866108786612,0.119844092448695,546,21
22.550695041030863,0.1718909934528594,0.14645878841489188,0.9520173431237636,1.3741753489097053,-0.2154446308594149,0.5398565165404544,Gold25 crash DD126 warn-15%/exp50% crash-20%/exp50% recover-8% panic-25%/MA200/mom63->0,0.65,0.25,0.1,126,-0.15,-0.2,0.5,0.5,-0.08,-0.25,200.0,63.0,2006-12-29,2026-04-29,0.23587866108786612,0.119844092448695,546,21
21.94942744014043,0.17037024799556622,0.1449077424935655,0.9516813916193627,1.3733002105693732,-0.2076234951962057,0.541052212036668,Gold25 crash DD252 warn-15%/exp50% crash-25%/exp25% recover-10% no panic,0.65,0.25,0.1,252,-0.15,-0.25,0.5,0.25,-0.1,,,,2006-12-29,2026-04-29,0.22361277146842,0.1321099820681411,917,0
21.59557514200667,0.16945748665916116,0.1439588718412083,0.9515822281736841,1.3707933653956021,-0.1993883202954959,0.5404543642885612,Gold25 crash DD126 warn-10%/exp50% crash-25%/exp25% recover-8% panic-25%/MA200/mom63->0,0.65,0.25,0.1,126,-0.1,-0.25,0.5,0.25,-0.08,-0.25,200.0,63.0,2006-12-29,2026-04-29,0.21578003586371788,0.13994271767284322,1217,157
21.59557514200667,0.16945748665916116,0.1439588718412083,0.9515822281736841,1.3707933653956021,-0.1993883202954959,0.5404543642885612,Gold25 crash DD126 warn-10%/exp50% crash-25%/exp50% recover-8% panic-25%/MA200/mom63->0,0.65,0.25,0.1,126,-0.1,-0.25,0.5,0.5,-0.08,-0.25,200.0,63.0,2006-12-29,2026-04-29,0.21578003586371788,0.13994271767284322,1217,157
21.571684823991383,0.1693953733779736,0.14389588004802073,0.9515660803887389,1.3708810597853278,-0.2029284369204125,0.5406536468712635,Gold25 crash DD126 warn-10%/exp50% crash-18%/exp25% recover-8% panic-25%/MA200/mom63->0,0.65,0.25,0.1,126,-0.1,-0.18,0.5,0.25,-0.08,-0.25,200.0,63.0,2006-12-29,2026-04-29,0.2157053197848177,0.14001743375174341,1217,21
22.110412463291194,0.1707810926572888,0.14541721967792168,0.9512706236756093,1.3724620573762232,-0.20252367041663621,0.5398565165404544,Gold25 crash DD126 warn-12%/exp50% crash-18%/exp25% recover-10% panic-25%/MA200/mom63->0,0.65,0.25,0.1,126,-0.12,-0.18,0.5,0.25,-0.1,-0.25,200.0,63.0,2006-12-29,2026-04-29,0.22734857541342898,0.12837417812313212,765,21
21.161394624638973,0.16831878609042183,0.14281135061273714,0.9512542574047878,1.3626955793316609,-0.19568224637325426,0.5400557991231566,Gold25 crash DD126 warn-10%/exp50% crash-15%/exp25% recover-5% panic-25%/MA200/mom63->0,0.65,0.25,0.1,126,-0.1,-0.15,0.5,0.25,-0.05,-0.25,200.0,63.0,2006-12-29,2026-04-29,0.20092398884239887,0.1547987646941622,1590,21
21.239889492760682,0.1685262102965488,0.14307529629260857,0.950999147117052,1.366167236540682,-0.19307135541735176,0.5416500597847748,Gold25 crash DD252 warn-10%/exp75% crash-15%/exp25% recover-8% no panic,0.65,0.25,0.1,252,-0.1,-0.15,0.75,0.25,-0.08,,,,2006-12-29,2026-04-29,0.20245566845985255,0.15326708507670855,1776,0
21.581262321946976,0.16942028174804924,0.14404632503754272,0.9508671189649025,1.3707118935239184,-0.19307135541735188,0.5416500597847748,Gold25 crash DD252 warn-15%/exp50% crash-18%/exp25% recover-8% panic-25%/MA200/mom63->0,0.65,0.25,0.1,252,-0.15,-0.18,0.5,0.25,-0.08,-0.25,200.0,63.0,2006-12-29,2026-04-29,0.21452231520223153,0.14120043833432958,1021,124
21.88981615728446,0.17021742119279915,0.1448955137556012,0.9508478214942361,1.3720297360109048,-0.2076234951962057,0.541052212036668,Gold25 crash DD252 warn-15%/exp50% crash-25%/exp25% recover-10% panic-30%/MA200/mom63->0,0.65,0.25,0.1,252,-0.15,-0.25,0.5,0.25,-0.1,-0.3,200.0,63.0,2006-12-29,2026-04-29,0.22348824467025305,0.13223450886630805,917,10
21.436369134737305,0.16904237851721038,0.1436503040102242,0.9508429474083343,1.3683241825973935,-0.1930713554173521,0.541052212036668,Gold25 crash DD252 warn-12%/exp50% crash-18%/exp25% recover-10% no panic,0.65,0.25,0.1,252,-0.12,-0.18,0.5,0.25,-0.1,,,,2006-12-29,2026-04-29,0.21035066746363817,0.14537208607292293,1282,0
22.106801670143113,0.1707719075087426,0.1454859747907804,0.9508359282784464,1.37247022709244,-0.19889900262884996,0.5396572339577521,Gold25 crash DD126 warn-12%/exp50% crash-25%/exp25% recover-10% panic-25%/MA200/mom63->0,0.65,0.25,0.1,126,-0.12,-0.25,0.5,0.25,-0.1,-0.25,200.0,63.0,2006-12-29,2026-04-29,0.22763498704921298,0.1280877664873481,765,133
22.106801670143113,0.1707719075087426,0.1454859747907804,0.9508359282784464,1.37247022709244,-0.19889900262884996,0.5396572339577521,Gold25 crash DD126 warn-12%/exp50% crash-25%/exp50% recover-10% panic-25%/MA200/mom63->0,0.65,0.25,0.1,126,-0.12,-0.25,0.5,0.5,-0.1,-0.25,200.0,63.0,2006-12-29,2026-04-29,0.22763498704921298,0.1280877664873481,765,133
21.679954811996183,0.1696763702484414,0.14432753692966627,0.950815120686982,1.3692515317749403,-0.1991616380323742,0.5402550817058589,Gold25 crash DD252 warn-12%/exp50% crash-15%/exp50% recover-10% panic-25%/MA200/mom63->0,0.65,0.25,0.1,252,-0.12,-0.15,0.5,0.5,-0.1,-0.25,200.0,63.0,2006-12-29,2026-04-29,0.21498306435544928,0.14073968918111182,1282,124
21.679954811996183,0.1696763702484414,0.14432753692966627,0.950815120686982,1.3692515317749403,-0.1991616380323742,0.5402550817058589,Gold25 crash DD252 warn-12%/exp50% crash-18%/exp50% recover-10% panic-25%/MA200/mom63->0,0.65,0.25,0.1,252,-0.12,-0.18,0.5,0.5,-0.1,-0.25,200.0,63.0,2006-12-29,2026-04-29,0.21498306435544928,0.14073968918111182,1282,124
21.679954811996183,0.1696763702484414,0.14432753692966627,0.950815120686982,1.3692515317749403,-0.1991616380323742,0.5402550817058589,Gold25 crash DD252 warn-12%/exp50% crash-20%/exp50% recover-10% panic-25%/MA200/mom63->0,0.65,0.25,0.1,252,-0.12,-0.2,0.5,0.5,-0.1,-0.25,200.0,63.0,2006-12-29,2026-04-29,0.21498306435544928,0.14073968918111182,1282,124
21.67057699189196,0.16965208211907257,0.1443926402441852,0.9503084961902499,1.368447017768296,-0.20769882467469314,0.5406536468712635,Gold25 crash DD126 warn-12%/exp50% crash-15%/exp25% recover-8% no panic,0.65,0.25,0.1,126,-0.12,-0.15,0.5,0.25,-0.08,,,,2006-12-29,2026-04-29,0.21919207013349273,0.13653068340306837,964,0
21.67057699189196,0.16965208211907257,0.1443926402441852,0.9503084961902499,1.368447017768296,-0.20769882467469314,0.5406536468712635,Gold25 crash DD126 warn-12%/exp50% crash-15%/exp25% recover-8% panic-30%/MA200/mom63->0,0.65,0.25,0.1,126,-0.12,-0.15,0.5,0.25,-0.08,-0.3,200.0,63.0,2006-12-29,2026-04-29,0.21919207013349273,0.13653068340306837,964,0
22.108322387886133,0.17077577608214378,0.1455909542722308,0.9502761447646801,1.3682662533776373,-0.20008830317989457,0.538860103626943,Gold25 crash DD126 warn-15%/exp50% crash-25%/exp25% recover-5% panic-25%/MA200/mom63->0,0.65,0.25,0.1,126,-0.15,-0.25,0.5,0.25,-0.05,-0.25,200.0,63.0,2006-12-29,2026-04-29,0.22564255827854154,0.13008019525801956,740,238
22.108322387886133,0.17077577608214378,0.1455909542722308,0.9502761447646801,1.3682662533776373,-0.20008830317989457,0.538860103626943,Gold25 crash DD126 warn-15%/exp50% crash-25%/exp50% recover-5% panic-25%/MA200/mom63->0,0.65,0.25,0.1,126,-0.15,-0.25,0.5,0.5,-0.05,-0.25,200.0,63.0,2006-12-29,2026-04-29,0.22564255827854154,0.13008019525801956,740,238
22.38547642128466,0.17147682508763684,0.1463392151879698,0.950258214080197,1.3727876308064877,-0.2163097346968521,0.5400557991231566,Gold25 crash DD126 warn-15%/exp50% crash-20%/exp25% recover-10% panic-25%/MA200/mom63->0,0.65,0.25,0.1,126,-0.15,-0.2,0.5,0.25,-0.1,-0.25,200.0,63.0,2006-12-29,2026-04-29,0.23533074317593147,0.12039201036062964,473,21
21.75065378639824,0.16985917096802128,0.14462257446971666,0.9502509774613583,1.369496899847125,-0.20318354219420642,0.5402550817058589,Gold25 crash DD252 warn-12%/exp75% crash-15%/exp50% recover-10% panic-25%/MA200/mom63->0,0.65,0.25,0.1,252,-0.12,-0.15,0.75,0.5,-0.1,-0.25,200.0,63.0,2006-12-29,2026-04-29,0.21952829248854352,0.13619446104801758,1282,124
22.29906973946145,0.1712591135895689,0.14612386700134156,0.9501703077338338,1.3714072812742557,-0.21745296212259668,0.5400557991231566,Gold25 crash DD126 warn-15%/exp50% crash-20%/exp25% recover-8% panic-25%/MA200/mom63->0,0.65,0.25,0.1,126,-0.15,-0.2,0.5,0.25,-0.08,-0.25,200.0,63.0,2006-12-29,2026-04-29,0.23318888224745965,0.12253387128910145,546,21
21.182121239208616,0.1683736242879974,0.14306290415691889,0.9501559269676044,1.364884887506596,-0.19307135541735188,0.5416500597847748,Gold25 crash DD252 warn-10%/exp75% crash-15%/exp25% recover-8% panic-30%/MA200/mom63->0,0.65,0.25,0.1,252,-0.1,-0.15,0.75,0.25,-0.08,-0.3,200.0,63.0,2006-12-29,2026-04-29,0.2023311416616856,0.15339161187487552,1776,10
21.378090524072846,0.16888972510747569,0.1436379634008021,0.9500027485528018,1.3670451263286791,-0.193071355417352,0.541052212036668,Gold25 crash DD252 warn-12%/exp50% crash-18%/exp25% recover-10% panic-30%/MA200/mom63->0,0.65,0.25,0.1,252,-0.12,-0.18,0.5,0.25,-0.1,-0.3,200.0,63.0,2006-12-29,2026-04-29,0.2102261406654712,0.1454966128710899,1282,10
21.467070590880244,0.16912264568442037,0.1439273723861339,0.949765398888016,1.366934227931187,-0.1998496154539181,0.5406536468712635,Gold25 crash DD252 warn-12%/exp50% crash-20%/exp25% recover-10% panic-25%/MA200/mom63->0,0.65,0.25,0.1,252,-0.12,-0.2,0.5,0.25,-0.1,-0.25,200.0,63.0,2006-12-29,2026-04-29,0.21122235505080694,0.14450039848575416,1282,124
21.10655252784915,0.16817345029992925,0.14292873662037503,0.9497136499306652,1.3630920516004612,-0.19307135541735176,0.5420486249501794,Gold25 crash DD252 warn-12%/exp50% crash-15%/exp25% recover-8% panic-25%/MA200/mom63->0,0.65,0.25,0.1,252,-0.12,-0.15,0.5,0.25,-0.08,-0.25,200.0,63.0,2006-12-29,2026-04-29,0.1976115760111576,0.1581111775254035,1531,124
22.23887100069382,0.17110698228476195,0.1460957029436249,0.9494355380164665,1.3697536480471575,-0.20963543386952388,0.5396572339577521,Gold25 crash DD126 warn-15%/exp50% crash-25%/exp25% recover-8% panic-25%/MA200/mom63->0,0.65,0.25,0.1,126,-0.15,-0.25,0.5,0.25,-0.08,-0.25,200.0,63.0,2006-12-29,2026-04-29,0.23249153217772464,0.12323122135883646,546,157
22.23887100069382,0.17110698228476195,0.1460957029436249,0.9494355380164665,1.3697536480471575,-0.20963543386952388,0.5396572339577521,Gold25 crash DD126 warn-15%/exp50% crash-25%/exp50% recover-8% panic-25%/MA200/mom63->0,0.65,0.25,0.1,126,-0.15,-0.25,0.5,0.5,-0.08,-0.25,200.0,63.0,2006-12-29,2026-04-29,0.23249153217772464,0.12323122135883646,546,157
22.214300525499812,0.17104478139407497,0.1460336357879291,0.9494126891209758,1.3698216360283062,-0.2131302401672993,0.5398565165404544,Gold25 crash DD126 warn-15%/exp50% crash-18%/exp25% recover-8% panic-25%/MA200/mom63->0,0.65,0.25,0.1,126,-0.15,-0.18,0.5,0.25,-0.08,-0.25,200.0,63.0,2006-12-29,2026-04-29,0.23241681609882447,0.12330593743773663,546,21
21.979951306288488,0.1704483568266988,0.1453999626440438,0.9494079741720375,1.3652350247846372,-0.20118673488870076,0.5390593862096453,Gold25 crash DD126 warn-15%/exp50% crash-15%/exp25% recover-5% no panic,0.65,0.25,0.1,126,-0.15,-0.15,0.5,0.25,-0.05,,,,2006-12-29,2026-04-29,0.22235505080693366,0.13336770272962745,740,0
21.979951306288488,0.1704483568266988,0.1453999626440438,0.9494079741720375,1.3652350247846372,-0.20118673488870076,0.5390593862096453,Gold25 crash DD126 warn-15%/exp50% crash-15%/exp25% recover-5% panic-30%/MA200/mom63->0,0.65,0.25,0.1,126,-0.15,-0.15,0.5,0.25,-0.05,-0.3,200.0,63.0,2006-12-29,2026-04-29,0.22235505080693366,0.13336770272962745,740,0
21.979951306288488,0.1704483568266988,0.1453999626440438,0.9494079741720375,1.3652350247846372,-0.20118673488870076,0.5390593862096453,Gold25 crash DD126 warn-15%/exp75% crash-15%/exp25% recover-5% no panic,0.65,0.25,0.1,126,-0.15,-0.15,0.75,0.25,-0.05,,,,2006-12-29,2026-04-29,0.22235505080693366,0.13336770272962745,740,0
21.979951306288488,0.1704483568266988,0.1453999626440438,0.9494079741720375,1.3652350247846372,-0.20118673488870076,0.5390593862096453,Gold25 crash DD126 warn-15%/exp75% crash-15%/exp25% recover-5% panic-30%/MA200/mom63->0,0.65,0.25,0.1,126,-0.15,-0.15,0.75,0.25,-0.05,-0.3,200.0,63.0,2006-12-29,2026-04-29,0.22235505080693366,0.13336770272962745,740,0
21.31047622368691,0.1687121441660422,0.14356907258050694,0.9493312181232699,1.3653113080727872,-0.19307135541735176,0.5418493423674771,Gold25 crash DD252 warn-10%/exp75% crash-18%/exp25% recover-8% panic-25%/MA200/mom63->0,0.65,0.25,0.1,252,-0.1,-0.18,0.75,0.25,-0.08,-0.25,200.0,63.0,2006-12-29,2026-04-29,0.20932954771866905,0.14639320581789206,1776,124
21.22067742358786,0.16847550637510045,0.1433173657253043,0.9493304349342004,1.3645385576079025,-0.19307135541735165,0.5414507772020726,Gold25 crash DD252 warn-12%/exp75% crash-15%/exp25% recover-8% panic-25%/MA200/mom63->0,0.65,0.25,0.1,252,-0.12,-0.15,0.75,0.25,-0.08,-0.25,200.0,63.0,2006-12-29,2026-04-29,0.20396244271767283,0.15176031081888827,1531,124
21.66643184812004,0.16964134334312786,0.14456612793867954,0.949274780314101,1.3647452406128444,-0.19655115383242383,0.5390593862096453,Gold25 crash DD126 warn-12%/exp75% crash-15%/exp25% recover-5% no panic,0.65,0.25,0.1,126,-0.12,-0.15,0.75,0.25,-0.05,,,,2006-12-29,2026-04-29,0.21621587965730224,0.13950687387925886,1233,0
21.66643184812004,0.16964134334312786,0.14456612793867954,0.949274780314101,1.3647452406128444,-0.19655115383242383,0.5390593862096453,Gold25 crash DD126 warn-12%/exp75% crash-15%/exp25% recover-5% panic-30%/MA200/mom63->0,0.65,0.25,0.1,126,-0.12,-0.15,0.75,0.25,-0.05,-0.3,200.0,63.0,2006-12-29,2026-04-29,0.21621587965730224,0.13950687387925886,1233,0
22.293824868234584,0.17124587386321743,0.14627539718608476,0.9492599593401096,1.370631021017831,-0.21198069765242378,0.5398565165404544,Gold25 crash DD126 warn-15%/exp50% crash-18%/exp25% recover-10% panic-25%/MA200/mom63->0,0.65,0.25,0.1,126,-0.15,-0.18,0.5,0.25,-0.1,-0.25,200.0,63.0,2006-12-29,2026-04-29,0.23462094042637976,0.12110181311018134,473,21
21.47398291833915,0.1691407031928307,0.14404619270300942,0.9492080206721613,1.3655865231099722,-0.19307135541735165,0.5396572339577521,Gold25 crash DD126 warn-12%/exp50% crash-25%/exp25% recover-5% panic-25%/MA200/mom63->0,0.65,0.25,0.1,126,-0.12,-0.25,0.5,0.25,-0.05,-0.25,200.0,63.0,2006-12-29,2026-04-29,0.21336421597927874,0.14235853755728237,1233,238
21.47398291833915,0.1691407031928307,0.14404619270300942,0.9492080206721613,1.3655865231099722,-0.19307135541735165,0.5396572339577521,Gold25 crash DD126 warn-12%/exp50% crash-25%/exp50% recover-5% panic-25%/MA200/mom63->0,0.65,0.25,0.1,126,-0.12,-0.25,0.5,0.5,-0.05,-0.25,200.0,63.0,2006-12-29,2026-04-29,0.21336421597927874,0.14235853755728237,1233,238
21.816575351775185,0.17002913368496753,0.14499313353208446,0.9491944736194142,1.3694983903788227,-0.20722012498932452,0.5404543642885612,Gold25 crash DD252 warn-15%/exp50% crash-15%/exp50% recover-10% panic-25%/MA200/mom63->0,0.65,0.25,0.1,252,-0.15,-0.15,0.5,0.5,-0.1,-0.25,200.0,63.0,2006-12-29,2026-04-29,0.22407352062163777,0.13164923291492334,917,124
21.816575351775185,0.17002913368496753,0.14499313353208446,0.9491944736194142,1.3694983903788227,-0.20722012498932452,0.5404543642885612,Gold25 crash DD252 warn-15%/exp75% crash-15%/exp50% recover-10% panic-25%/MA200/mom63->0,0.65,0.25,0.1,252,-0.15,-0.15,0.75,0.5,-0.1,-0.25,200.0,63.0,2006-12-29,2026-04-29,0.22407352062163777,0.13164923291492334,917,124
21.816575351775185,0.17002913368496753,0.14499313353208446,0.9491944736194142,1.3694983903788227,-0.20722012498932452,0.5404543642885612,Gold25 crash DD252 warn-15%/exp50% crash-18%/exp50% recover-10% panic-25%/MA200/mom63->0,0.65,0.25,0.1,252,-0.15,-0.18,0.5,0.5,-0.1,-0.25,200.0,63.0,2006-12-29,2026-04-29,0.22407352062163777,0.13164923291492334,917,124
21.816575351775185,0.17002913368496753,0.14499313353208446,0.9491944736194142,1.3694983903788227,-0.20722012498932452,0.5404543642885612,Gold25 crash DD252 warn-15%/exp50% crash-20%/exp50% recover-10% panic-25%/MA200/mom63->0,0.65,0.25,0.1,252,-0.15,-0.2,0.5,0.5,-0.1,-0.25,200.0,63.0,2006-12-29,2026-04-29,0.22407352062163777,0.13164923291492334,917,124
21.57152235207288,0.169394950747769,0.14431903103272756,0.9491939773854253,1.3685265220601306,-0.19993226371667505,0.5412514946193703,Gold25 crash DD252 warn-15%/exp50% crash-18%/exp25% recover-10% no panic,0.65,0.25,0.1,252,-0.15,-0.18,0.5,0.25,-0.1,,,,2006-12-29,2026-04-29,0.21944112372982666,0.13628162980673444,917,0
20.969282115725232,0.16780816637642793,0.14265868974088466,0.9490496054986433,1.3612943228075565,-0.19307135541735176,0.543244320446393,Gold25 crash DD252 warn-10%/exp50% crash-18%/exp25% recover-8% no panic,0.65,0.25,0.1,252,-0.1,-0.18,0.5,0.25,-0.08,,,,2006-12-29,2026-04-29,0.1972629009762901,0.158459852560271,1776,0
21.448192436738573,0.16907330219540206,0.1440100874611254,0.9490110909834408,1.362316796273845,-0.20177379010662755,0.5376644081307294,Gold25 crash DD126 warn-10%/exp75% crash-15%/exp25% recover-5% panic-25%/MA200/mom63->0,0.65,0.25,0.1,126,-0.1,-0.15,0.75,0.25,-0.05,-0.25,200.0,63.0,2006-12-29,2026-04-29,0.21150876668659097,0.14421398684997014,1590,21
22.2901854185553,0.17123668506831535,0.14634374908054576,0.9488313719801829,1.3706467179181487,-0.20839901368838065,0.5396572339577521,Gold25 crash DD126 warn-15%/exp50% crash-25%/exp25% recover-10% panic-25%/MA200/mom63->0,0.65,0.25,0.1,126,-0.15,-0.25,0.5,0.25,-0.1,-0.25,200.0,63.0,2006-12-29,2026-04-29,0.2349073520621638,0.12081540147439733,473,133
22.2901854185553,0.17123668506831535,0.14634374908054576,0.9488313719801829,1.3706467179181487,-0.20839901368838065,0.5396572339577521,Gold25 crash DD126 warn-15%/exp50% crash-25%/exp50% recover-10% panic-25%/MA200/mom63->0,0.65,0.25,0.1,126,-0.15,-0.25,0.5,0.5,-0.1,-0.25,200.0,63.0,2006-12-29,2026-04-29,0.2349073520621638,0.12081540147439733,473,133
21.062393173427964,0.1680561755004235,0.14296237360293262,0.9488224207381685,1.360930849005225,-0.19307135541735176,0.5428457552809884,Gold25 crash DD252 warn-10%/exp50% crash-20%/exp25% recover-8% panic-25%/MA200/mom63->0,0.65,0.25,0.1,252,-0.1,-0.2,0.5,0.25,-0.08,-0.25,200.0,63.0,2006-12-29,2026-04-29,0.1983711894799761,0.157351564056585,1776,124
21.451755572087983,0.16908261849178685,0.14413026860958286,0.9483949846152753,1.3659244984379377,-0.19602991585041574,0.5412514946193703,Gold25 crash DD252 warn-12%/exp75% crash-18%/exp25% recover-10% panic-25%/MA200/mom63->0,0.65,0.25,0.1,252,-0.12,-0.18,0.75,0.25,-0.1,-0.25,200.0,63.0,2006-12-29,2026-04-29,0.2170502092050209,0.1386725443315402,1282,124
21.329803891169796,0.16876295810950448,0.14379264489847204,0.9483774516827703,1.3659499270718183,-0.193071355417352,0.5414507772020726,Gold25 crash DD252 warn-15%/exp50% crash-15%/exp25% recover-8% panic-25%/MA200/mom63->0,0.65,0.25,0.1,252,-0.15,-0.15,0.5,0.25,-0.08,-0.25,200.0,63.0,2006-12-29,2026-04-29,0.21031330942418808,0.14540944411237303,1021,124
21.329803891169796,0.16876295810950448,0.14379264489847204,0.9483774516827703,1.3659499270718183,-0.193071355417352,0.5414507772020726,Gold25 crash DD252 warn-15%/exp75% crash-15%/exp25% recover-8% panic-25%/MA200/mom63->0,0.65,0.25,0.1,252,-0.15,-0.15,0.75,0.25,-0.08,-0.25,200.0,63.0,2006-12-29,2026-04-29,0.21031330942418808,0.14540944411237303,1021,124
21.512892680072095,0.169242251299196,0.14430674905932203,0.9483571457091797,1.3672515562673144,-0.19993226371667505,0.5412514946193703,Gold25 crash DD252 warn-15%/exp50% crash-18%/exp25% recover-10% panic-30%/MA200/mom63->0,0.65,0.25,0.1,252,-0.15,-0.18,0.5,0.25,-0.1,-0.3,200.0,63.0,2006-12-29,2026-04-29,0.2193165969316597,0.1364061566049014,917,10
21.34913571192522,0.16881374120201165,0.14385313636593883,0.9483427205514199,1.3625536362228847,-0.19307135541735188,0.5398565165404544,Gold25 crash DD126 warn-12%/exp50% crash-15%/exp25% recover-5% no panic,0.65,0.25,0.1,126,-0.12,-0.15,0.5,0.25,-0.05,,,,2006-12-29,2026-04-29,0.21007670850767085,0.14564604502889025,1233,0
21.34913571192522,0.16881374120201165,0.14385313636593883,0.9483427205514199,1.3625536362228847,-0.19307135541735188,0.5398565165404544,Gold25 crash DD126 warn-12%/exp50% crash-15%/exp25% recover-5% panic-30%/MA200/mom63->0,0.65,0.25,0.1,126,-0.12,-0.15,0.5,0.25,-0.05,-0.3,200.0,63.0,2006-12-29,2026-04-29,0.21007670850767085,0.14564604502889025,1233,0
20.912216766545605,0.16765567412996263,0.14264625892927962,0.9482040104024161,1.3600103549293225,-0.1930713554173521,0.543244320446393,Gold25 crash DD252 warn-10%/exp50% crash-18%/exp25% recover-8% panic-30%/MA200/mom63->0,0.65,0.25,0.1,252,-0.1,-0.18,0.5,0.25,-0.08,-0.3,200.0,63.0,2006-12-29,2026-04-29,0.19713837417812313,0.15858437935843797,1776,10
21.602408749038936,0.16947524212280474,0.14459481683587136,0.9481329819589357,1.3671563813703589,-0.2079011795943031,0.5408529294539657,Gold25 crash DD252 warn-15%/exp50% crash-20%/exp25% recover-10% panic-25%/MA200/mom63->0,0.65,0.25,0.1,252,-0.15,-0.2,0.5,0.25,-0.1,-0.25,200.0,63.0,2006-12-29,2026-04-29,0.22031281131699543,0.13540994221956568,917,124
21.148317109466007,0.16828416070744256,0.1433429489749077,0.9480462483562017,1.3605571725840817,-0.1960637717155247,0.5422479075328817,Gold25 crash DD252 warn-10%/exp50% crash-15%/exp50% recover-8% panic-25%/MA200/mom63->0,0.65,0.25,0.1,252,-0.1,-0.15,0.5,0.5,-0.08,-0.25,200.0,63.0,2006-12-29,2026-04-29,0.2026798166965531,0.153042936840008,1776,124
21.148317109466007,0.16828416070744256,0.1433429489749077,0.9480462483562017,1.3605571725840817,-0.1960637717155247,0.5422479075328817,Gold25 crash DD252 warn-10%/exp50% crash-18%/exp50% recover-8% panic-25%/MA200/mom63->0,0.65,0.25,0.1,252,-0.1,-0.18,0.5,0.5,-0.08,-0.25,200.0,63.0,2006-12-29,2026-04-29,0.2026798166965531,0.153042936840008,1776,124
21.148317109466007,0.16828416070744256,0.1433429489749077,0.9480462483562017,1.3605571725840817,-0.1960637717155247,0.5422479075328817,Gold25 crash DD252 warn-10%/exp50% crash-20%/exp50% recover-8% panic-25%/MA200/mom63->0,0.65,0.25,0.1,252,-0.1,-0.2,0.5,0.5,-0.08,-0.25,200.0,63.0,2006-12-29,2026-04-29,0.2026798166965531,0.153042936840008,1776,124
21.83090744588192,0.1700660237732663,0.14532771633988248,0.947560914841895,1.3659157225323153,-0.2176213627126875,0.5412514946193703,Gold25 crash DD252 warn-12%/exp75% crash-25%/exp25% recover-10% panic-25%/MA200/mom63->0,0.65,0.25,0.1,252,-0.12,-0.25,0.75,0.25,-0.1,-0.25,200.0,63.0,2006-12-29,2026-04-29,0.22363767682805338,0.1320850767085077,1282,265
21.516811059577016,0.1692524683874872,0.14450209415663004,0.9473313379167366,1.3659181967569969,-0.20010273811415913,0.5414507772020726,Gold25 crash DD252 warn-15%/exp75% crash-18%/exp25% recover-10% panic-25%/MA200/mom63->0,0.65,0.25,0.1,252,-0.15,-0.18,0.75,0.25,-0.1,-0.25,200.0,63.0,2006-12-29,2026-04-29,0.22159543733811515,0.13412731619844595,917,124
21.712427163300188,0.1697603985323508,0.14505529080820145,0.9472655555659951,1.3644343862041548,-0.2115320068800245,0.5398565165404544,Gold25 crash DD126 warn-12%/exp75% crash-15%/exp25% recover-8% no panic,0.65,0.25,0.1,126,-0.12,-0.15,0.75,0.25,-0.08,,,,2006-12-29,2026-04-29,0.2243972902968719,0.13132546323968922,964,0
21.712427163300188,0.1697603985323508,0.14505529080820145,0.9472655555659951,1.3644343862041548,-0.2115320068800245,0.5398565165404544,Gold25 crash DD126 warn-12%/exp75% crash-15%/exp25% recover-8% panic-30%/MA200/mom63->0,0.65,0.25,0.1,126,-0.12,-0.15,0.75,0.25,-0.08,-0.3,200.0,63.0,2006-12-29,2026-04-29,0.2243972902968719,0.13132546323968922,964,0
21.753742053151054,0.169867143749459,0.1452433828375031,0.9468546848236408,1.364609368260383,-0.2040817806477525,0.5396572339577521,Gold25 crash DD126 warn-12%/exp50% crash-15%/exp25% recover-10% no panic,0.65,0.25,0.1,126,-0.12,-0.15,0.5,0.25,-0.1,,,,2006-12-29,2026-04-29,0.2250572823271568,0.1306654712094043,765,0
21.753742053151054,0.169867143749459,0.1452433828375031,0.9468546848236408,1.364609368260383,-0.2040817806477525,0.5396572339577521,Gold25 crash DD126 warn-12%/exp50% crash-15%/exp25% recover-10% panic-30%/MA200/mom63->0,0.65,0.25,0.1,126,-0.12,-0.15,0.5,0.25,-0.1,-0.3,200.0,63.0,2006-12-29,2026-04-29,0.2250572823271568,0.1306654712094043,765,0
20.724638520192045,0.167151748897592,0.14240251128657483,0.946549046469354,1.3565404543942639,-0.193071355417352,0.5430450378636907,Gold25 crash DD252 warn-10%/exp50% crash-15%/exp25% recover-8% no panic,0.65,0.25,0.1,252,-0.1,-0.15,0.5,0.25,-0.08,,,,2006-12-29,2026-04-29,0.19305389519824667,0.16266885833831443,1776,0
21.89706155169079,0.1702360165427741,0.14569648046906297,0.9465280266998304,1.365965925551064,-0.22158480512857204,0.5414507772020726,Gold25 crash DD252 warn-15%/exp75% crash-25%/exp25% recover-10% panic-25%/MA200/mom63->0,0.65,0.25,0.1,252,-0.15,-0.25,0.75,0.25,-0.1,-0.25,200.0,63.0,2006-12-29,2026-04-29,0.22818290496114763,0.12753984857541345,917,265
20.970125786749442,0.16781041804362307,0.1431185658114245,0.9464715063201374,1.3578913154832368,-0.193071355417352,0.5428457552809884,Gold25 crash DD252 warn-10%/exp50% crash-25%/exp25% recover-8% panic-25%/MA200/mom63->0,0.65,0.25,0.1,252,-0.1,-0.25,0.5,0.25,-0.08,-0.25,200.0,63.0,2006-12-29,2026-04-29,0.1978979876469416,0.15782476588961947,1776,306
21.76740426131069,0.1699024022752751,0.14536112010537078,0.9464139717446384,1.3640305870706768,-0.2176213627126875,0.541052212036668,Gold25 crash DD252 warn-12%/exp75% crash-25%/exp50% recover-10% panic-25%/MA200/mom63->0,0.65,0.25,0.1,252,-0.12,-0.25,0.75,0.5,-0.1,-0.25,200.0,63.0,2006-12-29,2026-04-29,0.22388673042438734,0.13183602311217377,1282,265
21.41935034785052,0.168997838937345,0.1443960071345335,0.9464119313050605,1.363047769547922,-0.21429876524449165,0.5404543642885612,Gold25 crash DD126 warn-12%/exp50% crash-15%/exp25% recover-8% panic-25%/MA200/mom63->0,0.65,0.25,0.1,126,-0.12,-0.15,0.5,0.25,-0.08,-0.25,200.0,63.0,2006-12-29,2026-04-29,0.2189305638573421,0.136792189679219,964,21
21.847002314812595,0.17010742494500808,0.14562618723456547,0.9461588211600541,1.3640371327281022,-0.20879865956805221,0.5390593862096453,Gold25 crash DD126 warn-12%/exp75% crash-15%/exp25% recover-10% no panic,0.65,0.25,0.1,126,-0.12,-0.15,0.75,0.25,-0.1,,,,2006-12-29,2026-04-29,0.2286934648336322,0.1270292887029289,765,0
21.847002314812595,0.17010742494500808,0.14562618723456547,0.9461588211600541,1.3640371327281022,-0.20879865956805221,0.5390593862096453,Gold25 crash DD126 warn-12%/exp75% crash-15%/exp25% recover-10% panic-30%/MA200/mom63->0,0.65,0.25,0.1,126,-0.12,-0.15,0.75,0.25,-0.1,-0.3,200.0,63.0,2006-12-29,2026-04-29,0.2286934648336322,0.1270292887029289,765,0
21.062641763020853,0.16805683630809232,0.14344929750920765,0.9460901351487989,1.3605644553273455,-0.1975174788503724,0.5404543642885612,Gold25 crash DD252 warn-12%/exp50% crash-15%/exp25% recover-10% no panic,0.65,0.25,0.1,252,-0.12,-0.15,0.5,0.25,-0.1,,,,2006-12-29,2026-04-29,0.2066522215580793,0.1490705319784818,1282,0
20.66820863429822,0.16699934236603986,0.14239005589900014,0.9457018749593588,1.355254817362865,-0.1930713554173521,0.5430450378636907,Gold25 crash DD252 warn-10%/exp50% crash-15%/exp25% recover-8% panic-30%/MA200/mom63->0,0.65,0.25,0.1,252,-0.1,-0.15,0.5,0.25,-0.08,-0.3,200.0,63.0,2006-12-29,2026-04-29,0.1929293684000797,0.1627933851364814,1776,10
21.116370491049352,0.16819949380752663,0.14370034226841225,0.9455402681720911,1.3602051586764774,-0.20520761926984765,0.5408529294539657,Gold25 crash DD126 warn-10%/exp50% crash-15%/exp25% recover-8% no panic,0.65,0.25,0.1,126,-0.1,-0.15,0.5,0.25,-0.08,,,,2006-12-29,2026-04-29,0.21289101414624428,0.14283173939031682,1217,0
21.116370491049352,0.16819949380752663,0.14370034226841225,0.9455402681720911,1.3602051586764774,-0.20520761926984765,0.5408529294539657,Gold25 crash DD126 warn-10%/exp50% crash-15%/exp25% recover-8% panic-30%/MA200/mom63->0,0.65,0.25,0.1,126,-0.1,-0.15,0.5,0.25,-0.08,-0.3,200.0,63.0,2006-12-29,2026-04-29,0.21289101414624428,0.14283173939031682,1217,0
21.725296294685588,0.16979366824987796,0.14540331882583413,0.945538494322771,1.3598830767241303,-0.20784092175638602,0.538860103626943,Gold25 crash DD126 warn-15%/exp50% crash-15%/exp25% recover-5% panic-25%/MA200/mom63->0,0.65,0.25,0.1,126,-0.15,-0.15,0.5,0.25,-0.05,-0.25,200.0,63.0,2006-12-29,2026-04-29,0.22209354453078303,0.13362920900577807,740,21
21.725296294685588,0.16979366824987796,0.14540331882583413,0.945538494322771,1.3598830767241303,-0.20784092175638602,0.538860103626943,Gold25 crash DD126 warn-15%/exp75% crash-15%/exp25% recover-5% panic-25%/MA200/mom63->0,0.65,0.25,0.1,126,-0.15,-0.15,0.75,0.25,-0.05,-0.25,200.0,63.0,2006-12-29,2026-04-29,0.22209354453078303,0.13362920900577807,740,21
21.13141642144406,0.16823938392179016,0.14374614594671534,0.9455203315604658,1.3607910575326632,-0.20154764017241222,0.5404543642885612,Gold25 crash DD252 warn-12%/exp75% crash-15%/exp25% recover-10% no panic,0.65,0.25,0.1,252,-0.12,-0.15,0.75,0.25,-0.1,,,,2006-12-29,2026-04-29,0.21119744969117354,0.14452530384538756,1282,0
21.83337436232701,0.17007237127307184,0.1457298004392087,0.945384766256065,1.3640842217707947,-0.22158480512857204,0.5412514946193703,Gold25 crash DD252 warn-15%/exp75% crash-25%/exp50% recover-10% panic-25%/MA200/mom63->0,0.65,0.25,0.1,252,-0.15,-0.25,0.75,0.5,-0.1,-0.25,200.0,63.0,2006-12-29,2026-04-29,0.22843195855748158,0.12729079497907952,917,265
21.415251138972902,0.16898710616811896,0.1445694910255518,0.9453829403690424,1.3593603924922635,-0.2032439555102733,0.538860103626943,Gold25 crash DD126 warn-12%/exp75% crash-15%/exp25% recover-5% panic-25%/MA200/mom63->0,0.65,0.25,0.1,126,-0.12,-0.15,0.75,0.25,-0.05,-0.25,200.0,63.0,2006-12-29,2026-04-29,0.21595437338115162,0.1397683801554095,1233,21
20.909016829245566,0.16764711196850657,0.14315247664827613,0.945303769124962,1.355977468205734,-0.1930713554173522,0.5426464726982861,Gold25 crash DD252 warn-10%/exp50% crash-25%/exp50% recover-8% panic-25%/MA200/mom63->0,0.65,0.25,0.1,252,-0.1,-0.25,0.5,0.5,-0.08,-0.25,200.0,63.0,2006-12-29,2026-04-29,0.19814704124327556,0.15757571229328554,1776,306
21.005333911567188,0.16790431159033825,0.14343693640832597,0.9452484850040413,1.3592838446469255,-0.1975174788503724,0.5404543642885612,Gold25 crash DD252 warn-12%/exp50% crash-15%/exp25% recover-10% panic-30%/MA200/mom63->0,0.65,0.25,0.1,252,-0.12,-0.15,0.5,0.25,-0.1,-0.3,200.0,63.0,2006-12-29,2026-04-29,0.20652769475991234,0.14919505877664876,1282,10
21.434950100596765,0.1690386660133636,0.14468227161659974,0.945066266821613,1.3605517783982382,-0.21028666825167763,0.5392586687923475,Gold25 crash DD126 warn-10%/exp75% crash-15%/exp25% recover-8% no panic,0.65,0.25,0.1,126,-0.1,-0.15,0.75,0.25,-0.08,,,,2006-12-29,2026-04-29,0.22124676230324766,0.13447599123331344,1217,0
21.434950100596765,0.1690386660133636,0.14468227161659974,0.945066266821613,1.3605517783982382,-0.21028666825167763,0.5392586687923475,Gold25 crash DD126 warn-10%/exp75% crash-15%/exp25% recover-8% panic-30%/MA200/mom63->0,0.65,0.25,0.1,126,-0.1,-0.15,0.75,0.25,-0.08,-0.3,200.0,63.0,2006-12-29,2026-04-29,0.22124676230324766,0.13447599123331344,1217,0
21.934323795604236,0.17033156213241596,0.1461025928757555,0.9448608891277429,1.362803397269436,-0.21352033073212306,0.5396572339577521,Gold25 crash DD126 warn-15%/exp50% crash-15%/exp25% recover-10% no panic,0.65,0.25,0.1,126,-0.15,-0.15,0.5,0.25,-0.1,,,,2006-12-29,2026-04-29,0.23232964734010758,0.12339310619645351,473,0
21.934323795604236,0.17033156213241596,0.1461025928757555,0.9448608891277429,1.362803397269436,-0.21352033073212306,0.5396572339577521,Gold25 crash DD126 warn-15%/exp50% crash-15%/exp25% recover-10% panic-30%/MA200/mom63->0,0.65,0.25,0.1,126,-0.15,-0.15,0.5,0.25,-0.1,-0.3,200.0,63.0,2006-12-29,2026-04-29,0.23232964734010758,0.12339310619645351,473,0
21.934323795604236,0.17033156213241596,0.1461025928757555,0.9448608891277429,1.362803397269436,-0.21352033073212306,0.5396572339577521,Gold25 crash DD126 warn-15%/exp75% crash-15%/exp25% recover-10% no panic,0.65,0.25,0.1,126,-0.15,-0.15,0.75,0.25,-0.1,,,,2006-12-29,2026-04-29,0.23232964734010758,0.12339310619645351,473,0
21.934323795604236,0.17033156213241596,0.1461025928757555,0.9448608891277429,1.362803397269436,-0.21352033073212306,0.5396572339577521,Gold25 crash DD126 warn-15%/exp75% crash-15%/exp25% recover-10% panic-30%/MA200/mom63->0,0.65,0.25,0.1,126,-0.15,-0.15,0.75,0.25,-0.1,-0.3,200.0,63.0,2006-12-29,2026-04-29,0.23232964734010758,0.12339310619645351,473,0
20.821193298708067,0.1674116552590894,0.14298207639473773,0.944846949151376,1.3568035612829794,-0.19357417998732518,0.5414507772020726,Gold25 crash DD252 warn-10%/exp75% crash-15%/exp25% recover-8% panic-25%/MA200/mom63->0,0.65,0.25,0.1,252,-0.1,-0.15,0.75,0.25,-0.08,-0.25,200.0,63.0,2006-12-29,2026-04-29,0.2009115361625822,0.1548112173739789,1776,124
21.013973943963947,0.167927331151992,0.14355747153357118,0.9447127406850189,1.3589778349339454,-0.1976714659667722,0.5408529294539657,Gold25 crash DD252 warn-12%/exp50% crash-18%/exp25% recover-10% panic-25%/MA200/mom63->0,0.65,0.25,0.1,252,-0.12,-0.18,0.5,0.25,-0.1,-0.25,200.0,63.0,2006-12-29,2026-04-29,0.2088065351663678,0.1469162183701933,1282,124
21.07392992738014,0.16808683536699043,0.14373381110207706,0.9446801980763668,1.359512318183314,-0.20154764017241222,0.5404543642885612,Gold25 crash DD252 warn-12%/exp75% crash-15%/exp25% recover-10% panic-30%/MA200/mom63->0,0.65,0.25,0.1,252,-0.12,-0.15,0.75,0.25,-0.1,-0.3,200.0,63.0,2006-12-29,2026-04-29,0.21107292289300658,0.14464983064355452,1282,10
21.1955437044753,0.16840911130835257,0.1441189667889802,0.9444547440030304,1.3607642628049486,-0.2055925102636722,0.5406536468712635,Gold25 crash DD252 warn-15%/exp50% crash-15%/exp25% recover-10% no panic,0.65,0.25,0.1,252,-0.15,-0.15,0.5,0.25,-0.1,,,,2006-12-29,2026-04-29,0.2157426778242678,0.13998007571229332,917,0
21.1955437044753,0.16840911130835257,0.1441189667889802,0.9444547440030304,1.3607642628049486,-0.2055925102636722,0.5406536468712635,Gold25 crash DD252 warn-15%/exp75% crash-15%/exp25% recover-10% no panic,0.65,0.25,0.1,252,-0.15,-0.15,0.75,0.25,-0.1,,,,2006-12-29,2026-04-29,0.2157426778242678,0.13998007571229332,917,0
21.101471156932163,0.1681599669450502,0.1438565036070613,0.9444315861156659,1.3571432521510167,-0.19862793951892266,0.5396572339577521,Gold25 crash DD126 warn-12%/exp50% crash-15%/exp25% recover-5% panic-25%/MA200/mom63->0,0.65,0.25,0.1,126,-0.12,-0.15,0.5,0.25,-0.05,-0.25,200.0,63.0,2006-12-29,2026-04-29,0.20981520223152023,0.14590755130504088,1233,21
21.13789063938846,0.16825654059057205,0.14410666458144328,0.9436164791248786,1.3594877676128705,-0.2055925102636722,0.5406536468712635,Gold25 crash DD252 warn-15%/exp50% crash-15%/exp25% recover-10% panic-30%/MA200/mom63->0,0.65,0.25,0.1,252,-0.15,-0.15,0.5,0.25,-0.1,-0.3,200.0,63.0,2006-12-29,2026-04-29,0.21561815102610082,0.14010460251046028,917,10
21.13789063938846,0.16825654059057205,0.14410666458144328,0.9436164791248786,1.3594877676128705,-0.2055925102636722,0.5406536468712635,Gold25 crash DD252 warn-15%/exp75% crash-15%/exp25% recover-10% panic-30%/MA200/mom63->0,0.65,0.25,0.1,252,-0.15,-0.15,0.75,0.25,-0.1,-0.3,200.0,63.0,2006-12-29,2026-04-29,0.21561815102610082,0.14010460251046028,917,10
21.74602339683617,0.1698472150601995,0.14584101348024328,0.9434534578140754,1.3592577253356262,-0.2153802510207613,0.5400557991231566,Gold25 crash DD126 warn-15%/exp50% crash-15%/exp25% recover-8% no panic,0.65,0.25,0.1,126,-0.15,-0.15,0.5,0.25,-0.08,,,,2006-12-29,2026-04-29,0.22960251046025104,0.12612024307631006,546,0
21.74602339683617,0.1698472150601995,0.14584101348024328,0.9434534578140754,1.3592577253356262,-0.2153802510207613,0.5400557991231566,Gold25 crash DD126 warn-15%/exp50% crash-15%/exp25% recover-8% panic-30%/MA200/mom63->0,0.65,0.25,0.1,126,-0.15,-0.15,0.5,0.25,-0.08,-0.3,200.0,63.0,2006-12-29,2026-04-29,0.22960251046025104,0.12612024307631006,546,0
21.74602339683617,0.1698472150601995,0.14584101348024328,0.9434534578140754,1.3592577253356262,-0.2153802510207613,0.5400557991231566,Gold25 crash DD126 warn-15%/exp75% crash-15%/exp25% recover-8% no panic,0.65,0.25,0.1,126,-0.15,-0.15,0.75,0.25,-0.08,,,,2006-12-29,2026-04-29,0.22960251046025104,0.12612024307631006,546,0
21.74602339683617,0.1698472150601995,0.14584101348024328,0.9434534578140754,1.3592577253356262,-0.2153802510207613,0.5400557991231566,Gold25 crash DD126 warn-15%/exp75% crash-15%/exp25% recover-8% panic-30%/MA200/mom63->0,0.65,0.25,0.1,126,-0.15,-0.15,0.75,0.25,-0.08,-0.3,200.0,63.0,2006-12-29,2026-04-29,0.22960251046025104,0.12612024307631006,546,0
21.46073675170131,0.16910609476399574,0.1450586452003127,0.9433869427071172,1.3590597215026727,-0.21810001669478185,0.5396572339577521,Gold25 crash DD126 warn-12%/exp75% crash-15%/exp25% recover-8% panic-25%/MA200/mom63->0,0.65,0.25,0.1,126,-0.12,-0.15,0.75,0.25,-0.08,-0.25,200.0,63.0,2006-12-29,2026-04-29,0.22413578402072126,0.13158696951583984,964,21
21.146582718003895,0.16827956709470993,0.14422663958775817,0.9430882490519962,1.359200501523704,-0.20574494787491926,0.541052212036668,Gold25 crash DD252 warn-15%/exp50% crash-18%/exp25% recover-10% panic-25%/MA200/mom63->0,0.65,0.25,0.1,252,-0.15,-0.18,0.5,0.25,-0.1,-0.25,200.0,63.0,2006-12-29,2026-04-29,0.21789699143255628,0.13782576210400482,917,124
21.501593805780008,0.1692127802733232,0.14524673469690835,0.9429811206336266,1.3592391346514907,-0.21071185152198535,0.5394579513750498,Gold25 crash DD126 warn-12%/exp50% crash-15%/exp25% recover-10% panic-25%/MA200/mom63->0,0.65,0.25,0.1,126,-0.12,-0.15,0.5,0.25,-0.1,-0.25,200.0,63.0,2006-12-29,2026-04-29,0.22479577605100617,0.13092697748555493,765,21
20.55568047391331,0.16669429621831577,0.14256517926006945,0.9428800765678736,1.3519161823931025,-0.193071355417352,0.5430450378636907,Gold25 crash DD252 warn-10%/exp50% crash-18%/exp25% recover-8% panic-25%/MA200/mom63->0,0.65,0.25,0.1,252,-0.1,-0.18,0.5,0.25,-0.08,-0.25,200.0,63.0,2006-12-29,2026-04-29,0.19571876867901972,0.1600039848575414,1776,124
21.593820592970644,0.16945292706793658,0.1456295342638947,0.9422954863589996,1.3586801744303334,-0.2153894384135483,0.538860103626943,Gold25 crash DD126 warn-12%/exp75% crash-15%/exp25% recover-10% panic-25%/MA200/mom63->0,0.65,0.25,0.1,126,-0.12,-0.15,0.75,0.25,-0.1,-0.25,200.0,63.0,2006-12-29,2026-04-29,0.22843195855748158,0.12729079497907952,765,21
21.023295077510358,0.1679521557449588,0.14407247845788762,0.9419964648553747,1.3553455017630376,-0.21161300763533053,0.5406536468712635,Gold25 crash DD252 warn-12%/exp50% crash-25%/exp25% recover-10% panic-25%/MA200/mom63->0,0.65,0.25,0.1,252,-0.12,-0.25,0.5,0.25,-0.1,-0.25,200.0,63.0,2006-12-29,2026-04-29,0.21122235505080694,0.14450039848575416,1282,265
20.871285351009558,0.16754606312894738,0.14370370462984924,0.9416250728328908,1.3547820751631319,-0.21182831180636197,0.5406536468712635,Gold25 crash DD126 warn-10%/exp50% crash-15%/exp25% recover-8% panic-25%/MA200/mom63->0,0.65,0.25,0.1,126,-0.1,-0.15,0.5,0.25,-0.08,-0.25,200.0,63.0,2006-12-29,2026-04-29,0.21262950787009363,0.14309324566646744,1217,21
21.18633458344306,0.1683847659450377,0.14468562435268104,0.9411777161328526,1.3551638642287678,-0.21686505185003147,0.5390593862096453,Gold25 crash DD126 warn-10%/exp75% crash-15%/exp25% recover-8% panic-25%/MA200/mom63->0,0.65,0.25,0.1,126,-0.1,-0.15,0.75,0.25,-0.08,-0.25,200.0,63.0,2006-12-29,2026-04-29,0.22098525602709704,0.13473749750946407,1217,21
21.680174410584556,0.1696769388845365,0.14610593295917357,0.9410102259188563,1.3574634050271048,-0.22007177762905783,0.5394579513750498,Gold25 crash DD126 warn-15%/exp50% crash-15%/exp25% recover-10% panic-25%/MA200/mom63->0,0.65,0.25,0.1,126,-0.15,-0.15,0.5,0.25,-0.1,-0.25,200.0,63.0,2006-12-29,2026-04-29,0.23206814106395696,0.12365461247260413,473,21
21.680174410584556,0.1696769388845365,0.14610593295917357,0.9410102259188563,1.3574634050271048,-0.22007177762905783,0.5394579513750498,Gold25 crash DD126 warn-15%/exp75% crash-15%/exp25% recover-10% panic-25%/MA200/mom63->0,0.65,0.25,0.1,126,-0.15,-0.15,0.75,0.25,-0.1,-0.25,200.0,63.0,2006-12-29,2026-04-29,0.23206814106395696,0.12365461247260413,473,21
20.962038231916882,0.16778882984930665,0.14410616578173785,0.9408389698252281,1.3534463495488103,-0.21161300763533053,0.5404543642885612,Gold25 crash DD252 warn-12%/exp50% crash-25%/exp50% recover-10% panic-25%/MA200/mom63->0,0.65,0.25,0.1,252,-0.12,-0.25,0.5,0.5,-0.1,-0.25,200.0,63.0,2006-12-29,2026-04-29,0.21147140864714087,0.14425134488942024,1282,265
21.155960000617036,0.16830439917454143,0.14473926447950342,0.9404057875859761,1.3556200634843412,-0.2195462018936455,0.5408529294539657,Gold25 crash DD252 warn-15%/exp50% crash-25%/exp25% recover-10% panic-25%/MA200/mom63->0,0.65,0.25,0.1,252,-0.15,-0.25,0.5,0.25,-0.1,-0.25,200.0,63.0,2006-12-29,2026-04-29,0.22031281131699543,0.13540994221956568,917,265
20.31564262709015,0.16603850483874938,0.1423088162928342,0.9403679875664428,1.347154920858473,-0.1941362047123497,0.5428457552809884,Gold25 crash DD252 warn-10%/exp50% crash-15%/exp25% recover-8% panic-25%/MA200/mom63->0,0.65,0.25,0.1,252,-0.1,-0.15,0.5,0.25,-0.08,-0.25,200.0,63.0,2006-12-29,2026-04-29,0.1915097629009763,0.1642129906355848,1776,124
20.647282498761538,0.16694272896546325,0.1433563114706035,0.9399492621029438,1.3512117996710498,-0.20334770700033333,0.5402550817058589,Gold25 crash DD252 warn-12%/exp50% crash-15%/exp25% recover-10% panic-25%/MA200/mom63->0,0.65,0.25,0.1,252,-0.12,-0.15,0.5,0.25,-0.1,-0.25,200.0,63.0,2006-12-29,2026-04-29,0.20510808926080892,0.15061466427575218,1282,124
21.493960684655423,0.1691928627311463,0.14584435266760085,0.9395959262468448,1.3539132307173907,-0.22191620461319028,0.5398565165404544,Gold25 crash DD126 warn-15%/exp50% crash-15%/exp25% recover-8% panic-25%/MA200/mom63->0,0.65,0.25,0.1,126,-0.15,-0.15,0.5,0.25,-0.08,-0.25,200.0,63.0,2006-12-29,2026-04-29,0.22934100418410042,0.1263817493524607,546,21
21.493960684655423,0.1691928627311463,0.14584435266760085,0.9395959262468448,1.3539132307173907,-0.22191620461319028,0.5398565165404544,Gold25 crash DD126 warn-15%/exp75% crash-15%/exp25% recover-8% panic-25%/MA200/mom63->0,0.65,0.25,0.1,126,-0.15,-0.15,0.75,0.25,-0.08,-0.25,200.0,63.0,2006-12-29,2026-04-29,0.22934100418410042,0.1263817493524607,546,21
20.714762380619224,0.1671251024629441,0.14365335737789292,0.9393904880217637,1.3514484216989942,-0.20734858823293878,0.5402550817058589,Gold25 crash DD252 warn-12%/exp75% crash-15%/exp25% recover-10% panic-25%/MA200/mom63->0,0.65,0.25,0.1,252,-0.12,-0.15,0.75,0.25,-0.1,-0.25,200.0,63.0,2006-12-29,2026-04-29,0.20965331739390317,0.14606943614265794,1282,124
21.094334153260704,0.16814102402132924,0.14477279812138946,0.9392549908631218,1.3537279288523332,-0.2195462018936455,0.5406536468712635,Gold25 crash DD252 warn-15%/exp50% crash-25%/exp50% recover-10% panic-25%/MA200/mom63->0,0.65,0.25,0.1,252,-0.15,-0.25,0.5,0.5,-0.1,-0.25,200.0,63.0,2006-12-29,2026-04-29,0.22056186491332935,0.13516088862323175,917,265
20.777682380253374,0.1672946679613847,0.14402642371649768,0.9383384820260142,1.351432182936744,-0.2113640713720254,0.5404543642885612,Gold25 crash DD252 warn-15%/exp50% crash-15%/exp25% recover-10% panic-25%/MA200/mom63->0,0.65,0.25,0.1,252,-0.15,-0.15,0.5,0.25,-0.1,-0.25,200.0,63.0,2006-12-29,2026-04-29,0.2141985455269974,0.1415242080095637,917,124
20.777682380253374,0.1672946679613847,0.14402642371649768,0.9383384820260142,1.351432182936744,-0.2113640713720254,0.5404543642885612,Gold25 crash DD252 warn-15%/exp75% crash-15%/exp25% recover-10% panic-25%/MA200/mom63->0,0.65,0.25,0.1,252,-0.15,-0.15,0.75,0.25,-0.1,-0.25,200.0,63.0,2006-12-29,2026-04-29,0.2141985455269974,0.1415242080095637,917,124
