,One-model US cap 70% / TH cap 30% stockcap5 penalty0.02 assets50 + daily exposure
2007-12-31,10000.0
2008-01-02,10039.275876896332
2008-01-03,9989.19721044602
2008-01-04,9775.073514527821
2008-01-07,9668.414078300362
2008-01-08,9681.442404863223
2008-01-09,9793.318659016153
2008-01-10,9668.340226967532
2008-01-11,9692.45679604205
2008-01-14,9875.186572278328
2008-01-15,9694.549680972435
2008-01-16,9560.358325102241
2008-01-17,9652.024119848373
2008-01-18,9840.487040699454
2008-01-21,9699.669009435249
2008-01-22,9451.087938885094
2008-01-23,9344.220795166762
2008-01-24,9415.185868943168
2008-01-25,9593.93449049205
2008-01-28,9683.626821253709
2008-01-29,9735.40524583602
2008-01-30,9701.143688303082
2008-01-31,9770.527556904912
2008-02-01,9810.962165071729
2008-02-04,9678.060434127214
2008-02-05,9450.94365675419
2008-02-06,9414.63211796399
2008-02-07,9535.709166177017
2008-02-08,9620.64022771458
2008-02-11,9752.342644281982
2008-02-12,9860.865614680972
2008-02-13,9996.323615316278
2008-02-14,9901.487987191817
2008-02-15,9838.941305416554
2008-02-18,9871.96547396958
2008-02-19,9991.752809336076
2008-02-20,9934.978902285055
2008-02-21,9949.370509296783
2008-02-22,10262.998992586117
2008-02-25,10015.082998388734
2008-02-26,9784.266981733332
2008-02-27,9855.931566988393
2008-02-28,9715.479056683718
2008-02-29,9683.797534871494
2008-03-03,10333.690475902798
2008-03-04,10226.470307072324
2008-03-05,10422.815058583912
2008-03-06,10210.311073493236
2008-03-07,10124.291153244427
2008-03-10,10000.431301804485
2008-03-11,10318.173972352735
2008-03-12,10249.321301275268
2008-03-13,10385.334666325738
2008-03-14,10247.093310664908
2008-03-17,10046.896041248978
2008-03-18,10411.385061476665
2008-03-19,9769.288254171981
2008-03-20,9803.272419501433
2008-03-21,9177.202627415796
2008-03-24,9880.322191917494
2008-03-25,10004.372831465964
2008-03-26,10049.9668901767
2008-03-27,10028.130051245265
2008-03-28,9980.513494085062
2008-03-31,9952.029371908591
2008-04-01,10030.28881963508
2008-04-02,10135.75161803818
2008-04-03,10174.352424562745
2008-04-04,10164.447446703862
2008-04-07,10182.113263563839
2008-04-08,10070.687342918298
2008-04-09,10052.533029370621
2008-04-10,10090.82508350156
2008-04-11,10077.20576137181
2008-04-14,10073.516152600832
2008-04-15,10087.458212243873
2008-04-16,10207.474170201389
2008-04-17,10226.618512483677
2008-04-18,10204.937867288067
2008-04-21,10133.77975312098
2008-04-22,10100.04005928228
2008-04-23,10028.677375256613
2008-04-24,9973.490772818222
2008-04-25,10018.610454202666
2008-04-28,10033.364611180785
2008-04-29,10001.127222015073
2008-04-30,10009.93229199638
2008-05-01,10011.381107394876
2008-05-02,10049.516399619893
2008-05-05,10094.12471688259
2008-05-06,10187.147766428157
2008-05-07,10094.616495126293
2008-05-08,10240.848244815257
2008-05-09,10256.529866421148
2008-05-12,10237.192929344277
2008-05-13,10366.036443111856
2008-05-14,10373.872023481294
2008-05-15,10543.600777419595
2008-05-16,10611.696729995661
2008-05-19,10565.519921597588
2008-05-20,10597.975414926033
2008-05-21,10364.91216064192
2008-05-22,10345.43895249579
2008-05-23,10333.613402041226
2008-05-26,10338.847866021471
2008-05-27,10370.753751397871
2008-05-28,10435.241652355116
2008-05-29,10460.687677626749
2008-05-30,10551.088014326382
2008-06-02,10500.089586149094
2008-06-03,10404.71235901104
2008-06-04,10456.636024859352
2008-06-05,10705.510594387531
2008-06-06,10641.41338199253
2008-06-09,10662.010957964103
2008-06-10,10546.732258534572
2008-06-11,10492.784418082187
2008-06-12,10449.227411271257
2008-06-13,10566.787519970912
2008-06-16,10611.302003911787
2008-06-17,10599.443348008257
2008-06-18,10583.703868888264
2008-06-19,10653.905681610258
2008-06-20,10569.360582973111
2008-06-23,10578.053231891996
2008-06-24,10573.560430710782
2008-06-25,10561.088155386571
2008-06-26,10535.0732163956
2008-06-27,10565.803310810606
2008-06-30,10544.787232796016
2008-07-01,10625.260870217295
2008-07-02,10520.862855091278
2008-07-03,10499.01351749149
2008-07-04,10513.904512039026
2008-07-07,10515.241289925396
2008-07-08,10566.825571712458
2008-07-09,10518.26597562804
2008-07-10,10601.602686648135
2008-07-11,10576.412765465164
2008-07-14,10612.821474809609
2008-07-15,10539.58775148745
2008-07-16,10485.431331603813
2008-07-17,10505.439231372027
2008-07-18,10471.130407394536
2008-07-21,10505.471159793902
2008-07-22,10368.851539491629
2008-07-23,10238.682734341437
2008-07-24,10276.754717519616
2008-07-25,10314.01964486627
2008-07-28,10283.671189761517
2008-07-29,10308.080734039815
2008-07-30,10371.151703576323
2008-07-31,10361.379290072664
2008-08-01,10342.501554782972
2008-08-04,10295.59319301129
2008-08-05,10357.551264586271
2008-08-06,10364.282963339943
2008-08-07,10314.34781262205
2008-08-08,10345.168842564311
2008-08-11,10305.417714366127
2008-08-12,10266.20420009742
2008-08-13,10309.410935391465
2008-08-14,10289.598056933473
2008-08-15,10237.00338575942
2008-08-18,10207.98862433376
2008-08-19,10215.038340284282
2008-08-20,10240.361508323438
2008-08-21,10304.6117882719
2008-08-22,10329.059522270396
2008-08-25,10246.928966738937
2008-08-26,10357.30950036481
2008-08-27,10379.587236497186
2008-08-28,10406.616087138487
2008-08-29,10356.687659378496
2008-09-01,10362.013585043731
2008-09-02,10357.773281909656
2008-09-03,10330.331203112915
2008-09-04,10268.254061898062
2008-09-05,10262.275366801925
2008-09-08,10322.997376224997
2008-09-09,10207.332413176744
2008-09-10,10181.285166240312
2008-09-11,10205.900388944658
2008-09-12,10240.465629198012
2008-09-15,10156.799232562407
2008-09-16,10144.454895973577
2008-09-17,10127.954028041659
2008-09-18,10361.091462924516
2008-09-19,10338.653437739884
2008-09-22,10235.163731899454
2008-09-23,10167.926530209987
2008-09-24,10183.430975431083
2008-09-25,10250.032884096854
2008-09-26,10291.100598754425
2008-09-29,10018.396212417432
2008-09-30,10221.752731421067
2008-10-01,10265.056916635844
2008-10-02,10154.22106935119
2008-10-03,10055.864271980558
2008-10-06,9964.354461584111
2008-10-07,9732.465813620998
2008-10-08,9717.135105813883
2008-10-09,9443.843702819147
2008-10-10,9425.915041524406
2008-10-13,9725.863518934108
2008-10-14,9756.73336145089
2008-10-15,9505.193961795498
2008-10-16,9618.869910608684
2008-10-17,9573.000195491315
2008-10-20,9651.154607068036
2008-10-21,9555.370736875873
2008-10-22,9318.654087347008
2008-10-23,9349.0098906614
2008-10-24,9236.606373476157
2008-10-27,9215.61756448199
2008-10-28,9626.463248507907
2008-10-29,9556.754036728735
2008-10-30,9608.105495093641
2008-10-31,9722.636824811934
2008-11-03,9727.38319438559
2008-11-04,9844.085342217737
2008-11-05,9638.484920864845
2008-11-06,9485.808194756248
2008-11-07,9560.943079242315
2008-11-10,9545.08790233719
2008-11-11,9490.364931176462
2008-11-12,9300.135936981675
2008-11-13,9522.26187669243
2008-11-14,9500.328513065846
2008-11-17,9348.383087684897
2008-11-18,9413.980443308586
2008-11-19,9241.528914839193
2008-11-20,9126.297533946987
2008-11-21,9340.45828605061
2008-11-24,9614.298162459569
2008-11-25,9646.018747310985
2008-11-26,9722.204855650958
2008-11-27,9767.95365743433
2008-11-28,9794.000236564616
2008-12-01,9468.153566873532
2008-12-02,9584.1970112203
2008-12-03,9630.906113289513
2008-12-04,9631.418728759974
2008-12-05,9679.232516135831
2008-12-08,9823.039335995469
2008-12-09,9703.453367321124
2008-12-10,9794.782577809621
2008-12-11,9687.119577066605
2008-12-12,9699.421317109185
2008-12-15,9691.204493807447
2008-12-16,9828.687205908356
2008-12-17,9782.62981082372
2008-12-18,9723.97357119131
2008-12-19,9669.845919698879
2008-12-22,9660.955079583793
2008-12-23,9634.10685868195
2008-12-24,9611.843503312239
2008-12-25,9675.613306420591
2008-12-26,9760.665117680748
2008-12-29,9787.596909593334
2008-12-30,9779.391915405318
2008-12-31,9824.805910041108
2009-01-02,9910.508445905592
2009-01-05,9871.329151080332
2009-01-06,9883.20994895459
2009-01-07,9822.567447777836
2009-01-08,9821.058939752767
2009-01-09,9786.85823840418
2009-01-12,9689.604038079453
2009-01-13,9703.851423943252
2009-01-14,9615.033477448096
2009-01-15,9635.545351930708
2009-01-16,9716.523910414027
2009-01-19,9740.041222094173
2009-01-20,9701.324863107777
2009-01-21,9734.481354309319
2009-01-22,9734.863749148559
2009-01-23,9795.157098205033
2009-01-26,9840.584159358323
2009-01-27,9830.411436429365
2009-01-28,9827.344269792755
2009-01-29,9815.885006834602
2009-01-30,9858.407507801869
2009-02-02,9804.658815646433
2009-02-03,9824.444270731743
2009-02-04,9835.680183693328
2009-02-05,9875.508152714923
2009-02-06,9891.115397585045
2009-02-09,9917.07417794479
2009-02-10,9846.556558836039
2009-02-11,9928.1918890569
2009-02-12,9957.31779037769
2009-02-13,9942.451790014986
2009-02-16,9944.44146286786
2009-02-17,9886.175408460653
2009-02-18,9920.523382967058
2009-02-19,9933.692192272558
2009-02-20,9959.636857353426
2009-02-23,9875.493229357573
2009-02-24,9914.836756733202
2009-02-25,9898.314594246805
2009-02-26,9825.042693945501
2009-02-27,9798.050586496394
2009-03-02,9679.802734095518
2009-03-03,9599.863234645314
2009-03-04,9665.43468017285
2009-03-05,9660.112213632381
2009-03-06,9661.640066082113
2009-03-09,9561.458101031036
2009-03-10,9717.82359968434
2009-03-11,9783.821337711637
2009-03-12,9894.0424256075
2009-03-13,9909.20704787164
2009-03-16,9857.807919086068
2009-03-17,9914.640849920948
2009-03-18,9912.714541114288
2009-03-19,9924.12784543089
2009-03-20,9879.941775091489
2009-03-23,10046.639324973772
2009-03-24,9962.43290795254
2009-03-25,9998.898614549169
2009-03-26,10042.073823363424
2009-03-27,9944.806624179007
2009-03-30,9857.871680903534
2009-03-31,9914.499823348411
2009-04-01,9943.249438676672
2009-04-02,10029.44121498073
2009-04-03,10139.449958673958
2009-04-06,10076.53077903565
2009-04-07,10025.089183171758
2009-04-08,10062.813209162696
2009-04-09,10220.604565647725
2009-04-10,10215.834860371922
2009-04-13,10199.52108948712
2009-04-14,10157.358926626157
2009-04-15,10155.615139500347
2009-04-16,10222.903596798857
2009-04-17,10245.927791814926
2009-04-20,10096.802429533254
2009-04-21,10171.51108579652
2009-04-22,10181.495518022317
2009-04-23,10122.946206369608
2009-04-24,10200.908506642241
2009-04-27,10198.47830041013
2009-04-28,10123.50310209514
2009-04-29,10225.668581347574
2009-04-30,10257.36251594885
2009-05-01,10163.526506970828
2009-05-04,10439.787775259887
2009-05-05,10490.67077427367
2009-05-06,10571.394529297251
2009-05-07,10423.61359788279
2009-05-08,10426.844817029443
2009-05-11,10378.762411725402
2009-05-12,10279.08071009853
2009-05-13,10124.092964255322
2009-05-14,10195.532558908702
2009-05-15,10159.47341848644
2009-05-18,10299.900289056332
2009-05-19,10284.926004458512
2009-05-20,10289.389385437442
2009-05-21,10226.21936782067
2009-05-22,10207.278466936488
2009-05-25,10213.694842400817
2009-05-26,10338.671230889895
2009-05-27,10310.607478791155
2009-05-28,10373.427076904722
2009-05-29,10461.097245366615
2009-06-01,10521.844673275364
2009-06-02,10429.94075024032
2009-06-03,10384.132650535847
2009-06-04,10599.373011606058
2009-06-05,10628.493888802645
2009-06-08,10637.426107346011
2009-06-09,10661.148755407161
2009-06-10,10649.163527571902
2009-06-11,10671.944952438687
2009-06-12,10687.222748050657
2009-06-15,10419.235285853914
2009-06-16,10221.06194985019
2009-06-17,10018.052103444623
2009-06-18,10058.82670346172
2009-06-19,10218.753786694218
2009-06-22,9924.202623747797
2009-06-23,9858.21798252709
2009-06-24,9976.530760058795
2009-06-25,10119.772152329813
2009-06-26,10183.190916051717
2009-06-29,10168.21959720193
2009-06-30,10094.682906296066
2009-07-01,10084.405159093865
2009-07-02,9946.354593493352
2009-07-03,9915.773729608796
2009-07-06,9885.68873373822
2009-07-07,9825.214300037274
2009-07-08,9731.627977426353
2009-07-09,9867.573399903133
2009-07-10,9756.965675952217
2009-07-13,9876.940299180047
2009-07-14,9984.537179611887
2009-07-15,10214.192622359924
2009-07-16,10217.35941911311
2009-07-17,10347.761993522166
2009-07-20,10500.375730230562
2009-07-21,10447.483109534001
2009-07-22,10421.305654177668
2009-07-23,10621.315260635938
2009-07-24,10601.223494075191
2009-07-27,10612.230819953023
2009-07-28,10546.359461647182
2009-07-29,10458.927854515543
2009-07-30,10689.667299965888
2009-07-31,10693.701904523701
2009-08-03,10885.958471323787
2009-08-04,10877.949849674544
2009-08-05,10843.50635171747
2009-08-06,10864.548354957158
2009-08-07,10913.536967219818
2009-08-10,10975.724384917134
2009-08-11,10891.682117481305
2009-08-12,10979.67365672367
2009-08-13,11142.401779106445
2009-08-14,11156.548494652883
2009-08-17,10876.967838957433
2009-08-18,11022.663443394904
2009-08-19,11021.28624131503
2009-08-20,11148.62675896965
2009-08-21,11313.628080285505
2009-08-24,11409.99778482396
2009-08-25,11497.607452561944
2009-08-26,11527.603673176789
2009-08-27,11418.321997592122
2009-08-28,11460.05942725965
2009-08-31,11432.921300053991
2009-09-01,11036.335749673653
2009-09-02,11058.088166458449
2009-09-03,11316.50315144538
2009-09-04,11385.527587781282
2009-09-07,11403.360299924923
2009-09-08,11346.338203406774
2009-09-09,11532.561153384464
2009-09-10,11565.873557054376
2009-09-11,11532.145729235024
2009-09-14,11611.663187436043
2009-09-15,11400.218277108625
2009-09-16,11724.526771749936
2009-09-17,11707.42925844684
2009-09-18,11574.618448951574
2009-09-21,11605.656491009366
2009-09-22,11826.602830987416
2009-09-23,11728.091867979174
2009-09-24,11591.935662745378
2009-09-25,11330.938668843375
2009-09-28,11550.001481115913
2009-09-29,11447.671221539998
2009-09-30,11559.785936103792
2009-10-01,11254.143475448309
2009-10-02,11332.372155192103
2009-10-05,11515.713213602798
2009-10-06,11749.787644402402
2009-10-07,11903.053577854274
2009-10-08,12049.099038189064
2009-10-09,12013.794673820657
2009-10-12,12154.709822833061
2009-10-13,12056.587970264847
2009-10-14,12137.805807862962
2009-10-15,11788.160060324899
2009-10-16,11847.525269500698
2009-10-19,12028.863113846897
2009-10-20,11952.288807200955
2009-10-21,11843.637576577543
2009-10-22,11870.61421910774
2009-10-23,11752.33711838513
2009-10-26,11578.99062681874
2009-10-27,11552.918394297823
2009-10-28,11279.544523822584
2009-10-29,11589.28979397809
2009-10-30,11141.669976730249
2009-11-02,11166.408300157378
2009-11-03,11209.476074087637
2009-11-04,11326.984420812892
2009-11-05,11507.60681365647
2009-11-06,11528.096905625416
2009-11-09,11832.698856616335
2009-11-10,11839.903845958022
2009-11-11,11932.11574678053
2009-11-12,11739.751588276815
2009-11-13,11814.243224669319
2009-11-16,11971.815904952497
2009-11-17,11909.105360403046
2009-11-18,11867.68310088535
2009-11-19,11669.126922356512
2009-11-20,11593.897433325636
2009-11-23,11631.97919757371
2009-11-24,11505.529270297302
2009-11-25,11634.210059554354
2009-11-26,11578.970894478949
2009-11-27,11301.581506773828
2009-11-30,11340.791491401338
2009-12-01,11342.955804802366
2009-12-02,11477.786913604084
2009-12-03,11396.236071041687
2009-12-04,11246.84515999511
2009-12-07,11130.951614570029
2009-12-08,11035.599824741466
2009-12-09,10989.266558356576
2009-12-10,11078.230624456059
2009-12-11,11066.874277014993
2009-12-14,11147.26565709497
2009-12-15,11116.139216020707
2009-12-16,11228.10664462454
2009-12-17,11074.200744642865
2009-12-18,11084.226937439527
2009-12-21,11207.250947248871
2009-12-22,11202.967362230065
2009-12-23,11325.853056077327
2009-12-24,11282.803269687673
2009-12-25,11270.827233265209
2009-12-28,11419.797308631805
2009-12-29,11365.901873250288
2009-12-30,11325.364361714692
2009-12-31,11214.097040746434
2010-01-04,11269.2143757552
2010-01-05,11457.584944627815
2010-01-06,11430.127060423629
2010-01-07,11400.517945280786
2010-01-08,11474.651747887818
2010-01-11,11487.733319683659
2010-01-12,11377.448379221523
2010-01-13,11441.332805292379
2010-01-14,11450.03484618921
2010-01-15,11369.343054646899
2010-01-18,11357.214579332653
2010-01-19,11490.58380158074
2010-01-20,11384.889167382715
2010-01-21,11202.398660266646
2010-01-22,10895.497687748679
2010-01-25,10787.699362118186
2010-01-26,10882.718911358563
2010-01-27,10890.192307442845
2010-01-28,10761.398281042633
2010-01-29,10703.02034319552
2010-02-01,10734.083531400087
2010-02-02,10854.456677581613
2010-02-03,10879.15242409833
2010-02-04,10627.453508062761
2010-02-05,10497.91335188203
2010-02-08,10540.0199700906
2010-02-09,10543.337358228864
2010-02-10,10502.884216783272
2010-02-11,10586.457345554543
2010-02-12,10580.361097550323
2010-02-15,10539.561294933877
2010-02-16,10617.170923600725
2010-02-17,10714.186628607842
2010-02-18,10809.149794376774
2010-02-19,10704.66887566129
2010-02-22,10771.464378045326
2010-02-23,10770.365760155975
2010-02-24,10834.92509945148
2010-02-25,10749.349628488226
2010-02-26,10828.24224935254
2010-03-01,10810.482787944042
2010-03-02,10795.567520391973
2010-03-03,10852.337274172474
2010-03-04,10841.174924637777
2010-03-05,10967.665110377784
2010-03-08,10981.444952673746
2010-03-09,10974.390870437172
2010-03-10,10990.356874961515
2010-03-11,11019.425787691262
2010-03-12,10993.533750647333
2010-03-15,10974.0245044471
2010-03-16,11043.363160421557
2010-03-17,11036.160660161951
2010-03-18,10989.244662564426
2010-03-19,10905.87605112577
2010-03-22,10967.683284375318
2010-03-23,11065.896648011028
2010-03-24,11014.21985240435
2010-03-25,11042.950474561161
2010-03-26,11007.780549444655
2010-03-29,11034.740088670096
2010-03-30,11031.97638103647
2010-03-31,11041.720321003095
2010-04-01,11153.25558241381
2010-04-02,11058.837680726043
2010-04-05,11125.005014770975
2010-04-06,11259.742021590555
2010-04-07,11285.04545908615
2010-04-08,11173.22451945299
2010-04-09,11234.115155624646
2010-04-12,11184.197753422372
2010-04-13,11185.170489110607
2010-04-14,11351.36859939795
2010-04-15,11352.610597788398
2010-04-16,11077.1319469549
2010-04-19,11061.532650283685
2010-04-20,11345.107440875423
2010-04-21,11328.681103672114
2010-04-22,11371.492597081811
2010-04-23,11365.63627729536
2010-04-26,11362.779157233139
2010-04-27,11223.42193139217
2010-04-28,11171.384369250985
2010-04-29,11385.900408697422
2010-04-30,11369.827914737727
2010-05-03,11485.060686163853
2010-05-04,11412.283272055123
2010-05-05,11303.301828352387
2010-05-06,11000.975025920297
2010-05-07,10659.745156174327
2010-05-10,11183.854823819065
2010-05-11,11210.82341251725
2010-05-12,11276.211919193041
2010-05-13,11150.69331602176
2010-05-14,10958.469602276753
2010-05-17,10677.394751434897
2010-05-18,10802.31677987283
2010-05-19,10411.226668826617
2010-05-20,10318.360488788283
2010-05-21,10484.192429634131
2010-05-24,10352.30026532442
2010-05-25,10241.72149765816
2010-05-26,10279.453311734507
2010-05-27,10587.722060862565
2010-05-28,10525.432699704728
2010-05-31,10510.65839371066
2010-06-01,10458.018392700884
2010-06-02,10574.678947319318
2010-06-03,10579.48684663966
2010-06-04,10365.474503372869
2010-06-07,10306.117536598587
2010-06-08,10379.036855221917
2010-06-09,10337.261909847566
2010-06-10,10485.543835614746
2010-06-11,10466.67740988967
2010-06-14,10507.648237237823
2010-06-15,10706.760439036665
2010-06-16,10747.826508753833
2010-06-17,10816.085365699022
2010-06-18,10866.53059305382
2010-06-21,10810.85003365276
2010-06-22,10673.25071660999
2010-06-23,10558.509050791496
2010-06-24,10530.015963516837
2010-06-25,10571.2344138903
2010-06-28,10580.99910628369
2010-06-29,10323.191569980869
2010-06-30,10331.545259512915
2010-07-01,10166.362757226127
2010-07-02,10191.515394201026
2010-07-05,10207.14107732
2010-07-06,10235.852727605965
2010-07-07,10314.234104179055
2010-07-08,10399.55953546279
2010-07-09,10504.482319560948
2010-07-12,10450.215751443326
2010-07-13,10538.175453996359
2010-07-14,10447.7635793584
2010-07-15,10540.427793194762
2010-07-16,10460.721500230658
2010-07-19,10541.738195586904
2010-07-20,10555.593935275141
2010-07-21,10583.555963481333
2010-07-22,10620.328060302316
2010-07-23,10569.42687468165
2010-07-26,10594.310352798155
2010-07-27,10544.031345964226
2010-07-28,10529.615739031695
2010-07-29,10572.961992151855
2010-07-30,10675.328954737486
2010-08-02,10785.036892070431
2010-08-03,10770.273642597092
2010-08-04,10834.125017319077
2010-08-05,10922.687435702695
2010-08-06,10930.969442158621
2010-08-09,11020.404877184998
2010-08-10,10914.69063459101
2010-08-11,10708.501596185723
2010-08-12,10818.546361813118
2010-08-13,10786.973183050739
2010-08-16,10840.468930782183
2010-08-17,10977.257746319296
2010-08-18,11038.085680397675
2010-08-19,11032.304671037318
2010-08-20,11052.526912450083
2010-08-23,10984.64695231164
2010-08-24,10983.01482493071
2010-08-25,10932.573208630285
2010-08-26,10934.768628665543
2010-08-27,11006.847307004004
2010-08-30,10865.24775143455
2010-08-31,10910.232401058027
2010-09-01,10939.999534588851
2010-09-02,11030.74271470067
2010-09-03,11043.58376959554
2010-09-06,11038.628658358886
2010-09-07,10980.99071742917
2010-09-08,11076.959695035503
2010-09-09,11006.796132402407
2010-09-10,11042.779371959065
2010-09-13,11084.182403234763
2010-09-14,11059.993980622023
2010-09-15,11097.277003513333
2010-09-16,11156.380231698946
2010-09-17,11085.842170698079
2010-09-20,11101.517972771731
2010-09-21,11290.403702246645
2010-09-22,11162.352147785277
2010-09-23,11074.760642094616
2010-09-24,11277.372298643044
2010-09-27,11269.021679555928
2010-09-28,11314.664048427014
2010-09-29,11308.253126280568
2010-09-30,11278.837719129848
2010-10-01,11241.549450141076
2010-10-04,11014.248549855713
2010-10-05,11220.924230630331
2010-10-06,11179.08377617588
2010-10-07,11088.064381548897
2010-10-08,11115.458690671865
2010-10-11,11073.637506790881
2010-10-12,11119.212648365048
2010-10-13,11249.54961185919
2010-10-14,11271.313578991043
2010-10-15,11388.819283119314
2010-10-18,11299.426593176648
2010-10-19,11229.151282170122
2010-10-20,11367.206920487002
2010-10-21,11346.279694406727
2010-10-22,11398.733779908976
2010-10-25,11420.458352540936
2010-10-26,11506.474759089208
2010-10-27,11462.718636883295
2010-10-28,11470.019737432856
2010-10-29,11396.767317543
2010-11-01,11345.505752608537
2010-11-02,11450.202655573474
2010-11-03,11453.295216895061
2010-11-04,11570.564394148463
2010-11-05,11576.352286432588
2010-11-08,11542.498273960882
2010-11-09,11552.393039783927
2010-11-10,11569.614087057764
2010-11-11,11556.017946990185
2010-11-12,11371.984874329757
2010-11-15,11375.600857008154
2010-11-16,11175.04770839248
2010-11-17,11187.745925244772
2010-11-18,11419.7087661072
2010-11-19,11367.032896794264
2010-11-22,11398.378832242428
2010-11-23,11353.980126534789
2010-11-24,11501.175331498223
2010-11-25,11448.438518493318
2010-11-26,11432.316153162892
2010-11-29,11549.632523503316
2010-11-30,11507.416845119558
2010-12-01,11745.219501536409
2010-12-02,11797.188199514118
2010-12-03,11866.394735606418
2010-12-06,11868.598659058072
2010-12-07,11880.36857787407
2010-12-08,11902.734771443727
2010-12-09,11919.066062404934
2010-12-10,11877.8482205064
2010-12-13,12013.319027030277
2010-12-14,11964.312106270492
2010-12-15,11899.352755868968
2010-12-16,11983.42725980066
2010-12-17,11931.266139583686
2010-12-20,11962.948106589458
2010-12-21,12074.421775002449
2010-12-22,12095.563957969971
2010-12-23,12002.305585702054
2010-12-24,11999.09600200341
2010-12-27,11908.832149989286
2010-12-28,12039.278452401004
2010-12-29,12179.039117626473
2010-12-30,12065.336003303302
2010-12-31,12087.72357272863
2011-01-03,12128.06371702336
2011-01-04,12124.735658639067
2011-01-05,12199.14428887253
2011-01-06,12212.943115895638
2011-01-07,12136.283794005161
2011-01-10,12140.385393512712
2011-01-11,12257.67652024173
2011-01-12,12201.7623183081
2011-01-13,12239.85029548384
2011-01-14,12334.956017995019
2011-01-17,12203.287217548115
2011-01-18,12468.402851347855
2011-01-19,12402.480974631184
2011-01-20,12299.047409745499
2011-01-21,12153.177973409265
2011-01-24,11958.793646982702
2011-01-25,12131.148956095742
2011-01-26,12393.219261664
2011-01-27,12229.045337955626
2011-01-28,12144.978298696953
2011-01-31,12186.391560481832
2011-02-01,12281.282764071719
2011-02-02,12204.832509827647
2011-02-03,12276.49360444316
2011-02-04,12299.447364684303
2011-02-07,12304.507090338177
2011-02-08,12133.696167840742
2011-02-09,12282.347261927387
2011-02-10,12269.786261667403
2011-02-11,12442.64988587215
2011-02-14,12537.010045460302
2011-02-15,12514.624009376535
2011-02-16,12609.584649643151
2011-02-17,12608.845556966317
2011-02-18,12671.487463655994
2011-02-21,12618.111692444498
2011-02-22,12460.23018830452
2011-02-23,12537.70415068895
2011-02-24,12483.87187824919
2011-02-25,12658.467265886853
2011-02-28,12734.882322762132
2011-03-01,12564.49666506687
2011-03-02,12623.319202155488
2011-03-03,12731.882243613582
2011-03-04,12612.825749806963
2011-03-07,12565.803856542174
2011-03-08,12630.82443161929
2011-03-09,12554.195125525079
2011-03-10,12255.321370556107
2011-03-11,12399.429190232559
2011-03-14,12268.531424757684
2011-03-15,12129.26460651127
2011-03-16,11973.4767201976
2011-03-17,12204.627271710475
2011-03-18,12153.081547289688
2011-03-21,12352.456634041204
2011-03-22,12282.140568291961
2011-03-23,12363.743905444597
2011-03-24,12445.093393721701
2011-03-25,12420.513407277887
2011-03-28,12285.758761860008
2011-03-29,12488.904852345575
2011-03-30,12552.424805435207
2011-03-31,12568.762998696213
2011-04-01,12584.298307371764
2011-04-04,12588.607267330945
2011-04-05,12604.06817400665
2011-04-06,12554.519797846264
2011-04-07,12516.349931064738
2011-04-08,12508.655997836773
2011-04-11,12418.962435900981
2011-04-12,12280.529589547681
2011-04-13,12327.260479357079
2011-04-14,12407.541732466827
2011-04-15,12480.021012489007
2011-04-18,12401.091671626455
2011-04-19,12423.148863989796
2011-04-20,12532.96609145304
2011-04-21,12550.717599490146
2011-04-22,12559.538051147078
2011-04-25,12554.628141437488
2011-04-26,12609.998507416709
2011-04-27,12630.955103140668
2011-04-28,12626.598152300603
2011-04-29,12784.062575390622
2011-05-02,12853.717132735752
2011-05-03,12617.971995250073
2011-05-04,12607.282090845903
2011-05-05,12451.721018268958
2011-05-06,12441.787288260071
2011-05-09,12679.390077253727
2011-05-10,12644.12264389991
2011-05-11,12635.196450585183
2011-05-12,12686.810001319689
2011-05-13,12602.179489058884
2011-05-16,12569.904253368986
2011-05-17,12515.892041705772
2011-05-18,12337.265598294356
2011-05-19,12517.137833352906
2011-05-20,12482.21521000803
2011-05-23,12445.544530741026
2011-05-24,12466.57267378475
2011-05-25,12477.719236995814
2011-05-26,12586.357505217176
2011-05-27,12583.022022813815
2011-05-30,12596.871469475687
2011-05-31,12654.153656056325
2011-06-01,12495.433222550695
2011-06-02,12571.059319948648
2011-06-03,12432.610586232984
2011-06-06,12298.725885465785
2011-06-07,12313.934000453672
2011-06-08,12159.247098334676
2011-06-09,12230.970235181176
2011-06-10,12122.190755527106
2011-06-13,12077.054423603591
2011-06-14,12221.383960294996
2011-06-15,12148.136381661525
2011-06-16,12118.713094767407
2011-06-17,12115.954027511
2011-06-20,12181.357690158406
2011-06-21,12257.839737495604
2011-06-22,12192.319054024265
2011-06-23,12170.329603430728
2011-06-24,12035.146967152175
2011-06-27,12145.583409227327
2011-06-28,12055.582533325067
2011-06-29,12412.60696780962
2011-06-30,12381.072461234478
2011-07-01,12266.786616918203
2011-07-04,12488.147315322582
2011-07-05,12492.282805431092
2011-07-06,12648.232423919842
2011-07-07,12709.525649748934
2011-07-08,12635.539885426131
2011-07-11,12566.482304784235
2011-07-12,12521.633401044008
2011-07-13,12676.397652314989
2011-07-14,12422.256844644551
2011-07-15,12524.385112060161
2011-07-18,12522.380399423377
2011-07-19,12574.279694730962
2011-07-20,12516.014458484668
2011-07-21,12446.622321010514
2011-07-22,12550.213484857059
2011-07-25,12338.727449541884
2011-07-26,12438.480867833156
2011-07-27,12323.456685133295
2011-07-28,12343.731413169335
2011-07-29,12281.859405980464
2011-08-01,12320.113805285551
2011-08-02,12072.829036956711
2011-08-03,12349.33091109258
2011-08-04,11853.840044160508
2011-08-05,11911.792535443057
2011-08-08,11695.113963210282
2011-08-09,12087.720157737673
2011-08-10,11892.264795765495
2011-08-11,12101.682209477358
2011-08-12,12085.507688883297
2011-08-15,12019.611376106479
2011-08-16,11968.486077520713
2011-08-17,12181.959432264395
2011-08-18,12015.376357085086
2011-08-19,11974.58157686435
2011-08-22,12071.236618138546
2011-08-23,12205.121628364031
2011-08-24,12005.48528387996
2011-08-25,11982.534733701157
2011-08-26,12175.697510670756
2011-08-29,12240.671308876028
2011-08-30,12373.611940096893
2011-08-31,12410.397625524947
2011-09-01,12428.873521577912
2011-09-02,12499.48045785616
2011-09-05,12459.174578540677
2011-09-06,12480.098654003259
2011-09-07,12472.81257683955
2011-09-08,12573.48864127547
2011-09-09,12530.782687825684
2011-09-12,12413.846818093503
2011-09-13,12438.335564092002
2011-09-14,12480.311372296941
2011-09-15,12431.071383469956
2011-09-16,12555.818808760945
2011-09-19,12537.384828316674
2011-09-20,12645.050062832659
2011-09-21,12547.448143025958
2011-09-22,12430.368404154327
2011-09-23,12186.414929810662
2011-09-26,12186.470039948466
2011-09-27,12292.575688208773
2011-09-28,12187.113357085602
2011-09-29,12222.538629714772
2011-09-30,12191.52202857988
2011-10-03,12173.225550206225
2011-10-04,12146.647252247496
2011-10-05,12021.84582561793
2011-10-06,12264.263808666154
2011-10-07,12209.505919430241
2011-10-10,12420.191958055522
2011-10-11,12371.578676101011
2011-10-12,12422.313964315568
2011-10-13,12403.3239273836
2011-10-14,12513.083464113364
2011-10-17,12279.992926909681
2011-10-18,12415.696263095464
2011-10-19,12328.732035194429
2011-10-20,12304.681804623902
2011-10-21,12389.282105417213
2011-10-24,12561.252500616974
2011-10-25,12426.101516437233
2011-10-26,12431.044679899554
2011-10-27,12608.682514164235
2011-10-28,12603.977647068039
2011-10-31,12498.42073255539
2011-11-01,12402.68734751495
2011-11-02,12505.536439284215
2011-11-03,12656.209857609892
2011-11-04,12480.276556029337
2011-11-07,12623.993385608172
2011-11-08,12734.471813620647
2011-11-09,12424.565059196662
2011-11-10,12487.00883574689
2011-11-11,12692.326720030413
2011-11-14,12586.535140219246
2011-11-15,12637.828809505496
2011-11-16,12524.00539192643
2011-11-17,12364.047465261521
2011-11-18,12391.708729846989
2011-11-21,12178.731227319957
2011-11-22,12346.570458340299
2011-11-23,12231.885896274805
2011-11-24,12272.17794931321
2011-11-25,12243.686568994197
2011-11-28,12385.52538537021
2011-11-29,12328.5513872798
2011-11-30,12614.882620714643
2011-12-01,12478.299781555339
2011-12-02,12437.594550182423
2011-12-05,12348.661718037138
2011-12-06,12519.618717661357
2011-12-07,12530.16344743579
2011-12-08,12282.28241191628
2011-12-09,12357.77920268129
2011-12-12,12080.248156595999
2011-12-13,12097.10127439324
2011-12-14,12070.537481708576
2011-12-15,12029.923810988323
2011-12-16,12082.235595930688
2011-12-19,12028.995339770663
2011-12-20,12190.637972515558
2011-12-21,12111.098501629549
2011-12-22,12142.144423632013
2011-12-23,12209.573118439515
2011-12-26,12241.211520418014
2011-12-27,12214.022195462
2011-12-28,12125.524591606098
2011-12-29,12237.44663316382
2011-12-30,12288.795417749032
2012-01-03,12407.656398206243
2012-01-04,12380.889132922386
2012-01-05,12457.066747598374
2012-01-06,12472.653899494846
2012-01-09,12620.611445667111
2012-01-10,12660.33838339276
2012-01-11,12618.499063266672
2012-01-12,12657.246966939025
2012-01-13,12674.886886383032
2012-01-16,12680.443099147587
2012-01-17,12749.60966519518
2012-01-18,12792.61962748119
2012-01-19,12816.618653327108
2012-01-20,12487.591925180845
2012-01-23,12557.307718821348
2012-01-24,12652.958603535288
2012-01-25,12664.902974205845
2012-01-26,12599.172955746373
2012-01-27,12626.759682814645
2012-01-30,12341.114901883928
2012-01-31,12428.41442675917
2012-02-01,12595.83858747515
2012-02-02,12665.292463528382
2012-02-03,12780.68354604188
2012-02-06,12685.05906057129
2012-02-07,12758.935019170825
2012-02-08,12799.278643143052
2012-02-09,12797.859170752085
2012-02-10,12713.189599386722
2012-02-13,12626.69666657716
2012-02-14,12789.158646678527
2012-02-15,12809.221282128996
2012-02-16,12865.717516582761
2012-02-17,12899.685363234035
2012-02-20,12675.800649674462
2012-02-21,12887.32808389501
2012-02-22,12810.428832833835
2012-02-23,12793.363501693762
2012-02-24,12767.69973683408
2012-02-27,12757.632006447251
2012-02-28,12909.101456698003
2012-02-29,12829.59688769763
2012-03-01,13026.267580405594
2012-03-02,12988.46990022918
2012-03-05,12849.846207174578
2012-03-06,12639.962747660602
2012-03-07,12823.197000323516
2012-03-08,12975.520069176953
2012-03-09,12941.153667959112
2012-03-12,12844.608917781752
2012-03-13,13229.908303046523
2012-03-14,13266.049413350767
2012-03-15,13446.49709583315
2012-03-16,13542.317236626875
2012-03-19,13565.557676816366
2012-03-20,13645.542822348742
2012-03-21,13758.39577534113
2012-03-22,13600.898396142567
2012-03-23,13708.744214936582
2012-03-26,13624.25942911893
2012-03-27,13810.994609654472
2012-03-28,13789.474329774761
2012-03-29,13680.17022833584
2012-03-30,13686.56763682229
2012-04-02,13731.156742290774
2012-04-03,13741.533543815045
2012-04-04,13513.974142823366
2012-04-05,13485.447262086875
2012-04-09,13193.455932984984
2012-04-10,12901.463918546535
2012-04-11,13145.12304131521
2012-04-12,13397.34637899663
2012-04-13,13139.135739950876
2012-04-16,13025.439854189764
2012-04-17,13369.72577454136
2012-04-18,13332.268893703671
2012-04-19,13294.062036951384
2012-04-20,13218.782748056503
2012-04-23,13104.947977860664
2012-04-24,13114.355409728236
2012-04-25,13257.969107682695
2012-04-26,13381.114585349478
2012-04-27,13217.10151683039
2012-04-30,13323.347733640834
2012-05-01,13357.290204601606
2012-05-02,13348.603255025713
2012-05-03,13280.383164739618
2012-05-04,13164.92587188715
2012-05-07,13115.155796228486
2012-05-08,13060.537504756363
2012-05-09,13013.930883502357
2012-05-10,13031.103286488837
2012-05-11,12943.890328389123
2012-05-14,12789.782100023285
2012-05-15,12815.38432090023
2012-05-16,12749.3183827932
2012-05-17,12589.27004819699
2012-05-18,12583.474342389109
2012-05-21,12764.274690560904
2012-05-22,12757.287946159337
2012-05-23,12839.932530149817
2012-05-24,12896.819704530613
2012-05-25,12883.159233640876
2012-05-28,12696.34439947609
2012-05-29,12963.6359175122
2012-05-30,12853.641069935207
2012-05-31,12865.708929043569
2012-06-01,12567.21592133803
2012-06-04,12412.34602022265
2012-06-05,12475.992427896977
2012-06-06,12672.160861536158
2012-06-07,12615.9714672888
2012-06-08,12809.321935204476
2012-06-11,12529.56532556477
2012-06-12,12901.67864117326
2012-06-13,12818.580092164824
2012-06-14,12865.390043641995
2012-06-15,12895.80169529247
2012-06-18,12738.508108456392
2012-06-19,13093.663905010917
2012-06-20,13105.788019538466
2012-06-21,13020.02300514457
2012-06-22,13170.106610230168
2012-06-25,13141.555098433615
2012-06-26,13178.288784205764
2012-06-27,13335.029311986484
2012-06-28,13274.990934120917
2012-06-29,13444.32919613577
2012-07-02,13117.76343134823
2012-07-03,13357.016640286536
2012-07-04,13304.44600445515
2012-07-05,13289.73194393932
2012-07-06,13239.541319828839
2012-07-09,13157.89945181453
2012-07-10,13225.813513202003
2012-07-11,13208.584199973355
2012-07-12,13173.490393773694
2012-07-13,13360.469484570174
2012-07-16,13274.84379885099
2012-07-17,13330.610668119034
2012-07-18,13344.871892621639
2012-07-19,13421.055447106824
2012-07-20,13395.628000622648
2012-07-23,13204.18926685758
2012-07-24,13294.320273602549
2012-07-25,13363.81487256809
2012-07-26,13514.18336167298
2012-07-27,13723.19613140265
2012-07-30,13488.612974817464
2012-07-31,13660.934037901732
2012-08-01,13630.108945166121
2012-08-02,13606.575826595797
2012-08-03,13760.673648691423
2012-08-06,13393.03639136881
2012-08-07,13669.761017814675
2012-08-08,13702.024028340258
2012-08-09,13668.71630896015
2012-08-10,13675.809685363343
2012-08-13,13437.627612394765
2012-08-14,13664.578077761991
2012-08-15,13672.841284102093
2012-08-16,13720.990371358428
2012-08-17,13704.2945461509
2012-08-20,13521.572655932106
2012-08-21,13675.233899623805
2012-08-22,13645.200166043485
2012-08-23,13561.372927815562
2012-08-24,13620.592514575466
2012-08-27,13452.970449580334
2012-08-28,13656.82539132968
2012-08-29,13657.360148109603
2012-08-30,13596.329414950706
2012-08-31,13692.992084863918
2012-09-03,13547.573624383936
2012-09-04,13769.021566809872
2012-09-05,13843.634187189802
2012-09-06,14186.01439540473
2012-09-07,14278.599587857836
2012-09-10,13944.321893098238
2012-09-11,14197.934449428116
2012-09-12,14224.07702929637
2012-09-13,14359.285222319342
2012-09-14,14461.091167312341
2012-09-17,14177.995113594714
2012-09-18,14384.766976900304
2012-09-19,14453.3636739478
2012-09-20,14396.25182837729
2012-09-21,14500.25343240296
2012-09-24,14290.088257780513
2012-09-25,14412.895730341974
2012-09-26,14286.181652076779
2012-09-27,14530.072703883257
2012-09-28,14453.884786688506
2012-10-01,14282.354091569827
2012-10-02,14445.385941351058
2012-10-03,14550.769976896316
2012-10-04,14614.265179445101
2012-10-05,14612.373396095592
2012-10-08,14335.986499134759
2012-10-09,14409.754704067074
2012-10-10,14410.94871354926
2012-10-11,14450.809887821537
2012-10-12,14460.727413514145
2012-10-15,14365.91117491195
2012-10-16,14649.478809330949
2012-10-17,14848.135377896035
2012-10-18,14816.083524735071
2012-10-19,14616.261901099871
2012-10-22,14526.88290081754
2012-10-23,14499.114325460652
2012-10-24,14535.781576166863
2012-10-25,14520.571813483906
2012-10-26,14395.154185518766
2012-10-29,14120.723695780787
2012-10-30,14408.809434510884
2012-10-31,14432.770060634275
2012-11-01,14575.831631678475
2012-11-02,14551.804017945866
2012-11-05,14425.269620462888
2012-11-06,14634.285937417408
2012-11-07,14343.464203503576
2012-11-08,14274.696772106076
2012-11-09,14244.709030447435
2012-11-12,14044.335210880192
2012-11-13,14228.512910995234
2012-11-14,13988.354271544631
2012-11-15,13981.715577141378
2012-11-16,14075.963413643187
2012-11-19,14168.456889309082
2012-11-20,14382.879422316433
2012-11-21,14425.462508535398
2012-11-22,14481.710708222467
2012-11-23,14594.351484342411
2012-11-26,14404.756321151208
2012-11-27,14588.35019291017
2012-11-28,14700.343366649724
2012-11-29,14831.877398466777
2012-11-30,14834.571158792129
2012-12-03,14580.304995872215
2012-12-04,14809.57142891159
2012-12-05,14758.683972589923
2012-12-06,14789.182552706932
2012-12-07,14802.994833631654
2012-12-10,14547.164120874551
2012-12-11,14739.253475087293
2012-12-12,14868.444771893699
2012-12-13,14825.588247630503
2012-12-14,14837.21309452354
2012-12-17,15049.690159230975
2012-12-18,15142.294622480951
2012-12-19,15054.871250303524
2012-12-20,15153.997969724833
2012-12-21,15007.883941970706
2012-12-24,15028.352184520854
2012-12-25,15041.312024999983
2012-12-26,15067.831251566306
2012-12-27,15100.66855080789
2012-12-28,15041.372130083004
2012-12-31,15009.798656805442
2013-01-02,15620.32480110948
2013-01-03,15520.233630653069
2013-01-04,15744.804794940825
2013-01-07,15481.4802826712
2013-01-08,15714.883488021394
2013-01-09,15822.327600344723
2013-01-10,15911.632911435507
2013-01-11,15911.487986803266
2013-01-14,15714.492294433188
2013-01-15,16095.753798468291
2013-01-16,15881.727269364146
2013-01-17,15830.247095842798
2013-01-18,15967.378073402639
2013-01-21,15801.924037319532
2013-01-22,16065.736679089787
2013-01-23,16089.925756940238
2013-01-24,16635.462053355477
2013-01-25,16897.776851583563
2013-01-28,16688.57857906425
2013-01-29,16976.66534266132
2013-01-30,16852.931774674584
2013-01-31,16819.569737271137
2013-02-01,17168.671444348944
2013-02-04,16767.80209684801
2013-02-05,17228.428501589653
2013-02-06,17346.841353927677
2013-02-07,17320.01462395831
2013-02-08,17420.095639770727
2013-02-11,17179.04731248488
2013-02-12,17504.99513271353
2013-02-13,17621.41892749904
2013-02-14,17719.404155493386
2013-02-15,17649.0329351876
2013-02-18,17392.805346780184
2013-02-19,17769.005795346762
2013-02-20,17513.63836520369
2013-02-21,17300.04945318396
2013-02-22,17578.124592415716
2013-02-25,16976.496223745275
2013-02-26,17437.646887822877
2013-02-27,17586.2810348639
2013-02-28,17587.357093010833
2013-03-01,17579.38754617376
2013-03-04,17738.636322141014
2013-03-05,18005.80003321945
2013-03-06,18145.519761383912
2013-03-07,18244.84203111257
2013-03-08,18385.472476945262
2013-03-11,18239.828099544924
2013-03-12,18353.440839802
2013-03-13,18452.384622345842
2013-03-14,18630.854874729535
2013-03-15,18754.099568759997
2013-03-18,18475.624732226883
2013-03-19,18318.351680281146
2013-03-20,17956.234011287794
2013-03-21,17664.73911490442
2013-03-22,17579.353031533963
2013-03-25,17597.46727258948
2013-03-26,18098.377706582673
2013-03-27,18192.157955876348
2013-03-28,18004.08025386847
2013-03-29,18132.907425336172
2013-04-01,17648.608422284957
2013-04-02,17527.322175385234
2013-04-03,17401.950802535197
2013-04-04,17530.741763508533
2013-04-05,17292.54654195601
2013-04-08,17038.268167994123
2013-04-09,17215.935153401588
2013-04-10,17440.397362979224
2013-04-11,17719.923599794853
2013-04-12,17849.113140837522
2013-04-15,17667.118324534258
2013-04-16,17818.07523392059
2013-04-17,17523.245509882057
2013-04-18,17446.697529527315
2013-04-19,17581.86145512773
2013-04-22,17628.069322140986
2013-04-23,18178.16949850201
2013-04-24,18196.62797130056
2013-04-25,18373.38104461903
2013-04-26,18571.540745193826
2013-04-29,18493.952297244286
2013-04-30,18753.56524440559
2013-05-01,18642.586313866006
2013-05-02,18849.575748553074
2013-05-03,19013.372087764394
2013-05-06,18747.362629130846
2013-05-07,19083.014621271723
2013-05-08,19183.457164137366
2013-05-09,18717.55694139605
2013-05-10,19165.7897789279
2013-05-13,19035.61020118467
2013-05-14,19389.18048139671
2013-05-15,19515.174103711848
2013-05-16,19402.71584671946
2013-05-17,19454.89119890969
2013-05-20,19530.043449009874
2013-05-21,19510.109203502467
2013-05-22,19428.84732300925
2013-05-23,19673.953662419735
2013-05-24,19689.829205881248
2013-05-27,19379.24365188513
2013-05-28,19710.470353192697
2013-05-29,19800.414978850527
2013-05-30,19940.196798264275
2013-05-31,19686.121375965246
2013-06-03,19407.80436093618
2013-06-04,19606.651066817278
2013-06-05,19245.211102534955
2013-06-06,19113.877315408485
2013-06-07,19587.768243930157
2013-06-10,19522.039612969147
2013-06-11,19238.86738573245
2013-06-12,19033.949748525018
2013-06-13,19241.695105893727
2013-06-14,18978.40861291963
2013-06-17,18805.131765010672
2013-06-18,19011.487739660162
2013-06-19,19005.580678166225
2013-06-20,18721.371631246617
2013-06-21,18710.746402515102
2013-06-24,18475.702665820085
2013-06-25,18584.53434284934
2013-06-26,18707.013978058774
2013-06-27,18923.58226117646
2013-06-28,18796.831171704467
2013-07-01,18660.51299484101
2013-07-02,18777.424501816535
2013-07-03,18794.717561466496
2013-07-04,18830.856187407866
2013-07-05,19030.145119238867
2013-07-08,18951.367003677617
2013-07-09,19411.407497123928
2013-07-10,19324.04080764186
2013-07-11,19461.658584640918
2013-07-12,19525.101218818578
2013-07-15,19301.87821358802
2013-07-16,19578.854213983057
2013-07-17,19550.96544275563
2013-07-18,19576.259349757907
2013-07-19,19425.238265623513
2013-07-22,19202.34858365953
2013-07-23,19447.425949058033
2013-07-24,19358.053391202833
2013-07-25,19489.211166029665
2013-07-26,19437.914872753172
2013-07-29,19082.170462349684
2013-07-30,19406.444594623892
2013-07-31,19410.227747849
2013-08-01,19683.56259599192
2013-08-02,19732.03968043622
2013-08-05,19382.540197624992
2013-08-06,19641.723817224556
2013-08-07,19552.52850223677
2013-08-08,19644.498460040104
2013-08-09,19504.26268788888
2013-08-12,19550.161241366044
2013-08-13,19613.831059107648
2013-08-14,19551.117689094528
2013-08-15,19339.764706415997
2013-08-16,19368.706539528415
2013-08-19,18991.761048854685
2013-08-20,19486.637785862207
2013-08-21,19541.984079869726
2013-08-22,19838.37381609667
2013-08-23,19975.252237797922
2013-08-26,19802.323073936215
2013-08-27,19643.960686507926
2013-08-28,19781.88037486152
2013-08-29,19850.35975092208
2013-08-30,19701.05906142988
2013-09-02,19449.15778378094
2013-09-03,19878.398680076516
2013-09-04,19998.881843376817
2013-09-05,20035.83720210209
2013-09-06,20163.821061935323
2013-09-09,20297.101624491574
2013-09-10,20303.382445866035
2013-09-11,20255.616027109823
2013-09-12,20027.473342767786
2013-09-13,19866.289103954823
2013-09-16,19923.206786289935
2013-09-17,20022.180558774082
2013-09-18,20222.322659853628
2013-09-19,20137.948762485288
2013-09-20,19907.49672795086
2013-09-23,19459.23682049227
2013-09-24,19908.18005548378
2013-09-25,20011.43956396248
2013-09-26,20055.324070008177
2013-09-27,19975.67383066515
2013-09-30,19567.07649339414
2013-10-01,19923.8613245646
2013-10-02,20071.438791751374
2013-10-03,19908.650120305043
2013-10-04,20073.76775248751
2013-10-07,19709.493853657386
2013-10-08,19412.937270480696
2013-10-09,19578.281758093563
2013-10-10,20044.974854338634
2013-10-11,20000.510109161005
2013-10-14,20195.277405666926
2013-10-15,20095.50202283057
2013-10-16,20332.456477895154
2013-10-17,20522.02984572385
2013-10-18,20521.945721595606
2013-10-21,20629.84130874696
2013-10-22,20723.803658826564
2013-10-23,20651.76445790935
2013-10-24,20929.44651426215
2013-10-25,20960.317067085445
2013-10-28,20787.319577629874
2013-10-29,20912.760298438774
2013-10-30,20891.655787270636
2013-10-31,20800.15769651439
2013-11-01,20859.19494514651
2013-11-04,20701.88735805209
2013-11-05,20999.093743064015
2013-11-06,21013.77221217067
2013-11-07,20700.545604694154
2013-11-08,21018.934729279303
2013-11-11,20873.006975663597
2013-11-12,21100.473461033853
2013-11-13,21294.414216561105
2013-11-14,21379.26763447362
2013-11-15,21486.33031135672
2013-11-18,21030.868392550605
2013-11-19,21244.699060373885
2013-11-20,21178.2909022602
2013-11-21,21391.479638425233
2013-11-22,21555.183113155785
2013-11-25,21480.73345448349
2013-11-26,21663.423722808835
2013-11-27,21699.011674056554
2013-11-28,21739.80346353897
2013-11-29,21802.40971949637
2013-12-02,21660.507630728025
2013-12-03,21564.689088131345
2013-12-04,21637.86063488373
2013-12-05,21570.948196814737
2013-12-06,21742.343895527334
2013-12-09,21433.195177625443
2013-12-10,21791.407894811207
2013-12-11,21596.84617135996
2013-12-12,21479.5864842852
2013-12-13,21592.624679255816
2013-12-16,21663.740460064982
2013-12-17,21551.537479408653
2013-12-18,21934.25475921016
2013-12-19,21957.657029361562
2013-12-20,22156.963030593335
2013-12-23,21914.604003701596
2013-12-24,22360.760626022184
2013-12-25,22345.6320101686
2013-12-26,22490.808126958476
2013-12-27,22379.581664954458
2013-12-30,22451.059995266376
2013-12-31,22556.1288734211
2014-01-02,22401.002876661823
2014-01-03,22578.12676235587
2014-01-06,22544.50180855368
2014-01-07,22709.292760609165
2014-01-08,22699.901810933578
2014-01-09,22676.210397501498
2014-01-10,22708.447785085504
2014-01-13,22448.070927391207
2014-01-14,22655.324687840144
2014-01-15,22693.98108900025
2014-01-16,22719.782779092853
2014-01-17,22763.146767489518
2014-01-20,22571.802998092673
2014-01-21,22790.67004095261
2014-01-22,22871.131681413113
2014-01-23,22796.43718002769
2014-01-24,22355.106679059627
2014-01-27,21920.915425700692
2014-01-28,22315.375093216022
2014-01-29,22101.47935039485
2014-01-30,22287.381289215988
2014-01-31,22028.5597475941
2014-02-03,21775.473778167398
2014-02-04,21846.42321787984
2014-02-05,21709.577632231703
2014-02-06,21911.286386639662
2014-02-07,22219.182251547834
2014-02-10,21896.6363658836
2014-02-11,22499.257758320033
2014-02-12,22507.876786535926
2014-02-13,22426.005788550563
2014-02-14,22534.678743392793
2014-02-17,22379.93165690182
2014-02-18,22401.983619506667
2014-02-19,22363.72855924801
2014-02-20,22529.387053487884
2014-02-21,22438.147114987114
2014-02-24,22592.45841842489
2014-02-25,22512.886597444274
2014-02-26,22486.99362914548
2014-02-27,22566.93929972528
2014-02-28,22553.10052419959
2014-03-03,22216.647378764264
2014-03-04,22681.136782479938
2014-03-05,22565.888539247415
2014-03-06,22585.818692640336
2014-03-07,22448.109308114086
2014-03-10,22166.347876988275
2014-03-11,22428.641055882243
2014-03-12,22471.480631101203
2014-03-13,22232.45147144838
2014-03-14,22093.772475537477
2014-03-17,21866.50577703608
2014-03-18,22293.190762566002
2014-03-19,22064.419043277077
2014-03-20,22180.58489589061
2014-03-21,22013.545133191536
2014-03-24,21777.574097487435
2014-03-25,21866.544390040788
2014-03-26,21785.864063596
2014-03-27,21660.10746359675
2014-03-28,21615.03594100322
2014-03-31,21766.38243394078
2014-04-01,21832.64638264455
2014-04-02,21843.350780783567
2014-04-03,21783.007839388625
2014-04-04,21590.694980061333
2014-04-07,21382.504747900235
2014-04-08,21433.130316862833
2014-04-09,21535.870744709235
2014-04-10,21275.747651806807
2014-04-11,21233.379660356357
2014-04-14,21392.811984448024
2014-04-15,21495.629357908136
2014-04-16,21639.09463085336
2014-04-17,21747.375225652424
2014-04-18,21749.255608620115
2014-04-21,21631.552374493975
2014-04-22,21959.75980285824
2014-04-23,22080.109407569846
2014-04-24,22061.173944193713
2014-04-25,21881.966334426786
2014-04-28,21778.035573544064
2014-04-29,21949.054400836398
2014-04-30,21903.577027968
2014-05-01,21926.448206143556
2014-05-02,21937.258387653023
2014-05-05,22020.332522464378
2014-05-06,21705.40500999754
2014-05-07,21815.357369096822
2014-05-08,21536.237938771304
2014-05-09,21524.656622388124
2014-05-12,21796.819876041172
2014-05-13,21832.399655312467
2014-05-14,21910.874569213847
2014-05-15,21640.354065520816
2014-05-16,21701.952769418524
2014-05-19,21558.683186826936
2014-05-20,21729.341634058266
2014-05-21,22007.656182460392
2014-05-22,21978.97102223976
2014-05-23,22037.103016578876
2014-05-26,22040.582520779102
2014-05-27,22154.223780334003
2014-05-28,22212.593468032155
2014-05-29,22463.338960855614
2014-05-30,22623.494389527998
2014-06-02,22788.60837607594
2014-06-03,22885.996507217555
2014-06-04,22813.426487634828
2014-06-05,22946.910426588198
2014-06-06,23108.796333686205
2014-06-09,22999.22870106002
2014-06-10,23112.627909102102
2014-06-11,23098.952365521378
2014-06-12,22998.372161252482
2014-06-13,23062.299425866506
2014-06-16,23090.15902552213
2014-06-17,23093.120888151876
2014-06-18,23082.247244899787
2014-06-19,23249.03844704985
2014-06-20,23367.71464464263
2014-06-23,23345.041628288942
2014-06-24,23238.292550104838
2014-06-25,23444.765495945117
2014-06-26,23494.693742551714
2014-06-27,23542.469741624354
2014-06-30,23618.67567930939
2014-07-01,23806.55220627233
2014-07-02,23835.91324502853
2014-07-03,23899.602115387475
2014-07-04,23910.90336484032
2014-07-07,23817.59087822052
2014-07-08,23727.64452570785
2014-07-09,23844.205128573376
2014-07-10,23710.332256807553
2014-07-11,23652.05792421425
2014-07-14,23727.53469762543
2014-07-15,23636.05520729027
2014-07-16,24017.431171288925
2014-07-17,23859.79644989106
2014-07-18,24018.453951955893
2014-07-21,23675.87027915618
2014-07-22,23872.19237803641
2014-07-23,23789.582781359786
2014-07-24,23757.29197985726
2014-07-25,23791.902867663815
2014-07-28,23750.837420261298
2014-07-29,23621.200309735847
2014-07-30,23621.978059629957
2014-07-31,23311.118411298008
2014-08-01,23256.608166390102
2014-08-04,23477.684327653737
2014-08-05,23468.81234534367
2014-08-06,23251.787929650833
2014-08-07,23185.168834586155
2014-08-08,23340.739129883394
2014-08-11,23386.29159080725
2014-08-12,23343.067646913678
2014-08-13,23721.593497475686
2014-08-14,23582.386768209617
2014-08-15,23694.06792668385
2014-08-18,23844.850510324428
2014-08-19,23917.213593290595
2014-08-20,24129.25731061788
2014-08-21,24167.410691856297
2014-08-22,24195.69784841673
2014-08-25,24419.644567181705
2014-08-26,24318.694868647017
2014-08-27,24309.781594980795
2014-08-28,24239.000045005672
2014-08-29,24413.915413264112
2014-09-01,24247.15597950588
2014-09-02,24423.0114534589
2014-09-03,24389.140964108672
2014-09-04,24247.041993579584
2014-09-05,24331.579276971996
2014-09-08,24354.656551902768
2014-09-09,24087.517794373645
2014-09-10,24202.029382962046
2014-09-11,24273.90655501557
2014-09-12,24181.177607018763
2014-09-15,23665.82816382494
2014-09-16,24223.15449194915
2014-09-17,24230.497549643045
2014-09-18,24597.475747101562
2014-09-19,24578.167115265605
2014-09-22,24106.600687626604
2014-09-23,24391.115169800458
2014-09-24,24568.629703340273
2014-09-25,24209.084980925167
2014-09-26,24549.697142368943
2014-09-29,24325.14071531245
2014-09-30,24635.409353710278
2014-10-01,24377.63282395204
2014-10-02,24167.895106835538
2014-10-03,24483.038682374794
2014-10-06,24247.13312739521
2014-10-07,24082.909729506853
2014-10-08,24441.952035205282
2014-10-09,24289.207908519948
2014-10-10,24018.758057304287
2014-10-13,23489.32036320984
2014-10-14,23783.350712690164
2014-10-15,23552.517369344463
2014-10-16,23243.812127877998
2014-10-17,23525.281395147118
2014-10-20,23635.21876799979
2014-10-21,23874.22098448902
2014-10-22,23767.73712394223
2014-10-23,23977.459702482887
2014-10-24,24303.082204360904
2014-10-27,24104.19160437547
2014-10-28,24674.023981218692
2014-10-29,24678.275552325387
2014-10-30,24791.6259296847
2014-10-31,25017.279842320666
2014-11-03,24786.9293523009
2014-11-04,25341.901737385797
2014-11-05,25401.434405127708
2014-11-06,25618.136003433156
2014-11-07,25531.26631901959
2014-11-10,25128.27950623585
2014-11-11,25646.429819166813
2014-11-12,25590.448430399894
2014-11-13,25816.491484143433
2014-11-14,25542.650582155533
2014-11-17,25578.989102139192
2014-11-18,25660.483067227233
2014-11-19,25603.785823228514
2014-11-20,25625.035045443004
2014-11-21,25635.504438663953
2014-11-24,25761.316239619264
2014-11-25,25887.81399622106
2014-11-26,25783.744745119162
2014-11-27,25836.423545552476
2014-11-28,25903.935471010886
2014-12-01,25536.376009414704
2014-12-02,25856.855650210648
2014-12-03,25927.4294809037
2014-12-04,25982.545741138318
2014-12-05,25970.308093065712
2014-12-08,25924.60814970441
2014-12-09,25929.709688037798
2014-12-10,25633.10458481921
2014-12-11,25651.86565760811
2014-12-12,25453.06281646963
2014-12-15,25342.77569409045
2014-12-16,25083.74752184586
2014-12-17,25351.100284670058
2014-12-18,25748.29527301087
2014-12-19,25613.82406353133
2014-12-22,25752.389454845827
2014-12-23,25869.91254554519
2014-12-24,25859.958998805032
2014-12-25,25863.304657543074
2014-12-26,25849.256637420036
2014-12-29,25756.38883244488
2014-12-30,25854.714943169274
2014-12-31,25667.001913318258
2015-01-02,25614.25783500053
2015-01-05,25531.579620973436
2015-01-06,25313.471826846475
2015-01-07,25461.118624487215
2015-01-08,25749.029672086996
2015-01-09,25613.33937399745
2015-01-12,25509.60950436509
2015-01-13,25631.463580927622
2015-01-14,25416.424310690054
2015-01-15,25324.0073023386
2015-01-16,25589.0369595579
2015-01-19,25477.95562227985
2015-01-20,25597.15323638955
2015-01-21,25673.310871800768
2015-01-22,25889.49592021093
2015-01-23,25783.85321185889
2015-01-26,25862.86973595573
2015-01-27,25437.341429870245
2015-01-28,25206.148370212468
2015-01-29,25340.959679897063
2015-01-30,25211.967683607796
2015-02-02,25319.0653740564
2015-02-03,25367.747057236786
2015-02-04,25500.13054349008
2015-02-05,25705.185790679494
2015-02-06,25547.245527453684
2015-02-09,25486.341159680225
2015-02-10,25728.72777933
2015-02-11,25705.333235477596
2015-02-12,25981.26241506536
2015-02-13,26009.679427162275
2015-02-16,25964.950553652347
2015-02-17,25948.796835373163
2015-02-18,25968.55074940608
2015-02-19,26003.5043803964
2015-02-20,26186.60498003031
2015-02-23,26135.706605060295
2015-02-24,26214.208220154596
2015-02-25,26132.181643428572
2015-02-26,26116.541644103167
2015-02-27,25883.05679903818
2015-03-02,26232.240492947807
2015-03-03,25944.564364255442
2015-03-04,25851.855510923222
2015-03-05,25663.144826789634
2015-03-06,25731.886293097657
2015-03-09,25834.190707749967
2015-03-10,25213.857921328403
2015-03-11,25189.275633370016
2015-03-12,25545.767708877105
2015-03-13,25363.39774306308
2015-03-16,25572.420943756148
2015-03-17,25497.816077436095
2015-03-18,25604.607098305558
2015-03-19,25443.49992006104
2015-03-20,25674.62029714763
2015-03-23,25536.195283165205
2015-03-24,25432.294699807826
2015-03-25,25017.249051059796
2015-03-26,24948.677015463058
2015-03-27,24988.290781106436
2015-03-30,25206.062366685113
2015-03-31,25075.627634538836
2015-04-01,25028.59218919476
2015-04-02,24989.826230745788
2015-04-03,25001.611633886278
2015-04-06,24948.260215713555
2015-04-07,24987.93701324938
2015-04-08,25322.220616784994
2015-04-09,25367.840149379485
2015-04-10,25527.17959341631
2015-04-13,25473.483341140953
2015-04-14,25491.48483119997
2015-04-15,25546.429184315777
2015-04-16,25738.185648484818
2015-04-17,25498.237017669162
2015-04-20,25646.51701011274
2015-04-21,25706.493794204118
2015-04-22,25688.70427541223
2015-04-23,25813.25487628873
2015-04-24,25899.850617783184
2015-04-27,25989.187212222605
2015-04-28,25930.210848725106
2015-04-29,25888.616803918478
2015-04-30,25702.18835782395
2015-05-01,25935.358817235778
2015-05-04,26072.091609375515
2015-05-05,26047.675713552257
2015-05-06,25967.42418784429
2015-05-07,25900.03278000241
2015-05-08,26359.61324678843
2015-05-11,26270.404366076353
2015-05-12,26380.494167682817
2015-05-13,26443.73420725859
2015-05-14,26478.76568892355
2015-05-15,26458.26429178178
2015-05-18,26505.241631821347
2015-05-19,26284.43773649357
2015-05-20,26361.388618867622
2015-05-21,26497.042746196676
2015-05-22,26311.292327038896
2015-05-25,26410.46934814035
2015-05-26,26168.822710341377
2015-05-27,26421.271288285174
2015-05-28,26419.556715206505
2015-05-29,26246.036917894748
2015-06-01,26352.987593883303
2015-06-02,26321.26292801393
2015-06-03,26395.112212577773
2015-06-04,26203.03574454253
2015-06-05,26271.825200815496
2015-06-08,26249.353575118916
2015-06-09,26231.06935621678
2015-06-10,26569.814795082806
2015-06-11,26462.154552547436
2015-06-12,26402.675468944602
2015-06-15,26391.2410241927
2015-06-16,26401.601014808857
2015-06-17,26383.54754241439
2015-06-18,26563.56529836171
2015-06-19,26398.014086062358
2015-06-22,26503.640457016718
2015-06-23,26658.84341112625
2015-06-24,26550.24408216276
2015-06-25,26421.897413236024
2015-06-26,26368.36275804704
2015-06-29,26436.639828496805
2015-06-30,26103.155119211275
2015-07-01,26233.618972730306
2015-07-02,26185.972037382922
2015-07-03,26151.74477325843
2015-07-06,26336.3475075262
2015-07-07,26090.703839159964
2015-07-08,25881.52836927228
2015-07-09,26003.72715438156
2015-07-10,26180.526215958984
2015-07-13,26527.348076075272
2015-07-14,26682.38502634946
2015-07-15,26690.945205450684
2015-07-16,27215.366372077362
2015-07-17,27162.278665524347
2015-07-20,27093.007536250225
2015-07-21,27212.747921283455
2015-07-22,27138.932351618572
2015-07-23,27124.9734064098
2015-07-24,27106.67147796153
2015-07-27,27042.65466406979
2015-07-28,27131.025849352212
2015-07-29,27313.710448259277
2015-07-30,27553.0224182426
2015-07-31,27621.811650618904
2015-08-03,27643.322925811197
2015-08-04,27669.68642396947
2015-08-05,27633.242836082132
2015-08-06,27435.90634863954
2015-08-07,27404.848825602483
2015-08-10,27561.703756971587
2015-08-11,27397.321114497736
2015-08-12,27486.508742223796
2015-08-13,27492.09947045034
2015-08-14,27503.23348506456
2015-08-17,27720.81376840454
2015-08-18,27760.958323886043
2015-08-19,27647.209125808724
2015-08-20,27013.794325789993
2015-08-21,26282.372519117984
2015-08-24,25904.29474182556
2015-08-25,25887.524269589256
2015-08-26,26343.655583556185
2015-08-27,26594.29506849203
2015-08-28,26596.940876004322
2015-08-31,26504.255138854947
2015-09-01,26292.773796598845
2015-09-02,26423.58371636427
2015-09-03,26352.92891508466
2015-09-04,26255.364358431183
2015-09-07,26300.079122968775
2015-09-08,26531.907083846818
2015-09-09,26353.552931201906
2015-09-10,26484.774191513032
2015-09-11,26464.65532689266
2015-09-14,26385.668446690583
2015-09-15,26502.156532210916
2015-09-16,26624.412079893602
2015-09-17,26601.050498072425
2015-09-18,26512.100565203185
2015-09-21,26498.31345034166
2015-09-22,26401.615269351405
2015-09-23,26512.61759162819
2015-09-24,26641.278540038584
2015-09-25,26591.995948634136
2015-09-28,26211.76901554888
2015-09-29,26277.09457843746
2015-09-30,26466.558093212217
2015-10-01,26502.53979261091
2015-10-02,26621.575555071086
2015-10-05,26826.062065620914
2015-10-06,26747.121528977557
2015-10-07,26842.301226160966
2015-10-08,26826.212559593077
2015-10-09,26873.627414537284
2015-10-12,26897.426699160103
2015-10-13,26803.474764125644
2015-10-14,26874.977673523335
2015-10-15,26851.39182672784
2015-10-16,26803.263711243264
2015-10-19,27012.0507997502
2015-10-20,27019.657492572052
2015-10-21,26848.039295136085
2015-10-22,27101.727300087012
2015-10-23,27505.673137353835
2015-10-26,27664.813032341193
2015-10-27,27564.279402023956
2015-10-28,27681.68473120077
2015-10-29,27616.14773643949
2015-10-30,27714.13948722169
2015-11-02,27901.180032717344
2015-11-03,27985.543744408857
2015-11-04,27927.813619717497
2015-11-05,27844.53071821965
2015-11-06,27859.98198862301
2015-11-09,27725.101384422625
2015-11-10,27765.784176598216
2015-11-11,27724.347807635037
2015-11-12,27473.659973246828
2015-11-13,27149.962280713073
2015-11-16,27357.98409266187
2015-11-17,27197.48685416675
2015-11-18,27442.128045223075
2015-11-19,27544.24035768833
2015-11-20,27526.732228537127
2015-11-23,27115.159898230806
2015-11-24,27530.240308231558
2015-11-25,27427.14725124976
2015-11-26,27361.891210857895
2015-11-27,27399.01815112879
2015-11-30,27498.4563530236
2015-12-01,27654.494887252804
2015-12-02,27453.204589700097
2015-12-03,27293.12603125253
2015-12-04,27764.23078446069
2015-12-07,27507.07859871943
2015-12-08,27456.0808547524
2015-12-09,27428.283456342684
2015-12-10,27490.998969647244
2015-12-11,27120.844278164826
2015-12-14,26918.847136878812
2015-12-15,27333.54243071155
2015-12-16,27566.29398310291
2015-12-17,27222.527476259227
2015-12-18,27012.097285666856
2015-12-21,27115.609829337045
2015-12-22,27140.265631205846
2015-12-23,27326.446782632047
2015-12-24,27262.67542227735
2015-12-25,26764.236986562108
2015-12-28,26775.431325877154
2015-12-29,27541.59452669739
2015-12-30,27311.02179035468
2015-12-31,27074.217142267695
2016-01-01,26706.608130363453
2016-01-04,26379.215936342054
2016-01-05,26646.332990291685
2016-01-06,26569.6825168163
2016-01-07,26375.41874344938
2016-01-08,26249.093672218398
2016-01-11,25950.12550348746
2016-01-12,26328.739712943858
2016-01-13,26141.04583705647
2016-01-14,26241.259651818706
2016-01-15,26070.988033523467
2016-01-18,25814.53769694432
2016-01-19,26103.947634031912
2016-01-20,26085.06803505813
2016-01-21,26133.156842671928
2016-01-22,26240.222842733376
2016-01-25,26111.194342842573
2016-01-26,26284.81556886787
2016-01-27,26065.732069511403
2016-01-28,26179.64642232382
2016-01-29,26350.60997765577
2016-02-01,26199.03461315495
2016-02-02,26217.599003637722
2016-02-03,26331.062162176117
2016-02-04,26294.375248042244
2016-02-05,26118.285660596728
2016-02-08,26194.03383474101
2016-02-09,26151.8672466668
2016-02-10,26082.494478525194
2016-02-11,26289.965874733476
2016-02-12,26354.020864310336
2016-02-15,26249.936361219203
2016-02-16,26423.708548481794
2016-02-17,26566.185452442933
2016-02-18,26601.16513368042
2016-02-19,26620.95057274372
2016-02-22,26284.67319396171
2016-02-23,26678.402622199694
2016-02-24,26815.342979887842
2016-02-25,26887.782285770027
2016-02-26,26676.97195112641
2016-02-29,26516.579141279948
2016-03-01,26708.58977698445
2016-03-02,26790.839532824626
2016-03-03,26865.32816850577
2016-03-04,26882.140644734263
2016-03-07,26671.196892554406
2016-03-08,26786.92358491448
2016-03-09,26723.681686107953
2016-03-10,26783.96504576576
2016-03-11,26763.767956188643
2016-03-14,26094.55954497287
2016-03-15,26510.699136422514
2016-03-16,26613.819275734168
2016-03-17,26774.28587005429
2016-03-18,26605.2497457708
2016-03-21,26610.907316276232
2016-03-22,26652.844940110735
2016-03-23,26578.037491745425
2016-03-24,26735.48495673331
2016-03-25,26719.813199598495
2016-03-28,26738.889027489084
2016-03-29,26949.705520345215
2016-03-30,27053.783116078772
2016-03-31,27030.003497846963
2016-04-01,26934.3183946518
2016-04-04,26874.116097589616
2016-04-05,26713.388390941112
2016-04-06,26757.408416506627
2016-04-07,26602.336898302186
2016-04-08,26681.88175734242
2016-04-11,26665.88234057623
2016-04-12,26908.52100565579
2016-04-13,26822.529123203283
2016-04-14,26714.237825475702
2016-04-15,26754.40638431082
2016-04-18,26830.515059284266
2016-04-19,27025.961414551544
2016-04-20,26904.796292462695
2016-04-21,26816.260142911808
2016-04-22,26747.04931996502
2016-04-25,26807.87639018696
2016-04-26,26952.485242040835
2016-04-27,27050.70494338605
2016-04-28,26936.996939915203
2016-04-29,27038.345385467666
2016-05-02,27128.776781250384
2016-05-03,26795.544051294368
2016-05-04,26548.13693705082
2016-05-05,26617.081989734128
2016-05-06,26856.5734110394
2016-05-09,26555.589925667613
2016-05-10,26929.657099611995
2016-05-11,26904.76582427345
2016-05-12,26944.984754475336
2016-05-13,26757.269295725513
2016-05-16,27047.135655668426
2016-05-17,27023.830133980286
2016-05-18,27102.393112744667
2016-05-19,27076.122261711273
2016-05-20,27179.573720775104
2016-05-23,27140.32119482519
2016-05-24,27184.736253547537
2016-05-25,27455.272967732446
2016-05-26,27337.06486675732
2016-05-27,27304.05869816412
2016-05-30,27424.62621351361
2016-05-31,27354.723592922863
2016-06-01,27296.50456401622
2016-06-02,27387.584431405907
2016-06-03,27577.74056464196
2016-06-06,27605.68652815992
2016-06-07,27411.901133721658
2016-06-08,27575.149138227225
2016-06-09,27245.332500677254
2016-06-10,27010.372703802623
2016-06-13,27658.086333512198
2016-06-14,27607.916541428698
2016-06-15,27760.518117064054
2016-06-16,27857.87338315259
2016-06-17,27977.419042956015
2016-06-20,28046.664374921536
2016-06-21,27996.71129746358
2016-06-22,27600.645393449664
2016-06-23,28019.003158804186
2016-06-24,27310.50156218627
2016-06-27,27096.871901353195
2016-06-28,27276.86448515398
2016-06-29,27506.70792269206
2016-06-30,27870.7415854134
2016-07-01,27900.201388401914
2016-07-04,27297.55820630602
2016-07-05,27739.813109517196
2016-07-06,28015.015389266115
2016-07-07,27767.73363121809
2016-07-08,28102.24367405362
2016-07-11,27929.442202390488
2016-07-12,27992.06795469586
2016-07-13,28090.769742928536
2016-07-14,28054.48078274371
2016-07-15,27894.659453381366
2016-07-18,27919.055596929687
2016-07-19,28091.45849044285
2016-07-20,28100.931149610413
2016-07-21,28078.583192312908
2016-07-22,27961.078554748852
2016-07-25,27924.29391075867
2016-07-26,28052.98755486747
2016-07-27,27970.11197276569
2016-07-28,27897.555205649856
2016-07-29,28076.538382357016
2016-08-01,27801.795847958885
2016-08-02,27507.35575520959
2016-08-03,27602.43863567379
2016-08-04,27660.568356679923
2016-08-05,27758.458520861914
2016-08-08,27851.36554161376
2016-08-09,27885.58927533628
2016-08-10,27563.781338949204
2016-08-11,27581.03092909902
2016-08-12,27601.346224249726
2016-08-15,27628.6245114896
2016-08-16,27367.38896817308
2016-08-17,27374.33872614772
2016-08-18,27557.507943452543
2016-08-19,27434.246468409834
2016-08-22,27462.81506830271
2016-08-23,27580.311553197946
2016-08-24,27553.72390289545
2016-08-25,27722.110533763807
2016-08-26,27675.00053644015
2016-08-29,27771.24034889724
2016-08-30,27629.315001048402
2016-08-31,27653.412724167687
2016-09-01,27673.38718256068
2016-09-02,27574.69996264228
2016-09-05,27332.789848662098
2016-09-06,27571.906256129816
2016-09-07,27525.48893548907
2016-09-08,27265.84662432241
2016-09-09,26792.714885028967
2016-09-12,26844.920497399613
2016-09-13,26913.264115633498
2016-09-14,27025.34544615419
2016-09-15,27327.7509879426
2016-09-16,27331.798287455695
2016-09-19,27472.30945706786
2016-09-20,27261.20618035902
2016-09-21,27498.182939919952
2016-09-22,27682.540987707533
2016-09-23,27508.309074857698
2016-09-26,26944.38139646642
2016-09-27,27519.22649562911
2016-09-28,27478.966300840053
2016-09-29,27504.611306531322
2016-09-30,27720.604151494008
2016-10-03,27709.170346483574
2016-10-04,27831.585305037486
2016-10-05,28051.074365285654
2016-10-06,28119.570033121894
2016-10-07,28092.024448745848
2016-10-10,27831.161286676714
2016-10-11,27545.434521155286
2016-10-12,27416.529993443466
2016-10-13,27562.08317022163
2016-10-14,27435.934015280243
2016-10-17,27048.409886916557
2016-10-18,27511.869802419416
2016-10-19,27524.55031350812
2016-10-20,27385.383852388302
2016-10-21,27596.069124609963
2016-10-24,27793.008615097282
2016-10-25,27758.734794496857
2016-10-26,27522.918568330344
2016-10-27,27567.67884182868
2016-10-28,27423.118182213682
2016-10-31,27465.287130023225
2016-11-01,27485.485292225254
2016-11-02,27413.28697663343
2016-11-03,27101.65727503544
2016-11-04,27174.986471838634
2016-11-07,27762.75830419975
2016-11-08,27769.176129824893
2016-11-09,28076.960036768956
2016-11-10,28239.47287783704
2016-11-11,28519.6128697861
2016-11-14,27986.74622310431
2016-11-15,28724.034756322948
2016-11-16,28759.696089514222
2016-11-17,28968.585744488733
2016-11-18,29114.323118250806
2016-11-21,29279.429454250607
2016-11-22,29399.07276430053
2016-11-23,29291.489342628603
2016-11-24,29443.189961466243
2016-11-25,29445.16388973082
2016-11-28,28645.237829264526
2016-11-29,29154.08593266994
2016-11-30,29517.865672623
2016-12-01,29641.56025229267
2016-12-02,29692.763830736494
2016-12-05,29808.71153384729
2016-12-06,30014.486453404872
2016-12-07,30417.829857149354
2016-12-08,30580.77796583482
2016-12-09,30651.258352680732
2016-12-12,30525.36120790698
2016-12-13,30498.494991883268
2016-12-14,30536.44793391216
2016-12-15,30763.261887110137
2016-12-16,30804.1473116336
2016-12-19,30424.540512331514
2016-12-20,31002.34205612916
2016-12-21,31224.586718084785
2016-12-22,31371.345913556746
2016-12-23,31677.34072880186
2016-12-26,31621.858347406727
2016-12-27,31814.596802661355
2016-12-28,31791.39510154845
2016-12-29,31707.571499872014
2016-12-30,31530.90816886059
2017-01-02,31639.400048986223
2017-01-03,32054.849466764263
2017-01-04,32639.199212172913
2017-01-05,32051.923440752216
2017-01-06,31609.393128724445
2017-01-09,31621.520218782138
2017-01-10,31635.35670666364
2017-01-11,31293.317381023255
2017-01-12,31050.759144886117
2017-01-13,31087.837098370775
2017-01-16,31163.844382356474
2017-01-17,31112.56419030316
2017-01-18,31005.276784752223
2017-01-19,31085.57004131176
2017-01-20,31204.530253629622
2017-01-23,31041.764821187466
2017-01-24,31228.45010073937
2017-01-25,31594.978105720547
2017-01-26,31745.218834171843
2017-01-27,31693.828926459268
2017-01-30,31334.00841075683
2017-01-31,31336.72023820766
2017-02-01,31426.881868081717
2017-02-02,31402.671719903217
2017-02-03,31765.344094351403
2017-02-06,31662.90924172315
2017-02-07,31648.137391783937
2017-02-08,31604.64317685177
2017-02-09,31572.181819902144
2017-02-10,31586.765310058614
2017-02-13,31692.9277462543
2017-02-14,31927.928004234454
2017-02-15,32033.83412983637
2017-02-16,32050.0877309334
2017-02-17,32073.730199194455
2017-02-20,32179.74502851666
2017-02-21,32479.260639328324
2017-02-22,32429.85862225934
2017-02-23,32569.730377039818
2017-02-24,32510.398974888205
2017-02-27,32572.876753531298
2017-02-28,32537.21678197982
2017-03-01,33140.21110153367
2017-03-02,33153.924786008865
2017-03-03,33261.86038638001
2017-03-06,33148.17735048907
2017-03-07,33051.292723689774
2017-03-08,32889.61034015519
2017-03-09,33049.23662689171
2017-03-10,32944.771600453394
2017-03-13,33301.27565813958
2017-03-14,33361.675056509994
2017-03-15,33515.13614118555
2017-03-16,33236.97620451216
2017-03-17,32777.02325365177
2017-03-20,32614.81068609938
2017-03-21,32329.81855506499
2017-03-22,32066.03925037858
2017-03-23,31976.347728343953
2017-03-24,32257.997266666625
2017-03-27,32219.448327474987
2017-03-28,32338.91977737053
2017-03-29,32327.163025181515
2017-03-30,32470.407392844132
2017-03-31,32400.14354723262
2017-04-03,32310.607543235066
2017-04-04,32368.428475582845
2017-04-05,32322.415149590295
2017-04-06,32454.124306427526
2017-04-07,32441.03485475038
2017-04-10,32473.89383393662
2017-04-11,32513.636372508798
2017-04-12,32376.23559224214
2017-04-13,32207.08738987719
2017-04-14,32154.540733764745
2017-04-17,32439.392285156075
2017-04-18,32339.02611788477
2017-04-19,32344.94240674577
2017-04-20,32567.03576042927
2017-04-21,32601.758653392266
2017-04-24,32621.010927611187
2017-04-25,32881.11125412383
2017-04-26,32939.94197858547
2017-04-27,33152.915159385106
2017-04-28,33263.84832740535
2017-05-01,33593.20228623217
2017-05-02,33775.67262494735
2017-05-03,33731.00956340658
2017-05-04,33978.97592089643
2017-05-05,34164.46955310503
2017-05-08,34671.08125225743
2017-05-09,34763.936102459316
2017-05-10,34838.65049431601
2017-05-11,35002.637165787615
2017-05-12,34752.938037392814
2017-05-15,34782.540223176955
2017-05-16,34931.752756917784
2017-05-17,34562.378174820056
2017-05-18,34677.27381709901
2017-05-19,35064.78502954554
2017-05-22,35315.98221282564
2017-05-23,35511.03401260092
2017-05-24,35930.566201098954
2017-05-25,35831.4590338177
2017-05-26,35527.03390827441
2017-05-29,35456.8173450002
2017-05-30,35395.349599712405
2017-05-31,35547.051688546286
2017-06-01,35771.908187939036
2017-06-02,36228.30792994374
2017-06-05,36470.41691250186
2017-06-06,36635.85037350888
2017-06-07,36469.14965028345
2017-06-08,36633.64251396917
2017-06-09,36069.54353263829
2017-06-12,35599.51617456318
2017-06-13,35895.88630582195
2017-06-14,35392.034834074504
2017-06-15,35111.18685714291
2017-06-16,35149.19062635681
2017-06-19,35621.556789932634
2017-06-20,35552.885354849015
2017-06-21,35678.473109431034
2017-06-22,35643.838015917005
2017-06-23,35704.70486288531
2017-06-26,35259.4470998478
2017-06-27,35030.58753875735
2017-06-28,35389.46583665341
2017-06-29,34897.85253391649
2017-06-30,34681.0809309933
2017-07-03,34587.677403337315
2017-07-04,34696.275266171164
2017-07-05,34921.75997652414
2017-07-06,34774.53277954887
2017-07-07,34921.60808596986
2017-07-10,34911.73603956257
2017-07-11,34837.04739705637
2017-07-12,35149.239912840996
2017-07-13,34940.28309605503
2017-07-14,34930.556865188024
2017-07-17,34783.39424488083
2017-07-18,34769.9193257692
2017-07-19,34838.09866203365
2017-07-20,35009.029945438924
2017-07-21,34814.109975222535
2017-07-24,34744.89125539091
2017-07-25,34540.513880137056
2017-07-26,34686.395874436275
2017-07-27,34666.65828354796
2017-07-28,34859.86447777566
2017-07-31,34812.41741080279
2017-08-01,34588.620866907804
2017-08-02,34615.103097465435
2017-08-03,34629.16450300462
2017-08-04,34736.83730769517
2017-08-07,35435.49436762948
2017-08-08,35413.89442973854
2017-08-09,35222.32192557934
2017-08-10,34891.76087606659
2017-08-11,35065.38376220404
2017-08-14,36014.73434427023
2017-08-15,36010.92882020088
2017-08-16,36247.039752171055
2017-08-17,35864.82528884585
2017-08-18,35595.20370916068
2017-08-21,35448.64600943461
2017-08-22,35835.1129365569
2017-08-23,35926.43535380656
2017-08-24,36273.478331146005
2017-08-25,36128.580221909055
2017-08-28,36300.44024588098
2017-08-29,36760.451317934625
2017-08-30,37049.32357054116
2017-08-31,37492.33537098115
2017-09-01,37762.91027120043
2017-09-04,37166.95559687936
2017-09-05,37045.21907113397
2017-09-06,37290.45732261331
2017-09-07,37359.19802800406
2017-09-08,36950.16536542302
2017-09-11,37206.41344437944
2017-09-12,37292.04323114378
2017-09-13,37050.29357423928
2017-09-14,36278.63450959573
2017-09-15,36190.66935654091
2017-09-18,36732.56654065633
2017-09-19,36554.88450250267
2017-09-20,36624.526532724514
2017-09-21,36142.788104132
2017-09-22,36107.63823714849
2017-09-25,35962.49625192229
2017-09-26,35934.66293936438
2017-09-27,36458.22294259469
2017-09-28,36473.87743870639
2017-09-29,36649.56674290872
2017-10-02,37159.95177687266
2017-10-03,37387.394937449506
2017-10-04,37133.33835883302
2017-10-05,37509.210461218565
2017-10-06,37675.601339827714
2017-10-09,38270.25654333463
2017-10-10,38590.46533860061
2017-10-11,38538.56114771881
2017-10-12,38925.7620115773
2017-10-13,39154.86025449804
2017-10-16,39575.27983703834
2017-10-17,39409.87602687611
2017-10-18,39323.96344161413
2017-10-19,39330.647276710515
2017-10-20,39731.83360980114
2017-10-23,39629.54884306856
2017-10-24,39753.52602291301
2017-10-25,39873.748265463204
2017-10-26,39934.92939468744
2017-10-27,40140.9129027698
2017-10-30,40277.16620655146
2017-10-31,40534.89483812005
2017-11-01,40720.067983069006
2017-11-02,40728.89434523767
2017-11-03,40768.47309186102
2017-11-06,40919.89497700174
2017-11-07,40727.463382394126
2017-11-08,40843.78158021869
2017-11-09,40499.31032904073
2017-11-10,40051.54535386696
2017-11-13,40463.34911017782
2017-11-14,40782.755658695896
2017-11-15,40961.05079463163
2017-11-16,41331.6430066687
2017-11-17,41079.451102562554
2017-11-20,41609.966011856726
2017-11-21,41735.03899102265
2017-11-22,41803.230050599974
2017-11-23,41401.99310112457
2017-11-24,41256.693456642555
2017-11-27,42155.703336730345
2017-11-28,42505.04639805625
2017-11-29,41455.773645488516
2017-11-30,41743.65526242893
2017-12-01,42020.320530714096
2017-12-04,42024.68900949349
2017-12-05,42030.063194744915
2017-12-06,42851.145093724226
2017-12-07,44333.075164927795
2017-12-08,44285.02040996113
2017-12-11,44415.12763014065
2017-12-12,44148.90097818301
2017-12-13,43983.147216552425
2017-12-14,44267.926300872285
2017-12-15,44882.17346714964
2017-12-18,45652.74549546681
2017-12-19,45765.63457078432
2017-12-20,45713.27175292444
2017-12-21,45339.76903562305
2017-12-22,44834.28769845504
2017-12-25,45149.10186018145
2017-12-26,45886.48642234091
2017-12-27,46018.55286070785
2017-12-28,45402.18720967094
2017-12-29,45204.86636345568
2018-01-01,43782.085543809226
2018-01-02,45477.9702933636
2018-01-03,45436.866424225766
2018-01-04,45562.49455553319
2018-01-05,46306.2662768471
2018-01-08,45615.67850593759
2018-01-09,45439.96578241227
2018-01-10,45653.39234546209
2018-01-11,45287.41374718427
2018-01-12,45765.33137698237
2018-01-15,45582.7029004812
2018-01-16,44832.90049971921
2018-01-17,45267.30154187035
2018-01-18,45339.5247411396
2018-01-19,45468.41360152079
2018-01-22,45643.89642624686
2018-01-23,45813.01569733762
2018-01-24,45820.66460701555
2018-01-25,45605.620020460265
2018-01-26,46005.6224726066
2018-01-29,45749.41599952421
2018-01-30,45307.974667604874
2018-01-31,45510.31862619134
2018-02-01,45017.82275410708
2018-02-02,44412.040400515034
2018-02-05,42936.366414400276
2018-02-06,43653.046214158945
2018-02-07,43510.52171208341
2018-02-08,42685.03130361692
2018-02-09,43237.034544098766
2018-02-12,43654.310527334026
2018-02-13,43559.80981721525
2018-02-14,44085.299080612196
2018-02-15,44541.861246303546
2018-02-16,44868.99660349096
2018-02-19,44692.969417952576
2018-02-20,44558.7300431297
2018-02-21,44346.15364748208
2018-02-22,44029.92031934573
2018-02-23,44760.40633464702
2018-02-26,45449.404783143334
2018-02-27,44863.66533327153
2018-02-28,44668.550097594816
2018-03-01,44098.81300405215
2018-03-02,43977.963201919134
2018-03-05,44329.54935298017
2018-03-06,44101.71743406453
2018-03-07,43940.24692894149
2018-03-08,43943.82487347141
2018-03-09,44367.322389717614
2018-03-12,44677.2238633409
2018-03-13,44798.22020098837
2018-03-14,44660.62905130136
2018-03-15,44586.554217327546
2018-03-16,44595.9966715382
2018-03-19,44158.60137396152
2018-03-20,44443.93376894215
2018-03-21,44370.51395558656
2018-03-22,43465.86995605224
2018-03-23,42798.413756733666
2018-03-26,43985.80336483249
2018-03-27,42887.24967112355
2018-03-28,42230.138159386865
2018-03-29,42949.07547156728
2018-03-30,42912.25091120445
2018-04-02,42111.15381743922
2018-04-03,42415.89739663898
2018-04-04,42482.5911907204
2018-04-05,43027.444970492514
2018-04-06,42238.06403958419
2018-04-09,42497.95824134996
2018-04-10,43202.40215979429
2018-04-11,43021.26699351701
2018-04-12,43510.74273145543
2018-04-13,43298.1898900138
2018-04-16,43395.153003669984
2018-04-17,44195.41096169144
2018-04-18,44659.75978686074
2018-04-19,44777.65741210275
2018-04-20,44624.182699912904
2018-04-23,44312.71545139681
2018-04-24,43955.087556067854
2018-04-25,43850.6146047222
2018-04-26,45209.20028556709
2018-04-27,45352.330387098256
2018-04-30,45032.61864842112
2018-05-01,45290.99483329507
2018-05-02,45358.44899690798
2018-05-03,45551.026907881926
2018-05-04,45798.66080003055
2018-05-07,46174.22675416445
2018-05-08,45999.96145858193
2018-05-09,46428.87110365953
2018-05-10,46683.45137543364
2018-05-11,46635.18672781516
2018-05-14,46731.10327594541
2018-05-15,46540.08435113296
2018-05-16,46750.50760518649
2018-05-17,46410.09953821736
2018-05-18,46473.34494677914
2018-05-21,46951.76295069549
2018-05-22,46903.20508930124
2018-05-23,46985.89744575038
2018-05-24,46815.037428990276
2018-05-25,46713.912207990084
2018-05-28,46512.604396998126
2018-05-29,46378.80879426309
2018-05-30,46868.27487323432
2018-05-31,46467.82632658802
2018-06-01,47042.98276427646
2018-06-04,47270.754611143995
2018-06-05,47379.90462062278
2018-06-06,47678.04830565922
2018-06-07,47427.95980368063
2018-06-08,47741.613063054
2018-06-11,47821.22947181747
2018-06-12,47796.5723919772
2018-06-13,48039.23925334056
2018-06-14,48293.71377551265
2018-06-15,48001.131150141395
2018-06-18,48803.712232076694
2018-06-19,48651.14458911226
2018-06-20,48825.96310549864
2018-06-21,48519.40577168267
2018-06-22,48577.36609754569
2018-06-25,47518.43531782575
2018-06-26,47788.31727381642
2018-06-27,47345.98769469677
2018-06-28,47706.635483762504
2018-06-29,48081.22930419307
2018-07-02,47999.68082415808
2018-07-03,47935.081828402304
2018-07-04,47923.51921409479
2018-07-05,48288.58338626378
2018-07-06,48765.844410278085
2018-07-09,49041.72635535188
2018-07-10,49088.76657324067
2018-07-11,49128.06241234012
2018-07-12,49682.06676054307
2018-07-13,49393.20422225764
2018-07-16,49465.7750004752
2018-07-17,49357.6784940423
2018-07-18,49436.22471378514
2018-07-19,49224.058241774736
2018-07-20,49317.67014048395
2018-07-23,49456.6990109775
2018-07-24,50153.84037571136
2018-07-25,50352.87100234076
2018-07-26,50117.28737356322
2018-07-27,50136.94092790126
2018-07-30,49642.54417780799
2018-07-31,49220.704420400834
2018-08-01,49094.04796169371
2018-08-02,49127.84968147106
2018-08-03,49392.441816274986
2018-08-06,49203.15957655986
2018-08-07,49572.39625200315
2018-08-08,49277.18464894568
2018-08-09,49151.034078899116
2018-08-10,48984.787998602704
2018-08-13,49046.053866805676
2018-08-14,49261.24941873894
2018-08-15,48796.14372882351
2018-08-16,48989.09159742261
2018-08-17,48854.935659995455
2018-08-20,49032.099394197605
2018-08-21,48900.144639532715
2018-08-22,48700.4292823196
2018-08-23,48826.2653899233
2018-08-24,49468.53390470015
2018-08-27,49431.94398517066
2018-08-28,49570.817217217445
2018-08-29,49836.70626777027
2018-08-30,49752.5556342505
2018-08-31,49989.377854519706
2018-09-03,50010.7348059543
2018-09-04,50086.78852488145
2018-09-05,50208.237432293936
2018-09-06,49954.51528261531
2018-09-07,49948.509386241734
2018-09-10,50342.04330451638
2018-09-11,50470.429570167165
2018-09-12,50686.525362954155
2018-09-13,50869.08450285496
2018-09-14,50792.46404029341
2018-09-17,50600.47684908169
2018-09-18,50867.312489156335
2018-09-19,50623.013783620125
2018-09-20,50627.74408137581
2018-09-21,50568.09171494365
2018-09-24,50593.80797848043
2018-09-25,50495.99805712665
2018-09-26,50590.08726594237
2018-09-27,50921.474085000365
2018-09-28,51260.26612114147
2018-10-01,51280.25218474572
2018-10-02,50904.982890594954
2018-10-03,50998.6703634476
2018-10-04,50815.137028598016
2018-10-05,50822.79246145914
2018-10-08,50595.33753973292
2018-10-09,50936.171350641205
2018-10-10,49268.5525136232
2018-10-11,48800.36341469108
2018-10-12,49414.32492926168
2018-10-15,49019.33177966257
2018-10-16,49956.75307474034
2018-10-17,49731.17723443917
2018-10-18,49191.46803876882
2018-10-19,48927.2880674364
2018-10-22,49132.15280354194
2018-10-23,49202.45948359709
2018-10-24,47577.671971943964
2018-10-25,47914.93567361523
2018-10-26,46991.86631238173
2018-10-29,46791.21466470483
2018-10-30,47193.856516638065
2018-10-31,47494.00147244058
2018-11-01,47460.01437950949
2018-11-02,47182.02656852663
2018-11-05,47450.08304509881
2018-11-06,47761.45248701668
2018-11-07,48379.0501693798
2018-11-08,48403.571191136834
2018-11-09,48489.65640205505
2018-11-12,48094.80064091154
2018-11-13,48052.10836836093
2018-11-14,47636.36168263414
2018-11-15,47947.472837844674
2018-11-16,48224.22229385313
2018-11-19,47844.87148249532
2018-11-20,47470.94925721676
2018-11-21,47482.48594004111
2018-11-22,47451.22647601817
2018-11-23,47407.18570911139
2018-11-26,47625.21376349621
2018-11-27,47760.31705842669
2018-11-28,48069.06655863169
2018-11-29,48030.49760833844
2018-11-30,48205.23741199754
2018-12-03,48096.240561097125
2018-12-04,47368.45778113036
2018-12-05,47392.33296735362
2018-12-06,47357.463945271564
2018-12-07,47186.389233945614
2018-12-10,47289.17686548961
2018-12-11,47336.11715239508
2018-12-12,47369.654779155004
2018-12-13,47425.44123132527
2018-12-14,47056.60542721792
2018-12-17,46915.574387127934
2018-12-18,46756.82439639354
2018-12-19,46568.93674047149
2018-12-20,46416.4826103542
2018-12-21,46131.60135586054
2018-12-24,45745.00223611107
2018-12-25,45632.84788217211
2018-12-26,46346.73964644419
2018-12-27,46664.21222360356
2018-12-28,46596.646337944454
2018-12-31,46774.63882573386
2019-01-01,46550.288768697596
2019-01-02,46610.463008080675
2019-01-03,46181.720233506705
2019-01-04,46496.303849728145
2019-01-07,46424.1133307575
2019-01-08,46517.67001009044
2019-01-09,46658.1299228434
2019-01-10,46581.338203128595
2019-01-11,46635.847500109354
2019-01-14,46566.006226162885
2019-01-15,46647.069999448504
2019-01-16,46580.70029613485
2019-01-17,46425.217741673114
2019-01-18,46520.41630831041
2019-01-21,46582.44893482559
2019-01-22,46516.28472379038
2019-01-23,46650.89135873642
2019-01-24,46482.78584918004
2019-01-25,46602.37226384806
2019-01-28,46358.89215226445
2019-01-29,46397.76293091946
2019-01-30,46429.32539370672
2019-01-31,46415.83227598163
2019-02-01,46506.62977207057
2019-02-04,46766.36015214625
2019-02-05,46962.90127445408
2019-02-06,46848.264095772356
2019-02-07,46406.151231636264
2019-02-08,46581.80869288468
2019-02-11,46143.836908848025
2019-02-12,47143.90280387603
2019-02-13,47096.185444625
2019-02-14,47132.38335273995
2019-02-15,47161.03905861514
2019-02-18,47120.94678861216
2019-02-19,47321.304551903944
2019-02-20,47229.185314467424
2019-02-21,46949.64150081713
2019-02-22,47372.994144384764
2019-02-25,47696.00233984191
2019-02-26,47659.441874388525
2019-02-27,47548.036523874
2019-02-28,47464.36722944269
2019-03-01,47595.491548440616
2019-03-04,47563.64377864136
2019-03-05,47511.89895941368
2019-03-06,47119.185610967084
2019-03-07,47045.11294275873
2019-03-08,47069.40805670255
2019-03-11,47266.43280908924
2019-03-12,47065.09500929056
2019-03-13,47400.10227499488
2019-03-14,47298.703388955924
2019-03-15,47846.983748006096
2019-03-18,47833.55808567049
2019-03-19,47817.91064019161
2019-03-20,47872.86877092733
2019-03-21,48227.20900205831
2019-03-22,47527.96954923572
2019-03-25,47562.93207813382
2019-03-26,47577.11895738014
2019-03-27,47537.67439018879
2019-03-28,47894.90889533625
2019-03-29,48079.065281269424
2019-04-01,48666.44902476543
2019-04-02,49619.13627682573
2019-04-03,50269.832396272795
2019-04-04,50061.18829766625
2019-04-05,50387.14423017843
2019-04-08,50819.657007166476
2019-04-09,50292.954306014595
2019-04-10,50490.37392679188
2019-04-11,50055.72891805978
2019-04-12,50345.59662787621
2019-04-15,49955.12054241124
2019-04-16,50507.72482455118
2019-04-17,50550.34547964239
2019-04-18,50743.885008147416
2019-04-19,50765.05158099148
2019-04-22,51069.25993771961
2019-04-23,51403.55142007982
2019-04-24,51557.27819288866
2019-04-25,51220.59474261467
2019-04-26,51499.48829573942
2019-04-29,51324.49051508522
2019-04-30,51568.38879622161
2019-05-01,51417.70625950918
2019-05-02,51295.847370703086
2019-05-03,52068.64857432204
2019-05-06,51786.06558616565
2019-05-07,50994.02046268446
2019-05-08,51129.27941364504
2019-05-09,50932.02506445084
2019-05-10,51289.72563818769
2019-05-13,51053.544451176276
2019-05-14,51863.768840961864
2019-05-15,52145.193484595824
2019-05-16,52277.292228992286
2019-05-17,51812.023207527105
2019-05-20,51696.69326661692
2019-05-21,52114.02920293656
2019-05-22,51487.513140221316
2019-05-23,51123.44785620409
2019-05-24,50929.96273851336
2019-05-27,51354.9364369595
2019-05-28,51186.14839540136
2019-05-29,51037.16945264867
2019-05-30,50998.70750748403
2019-05-31,50746.28262675275
2019-06-03,49764.373632304356
2019-06-04,50041.719845909116
2019-06-05,50458.99368531242
2019-06-06,51120.85492593623
2019-06-07,51839.26181778125
2019-06-10,51853.337629343165
2019-06-11,51735.41753319319
2019-06-12,51792.68219421736
2019-06-13,52036.14805808885
2019-06-14,52169.154233899804
2019-06-17,52492.5193591675
2019-06-18,52875.89719869743
2019-06-19,53068.13945947468
2019-06-20,53942.804913970234
2019-06-21,53442.84929708115
2019-06-24,53959.42596786052
2019-06-25,53604.458320128535
2019-06-26,54423.86830100041
2019-06-27,53811.296983547974
2019-06-28,54570.29080941069
2019-07-01,54013.09062886673
2019-07-02,54151.20883464975
2019-07-03,54848.547117011614
2019-07-04,54271.70753899585
2019-07-05,54173.02630103889
2019-07-08,55283.68683219614
2019-07-09,55507.0985487456
2019-07-10,55866.63740193478
2019-07-11,55565.14772236702
2019-07-12,56094.25282476219
2019-07-15,55892.44714324119
2019-07-16,54983.65817951213
2019-07-17,54993.232230331596
2019-07-18,55811.56262092247
2019-07-19,55611.296948689174
2019-07-22,55700.951607457115
2019-07-23,55649.49580909221
2019-07-24,55912.812776254264
2019-07-25,56166.76973455319
2019-07-26,56606.36230558824
2019-07-29,56130.37155332462
2019-07-30,55785.65112234901
2019-07-31,55129.70473060597
2019-08-01,54613.75228759119
2019-08-02,55092.99094691232
2019-08-05,55021.72705823455
2019-08-06,55799.71237277279
2019-08-07,56658.42635010551
2019-08-08,56850.760502496814
2019-08-09,56044.16159275689
2019-08-12,55778.58512271923
2019-08-13,55586.664526183034
2019-08-14,54878.64262254713
2019-08-15,55173.32550791188
2019-08-16,55252.74488352454
2019-08-19,55313.81289752557
2019-08-20,55141.61169964023
2019-08-21,54853.06969192872
2019-08-22,54770.77264400908
2019-08-23,54667.92088288493
2019-08-26,54807.82984949406
2019-08-27,54873.363117358254
2019-08-28,54943.920476800246
2019-08-29,55031.40178396424
2019-08-30,54955.08787277914
2019-09-02,54929.25246385621
2019-09-03,54906.296132270596
2019-09-04,55524.45086569607
2019-09-05,55742.39796896542
2019-09-06,55908.658248627224
2019-09-09,55798.658369721226
2019-09-10,55503.37291098088
2019-09-11,56008.34978800358
2019-09-12,56102.49321685114
2019-09-13,55678.35813393358
2019-09-16,55502.11116784061
2019-09-17,55803.106198521666
2019-09-18,55817.18248017014
2019-09-19,55668.204614715
2019-09-20,55363.841666784385
2019-09-23,55704.577124834905
2019-09-24,55365.800047444616
2019-09-25,55698.21590023757
2019-09-26,55774.90090127063
2019-09-27,55040.05398020377
2019-09-30,54825.21891229117
2019-10-01,54671.72490202605
2019-10-02,54272.070829408265
2019-10-03,54731.63646940638
2019-10-04,55186.24335186067
2019-10-07,54812.2099103692
2019-10-08,54175.66221684622
2019-10-09,54570.439287643465
2019-10-10,54600.16616936203
2019-10-11,55186.345934693
2019-10-14,55189.33504472121
2019-10-15,55585.84535232464
2019-10-16,55541.301608113026
2019-10-17,55580.75530453187
2019-10-18,55102.6124375364
2019-10-21,55306.81339443847
2019-10-22,55237.75187903872
2019-10-23,55016.258512955
2019-10-24,55492.68109922528
2019-10-25,55936.39908254051
2019-10-28,56076.205870215956
2019-10-29,55844.926182765834
2019-10-30,56008.90966279878
2019-10-31,55947.86074435388
2019-11-01,56528.89648724832
2019-11-04,57016.13608803588
2019-11-05,56780.9271015984
2019-11-06,56802.57342609033
2019-11-07,56840.161685859115
2019-11-08,57170.236072054664
2019-11-11,56928.14469054095
2019-11-12,56827.785999559455
2019-11-13,56919.75894114662
2019-11-14,56943.9625097598
2019-11-15,57277.84906477412
2019-11-18,57678.81117460015
2019-11-19,57157.64668273395
2019-11-20,56711.46883543837
2019-11-21,56363.47024326711
2019-11-22,56466.47237457164
2019-11-25,56961.353936155116
2019-11-26,56762.53675095854
2019-11-27,56984.3331574566
2019-11-28,57082.150509525025
2019-11-29,56942.98926305831
2019-12-02,56424.11806395527
2019-12-03,56119.80191651972
2019-12-04,56385.408173591546
2019-12-05,56556.04156110507
2019-12-06,57082.07050662291
2019-12-09,56772.4860561824
2019-12-10,56897.98112031909
2019-12-11,57191.609939384456
2019-12-12,58057.52746861719
2019-12-13,57686.93556277658
2019-12-16,58140.85735224026
2019-12-17,58343.42302644794
2019-12-18,58297.3124477531
2019-12-19,58441.09862318624
2019-12-20,58650.912768609436
2019-12-23,58936.1414221748
2019-12-24,59088.06343844095
2019-12-25,59088.06343844095
2019-12-26,59389.28678099085
2019-12-27,59323.5597350201
2019-12-30,59021.033701943175
2019-12-31,58962.546549685474
2020-01-01,58392.00666276994
2020-01-02,60123.19429350077
2020-01-03,60083.32187589276
2020-01-06,60428.477555779464
2020-01-07,60458.45036263868
2020-01-08,60845.57299838653
2020-01-09,61067.270445139286
2020-01-10,60657.76962906436
2020-01-13,60994.6013133535
2020-01-14,60897.70333359845
2020-01-15,60950.59440750161
2020-01-16,61296.508424730746
2020-01-17,61743.325287420004
2020-01-20,61824.69832669877
2020-01-21,61526.671138843565
2020-01-22,61565.77350864718
2020-01-23,62022.2625115602
2020-01-24,61992.66372931785
2020-01-27,61198.6124915461
2020-01-28,62039.15064880036
2020-01-29,62096.773700812824
2020-01-30,62831.07955297458
2020-01-31,61800.78330578413
2020-02-03,62426.116341502064
2020-02-04,62825.771353081036
2020-02-05,62881.674441833165
2020-02-06,63112.81376084795
2020-02-07,63300.69846634501
2020-02-10,64499.551118219315
2020-02-11,64263.49381786802
2020-02-12,64501.235165280894
2020-02-13,64584.22978505706
2020-02-14,65099.722394168784
2020-02-17,65095.54493266988
2020-02-18,65513.57991707297
2020-02-19,66086.63638596918
2020-02-20,65899.91296952605
2020-02-21,65883.57068316685
2020-02-24,64887.97106867198
2020-02-25,63064.41576945334
2020-02-26,63201.878147457246
2020-02-27,61438.51628642734
2020-02-28,60583.06561555646
2020-03-02,62206.5128321455
2020-03-03,61479.14158576376
2020-03-04,63210.109084657954
2020-03-05,62156.69006722969
2020-03-06,61962.140292246986
2020-03-09,57993.212832062396
2020-03-10,58898.49896439735
2020-03-11,57956.113094473316
2020-03-12,55737.306738472595
2020-03-13,56852.16797218137
2020-03-16,54288.47264292226
2020-03-17,56124.2354744789
2020-03-18,55117.726283415795
2020-03-19,55805.73308069752
2020-03-20,55472.41824802612
2020-03-23,56519.66268625111
2020-03-24,58407.001100373964
2020-03-25,57714.943144237615
2020-03-26,58886.45639756137
2020-03-27,57907.5163118086
2020-03-30,58413.05335662506
2020-03-31,57882.55190546876
2020-04-01,57362.28732220169
2020-04-02,58847.58673964506
2020-04-03,58538.57197388395
2020-04-06,60182.81448275603
2020-04-07,59553.46457881938
2020-04-08,59850.480715526144
2020-04-09,60539.47891617656
2020-04-10,60476.23483796143
2020-04-13,60961.87553554793
2020-04-14,61961.89341061635
2020-04-15,61496.8007476963
2020-04-16,61968.880126326854
2020-04-17,61535.95440672157
2020-04-20,61368.58958878953
2020-04-21,60541.61611715219
2020-04-22,61570.64256428563
2020-04-23,61416.10221321178
2020-04-24,61470.71061781043
2020-04-27,61657.20923094706
2020-04-28,61401.07503338249
2020-04-29,62223.38480883948
2020-04-30,61819.91863294032
2020-05-01,61458.18127401982
2020-05-04,61981.71531494766
2020-05-05,62024.107323065
2020-05-06,61845.64551593005
2020-05-07,62564.878059148665
2020-05-08,62548.31895740179
2020-05-11,62432.26298698785
2020-05-12,62085.444177734906
2020-05-13,61987.49211740091
2020-05-14,62437.8027966912
2020-05-15,62884.86704337781
2020-05-18,62823.52766459481
2020-05-19,62712.989169625
2020-05-20,62852.295051416746
2020-05-21,61755.548723730564
2020-05-22,62108.2113522277
2020-05-25,62186.26304314224
2020-05-26,61566.116546533995
2020-05-27,61514.19758201968
2020-05-28,61823.699179378906
2020-05-29,62709.59530517662
2020-06-01,61824.98336776099
2020-06-02,62325.57416525755
2020-06-03,62058.45114398996
2020-06-04,61720.02488154258
2020-06-05,62282.65967327578
2020-06-08,62318.46853591705
2020-06-09,62647.353460914885
2020-06-10,63003.85528305712
2020-06-11,60387.83751232547
2020-06-12,60729.12158402167
2020-06-15,60986.239267705
2020-06-16,61581.3913709216
2020-06-17,61805.7897614652
2020-06-18,61991.387760176534
2020-06-19,62063.36134473506
2020-06-22,62565.76997798357
2020-06-23,62563.17928695458
2020-06-24,61619.58409480185
2020-06-25,61978.44600294841
2020-06-26,61188.802533763796
2020-06-29,61434.82787162981
2020-06-30,62308.56822816177
2020-07-01,62564.328906997245
2020-07-02,62885.00184834802
2020-07-03,62967.70889709875
2020-07-06,63849.7100185986
2020-07-07,63173.12163398594
2020-07-08,64132.79373784527
2020-07-09,64053.61511088063
2020-07-10,64295.3881253495
2020-07-13,63391.73160326956
2020-07-14,63996.67268792617
2020-07-15,64264.75420130213
2020-07-16,63741.92504823985
2020-07-17,64122.15909794705
2020-07-20,65116.8947116756
2020-07-21,64835.60802006323
2020-07-22,64622.835022803294
2020-07-23,63883.19240379082
2020-07-24,63815.47590176483
2020-07-27,65274.05140877138
2020-07-28,64602.453608297576
2020-07-29,65239.59338227114
2020-07-30,65739.9991840562
2020-07-31,66264.26075715752
2020-08-03,66661.36308418738
2020-08-04,67190.08334285257
2020-08-05,67738.9361005055
2020-08-06,68169.84614807156
2020-08-07,67484.41627464003
2020-08-10,67915.4069255851
2020-08-11,66923.34341925778
2020-08-12,68096.9979970475
2020-08-13,68043.95634787488
2020-08-14,67966.37960537006
2020-08-17,68575.04673829247
2020-08-18,68734.7990017275
2020-08-19,68376.27808706279
2020-08-20,69107.86099174077
2020-08-21,69442.2180376502
2020-08-24,70430.60484608331
2020-08-25,70409.47095206112
2020-08-26,71475.546220831
2020-08-27,70898.87696610694
2020-08-28,71525.75951619261
2020-08-31,71688.90819582788
2020-09-01,72814.8615897064
2020-09-02,72649.49583490143
2020-09-03,69674.12033849672
2020-09-04,68748.09735208825
2020-09-07,68688.9851507462
2020-09-08,66974.06043094856
2020-09-09,68620.39112985056
2020-09-10,67470.43172319114
2020-09-11,66891.8040855677
2020-09-14,67770.67254108858
2020-09-15,68444.80181475283
2020-09-16,67443.82754836477
2020-09-17,66515.71543999975
2020-09-18,66155.7649704193
2020-09-21,65962.43591168629
2020-09-22,67209.69437669107
2020-09-23,65463.091137775926
2020-09-24,66143.22667269594
2020-09-25,67172.14935098507
2020-09-28,68105.42998833921
2020-09-29,68303.70298960843
2020-09-30,68599.50724854447
2020-10-01,69195.8337195687
2020-10-02,68364.66054798086
2020-10-05,69484.06827452262
2020-10-06,68409.16389873193
2020-10-07,69221.03049926192
2020-10-08,69133.7939664249
2020-10-09,69459.47091231213
2020-10-12,69922.84518378972
2020-10-13,69891.79524033573
2020-10-14,69841.48429684731
2020-10-15,69795.51060487
2020-10-16,69679.58692148612
2020-10-19,69221.09870115426
2020-10-20,69568.0944582822
2020-10-21,69861.6152798889
2020-10-22,69555.2550105325
2020-10-23,70056.47793788274
2020-10-26,69260.76302809692
2020-10-27,69462.06315132011
2020-10-28,67282.06221061062
2020-10-29,68250.40727794725
2020-10-30,67333.30638844444
2020-11-02,67445.43949974483
2020-11-03,68542.74941241916
2020-11-04,69479.85202554664
2020-11-05,71773.913263784
2020-11-06,71421.69718589673
2020-11-09,70483.42042152536
2020-11-10,70014.3523498366
2020-11-11,70431.44197955838
2020-11-12,70201.91700623144
2020-11-13,70700.303445206
2020-11-16,71314.06337915275
2020-11-17,72032.63759221039
2020-11-18,71790.8971482851
2020-11-19,72452.20655813538
2020-11-20,72557.28923084993
2020-11-23,72375.16937176495
2020-11-24,73345.02640640443
2020-11-25,73030.29853663118
2020-11-26,72349.30425379919
2020-11-27,72261.59086858743
2020-11-30,73231.17162351237
2020-12-01,73655.3630532173
2020-12-02,74420.72042446025
2020-12-03,75394.82812456285
2020-12-04,76320.95450643545
2020-12-07,76518.49486063002
2020-12-08,76782.3730536604
2020-12-09,76255.69829502021
2020-12-10,76250.89758537653
2020-12-11,75451.79363689973
2020-12-14,75433.19253916382
2020-12-15,76440.8233200248
2020-12-16,77346.42282065125
2020-12-17,78154.58281239148
2020-12-18,77846.92068026072
2020-12-21,76752.47334553844
2020-12-22,77501.51449353318
2020-12-23,77803.87523369782
2020-12-24,78545.05985551648
2020-12-25,79289.4328876522
2020-12-28,79436.11883365574
2020-12-29,80307.55774999525
2020-12-30,80559.86814571645
2020-12-31,80991.81200069677
2021-01-01,81061.64514231855
2021-01-04,81986.13653676347
2021-01-05,83610.45500301714
2021-01-06,86404.67276619228
2021-01-07,88685.27504131259
2021-01-08,89042.84651926532
2021-01-11,87979.71482249255
2021-01-12,88588.50114873603
2021-01-13,89669.91279026953
2021-01-14,90148.07436001158
2021-01-15,87855.27414999966
2021-01-18,87520.01793500825
2021-01-19,89136.34330815558
2021-01-20,88097.15520116853
2021-01-21,86195.20135915921
2021-01-22,85859.10277684311
2021-01-25,85713.47530343001
2021-01-26,85932.32548475603
2021-01-27,83317.19918908789
2021-01-28,84346.78740914572
2021-01-29,83196.53438010174
2021-02-01,84930.36226543663
2021-02-02,86748.37206301313
2021-02-03,87652.80464560355
2021-02-04,88821.74328674884
2021-02-05,89412.78893351891
2021-02-08,93293.14555252688
2021-02-09,93355.41658140745
2021-02-10,92383.52868486765
2021-02-11,93235.85307409229
2021-02-12,93894.52976787297
2021-02-15,94104.99080126786
2021-02-16,95268.30247773652
2021-02-17,95836.53296240335
2021-02-18,95198.37828266926
2021-02-19,96369.17843913079
2021-02-22,94587.61082941842
2021-02-23,94469.37602892864
2021-02-24,96392.5222231521
2021-02-25,94541.60622248783
2021-02-26,94414.23267493468
2021-03-01,97393.61883796524
2021-03-02,96224.19930891703
2021-03-03,97497.23036427125
2021-03-04,95608.48530040783
2021-03-05,97287.94381527104
2021-03-08,97599.6878462372
2021-03-09,99410.75249346957
2021-03-10,99963.76513172532
2021-03-11,100531.72577686123
2021-03-12,100077.27067654332
2021-03-15,100745.18042340396
2021-03-16,101250.34787559949
2021-03-17,102261.15635162586
2021-03-18,100942.2568871447
2021-03-19,101480.69256995706
2021-03-22,100807.96940700644
2021-03-23,99662.26744410697
2021-03-24,98648.10059775293
2021-03-25,99499.18038225199
2021-03-26,102152.4650984958
2021-03-29,102173.13224903506
2021-03-30,103094.68531784628
2021-03-31,103051.84615156682
2021-04-01,103992.87281337849
2021-04-02,103908.7289569424
2021-04-05,104950.0939609493
2021-04-06,104706.23237420114
2021-04-07,104403.968586338
2021-04-08,105183.36856608762
2021-04-09,105373.17397839297
2021-04-12,105037.03761080437
2021-04-13,105358.07676528323
2021-04-14,105562.9956720497
2021-04-15,105104.78397607247
2021-04-16,104586.58781504727
2021-04-19,103160.77662851564
2021-04-20,101248.28375540623
2021-04-21,102167.04435739103
2021-04-22,100987.9161846809
2021-04-23,102249.02513634824
2021-04-26,102837.22375495637
2021-04-27,103135.93277684049
2021-04-28,102863.82627670052
2021-04-29,103643.27980233807
2021-04-30,102318.35377020038
2021-05-03,103058.40920296495
2021-05-04,102057.02322443295
2021-05-05,102864.67408041535
2021-05-06,103347.29498880032
2021-05-07,104598.4571259123
2021-05-10,103552.47774795443
2021-05-11,102203.48999020187
2021-05-12,99782.35739903526
2021-05-13,101013.67193010551
2021-05-14,102809.9129725095
2021-05-17,103449.43124602699
2021-05-18,103117.5578226565
2021-05-19,102386.93726530318
2021-05-20,102527.81334982769
2021-05-21,102657.24321342187
2021-05-24,103421.41559025903
2021-05-25,103081.65080591364
2021-05-26,103678.02520819199
2021-05-27,103744.73980542163
2021-05-28,103806.36996997563
2021-05-31,103726.72131757374
2021-06-01,103511.65597617328
2021-06-02,103735.44332282874
2021-06-03,103381.70419346019
2021-06-04,104617.2778468503
2021-06-07,104303.38273996624
2021-06-08,104292.04641632842
2021-06-09,104236.45535989199
2021-06-10,104284.70317504513
2021-06-11,104277.82353270595
2021-06-14,103922.67069647399
2021-06-15,103633.57477552498
2021-06-16,103186.68111445227
2021-06-17,102552.85968994822
2021-06-18,101859.53475310247
2021-06-21,103257.81588370334
2021-06-22,104116.06671684288
2021-06-23,104200.159235826
2021-06-24,104995.71456181924
2021-06-25,105608.47608121783
2021-06-28,105557.11578461975
2021-06-29,105437.12638204744
2021-06-30,106243.8296583306
2021-07-01,106066.83566666515
2021-07-02,107137.97718146845
2021-07-05,107302.64229563258
2021-07-06,107206.96860452786
2021-07-07,107824.25363801052
2021-07-08,107270.47907228091
2021-07-09,108732.48958115566
2021-07-12,108820.05335378845
2021-07-13,109120.2938198683
2021-07-14,109342.1921373774
2021-07-15,108556.41157401628
2021-07-16,107943.96453179367
2021-07-19,107573.50357329614
2021-07-20,108636.15669831909
2021-07-21,109466.83830879176
2021-07-22,110250.5767399371
2021-07-23,110982.54341806754
2021-07-26,111167.139329566
2021-07-27,110405.45021749505
2021-07-28,111069.49438180345
2021-07-29,111452.69237849623
2021-07-30,111128.33868100097
2021-08-02,111394.70141755417
2021-08-03,112671.6411718098
2021-08-04,114049.84806619535
2021-08-05,114581.7065588318
2021-08-06,114046.15943435063
2021-08-09,114996.68815862144
2021-08-10,114284.34710097023
2021-08-11,113515.32879806998
2021-08-12,113173.53843681153
2021-08-13,114031.88878896166
2021-08-16,114587.69839617817
2021-08-17,114735.87795570785
2021-08-18,113505.60656378379
2021-08-19,113626.00943403417
2021-08-20,115025.6655554034
2021-08-23,116683.04579332599
2021-08-24,116124.49454726973
2021-08-25,114990.16311854568
2021-08-26,114443.99722648377
2021-08-27,115197.3503669678
2021-08-30,114943.72931480188
2021-08-31,114611.8162546523
2021-09-01,114536.84084080608
2021-09-02,115160.43967478663
2021-09-03,116737.35158505359
2021-09-06,117407.86294971863
2021-09-07,116213.93526990392
2021-09-08,115978.82822318307
2021-09-09,116578.22445332636
2021-09-10,115278.50805512912
2021-09-13,114323.49260304857
2021-09-14,115535.63232475943
2021-09-15,116523.2035140273
2021-09-16,116307.17354963633
2021-09-17,116052.98721250381
2021-09-20,114180.70205606229
2021-09-21,114802.62703406205
2021-09-22,115826.9635766752
2021-09-23,117253.8893783674
2021-09-24,116261.4543727784
2021-09-27,115300.09073630157
2021-09-28,112921.56109145065
2021-09-29,113638.54940822291
2021-09-30,114231.85061704036
2021-10-01,113843.88304944754
2021-10-04,113526.77922376634
2021-10-05,115604.79296175418
2021-10-06,116440.78191582552
2021-10-07,116899.64840446056
2021-10-08,116217.39663481948
2021-10-11,117214.29723663109
2021-10-12,116648.12102654704
2021-10-13,116608.61440680867
2021-10-14,116827.96605717191
2021-10-15,118075.54907380897
2021-10-18,120319.09369170763
2021-10-19,120531.91091118228
2021-10-20,120813.06330961201
2021-10-21,120979.01881228792
2021-10-22,121126.97064195861
2021-10-25,122534.27778531947
2021-10-26,121635.8351202916
2021-10-27,120992.43607660684
2021-10-28,122443.79740610093
2021-10-29,123184.68347085021
2021-11-01,123490.65973522112
2021-11-02,124415.63823562954
2021-11-03,124464.70686556076
2021-11-04,125537.34241933822
2021-11-05,125141.20350164536
2021-11-08,126161.08507622678
2021-11-09,124617.03114146953
2021-11-10,123043.90563348829
2021-11-11,123819.81849608936
2021-11-12,124023.20748650152
2021-11-15,123165.71252386275
2021-11-16,123559.74045793804
2021-11-17,123484.41081137449
2021-11-18,122679.38944729159
2021-11-19,122370.58405686637
2021-11-22,121941.23057170631
2021-11-23,122760.27903122449
2021-11-24,123306.46095258136
2021-11-25,124336.56645954095
2021-11-26,121657.34432425917
2021-11-29,123391.52735472043
2021-11-30,121534.45704346016
2021-12-01,120379.1988518058
2021-12-02,120594.96670531279
2021-12-03,120045.09141002377
2021-12-06,119588.64988184115
2021-12-07,122179.32178972039
2021-12-08,121429.11152238597
2021-12-09,119624.6561781674
2021-12-10,121527.713892389
2021-12-13,118985.8958099731
2021-12-14,118984.75347808815
2021-12-15,121630.30161730903
2021-12-16,119791.70303759896
2021-12-17,118996.47926365049
2021-12-20,118379.75046676105
2021-12-21,121209.53644462631
2021-12-22,122518.77633608643
2021-12-23,123267.4166041745
2021-12-24,123132.24745301
2021-12-27,124451.94098775511
2021-12-28,124239.19823138986
2021-12-29,124264.36983657705
2021-12-30,123456.45326427798
2021-12-31,123144.53130954347
2022-01-03,123145.05204459873
2022-01-04,122852.66613816077
2022-01-05,120942.76534598622
2022-01-06,119805.41248816096
2022-01-07,119461.29475570966
2022-01-10,119508.64104793369
2022-01-11,120894.74570895548
2022-01-12,120811.55909909753
2022-01-13,118471.3116743557
2022-01-14,118948.09208262982
2022-01-17,118815.52026857683
2022-01-18,115798.42929651192
2022-01-19,114960.89579442715
2022-01-20,112738.23784819168
2022-01-21,111026.00549546647
2022-01-24,111728.8576336545
2022-01-25,110476.05122301955
2022-01-26,111005.08114221427
2022-01-27,108816.29980011549
2022-01-28,111234.73768757509
2022-01-31,114543.44213517774
2022-02-01,115263.4167647184
2022-02-02,116716.79710542702
2022-02-03,114932.67048249414
2022-02-04,114550.4175194797
2022-02-07,113926.08397792336
2022-02-08,114409.3412436502
2022-02-09,115758.92197846655
2022-02-10,113797.64617229452
2022-02-11,113299.10730460205
2022-02-14,112430.05538754366
2022-02-15,113798.7538971879
2022-02-16,113519.92555104241
2022-02-17,112360.74990033981
2022-02-18,111725.84326616662
2022-02-21,111086.70082143974
2022-02-22,110593.67977619942
2022-02-23,110675.65150176408
2022-02-24,109962.14463652213
2022-02-25,112869.19937347263
2022-02-28,113456.54127179107
2022-03-01,111672.51552549473
2022-03-02,113073.59790426897
2022-03-03,111753.57472664722
2022-03-04,110487.66224458067
2022-03-07,107204.81743959084
2022-03-08,107971.21727035526
2022-03-09,108955.34648731624
2022-03-10,108854.86414535904
2022-03-11,108806.58951199395
2022-03-14,109218.21468793837
2022-03-15,109420.28705635878
2022-03-16,110951.04278214418
2022-03-17,111428.63492395767
2022-03-18,111548.52107190166
2022-03-21,111344.94139630994
2022-03-22,112857.9258167774
2022-03-23,111686.66099358228
2022-03-24,113047.07917198096
2022-03-25,113377.26048811017
2022-03-28,114005.40036962621
2022-03-29,115270.77664561087
2022-03-30,114817.65062671142
2022-03-31,113623.63357408803
2022-04-01,113576.97518836241
2022-04-04,114023.19062622765
2022-04-05,113899.20883686555
2022-04-06,114604.54290159247
2022-04-07,115209.8526463081
2022-04-08,115782.0891134813
2022-04-11,115211.09867291273
2022-04-12,116324.90235631277
2022-04-13,116790.0035489162
2022-04-14,116459.78618406366
2022-04-15,116956.88197327158
2022-04-18,116930.57520620417
2022-04-19,117352.43744099939
2022-04-20,117793.8176923756
2022-04-21,117321.48082763846
2022-04-22,116297.75785480769
2022-04-25,115429.12192941608
2022-04-26,115765.82050270149
2022-04-27,115857.26820992837
2022-04-28,116639.41367915313
2022-04-29,116619.96919980277
2022-05-02,115050.62015836216
2022-05-03,115775.20449554584
2022-05-04,116361.78636449265
2022-05-05,115142.75529283131
2022-05-06,115490.3383914648
2022-05-09,114227.50919665654
2022-05-10,114485.8824577152
2022-05-11,114525.20731365892
2022-05-12,114094.14147744731
2022-05-13,114774.87588410833
2022-05-16,115054.04147174794
2022-05-17,115453.75889663387
2022-05-18,113416.20611288988
2022-05-19,113496.74344960181
2022-05-20,113280.04942265194
2022-05-23,114068.49582013265
2022-05-24,113878.58968833355
2022-05-25,113878.57123012406
2022-05-26,114819.48138924708
2022-05-27,115455.98512397875
2022-05-30,115231.59988417482
2022-05-31,114732.8059807705
2022-06-01,114421.27008990048
2022-06-02,114526.1771888809
2022-06-03,113907.21910521552
2022-06-06,114119.16782761867
2022-06-07,114828.39119130337
2022-06-08,114648.05260176162
2022-06-09,113579.10162141656
2022-06-10,112573.38701450992
2022-06-13,111189.87988876458
2022-06-14,111050.19180896871
2022-06-15,111647.42035528489
2022-06-16,110120.45198369144
2022-06-17,110438.54023224584
2022-06-20,110675.94256119995
2022-06-21,111967.00790966763
2022-06-22,112033.2105248224
2022-06-23,112462.48116409263
2022-06-24,113595.17765502573
2022-06-27,113610.45733595864
2022-06-28,113005.46710558803
2022-06-29,112695.55201090126
2022-06-30,112300.13585733167
2022-07-01,112891.61807240976
2022-07-04,113177.97038535094
2022-07-05,112708.45089931907
2022-07-06,112894.93067186467
2022-07-07,113221.86573266902
2022-07-08,113125.3649318642
2022-07-11,112809.52970735596
2022-07-12,112975.30130819761
2022-07-13,112919.21221829344
2022-07-14,112616.88889545004
2022-07-15,113293.48698106174
2022-07-18,113063.25838795843
2022-07-19,113454.75057364629
2022-07-20,112852.64472413377
2022-07-21,112772.51667566835
2022-07-22,112763.97274416272
2022-07-25,112847.93238284322
2022-07-26,112955.29931448375
2022-07-27,113091.96171883574
2022-07-28,113445.87185345826
2022-07-29,113284.38138947991
2022-08-01,113226.30443811526
2022-08-02,112608.6723052283
2022-08-03,113532.7252989531
2022-08-04,114116.03361955537
2022-08-05,113114.04017176347
2022-08-08,113092.22177803761
2022-08-09,112357.28825549701
2022-08-10,112969.64639938842
2022-08-11,112739.8150316369
2022-08-12,113308.83331403622
2022-08-15,113347.88934750536
2022-08-16,113428.60069228074
2022-08-17,112445.23802223352
2022-08-18,112620.11870968057
2022-08-19,112204.70241655658
2022-08-22,111379.29228859271
2022-08-23,111988.63518775797
2022-08-24,112029.1572919125
2022-08-25,112735.50235944905
2022-08-26,110759.60088128805
2022-08-29,111236.0093562047
2022-08-30,110704.29743192084
2022-08-31,110344.9902475995
2022-09-01,110654.20110324306
2022-09-02,110502.62531955841
2022-09-05,110445.51965492651
2022-09-06,109925.12838586059
2022-09-07,111218.20993876838
2022-09-08,111090.82326213727
2022-09-09,111536.3033062634
2022-09-12,112130.53469363411
2022-09-13,109924.06870432239
2022-09-14,110677.23839714228
2022-09-15,110374.46423367334
2022-09-16,110527.61143045826
2022-09-19,110704.36613824141
2022-09-20,110335.88135663695
2022-09-21,109809.9030479822
2022-09-22,109643.14989771681
2022-09-23,108504.79954229156
2022-09-26,108344.13525545057
2022-09-27,108822.61891521786
2022-09-28,110285.76380817665
2022-09-29,109059.15260720131
2022-09-30,108265.62514165972
2022-10-03,108991.90231790191
2022-10-04,110514.83915963018
2022-10-05,110063.73690689405
2022-10-06,109999.9659160881
2022-10-07,108733.86065268454
2022-10-10,108362.72545823899
2022-10-11,108308.40571029602
2022-10-12,108509.29887019239
2022-10-13,109217.95336104036
2022-10-14,108485.95505019746
2022-10-17,109863.95748068807
2022-10-18,110051.12138304421
2022-10-19,110346.09166963011
2022-10-20,110254.06537080786
2022-10-21,111378.15903549368
2022-10-24,111504.08524813504
2022-10-25,112433.04625070415
2022-10-26,112265.12192513992
2022-10-27,111905.73098268313
2022-10-28,112381.28495436955
2022-10-31,112348.47916377631
2022-11-01,112623.20347097825
2022-11-02,111788.43228020615
2022-11-03,111778.87700653786
2022-11-04,112341.70386463002
2022-11-07,112020.18727615185
2022-11-08,112078.22221348879
2022-11-09,110811.71653789462
2022-11-10,111969.98048925029
2022-11-11,111370.8978946
2022-11-14,110596.54761640335
2022-11-15,110482.56372885326
2022-11-16,109968.89592768814
2022-11-17,110357.8010361896
2022-11-18,110693.22774121944
2022-11-21,110494.49297918609
2022-11-22,111531.20358656686
2022-11-23,111475.80388877256
2022-11-24,111356.8833499703
2022-11-25,110983.48771894429
2022-11-28,110652.31322114028
2022-11-29,110648.53851500788
2022-11-30,111470.09783628727
2022-12-01,111393.24281171756
2022-12-02,110890.57591291178
2022-12-05,109762.9526369989
2022-12-06,109710.60455727897
2022-12-07,109930.47461137862
2022-12-08,110199.58235393318
2022-12-09,109711.98935924335
2022-12-12,109878.91085673169
2022-12-13,111279.76597091355
2022-12-14,110659.14877685696
2022-12-15,109255.3068657042
2022-12-16,109843.59064744122
2022-12-19,109243.40008995899
2022-12-20,109891.61985103058
2022-12-21,110362.42212646054
2022-12-22,109281.65007917827
2022-12-23,109735.42176022533
2022-12-26,109387.27934551131
2022-12-27,109130.79427350493
2022-12-28,108600.19649105844
2022-12-29,109424.61506740717
2022-12-30,109373.32095806723
2023-01-02,109221.65843111053
2023-01-03,109585.95106724842
2023-01-04,110013.76849423011
2023-01-05,109511.8090291573
2023-01-06,111429.3303152539
2023-01-09,111402.78673983131
2023-01-10,111359.32849305228
2023-01-11,111112.83942171826
2023-01-12,111386.27965088865
2023-01-13,111277.38109654699
2023-01-16,110815.96967999735
2023-01-17,110609.54371635786
2023-01-18,109908.74674032301
2023-01-19,109737.87870840235
2023-01-20,109786.05797737588
2023-01-23,110158.40831304179
2023-01-24,110448.18071943887
2023-01-25,110538.73572285047
2023-01-26,110035.55063735649
2023-01-27,110138.87080168776
2023-01-30,109622.77397135147
2023-01-31,109927.73906309591
2023-02-01,111664.29470160093
2023-02-02,114332.06750621519
2023-02-03,113918.719663955
2023-02-06,113930.67679473781
2023-02-07,116226.44189518418
2023-02-08,113407.54240611917
2023-02-09,112442.63539378296
2023-02-10,111373.82438536275
2023-02-13,111990.34785168624
2023-02-14,113895.16836240212
2023-02-15,114103.29288019912
2023-02-16,113270.96153919441
2023-02-17,112275.05552987324
2023-02-20,112812.17495318591
2023-02-21,110900.01329653662
2023-02-22,110822.13803087748
2023-02-23,111756.51358432075
2023-02-24,111040.52418742843
2023-02-27,111148.95193741645
2023-02-28,111162.94357760322
2023-03-01,111801.32209243868
2023-03-02,111161.60737593187
2023-03-03,111744.48632791446
2023-03-06,110437.79680477885
2023-03-07,108644.2780487917
2023-03-08,109552.99398637605
2023-03-09,107905.60286432631
2023-03-10,107790.49858607426
2023-03-13,107266.90571547033
2023-03-14,108454.3330901811
2023-03-15,108103.10029580977
2023-03-16,109229.66048513583
2023-03-17,110127.34002741266
2023-03-20,110054.83748426863
2023-03-21,110411.64940215883
2023-03-22,110240.0015415151
2023-03-23,111199.81917534607
2023-03-24,110160.90130125519
2023-03-27,110113.55783518517
2023-03-28,110836.4566034017
2023-03-29,111617.17701072842
2023-03-30,111987.25323748654
2023-03-31,112905.95784772192
2023-04-03,112761.21813691004
2023-04-04,112530.69604057746
2023-04-05,110684.37091462972
2023-04-06,110489.70845701675
2023-04-07,111028.84088454873
2023-04-10,112238.89275832711
2023-04-11,112699.93462012157
2023-04-12,111259.27523689195
2023-04-13,112795.98643841672
2023-04-14,111754.16922273368
2023-04-17,112361.5138383977
2023-04-18,113302.93631532732
2023-04-19,111468.9344402665
2023-04-20,111168.7242227987
2023-04-21,110087.34551999472
2023-04-24,109797.53541759156
2023-04-25,108153.79373397007
2023-04-26,108983.90103992543
2023-04-27,111144.62645223453
2023-04-28,112119.22312408015
2023-05-01,111945.56270998617
2023-05-02,112023.44773057789
2023-05-03,111494.22348703413
2023-05-04,110919.70286914131
2023-05-05,111748.57373345907
2023-05-08,112061.59702017614
2023-05-09,111496.80703064511
2023-05-10,111719.77052140035
2023-05-11,111302.21754525496
2023-05-12,111474.74780921412
2023-05-15,112741.67726277855
2023-05-16,112393.66881074272
2023-05-17,114146.2987202214
2023-05-18,115991.79150019078
2023-05-19,116697.70027714394
2023-05-22,115966.95539769133
2023-05-23,115462.03106540197
2023-05-24,115678.05750246518
2023-05-25,118359.62919785728
2023-05-26,121011.30870532055
2023-05-29,121014.44298362976
2023-05-30,120957.60822932291
2023-05-31,120431.94279208044
2023-06-01,121218.01147548613
2023-06-02,121185.33570131905
2023-06-05,121583.70500433714
2023-06-06,121832.84882554671
2023-06-07,119614.23602432078
2023-06-08,121418.59336275073
2023-06-09,121483.77701664506
2023-06-12,123415.64140634275
2023-06-13,123668.86893604645
2023-06-14,125340.32922836166
2023-06-15,126004.466452485
2023-06-16,124948.39285100748
2023-06-19,125273.58611794325
2023-06-20,125100.3122495883
2023-06-21,124242.15199306364
2023-06-22,124482.21716132623
2023-06-23,125688.40804079024
2023-06-26,124569.24370244017
2023-06-27,126351.33018335325
2023-06-28,126313.7707856926
2023-06-29,127132.8967859577
2023-06-30,128697.87847867893
2023-07-03,128394.56561169031
2023-07-04,127257.57755959066
2023-07-05,126527.85619906924
2023-07-06,125645.40755934952
2023-07-07,126583.30614469238
2023-07-10,126519.59755721252
2023-07-11,126361.77986600428
2023-07-12,126770.14258006916
2023-07-13,128119.52056132352
2023-07-14,127256.76376154082
2023-07-17,128195.44862340453
2023-07-18,129279.883235395
2023-07-19,127213.03323061878
2023-07-20,124068.1399072707
2023-07-21,124168.85741148899
2023-07-24,125039.1567284575
2023-07-25,125916.96804559266
2023-07-26,124786.78359810926
2023-07-27,123988.3842006755
2023-07-28,126786.62575660055
2023-07-31,126406.89806723138
2023-08-01,126225.11035928513
2023-08-02,123457.72924314826
2023-08-03,123835.79852898045
2023-08-04,124650.048244899
2023-08-07,125864.3161893356
2023-08-08,125602.8044328477
2023-08-09,124273.32176588515
2023-08-10,124352.49420360626
2023-08-11,123310.26328795504
2023-08-14,124788.94264956175
2023-08-15,123818.32042530646
2023-08-16,122876.60383364969
2023-08-17,121892.18716440142
2023-08-18,121941.19376351785
2023-08-21,123926.43552288348
2023-08-22,122979.12662753921
2023-08-23,124253.54793154309
2023-08-24,121327.74467991102
2023-08-25,122319.53519074137
2023-08-28,123424.30879883557
2023-08-29,126336.27038575236
2023-08-30,126132.39528321543
2023-08-31,126647.46032248266
2023-09-01,126361.00112586578
2023-09-04,126608.65346453908
2023-09-05,126945.31145708456
2023-09-06,127075.85450136308
2023-09-07,127302.24172700837
2023-09-08,127574.03725813491
2023-09-11,128467.34916560355
2023-09-12,127711.66849631882
2023-09-13,128341.50127224541
2023-09-14,129229.02015012594
2023-09-15,127472.1739858171
2023-09-18,127222.49098769895
2023-09-19,126505.30099199685
2023-09-20,126063.39011291602
2023-09-21,124698.12713470442
2023-09-22,124297.0499249844
2023-09-25,124310.54589797663
2023-09-26,123456.37169231992
2023-09-27,124308.57222078182
2023-09-28,125783.64974020582
2023-09-29,125463.99331837622
2023-10-02,125926.56973080768
2023-10-03,125868.41157520258
2023-10-04,126058.4574756634
2023-10-05,125519.87281156969
2023-10-06,126706.57097866632
2023-10-09,127633.47481089977
2023-10-10,127860.04794612993
2023-10-11,127445.76064216188
2023-10-12,127010.05428669654
2023-10-13,126739.6699856198
2023-10-16,126884.48933167793
2023-10-17,127454.05893733086
2023-10-18,127204.0817858712
2023-10-19,126124.1570989933
2023-10-20,125068.56047191407
2023-10-23,124771.81941610496
2023-10-24,124683.80698485095
2023-10-25,122662.80103831818
2023-10-26,121045.10859090205
2023-10-27,120868.03375338708
2023-10-30,121682.94410168272
2023-10-31,121504.41959952144
2023-11-01,122998.52046140954
2023-11-02,123952.51170384475
2023-11-03,123614.69477402442
2023-11-06,122118.24269825936
2023-11-07,122508.99100299856
2023-11-08,122264.57716717594
2023-11-09,122418.81064910734
2023-11-10,124215.45289696557
2023-11-13,125457.82982145406
2023-11-14,125964.14179378653
2023-11-15,124726.56406376534
2023-11-16,124055.70613979877
2023-11-17,123470.58251441036
2023-11-20,124261.91811006301
2023-11-21,124138.73039696043
2023-11-22,124713.2457409452
2023-11-23,125091.68142611209
2023-11-24,125891.49848392144
2023-11-27,126267.89702006038
2023-11-28,125997.90592317483
2023-11-29,124893.07036251163
2023-11-30,125453.11244961097
2023-12-01,128147.83673923
2023-12-04,125831.51375822899
2023-12-05,128094.73064142557
2023-12-06,128106.04871885925
2023-12-07,129501.60896851851
2023-12-08,129843.40361625105
2023-12-11,130849.53615350787
2023-12-12,132495.5588942969
2023-12-13,133700.69116926138
2023-12-14,131450.84385020626
2023-12-15,131126.43635497778
2023-12-18,132065.16652411662
2023-12-19,132818.28157801402
2023-12-20,130962.52420174846
2023-12-21,132928.11085075315
2023-12-22,132345.8920054419
2023-12-25,131120.77040519495
2023-12-26,132093.4638321252
2023-12-27,132911.91073755588
2023-12-28,131488.98853726086
2023-12-29,131106.0594402418
2024-01-01,132249.5338857573
2024-01-02,129781.81549209032
2024-01-03,127264.44255168692
2024-01-04,128604.03136385164
2024-01-05,129367.71378886931
2024-01-08,131801.46706455795
2024-01-09,132807.88602185601
2024-01-10,133276.5444954508
2024-01-11,134067.37998978922
2024-01-12,132937.82123546497
2024-01-15,132680.10757342185
2024-01-16,132591.04036905043
2024-01-17,133305.120498973
2024-01-18,135444.10732227957
2024-01-19,137733.27936986287
2024-01-22,137405.37943003658
2024-01-23,137704.22606420438
2024-01-24,139333.7476532628
2024-01-25,140068.5014892866
2024-01-26,139115.44198746394
2024-01-29,139665.34096368286
2024-01-30,138549.70625938155
2024-01-31,137457.7980172234
2024-02-01,139099.35482748353
2024-02-02,140571.1461501394
2024-02-05,141698.27567048528
2024-02-06,142070.85100430812
2024-02-07,143471.4340002262
2024-02-08,144112.8246827094
2024-02-09,146618.8062421847
2024-02-12,147006.10091658434
2024-02-13,145376.32189811958
2024-02-14,149760.74539587868
2024-02-15,150727.20299739973
2024-02-16,149534.22242703746
2024-02-19,149031.09623469817
2024-02-20,148883.40032546225
2024-02-21,145607.3928811772
2024-02-22,149248.22078168625
2024-02-23,149131.41244000258
2024-02-26,151123.9578800567
2024-02-27,152380.04880739906
2024-02-28,153087.19231892403
2024-02-29,154870.33808428296
2024-03-01,158428.16356642413
2024-03-04,160721.1911153914
2024-03-05,157910.77991318196
2024-03-06,160464.4615325265
2024-03-07,161623.25203973165
2024-03-08,159167.40432457178
2024-03-11,157817.26706357638
2024-03-12,159545.95859680403
2024-03-13,160478.0843133585
2024-03-14,158615.33994670655
2024-03-15,157786.31533009652
2024-03-18,158901.39060300958
2024-03-19,157796.30896828062
2024-03-20,160932.55705719048
2024-03-21,161919.2797732789
2024-03-22,163086.66705772423
2024-03-25,165074.9271311706
2024-03-26,164482.89709915387
2024-03-27,164494.52510456493
2024-03-28,165392.77778655005
2024-03-29,165012.02617506418
2024-04-01,166293.1711528083
2024-04-02,166044.00396610447
2024-04-03,167455.3078240718
2024-04-04,165372.78035708435
2024-04-05,168451.7668038051
2024-04-08,168843.61170001669
2024-04-09,168196.80029868678
2024-04-10,165995.1917625278
2024-04-11,170174.72880411538
2024-04-12,165559.6893834659
2024-04-15,164022.51131083685
2024-04-16,165555.2701067295
2024-04-17,161948.29702803734
2024-04-18,161871.9456151277
2024-04-19,158553.7902356103
2024-04-22,160066.1418367528
2024-04-23,163259.18616423348
2024-04-24,160968.4498779917
2024-04-25,161132.77462544772
2024-04-26,163089.54548615735
2024-04-29,163039.4139838267
2024-04-30,161026.10689112314
2024-05-01,160869.1746623808
2024-05-02,161567.64487628732
2024-05-03,161612.22533646857
2024-05-06,163721.59883551786
2024-05-07,162855.2908986318
2024-05-08,163827.43493450934
2024-05-09,164331.98656482875
2024-05-10,164750.71510980176
2024-05-13,164481.1345210214
2024-05-14,165817.05376564944
2024-05-15,167244.724300347
2024-05-16,165034.69790481002
2024-05-17,165333.33457463013
2024-05-20,167083.7925961209
2024-05-21,167388.4902523587
2024-05-22,167129.61526426612
2024-05-23,166111.72172938797
2024-05-24,168305.01472835537
2024-05-27,168555.11279713188
2024-05-28,169239.9241708532
2024-05-29,167930.10211165715
2024-05-30,168333.7576238284
2024-05-31,168037.53771417687
2024-06-03,168618.87794600858
2024-06-04,167899.0423524785
2024-06-05,169721.9278581132
2024-06-06,169116.06869174438
2024-06-07,168157.4775655189
2024-06-10,170115.87079862447
2024-06-11,169290.01697322796
2024-06-12,170734.9560227898
2024-06-13,170598.3130787982
2024-06-14,170663.0868410691
2024-06-17,171572.5572556111
2024-06-18,173308.72780953732
2024-06-19,172755.03371663656
2024-06-20,171805.84552514763
2024-06-21,170984.68566944235
2024-06-24,171339.9610898893
2024-06-25,171427.38996718117
2024-06-26,171428.95201128104
2024-06-27,171431.51673458618
2024-06-28,171370.8823432718
2024-07-01,171745.48398832497
2024-07-02,173447.97499407444
2024-07-03,176335.68304368597
2024-07-04,175497.34342088894
2024-07-05,177094.7872241608
2024-07-08,176360.64373097284
2024-07-09,176521.31923903222
2024-07-10,178209.4680680745
2024-07-11,175278.39822081453
2024-07-12,174985.65315700177
2024-07-15,176825.53377101818
2024-07-16,177880.07254946453
2024-07-17,173100.7362378598
2024-07-18,171583.69804899316
2024-07-19,170454.2979140532
2024-07-22,173699.58823144223
2024-07-23,173859.79010475843
2024-07-24,168337.72561064514
2024-07-25,165226.435515461
2024-07-26,167319.45030090024
2024-07-29,166246.17142583322
2024-07-30,164043.41321220316
2024-07-31,168731.1461637752
2024-08-01,164521.68281521313
2024-08-02,162219.4034024169
2024-08-05,156795.7145831725
2024-08-06,158905.0020667786
2024-08-07,156743.38424898707
2024-08-08,161761.20352348726
2024-08-09,161583.1076294909
2024-08-12,162385.71882224522
2024-08-13,163992.03921406894
2024-08-14,163482.68307572286
2024-08-15,167172.61244344493
2024-08-16,168059.44073190994
2024-08-19,167158.6965388161
2024-08-20,166361.75697216173
2024-08-21,165931.30464858553
2024-08-22,164609.06174848025
2024-08-23,167945.36839551458
2024-08-26,164822.19698917578
2024-08-27,165385.31546977875
2024-08-28,163786.45902801288
2024-08-29,165048.11972900038
2024-08-30,165198.47719362454
2024-09-02,165300.8385663815
2024-09-03,164822.99312993482
2024-09-04,165286.72726238586
2024-09-05,165633.84890560133
2024-09-06,161690.58738992192
2024-09-09,163245.17227953929
2024-09-10,165070.3640916373
2024-09-11,165340.41905648125
2024-09-12,167326.95702675794
2024-09-13,165656.45816425732
2024-09-16,164885.72889333352
2024-09-17,164368.3190449986
2024-09-18,164559.2895321532
2024-09-19,167182.33850208964
2024-09-20,166318.36468145563
2024-09-23,166234.61272096226
2024-09-24,167391.5197199846
2024-09-25,165996.77613948073
2024-09-26,166576.0249338524
2024-09-27,164703.47419839868
2024-09-30,165137.88082644818
2024-10-01,165296.0517927606
2024-10-02,164820.93334364027
2024-10-03,165523.84527005916
2024-10-04,167108.22390906687
2024-10-07,166775.72900471147
2024-10-08,168965.54008361086
2024-10-09,170715.88977964985
2024-10-10,170758.79836434426
2024-10-11,170998.1660365014
2024-10-14,170877.628272848
2024-10-15,170150.85804117654
2024-10-16,171263.7147329765
2024-10-17,172386.4193473855
2024-10-18,172568.59969485912
2024-10-21,171412.80719021123
2024-10-22,172896.5625208161
2024-10-23,171590.98529372585
2024-10-24,171743.37055425614
2024-10-25,171002.67214912898
2024-10-28,171765.44123058004
2024-10-29,170368.84971819824
2024-10-30,169304.10476159415
2024-10-31,169816.01520271468
2024-11-01,170062.47122784305
2024-11-04,169282.57482065755
2024-11-05,173888.7211126018
2024-11-06,177866.64388294047
2024-11-07,182302.75970780384
2024-11-08,182884.59032062485
2024-11-11,188885.53191488175
2024-11-12,188296.21888761595
2024-11-13,191123.50073650267
2024-11-14,189118.38779491646
2024-11-15,189536.7153960333
2024-11-18,188502.6099144246
2024-11-19,190188.645508658
2024-11-20,190535.5800788265
2024-11-21,191731.1566703306
2024-11-22,194194.25747886387
2024-11-25,190923.0390239755
2024-11-26,191504.09577572893
2024-11-27,191314.05879379887
2024-11-28,191010.22985226248
2024-11-29,192664.504920523
2024-12-02,191757.52991289564
2024-12-03,192589.6370209788
2024-12-04,195109.34431442633
2024-12-05,193642.0059634796
2024-12-06,195478.45604057662
2024-12-09,192994.70594886274
2024-12-10,190235.61934218026
2024-12-11,193541.77503994678
2024-12-12,192734.99104746376
2024-12-13,192982.76779046145
2024-12-16,195569.56545371562
2024-12-17,194415.23734115475
2024-12-18,188700.41047531422
2024-12-19,190776.8854567958
2024-12-20,193375.36978591408
2024-12-23,191456.63700916615
2024-12-24,195037.11454628265
2024-12-25,193936.2505182727
2024-12-26,193703.2755255354
2024-12-27,190431.90867350338
2024-12-30,187563.6844640318
2024-12-31,187992.0679631356
2025-01-01,188191.38083095974
2025-01-02,188745.97101691645
2025-01-03,191282.36644917467
2025-01-06,192168.1469506258
2025-01-07,190250.01856986666
2025-01-08,189427.46329645996
2025-01-09,189427.153391493
2025-01-10,186812.76749446464
2025-01-13,186872.78176936286
2025-01-14,187895.9419121928
2025-01-15,192849.43408533718
2025-01-16,192333.53007536146
2025-01-17,195769.66971459708
2025-01-20,194938.1709277662
2025-01-21,194912.33806175977
2025-01-22,195687.32133121125
2025-01-23,196904.12005470193
2025-01-24,197578.29039363208
2025-01-27,192889.7840863009
2025-01-28,196044.10101776462
2025-01-29,195541.97978242557
2025-01-30,196231.66056802325
2025-01-31,195263.43760631248
2025-02-03,196330.79687452654
2025-02-04,198971.6069443751
2025-02-05,198086.91376935464
2025-02-06,199657.17242334617
2025-02-07,198693.34939068538
2025-02-10,199938.28710241988
2025-02-11,199152.05682235587
2025-02-12,200722.34560990825
2025-02-13,202169.3073686013
2025-02-14,201076.39110354922
2025-02-17,201335.65295953702
2025-02-18,201158.90431800048
2025-02-19,200111.35101093337
2025-02-20,196865.78394520332
2025-02-21,192190.4911328897
2025-02-24,189680.26573432563
2025-02-25,187373.5383430504
2025-02-26,189106.10835143074
2025-02-27,186253.25239753665
2025-02-28,189868.39674453062
2025-03-03,190233.7806209579
2025-03-04,187401.5797710883
2025-03-05,187036.21342776992
2025-03-06,182137.7963327821
2025-03-07,181912.91959833485
2025-03-10,177148.8497241606
2025-03-11,179381.0788215205
2025-03-12,180570.5542543444
2025-03-13,179259.1772616435
2025-03-14,182231.19384528842
2025-03-17,183436.6763027102
2025-03-18,182359.09726203707
2025-03-19,185119.54108976485
2025-03-20,184443.55793807397
2025-03-21,185718.86130659308
2025-03-24,189190.80217946976
2025-03-25,190440.00815610783
2025-03-26,187657.76015558932
2025-03-27,189002.98255917255
2025-03-28,185467.02973875706
2025-03-31,187679.22187632727
2025-04-01,186435.6989274512
2025-04-02,188671.116124745
2025-04-03,184939.26332172763
2025-04-04,178387.73812319574
2025-04-07,178917.69942519072
2025-04-08,178856.92156550963
2025-04-09,186680.68406668433
2025-04-10,183556.66873325416
2025-04-11,184320.54907280183
2025-04-14,183569.08508498158
2025-04-15,184451.88416453288
2025-04-16,184906.76106927558
2025-04-17,183296.1112418649
2025-04-18,183296.1112418649
2025-04-21,183338.80025680203
2025-04-22,184825.08302052988
2025-04-23,185631.53783510558
2025-04-24,188372.11878176176
2025-04-25,186992.38172935188
2025-04-28,189008.42540337297
2025-04-29,187963.54090772694
2025-04-30,187707.2779561681
2025-05-01,185478.9945107319
2025-05-02,188670.42654839167
2025-05-05,187297.78962212964
2025-05-06,186820.7607258289
2025-05-07,184899.30442580068
2025-05-08,184461.97968277143
2025-05-09,184890.23335748192
2025-05-12,184559.13728654984
2025-05-13,189456.02836902498
2025-05-14,188493.21335158232
2025-05-15,190597.16697485544
2025-05-16,190476.1937487522
2025-05-19,191036.8925721266
2025-05-20,190717.99443333855
2025-05-21,188719.56629963403
2025-05-22,187685.2859870114
2025-05-23,189596.98119728762
2025-05-26,188341.67121036336
2025-05-27,188854.6795862026
2025-05-28,188997.3460808691
2025-05-29,188908.0430699993
2025-05-30,188425.25180506246
2025-06-02,190976.07798898366
2025-06-03,191109.17463517192
2025-06-04,190812.52077344296
2025-06-05,187376.7768697881
2025-06-06,188919.5308916623
2025-06-09,191541.44895344533
2025-06-10,191393.7550057166
2025-06-11,191601.68587743718
2025-06-12,190472.48675475962
2025-06-13,189389.74984523005
2025-06-16,191277.79893223912
2025-06-17,190189.78904728458
2025-06-18,192505.87896660698
2025-06-19,192783.58667776315
2025-06-20,192616.84200647296
2025-06-23,196390.27539714662
2025-06-24,197375.71004267587
2025-06-25,197487.27651911593
2025-06-26,198709.65300651809
2025-06-27,197793.0712402574
2025-06-30,199066.5980488015
2025-07-01,194437.36680123763
2025-07-02,197410.66733499296
2025-07-03,198318.19771724398
2025-07-04,198717.2162679201
2025-07-07,197326.7228632836
2025-07-08,199369.56219291012
2025-07-09,201500.0777632142
2025-07-10,202701.02158594638
2025-07-11,202524.19888899045
2025-07-14,201986.26692264053
2025-07-15,203673.039324184
2025-07-16,205448.6053757084
2025-07-17,206008.75006136554
2025-07-18,205136.0353763289
2025-07-21,205048.91731303348
2025-07-22,201942.46264371116
2025-07-23,202704.11096271646
2025-07-24,203216.07207107623
2025-07-25,204590.1177305457
2025-07-28,206323.06540197576
2025-07-29,206683.25291342937
2025-07-30,207350.17758423218
2025-07-31,208705.76477227593
2025-08-01,203380.8429315193
2025-08-04,205268.02419219687
2025-08-05,204106.9692198477
2025-08-06,203102.44846980224
2025-08-07,204424.9151095531
2025-08-08,205236.87241733505
2025-08-11,205554.05400200747
2025-08-12,208822.61744569053
2025-08-13,208550.61666066214
2025-08-14,206565.18465328374
2025-08-15,206193.432146307
2025-08-18,205887.15384315242
2025-08-19,200620.29234533038
2025-08-20,200351.2842901594
2025-08-21,198997.15346242697
2025-08-22,203139.85753060866
2025-08-25,199056.0502882134
2025-08-26,201077.38652857675
2025-08-27,201157.06556299547
2025-08-28,202347.23750897075
2025-08-29,199047.5061178774
2025-09-01,199306.65636701047
2025-09-02,199135.2318660375
2025-09-03,200596.42129184742
2025-09-04,201087.56891419858
2025-09-05,202745.43050616895
2025-09-08,202641.16121522264
2025-09-09,203918.63832477422
2025-09-10,210619.49703125894
2025-09-11,211769.54382033087
2025-09-12,211653.35428252298
2025-09-15,213304.89103181218
2025-09-16,214366.73309448213
2025-09-17,211404.97313193354
2025-09-18,216191.276947139
2025-09-19,216920.59722323695
2025-09-22,216464.05006519344
2025-09-23,215127.02322344054
2025-09-24,215329.2268489673
2025-09-25,216999.87965715298
2025-09-26,217043.65925876086
2025-09-29,217463.98245677885
2025-09-30,217662.60943299296
2025-10-01,223979.76534158288
2025-10-02,223841.07818296796
2025-10-03,224224.93235895815
2025-10-06,228998.20452463996
2025-10-07,229683.61596228543
2025-10-08,234224.38498079608
2025-10-09,232886.80012139346
2025-10-10,228734.1097201949
2025-10-13,234604.93382188812
2025-10-14,233109.77720322736
2025-10-15,236729.99138716256
2025-10-16,238663.7797869656
2025-10-17,236754.1518627446
2025-10-20,243028.7480810355
2025-10-21,236455.541829201
2025-10-22,236016.09226381825
2025-10-23,239647.76490172124
2025-10-24,242280.02280356453
2025-10-27,242461.9732330656
2025-10-28,242726.47743621373
2025-10-29,242852.18454650257
2025-10-30,240281.5249915057
2025-10-31,240314.1814304033
2025-11-03,242138.58992408912
2025-11-04,236537.0363235401
2025-11-05,240478.91121378465
2025-11-06,236530.1665647142
2025-11-07,235240.92347348988
2025-11-10,240774.9874208533
2025-11-11,239490.80175718668
2025-11-12,241001.23758617646
2025-11-13,234916.45520888883
2025-11-14,233598.43976418144
2025-11-17,231844.03366416533
2025-11-18,229538.38615738743
2025-11-19,230283.59544887947
2025-11-20,223801.67852820968
2025-11-21,225348.09599072495
2025-11-24,231442.22694271928
2025-11-25,233366.49839945696
2025-11-26,235438.51687031577
2025-11-27,234855.04056808498
2025-11-28,238964.76672043814
2025-12-01,238566.334367121
2025-12-02,239588.6646334223
2025-12-03,241319.3841985357
2025-12-04,240056.47803641742
2025-12-05,242246.1341231321
2025-12-08,240351.9039932879
2025-12-09,242723.86122790942
2025-12-10,243521.41302166306
2025-12-11,242591.5517547782
2025-12-12,236407.22854429623
2025-12-15,236809.34175480765
2025-12-16,235399.1779452641
2025-12-17,230589.30672984433
2025-12-18,235085.96334366765
2025-12-19,238408.11823022531
2025-12-22,242009.88439876627
2025-12-23,240702.76932570193
2025-12-24,241402.8380877395
2025-12-25,241061.87349753844
2025-12-26,240703.3309865819
2025-12-29,237658.18406211465
2025-12-30,241954.6709490867
2025-12-31,238223.91601949424
2026-01-01,238223.91601949424
2026-01-02,241982.39381886448
2026-01-05,244594.98926477565
2026-01-06,246612.13069435259
2026-01-07,244271.61020736105
2026-01-08,243374.4951850505
2026-01-09,245944.7118417657
2026-01-12,249129.37856388383
2026-01-13,247636.11636507214
2026-01-14,249546.84766036444
2026-01-15,249715.9594878895
2026-01-16,250081.65050418497
2026-01-19,250041.82258446672
2026-01-20,249771.84139425308
2026-01-21,251913.6292380878
2026-01-22,256235.35146761907
2026-01-23,254753.2615113269
2026-01-26,257732.44115427075
2026-01-27,259830.6027016848
2026-01-28,261919.68956760084
2026-01-29,264353.1023242638
2026-01-30,254706.12389173644
2026-02-02,258888.73644406704
2026-02-03,260781.41118858138
2026-02-04,259908.8189032216
2026-02-05,260184.8075930801
2026-02-06,266347.1168173376
2026-02-09,267551.461655147
2026-02-10,265184.45332099445
2026-02-11,269061.8378846337
2026-02-12,266926.7784570796
2026-02-13,268702.67973017157
2026-02-16,268191.2075288941
2026-02-17,267397.617610758
2026-02-18,270741.4331392446
2026-02-19,271082.7166637348
2026-02-20,271116.6964725695
2026-02-23,271295.15085185575
2026-02-24,271987.18788433616
2026-02-25,275530.1056237395
2026-02-26,271224.90210649575
2026-02-27,272607.2980208226
2026-03-02,271277.5292878898
2026-03-03,265446.75128978794
2026-03-04,262732.4943392852
2026-03-05,262408.4090428257
2026-03-06,261850.67542743275
2026-03-09,261849.5956668832
2026-03-10,265893.6559341028
2026-03-11,266140.7336524552
2026-03-12,268766.4538067821
2026-03-13,268498.5388449234
2026-03-16,270349.988220337
2026-03-17,276559.4631494978
2026-03-18,274976.40806578274
2026-03-19,276452.96198723343
2026-03-20,273315.419480095
2026-03-23,273922.3242262915
2026-03-24,273419.60870497976
2026-03-25,275833.483545556
2026-03-26,272317.5273677252
2026-03-27,274663.94392253476
2026-03-30,273723.9027297187
2026-03-31,277899.6852993072
2026-04-01,278480.79341164103
2026-04-02,278158.68546078395
2026-04-03,276185.6073033476
2026-04-06,278114.3105062316
2026-04-07,280663.5625728483
2026-04-08,283353.531957405
2026-04-09,287275.9092544734
2026-04-10,287539.88325886807
2026-04-13,289678.3764439848
2026-04-14,288893.61807979376
2026-04-15,287573.57773207
2026-04-16,287351.7795869487
2026-04-17,289809.7202598057
2026-04-20,287019.75840696006
2026-04-21,285540.08382784115
2026-04-22,291517.9309434523
2026-04-23,295833.02987042983
2026-04-24,301842.3700290859
2026-04-27,302587.8172285147
2026-04-28,300781.38186621683
2026-04-29,305339.3852563726
2026-04-30,310355.493347298
2026-05-01,309169.78059804905
2026-05-04,306908.0791236405
2026-05-05,316645.12135726144
2026-05-06,320659.2389899978
2026-05-07,315861.5464412496
2026-05-08,326504.5215708217
2026-05-11,331754.7522069331
2026-05-12,327458.22992955154
2026-05-13,331265.54831353197
2026-05-14,331977.66788375075
2026-05-15,328365.28565012314
2026-05-18,329086.18736883026
2026-05-19,325697.33730285324
2026-05-20,331060.60453458293
2026-05-21,331992.6596718889
2026-05-22,335682.1620483591
2026-05-25,335331.7335913786
2026-05-26,341336.23089207057
2026-05-27,339672.55733178963
2026-05-28,340909.5785896805
2026-05-29,340309.50632155105
2026-06-01,339313.20267364255
2026-06-02,343539.6212436956
2026-06-03,342551.42741526343
2026-06-04,338654.1792328908
2026-06-05,317195.04813625605
2026-06-08,329409.87604033365
2026-06-09,322740.67819237424
2026-06-10,311367.9057773537
2026-06-11,322986.2777553735
2026-06-12,324688.270637894
2026-06-15,335278.3696496016
2026-06-16,325710.9771574012
2026-06-17,324049.4394658736
2026-06-18,334020.19319476053
2026-06-19,334936.5739311596
2026-06-22,340720.32378220663
2026-06-23,327879.72004280775
2026-06-24,327398.1938677147
2026-06-25,334210.3304227873
2026-06-26,327050.43481662765
2026-06-29,332176.14618525107
2026-06-30,336358.3674454108
